2026-09-22T23:12:29.6400900Z Current runner version: '2.337.0'
2026-09-22T23:12:29.6429116Z ##[group]Runner Image Provisioner
2026-09-22T23:12:29.6430001Z Hosted Compute Agent
2026-09-22T23:12:29.6430700Z Version: 20260828.587
2026-09-22T23:12:29.6431402Z Commit: abac92662cab4cc7352de4f9f9d2e2419aad9c29
2026-09-22T23:12:29.6432248Z Build Date: 2026-08-28T16:44:25Z
2026-09-22T23:12:29.6432976Z Worker ID: {fa5d01b7-a909-4dbf-a122-2a93f79fea52}
2026-09-22T23:12:29.6433712Z Azure Region: eastus
2026-09-22T23:12:29.6434392Z ##[endgroup]
2026-09-22T23:12:29.6435993Z ##[group]Operating System
2026-09-22T23:12:29.6436781Z Ubuntu
2026-09-22T23:12:29.6437362Z 24.04.5
2026-09-22T23:12:29.6437889Z LTS
2026-09-22T23:12:29.6438472Z ##[endgroup]
2026-09-22T23:12:29.6439260Z ##[group]Runner Image
2026-09-22T23:12:29.6439890Z Image: ubuntu-24.04
2026-09-22T23:12:29.6440577Z Version: 20260907.300.1
2026-09-22T23:12:29.6441867Z Included Software: https://github.com/actions/runner-images/blob/ubuntu24/20260907.300/images/ubuntu/Ubuntu2404-Readme.md
2026-09-22T23:12:29.6443571Z Image Release: https://github.com/actions/runner-images/releases/tag/ubuntu24%2F20260907.300
2026-09-22T23:12:29.6444557Z ##[endgroup]
2026-09-22T23:12:29.6445776Z ##[group]GITHUB_TOKEN Permissions
2026-09-22T23:12:29.6448269Z Contents: read
2026-09-22T23:12:29.6449505Z Metadata: read
2026-09-22T23:12:29.6450196Z ##[endgroup]
2026-09-22T23:12:29.6452798Z Secret source: Actions
2026-09-22T23:12:29.6453795Z Cache mode: write
2026-09-22T23:12:29.6455137Z Prepare workflow directory
2026-09-22T23:12:29.6930478Z Prepare all required actions
2026-09-22T23:12:29.6981939Z Getting action download info
2026-09-22T23:12:29.9299653Z Download action repository 'actions/checkout@3d3c42e5aac5ba805825da76410c181273ba90b1' (SHA:3d3c42e5aac5ba805825da76410c181273ba90b1)
2026-09-22T23:12:30.0517803Z Download action repository 'actions/setup-node@820762786026740c76f36085b0efc47a31fe5020' (SHA:820762786026740c76f36085b0efc47a31fe5020)
2026-09-22T23:12:30.1551727Z Download action repository 'dtolnay/rust-toolchain@6bed0761d98439e5a578e2877258200ad565ba87' (SHA:6bed0761d98439e5a578e2877258200ad565ba87)
2026-09-22T23:12:30.2433558Z Download action repository 'actions/upload-artifact@ea165f8d65b6e75b540449e92b4886f43607fa02' (SHA:ea165f8d65b6e75b540449e92b4886f43607fa02)
2026-09-22T23:12:30.5005724Z Complete job name: Rust unit and SQLx coverage (Linux)
2026-09-22T23:12:30.5550798Z ##[group]Checking docker version
2026-09-22T23:12:30.5563923Z ##[command]/usr/bin/docker version --format '{{.Server.APIVersion}}'
2026-09-22T23:12:30.6874414Z '1.48'
2026-09-22T23:12:30.6884816Z Docker daemon API version: '1.48'
2026-09-22T23:12:30.6886163Z ##[command]/usr/bin/docker version --format '{{.Client.APIVersion}}'
2026-09-22T23:12:30.7073455Z '1.48'
2026-09-22T23:12:30.7087351Z Docker client API version: '1.48'
2026-09-22T23:12:30.7093369Z ##[endgroup]
2026-09-22T23:12:30.7096727Z ##[group]Clean up resources from previous jobs
2026-09-22T23:12:30.7102933Z ##[command]/usr/bin/docker ps --all --quiet --no-trunc --filter "label=d87b5c"
2026-09-22T23:12:30.7275955Z ##[command]/usr/bin/docker network prune --force --filter "label=d87b5c"
2026-09-22T23:12:30.7425853Z ##[endgroup]
2026-09-22T23:12:30.7426409Z ##[group]Create local container network
2026-09-22T23:12:30.7436940Z ##[command]/usr/bin/docker network create --label d87b5c github_network_8fc79bdd600047b9b0019bf385da17d4
2026-09-22T23:12:30.8003378Z c1976259ba3b2d83714d087a47b9db8d92e677290f0126dd8aaa605b52c6a1d3
2026-09-22T23:12:30.8020777Z ##[endgroup]
2026-09-22T23:12:30.8046903Z ##[group]Starting postgres service container
2026-09-22T23:12:30.8068717Z ##[command]/usr/bin/docker pull postgres:17-alpine@sha256:18cfe3ef5e6815560c98237d6216d1e5119702fb0f3894c8785dd58b8bbe5d73
2026-09-22T23:12:31.0248212Z docker.io/library/postgres@sha256:18cfe3ef5e6815560c98237d6216d1e5119702fb0f3894c8785dd58b8bbe5d73: Pulling from library/postgres
2026-09-22T23:12:31.1009572Z 55afa1ecc21d: Already exists
2026-09-22T23:12:31.1047481Z 4d80c046a9c7: Pulling fs layer
2026-09-22T23:12:31.1049408Z 592349920552: Pulling fs layer
2026-09-22T23:12:31.1051326Z a12187db4b17: Pulling fs layer
2026-09-22T23:12:31.1052478Z 5858a3f690ea: Pulling fs layer
2026-09-22T23:12:31.1053454Z 75de48f507ff: Pulling fs layer
2026-09-22T23:12:31.1054790Z d884d6f49732: Pulling fs layer
2026-09-22T23:12:31.1055912Z b36c1b75fdb7: Pulling fs layer
2026-09-22T23:12:31.1056749Z f070a6577866: Pulling fs layer
2026-09-22T23:12:31.1057539Z 7f3590dcd843: Pulling fs layer
2026-09-22T23:12:31.1058293Z 5858a3f690ea: Waiting
2026-09-22T23:12:31.1059249Z 75de48f507ff: Waiting
2026-09-22T23:12:31.1059976Z d884d6f49732: Waiting
2026-09-22T23:12:31.1060749Z b36c1b75fdb7: Waiting
2026-09-22T23:12:31.1061565Z f070a6577866: Waiting
2026-09-22T23:12:31.1062297Z 7f3590dcd843: Waiting
2026-09-22T23:12:31.1327596Z a12187db4b17: Verifying Checksum
2026-09-22T23:12:31.1329473Z 4d80c046a9c7: Verifying Checksum
2026-09-22T23:12:31.1330997Z a12187db4b17: Download complete
2026-09-22T23:12:31.1452444Z 592349920552: Verifying Checksum
2026-09-22T23:12:31.1454065Z 592349920552: Download complete
2026-09-22T23:12:31.1585470Z 75de48f507ff: Verifying Checksum
2026-09-22T23:12:31.1593241Z 75de48f507ff: Download complete
2026-09-22T23:12:31.1709700Z d884d6f49732: Verifying Checksum
2026-09-22T23:12:31.1711815Z d884d6f49732: Download complete
2026-09-22T23:12:31.1870236Z b36c1b75fdb7: Verifying Checksum
2026-09-22T23:12:31.1872302Z b36c1b75fdb7: Download complete
2026-09-22T23:12:31.1906782Z 4d80c046a9c7: Pull complete
2026-09-22T23:12:31.1994724Z f070a6577866: Verifying Checksum
2026-09-22T23:12:31.1996638Z f070a6577866: Download complete
2026-09-22T23:12:31.2152068Z 7f3590dcd843: Verifying Checksum
2026-09-22T23:12:31.2154432Z 7f3590dcd843: Download complete
2026-09-22T23:12:31.2683594Z 592349920552: Pull complete
2026-09-22T23:12:31.2841054Z a12187db4b17: Pull complete
2026-09-22T23:12:31.5309613Z 5858a3f690ea: Verifying Checksum
2026-09-22T23:12:31.5413582Z 5858a3f690ea: Download complete
2026-09-22T23:12:34.0618173Z 5858a3f690ea: Pull complete
2026-09-22T23:12:34.0770348Z 75de48f507ff: Pull complete
2026-09-22T23:12:34.0971404Z d884d6f49732: Pull complete
2026-09-22T23:12:34.1106187Z b36c1b75fdb7: Pull complete
2026-09-22T23:12:34.1236363Z f070a6577866: Pull complete
2026-09-22T23:12:34.1348003Z 7f3590dcd843: Pull complete
2026-09-22T23:12:34.1395453Z Digest: sha256:18cfe3ef5e6815560c98237d6216d1e5119702fb0f3894c8785dd58b8bbe5d73
2026-09-22T23:12:34.1407149Z Status: Downloaded newer image for postgres@sha256:18cfe3ef5e6815560c98237d6216d1e5119702fb0f3894c8785dd58b8bbe5d73
2026-09-22T23:12:34.1413666Z docker.io/library/postgres:17-alpine@sha256:18cfe3ef5e6815560c98237d6216d1e5119702fb0f3894c8785dd58b8bbe5d73
2026-09-22T23:12:34.1481606Z ##[command]/usr/bin/docker create --name 8b4786addf8c433881d2add4c6c857f7_postgres17alpinesha25618cfe3ef5e6815560c98237d6216d1e5119702fb0f3894c8785dd58b8bbe5d73_f8aca5 --label d87b5c --network github_network_8fc79bdd600047b9b0019bf385da17d4 --network-alias postgres -p 54329:5432 --health-cmd "pg_isready -U ecorp_coverage -d ecorp_coverage" --health-interval 2s --health-timeout 3s --health-retries 30 -e "POSTGRES_USER=ecorp_coverage" -e "POSTGRES_PASSWORD=ecorp_coverage" -e "POSTGRES_DB=ecorp_coverage" -e GITHUB_ACTIONS=true -e CI=true postgres:17-alpine@sha256:18cfe3ef5e6815560c98237d6216d1e5119702fb0f3894c8785dd58b8bbe5d73
2026-09-22T23:12:34.1790411Z 34a4ab62a6eab70dc2935894aa65fb1b6b225b29a070e10ac30c18c08dbe6b1c
2026-09-22T23:12:34.1815984Z ##[command]/usr/bin/docker start 34a4ab62a6eab70dc2935894aa65fb1b6b225b29a070e10ac30c18c08dbe6b1c
2026-09-22T23:12:34.4264321Z 34a4ab62a6eab70dc2935894aa65fb1b6b225b29a070e10ac30c18c08dbe6b1c
2026-09-22T23:12:34.4283327Z ##[command]/usr/bin/docker ps --all --filter id=34a4ab62a6eab70dc2935894aa65fb1b6b225b29a070e10ac30c18c08dbe6b1c --filter status=running --no-trunc --format "{{.ID}} {{.Status}}"
2026-09-22T23:12:34.4411775Z 34a4ab62a6eab70dc2935894aa65fb1b6b225b29a070e10ac30c18c08dbe6b1c Up Less than a second (health: starting)
2026-09-22T23:12:34.4433784Z ##[command]/usr/bin/docker port 34a4ab62a6eab70dc2935894aa65fb1b6b225b29a070e10ac30c18c08dbe6b1c
2026-09-22T23:12:34.4563018Z 5432/tcp -> 0.0.0.0:54329
2026-09-22T23:12:34.4563694Z 5432/tcp -> [::]:54329
2026-09-22T23:12:34.4612606Z ##[endgroup]
2026-09-22T23:12:34.4621440Z ##[group]Waiting for all services to be ready
2026-09-22T23:12:34.4635704Z ##[command]/usr/bin/docker inspect --format="{{if .Config.Healthcheck}}{{print .State.Health.Status}}{{end}}" 34a4ab62a6eab70dc2935894aa65fb1b6b225b29a070e10ac30c18c08dbe6b1c
2026-09-22T23:12:34.4770755Z starting
2026-09-22T23:12:34.4792390Z postgres service is starting, waiting 2 seconds before checking again.
2026-09-22T23:12:36.4800478Z ##[command]/usr/bin/docker inspect --format="{{if .Config.Healthcheck}}{{print .State.Health.Status}}{{end}}" 34a4ab62a6eab70dc2935894aa65fb1b6b225b29a070e10ac30c18c08dbe6b1c
2026-09-22T23:12:36.4928303Z healthy
2026-09-22T23:12:36.4944690Z postgres service is healthy.
2026-09-22T23:12:36.4945121Z ##[endgroup]
2026-09-22T23:12:36.5247225Z ##[group]Run actions/checkout@3d3c42e5aac5ba805825da76410c181273ba90b1
2026-09-22T23:12:36.5248043Z with:
2026-09-22T23:12:36.5248280Z   persist-credentials: false
2026-09-22T23:12:36.5248559Z   repository: All-The-Vibes/ecorp
2026-09-22T23:12:36.5251243Z   token: ***
2026-09-22T23:12:36.5251466Z   ssh-strict: true
2026-09-22T23:12:36.5251684Z   ssh-user: git
2026-09-22T23:12:36.5251880Z   clean: true
2026-09-22T23:12:36.5252097Z   sparse-checkout-cone-mode: true
2026-09-22T23:12:36.5252354Z   fetch-depth: 1
2026-09-22T23:12:36.5252551Z   fetch-tags: false
2026-09-22T23:12:36.5252762Z   show-progress: true
2026-09-22T23:12:36.5252967Z   lfs: false
2026-09-22T23:12:36.5253152Z   submodules: false
2026-09-22T23:12:36.5253369Z   set-safe-directory: true
2026-09-22T23:12:36.5253611Z   allow-unsafe-pr-checkout: false
2026-09-22T23:12:36.5254164Z env:
2026-09-22T23:12:36.5254649Z   DATABASE_URL: ***127.0.0.1:54329/ecorp_coverage
2026-09-22T23:12:36.5254946Z   PGHOST: 127.0.0.1
2026-09-22T23:12:36.5255208Z   PGPORT: 54329
2026-09-22T23:12:36.5255418Z   PGUSER: ecorp_coverage
2026-09-22T23:12:36.5255651Z   PGPASSWORD: ecorp_coverage
2026-09-22T23:12:36.5255889Z   PGDATABASE: ecorp_coverage
2026-09-22T23:12:36.5256130Z   ECORP_COVERAGE_OWNED_DATABASE: 1
2026-09-22T23:12:36.5256380Z ##[endgroup]
2026-09-22T23:12:36.6371777Z Syncing repository: All-The-Vibes/ecorp
2026-09-22T23:12:36.6373331Z ##[group]Getting Git version info
2026-09-22T23:12:36.6373725Z Working directory is '/home/runner/work/ecorp/ecorp'
2026-09-22T23:12:36.6374272Z [command]/usr/bin/git version
2026-09-22T23:12:36.6513697Z git version 2.55.0
2026-09-22T23:12:36.6536966Z ##[endgroup]
2026-09-22T23:12:36.6551491Z Temporarily overriding HOME='/home/runner/work/_temp/6fbd8311-b8fb-4b76-97f9-a656a11af35d' before making global git config changes
2026-09-22T23:12:36.6552952Z Adding repository directory to the temporary git global config as a safe directory
2026-09-22T23:12:36.6557751Z [command]/usr/bin/git config --global --add safe.directory /home/runner/work/ecorp/ecorp
2026-09-22T23:12:36.6616134Z Deleting the contents of '/home/runner/work/ecorp/ecorp'
2026-09-22T23:12:36.6622254Z ##[group]Determining repository object format
2026-09-22T23:12:36.6623534Z ##[endgroup]
2026-09-22T23:12:36.6624512Z ##[group]Initializing the repository
2026-09-22T23:12:36.6628183Z [command]/usr/bin/git init /home/runner/work/ecorp/ecorp
2026-09-22T23:12:36.6785948Z hint: Using 'master' as the name for the initial branch. This default branch name
2026-09-22T23:12:36.6787248Z hint: will change to "main" in Git 3.0. To configure the initial branch name
2026-09-22T23:12:36.6788322Z hint: to use in all of your new repositories, which will suppress this warning,
2026-09-22T23:12:36.6789363Z hint: call:
2026-09-22T23:12:36.6789746Z hint:
2026-09-22T23:12:36.6790366Z hint: 	git config --global init.defaultBranch <name>
2026-09-22T23:12:36.6791059Z hint:
2026-09-22T23:12:36.6791691Z hint: Names commonly chosen instead of 'master' are 'main', 'trunk' and
2026-09-22T23:12:36.6792866Z hint: 'development'. The just-created branch can be renamed via this command:
2026-09-22T23:12:36.6794246Z hint:
2026-09-22T23:12:36.6795174Z hint: 	git branch -m <name>
2026-09-22T23:12:36.6796075Z hint:
2026-09-22T23:12:36.6796964Z hint: Disable this message with "git config set advice.defaultBranchName false"
2026-09-22T23:12:36.6798282Z Initialized empty Git repository in /home/runner/work/ecorp/ecorp/.git/
2026-09-22T23:12:36.6807131Z [command]/usr/bin/git remote add origin https://github.com/All-The-Vibes/ecorp
2026-09-22T23:12:36.6879230Z ##[endgroup]
2026-09-22T23:12:36.6883342Z ##[group]Disabling automatic garbage collection
2026-09-22T23:12:36.6884093Z [command]/usr/bin/git config --local gc.auto 0
2026-09-22T23:12:36.6921216Z ##[endgroup]
2026-09-22T23:12:36.6922215Z ##[group]Setting up auth
2026-09-22T23:12:36.6923152Z Removing SSH command configuration
2026-09-22T23:12:36.6930079Z [command]/usr/bin/git config --local --name-only --get-regexp core\.sshCommand
2026-09-22T23:12:36.6971883Z [command]/usr/bin/git submodule foreach --recursive sh -c "git config --local --name-only --get-regexp 'core\.sshCommand' && git config --local --unset-all 'core.sshCommand' || :"
2026-09-22T23:12:36.7375621Z Removing HTTP extra header
2026-09-22T23:12:36.7382049Z [command]/usr/bin/git config --local --name-only --get-regexp http\.https\:\/\/github\.com\/\.extraheader
2026-09-22T23:12:36.7417844Z [command]/usr/bin/git submodule foreach --recursive sh -c "git config --local --name-only --get-regexp 'http\.https\:\/\/github\.com\/\.extraheader' && git config --local --unset-all 'http.https://github.com/.extraheader' || :"
2026-09-22T23:12:36.7640140Z Removing includeIf entries pointing to credentials config files
2026-09-22T23:12:36.7645852Z [command]/usr/bin/git config --local --name-only --get-regexp ^includeIf\.gitdir:
2026-09-22T23:12:36.7684592Z [command]/usr/bin/git submodule foreach --recursive git config --local --show-origin --name-only --get-regexp remote.origin.url
2026-09-22T23:12:36.7920033Z [command]/usr/bin/git config --file /home/runner/work/_temp/git-credentials-c5086e87-606f-4c3a-9a2a-f6f01e835318.config http.https://github.com/.extraheader AUTHORIZATION: basic ***
2026-09-22T23:12:36.7964034Z [command]/usr/bin/git config --local includeIf.gitdir:/home/runner/work/ecorp/ecorp/.git.path /home/runner/work/_temp/git-credentials-c5086e87-606f-4c3a-9a2a-f6f01e835318.config
2026-09-22T23:12:36.7999130Z [command]/usr/bin/git config --local includeIf.gitdir:/home/runner/work/ecorp/ecorp/.git/worktrees/*.path /home/runner/work/_temp/git-credentials-c5086e87-606f-4c3a-9a2a-f6f01e835318.config
2026-09-22T23:12:36.8037562Z [command]/usr/bin/git config --local includeIf.gitdir:/github/workspace/.git.path /github/runner_temp/git-credentials-c5086e87-606f-4c3a-9a2a-f6f01e835318.config
2026-09-22T23:12:36.8075395Z [command]/usr/bin/git config --local includeIf.gitdir:/github/workspace/.git/worktrees/*.path /github/runner_temp/git-credentials-c5086e87-606f-4c3a-9a2a-f6f01e835318.config
2026-09-22T23:12:36.8107342Z ##[endgroup]
2026-09-22T23:12:36.8107980Z ##[group]Fetching the repository
2026-09-22T23:12:36.8115312Z [command]/usr/bin/git -c protocol.version=2 fetch --no-tags --prune --no-recurse-submodules --depth=1 origin +19d588da082e7bd027dde8b64a25d4aff2dbac4b:refs/remotes/pull/358/merge
2026-09-22T23:12:37.5255985Z From https://github.com/All-The-Vibes/ecorp
2026-09-22T23:12:37.5256767Z  * [new ref]         19d588da082e7bd027dde8b64a25d4aff2dbac4b -> pull/358/merge
2026-09-22T23:12:37.5268453Z ##[endgroup]
2026-09-22T23:12:37.5269365Z ##[group]Determining the checkout info
2026-09-22T23:12:37.5270108Z ##[endgroup]
2026-09-22T23:12:37.5271684Z [command]/usr/bin/git sparse-checkout disable
2026-09-22T23:12:37.5332718Z [command]/usr/bin/git config --local --unset-all extensions.worktreeConfig
2026-09-22T23:12:37.5368274Z ##[group]Checking out the ref
2026-09-22T23:12:37.5394607Z [command]/usr/bin/git checkout --progress --force refs/remotes/pull/358/merge
2026-09-22T23:12:37.7202743Z Note: switching to 'refs/remotes/pull/358/merge'.
2026-09-22T23:12:37.7203329Z
2026-09-22T23:12:37.7204249Z You are in 'detached HEAD' state. You can look around, make experimental
2026-09-22T23:12:37.7204959Z changes and commit them, and you can discard any commits you make in this
2026-09-22T23:12:37.7205635Z state without impacting any branches by switching back to a branch.
2026-09-22T23:12:37.7206032Z
2026-09-22T23:12:37.7206548Z If you want to create a new branch to retain commits you create, you may
2026-09-22T23:12:37.7207310Z do so (now or later) by using -c with the switch command. Example:
2026-09-22T23:12:37.7207780Z
2026-09-22T23:12:37.7207966Z   git switch -c <new-branch-name>
2026-09-22T23:12:37.7208307Z
2026-09-22T23:12:37.7208497Z Or undo this operation with:
2026-09-22T23:12:37.7208803Z
2026-09-22T23:12:37.7209271Z   git switch -
2026-09-22T23:12:37.7209514Z
2026-09-22T23:12:37.7209877Z Turn off this advice by setting config variable advice.detachedHead to false
2026-09-22T23:12:37.7210520Z
2026-09-22T23:12:37.7211504Z HEAD is now at 19d588d Merge af3a66abbc42a34aa84daa4793551dd125bd1b36 into 08b0b89b2dd16c1906c9dd3468c5ddecca24c4ce
2026-09-22T23:12:37.7222757Z ##[endgroup]
2026-09-22T23:12:37.7279291Z [command]/usr/bin/git log -1 --format=%H
2026-09-22T23:12:37.7309820Z 19d588da082e7bd027dde8b64a25d4aff2dbac4b
2026-09-22T23:12:37.7329503Z ##[group]Removing auth
2026-09-22T23:12:37.7329993Z Removing SSH command configuration
2026-09-22T23:12:37.7330687Z [command]/usr/bin/git config --local --name-only --get-regexp core\.sshCommand
2026-09-22T23:12:37.7370712Z [command]/usr/bin/git submodule foreach --recursive sh -c "git config --local --name-only --get-regexp 'core\.sshCommand' && git config --local --unset-all 'core.sshCommand' || :"
2026-09-22T23:12:37.7603550Z Removing HTTP extra header
2026-09-22T23:12:37.7608043Z [command]/usr/bin/git config --local --name-only --get-regexp http\.https\:\/\/github\.com\/\.extraheader
2026-09-22T23:12:37.7654048Z [command]/usr/bin/git submodule foreach --recursive sh -c "git config --local --name-only --get-regexp 'http\.https\:\/\/github\.com\/\.extraheader' && git config --local --unset-all 'http.https://github.com/.extraheader' || :"
2026-09-22T23:12:37.7886815Z Removing includeIf entries pointing to credentials config files
2026-09-22T23:12:37.7891242Z [command]/usr/bin/git config --local --name-only --get-regexp ^includeIf\.gitdir:
2026-09-22T23:12:37.7923823Z includeif.gitdir:/home/runner/work/ecorp/ecorp/.git.path
2026-09-22T23:12:37.7924578Z includeif.gitdir:/home/runner/work/ecorp/ecorp/.git/worktrees/*.path
2026-09-22T23:12:37.7925097Z includeif.gitdir:/github/workspace/.git.path
2026-09-22T23:12:37.7925736Z includeif.gitdir:/github/workspace/.git/worktrees/*.path
2026-09-22T23:12:37.7934283Z [command]/usr/bin/git config --local --get-all includeif.gitdir:/home/runner/work/ecorp/ecorp/.git.path
2026-09-22T23:12:37.7962268Z /home/runner/work/_temp/git-credentials-c5086e87-606f-4c3a-9a2a-f6f01e835318.config
2026-09-22T23:12:37.7990682Z [command]/usr/bin/git config --local --unset includeif.gitdir:/home/runner/work/ecorp/ecorp/.git.path \/home\/runner\/work\/_temp\/git\-credentials\-c5086e87\-606f\-4c3a\-9a2a\-f6f01e835318\.config
2026-09-22T23:12:37.8013609Z [command]/usr/bin/git config --local --get-all includeif.gitdir:/home/runner/work/ecorp/ecorp/.git/worktrees/*.path
2026-09-22T23:12:37.8050348Z /home/runner/work/_temp/git-credentials-c5086e87-606f-4c3a-9a2a-f6f01e835318.config
2026-09-22T23:12:37.8071115Z [command]/usr/bin/git config --local --unset includeif.gitdir:/home/runner/work/ecorp/ecorp/.git/worktrees/*.path \/home\/runner\/work\/_temp\/git\-credentials\-c5086e87\-606f\-4c3a\-9a2a\-f6f01e835318\.config
2026-09-22T23:12:37.8106510Z [command]/usr/bin/git config --local --get-all includeif.gitdir:/github/workspace/.git.path
2026-09-22T23:12:37.8135061Z /github/runner_temp/git-credentials-c5086e87-606f-4c3a-9a2a-f6f01e835318.config
2026-09-22T23:12:37.8145423Z [command]/usr/bin/git config --local --unset includeif.gitdir:/github/workspace/.git.path \/github\/runner_temp\/git\-credentials\-c5086e87\-606f\-4c3a\-9a2a\-f6f01e835318\.config
2026-09-22T23:12:37.8183727Z [command]/usr/bin/git config --local --get-all includeif.gitdir:/github/workspace/.git/worktrees/*.path
2026-09-22T23:12:37.8212027Z /github/runner_temp/git-credentials-c5086e87-606f-4c3a-9a2a-f6f01e835318.config
2026-09-22T23:12:37.8259988Z [command]/usr/bin/git config --local --unset includeif.gitdir:/github/workspace/.git/worktrees/*.path \/github\/runner_temp\/git\-credentials\-c5086e87\-606f\-4c3a\-9a2a\-f6f01e835318\.config
2026-09-22T23:12:37.8308565Z [command]/usr/bin/git submodule foreach --recursive git config --local --show-origin --name-only --get-regexp remote.origin.url
2026-09-22T23:12:37.8536706Z Removing credentials config '/home/runner/work/_temp/git-credentials-c5086e87-606f-4c3a-9a2a-f6f01e835318.config'
2026-09-22T23:12:37.8546230Z ##[endgroup]
2026-09-22T23:12:37.8796548Z ##[group]Run actions/setup-node@820762786026740c76f36085b0efc47a31fe5020
2026-09-22T23:12:37.8796977Z with:
2026-09-22T23:12:37.8797178Z   node-version: 22.23.2
2026-09-22T23:12:37.8797435Z   package-manager-cache: false
2026-09-22T23:12:37.8797688Z   check-latest: false
2026-09-22T23:12:37.8800254Z   token: ***
2026-09-22T23:12:37.8800478Z env:
2026-09-22T23:12:37.8800917Z   DATABASE_URL: ***127.0.0.1:54329/ecorp_coverage
2026-09-22T23:12:37.8801219Z   PGHOST: 127.0.0.1
2026-09-22T23:12:37.8801432Z   PGPORT: 54329
2026-09-22T23:12:37.8801637Z   PGUSER: ecorp_coverage
2026-09-22T23:12:37.8801873Z   PGPASSWORD: ecorp_coverage
2026-09-22T23:12:37.8802111Z   PGDATABASE: ecorp_coverage
2026-09-22T23:12:37.8802351Z   ECORP_COVERAGE_OWNED_DATABASE: 1
2026-09-22T23:12:37.8802594Z ##[endgroup]
2026-09-22T23:12:38.0085184Z Found in cache @ /opt/hostedtoolcache/node/22.23.2/x64
2026-09-22T23:12:38.0089281Z ##[group]Environment details
2026-09-22T23:12:38.4861709Z node: v22.23.2
2026-09-22T23:12:38.4890475Z npm: 10.9.8
2026-09-22T23:12:38.4895596Z yarn: 1.22.22
2026-09-22T23:12:38.4896621Z ##[endgroup]
2026-09-22T23:12:38.5161347Z ##[group]Run dtolnay/rust-toolchain@6bed0761d98439e5a578e2877258200ad565ba87
2026-09-22T23:12:38.5162017Z with:
2026-09-22T23:12:38.5162332Z   toolchain: 1.98.1
2026-09-22T23:12:38.5162718Z   components: llvm-tools-preview
2026-09-22T23:12:38.5163168Z env:
2026-09-22T23:12:38.5163898Z   DATABASE_URL: ***127.0.0.1:54329/ecorp_coverage
2026-09-22T23:12:38.5164399Z   PGHOST: 127.0.0.1
2026-09-22T23:12:38.5164744Z   PGPORT: 54329
2026-09-22T23:12:38.5165099Z   PGUSER: ecorp_coverage
2026-09-22T23:12:38.5165534Z   PGPASSWORD: ecorp_coverage
2026-09-22T23:12:38.5166162Z   PGDATABASE: ecorp_coverage
2026-09-22T23:12:38.5167056Z   ECORP_COVERAGE_OWNED_DATABASE: 1
2026-09-22T23:12:38.5167505Z ##[endgroup]
2026-09-22T23:12:38.5258399Z ##[start-action display=Parse toolchain version;id=__dtolnay_rust-toolchain.parse]
2026-09-22T23:12:38.5315699Z ##[group]Run if [[ -z $toolchain ]]; then
2026-09-22T23:12:38.5316109Z [36;1mif [[ -z $toolchain ]]; then[0m
2026-09-22T23:12:38.5316720Z [36;1m  # GitHub does not enforce `required: true` inputs itself. https://github.com/actions/runner/issues/1070[0m
2026-09-22T23:12:38.5317319Z [36;1m  echo "'toolchain' is a required input" >&2[0m
2026-09-22T23:12:38.5317616Z [36;1m  exit 1[0m
2026-09-22T23:12:38.5317951Z [36;1melif [[ $toolchain =~ ^stable' '[0-9]+' '(year|month|week|day)s?' 'ago$ ]]; then[0m
2026-09-22T23:12:38.5318364Z [36;1m  if [[ Linux == macOS ]]; then[0m
2026-09-22T23:12:38.5319176Z [36;1m    echo "toolchain=1.$((($(date -v-$(sed 's/stable \([0-9]*\) \(.\).*/\1\2/' <<< $toolchain) +%s)/60/60/24-16569)/7/6))" >> $GITHUB_OUTPUT[0m
2026-09-22T23:12:38.5319740Z [36;1m  else[0m
2026-09-22T23:12:38.5320151Z [36;1m    echo "toolchain=1.$((($(date --date "${toolchain#stable }" +%s)/60/60/24-16569)/7/6))" >> $GITHUB_OUTPUT[0m
2026-09-22T23:12:38.5320620Z [36;1m  fi[0m
2026-09-22T23:12:38.5320920Z [36;1melif [[ $toolchain =~ ^stable' 'minus' '[0-9]+' 'releases?$ ]]; then[0m
2026-09-22T23:12:38.5321462Z [36;1m  echo "toolchain=1.$((($(date +%s)/60/60/24-16569)/7/6-${toolchain//[^0-9]/}))" >> $GITHUB_OUTPUT[0m
2026-09-22T23:12:38.5322135Z [36;1melif [[ $toolchain =~ ^1\.[0-9]+$ ]]; then[0m
2026-09-22T23:12:38.5322673Z [36;1m  echo "toolchain=1.$((i=${toolchain#1.}, c=($(date +%s)/60/60/24-16569)/7/6, i+9*i*(10*i<=c)+90*i*(100*i<=c)))" >> $GITHUB_OUTPUT[0m
2026-09-22T23:12:38.5323177Z [36;1melse[0m
2026-09-22T23:12:38.5323416Z [36;1m  echo "toolchain=$toolchain" >> $GITHUB_OUTPUT[0m
2026-09-22T23:12:38.5323710Z [36;1mfi[0m
2026-09-22T23:12:38.5374667Z shell: /usr/bin/bash --noprofile --norc -e -o pipefail {0}
2026-09-22T23:12:38.5375027Z env:
2026-09-22T23:12:38.5375552Z   DATABASE_URL: ***127.0.0.1:54329/ecorp_coverage
2026-09-22T23:12:38.5375853Z   PGHOST: 127.0.0.1
2026-09-22T23:12:38.5376054Z   PGPORT: 54329
2026-09-22T23:12:38.5376257Z   PGUSER: ecorp_coverage
2026-09-22T23:12:38.5376490Z   PGPASSWORD: ecorp_coverage
2026-09-22T23:12:38.5376728Z   PGDATABASE: ecorp_coverage
2026-09-22T23:12:38.5376983Z   ECORP_COVERAGE_OWNED_DATABASE: 1
2026-09-22T23:12:38.5377229Z   toolchain: 1.98.1
2026-09-22T23:12:38.5377431Z ##[endgroup]
2026-09-22T23:12:38.5495858Z ##[end-action id=__dtolnay_rust-toolchain.parse;outcome=success;conclusion=success;duration_ms=23]
2026-09-22T23:12:38.5501036Z ##[start-action display=Construct rustup command line;id=__dtolnay_rust-toolchain.flags]
2026-09-22T23:12:38.5521900Z ##[group]Run echo "targets=$(for t in ${targets//,/ }; do echo -n ' --target' $t; done)" >> $GITHUB_OUTPUT
2026-09-22T23:12:38.5522604Z [36;1mecho "targets=$(for t in ${targets//,/ }; do echo -n ' --target' $t; done)" >> $GITHUB_OUTPUT[0m
2026-09-22T23:12:38.5523282Z [36;1mecho "components=$(for c in ${components//,/ }; do echo -n ' --component' $c; done)" >> $GITHUB_OUTPUT[0m
2026-09-22T23:12:38.5523804Z [36;1mecho "downgrade=" >> $GITHUB_OUTPUT[0m
2026-09-22T23:12:38.5561488Z shell: /usr/bin/bash --noprofile --norc -e -o pipefail {0}
2026-09-22T23:12:38.5561841Z env:
2026-09-22T23:12:38.5562586Z   DATABASE_URL: ***127.0.0.1:54329/ecorp_coverage
2026-09-22T23:12:38.5562920Z   PGHOST: 127.0.0.1
2026-09-22T23:12:38.5563169Z   PGPORT: 54329
2026-09-22T23:12:38.5563389Z   PGUSER: ecorp_coverage
2026-09-22T23:12:38.5563645Z   PGPASSWORD: ecorp_coverage
2026-09-22T23:12:38.5563906Z   PGDATABASE: ecorp_coverage
2026-09-22T23:12:38.5564170Z   ECORP_COVERAGE_OWNED_DATABASE: 1
2026-09-22T23:12:38.5564434Z   targets:
2026-09-22T23:12:38.5564657Z   components: llvm-tools-preview
2026-09-22T23:12:38.5564922Z ##[endgroup]
2026-09-22T23:12:38.5643971Z ##[end-action id=__dtolnay_rust-toolchain.flags;outcome=success;conclusion=success;duration_ms=14]
2026-09-22T23:12:38.5646349Z ##[start-action display=Set $CARGO_HOME;id=__dtolnay_rust-toolchain.__run]
2026-09-22T23:12:38.5666259Z ##[group]Run echo CARGO_HOME=${CARGO_HOME:-"$HOME/.cargo"} >> $GITHUB_ENV
2026-09-22T23:12:38.5666750Z [36;1mecho CARGO_HOME=${CARGO_HOME:-"$HOME/.cargo"} >> $GITHUB_ENV[0m
2026-09-22T23:12:38.5703157Z shell: /usr/bin/bash --noprofile --norc -e -o pipefail {0}
2026-09-22T23:12:38.5703522Z env:
2026-09-22T23:12:38.5704025Z   DATABASE_URL: ***127.0.0.1:54329/ecorp_coverage
2026-09-22T23:12:38.5704353Z   PGHOST: 127.0.0.1
2026-09-22T23:12:38.5704564Z   PGPORT: 54329
2026-09-22T23:12:38.5704776Z   PGUSER: ecorp_coverage
2026-09-22T23:12:38.5705025Z   PGPASSWORD: ecorp_coverage
2026-09-22T23:12:38.5705277Z   PGDATABASE: ecorp_coverage
2026-09-22T23:12:38.5705533Z   ECORP_COVERAGE_OWNED_DATABASE: 1
2026-09-22T23:12:38.5705791Z ##[endgroup]
2026-09-22T23:12:38.5775997Z ##[end-action id=__dtolnay_rust-toolchain.__run;outcome=success;conclusion=success;duration_ms=12]
2026-09-22T23:12:38.5778314Z ##[start-action display=Install rustup if needed;id=__dtolnay_rust-toolchain.__run_2]
2026-09-22T23:12:38.5802905Z ##[group]Run if ! command -v rustup &>/dev/null; then
2026-09-22T23:12:38.5803283Z [36;1mif ! command -v rustup &>/dev/null; then[0m
2026-09-22T23:12:38.5804050Z [36;1m  curl --proto '=https' --tlsv1.2 --retry 10 --retry-connrefused --location --silent --show-error --fail https://sh.rustup.rs | sh -s -- --default-toolchain none -y[0m
2026-09-22T23:12:38.5804979Z [36;1m  echo "$CARGO_HOME/bin" >> $GITHUB_PATH[0m
2026-09-22T23:12:38.5805268Z [36;1mfi[0m
2026-09-22T23:12:38.5842233Z shell: /usr/bin/bash --noprofile --norc -e -o pipefail {0}
2026-09-22T23:12:38.5842581Z env:
2026-09-22T23:12:38.5843066Z   DATABASE_URL: ***127.0.0.1:54329/ecorp_coverage
2026-09-22T23:12:38.5843367Z   PGHOST: 127.0.0.1
2026-09-22T23:12:38.5843582Z   PGPORT: 54329
2026-09-22T23:12:38.5843780Z   PGUSER: ecorp_coverage
2026-09-22T23:12:38.5844014Z   PGPASSWORD: ecorp_coverage
2026-09-22T23:12:38.5844253Z   PGDATABASE: ecorp_coverage
2026-09-22T23:12:38.5844492Z   ECORP_COVERAGE_OWNED_DATABASE: 1
2026-09-22T23:12:38.5844756Z   CARGO_HOME: /home/runner/.cargo
2026-09-22T23:12:38.5844999Z ##[endgroup]
2026-09-22T23:12:38.5912974Z ##[end-action id=__dtolnay_rust-toolchain.__run_2;outcome=success;conclusion=success;duration_ms=13]
2026-09-22T23:12:38.5915521Z ##[start-action display=Install rustup if needed on windows;id=__dtolnay_rust-toolchain.__run_3]
2026-09-22T23:12:38.5921935Z ##[end-action id=__dtolnay_rust-toolchain.__run_3;outcome=skipped;conclusion=skipped;duration_ms=0]
2026-09-22T23:12:38.5933882Z ##[start-action display=rustup toolchain install 1.98.1;id=__dtolnay_rust-toolchain.__run_4]
2026-09-22T23:12:38.5953306Z ##[group]Run rustup toolchain install 1.98.1 --component llvm-tools-preview --profile minimal --no-self-update
2026-09-22T23:12:38.5954078Z [36;1mrustup toolchain install 1.98.1 --component llvm-tools-preview --profile minimal --no-self-update[0m
2026-09-22T23:12:38.5991587Z shell: /usr/bin/bash --noprofile --norc -e -o pipefail {0}
2026-09-22T23:12:38.5991944Z env:
2026-09-22T23:12:38.5992471Z   DATABASE_URL: ***127.0.0.1:54329/ecorp_coverage
2026-09-22T23:12:38.5992779Z   PGHOST: 127.0.0.1
2026-09-22T23:12:38.5992992Z   PGPORT: 54329
2026-09-22T23:12:38.5993194Z   PGUSER: ecorp_coverage
2026-09-22T23:12:38.5993430Z   PGPASSWORD: ecorp_coverage
2026-09-22T23:12:38.5993893Z   PGDATABASE: ecorp_coverage
2026-09-22T23:12:38.5994149Z   ECORP_COVERAGE_OWNED_DATABASE: 1
2026-09-22T23:12:38.5994436Z   CARGO_HOME: /home/runner/.cargo
2026-09-22T23:12:38.5994688Z   RUSTUP_PERMIT_COPY_RENAME: 1
2026-09-22T23:12:38.5994918Z ##[endgroup]
2026-09-22T23:12:38.6657204Z info: syncing channel updates for 1.98.1-x86_64-unknown-linux-gnu
2026-09-22T23:12:38.7775854Z info: latest update on 2026-09-03 for version 1.98.1 (48a229cea 2026-09-01)
2026-09-22T23:12:38.7776570Z info: downloading 4 components
2026-09-22T23:12:48.6764771Z
2026-09-22T23:12:48.6839698Z   1.98.1-x86_64-unknown-linux-gnu installed - rustc 1.98.1 (48a229cea 2026-09-01)
2026-09-22T23:12:48.6840113Z
2026-09-22T23:12:48.6918534Z ##[end-action id=__dtolnay_rust-toolchain.__run_4;outcome=success;conclusion=success;duration_ms=10098]
2026-09-22T23:12:48.6926658Z ##[start-action display=rustup default 1.98.1;id=__dtolnay_rust-toolchain.__run_5]
2026-09-22T23:12:48.6978351Z ##[group]Run rustup default 1.98.1
2026-09-22T23:12:48.6978846Z [36;1mrustup default 1.98.1[0m
2026-09-22T23:12:48.7032853Z shell: /usr/bin/bash --noprofile --norc -e -o pipefail {0}
2026-09-22T23:12:48.7033402Z env:
2026-09-22T23:12:48.7034350Z   DATABASE_URL: ***127.0.0.1:54329/ecorp_coverage
2026-09-22T23:12:48.7034824Z   PGHOST: 127.0.0.1
2026-09-22T23:12:48.7035152Z   PGPORT: 54329
2026-09-22T23:12:48.7035476Z   PGUSER: ecorp_coverage
2026-09-22T23:12:48.7035847Z   PGPASSWORD: ecorp_coverage
2026-09-22T23:12:48.7036228Z   PGDATABASE: ecorp_coverage
2026-09-22T23:12:48.7036614Z   ECORP_COVERAGE_OWNED_DATABASE: 1
2026-09-22T23:12:48.7037022Z   CARGO_HOME: /home/runner/.cargo
2026-09-22T23:12:48.7037402Z ##[endgroup]
2026-09-22T23:12:48.7157680Z info: using existing install for 1.98.1-x86_64-unknown-linux-gnu
2026-09-22T23:12:48.7170064Z info: default toolchain set to 1.98.1-x86_64-unknown-linux-gnu
2026-09-22T23:12:48.7170398Z
2026-09-22T23:12:48.7251464Z info: note that the toolchain '1.98.1-x86_64-unknown-linux-gnu' is currently in use (overridden by '/home/runner/work/ecorp/ecorp/rust-toolchain.toml')
2026-09-22T23:12:48.7253190Z   1.98.1-x86_64-unknown-linux-gnu unchanged - rustc 1.98.1 (48a229cea 2026-09-01)
2026-09-22T23:12:48.7259954Z
2026-09-22T23:12:48.7272179Z ##[end-action id=__dtolnay_rust-toolchain.__run_5;outcome=success;conclusion=success;duration_ms=34]
2026-09-22T23:12:48.7276127Z ##[start-action display=Create cachekey;id=__dtolnay_rust-toolchain.rustc-version]
2026-09-22T23:12:48.7304602Z ##[group]Run DATE=$(rustc +1.98.1 --version --verbose | sed -ne 's/^commit-date: \(20[0-9][0-9]\)-\([01][0-9]\)-\([0-3][0-9]\)$/\1\2\3/p')
2026-09-22T23:12:48.7305892Z [36;1mDATE=$(rustc +1.98.1 --version --verbose | sed -ne 's/^commit-date: \(20[0-9][0-9]\)-\([01][0-9]\)-\([0-3][0-9]\)$/\1\2\3/p')[0m
2026-09-22T23:12:48.7306936Z [36;1mHASH=$(rustc +1.98.1 --version --verbose | sed -ne 's/^commit-hash: //p')[0m
2026-09-22T23:12:48.7307734Z [36;1mecho "cachekey=$(echo $DATE$HASH | head -c12)" >> $GITHUB_OUTPUT[0m
2026-09-22T23:12:48.7352688Z shell: /usr/bin/bash --noprofile --norc -e -o pipefail {0}
2026-09-22T23:12:48.7353037Z env:
2026-09-22T23:12:48.7353560Z   DATABASE_URL: ***127.0.0.1:54329/ecorp_coverage
2026-09-22T23:12:48.7353864Z   PGHOST: 127.0.0.1
2026-09-22T23:12:48.7354062Z   PGPORT: 54329
2026-09-22T23:12:48.7354260Z   PGUSER: ecorp_coverage
2026-09-22T23:12:48.7354489Z   PGPASSWORD: ecorp_coverage
2026-09-22T23:12:48.7354721Z   PGDATABASE: ecorp_coverage
2026-09-22T23:12:48.7354964Z   ECORP_COVERAGE_OWNED_DATABASE: 1
2026-09-22T23:12:48.7355220Z   CARGO_HOME: /home/runner/.cargo
2026-09-22T23:12:48.7355458Z ##[endgroup]
2026-09-22T23:12:48.7691810Z ##[end-action id=__dtolnay_rust-toolchain.rustc-version;outcome=success;conclusion=success;duration_ms=41]
2026-09-22T23:12:48.7694470Z ##[start-action display=Disable incremental compilation;id=__dtolnay_rust-toolchain.__run_6]
2026-09-22T23:12:48.7713432Z ##[group]Run if [ -z "${CARGO_INCREMENTAL+set}" ]; then
2026-09-22T23:12:48.7713814Z [36;1mif [ -z "${CARGO_INCREMENTAL+set}" ]; then[0m
2026-09-22T23:12:48.7714316Z [36;1m  echo CARGO_INCREMENTAL=0 >> $GITHUB_ENV[0m
2026-09-22T23:12:48.7714624Z [36;1mfi[0m
2026-09-22T23:12:48.7752518Z shell: /usr/bin/bash --noprofile --norc -e -o pipefail {0}
2026-09-22T23:12:48.7752881Z env:
2026-09-22T23:12:48.7753400Z   DATABASE_URL: ***127.0.0.1:54329/ecorp_coverage
2026-09-22T23:12:48.7753713Z   PGHOST: 127.0.0.1
2026-09-22T23:12:48.7753932Z   PGPORT: 54329
2026-09-22T23:12:48.7754142Z   PGUSER: ecorp_coverage
2026-09-22T23:12:48.7754389Z   PGPASSWORD: ecorp_coverage
2026-09-22T23:12:48.7754651Z   PGDATABASE: ecorp_coverage
2026-09-22T23:12:48.7754912Z   ECORP_COVERAGE_OWNED_DATABASE: 1
2026-09-22T23:12:48.7755186Z   CARGO_HOME: /home/runner/.cargo
2026-09-22T23:12:48.7755436Z ##[endgroup]
2026-09-22T23:12:48.7826061Z ##[end-action id=__dtolnay_rust-toolchain.__run_6;outcome=success;conclusion=success;duration_ms=13]
2026-09-22T23:12:48.7828423Z ##[start-action display=Enable colors in Cargo output;id=__dtolnay_rust-toolchain.__run_7]
2026-09-22T23:12:48.7845914Z ##[group]Run if [ -z "${CARGO_TERM_COLOR+set}" ]; then
2026-09-22T23:12:48.7846275Z [36;1mif [ -z "${CARGO_TERM_COLOR+set}" ]; then[0m
2026-09-22T23:12:48.7846616Z [36;1m  echo CARGO_TERM_COLOR=always >> $GITHUB_ENV[0m
2026-09-22T23:12:48.7846902Z [36;1mfi[0m
2026-09-22T23:12:48.7883709Z shell: /usr/bin/bash --noprofile --norc -e -o pipefail {0}
2026-09-22T23:12:48.7884044Z env:
2026-09-22T23:12:48.7884534Z   DATABASE_URL: ***127.0.0.1:54329/ecorp_coverage
2026-09-22T23:12:48.7884827Z   PGHOST: 127.0.0.1
2026-09-22T23:12:48.7885028Z   PGPORT: 54329
2026-09-22T23:12:48.7885227Z   PGUSER: ecorp_coverage
2026-09-22T23:12:48.7885459Z   PGPASSWORD: ecorp_coverage
2026-09-22T23:12:48.7885698Z   PGDATABASE: ecorp_coverage
2026-09-22T23:12:48.7885946Z   ECORP_COVERAGE_OWNED_DATABASE: 1
2026-09-22T23:12:48.7886209Z   CARGO_HOME: /home/runner/.cargo
2026-09-22T23:12:48.7886455Z   CARGO_INCREMENTAL: 0
2026-09-22T23:12:48.7886665Z ##[endgroup]
2026-09-22T23:12:48.7952665Z ##[end-action id=__dtolnay_rust-toolchain.__run_7;outcome=success;conclusion=success;duration_ms=12]
2026-09-22T23:12:48.7955038Z ##[start-action display=Enable Cargo sparse registry;id=__dtolnay_rust-toolchain.__run_8]
2026-09-22T23:12:48.7974834Z ##[group]Run # implemented in 1.66, stabilized in 1.68, made default in 1.70
2026-09-22T23:12:48.7975350Z [36;1m# implemented in 1.66, stabilized in 1.68, made default in 1.70[0m
2026-09-22T23:12:48.7976063Z [36;1mif [ -z "${CARGO_REGISTRIES_CRATES_IO_PROTOCOL+set}" -o -f "/home/runner/work/_temp"/.implicit_cargo_registries_crates_io_protocol ]; then[0m
2026-09-22T23:12:48.7976774Z [36;1m  if rustc +1.98.1 --version --verbose | grep -q '^release: 1\.6[89]\.'; then[0m
2026-09-22T23:12:48.7977333Z [36;1m    touch "/home/runner/work/_temp"/.implicit_cargo_registries_crates_io_protocol || true[0m
2026-09-22T23:12:48.7977871Z [36;1m    echo CARGO_REGISTRIES_CRATES_IO_PROTOCOL=sparse >> $GITHUB_ENV[0m
2026-09-22T23:12:48.7978375Z [36;1m  elif rustc +1.98.1 --version --verbose | grep -q '^release: 1\.6[67]\.'; then[0m
2026-09-22T23:12:48.7979282Z [36;1m    touch "/home/runner/work/_temp"/.implicit_cargo_registries_crates_io_protocol || true[0m
2026-09-22T23:12:48.7979855Z [36;1m    echo CARGO_REGISTRIES_CRATES_IO_PROTOCOL=git >> $GITHUB_ENV[0m
2026-09-22T23:12:48.7980212Z [36;1m  fi[0m
2026-09-22T23:12:48.7980403Z [36;1mfi[0m
2026-09-22T23:12:48.8016821Z shell: /usr/bin/bash --noprofile --norc -e -o pipefail {0}
2026-09-22T23:12:48.8017164Z env:
2026-09-22T23:12:48.8017640Z   DATABASE_URL: ***127.0.0.1:54329/ecorp_coverage
2026-09-22T23:12:48.8017944Z   PGHOST: 127.0.0.1
2026-09-22T23:12:48.8018152Z   PGPORT: 54329
2026-09-22T23:12:48.8018353Z   PGUSER: ecorp_coverage
2026-09-22T23:12:48.8018584Z   PGPASSWORD: ecorp_coverage
2026-09-22T23:12:48.8018815Z   PGDATABASE: ecorp_coverage
2026-09-22T23:12:48.8019336Z   ECORP_COVERAGE_OWNED_DATABASE: 1
2026-09-22T23:12:48.8019604Z   CARGO_HOME: /home/runner/.cargo
2026-09-22T23:12:48.8019855Z   CARGO_INCREMENTAL: 0
2026-09-22T23:12:48.8020259Z   CARGO_TERM_COLOR: always
2026-09-22T23:12:48.8020485Z ##[endgroup]
2026-09-22T23:12:48.8328021Z ##[end-action id=__dtolnay_rust-toolchain.__run_8;outcome=success;conclusion=success;duration_ms=37]
2026-09-22T23:12:48.8331396Z ##[start-action display=Work around spurious network errors in curl 8.0;id=__dtolnay_rust-toolchain.__run_9]
2026-09-22T23:12:48.8351477Z ##[group]Run # https://rust-lang.zulipchat.com/#narrow/stream/246057-t-cargo/topic/timeout.20investigation
2026-09-22T23:12:48.8352239Z [36;1m# https://rust-lang.zulipchat.com/#narrow/stream/246057-t-cargo/topic/timeout.20investigation[0m
2026-09-22T23:12:48.8352849Z [36;1mif rustc +1.98.1 --version --verbose | grep -q '^release: 1\.7[01]\.'; then[0m
2026-09-22T23:12:48.8353306Z [36;1m  echo CARGO_HTTP_MULTIPLEXING=false >> $GITHUB_ENV[0m
2026-09-22T23:12:48.8353622Z [36;1mfi[0m
2026-09-22T23:12:48.8392909Z shell: /usr/bin/bash --noprofile --norc -e -o pipefail {0}
2026-09-22T23:12:48.8393251Z env:
2026-09-22T23:12:48.8393785Z   DATABASE_URL: ***127.0.0.1:54329/ecorp_coverage
2026-09-22T23:12:48.8394089Z   PGHOST: 127.0.0.1
2026-09-22T23:12:48.8394308Z   PGPORT: 54329
2026-09-22T23:12:48.8394504Z   PGUSER: ecorp_coverage
2026-09-22T23:12:48.8394731Z   PGPASSWORD: ecorp_coverage
2026-09-22T23:12:48.8394962Z   PGDATABASE: ecorp_coverage
2026-09-22T23:12:48.8395207Z   ECORP_COVERAGE_OWNED_DATABASE: 1
2026-09-22T23:12:48.8395468Z   CARGO_HOME: /home/runner/.cargo
2026-09-22T23:12:48.8395708Z   CARGO_INCREMENTAL: 0
2026-09-22T23:12:48.8395923Z   CARGO_TERM_COLOR: always
2026-09-22T23:12:48.8396142Z ##[endgroup]
2026-09-22T23:12:48.8588328Z ##[end-action id=__dtolnay_rust-toolchain.__run_9;outcome=success;conclusion=success;duration_ms=25]
2026-09-22T23:12:48.8593187Z ##[start-action display=rustc +1.98.1 --version --verbose;id=__dtolnay_rust-toolchain.__run_10]
2026-09-22T23:12:48.8611900Z ##[group]Run rustc +1.98.1 --version --verbose
2026-09-22T23:12:48.8612250Z [36;1mrustc +1.98.1 --version --verbose[0m
2026-09-22T23:12:48.8650767Z shell: /usr/bin/bash --noprofile --norc -e -o pipefail {0}
2026-09-22T23:12:48.8651117Z env:
2026-09-22T23:12:48.8651775Z   DATABASE_URL: ***127.0.0.1:54329/ecorp_coverage
2026-09-22T23:12:48.8652079Z   PGHOST: 127.0.0.1
2026-09-22T23:12:48.8652288Z   PGPORT: 54329
2026-09-22T23:12:48.8652490Z   PGUSER: ecorp_coverage
2026-09-22T23:12:48.8652720Z   PGPASSWORD: ecorp_coverage
2026-09-22T23:12:48.8653098Z   PGDATABASE: ecorp_coverage
2026-09-22T23:12:48.8653346Z   ECORP_COVERAGE_OWNED_DATABASE: 1
2026-09-22T23:12:48.8653608Z   CARGO_HOME: /home/runner/.cargo
2026-09-22T23:12:48.8653851Z   CARGO_INCREMENTAL: 0
2026-09-22T23:12:48.8654070Z   CARGO_TERM_COLOR: always
2026-09-22T23:12:48.8654291Z ##[endgroup]
2026-09-22T23:12:48.8823325Z rustc 1.98.1 (48a229cea 2026-09-01)
2026-09-22T23:12:48.8824130Z binary: rustc
2026-09-22T23:12:48.8824752Z commit-hash: 48a229ceaefd4985c50990b14116b6d856af0985
2026-09-22T23:12:48.8825399Z commit-date: 2026-09-01
2026-09-22T23:12:48.8825823Z host: x86_64-unknown-linux-gnu
2026-09-22T23:12:48.8826115Z release: 1.98.1
2026-09-22T23:12:48.8826349Z LLVM version: 22.1.8
2026-09-22T23:12:48.8841596Z ##[end-action id=__dtolnay_rust-toolchain.__run_10;outcome=success;conclusion=success;duration_ms=24]
2026-09-22T23:12:48.8892489Z ##[group]Run sudo apt-get update && sudo apt-get install --yes --no-install-recommends postgresql-client pkg-config libssl-dev
2026-09-22T23:12:48.8893434Z [36;1msudo apt-get update && sudo apt-get install --yes --no-install-recommends postgresql-client pkg-config libssl-dev[0m
2026-09-22T23:12:48.8932551Z shell: /usr/bin/bash --noprofile --norc -e -o pipefail {0}
2026-09-22T23:12:48.8932895Z env:
2026-09-22T23:12:48.8933409Z   DATABASE_URL: ***127.0.0.1:54329/ecorp_coverage
2026-09-22T23:12:48.8933712Z   PGHOST: 127.0.0.1
2026-09-22T23:12:48.8933919Z   PGPORT: 54329
2026-09-22T23:12:48.8934119Z   PGUSER: ecorp_coverage
2026-09-22T23:12:48.8934351Z   PGPASSWORD: ecorp_coverage
2026-09-22T23:12:48.8934583Z   PGDATABASE: ecorp_coverage
2026-09-22T23:12:48.8935095Z   ECORP_COVERAGE_OWNED_DATABASE: 1
2026-09-22T23:12:48.8935455Z   CARGO_HOME: /home/runner/.cargo
2026-09-22T23:12:48.8935792Z   CARGO_INCREMENTAL: 0
2026-09-22T23:12:48.8936176Z   CARGO_TERM_COLOR: always
2026-09-22T23:12:48.8936615Z ##[endgroup]
2026-09-22T23:12:48.9959184Z Get:1 file:/etc/apt/apt-mirrors.txt Mirrorlist [144 B]
2026-09-22T23:12:49.0382121Z Hit:2 http://azure.archive.ubuntu.com/ubuntu noble InRelease
2026-09-22T23:12:49.0391680Z Get:6 https://packages.microsoft.com/ubuntu/24.04/prod noble InRelease [3600 B]
2026-09-22T23:12:49.0401042Z Get:3 http://azure.archive.ubuntu.com/ubuntu noble-updates InRelease [126 kB]
2026-09-22T23:12:49.0406675Z Get:7 https://dl.google.com/linux/chrome-stable/deb stable InRelease [2548 B]
2026-09-22T23:12:49.0445579Z Get:4 http://azure.archive.ubuntu.com/ubuntu noble-backports InRelease [126 kB]
2026-09-22T23:12:49.0467831Z Get:5 http://azure.archive.ubuntu.com/ubuntu noble-security InRelease [126 kB]
2026-09-22T23:12:49.1694590Z Get:8 https://packages.microsoft.com/ubuntu/24.04/prod noble/main arm64 Packages [431 kB]
2026-09-22T23:12:49.1827692Z Get:9 https://packages.microsoft.com/ubuntu/24.04/prod noble/main amd64 Packages [482 kB]
2026-09-22T23:12:49.2572110Z Get:10 https://dl.google.com/linux/chrome-stable/deb stable/main amd64 Packages [1416 B]
2026-09-22T23:12:49.2750908Z Get:11 http://azure.archive.ubuntu.com/ubuntu noble-updates/main amd64 Packages [1308 kB]
2026-09-22T23:12:49.2832702Z Get:12 http://azure.archive.ubuntu.com/ubuntu noble-updates/main Translation-en [298 kB]
2026-09-22T23:12:49.2871408Z Get:13 http://azure.archive.ubuntu.com/ubuntu noble-updates/main amd64 Components [181 kB]
2026-09-22T23:12:49.2901665Z Get:14 http://azure.archive.ubuntu.com/ubuntu noble-updates/universe amd64 Packages [1697 kB]
2026-09-22T23:12:49.3006233Z Get:15 http://azure.archive.ubuntu.com/ubuntu noble-updates/universe Translation-en [340 kB]
2026-09-22T23:12:49.3037156Z Get:16 http://azure.archive.ubuntu.com/ubuntu noble-updates/universe amd64 Components [388 kB]
2026-09-22T23:12:49.3052664Z Get:17 http://azure.archive.ubuntu.com/ubuntu noble-updates/restricted amd64 Packages [1635 kB]
2026-09-22T23:12:49.3140682Z Get:18 http://azure.archive.ubuntu.com/ubuntu noble-updates/restricted Translation-en [372 kB]
2026-09-22T23:12:49.3220192Z Get:19 http://azure.archive.ubuntu.com/ubuntu noble-updates/multiverse amd64 Packages [45.7 kB]
2026-09-22T23:12:49.3232095Z Get:20 http://azure.archive.ubuntu.com/ubuntu noble-updates/multiverse Translation-en [13.1 kB]
2026-09-22T23:12:49.3670813Z Get:21 http://azure.archive.ubuntu.com/ubuntu noble-updates/multiverse amd64 Components [940 B]
2026-09-22T23:12:49.3680015Z Get:22 http://azure.archive.ubuntu.com/ubuntu noble-backports/main amd64 Packages [40.6 kB]
2026-09-22T23:12:49.3688604Z Get:23 http://azure.archive.ubuntu.com/ubuntu noble-backports/main amd64 Components [5748 B]
2026-09-22T23:12:49.3703459Z Get:24 http://azure.archive.ubuntu.com/ubuntu noble-backports/universe amd64 Packages [31.0 kB]
2026-09-22T23:12:49.3711952Z Get:25 http://azure.archive.ubuntu.com/ubuntu noble-backports/universe Translation-en [18.6 kB]
2026-09-22T23:12:49.3715650Z Get:26 http://azure.archive.ubuntu.com/ubuntu noble-backports/universe amd64 Components [12.6 kB]
2026-09-22T23:12:49.4231319Z Get:27 http://azure.archive.ubuntu.com/ubuntu noble-security/main amd64 Packages [1028 kB]
2026-09-22T23:12:49.4262225Z Get:28 http://azure.archive.ubuntu.com/ubuntu noble-security/main Translation-en [216 kB]
2026-09-22T23:12:49.4277235Z Get:29 http://azure.archive.ubuntu.com/ubuntu noble-security/main amd64 Components [46.3 kB]
2026-09-22T23:12:49.4286364Z Get:30 http://azure.archive.ubuntu.com/ubuntu noble-security/universe amd64 Packages [1217 kB]
2026-09-22T23:12:49.4345215Z Get:31 http://azure.archive.ubuntu.com/ubuntu noble-security/universe Translation-en [244 kB]
2026-09-22T23:12:49.4361528Z Get:32 http://azure.archive.ubuntu.com/ubuntu noble-security/universe amd64 Components [76.2 kB]
2026-09-22T23:12:49.4371145Z Get:33 http://azure.archive.ubuntu.com/ubuntu noble-security/restricted amd64 Packages [1496 kB]
2026-09-22T23:12:49.4441859Z Get:34 http://azure.archive.ubuntu.com/ubuntu noble-security/restricted Translation-en [343 kB]
2026-09-22T23:12:49.4867854Z Get:35 http://azure.archive.ubuntu.com/ubuntu noble-security/multiverse Translation-en [11.3 kB]
2026-09-22T23:12:54.0300098Z Fetched 12.4 MB in 1s (8474 kB/s)
2026-09-22T23:12:54.9245228Z Reading package lists...
2026-09-22T23:12:54.9568165Z Reading package lists...
2026-09-22T23:12:55.1860470Z Building dependency tree...
2026-09-22T23:12:55.1867485Z Reading state information...
2026-09-22T23:12:55.3545135Z pkg-config is already the newest version (1.8.1-2build1).
2026-09-22T23:12:55.3545839Z libssl-dev is already the newest version (3.0.13-0ubuntu3.15).
2026-09-22T23:12:55.3546376Z The following NEW packages will be installed:
2026-09-22T23:12:55.3546751Z   postgresql-client
2026-09-22T23:12:55.3726666Z 0 upgraded, 1 newly installed, 0 to remove and 91 not upgraded.
2026-09-22T23:12:55.3727436Z Need to get 11.6 kB of archives.
2026-09-22T23:12:55.3727962Z After this operation, 17.4 kB of additional disk space will be used.
2026-09-22T23:12:55.3728543Z Get:1 file:/etc/apt/apt-mirrors.txt Mirrorlist [144 B]
2026-09-22T23:12:55.3969931Z Get:2 http://azure.archive.ubuntu.com/ubuntu noble-updates/main amd64 postgresql-client all 16+257build1.1 [11.6 kB]
2026-09-22T23:12:55.6688659Z Fetched 11.6 kB in 0s (330 kB/s)
2026-09-22T23:12:55.6926960Z Selecting previously unselected package postgresql-client.
2026-09-22T23:12:55.7299826Z (Reading database ...
2026-09-22T23:12:55.7300607Z (Reading database ... 5%
2026-09-22T23:12:55.7301429Z (Reading database ... 10%
2026-09-22T23:12:55.7302216Z (Reading database ... 15%
2026-09-22T23:12:55.7302876Z (Reading database ... 20%
2026-09-22T23:12:55.7303497Z (Reading database ... 25%
2026-09-22T23:12:55.7304142Z (Reading database ... 30%
2026-09-22T23:12:55.7304770Z (Reading database ... 35%
2026-09-22T23:12:55.7305387Z (Reading database ... 40%
2026-09-22T23:12:55.7306029Z (Reading database ... 45%
2026-09-22T23:12:55.7306678Z (Reading database ... 50%
2026-09-22T23:12:55.7373172Z (Reading database ... 55%
2026-09-22T23:12:55.8756556Z (Reading database ... 60%
2026-09-22T23:12:56.0534168Z (Reading database ... 65%
2026-09-22T23:12:56.2278514Z (Reading database ... 70%
2026-09-22T23:12:56.3590101Z (Reading database ... 75%
2026-09-22T23:12:56.5760569Z (Reading database ... 80%
2026-09-22T23:12:56.7625427Z (Reading database ... 85%
2026-09-22T23:12:56.9493224Z (Reading database ... 90%
2026-09-22T23:12:57.1241472Z (Reading database ... 95%
2026-09-22T23:12:57.1242218Z (Reading database ... 100%
2026-09-22T23:12:57.1242919Z (Reading database ... 201818 files and directories currently installed.)
2026-09-22T23:12:57.1285705Z Preparing to unpack .../postgresql-client_16+257build1.1_all.deb ...
2026-09-22T23:12:57.1313627Z Unpacking postgresql-client (16+257build1.1) ...
2026-09-22T23:12:57.1686677Z Setting up postgresql-client (16+257build1.1) ...
2026-09-22T23:12:57.8596067Z
2026-09-22T23:12:57.8596935Z Running kernel seems to be up-to-date.
2026-09-22T23:12:57.8597433Z
2026-09-22T23:12:57.8597807Z No services need to be restarted.
2026-09-22T23:12:57.8598174Z
2026-09-22T23:12:57.8599183Z No containers need to be restarted.
2026-09-22T23:12:57.8599602Z
2026-09-22T23:12:57.8600005Z No user sessions are running outdated binaries.
2026-09-22T23:12:57.8600457Z
2026-09-22T23:12:57.8601067Z No VM guests are running outdated hypervisor (qemu) binaries on this host.
2026-09-22T23:12:58.9612284Z ##[group]Run set -euo pipefail
2026-09-22T23:12:58.9612652Z [36;1mset -euo pipefail[0m
2026-09-22T23:12:58.9612964Z [36;1mtools="$RUNNER_TEMP/cargo-llvm-cov-0.9.1-linux"[0m
2026-09-22T23:12:58.9613290Z [36;1mmkdir "$tools"[0m
2026-09-22T23:12:58.9613554Z [36;1mcurl --fail --show-error --location \[0m
2026-09-22T23:12:58.9614182Z [36;1m  https://github.com/taiki-e/cargo-llvm-cov/releases/download/v0.9.1/cargo-llvm-cov-x86_64-unknown-linux-gnu.tar.gz \[0m
2026-09-22T23:12:58.9614759Z [36;1m  --output "$tools/tool.tar.gz"[0m
2026-09-22T23:12:58.9615338Z [36;1mprintf '%s  %s\n' b3f68e625481fed9b16444174f3fa5ebcdbde4a1878803a35eabe2dcefcdc41a "$tools/tool.tar.gz" | sha256sum --check[0m
2026-09-22T23:12:58.9616053Z [36;1mtar --extract --gzip --file "$tools/tool.tar.gz" --directory "$tools"[0m
2026-09-22T23:12:58.9616473Z [36;1mprintf '%s\n' "$tools" >> "$GITHUB_PATH"[0m
2026-09-22T23:12:58.9653549Z shell: /usr/bin/bash --noprofile --norc -e -o pipefail {0}
2026-09-22T23:12:58.9653948Z env:
2026-09-22T23:12:58.9654452Z   DATABASE_URL: ***127.0.0.1:54329/ecorp_coverage
2026-09-22T23:12:58.9654758Z   PGHOST: 127.0.0.1
2026-09-22T23:12:58.9654975Z   PGPORT: 54329
2026-09-22T23:12:58.9655188Z   PGUSER: ecorp_coverage
2026-09-22T23:12:58.9655430Z   PGPASSWORD: ecorp_coverage
2026-09-22T23:12:58.9655684Z   PGDATABASE: ecorp_coverage
2026-09-22T23:12:58.9655930Z   ECORP_COVERAGE_OWNED_DATABASE: 1
2026-09-22T23:12:58.9656204Z   CARGO_HOME: /home/runner/.cargo
2026-09-22T23:12:58.9656456Z   CARGO_INCREMENTAL: 0
2026-09-22T23:12:58.9656675Z   CARGO_TERM_COLOR: always
2026-09-22T23:12:58.9656898Z ##[endgroup]
2026-09-22T23:12:58.9822460Z   % Total    % Received % Xferd  Average Speed   Time    Time     Time  Current
2026-09-22T23:12:58.9823321Z                                  Dload  Upload   Total   Spent    Left  Speed
2026-09-22T23:12:58.9823756Z
2026-09-22T23:12:59.0104896Z   0     0    0     0    0     0      0      0 --:--:-- --:--:-- --:--:--     0
2026-09-22T23:12:59.0106008Z   0     0    0     0    0     0      0      0 --:--:-- --:--:-- --:--:--     0
2026-09-22T23:12:59.0844637Z
2026-09-22T23:12:59.0845235Z 100 1678k  100 1678k    0     0  16.0M      0 --:--:-- --:--:-- --:--:-- 16.0M
2026-09-22T23:12:59.0919464Z /home/runner/work/_temp/cargo-llvm-cov-0.9.1-linux/tool.tar.gz: OK
2026-09-22T23:12:59.1299972Z ##[group]Run bash tools/coverage_rust_sqlx.sh
2026-09-22T23:12:59.1300358Z [36;1mbash tools/coverage_rust_sqlx.sh[0m
2026-09-22T23:12:59.1337127Z shell: /usr/bin/bash --noprofile --norc -e -o pipefail {0}
2026-09-22T23:12:59.1337515Z env:
2026-09-22T23:12:59.1338043Z   DATABASE_URL: ***127.0.0.1:54329/ecorp_coverage
2026-09-22T23:12:59.1338580Z   PGHOST: 127.0.0.1
2026-09-22T23:12:59.1338814Z   PGPORT: 54329
2026-09-22T23:12:59.1339304Z   PGUSER: ecorp_coverage
2026-09-22T23:12:59.1339571Z   PGPASSWORD: ecorp_coverage
2026-09-22T23:12:59.1339838Z   PGDATABASE: ecorp_coverage
2026-09-22T23:12:59.1340107Z   ECORP_COVERAGE_OWNED_DATABASE: 1
2026-09-22T23:12:59.1340395Z   CARGO_HOME: /home/runner/.cargo
2026-09-22T23:12:59.1340664Z   CARGO_INCREMENTAL: 0
2026-09-22T23:12:59.1340901Z   CARGO_TERM_COLOR: always
2026-09-22T23:12:59.1341311Z   CARGO_TARGET_DIR: /home/runner/work/_temp/ecorp-rust-sqlx-coverage-target
2026-09-22T23:12:59.1341737Z ##[endgroup]
2026-09-22T23:12:59.9224404Z info: cargo-llvm-cov currently setting cfg(coverage); you can opt-out it by passing --no-cfg-coverage
2026-09-22T23:12:59.9767357Z [1m[92m    Updating[0m crates.io index
2026-09-22T23:13:00.5485072Z [1m[92m Downloading[0m crates ...
2026-09-22T23:13:00.6479430Z [1m[92m  Downloaded[0m signature v2.2.0
2026-09-22T23:13:00.6499880Z [1m[92m  Downloaded[0m same-file v1.0.6
2026-09-22T23:13:00.6530434Z [1m[92m  Downloaded[0m adler2 v2.0.1
2026-09-22T23:13:00.6547425Z [1m[92m  Downloaded[0m ppv-lite86 v0.2.21
2026-09-22T23:13:00.6566399Z [1m[92m  Downloaded[0m sync_wrapper v1.0.2
2026-09-22T23:13:00.6576166Z [1m[92m  Downloaded[0m proc-macro2 v1.0.107
2026-09-22T23:13:00.6607209Z [1m[92m  Downloaded[0m tinyvec v1.12.0
2026-09-22T23:13:00.6634396Z [1m[92m  Downloaded[0m tokio-stream v0.1.19
2026-09-22T23:13:00.6698452Z [1m[92m  Downloaded[0m quick-xml v0.38.4
2026-09-22T23:13:00.6760036Z [1m[92m  Downloaded[0m quinn v0.11.11
2026-09-22T23:13:00.6794888Z [1m[92m  Downloaded[0m regex-syntax v0.8.11
2026-09-22T23:13:00.6864222Z [1m[92m  Downloaded[0m rand_core v0.6.4
2026-09-22T23:13:00.6975336Z [1m[92m  Downloaded[0m quote v1.0.47
2026-09-22T23:13:00.7007729Z [1m[92m  Downloaded[0m rand_core v0.9.5
2026-09-22T23:13:00.7024114Z [1m[92m  Downloaded[0m serde_derive v1.0.229
2026-09-22T23:13:00.7061535Z [1m[92m  Downloaded[0m thiserror-impl v1.0.69
2026-09-22T23:13:00.7075813Z [1m[92m  Downloaded[0m sharded-slab v0.1.7
2026-09-22T23:13:00.7116774Z [1m[92m  Downloaded[0m rand v0.10.2
2026-09-22T23:13:00.7159678Z [1m[92m  Downloaded[0m rustls-native-certs v0.8.4
2026-09-22T23:13:00.7175523Z [1m[92m  Downloaded[0m rand v0.8.8
2026-09-22T23:13:00.7213586Z [1m[92m  Downloaded[0m rand_chacha v0.3.1
2026-09-22T23:13:00.7225901Z [1m[92m  Downloaded[0m rand v0.9.5
2026-09-22T23:13:00.7266417Z [1m[92m  Downloaded[0m rustls-webpki v0.103.15
2026-09-22T23:13:00.7301704Z [1m[92m  Downloaded[0m rand_core v0.10.1
2026-09-22T23:13:00.7320588Z [1m[92m  Downloaded[0m thiserror v2.0.20
2026-09-22T23:13:00.7401665Z [1m[92m  Downloaded[0m serde v1.0.229
2026-09-22T23:13:00.7435406Z [1m[92m  Downloaded[0m regex-automata v0.4.18
2026-09-22T23:13:00.7584118Z [1m[92m  Downloaded[0m rustc-hash v2.1.3
2026-09-22T23:13:00.7597791Z [1m[92m  Downloaded[0m scopeguard v1.2.0
2026-09-22T23:13:00.7612096Z [1m[92m  Downloaded[0m sqlx-macros v0.8.6
2026-09-22T23:13:00.7620505Z [1m[92m  Downloaded[0m sqlx-mysql v0.8.6
2026-09-22T23:13:00.7687403Z [1m[92m  Downloaded[0m rand_pcg v0.10.2
2026-09-22T23:13:00.7703852Z [1m[92m  Downloaded[0m serde_core v1.0.229
2026-09-22T23:13:00.7736699Z [1m[92m  Downloaded[0m tokio-macros v2.7.2
2026-09-22T23:13:00.7750279Z [1m[92m  Downloaded[0m tokio-tungstenite v0.24.0
2026-09-22T23:13:00.7776774Z [1m[92m  Downloaded[0m tracing-subscriber v0.3.23
2026-09-22T23:13:00.7872020Z [1m[92m  Downloaded[0m tracing-log v0.2.0
2026-09-22T23:13:00.7887308Z [1m[92m  Downloaded[0m subtle v2.6.1
2026-09-22T23:13:00.7902591Z [1m[92m  Downloaded[0m ryu v1.0.23
2026-09-22T23:13:00.7941079Z [1m[92m  Downloaded[0m sqlx-macros-core v0.8.6
2026-09-22T23:13:00.7969460Z [1m[92m  Downloaded[0m spin v0.9.9
2026-09-22T23:13:00.8000751Z [1m[92m  Downloaded[0m spki v0.7.3
2026-09-22T23:13:00.8026794Z [1m[92m  Downloaded[0m tower v0.5.3
2026-09-22T23:13:00.8167180Z [1m[92m  Downloaded[0m thread_local v1.1.10
2026-09-22T23:13:00.8183032Z [1m[92m  Downloaded[0m rand_chacha v0.9.0
2026-09-22T23:13:00.8195879Z [1m[92m  Downloaded[0m stringprep v0.1.5
2026-09-22T23:13:00.8213083Z [1m[92m  Downloaded[0m zerofrom v0.1.8
2026-09-22T23:13:00.8224504Z [1m[92m  Downloaded[0m quinn-udp v0.5.15
2026-09-22T23:13:00.8244674Z [1m[92m  Downloaded[0m sha1 v0.10.7
2026-09-22T23:13:00.8263137Z [1m[92m  Downloaded[0m try-lock v0.2.5
2026-09-22T23:13:00.8271982Z [1m[92m  Downloaded[0m foreign-types-shared v0.1.1
2026-09-22T23:13:00.8280162Z [1m[92m  Downloaded[0m is_terminal_polyfill v1.70.2
2026-09-22T23:13:00.8289813Z [1m[92m  Downloaded[0m simd-adler32 v0.3.10
2026-09-22T23:13:00.8315693Z [1m[92m  Downloaded[0m strsim v0.11.1
2026-09-22T23:13:00.8335678Z [1m[92m  Downloaded[0m slab v0.4.12
2026-09-22T23:13:00.8354326Z [1m[92m  Downloaded[0m socket2 v0.6.5
2026-09-22T23:13:00.8379193Z [1m[92m  Downloaded[0m tower-http v0.6.11
2026-09-22T23:13:00.8527196Z [1m[92m  Downloaded[0m tungstenite v0.29.0
2026-09-22T23:13:00.8574879Z [1m[92m  Downloaded[0m synstructure v0.13.2
2026-09-22T23:13:00.8585096Z [1m[92m  Downloaded[0m tinystr v0.8.4
2026-09-22T23:13:00.8616219Z [1m[92m  Downloaded[0m tokio-native-tls v0.3.1
2026-09-22T23:13:00.8635946Z [1m[92m  Downloaded[0m crc v3.4.0
2026-09-22T23:13:00.8658958Z [1m[92m  Downloaded[0m cpufeatures v0.3.1
2026-09-22T23:13:00.8680149Z [1m[92m  Downloaded[0m serde_urlencoded v0.7.1
2026-09-22T23:13:00.8705781Z [1m[92m  Downloaded[0m stable_deref_trait v1.2.1
2026-09-22T23:13:00.8716835Z [1m[92m  Downloaded[0m lru-slab v0.1.2
2026-09-22T23:13:00.8726275Z [1m[92m  Downloaded[0m maybe-owned v0.3.4
2026-09-22T23:13:00.8745056Z [1m[92m  Downloaded[0m tower-service v0.3.3
2026-09-22T23:13:00.8766699Z [1m[92m  Downloaded[0m version_check v0.9.5
2026-09-22T23:13:00.8784723Z [1m[92m  Downloaded[0m tracing-attributes v0.1.31
2026-09-22T23:13:00.8826299Z [1m[92m  Downloaded[0m serde_path_to_error v0.1.20
2026-09-22T23:13:00.8843287Z [1m[92m  Downloaded[0m signal-hook-registry v1.4.8
2026-09-22T23:13:00.8855403Z [1m[92m  Downloaded[0m zerofrom-derive v0.1.7
2026-09-22T23:13:00.8865721Z [1m[92m  Downloaded[0m anstyle-query v1.1.5
2026-09-22T23:13:00.8877631Z [1m[92m  Downloaded[0m const-oid v0.10.2
2026-09-22T23:13:00.8902374Z [1m[92m  Downloaded[0m tinyvec_macros v0.1.1
2026-09-22T23:13:00.8911630Z [1m[92m  Downloaded[0m tower-layer v0.3.3
2026-09-22T23:13:00.8921289Z [1m[92m  Downloaded[0m digest v0.10.7
2026-09-22T23:13:00.8939504Z [1m[92m  Downloaded[0m filetime v0.2.29
2026-09-22T23:13:00.8956253Z [1m[92m  Downloaded[0m io-extras v0.19.0
2026-09-22T23:13:00.8978905Z [1m[92m  Downloaded[0m memchr v2.8.3
2026-09-22T23:13:00.9041812Z [1m[92m  Downloaded[0m num-iter v0.1.46
2026-09-22T23:13:00.9054291Z [1m[92m  Downloaded[0m openssl-probe v0.2.1
2026-09-22T23:13:00.9070209Z [1m[92m  Downloaded[0m shlex v2.0.1
2026-09-22T23:13:00.9083063Z [1m[92m  Downloaded[0m thiserror-impl v2.0.20
2026-09-22T23:13:00.9098201Z [1m[92m  Downloaded[0m tokio-tungstenite v0.28.0
2026-09-22T23:13:00.9119749Z [1m[92m  Downloaded[0m ipnet v2.12.1
2026-09-22T23:13:00.9137399Z [1m[92m  Downloaded[0m md-5 v0.10.6
2026-09-22T23:13:00.9154184Z [1m[92m  Downloaded[0m openssl-macros v0.1.1
2026-09-22T23:13:00.9163738Z [1m[92m  Downloaded[0m sha2 v0.10.9
2026-09-22T23:13:00.9189666Z [1m[92m  Downloaded[0m atomic-waker v1.1.2
2026-09-22T23:13:00.9202388Z [1m[92m  Downloaded[0m http v1.5.0
2026-09-22T23:13:00.9246183Z [1m[92m  Downloaded[0m httparse v1.10.1
2026-09-22T23:13:00.9274958Z [1m[92m  Downloaded[0m rustix-linux-procfs v0.1.1
2026-09-22T23:13:00.9290097Z [1m[92m  Downloaded[0m sha2 v0.11.0
2026-09-22T23:13:00.9328312Z [1m[92m  Downloaded[0m thiserror v1.0.69
2026-09-22T23:13:00.9386541Z [1m[92m  Downloaded[0m yoke-derive v0.8.2
2026-09-22T23:13:00.9398275Z [1m[92m  Downloaded[0m tokio-rustls v0.26.4
2026-09-22T23:13:00.9420066Z [1m[92m  Downloaded[0m tokio-tungstenite v0.29.0
2026-09-22T23:13:00.9441660Z [1m[92m  Downloaded[0m base64ct v1.8.3
2026-09-22T23:13:00.9471585Z [1m[92m  Downloaded[0m tracing-core v0.1.36
2026-09-22T23:13:00.9511385Z [1m[92m  Downloaded[0m cap-fs-ext v4.0.3
2026-09-22T23:13:00.9534857Z [1m[92m  Downloaded[0m cipher v0.4.4
2026-09-22T23:13:00.9556243Z [1m[92m  Downloaded[0m litemap v0.8.3
2026-09-22T23:13:00.9591259Z [1m[92m  Downloaded[0m sqlx-postgres v0.8.6
2026-09-22T23:13:00.9710258Z [1m[92m  Downloaded[0m futures-channel v0.3.34
2026-09-22T23:13:00.9711075Z [1m[92m  Downloaded[0m hmac v0.12.1
2026-09-22T23:13:00.9729985Z [1m[92m  Downloaded[0m universal-hash v0.5.1
2026-09-22T23:13:00.9738552Z [1m[92m  Downloaded[0m flate2 v1.1.10
2026-09-22T23:13:00.9789693Z [1m[92m  Downloaded[0m pkcs1 v0.7.5
2026-09-22T23:13:00.9818689Z [1m[92m  Downloaded[0m rustls-pki-types v1.15.1
2026-09-22T23:13:00.9855953Z [1m[92m  Downloaded[0m smallvec v1.15.2
2026-09-22T23:13:00.9873894Z [1m[92m  Downloaded[0m dirs v5.0.1
2026-09-22T23:13:00.9889439Z [1m[92m  Downloaded[0m hashbrown v0.15.5
2026-09-22T23:13:00.9945745Z [1m[92m  Downloaded[0m iana-time-zone v0.1.65
2026-09-22T23:13:00.9975882Z [1m[92m  Downloaded[0m clap_derive v4.6.7
2026-09-22T23:13:00.9999285Z [1m[92m  Downloaded[0m rsa v0.9.10
2026-09-22T23:13:01.0054860Z [1m[92m  Downloaded[0m sqlx-sqlite v0.8.6
2026-09-22T23:13:01.0103180Z [1m[92m  Downloaded[0m tar v0.4.46
2026-09-22T23:13:01.0133546Z [1m[92m  Downloaded[0m tungstenite v0.24.0
2026-09-22T23:13:01.0167065Z [1m[92m  Downloaded[0m unicode-bidi v0.3.18
2026-09-22T23:13:01.0192473Z [1m[92m  Downloaded[0m zeroize v1.9.0
2026-09-22T23:13:01.0208836Z [1m[92m  Downloaded[0m chacha20 v0.10.2
2026-09-22T23:13:01.0233846Z [1m[92m  Downloaded[0m getrandom v0.4.3
2026-09-22T23:13:01.0274443Z [1m[92m  Downloaded[0m icu_normalizer_data v2.3.0
2026-09-22T23:13:01.0297011Z [1m[92m  Downloaded[0m futures-intrusive v0.5.0
2026-09-22T23:13:01.0343449Z [1m[92m  Downloaded[0m tungstenite v0.28.0
2026-09-22T23:13:01.0378475Z [1m[92m  Downloaded[0m yoke v0.8.3
2026-09-22T23:13:01.0397581Z [1m[92m  Downloaded[0m axum-macros v0.5.1
2026-09-22T23:13:01.0514825Z [1m[92m  Downloaded[0m sqlx-core v0.8.6
2026-09-22T23:13:01.0597337Z [1m[92m  Downloaded[0m unicode-properties v0.1.4
2026-09-22T23:13:01.0616330Z [1m[92m  Downloaded[0m flume v0.11.1
2026-09-22T23:13:01.0652988Z [1m[92m  Downloaded[0m icu_properties v2.3.0
2026-09-22T23:13:01.0685229Z [1m[92m  Downloaded[0m typenum v1.20.1
2026-09-22T23:13:01.0720625Z [1m[92m  Downloaded[0m untrusted v0.9.0
2026-09-22T23:13:01.0738578Z [1m[92m  Downloaded[0m chacha20poly1305 v0.10.1
2026-09-22T23:13:01.0755408Z [1m[92m  Downloaded[0m reqwest v0.12.28
2026-09-22T23:13:01.0811079Z [1m[92m  Downloaded[0m anstyle v1.0.14
2026-09-22T23:13:01.0825711Z [1m[92m  Downloaded[0m axum-core v0.5.6
2026-09-22T23:13:01.0848618Z [1m[92m  Downloaded[0m colorchoice v1.0.5
2026-09-22T23:13:01.0858711Z [1m[92m  Downloaded[0m crypto-common v0.1.7
2026-09-22T23:13:01.0868468Z [1m[92m  Downloaded[0m hashbrown v0.14.5
2026-09-22T23:13:01.0916296Z [1m[92m  Downloaded[0m num-bigint-dig v0.8.6
2026-09-22T23:13:01.0962640Z [1m[92m  Downloaded[0m quinn-proto v0.11.17
2026-09-22T23:13:01.1037010Z [1m[92m  Downloaded[0m regex v1.13.1
2026-09-22T23:13:01.1091888Z [1m[92m  Downloaded[0m serde_json v1.0.151
2026-09-22T23:13:01.1166883Z [1m[92m  Downloaded[0m sqlx v0.8.6
2026-09-22T23:13:01.1314497Z [1m[92m  Downloaded[0m tokio-util v0.7.19
2026-09-22T23:13:01.1396089Z [1m[92m  Downloaded[0m ureq v2.12.1
2026-09-22T23:13:01.1449806Z [1m[92m  Downloaded[0m futures-util v0.3.34
2026-09-22T23:13:01.1589945Z [1m[92m  Downloaded[0m hyper v1.11.1
2026-09-22T23:13:01.1690564Z [1m[92m  Downloaded[0m icu_properties_data v2.3.0
2026-09-22T23:13:01.1801858Z [1m[92m  Downloaded[0m unicode-normalization v0.1.25
2026-09-22T23:13:01.1835942Z [1m[92m  Downloaded[0m uuid v1.26.1
2026-09-22T23:13:01.1866986Z [1m[92m  Downloaded[0m webpki-roots v1.0.9
2026-09-22T23:13:01.1897660Z [1m[92m  Downloaded[0m atoi v2.0.0
2026-09-22T23:13:01.1912647Z [1m[92m  Downloaded[0m axum v0.8.9
2026-09-22T23:13:01.1996244Z [1m[92m  Downloaded[0m syn v2.0.119
2026-09-22T23:13:01.2104806Z [1m[92m  Downloaded[0m zerocopy v0.8.56
2026-09-22T23:13:01.2327596Z [1m[92m  Downloaded[0m aho-corasick v1.1.5
2026-09-22T23:13:01.2381387Z [1m[92m  Downloaded[0m crc32fast v1.5.1
2026-09-22T23:13:01.2402107Z [1m[92m  Downloaded[0m rustls v0.23.43
2026-09-22T23:13:01.2521991Z [1m[92m  Downloaded[0m syn v3.0.4
2026-09-22T23:13:01.2629716Z [1m[92m  Downloaded[0m vcpkg v0.2.15
2026-09-22T23:13:01.3191107Z [1m[92m  Downloaded[0m nu-ansi-term v0.50.3
2026-09-22T23:13:01.3214668Z [1m[92m  Downloaded[0m tracing v0.1.44
2026-09-22T23:13:01.3383339Z [1m[92m  Downloaded[0m byteorder v1.5.0
2026-09-22T23:13:01.3399588Z [1m[92m  Downloaded[0m num-integer v0.1.47
2026-09-22T23:13:01.3420033Z [1m[92m  Downloaded[0m rustix v1.1.4
2026-09-22T23:13:01.3699777Z [1m[92m  Downloaded[0m crypto-common v0.2.2
2026-09-22T23:13:01.3710094Z [1m[92m  Downloaded[0m cap-std v4.0.3
2026-09-22T23:13:01.3741923Z [1m[92m  Downloaded[0m http-body v1.1.0
2026-09-22T23:13:01.3752341Z [1m[92m  Downloaded[0m libc v0.2.189
2026-09-22T23:13:01.4243242Z [1m[92m  Downloaded[0m pem-rfc7468 v0.7.0
2026-09-22T23:13:01.4264888Z [1m[92m  Downloaded[0m tokio v1.53.1
2026-09-22T23:13:01.4733933Z [1m[92m  Downloaded[0m clap_lex v1.1.0
2026-09-22T23:13:01.4745025Z [1m[92m  Downloaded[0m futures-executor v0.3.34
2026-09-22T23:13:01.4760974Z [1m[92m  Downloaded[0m lazy_static v1.5.0
2026-09-22T23:13:01.4778875Z [1m[92m  Downloaded[0m potential_utf v0.1.6
2026-09-22T23:13:01.4790358Z [1m[92m  Downloaded[0m zerovec v0.11.8
2026-09-22T23:13:01.4852240Z [1m[92m  Downloaded[0m ambient-authority v0.0.2
2026-09-22T23:13:01.4865799Z [1m[92m  Downloaded[0m autocfg v1.5.1
2026-09-22T23:13:01.4884925Z [1m[92m  Downloaded[0m base64 v0.22.1
2026-09-22T23:13:01.4924613Z [1m[92m  Downloaded[0m cap-primitives v4.0.3
2026-09-22T23:13:01.5040636Z [1m[92m  Downloaded[0m cc v1.4.4
2026-09-22T23:13:01.5072361Z [1m[92m  Downloaded[0m errno v0.3.14
2026-09-22T23:13:01.5087816Z [1m[92m  Downloaded[0m hashlink v0.10.0
2026-09-22T23:13:01.5106395Z [1m[92m  Downloaded[0m crossbeam-utils v0.8.22
2026-09-22T23:13:01.5134950Z [1m[92m  Downloaded[0m ring v0.17.14
2026-09-22T23:13:01.5561820Z [1m[92m  Downloaded[0m cfg-if v1.0.4
2026-09-22T23:13:01.5575297Z [1m[92m  Downloaded[0m futures-sink v0.3.34
2026-09-22T23:13:01.5584007Z [1m[92m  Downloaded[0m utf8parse v0.2.2
2026-09-22T23:13:01.5594074Z [1m[92m  Downloaded[0m hex v0.4.3
2026-09-22T23:13:01.5610249Z [1m[92m  Downloaded[0m const-oid v0.9.6
2026-09-22T23:13:01.5629259Z [1m[92m  Downloaded[0m icu_locale_core v2.3.0
2026-09-22T23:13:01.5702687Z [1m[92m  Downloaded[0m allocator-api2 v0.2.21
2026-09-22T23:13:01.5729485Z [1m[92m  Downloaded[0m cpufeatures v0.2.17
2026-09-22T23:13:01.5743875Z [1m[92m  Downloaded[0m foreign-types v0.3.2
2026-09-22T23:13:01.5751900Z [1m[92m  Downloaded[0m itoa v1.0.18
2026-09-22T23:13:01.5766693Z [1m[92m  Downloaded[0m native-tls v0.2.18
2026-09-22T23:13:01.5782014Z [1m[92m  Downloaded[0m percent-encoding v2.3.2
2026-09-22T23:13:01.5791270Z [1m[92m  Downloaded[0m writeable v0.6.4
2026-09-22T23:13:01.5812829Z [1m[92m  Downloaded[0m block-buffer v0.12.1
2026-09-22T23:13:01.5825706Z [1m[92m  Downloaded[0m walkdir v2.5.0
2026-09-22T23:13:01.5844770Z [1m[92m  Downloaded[0m fnv v1.0.7
2026-09-22T23:13:01.5853880Z [1m[92m  Downloaded[0m futures-io v0.3.34
2026-09-22T23:13:01.5863064Z [1m[92m  Downloaded[0m inout v0.1.4
2026-09-22T23:13:01.5874265Z [1m[92m  Downloaded[0m parking_lot_core v0.9.12
2026-09-22T23:13:01.5895703Z [1m[92m  Downloaded[0m linux-raw-sys v0.12.1
2026-09-22T23:13:01.6525548Z [1m[92m  Downloaded[0m anstream v1.0.0
2026-09-22T23:13:01.6546275Z [1m[92m  Downloaded[0m utf8_iter v1.0.4
2026-09-22T23:13:01.6557712Z [1m[92m  Downloaded[0m digest v0.11.3
2026-09-22T23:13:01.6582339Z [1m[92m  Downloaded[0m futures-task v0.3.34
2026-09-22T23:13:01.6595172Z [1m[92m  Downloaded[0m humantime v2.4.0
2026-09-22T23:13:01.6614168Z [1m[92m  Downloaded[0m idna_adapter v1.2.2
2026-09-22T23:13:01.6624816Z [1m[92m  Downloaded[0m zip v2.4.2
2026-09-22T23:13:01.6667233Z [1m[92m  Downloaded[0m base64 v0.23.1
2026-09-22T23:13:01.6707791Z [1m[92m  Downloaded[0m bitflags v2.13.1
2026-09-22T23:13:01.6754816Z [1m[92m  Downloaded[0m aead v0.5.2
2026-09-22T23:13:01.6766663Z [1m[92m  Downloaded[0m form_urlencoded v1.2.2
2026-09-22T23:13:01.6775513Z [1m[92m  Downloaded[0m hyper-tls v0.6.0
2026-09-22T23:13:01.6790064Z [1m[92m  Downloaded[0m option-ext v0.2.0
2026-09-22T23:13:01.6799147Z [1m[92m  Downloaded[0m dirs-sys v0.4.1
2026-09-22T23:13:01.6813420Z [1m[92m  Downloaded[0m equivalent v1.0.2
2026-09-22T23:13:01.6824233Z [1m[92m  Downloaded[0m home v0.5.12
2026-09-22T23:13:01.6835702Z [1m[92m  Downloaded[0m io-lifetimes v2.0.4
2026-09-22T23:13:01.6853323Z [1m[92m  Downloaded[0m opaque-debug v0.3.1
2026-09-22T23:13:01.6863857Z [1m[92m  Downloaded[0m parking v2.2.1
2026-09-22T23:13:01.6875281Z [1m[92m  Downloaded[0m zlib-rs v0.6.7
2026-09-22T23:13:01.6931239Z [1m[92m  Downloaded[0m clap_builder v4.6.7
2026-09-22T23:13:01.6996775Z [1m[92m  Downloaded[0m ctutils v0.4.2
2026-09-22T23:13:01.7016901Z [1m[92m  Downloaded[0m event-listener v5.4.2
2026-09-22T23:13:01.7035270Z [1m[92m  Downloaded[0m hybrid-array v0.4.15
2026-09-22T23:13:01.7058784Z [1m[92m  Downloaded[0m io-lifetimes v3.0.1
2026-09-22T23:13:01.7076417Z [1m[92m  Downloaded[0m once_cell v1.21.4
2026-09-22T23:13:01.7102934Z [1m[92m  Downloaded[0m webpki-roots v0.26.11
2026-09-22T23:13:01.7116093Z [1m[92m  Downloaded[0m zerovec-derive v0.11.6
2026-09-22T23:13:01.7134244Z [1m[92m  Downloaded[0m async-trait v0.1.92
2026-09-22T23:13:01.7173870Z [1m[92m  Downloaded[0m block-buffer v0.10.4
2026-09-22T23:13:01.7185073Z [1m[92m  Downloaded[0m bumpalo v3.20.3
2026-09-22T23:13:01.7212165Z [1m[92m  Downloaded[0m bytes v1.12.1
2026-09-22T23:13:01.7248653Z [1m[92m  Downloaded[0m cfg_aliases v0.2.2
2026-09-22T23:13:01.7259394Z [1m[92m  Downloaded[0m chacha20 v0.9.1
2026-09-22T23:13:01.7279190Z [1m[92m  Downloaded[0m dotenvy v0.15.7
2026-09-22T23:13:01.7309206Z [1m[92m  Downloaded[0m find-msvc-tools v0.1.11
2026-09-22T23:13:01.7326313Z [1m[92m  Downloaded[0m futures v0.3.34
2026-09-22T23:13:01.7378765Z [1m[92m  Downloaded[0m getrandom v0.2.17
2026-09-22T23:13:01.7409734Z [1m[92m  Downloaded[0m icu_collections v2.3.0
2026-09-22T23:13:01.7475403Z [1m[92m  Downloaded[0m mio v1.2.2
2026-09-22T23:13:01.7539396Z [1m[92m  Downloaded[0m unicode-ident v1.0.24
2026-09-22T23:13:01.7568352Z [1m[92m  Downloaded[0m url v2.5.8
2026-09-22T23:13:01.7595328Z [1m[92m  Downloaded[0m xattr v1.6.1
2026-09-22T23:13:01.7617345Z [1m[92m  Downloaded[0m der v0.7.10
2026-09-22T23:13:01.7673702Z [1m[92m  Downloaded[0m hashbrown v0.17.1
2026-09-22T23:13:01.7728043Z [1m[92m  Downloaded[0m hkdf v0.12.4
2026-09-22T23:13:01.7753135Z [1m[92m  Downloaded[0m indexmap v2.14.1
2026-09-22T23:13:01.7797561Z [1m[92m  Downloaded[0m zerotrie v0.2.5
2026-09-22T23:13:01.7838549Z [1m[92m  Downloaded[0m h2 v0.4.19
2026-09-22T23:13:01.7905398Z [1m[92m  Downloaded[0m libm v0.2.16
2026-09-22T23:13:01.8019414Z [1m[92m  Downloaded[0m openssl v0.10.81
2026-09-22T23:13:01.8119476Z [1m[92m  Downloaded[0m openssl-sys v0.9.117
2026-09-22T23:13:01.8177854Z [1m[92m  Downloaded[0m github-copilot-sdk v1.0.11
2026-09-22T23:13:01.8345613Z [1m[92m  Downloaded[0m httpdate v1.0.3
2026-09-22T23:13:01.8358319Z [1m[92m  Downloaded[0m pin-project-lite v0.2.17
2026-09-22T23:13:01.8420225Z [1m[92m  Downloaded[0m want v0.3.1
2026-09-22T23:13:01.8430278Z [1m[92m  Downloaded[0m idna v1.1.0
2026-09-22T23:13:01.8467082Z [1m[92m  Downloaded[0m whoami v1.6.1
2026-09-22T23:13:01.8488221Z [1m[92m  Downloaded[0m chrono v0.4.45
2026-09-22T23:13:01.8556978Z [1m[92m  Downloaded[0m utf-8 v0.7.6
2026-09-22T23:13:01.8569621Z [1m[92m  Downloaded[0m clap v4.6.7
2026-09-22T23:13:01.8674939Z [1m[92m  Downloaded[0m cmov v0.5.4
2026-09-22T23:13:01.8693912Z [1m[92m  Downloaded[0m zopfli v0.8.3
2026-09-22T23:13:01.8718293Z [1m[92m  Downloaded[0m crossbeam-queue v0.3.13
2026-09-22T23:13:01.8732506Z [1m[92m  Downloaded[0m poly1305 v0.8.0
2026-09-22T23:13:01.8758388Z [1m[92m  Downloaded[0m libsqlite3-sys v0.30.1
2026-09-22T23:13:01.9340165Z [1m[92m  Downloaded[0m miniz_oxide v0.9.1
2026-09-22T23:13:01.9366068Z [1m[92m  Downloaded[0m crc-catalog v2.5.0
2026-09-22T23:13:01.9380852Z [1m[92m  Downloaded[0m matchers v0.2.0
2026-09-22T23:13:01.9392429Z [1m[92m  Downloaded[0m foldhash v0.1.5
2026-09-22T23:13:01.9405446Z [1m[92m  Downloaded[0m hyper-rustls v0.27.9
2026-09-22T23:13:01.9420448Z [1m[92m  Downloaded[0m futures-core v0.3.34
2026-09-22T23:13:01.9434811Z [1m[92m  Downloaded[0m hmac v0.13.0
2026-09-22T23:13:01.9456978Z [1m[92m  Downloaded[0m itertools v0.14.0
2026-09-22T23:13:01.9529770Z [1m[92m  Downloaded[0m pkcs8 v0.10.2
2026-09-22T23:13:01.9560196Z [1m[92m  Downloaded[0m fs-set-times v0.20.3
2026-09-22T23:13:01.9575135Z [1m[92m  Downloaded[0m pkg-config v0.3.34
2026-09-22T23:13:01.9591808Z [1m[92m  Downloaded[0m anyhow v1.0.104
2026-09-22T23:13:01.9633671Z [1m[92m  Downloaded[0m futures-macro v0.3.34
2026-09-22T23:13:01.9651402Z [1m[92m  Downloaded[0m mime v0.3.17
2026-09-22T23:13:01.9659507Z [1m[92m  Downloaded[0m getrandom v0.3.4
2026-09-22T23:13:01.9695677Z [1m[92m  Downloaded[0m log v0.4.34
2026-09-22T23:13:01.9722366Z [1m[92m  Downloaded[0m hyper-util v0.1.20
2026-09-22T23:13:01.9787467Z [1m[92m  Downloaded[0m data-encoding v2.11.1
2026-09-22T23:13:01.9797891Z [1m[92m  Downloaded[0m num-traits v0.2.19
2026-09-22T23:13:01.9825174Z [1m[92m  Downloaded[0m http-body-util v0.1.5
2026-09-22T23:13:01.9845933Z [1m[92m  Downloaded[0m either v1.18.0
2026-09-22T23:13:01.9861514Z [1m[92m  Downloaded[0m icu_normalizer v2.3.0
2026-09-22T23:13:01.9957811Z [1m[92m  Downloaded[0m generic-array v0.14.7
2026-09-22T23:13:01.9972875Z [1m[92m  Downloaded[0m dashmap v6.2.1
2026-09-22T23:13:01.9999191Z [1m[92m  Downloaded[0m heck v0.5.0
2026-09-22T23:13:02.0013008Z [1m[92m  Downloaded[0m lock_api v0.4.14
2026-09-22T23:13:02.0026274Z [1m[92m  Downloaded[0m zmij v1.0.23
2026-09-22T23:13:02.0045320Z [1m[92m  Downloaded[0m parking_lot v0.12.5
2026-09-22T23:13:02.0071027Z [1m[92m  Downloaded[0m icu_provider v2.3.1
2026-09-22T23:13:02.0098330Z [1m[92m  Downloaded[0m matchit v0.8.4
2026-09-22T23:13:02.0122369Z [1m[92m  Downloaded[0m anstyle-parse v1.0.0
2026-09-22T23:13:02.0138954Z [1m[92m  Downloaded[0m object_store v0.12.5
2026-09-22T23:13:02.0240259Z [1m[92m  Downloaded[0m displaydoc v0.2.7
2026-09-22T23:13:02.1323046Z [1m[92m   Compiling[0m proc-macro2 v1.0.107
2026-09-22T23:13:02.1330529Z [1m[92m   Compiling[0m unicode-ident v1.0.24
2026-09-22T23:13:02.1760964Z [1m[92m   Compiling[0m quote v1.0.47
2026-09-22T23:13:02.2963152Z [1m[92m   Compiling[0m cfg-if v1.0.4
2026-09-22T23:13:02.3180383Z [1m[92m   Compiling[0m libc v0.2.189
2026-09-22T23:13:02.8716613Z [1m[92m   Compiling[0m syn v3.0.4
2026-09-22T23:13:03.1380051Z [1m[92m   Compiling[0m serde v1.0.229
2026-09-22T23:13:03.2645452Z [1m[92m   Compiling[0m syn v2.0.119
2026-09-22T23:13:06.1948616Z [1m[92m   Compiling[0m serde_derive v1.0.229
2026-09-22T23:13:06.8889522Z [1m[92m   Compiling[0m serde_core v1.0.229
2026-09-22T23:13:08.1564461Z [1m[92m   Compiling[0m version_check v0.9.5
2026-09-22T23:13:08.3067178Z [1m[92m   Compiling[0m generic-array v0.14.7
2026-09-22T23:13:08.3664277Z [1m[92m   Compiling[0m getrandom v0.2.17
2026-09-22T23:13:08.4681021Z [1m[92m   Compiling[0m shlex v2.0.1
2026-09-22T23:13:08.5500354Z [1m[92m   Compiling[0m find-msvc-tools v0.1.11
2026-09-22T23:13:08.6720548Z [1m[92m   Compiling[0m cc v1.4.4
2026-09-22T23:13:08.9746301Z [1m[92m   Compiling[0m pin-project-lite v0.2.17
2026-09-22T23:13:09.0058141Z [1m[92m   Compiling[0m memchr v2.8.3
2026-09-22T23:13:09.5219696Z [1m[92m   Compiling[0m once_cell v1.21.4
2026-09-22T23:13:09.6385559Z [1m[92m   Compiling[0m subtle v2.6.1
2026-09-22T23:13:09.6482074Z [1m[92m   Compiling[0m itoa v1.0.18
2026-09-22T23:13:09.7015439Z [1m[92m   Compiling[0m futures-core v0.3.34
2026-09-22T23:13:09.7361041Z [1m[92m   Compiling[0m bytes v1.12.1
2026-09-22T23:13:09.7626455Z [1m[92m   Compiling[0m synstructure v0.13.2
2026-09-22T23:13:10.1025773Z [1m[92m   Compiling[0m parking_lot_core v0.9.12
2026-09-22T23:13:10.1810289Z [1m[92m   Compiling[0m typenum v1.20.1
2026-09-22T23:13:10.1913669Z [1m[92m   Compiling[0m zerofrom-derive v0.1.7
2026-09-22T23:13:10.7906369Z [1m[92m   Compiling[0m scopeguard v1.2.0
2026-09-22T23:13:10.8242265Z [1m[92m   Compiling[0m lock_api v0.4.14
2026-09-22T23:13:10.9441233Z [1m[92m   Compiling[0m zerofrom v0.1.8
2026-09-22T23:13:10.9782073Z [1m[92m   Compiling[0m yoke-derive v0.8.2
2026-09-22T23:13:11.0093563Z [1m[92m   Compiling[0m smallvec v1.15.2
2026-09-22T23:13:11.1587476Z [1m[92m   Compiling[0m stable_deref_trait v1.2.1
2026-09-22T23:13:11.1868458Z [1m[92m   Compiling[0m rand_core v0.6.4
2026-09-22T23:13:11.3363860Z [1m[92m   Compiling[0m bitflags v2.13.1
2026-09-22T23:13:11.4676493Z [1m[92m   Compiling[0m zerovec-derive v0.11.6
2026-09-22T23:13:11.6626729Z [1m[92m   Compiling[0m yoke v0.8.3
2026-09-22T23:13:11.7561415Z [1m[92m   Compiling[0m displaydoc v0.2.7
2026-09-22T23:13:12.1423014Z [1m[92m   Compiling[0m mio v1.2.2
2026-09-22T23:13:12.1532786Z [1m[92m   Compiling[0m zerovec v0.11.8
2026-09-22T23:13:12.4790565Z [1m[92m   Compiling[0m socket2 v0.6.5
2026-09-22T23:13:12.8299643Z [1m[92m   Compiling[0m log v0.4.34
2026-09-22T23:13:12.8722700Z [1m[92m   Compiling[0m tinystr v0.8.4
2026-09-22T23:13:12.9726211Z [1m[92m   Compiling[0m zeroize v1.9.0
2026-09-22T23:13:13.0552810Z [1m[92m   Compiling[0m writeable v0.6.4
2026-09-22T23:13:13.0823738Z [1m[92m   Compiling[0m litemap v0.8.3
2026-09-22T23:13:13.1848070Z [1m[92m   Compiling[0m icu_locale_core v2.3.0
2026-09-22T23:13:13.1890365Z [1m[92m   Compiling[0m potential_utf v0.1.6
2026-09-22T23:13:13.2507940Z [1m[92m   Compiling[0m zerotrie v0.2.5
2026-09-22T23:13:13.4426140Z [1m[92m   Compiling[0m utf8_iter v1.0.4
2026-09-22T23:13:13.5020925Z [1m[92m   Compiling[0m icu_normalizer_data v2.3.0
2026-09-22T23:13:13.5709673Z [1m[92m   Compiling[0m icu_collections v2.3.0
2026-09-22T23:13:13.9243898Z [1m[92m   Compiling[0m icu_provider v2.3.1
2026-09-22T23:13:14.0509719Z [1m[92m   Compiling[0m parking_lot v0.12.5
2026-09-22T23:13:14.1162968Z [1m[92m   Compiling[0m crypto-common v0.1.7
2026-09-22T23:13:14.1621859Z [1m[92m   Compiling[0m errno v0.3.14
2026-09-22T23:13:14.2249552Z [1m[92m   Compiling[0m icu_properties_data v2.3.0
2026-09-22T23:13:14.2894882Z [1m[92m   Compiling[0m futures-sink v0.3.34
2026-09-22T23:13:14.3260553Z [1m[92m   Compiling[0m percent-encoding v2.3.2
2026-09-22T23:13:14.3385742Z [1m[92m   Compiling[0m futures-io v0.3.34
2026-09-22T23:13:14.4064491Z [1m[92m   Compiling[0m futures-task v0.3.34
2026-09-22T23:13:14.4178076Z [1m[92m   Compiling[0m equivalent v1.0.2
2026-09-22T23:13:14.4494902Z [1m[92m   Compiling[0m signal-hook-registry v1.4.8
2026-09-22T23:13:14.5146349Z [1m[92m   Compiling[0m tracing-attributes v0.1.31
2026-09-22T23:13:14.6167908Z [1m[92m   Compiling[0m tokio-macros v2.7.2
2026-09-22T23:13:14.9484341Z [1m[92m   Compiling[0m cpufeatures v0.2.17
2026-09-22T23:13:14.9743725Z [1m[92m   Compiling[0m tokio v1.53.1
2026-09-22T23:13:15.3207143Z [1m[92m   Compiling[0m rustls-pki-types v1.15.1
2026-09-22T23:13:15.6583109Z [1m[92m   Compiling[0m hashbrown v0.17.1
2026-09-22T23:13:16.0241016Z [1m[92m   Compiling[0m zmij v1.0.23
2026-09-22T23:13:16.1221307Z [1m[92m   Compiling[0m zerocopy v0.8.56
2026-09-22T23:13:16.3039385Z [1m[92m   Compiling[0m icu_properties v2.3.0
2026-09-22T23:13:17.2139533Z [1m[92m   Compiling[0m untrusted v0.9.0
2026-09-22T23:13:17.2540216Z [1m[92m   Compiling[0m slab v0.4.12
2026-09-22T23:13:17.3321953Z [1m[92m   Compiling[0m serde_json v1.0.151
2026-09-22T23:13:20.0706342Z [1m[92m   Compiling[0m futures-channel v0.3.34
2026-09-22T23:13:20.0841036Z [1m[92m   Compiling[0m ppv-lite86 v0.2.21
2026-09-22T23:13:20.1895153Z [1m[92m   Compiling[0m tracing-core v0.1.36
2026-09-22T23:13:20.2950243Z [1m[92m   Compiling[0m futures-macro v0.3.34
2026-09-22T23:13:20.5849508Z [1m[92m   Compiling[0m autocfg v1.5.1
2026-09-22T23:13:20.7173675Z [1m[92m   Compiling[0m rustls v0.23.43
2026-09-22T23:13:20.7762283Z [1m[92m   Compiling[0m thiserror v2.0.20
2026-09-22T23:13:20.8191904Z [1m[92m   Compiling[0m num-traits v0.2.19
2026-09-22T23:13:20.8862264Z [1m[92m   Compiling[0m futures-util v0.3.34
2026-09-22T23:13:20.9513675Z [1m[92m   Compiling[0m block-buffer v0.10.4
2026-09-22T23:13:21.0034537Z [1m[92m   Compiling[0m http v1.5.0
2026-09-22T23:13:21.7693229Z [1m[92m   Compiling[0m thiserror-impl v2.0.20
2026-09-22T23:13:22.4919944Z [1m[92m   Compiling[0m base64 v0.22.1
2026-09-22T23:13:22.7238158Z [1m[92m   Compiling[0m digest v0.10.7
2026-09-22T23:13:22.8324290Z [1m[92m   Compiling[0m tracing v0.1.44
2026-09-22T23:13:22.9515550Z [1m[92m   Compiling[0m vcpkg v0.2.15
2026-09-22T23:13:22.9872948Z [1m[92m   Compiling[0m pkg-config v0.3.34
2026-09-22T23:13:23.3774688Z [1m[92m   Compiling[0m openssl-sys v0.9.117
2026-09-22T23:13:23.6310515Z [1m[92m   Compiling[0m ring v0.17.14
2026-09-22T23:13:25.4236534Z [1m[92m   Compiling[0m httparse v1.10.1
2026-09-22T23:13:25.5638479Z [1m[92m   Compiling[0m iana-time-zone v0.1.65
2026-09-22T23:13:25.7354812Z [1m[92m   Compiling[0m tokio-util v0.7.19
2026-09-22T23:13:26.2055763Z [1m[92m   Compiling[0m webpki-roots v1.0.9
2026-09-22T23:13:26.8059683Z [1m[92m   Compiling[0m indexmap v2.14.1
2026-09-22T23:13:27.2596328Z [1m[92m   Compiling[0m openssl v0.10.81
2026-09-22T23:13:27.3470645Z [1m[92m   Compiling[0m openssl-probe v0.2.1
2026-09-22T23:13:27.4286708Z [1m[92m   Compiling[0m foreign-types-shared v0.1.1
2026-09-22T23:13:27.4537460Z [1m[92m   Compiling[0m foreign-types v0.3.2
2026-09-22T23:13:27.4827488Z [1m[92m   Compiling[0m rustls-webpki v0.103.15
2026-09-22T23:13:28.3044382Z [1m[92m   Compiling[0m openssl-macros v0.1.1
2026-09-22T23:13:28.4162223Z [1m[92m   Compiling[0m getrandom v0.4.3
2026-09-22T23:13:28.4994446Z [1m[92m   Compiling[0m native-tls v0.2.18
2026-09-22T23:13:31.4690623Z [1m[92m   Compiling[0m icu_normalizer v2.3.0
2026-09-22T23:13:31.9187235Z [1m[92m   Compiling[0m form_urlencoded v1.2.2
2026-09-22T23:13:32.8572876Z [1m[92m   Compiling[0m idna_adapter v1.2.2
2026-09-22T23:13:32.9886967Z [1m[92m   Compiling[0m http-body v1.1.0
2026-09-22T23:13:33.0475388Z [1m[92m   Compiling[0m uuid v1.26.1
2026-09-22T23:13:33.3268680Z [1m[92m   Compiling[0m idna v1.1.0
2026-09-22T23:13:33.7622322Z [1m[92m   Compiling[0m chrono v0.4.45
2026-09-22T23:13:33.9154056Z [1m[92m   Compiling[0m ipnet v2.12.1
2026-09-22T23:13:34.2705801Z [1m[92m   Compiling[0m tower-service v0.3.3
2026-09-22T23:13:34.3013495Z [1m[92m   Compiling[0m getrandom v0.3.4
2026-09-22T23:13:34.4260131Z [1m[92m   Compiling[0m url v2.5.8
2026-09-22T23:13:35.0316232Z [1m[92m   Compiling[0m fnv v1.0.7
2026-09-22T23:13:35.0617861Z [1m[92m   Compiling[0m try-lock v0.2.5
2026-09-22T23:13:35.0936868Z [1m[92m   Compiling[0m atomic-waker v1.1.2
2026-09-22T23:13:35.1390255Z [1m[92m   Compiling[0m h2 v0.4.19
2026-09-22T23:13:35.1423265Z [1m[92m   Compiling[0m want v0.3.1
2026-09-22T23:13:35.8150084Z [1m[92m   Compiling[0m httpdate v1.0.3
2026-09-22T23:13:35.9987282Z [1m[92m   Compiling[0m rand_core v0.9.5
2026-09-22T23:13:36.2919939Z [1m[92m   Compiling[0m sha1 v0.10.7
2026-09-22T23:13:36.3984164Z [1m[92m   Compiling[0m sync_wrapper v1.0.2
2026-09-22T23:13:36.4347091Z [1m[92m   Compiling[0m data-encoding v2.11.1
2026-09-22T23:13:37.0177100Z [1m[92m   Compiling[0m tower-layer v0.3.3
2026-09-22T23:13:37.0989664Z [1m[92m   Compiling[0m heck v0.5.0
2026-09-22T23:13:37.1996642Z [1m[92m   Compiling[0m rand_chacha v0.9.0
2026-09-22T23:13:38.0787153Z [1m[92m   Compiling[0m hyper v1.11.1
2026-09-22T23:13:38.9511373Z [1m[92m   Compiling[0m hyper-util v0.1.20
2026-09-22T23:13:39.4675134Z [1m[92m   Compiling[0m http-body-util v0.1.5
2026-09-22T23:13:39.6128135Z [1m[92m   Compiling[0m rand_chacha v0.3.1
2026-09-22T23:13:40.3213520Z [1m[92m   Compiling[0m rand v0.9.5
2026-09-22T23:13:40.5885706Z [1m[92m   Compiling[0m tower v0.5.3
2026-09-22T23:13:40.7223506Z [1m[92m   Compiling[0m tokio-native-tls v0.3.1
2026-09-22T23:13:40.7874477Z [1m[92m   Compiling[0m tokio-rustls v0.26.4
2026-09-22T23:13:41.1692358Z [1m[92m   Compiling[0m ryu v1.0.23
2026-09-22T23:13:41.2527828Z [1m[92m   Compiling[0m serde_urlencoded v0.7.1
2026-09-22T23:13:41.3821515Z [1m[92m   Compiling[0m sha2 v0.10.9
2026-09-22T23:13:41.5892544Z [1m[92m   Compiling[0m crony-domain v0.1.0 (/home/runner/work/ecorp/ecorp/crates/crony-domain)
2026-09-22T23:13:42.8160378Z [1m[92m   Compiling[0m rustls-native-certs v0.8.4
2026-09-22T23:13:43.0031098Z [1m[92m   Compiling[0m webpki-roots v0.26.11
2026-09-22T23:13:43.9533128Z [1m[92m   Compiling[0m foldhash v0.1.5
2026-09-22T23:13:44.0288513Z [1m[92m   Compiling[0m anyhow v1.0.104
2026-09-22T23:13:44.1032300Z [1m[92m   Compiling[0m utf8parse v0.2.2
2026-09-22T23:13:44.1453678Z [1m[92m   Compiling[0m allocator-api2 v0.2.21
2026-09-22T23:13:44.2125848Z [1m[92m   Compiling[0m anstyle-parse v1.0.0
2026-09-22T23:13:44.2897316Z [1m[92m   Compiling[0m hyper-rustls v0.27.9
2026-09-22T23:13:44.3540781Z [1m[92m   Compiling[0m hashbrown v0.15.5
2026-09-22T23:13:44.4661183Z [1m[92m   Compiling[0m tower-http v0.6.11
2026-09-22T23:13:44.7319289Z [1m[92m   Compiling[0m hyper-tls v0.6.0
2026-09-22T23:13:44.8358281Z [1m[92m   Compiling[0m parking v2.2.1
2026-09-22T23:13:44.9089949Z [1m[92m   Compiling[0m crossbeam-utils v0.8.22
2026-09-22T23:13:45.0139194Z [1m[92m   Compiling[0m anstyle-query v1.1.5
2026-09-22T23:13:45.0468528Z [1m[92m   Compiling[0m rustix v1.1.4
2026-09-22T23:13:45.1924162Z [1m[92m   Compiling[0m colorchoice v1.0.5
2026-09-22T23:13:45.2096823Z [1m[92m   Compiling[0m is_terminal_polyfill v1.70.2
2026-09-22T23:13:45.2283253Z [1m[92m   Compiling[0m crc-catalog v2.5.0
2026-09-22T23:13:45.2400683Z [1m[92m   Compiling[0m tinyvec_macros v0.1.1
2026-09-22T23:13:45.2620464Z [1m[92m   Compiling[0m anstyle v1.0.14
2026-09-22T23:13:45.3786839Z [1m[92m   Compiling[0m anstream v1.0.0
2026-09-22T23:13:45.3848065Z [1m[92m   Compiling[0m crc v3.4.0
2026-09-22T23:13:45.4846384Z [1m[92m   Compiling[0m tinyvec v1.12.0
2026-09-22T23:13:45.6137253Z [1m[92m   Compiling[0m reqwest v0.12.28
2026-09-22T23:13:45.7206288Z [1m[92m   Compiling[0m event-listener v5.4.2
2026-09-22T23:13:45.8523140Z [1m[92m   Compiling[0m hashlink v0.10.0
2026-09-22T23:13:47.6454718Z [1m[92m   Compiling[0m hybrid-array v0.4.15
2026-09-22T23:13:47.9772293Z [1m[92m   Compiling[0m hex v0.4.3
2026-09-22T23:13:48.1188827Z [1m[92m   Compiling[0m strsim v0.11.1
2026-09-22T23:13:48.3990646Z [1m[92m   Compiling[0m clap_lex v1.1.0
2026-09-22T23:13:48.5103487Z [1m[92m   Compiling[0m linux-raw-sys v0.12.1
2026-09-22T23:13:49.6043681Z [1m[92m   Compiling[0m clap_builder v4.6.7
2026-09-22T23:13:52.1527781Z [1m[92m   Compiling[0m unicode-normalization v0.1.25
2026-09-22T23:13:52.7083253Z [1m[92m   Compiling[0m rand v0.8.8
2026-09-22T23:13:52.8498672Z [1m[92m   Compiling[0m clap_derive v4.6.7
2026-09-22T23:13:54.1993998Z [1m[92m   Compiling[0m crc32fast v1.5.1
2026-09-22T23:13:54.3702930Z [1m[92m   Compiling[0m unicode-bidi v0.3.18
2026-09-22T23:13:54.7822286Z [1m[92m   Compiling[0m adler2 v2.0.1
2026-09-22T23:13:54.8290077Z [1m[92m   Compiling[0m cmov v0.5.4
2026-09-22T23:13:54.9394012Z [1m[92m   Compiling[0m dotenvy v0.15.7
2026-09-22T23:13:55.1614947Z [1m[92m   Compiling[0m byteorder v1.5.0
2026-09-22T23:13:55.2831012Z [1m[92m   Compiling[0m unicode-properties v0.1.4
2026-09-22T23:13:55.3775218Z [1m[92m   Compiling[0m stringprep v0.1.5
2026-09-22T23:13:55.7479813Z [1m[92m   Compiling[0m tokio-stream v0.1.19
2026-09-22T23:13:56.0259645Z [1m[92m   Compiling[0m ctutils v0.4.2
2026-09-22T23:13:56.6370019Z [1m[92m   Compiling[0m clap v4.6.7
2026-09-22T23:13:57.8770635Z [1m[92m   Compiling[0m crossbeam-queue v0.3.13
2026-09-22T23:13:57.9475248Z [1m[92m   Compiling[0m futures-intrusive v0.5.0
2026-09-22T23:13:58.2171180Z [1m[92m   Compiling[0m crypto-common v0.2.2
2026-09-22T23:13:58.9667479Z [1m[92m   Compiling[0m block-buffer v0.12.1
2026-09-22T23:13:59.0328567Z [1m[92m   Compiling[0m tungstenite v0.29.0
2026-09-22T23:13:59.8240108Z [1m[92m   Compiling[0m hmac v0.12.1
2026-09-22T23:13:59.8775718Z [1m[92m   Compiling[0m either v1.18.0
2026-09-22T23:14:01.2609593Z [1m[92m   Compiling[0m atoi v2.0.0
2026-09-22T23:14:01.3133213Z [1m[92m   Compiling[0m const-oid v0.10.2
2026-09-22T23:14:01.4238240Z [1m[92m   Compiling[0m whoami v1.6.1
2026-09-22T23:14:01.5514605Z [1m[92m   Compiling[0m mime v0.3.17
2026-09-22T23:14:01.5948303Z [1m[92m   Compiling[0m home v0.5.12
2026-09-22T23:14:01.6393174Z [1m[92m   Compiling[0m simd-adler32 v0.3.10
2026-09-22T23:14:01.7623870Z [1m[92m   Compiling[0m axum-core v0.5.6
2026-09-22T23:14:01.9079133Z [1m[92m   Compiling[0m sqlx-core v0.8.6
2026-09-22T23:14:02.8952622Z [1m[92m   Compiling[0m digest v0.11.3
2026-09-22T23:14:02.9825674Z [1m[92m   Compiling[0m hkdf v0.12.4
2026-09-22T23:14:03.0355373Z [1m[92m   Compiling[0m tokio-tungstenite v0.29.0
2026-09-22T23:14:03.8074432Z [1m[92m   Compiling[0m md-5 v0.10.6
2026-09-22T23:14:03.8625756Z [1m[92m   Compiling[0m serde_path_to_error v0.1.20
2026-09-22T23:14:04.0881258Z [1m[92m   Compiling[0m aho-corasick v1.1.5
2026-09-22T23:14:04.5290192Z [1m[92m   Compiling[0m axum-macros v0.5.1
2026-09-22T23:14:05.5927733Z [1m[92m   Compiling[0m io-lifetimes v2.0.4
2026-09-22T23:14:05.6927864Z [1m[92m   Compiling[0m io-lifetimes v3.0.1
2026-09-22T23:14:05.9191159Z [1m[92m   Compiling[0m matchit v0.8.4
2026-09-22T23:14:05.9937720Z [1m[92m   Compiling[0m regex-syntax v0.8.11
2026-09-22T23:14:06.1388201Z [1m[92m   Compiling[0m axum v0.8.9
2026-09-22T23:14:07.9900825Z [1m[92m   Compiling[0m regex-automata v0.4.18
2026-09-22T23:14:10.4772781Z [1m[92m   Compiling[0m sqlx-postgres v0.8.6
2026-09-22T23:14:12.0003625Z [1m[92m   Compiling[0m miniz_oxide v0.9.1
2026-09-22T23:14:13.1562622Z [1m[92m   Compiling[0m filetime v0.2.29
2026-09-22T23:14:13.2532223Z [1m[92m   Compiling[0m thiserror v1.0.69
2026-09-22T23:14:13.3580830Z [1m[92m   Compiling[0m io-extras v0.19.0
2026-09-22T23:14:13.4567966Z [1m[92m   Compiling[0m bumpalo v3.20.3
2026-09-22T23:14:13.5904617Z [1m[92m   Compiling[0m zip v2.4.2
2026-09-22T23:14:13.6532829Z [1m[92m   Compiling[0m cpufeatures v0.3.1
2026-09-22T23:14:13.6782718Z [1m[92m   Compiling[0m utf-8 v0.7.6
2026-09-22T23:14:13.7451554Z [1m[92m   Compiling[0m option-ext v0.2.0
2026-09-22T23:14:13.7723959Z [1m[92m   Compiling[0m dirs-sys v0.4.1
2026-09-22T23:14:13.9422588Z [1m[92m   Compiling[0m sha2 v0.11.0
2026-09-22T23:14:14.5306994Z [1m[92m   Compiling[0m zopfli v0.8.3
2026-09-22T23:14:14.9542392Z [1m[92m   Compiling[0m sqlx-macros-core v0.8.6
2026-09-22T23:14:16.0357869Z [1m[92m   Compiling[0m flate2 v1.1.10
2026-09-22T23:14:16.3843613Z [1m[92m   Compiling[0m xattr v1.6.1
2026-09-22T23:14:16.7671373Z [1m[92m   Compiling[0m thiserror-impl v1.0.69
2026-09-22T23:14:17.4506273Z [1m[92m   Compiling[0m cap-primitives v4.0.3
2026-09-22T23:14:17.6521677Z [1m[92m   Compiling[0m ureq v2.12.1
2026-09-22T23:14:17.6687356Z [1m[92m   Compiling[0m tar v0.4.46
2026-09-22T23:14:18.4606224Z [1m[92m   Compiling[0m fs-set-times v0.20.3
2026-09-22T23:14:19.2141998Z [1m[92m   Compiling[0m sqlx-macros v0.8.6
2026-09-22T23:14:19.8955570Z [1m[92m   Compiling[0m dirs v5.0.1
2026-09-22T23:14:19.9371251Z [1m[92m   Compiling[0m rustix-linux-procfs v0.1.1
2026-09-22T23:14:20.0681199Z [1m[92m   Compiling[0m inout v0.1.4
2026-09-22T23:14:20.1153785Z [1m[92m   Compiling[0m async-trait v0.1.92
2026-09-22T23:14:20.6900826Z [1m[92m   Compiling[0m ambient-authority v0.0.2
2026-09-22T23:14:20.7160798Z [1m[92m   Compiling[0m lazy_static v1.5.0
2026-09-22T23:14:20.7444697Z [1m[92m   Compiling[0m cap-std v4.0.3
2026-09-22T23:14:20.8419973Z [1m[92m   Compiling[0m maybe-owned v0.3.4
2026-09-22T23:14:21.4650465Z [1m[92m   Compiling[0m sqlx v0.8.6
2026-09-22T23:14:21.6068396Z [1m[92m   Compiling[0m sharded-slab v0.1.7
2026-09-22T23:14:22.4001898Z [1m[92m   Compiling[0m cipher v0.4.4
2026-09-22T23:14:22.5161149Z [1m[92m   Compiling[0m github-copilot-sdk v1.0.11
2026-09-22T23:14:22.8960925Z [1m[92m   Compiling[0m tungstenite v0.24.0
2026-09-22T23:14:23.7551772Z [1m[92m   Compiling[0m matchers v0.2.0
2026-09-22T23:14:23.8049494Z [1m[92m   Compiling[0m crony-gateways v0.1.0 (/home/runner/work/ecorp/ecorp/crates/crony-gateways)
2026-09-22T23:14:24.4842882Z [1m[92m   Compiling[0m crony-protocol v0.1.0 (/home/runner/work/ecorp/ecorp/crates/crony-protocol)
2026-09-22T23:14:24.6975454Z [1m[92m   Compiling[0m futures-executor v0.3.34
2026-09-22T23:14:24.8464319Z [1m[92m   Compiling[0m tracing-log v0.2.0
2026-09-22T23:14:24.9607991Z [1m[92m   Compiling[0m universal-hash v0.5.1
2026-09-22T23:14:25.0065767Z [1m[92m   Compiling[0m thread_local v1.1.10
2026-09-22T23:14:25.1230635Z [1m[92m   Compiling[0m same-file v1.0.6
2026-09-22T23:14:25.1898421Z [1m[92m   Compiling[0m nu-ansi-term v0.50.3
2026-09-22T23:14:25.3743774Z [1m[92m   Compiling[0m cap-fs-ext v4.0.3
2026-09-22T23:14:25.4764369Z [1m[92m   Compiling[0m base64 v0.23.1
2026-09-22T23:14:25.7476380Z [1m[92m   Compiling[0m hashbrown v0.14.5
2026-09-22T23:14:26.0998234Z [1m[92m   Compiling[0m opaque-debug v0.3.1
2026-09-22T23:14:26.1241267Z [1m[92m   Compiling[0m poly1305 v0.8.0
2026-09-22T23:14:26.3945261Z [1m[92m   Compiling[0m dashmap v6.2.1
2026-09-22T23:14:26.5647800Z [1m[92m   Compiling[0m tracing-subscriber v0.3.23
2026-09-22T23:14:26.6511946Z [1m[92m   Compiling[0m walkdir v2.5.0
2026-09-22T23:14:26.8472121Z [1m[92m   Compiling[0m futures v0.3.34
2026-09-22T23:14:27.8762124Z [1m[92m   Compiling[0m tokio-tungstenite v0.24.0
2026-09-22T23:14:28.0524377Z [1m[92m   Compiling[0m chacha20 v0.9.1
2026-09-22T23:14:28.2418842Z [1m[92m   Compiling[0m tungstenite v0.28.0
2026-09-22T23:14:28.3155338Z [1m[92m   Compiling[0m regex v1.13.1
2026-09-22T23:14:28.5987879Z [1m[92m   Compiling[0m itertools v0.14.0
2026-09-22T23:14:29.0313460Z [1m[92m   Compiling[0m aead v0.5.2
2026-09-22T23:14:29.0957470Z [1m[92m   Compiling[0m quick-xml v0.38.4
2026-09-22T23:14:29.5557432Z [1m[92m   Compiling[0m humantime v2.4.0
2026-09-22T23:14:29.6924046Z [1m[92m   Compiling[0m chacha20poly1305 v0.10.1
2026-09-22T23:14:29.7372115Z [1m[92m   Compiling[0m tokio-tungstenite v0.28.0
2026-09-22T23:14:30.2318680Z [1m[92m   Compiling[0m object_store v0.12.5
2026-09-22T23:14:38.3268213Z [1m[92m   Compiling[0m crony-store v0.1.0 (/home/runner/work/ecorp/ecorp/crates/crony-store)
2026-09-22T23:14:45.0566284Z [1m[92m   Compiling[0m hmac v0.13.0
2026-09-22T23:14:45.1268393Z [1m[92m   Compiling[0m crony-server v0.1.0 (/home/runner/work/ecorp/ecorp/crates/crony-server)
2026-09-22T23:14:58.3170891Z [1m[92m   Compiling[0m crony-cli v0.1.0 (/home/runner/work/ecorp/ecorp/crates/crony-cli)
2026-09-22T23:15:07.8290554Z [1m[92m   Compiling[0m crony-runner v0.1.0 (/home/runner/work/ecorp/ecorp/crates/crony-runner)
2026-09-22T23:15:51.5677890Z [1m[92m    Finished[0m `test` profile [unoptimized + debuginfo] target(s) in 2m 51s
2026-09-22T23:15:51.6496156Z [1m[92m     Running[0m unittests src/main.rs (/home/runner/work/_temp/ecorp-rust-sqlx-coverage-target/debug/deps/crony_cli-d270a777a34d430d)
2026-09-22T23:15:51.6546483Z
2026-09-22T23:15:51.6547297Z running 119 tests
2026-09-22T23:15:51.6557657Z test factory::project::tests::accepts_a_genuinely_empty_project ... ok
2026-09-22T23:15:51.6559623Z test factory::project::tests::accepts_an_empty_errors_array ... ok
2026-09-22T23:15:51.6599949Z test factory::project::tests::invalid_requested_identity_never_calls_fetch ... ok
2026-09-22T23:15:51.6620521Z test factory::project::tests::json_budget_counts_serialized_utf8_and_escaping_at_the_exact_boundary ... ok
2026-09-22T23:15:51.6640754Z test factory::project::tests::non_issue_and_null_content_remain_counted_non_candidates ... ok
2026-09-22T23:15:51.6642159Z test factory::project::tests::propagates_fetch_failure_without_returning_accumulated_items ... ok
2026-09-22T23:15:51.6643533Z test factory::project::tests::queries_use_verified_fragments_filtered_items_and_rate_limit ... ok
2026-09-22T23:15:51.6644885Z test factory::project::tests::rejects_archived_missing_identity_and_malformed_source_rows ... ok
2026-09-22T23:15:51.6646336Z test factory::project::tests::rejects_duplicate_item_ids_within_and_across_pages_even_for_placeholders ... ok
2026-09-22T23:15:51.6648106Z test factory::project::tests::rejects_empty_non_progress_and_early_truncation ... ok
2026-09-22T23:15:51.6660230Z test factory::project::tests::rejects_missing_null_empty_or_wrong_type_cursors_even_on_final_pages ... ok
2026-09-22T23:15:51.6709826Z test factory::project::tests::enforces_page_limit_without_fetching_page_one_hundred_and_one ... ok
2026-09-22T23:15:51.6711409Z test factory::project::tests::rejects_null_or_missing_pages_and_pagination_metadata ... ok
2026-09-22T23:15:51.6740634Z test factory::project::tests::rejects_partial_graphql_errors_at_every_stage_without_echoing_them ... ok
2026-09-22T23:15:51.6760247Z test factory::project::tests::rejects_null_or_missing_resolution_data ... ok
2026-09-22T23:15:51.6782513Z test factory::project::tests::rejects_project_identity_mismatch_at_resolution_and_on_later_pages ... ok
2026-09-22T23:15:51.6809914Z test factory::project::tests::enforces_item_and_page_size_limits ... ok
2026-09-22T23:15:51.6825257Z test factory::project::tests::rejects_total_count_drift_in_both_directions ... ok
2026-09-22T23:15:51.6833317Z test factory::project::tests::rejects_repeated_and_looping_cursors_including_the_terminal_page ... ok
2026-09-22T23:15:51.6834922Z test factory::project::tests::unset_or_other_type_status_is_not_a_candidate_status ... ok
2026-09-22T23:15:51.6836241Z test factory::project::tests::user_and_organization_identity_match_case_insensitively ... ok
2026-09-22T23:15:51.6837333Z test factory::quota::tests::expired_failures_escalate_until_a_success_and_never_overflow ... ok
2026-09-22T23:15:51.6838696Z test factory::quota::tests::final_http_status_is_used_and_prior_valid_retry_hints_are_not_shortened ... ok
2026-09-22T23:15:51.6840611Z test factory::quota::tests::graphql_rate_limited_and_http_failures_are_typed ... ok
2026-09-22T23:15:51.6841503Z test factory::quota::tests::high_balance_does_not_cancel_an_outstanding_wait ... ok
2026-09-22T23:15:51.6842271Z test factory::quota::tests::invalid_observations_leave_state_intact_and_errors_do_not_echo_values ... ok
2026-09-22T23:15:51.6843102Z test factory::quota::tests::invalid_persisted_quota_fails_conservatively_without_shortening_valid_wait ... ok
2026-09-22T23:15:51.6843946Z test factory::quota::tests::low_quota_accepts_response_but_blocks_next_request_and_clones_share_state ... ok
2026-09-22T23:15:51.6844802Z test factory::quota::tests::malformed_hints_fall_back_and_unrepresentable_positive_hints_fail_closed ... ok
2026-09-22T23:15:51.6845873Z test factory::quota::tests::malformed_or_oversized_headers_have_safe_errors ... ok
2026-09-22T23:15:51.6847204Z test factory::quota::tests::only_data_rate_limit_is_an_observation ... ok
2026-09-22T23:15:51.6848322Z test factory::project::tests::two_pages_preserve_exact_source_and_opaque_variables ... ok
2026-09-22T23:15:51.6849932Z test factory::quota::tests::oversized_diagnostics_cannot_hide_a_longer_retry_requirement ... ok
2026-09-22T23:15:51.6851672Z test factory::quota::tests::plain_json_fixtures_are_unchanged_and_http_preambles_are_stripped ... ok
2026-09-22T23:15:51.6852554Z test factory::quota::tests::primary_headers_and_duplicate_hints_choose_the_latest_deadline ... ok
2026-09-22T23:15:51.6853331Z test factory::quota::tests::primary_or_explicitly_exhausted_responses_still_respect_hourly_reset ... ok
2026-09-22T23:15:51.6854065Z test factory::quota::tests::reserve_scales_down_and_includes_actual_observed_cost ... ok
2026-09-22T23:15:51.6854660Z test factory::quota::tests::reset_header_has_a_safety_margin ... ok
2026-09-22T23:15:51.6855262Z test factory::quota::tests::reset_margin_expires_without_inventing_a_new_balance ... ok
2026-09-22T23:15:51.6855970Z test factory::quota::tests::restart_round_trip_and_stale_reconcile_preserve_the_longest_wait ... ok
2026-09-22T23:15:51.6857593Z test factory::quota::tests::primary_failure_uses_known_reset_but_secondary_does_not_use_high_quota_reset ... ok
2026-09-22T23:15:51.6861827Z test factory::quota::tests::restore_reconstructs_low_quota_wait_and_bounds_bad_persisted_counters ... ok
2026-09-22T23:15:51.6863636Z test factory::quota::tests::secondary_403_and_503_ignore_healthy_primary_reset_and_escalate_locally ... ok
2026-09-22T23:15:51.6867558Z test factory::quota::tests::secondary_retry_after_supports_http_dates_and_stderr_headers ... ok
2026-09-22T23:15:51.6868852Z test factory::quota::tests::successful_data_and_non_retryable_errors_are_not_misclassified ... ok
2026-09-22T23:15:51.6882365Z test factory::quota::tests::stale_and_out_of_order_observations_do_not_restore_spent_budget ... ok
2026-09-22T23:15:51.6886344Z test factory::quota::tests::typed_display_debug_and_error_chain_never_contain_remote_secrets ... ok
2026-09-22T23:15:51.6888585Z test factory::quota::tests::typed_failure_only_and_admission_wait_is_not_a_failed_attempt ... ok
2026-09-22T23:15:51.6890108Z test factory::tests::dependency_parser_uses_only_explicit_blockers ... ok
2026-09-22T23:15:51.6893083Z test factory::tests::exact_project_reads_preserve_source_content_and_project_identity ... ok
2026-09-22T23:15:51.6894272Z test factory::tests::exact_project_reads_reject_deleted_or_non_issue_content ... ok
2026-09-22T23:15:51.6894985Z test factory::tests::github_identity_and_failure_details_are_canonical_and_single_line ... ok
2026-09-22T23:15:51.6895647Z test factory::tests::acceptance_parser_preserves_issue_checklist_order ... ok
2026-09-22T23:15:51.6896260Z test factory::tests::graphql_error_envelope_must_be_absent_or_an_empty_array ... ok
2026-09-22T23:15:51.6914154Z test factory::tests::issue204_checked_source_fences_scope_readiness_adapter_and_revision ... ok
2026-09-22T23:15:51.6941673Z test factory::tests::issue204_factory_option_is_typed_and_rejects_nil ... ok
2026-09-22T23:15:51.6948750Z test factory::tests::issue204_new_policy_pins_connection_without_changing_legacy_shape ... ok
2026-09-22T23:15:51.6960525Z test factory::tests::issue204_recovery_rejects_connection_substitution_or_silent_fallback ... ok
2026-09-22T23:15:51.7781380Z test factory::tests::issue206_dry_run_reads_proof_but_never_posts_reconciliation_or_opens_a_checkout ... ok
2026-09-22T23:15:51.7890802Z test factory::tests::issue204_bound_source_resolution_needs_no_controller_checkout ... ok
2026-09-22T23:15:51.7910379Z test factory::tests::issue206_future_catch_up_keeps_only_a_server_validated_running_checkpoint_recoverable ... ok
2026-09-22T23:15:51.8520669Z test factory::tests::issue206_explicit_reconciliation_uses_only_the_current_marker_and_native_endpoint ... ok
2026-09-22T23:15:51.8540396Z test factory::tests::issue206_only_explicit_checkpoint_recovery_admits_the_marked_cancelled_item ... ok
2026-09-22T23:15:51.8570683Z test factory::tests::issue206_production_flow_returns_dry_run_before_repair_and_refreshes_before_claim ... ok
2026-09-22T23:15:51.8600085Z test factory::tests::issue206_reconciliation_request_is_exact_idempotent_and_never_uses_a_checkout ... ok
2026-09-22T23:15:51.8668008Z test factory::tests::issue206_generic_polling_and_other_modes_never_read_or_repair_cancelled_items ... ok
2026-09-22T23:15:51.9500772Z test factory::tests::issue221_active_correction_replays_only_the_same_native_request_without_new_work ... ok
2026-09-22T23:15:51.9530024Z test factory::tests::issue221_active_replay_dry_run_matches_existing_request_without_mutations ... ok
2026-09-22T23:15:52.0240900Z test factory::project::tests::supports_more_than_one_thousand_items_and_exact_maximum ... ok
2026-09-22T23:15:52.0261406Z test factory::tests::issue221_checkpoint_actions_honor_availability_without_weakening_cancelled_proof ... ok
2026-09-22T23:15:52.0263136Z test factory::tests::issue221_active_replay_still_requires_current_native_authority ... ok
2026-09-22T23:15:52.0570785Z test factory::tests::issue221_active_replay_rejects_mismatched_mode_actor_source_revision_and_request ... ok
2026-09-22T23:15:52.1092941Z test factory::tests::issue221_fresh_recovery_context_denies_before_revision_or_recovery_mutation ... ok
2026-09-22T23:15:52.1110281Z test factory::tests::issue221_native_mode_flags_are_mode_specific_and_preserve_legacy_defaults ... ok
2026-09-22T23:15:52.1130685Z test factory::tests::issue221_present_malformed_flags_fail_closed_in_both_context_decoders ... ok
2026-09-22T23:15:52.1132269Z test factory::tests::issue221_production_mode_preflight_precedes_dry_run_and_rechecks_before_claim ... ok
2026-09-22T23:15:52.1133908Z test factory::tests::issue224_existing_factory_policy_is_reused_and_never_revised_by_an_override ... ok
2026-09-22T23:15:52.1140818Z test factory::tests::issue224_factory_policy_and_bodies_share_only_the_explicit_planning_choice ... ok
2026-09-22T23:15:52.1142413Z test factory::tests::issue224_invalid_or_incongruent_attempt_choices_fail_before_preflight ... ok
2026-09-22T23:15:52.1180154Z test factory::tests::issue224_legacy_null_policy_is_read_without_inserting_a_request_key ... ok
2026-09-22T23:15:52.1181609Z test factory::tests::issue221_current_provider_correction_retains_null_head_and_current_revision ... ok
2026-09-22T23:15:52.1182920Z test factory::tests::issue224_recovery_revision_requests_do_not_carry_an_attempt_setter ... ok
2026-09-22T23:15:52.1184251Z test factory::tests::issue224_recovery_attempt_congruence_precedes_dry_run_and_remote_mutations ... ok
2026-09-22T23:15:52.1521532Z test factory::tests::issue221_mode_preflight_denies_unavailable_or_malformed_flags_even_in_dry_run ... ok
2026-09-22T23:15:52.2009100Z test factory::tests::issue79_legacy_cost_requires_exact_intake_and_only_audited_server_reconciliation ... ok
2026-09-22T23:15:52.2011651Z test factory::tests::publication_base_defaults_to_the_selected_source_ref ... ok
2026-09-22T23:15:52.2016316Z test factory::tests::publication_base_requires_head_or_a_branch_ref ... ok
2026-09-22T23:15:52.2025111Z test factory::tests::recovery_active_replay_requires_the_same_reviewed_source_and_policy ... ok
2026-09-22T23:15:52.2026711Z test factory::tests::recovery_cached_revision_rejects_changed_policy_with_same_source_and_reason ... ok
2026-09-22T23:15:52.2060061Z test factory::tests::recovery_cached_revision_rejects_changed_reviewed_source ... ok
2026-09-22T23:15:52.2100573Z test factory::tests::recovery_cached_revision_rejects_wrong_attribution_or_superseded_contract ... ok
2026-09-22T23:15:52.2108265Z test factory::tests::recovery_cached_revision_replays_the_exact_current_replacement ... ok
2026-09-22T23:15:52.2131466Z test factory::tests::recovery_completion_preserves_catch_up_states_and_cleanup_gate ... ok
2026-09-22T23:15:52.2141791Z test factory::tests::recovery_contract_preserves_authority_and_replaces_only_its_provenance_marker ... ok
2026-09-22T23:15:52.2148506Z test factory::tests::recovery_legacy_unbound_revision_requires_a_new_explicit_binding ... ok
2026-09-22T23:15:52.2152712Z test factory::tests::recovery_never_falls_back_to_new_factory_work_or_another_issue ... ok
2026-09-22T23:15:52.2154143Z test factory::tests::recovery_publication_base_reuses_persisted_policy ... ok
2026-09-22T23:15:52.2186733Z test factory::tests::recovery_revision_keys_bind_policy_actor_source_and_exact_request ... ok
2026-09-22T23:15:52.2234828Z test factory::tests::issue79_legacy_cost_selector_mismatches_never_post_or_pin_source ... ok
2026-09-22T23:15:52.2243033Z test factory::tests::recovery_verifier_only_policy_revision_replays_after_a_lost_authorization_response ... ok
2026-09-22T23:15:52.2260781Z test factory::tests::source_commit_requires_a_full_git_object_id ... ok
2026-09-22T23:15:52.2282526Z test factory::tests::utf8_truncation_never_splits_a_character ... ok
2026-09-22T23:15:52.2284716Z test factory::tests::verified_items_leave_the_queue_and_expired_claims_allow_failover ... ok
2026-09-22T23:15:52.2286609Z test publish::tests::default_publication_branch_is_stable ... ok
2026-09-22T23:15:52.2288591Z test publish::tests::portable_bundle_head_is_single_exact_and_bounded ... ok
2026-09-22T23:15:52.2290259Z test publish::tests::publication_branch_authorization_and_body_are_retry_stable ... ok
2026-09-22T23:15:52.2329565Z test factory::tests::recovery_source_binding_survives_objective_size_cap_and_description_normalization ... ok
2026-09-22T23:15:52.2332551Z test publish::tests::publication_start_and_recovery_keys_track_the_exact_invocation ... ok
2026-09-22T23:15:52.2333638Z test publish::tests::remote_base_refs_are_explicit ... ok
2026-09-22T23:15:52.2334866Z test publish::tests::remote_head_requires_one_symbolic_branch_and_object ... ok
2026-09-22T23:15:52.2354472Z test tests::copied_recovery_commands_preserve_every_literal_argument ... ok
2026-09-22T23:15:52.2423104Z test tests::copied_recovery_commands_reject_missing_required_arguments ... ok
2026-09-22T23:15:52.2450515Z test factory::tests::issue79_run_rejects_cost_before_github_or_server_in_both_modes ... ok
2026-09-22T23:15:52.2470029Z test tests::issue224_launch_and_resume_have_no_attempt_override ... ok
2026-09-22T23:15:52.2541236Z test tests::issue224_invalid_attempt_flags_fail_during_argument_parsing ... ok
2026-09-22T23:15:52.2576061Z test tests::issue224_planning_flags_are_optional_and_use_the_shared_ceiling ... ok
2026-09-22T23:15:52.2582499Z test tests::ordinary_factory_commands_do_not_require_recovery_options ... ok
2026-09-22T23:15:52.3057234Z test publish::tests::publication_branch_uses_git_branch_rules ... ok
2026-09-22T23:15:53.0810391Z test factory::project::tests::enforces_total_json_budget_including_resolution_and_ignored_fields ... ok
2026-09-22T23:15:53.0811005Z
2026-09-22T23:15:53.0811399Z test result: ok. 119 passed; 0 failed; 0 ignored; 0 measured; 0 filtered out; finished in 1.43s
2026-09-22T23:15:53.0811783Z
2026-09-22T23:15:53.0834540Z [1m[92m     Running[0m unittests src/lib.rs (/home/runner/work/_temp/ecorp-rust-sqlx-coverage-target/debug/deps/crony_domain-debe88fd58463aac)
2026-09-22T23:15:53.0848060Z
2026-09-22T23:15:53.0848346Z running 19 tests
2026-09-22T23:15:53.0855099Z test factory_connection::tests::issue204_factory_binding_preserves_legacy_unbound_policy ... ok
2026-09-22T23:15:53.0856400Z test factory_connection::tests::issue204_factory_binding_rejects_malformed_and_nil_values_without_echoing_input ... ok
2026-09-22T23:15:53.0857298Z test factory_connection::tests::issue204_factory_binding_retains_the_exact_connection ... ok
2026-09-22T23:15:53.0858168Z test planned_attempts::tests::issue224_invalid_attempt_policy_is_rejected_without_echoing_input ... ok
2026-09-22T23:15:53.0859378Z test planned_attempts::tests::issue224_omitted_attempt_policy_preserves_legacy_shape ... ok
2026-09-22T23:15:53.0860202Z test planning_cost::tests::issue79_cost_allocations_preserve_small_defaults_and_boundaries ... ok
2026-09-22T23:15:53.0861049Z test planning_cost::tests::issue79_cost_rejects_overflow_impossible_splits_and_unknown_strategies ... ok
2026-09-22T23:15:53.0862197Z test planned_attempts::tests::issue224_explicit_attempt_policy_uses_the_existing_ceiling ... ok
2026-09-22T23:15:53.0867085Z test planning_cost::tests::issue79_policy_validates_every_strategy_without_rewriting_json ... ok
2026-09-22T23:15:53.0868695Z test retained_provider_receipt::tests::issue211_retained_receipt_grant_rejects_missing_or_conflated_generations ... ok
2026-09-22T23:15:53.0871144Z test retained_provider_receipt::tests::issue211_retained_receipt_rejects_foreign_or_falsely_completed_content ... ok
2026-09-22T23:15:53.0873209Z test retained_provider_receipt::tests::issue211_retained_receipt_rejects_duplicate_native_fields_in_literal_bytes ... ok
2026-09-22T23:15:53.0875114Z test retained_provider_receipt::tests::issue211_retained_receipt_validates_exact_bytes_without_rewriting ... ok
2026-09-22T23:15:53.0876472Z test tests::status_serialization_is_stable ... ok
2026-09-22T23:15:53.0877898Z test workspace_connections::tests::setup_progress_is_not_terminal_or_authenticated_readiness ... ok
2026-09-22T23:15:53.0879943Z test workspace_connections::tests::workspace_setup_is_a_fixed_native_surface_not_remote_shell ... ok
2026-09-22T23:15:53.0881615Z test tests::mission_context_wire_shape_contains_only_scoped_source_linkage ... ok
2026-09-22T23:15:53.0883041Z test tests::portable_paths_and_write_scopes_have_one_shared_grammar ... ok
2026-09-22T23:15:53.0904978Z test retained_provider_receipt::tests::issue211_retained_receipt_requires_complete_native_shape_and_safe_relative_paths ... ok
2026-09-22T23:15:53.0905798Z
2026-09-22T23:15:53.0906394Z test result: ok. 19 passed; 0 failed; 0 ignored; 0 measured; 0 filtered out; finished in 0.01s
2026-09-22T23:15:53.0906994Z
2026-09-22T23:15:53.0912426Z [1m[92m     Running[0m unittests src/lib.rs (/home/runner/work/_temp/ecorp-rust-sqlx-coverage-target/debug/deps/crony_gateways-60e84007e72fcac7)
2026-09-22T23:15:53.0935755Z
2026-09-22T23:15:53.0935968Z running 11 tests
2026-09-22T23:15:53.0942462Z test tests::issue224_gateway_planning_rejects_malformed_attempts_without_defaulting ... ok
2026-09-22T23:15:53.0943949Z test tests::issue224_mcp_creation_preserves_omission_and_forwards_explicit_attempts ... ok
2026-09-22T23:15:53.0945649Z test tests::gateways_do_not_expose_internal_database_shapes ... ok
2026-09-22T23:15:53.0947029Z test tests::issue224_mcp_schema_exposes_optional_native_attempt_bounds ... ok
2026-09-22T23:15:53.0948117Z test tests::protocol_versions_fail_closed ... ok
2026-09-22T23:15:53.0949559Z test tests::readonly_mcp_catalog_exposes_only_inspection_tools ... ok
2026-09-22T23:15:53.2057717Z test tests::readonly_mcp_rejects_mutations_before_any_api_request ... ok
2026-09-22T23:15:53.2059839Z test tests::invalid_mcp_rpc_version_cannot_reach_the_api ... ok
2026-09-22T23:15:53.2060953Z test tests::issue224_nonplanning_mcp_actions_reject_attempt_fields_before_api_calls ... ok
2026-09-22T23:15:53.2567403Z test tests::recovery_inspection_rejects_invalid_or_extra_arguments_before_http ... ok
2026-09-22T23:15:53.9056829Z test tests::readonly_mcp_transport_requires_an_origin_and_https_outside_loopback ... ok
2026-09-22T23:15:53.9057546Z
2026-09-22T23:15:53.9058202Z test result: ok. 11 passed; 0 failed; 0 ignored; 0 measured; 0 filtered out; finished in 0.81s
2026-09-22T23:15:53.9058825Z
2026-09-22T23:15:53.9070803Z [1m[92m     Running[0m unittests src/bin/crony-a2a.rs (/home/runner/work/_temp/ecorp-rust-sqlx-coverage-target/debug/deps/crony_a2a-8a445180536fb69d)
2026-09-22T23:15:53.9094853Z
2026-09-22T23:15:53.9095077Z running 2 tests
2026-09-22T23:15:53.9099497Z test tests::issue224_a2a_creation_keeps_legacy_shape_and_forwards_attempt_choice ... ok
2026-09-22T23:15:53.9490677Z test tests::issue224_a2a_invalid_or_postplanning_attempt_fields_fail_before_api_calls ... ok
2026-09-22T23:15:53.9491164Z
2026-09-22T23:15:53.9491552Z test result: ok. 2 passed; 0 failed; 0 ignored; 0 measured; 0 filtered out; finished in 0.04s
2026-09-22T23:15:53.9491920Z
2026-09-22T23:15:53.9501907Z [1m[92m     Running[0m unittests src/bin/crony-acp.rs (/home/runner/work/_temp/ecorp-rust-sqlx-coverage-target/debug/deps/crony_acp-466c72a221bec821)
2026-09-22T23:15:53.9523784Z
2026-09-22T23:15:53.9523969Z running 2 tests
2026-09-22T23:15:53.9527657Z test tests::issue224_acp_creation_keeps_legacy_shape_and_forwards_attempt_choice ... ok
2026-09-22T23:15:53.9920875Z test tests::issue224_acp_invalid_or_postplanning_attempt_fields_leave_sessions_unchanged ... ok
2026-09-22T23:15:53.9921570Z
2026-09-22T23:15:53.9921956Z test result: ok. 2 passed; 0 failed; 0 ignored; 0 measured; 0 filtered out; finished in 0.04s
2026-09-22T23:15:53.9922321Z
2026-09-22T23:15:53.9930645Z [1m[92m     Running[0m unittests src/bin/crony-mcp.rs (/home/runner/work/_temp/ecorp-rust-sqlx-coverage-target/debug/deps/crony_mcp-f236c918b819fc5e)
2026-09-22T23:15:53.9943059Z
2026-09-22T23:15:53.9943301Z running 0 tests
2026-09-22T23:15:53.9943587Z
2026-09-22T23:15:53.9944043Z test result: ok. 0 passed; 0 failed; 0 ignored; 0 measured; 0 filtered out; finished in 0.00s
2026-09-22T23:15:53.9944422Z
2026-09-22T23:15:53.9947122Z [1m[92m     Running[0m unittests src/lib.rs (/home/runner/work/_temp/ecorp-rust-sqlx-coverage-target/debug/deps/crony_protocol-9fc87bf60bf3a2fa)
2026-09-22T23:15:53.9957166Z
2026-09-22T23:15:53.9957320Z running 10 tests
2026-09-22T23:15:53.9963293Z test tests::durable_control_message_accepts_the_legacy_wire_shape ... ok
2026-09-22T23:15:53.9964819Z test tests::issue224_factory_preflight_tasks_preserve_legacy_reads_and_attempt_values ... ok
2026-09-22T23:15:53.9965806Z test tests::issue224_existing_execution_commands_reject_attempt_changes ... ok
2026-09-22T23:15:53.9966657Z test tests::issue224_contract_revisions_reject_nested_attempt_settings ... ok
2026-09-22T23:15:53.9984577Z test tests::launch_replay_flag_is_backward_compatible_with_prior_responses ... ok
2026-09-22T23:15:53.9985816Z test tests::mission_preview_wire_shape_is_only_the_public_graph_summary ... ok
2026-09-22T23:15:53.9986987Z test tests::issue224_planning_requests_preserve_omitted_and_explicit_attempt_policy ... ok
2026-09-22T23:15:53.9987807Z test tests::verifier_artifact_debug_never_discloses_transferred_bytes ... ok
2026-09-22T23:15:53.9988585Z test tests::verifier_artifact_reference_preserves_metadata_only_wire_compatibility ... ok
2026-09-22T23:15:53.9989985Z test tests::verifier_artifact_transfer_is_explicit_in_the_runner_wire_shape ... ok
2026-09-22T23:15:53.9990552Z
2026-09-22T23:15:53.9991160Z test result: ok. 10 passed; 0 failed; 0 ignored; 0 measured; 0 filtered out; finished in 0.00s
2026-09-22T23:15:53.9991750Z
2026-09-22T23:15:53.9993014Z [1m[92m     Running[0m unittests src/main.rs (/home/runner/work/_temp/ecorp-rust-sqlx-coverage-target/debug/deps/crony_runner-a6755d87921cf3c0)
2026-09-22T23:15:53.9993927Z
2026-09-22T23:15:53.9994170Z running 183 tests
2026-09-22T23:15:54.0473784Z test adapter::codex::tests::installed_codex_reports_full_capabilities ... ok
2026-09-22T23:15:54.2221008Z test adapter::codex::tests::failed_turn_returns_failed_exit_with_evidence ... ok
2026-09-22T23:15:54.2259523Z test adapter::codex::tests::executes_streams_usage_and_writes_evidence ... ok
2026-09-22T23:15:54.2262680Z test adapter::codex::tests::unavailable_codex_reports_explicit_capabilities ... ok
2026-09-22T23:15:54.2264443Z test adapter::codex::tests::usage_notifications_are_deduplicated_and_scoped_to_the_active_turn ... ok
2026-09-22T23:15:54.2266385Z test adapter::connection::tests::native_auth_and_catalog_parsing_fail_closed ... ok
2026-09-22T23:15:54.2267990Z test adapter::connection::tests::native_code_input_is_bounded_and_cleared_on_cancellation ... ok
2026-09-22T23:15:54.2283805Z test adapter::connection::tests::native_copilot_home_is_not_its_per_worktree_session_filesystem ... ok
2026-09-22T23:15:54.2287885Z test adapter::connection::tests::native_copilot_never_falls_back_to_path_or_a_fixture_as_readiness ... ok
2026-09-22T23:15:54.2293974Z test adapter::connection::tests::native_login_instructions_allow_only_native_urls_and_safe_codes ... ok
2026-09-22T23:15:54.2314259Z test adapter::connection::tests::native_missing_install_is_not_ready ... ok
2026-09-22T23:15:54.2320533Z test adapter::connection::tests::native_profile_constructor_is_lazy_and_rejects_overlapping_storage ... ok
2026-09-22T23:15:54.2331332Z test adapter::connection::tests::native_profile_environment_is_shared_by_probe_execute_and_resume ... ok
2026-09-22T23:15:54.2332989Z test adapter::connection::tests::native_protocol_reader_bounds_before_allocating_untrusted_lines ... ok
2026-09-22T23:15:54.2334994Z test adapter::connection::tests::native_ready_mixed_catalog_advertises_only_usable_models ... ok
2026-09-22T23:15:54.2337696Z test adapter::connection::tests::native_ready_preserves_enabled_and_policy_absent_native_catalogs ... ok
2026-09-22T23:15:54.2340219Z test adapter::connection::tests::native_ready_rejects_disabled_or_unknown_policy_only_catalogs ... ok
2026-09-22T23:15:54.2346954Z test adapter::connection::tests::native_system_sign_in_and_expired_inspection_spawn_nothing ... ok
2026-09-22T23:15:54.2349961Z test adapter::copilot::stopped_evidence::tests::issue211_native_history_and_account_bounds_fail_closed ... ok
2026-09-22T23:15:54.2353720Z test adapter::copilot::stopped_evidence::tests::issue211_native_history_receipt_is_redacted_and_never_claims_provider_completion ... ok
2026-09-22T23:15:54.2370274Z test adapter::copilot::stopped_evidence::tests::issue211_native_history_rejects_foreign_missing_or_repeated_identity ... ok
2026-09-22T23:15:54.3130164Z test adapter::codex::tests::interrupts_then_resumes_the_same_session_and_workspace ... ok
2026-09-22T23:15:54.4041357Z test adapter::copilot::stopped_evidence::wire_tests::issue211_native_wire_http_and_websocket_hooks_deny_without_downstream_contact ... ok
2026-09-22T23:15:54.4046308Z test adapter::copilot::stopped_evidence::wire_tests::issue211_native_wire_rechecks_account_after_history_without_fallback ... ok
2026-09-22T23:15:54.4230657Z test adapter::copilot::stopped_evidence::wire_tests::issue211_native_wire_rejects_malformed_expired_duplicate_and_oversize_pages ... ok
2026-09-22T23:15:54.4256532Z test adapter::copilot::stopped_evidence::wire_tests::issue211_native_wire_rejects_unpinned_runtime_before_history_or_auth_reads ... ok
2026-09-22T23:15:54.4260513Z test adapter::codex::tests::stop_is_graceful_and_evidenced ... ok
2026-09-22T23:15:54.4273850Z test adapter::copilot::stopped_evidence::wire_tests::issue211_native_wire_session_not_found_has_no_resume_or_send_fallback ... ok
2026-09-22T23:15:54.4285324Z test adapter::copilot::stopped_evidence::wire_tests::issue211_native_wire_timeline_not_found_has_no_automatic_fallback ... ok
2026-09-22T23:15:54.4287433Z test adapter::copilot::tests::copilot_cli_does_not_inherit_common_credential_environment ... ok
2026-09-22T23:15:54.4289191Z test adapter::copilot::tests::fixture_exposes_every_model_and_policy_state ... ok
2026-09-22T23:15:54.4305925Z test adapter::copilot::stopped_evidence::wire_tests::issue211_native_wire_uses_only_fixed_paginated_reads ... ok
2026-09-22T23:15:54.4308662Z test adapter::copilot::tests::local_cli_launch_preserves_runtime_flags ... ok
2026-09-22T23:15:54.4310813Z test adapter::copilot::tests::native_managed_permissions_never_pre_authorize_shell ... ok
2026-09-22T23:15:54.4337160Z test adapter::copilot::tests::permission_handler_requires_decisions_for_every_exception_class ... ok
2026-09-22T23:15:54.4344064Z test adapter::copilot::tests::permission_policy_is_scoped_to_the_worktree ... ok
2026-09-22T23:15:54.4345723Z test adapter::copilot::tests::fixture_runs_selected_model_and_emits_evidence ... ok
2026-09-22T23:15:54.4347589Z test adapter::copilot::tests::tool_activity_signature_tracks_arguments_without_exposing_them ... ok
2026-09-22T23:15:54.4367671Z test adapter::copilot::tests::typed_directory_tool_rejects_relative_and_absolute_symlink_paths ... ok
2026-09-22T23:15:54.4371943Z test adapter::copilot::tests::unverified_runtime_versions_do_not_advertise_native_filesystem_support ... ok
2026-09-22T23:15:54.4373525Z test adapter::copilot::tests::typed_directory_tool_is_idempotent_and_cannot_expand_authority ... ok
2026-09-22T23:15:54.4384343Z test adapter::copilot_fs::tests::dangling_symlinks_cannot_create_external_files ... ok
2026-09-22T23:15:54.4386387Z test adapter::copilot_fs::tests::file_modes_reject_privilege_bits_and_invalid_values ... ok
2026-09-22T23:15:54.4401103Z test adapter::copilot_fs::tests::filesystem_provider_contains_reads_writes_and_renames ... ok
2026-09-22T23:15:54.4413154Z test adapter::copilot_fs::tests::hard_links_cannot_mutate_external_files ... ok
2026-09-22T23:15:54.4423445Z test adapter::copilot_fs::tests::all_operations_reject_linked_paths_and_protect_roots ... ok
2026-09-22T23:15:54.4431587Z test adapter::copilot_fs::tests::native_files_preserve_requested_executable_modes ... ok
2026-09-22T23:15:54.4443100Z test adapter::copilot_fs::tests::native_writes_obey_the_persisted_task_scope ... ok
2026-09-22T23:15:54.4448849Z test adapter::copilot_fs::tests::worktree_directory_resolution_keeps_native_state_authority_separate ... ok
2026-09-22T23:15:54.4451619Z test adapter::external::unix_tests::external_capabilities_fail_closed_without_strong_containment ... ok
2026-09-22T23:15:54.4453217Z test adapter::tests::capabilities_are_explicit ... ok
2026-09-22T23:15:54.4454729Z test adapter::copilot_fs::tests::worktree_directory_resolution_rejects_state_nested_under_workspace ... ok
2026-09-22T23:15:54.5997023Z test adapter::tests::fake_adapter_passes_stop_contract ... ok
2026-09-22T23:15:54.5998675Z test adapter::tests::unsupported_features_return_typed_errors ... ok
2026-09-22T23:15:54.6001815Z test connections::github::tests::github_repository_choice_normalizes_case_without_changing_id_or_branch ... ok
2026-09-22T23:15:54.6003531Z test connections::github::tests::personal_scope_removes_machine_tokens_without_changing_global_login ... ok
2026-09-22T23:15:54.6005437Z test connections::github::tests::repository_and_device_instruction_parsing_never_accept_shell_or_token_text ... ok
2026-09-22T23:15:54.6009528Z test connections::process::tests::setup_reader_bounds_unterminated_lines_and_never_retains_diagnostics ... ok
2026-09-22T23:15:54.6011203Z test connections::storage::tests::browser_paths_cannot_use_traversal_or_windows_device_names ... ok
2026-09-22T23:15:54.6012632Z test connections::storage::tests::canonical_roots_keep_native_workspace_path_representation ... ok
2026-09-22T23:15:54.6016005Z test connections::storage::tests::private_root_cannot_hide_inside_a_source_checkout ... ok
2026-09-22T23:15:54.6043548Z test connections::storage::tests::registry_replacement_is_exact_and_rejects_corrupt_or_escaping_files ... ok
2026-09-22T23:15:54.6049582Z test connections::tests::branch_refresh_keeps_old_accepted_pin_and_fences_older_ready_ack ... ok
2026-09-22T23:15:54.6053523Z test connections::tests::completed_auth_check_is_terminal_and_source_survives_later_agent_failure ... ok
2026-09-22T23:15:54.6064117Z test connections::tests::connection_ready_requires_exact_server_ack_and_survives_registry_roundtrip ... ok
2026-09-22T23:15:54.6065924Z test connections::tests::installed_executable_and_native_account_are_independent_choices ... ok
2026-09-22T23:15:54.6069878Z test connections::tests::late_ack_recognizes_server_committed_history_without_reselecting_old_profile ... ok
2026-09-22T23:15:54.6071667Z test connections::tests::native_code_cannot_target_non_claude_or_expired_login_and_is_not_serialized ... ok
2026-09-22T23:15:54.6074245Z test connections::tests::native_code_is_prompt_bound_one_shot_and_exact_retries_never_feed_another_prompt ... ok
2026-09-22T23:15:54.6080926Z test connections::tests::operation_replay_preserves_native_login_receipt_and_rejects_changed_scope ... ok
2026-09-22T23:15:54.8468803Z test adapter::codex::tests::forwards_live_steering_to_the_active_turn ... ok
2026-09-22T23:15:54.9648313Z test adapter::copilot::stopped_evidence::wire_tests::issue211_native_wire_enforces_total_history_bytes_and_page_limit ... ok
2026-09-22T23:15:54.9804766Z test connections::tests::receipt_cap_preserves_live_unacked_unfinished_and_unexpired_operations ... ok
2026-09-22T23:15:55.1820669Z test connections::tests::receipt_cap_restart_preserves_current_source_and_all_retained_receipts ... ok
2026-09-22T23:15:55.1823551Z test connections::tests::rejected_ready_and_forged_acceptance_are_not_dispatch_authority ... ok
2026-09-22T23:15:55.1825457Z test connections::tests::saved_native_identity_never_falls_back_to_another_source_or_profile ... ok
2026-09-22T23:15:55.2324408Z test connections::tests::receipt_cap_live_duplicate_and_conflicting_commands_do_not_compact_or_restart ... ok
2026-09-22T23:15:55.2435859Z test deliverable::tests::archive_is_deterministic_and_includes_tracked_and_untracked_source ... ok
2026-09-22T23:15:55.3156748Z test deliverable::tests::commit_form_bundles_validated_branch_when_head_is_detached ... ok
2026-09-22T23:15:55.3212014Z test deliverable::tests::commit_form_updates_only_the_isolated_branch_after_verification ... ok
2026-09-22T23:15:55.3430105Z test deliverable::tests::default_export_rejects_changes_outside_task_write_scope ... ok
2026-09-22T23:15:55.3666658Z test deliverable::tests::git_pathspec_magic_is_rejected_before_staging ... ok
2026-09-22T23:15:55.3934608Z test deliverable::tests::nested_secret_directories_are_rejected_before_export ... ok
2026-09-22T23:15:55.4094076Z test deliverable::tests::export_binds_executable_mode_even_when_git_filemode_is_disabled ... ok
2026-09-22T23:15:55.4556467Z test deliverable::tests::scoped_archive_preserves_staged_and_unselected_source_exactly ... ok
2026-09-22T23:15:55.4962194Z test deliverable::tests::scoped_commit_excludes_unselected_committed_changes ... ok
2026-09-22T23:15:55.5311324Z test deliverable::tests::scoped_commit_preserves_unselected_staged_work ... ok
2026-09-22T23:15:55.5551385Z test deliverable::tests::secret_like_paths_are_rejected_before_export ... ok
2026-09-22T23:15:55.5553541Z test deliverable::tests::sensitive_directories_match_at_every_depth ... ok
2026-09-22T23:15:55.5726261Z test deliverable::tests::scoped_commit_reset_treats_selected_paths_literally ... ok
2026-09-22T23:15:55.5829603Z test deliverable::tests::symbolic_links_are_rejected_before_content_export ... ok
2026-09-22T23:15:55.6500230Z test deliverable::tests::verifier_only_export_rejects_unselected_preserved_head_changes ... ok
2026-09-22T23:15:55.7288332Z test deliverable::tests::verifier_only_export_preserves_the_existing_head_commit ... ok
2026-09-22T23:15:55.7290978Z test retained_provider_receipt_tests::issue211_retained_receipt_ack_identity_requires_new_run_role_digest_and_stored_id ... ok
2026-09-22T23:15:55.7298084Z test retained_provider_receipt_tests::issue211_retained_receipt_capability_and_workspace_only_route_are_wired ... ok
2026-09-22T23:15:55.7851858Z test retained_provider_receipt_tests::issue211_retained_receipt_grant_fences_command_mode_run_and_checkpoint_scope ... ok
2026-09-22T23:15:55.8701680Z test retained_provider_receipt_tests::issue211_existing_provider_artifact_reference_remains_a_transfer_not_a_collection ... ok
2026-09-22T23:15:55.8840607Z test connections::tests::receipt_cap_rollover_prunes_old_terminal_acknowledged_entries_without_reset ... ok
2026-09-22T23:15:56.0782582Z test retained_provider_receipt_tests::issue211_retained_receipt_is_not_implicitly_collected_without_a_grant ... ok
2026-09-22T23:15:56.0913452Z test retained_provider_receipt_tests::issue211_retained_receipt_is_excluded_from_export_without_changing_source_bytes ... ok
2026-09-22T23:15:56.1537495Z test retained_provider_receipt_tests::issue211_retained_receipt_rejects_even_a_contained_receipt_symlink ... ok
2026-09-22T23:15:56.3888734Z test retained_provider_receipt_tests::issue211_retained_receipt_rejects_wrong_historical_session_model_and_current_checkpoint ... ok
2026-09-22T23:15:56.5235848Z test retained_provider_receipt_tests::issue211_retained_receipt_source_drift_or_identical_file_replacement_is_rejected_at_ack ... ok
2026-09-22T23:15:56.7830835Z test retained_provider_receipt_tests::issue211_retained_receipt_stop_interrupt_and_control_closure_cancel_during_collection ... ok
2026-09-22T23:15:57.0444471Z test retained_provider_receipt_tests::issue211_retained_receipt_upload_is_exact_and_all_current_checks_and_manual_gate_run ... ok
2026-09-22T23:15:57.0581577Z test source_checkpoint::tests::issue190_blocked_checkpoint_capture_has_an_overall_deadline ... ok
2026-09-22T23:15:57.2477289Z test source_checkpoint::tests::issue190_cancelled_exit_checkpoints_before_terminal_event ... ok
2026-09-22T23:15:57.4126838Z test source_checkpoint::tests::issue190_checkpoint_binds_changed_policy_and_untracked_bytes ... ok
2026-09-22T23:15:57.4726973Z test source_checkpoint::tests::issue190_checkpoint_read_limits_preserve_source ... ok
2026-09-22T23:15:57.5000594Z test adapter::tests::fake_adapter_passes_spawn_stream_steer_and_artifact_contract ... ok
2026-09-22T23:15:57.5430776Z test source_checkpoint::tests::issue190_checkpoint_rejects_detached_or_replaced_branch_and_source_base ... ok
2026-09-22T23:15:57.6220505Z test source_checkpoint::tests::issue190_failed_exit_checkpoints_before_terminal_event ... ok
2026-09-22T23:15:57.6280228Z test source_checkpoint::tests::issue190_cleanup_commit_rejects_a_late_retention_acknowledgment ... ok
2026-09-22T23:15:57.7462693Z test source_checkpoint::tests::issue190_late_stop_cancels_running_verifier_without_post_verifier_seal ... ok
2026-09-22T23:15:57.7571450Z test source_checkpoint::tests::issue190_late_stop_cancels_held_ack_without_acceptance_or_post_verifier_seal ... ok
2026-09-22T23:15:57.7900735Z test source_checkpoint::tests::issue190_quarantine_never_mints_or_downgrades_a_checkpoint ... ok
2026-09-22T23:15:57.8170494Z test source_checkpoint::tests::issue190_runtime_error_retains_without_checkpoint_proof ... ok
2026-09-22T23:15:57.8631507Z test source_checkpoint::tests::issue190_soft_directive_keeps_normal_verification ... ok
2026-09-22T23:15:57.9116890Z test source_checkpoint::tests::issue190_stop_wins_over_provider_completion_and_seals_source ... ok
2026-09-22T23:15:57.9290646Z test source_checkpoint::tests::issue190_stopped_artifact_callback_cannot_fail_an_unreadable_local_artifact ... ok
2026-09-22T23:15:58.0190835Z test source_checkpoint::tests::issue190_uncertain_teardown_retains_without_checkpoint_proof ... ok
2026-09-22T23:15:58.0580708Z test source_checkpoint::tests::issue190_suspend_wins_over_provider_completion_and_seals_source ... ok
2026-09-22T23:15:58.0611035Z test stopped_session_probe_tests::issue211_native_stopped_session_read_without_inference ... ignored, requires an explicit owned stopped-session probe file; never starts inference
2026-09-22T23:15:58.0661211Z test tests::active_secrets_schedule_a_bounded_provider_lifetime ... ok
2026-09-22T23:15:58.0662640Z test tests::buffered_run_events_rebind_epoch_without_changing_assignment_fence ... ok
2026-09-22T23:15:58.0823499Z test source_checkpoint::tests::issue190_unpinned_legacy_source_retains_without_checkpoint_proof ... ok
2026-09-22T23:15:58.1962578Z test tests::checkpoint_verifier_cancellation_does_not_quarantine_own_commit ... ok
2026-09-22T23:15:58.2181303Z test tests::checkpoint_verifier_cancellation_still_quarantines_unexpected_head ... ok
2026-09-22T23:15:58.3300552Z test tests::checkpoint_verifier_exports_uncommitted_source_without_a_provider ... ok
2026-09-22T23:15:58.3520065Z test tests::checkpoint_verifier_rejects_head_drift_after_its_owned_commit ... ok
2026-09-22T23:15:58.3550421Z test tests::expired_secrets_fail_before_provider_start ... ok
2026-09-22T23:15:58.4405032Z test tests::ordinary_verifier_still_rejects_an_uncommitted_replacement_tree ... ok
2026-09-22T23:15:58.4572950Z test tests::checkpoint_verifier_retains_own_commit_after_ack_failure ... ok
2026-09-22T23:15:58.4582805Z test tests::teardown_fail_closed_preserves_workspace_without_false_terminal_claim ... ok
2026-09-22T23:15:58.5080593Z test tests::teardown_fail_closed_execute_assignment_preserves_exact_workspace_until_verified ... ok
2026-09-22T23:15:58.5110104Z test tests::verifier_artifact_transfer_cancellation_cleans_all_snapshots ... ok
2026-09-22T23:15:58.5920718Z test tests::verifier_artifact_transfer_cancellation_during_upload_cannot_accept_completion ... ok
2026-09-22T23:15:58.6375949Z test tests::verifier_artifact_transfer_cleanup_error_blocks_acceptance ... ok
2026-09-22T23:15:58.6390147Z test tests::verifier_artifact_transfer_decodes_inline_bytes ... ok
2026-09-22T23:15:58.7000249Z test tests::verifier_artifact_transfer_early_error_preserves_prepared_workspace ... ok
2026-09-22T23:15:58.7610563Z test tests::verifier_artifact_transfer_fingerprint_mismatch_is_quarantined ... ok
2026-09-22T23:15:58.8670769Z test tests::verifier_artifact_transfer_held_upload_artifact_error_keeps_matching_checkpoint_trusted ... ok
2026-09-22T23:15:58.8700199Z test retained_provider_receipt_tests::issue211_retained_receipt_missing_malformed_and_oversized_files_never_upload ... ok
2026-09-22T23:15:58.9136304Z test tests::verifier_artifact_transfer_bounds_encoded_decoded_and_declared_size ... ok
2026-09-22T23:15:58.9751499Z test tests::verifier_artifact_transfer_held_upload_head_drift_with_manual_gate_is_quarantined ... ok
2026-09-22T23:15:58.9760646Z test tests::verifier_artifact_transfer_held_upload_head_drift_is_quarantined ... ok
2026-09-22T23:15:59.0075114Z test tests::verifier_artifact_transfer_held_upload_source_drift_is_quarantined ... ok
2026-09-22T23:15:59.0684727Z test tests::verifier_artifact_transfer_held_upload_source_drift_with_manual_gate_is_quarantined ... ok
2026-09-22T23:15:59.0860780Z test tests::verifier_artifact_transfer_inline_assignment_preserves_completed_source ... ok
2026-09-22T23:15:59.1190770Z test tests::verifier_artifact_transfer_keeps_exact_source_and_baseline ... ok
2026-09-22T23:15:59.1193832Z test tests::verifier_artifact_transfer_quarantine_flag_is_explicit_not_text_derived ... ok
2026-09-22T23:15:59.1213215Z test tests::verifier_artifact_transfer_rejects_tampered_hash ... ok
2026-09-22T23:15:59.1244104Z test tests::verifier_artifact_transfer_stages_contained_legacy_bytes_privately ... ok
2026-09-22T23:15:59.1251343Z test tests::workspace_setup_capability_requires_storage_and_native_process_ownership ... ok
2026-09-22T23:15:59.1268180Z test verifier::tests::command_failure_records_bounded_resolution_evidence ... ok
2026-09-22T23:15:59.1276007Z test verifier::tests::direct_executable_path_resolution_is_unchanged_on_unix ... ok
2026-09-22T23:15:59.1292169Z test verifier::tests::explicit_paths_are_canonicalized_and_directory_targets_are_rejected ... ok
2026-09-22T23:15:59.1519665Z test tests::verifier_artifact_transfer_provider_admission_failure_preserves_workspace ... ok
2026-09-22T23:15:59.1540072Z test verifier::tests::missing_programs_fail_closed_without_searching_the_workspace ... ok
2026-09-22T23:15:59.1571721Z test workspace::tests::fingerprint_and_snapshots_bind_contained_links_and_reject_git_control_links ... ok
2026-09-22T23:15:59.1850673Z test tests::verifier_artifact_transfer_held_upload_unchanged_checkpoint_is_trusted ... ok
2026-09-22T23:15:59.1880508Z test workspace::tests::fingerprint_binds_unix_modes_even_when_git_ignores_mode_changes ... ok
2026-09-22T23:15:59.1882088Z test workspace::tests::fingerprint_entry_and_snapshot_byte_limits_fail_without_source_mutation ... ok
2026-09-22T23:15:59.1917881Z test workspace::tests::fingerprint_is_reproducible_and_excludes_only_root_git_control ... ok
2026-09-22T23:15:59.1940530Z test workspace::tests::fingerprint_rejects_lossy_non_utf8_path_names ... ok
2026-09-22T23:15:59.1965981Z test workspace::tests::github_remote_urls_normalize_to_repository_identity ... ok
2026-09-22T23:15:59.2054398Z test verifier::tests::matrix_checks_pass_and_missing_or_escaping_files_fail ... ok
2026-09-22T23:15:59.2426949Z test workspace::tests::fingerprint_covers_tracked_untracked_and_ignored_bytes ... ok
2026-09-22T23:15:59.2450684Z test workspace::tests::local_repository_identity_is_stable_and_contract_safe ... ok
2026-09-22T23:15:59.2647102Z test workspace::tests::legacy_artifact_search_is_bounded_by_name_size_and_digest ... ok
2026-09-22T23:15:59.2661000Z test workspace::tests::path_and_ref_guards_fail_closed ... ok
2026-09-22T23:15:59.2779586Z test workspace::tests::occupied_or_tampered_target_never_falls_back_to_the_source_checkout ... ok
2026-09-22T23:15:59.2860366Z test workspace::tests::initialize_pinned_retains_commit_after_ref_advances_or_disappears ... ok
2026-09-22T23:15:59.3412473Z test workspace::tests::pinned_sources_reject_invalid_unavailable_and_non_commit_ids ... ok
2026-09-22T23:15:59.3615599Z test workspace::tests::pinned_snapshots_share_identity_lock_and_preserved_dirty_worktrees ... ok
2026-09-22T23:15:59.3658553Z test workspace::tests::snapshots_preserve_unix_modes_without_changing_source_during_cleanup ... ok
2026-09-22T23:15:59.3951532Z test workspace::tests::source_identity_requires_the_exact_resolved_commit ... ok
2026-09-22T23:15:59.4080384Z test workspace::tests::provisions_distinct_worktrees_without_touching_source_checkout ... ok
2026-09-22T23:15:59.4630915Z test workspace::tests::verifier_snapshot_is_physical_isolated_and_excludes_git_control ... ok
2026-09-22T23:15:59.5181961Z test workspace::tests::verifier_snapshot_rejects_a_symlink_that_escapes_the_workspace ... ok
2026-09-22T23:15:59.5203228Z test workspace::tests::unpinned_worktrees_follow_the_live_ref_while_pinned_and_resumed_work_stays_fixed ... ok
2026-09-22T23:15:59.5701745Z test workspace::tests::removes_only_clean_integrated_worktrees ... ok
2026-09-22T23:16:26.1054916Z test retained_provider_receipt_tests::issue211_retained_receipt_missing_ack_withholds_artifact_checks_and_retries_are_identical ... ok
2026-09-22T23:16:26.1055598Z
2026-09-22T23:16:26.1056052Z test result: ok. 182 passed; 0 failed; 1 ignored; 0 measured; 0 filtered out; finished in 32.11s
2026-09-22T23:16:26.1056531Z
2026-09-22T23:16:26.1114712Z [1m[92m     Running[0m unittests src/main.rs (/home/runner/work/_temp/ecorp-rust-sqlx-coverage-target/debug/deps/crony_server-8b34980641596a71)
2026-09-22T23:16:26.1142068Z
2026-09-22T23:16:26.1142356Z running 137 tests
2026-09-22T23:16:26.1162058Z test artifacts::artifact_receipt_tests::issue211_retained_artifact_cannot_enter_ordinary_or_missing_grant_path ... ok
2026-09-22T23:16:26.1165549Z test artifacts::artifact_receipt_tests::issue211_retained_artifact_checks_native_content_not_only_its_declared_digest ... ok
2026-09-22T23:16:26.1171105Z test artifacts::artifact_receipt_tests::issue211_retained_artifact_rejects_foreign_new_run_task_or_corp ... ok
2026-09-22T23:16:26.1173950Z test artifacts::tests::artifact_file_names_reject_content_disposition_injection ... ok
2026-09-22T23:16:26.1176082Z test artifacts::tests::bounded_artifact_stream_rejects_size_or_range_mismatch_before_polling ... ok
2026-09-22T23:16:26.1177973Z test artifacts::tests::bounded_artifact_stream_rejects_understated_body_without_draining ... ok
2026-09-22T23:16:26.1179890Z test artifacts::tests::bounded_artifact_stream_requires_exact_length_and_eof ... ok
2026-09-22T23:16:26.1187883Z test artifacts::tests::bounded_verified_read_preserves_signature_retention_digest_and_media_checks ... ok
2026-09-22T23:16:26.1197420Z test artifacts::artifact_receipt_tests::issue211_retained_artifact_signs_current_collection_and_preserves_exact_bytes ... ok
2026-09-22T23:16:26.1199694Z test artifacts::artifact_receipt_tests::issue211_retained_artifact_rejects_relabelled_provenance_and_false_completion ... ok
2026-09-22T23:16:26.1211598Z test artifacts::artifact_receipt_tests::issue211_retained_artifact_signature_binds_historical_and_current_identity ... ok
2026-09-22T23:16:26.1213676Z test artifacts::tests::bounded_verified_read_round_trips_small_artifact_without_limiting_downloads ... ok
2026-09-22T23:16:26.1215559Z test artifacts::tests::hmac_sha256_keeps_the_rfc4231_signature_bytes ... ok
2026-09-22T23:16:26.1216904Z test artifacts::tests::media_validation_rejects_mismatches ... ok
2026-09-22T23:16:26.1218106Z test artifacts::tests::production_requires_private_s3_storage ... ok
2026-09-22T23:16:26.1224312Z test artifacts::tests::bounded_verified_read_rejects_oversized_object_with_small_signed_metadata ... ok
2026-09-22T23:16:26.1228207Z test auth::tests::role_matrix_is_fail_closed ... ok
2026-09-22T23:16:26.1236321Z test dependency_source::tests::an_invalid_later_file_never_returns_a_partial_handoff ... ok
2026-09-22T23:16:26.1245238Z test artifacts::tests::local_store_round_trips_verified_content_and_provenance ... ok
2026-09-22T23:16:26.1251881Z test dependency_source::tests::changed_paths_are_an_additional_exact_unordered_constraint ... ok
2026-09-22T23:16:26.1263571Z test dependency_source::tests::base64_rejects_noncanonical_padding_bits_alphabets_and_whitespace ... ok
2026-09-22T23:16:26.1266667Z test artifacts::tests::source_deliverable_role_and_exact_linkage_are_signed ... ok
2026-09-22T23:16:26.1271184Z test dependency_source::tests::empty_files_bom_and_whitespace_are_not_omitted_or_normalized ... ok
2026-09-22T23:16:26.1284430Z test dependency_source::tests::duplicate_fields_are_rejected_including_equal_values_and_nulls ... ok
2026-09-22T23:16:26.1285884Z test dependency_source::tests::envelope_and_file_count_caps_precede_unbounded_parsing ... ok
2026-09-22T23:16:26.1287345Z test dependency_source::tests::deleted_renamed_unmerged_and_nonregular_changes_are_rejected ... ok
2026-09-22T23:16:26.1297104Z test dependency_source::tests::expectations_require_immutable_ids_and_a_nonempty_exact_set ... ok
2026-09-22T23:16:26.1306553Z test artifacts::tests::staged_objects_finalize_idempotently_and_cleanup_safely ... ok
2026-09-22T23:16:26.1308203Z test dependency_source::tests::extra_missing_duplicate_and_case_aliased_files_fail ... ok
2026-09-22T23:16:26.1310035Z test dependency_source::tests::file_hash_and_actual_decoded_byte_count_are_verified ... ok
2026-09-22T23:16:26.1311708Z test dependency_source::tests::every_export_field_is_required_even_nullable_metadata ... ok
2026-09-22T23:16:26.1314003Z test dependency_source::tests::multiple_handoffs_are_complete_lossless_and_sorted ... ok
2026-09-22T23:16:26.1315488Z test dependency_source::tests::full_sha256_git_object_ids_are_supported ... ok
2026-09-22T23:16:26.1326655Z test dependency_source::tests::optional_source_record_binds_identity_mime_and_exact_envelope ... ok
2026-09-22T23:16:26.1336251Z test dependency_source::tests::patch_integrity_and_typed_set_metadata_are_fail_closed ... ok
2026-09-22T23:16:26.1350528Z test dependency_source::tests::planner_preflight_rejects_the_same_path_dialect_before_provider_work ... ok
2026-09-22T23:16:26.1352370Z test dependency_source::tests::invalid_utf8_and_utf8_binary_controls_fail_with_correct_hashes ... ok
2026-09-22T23:16:26.1356341Z test dependency_source::tests::mime_must_match_a_supported_text_extension_and_content ... ok
2026-09-22T23:16:26.1383173Z test dependency_source::tests::regular_modes_and_non_deleted_export_statuses_are_supported ... ok
2026-09-22T23:16:26.1384938Z test dependency_source::tests::schema_form_base_and_verifier_are_exact ... ok
2026-09-22T23:16:26.1405349Z test dependency_source::tests::per_file_encoded_decoded_and_declared_sizes_are_bounded ... ok
2026-09-22T23:16:26.1440125Z test dependency_source::tests::unknown_fields_positional_arrays_trailing_data_and_wrong_types_fail ... ok
2026-09-22T23:16:26.1456468Z test factory_connection_tests::issue204_handler_bound_only_preflight_and_materialization ... ignored, requires explicitly owned SQLx maintenance database
2026-09-22T23:16:26.1459295Z test factory_connection_tests::issue204_handler_post_claim_readiness_conflict_releases_exact_claim ... ignored, requires explicitly owned SQLx maintenance database
2026-09-22T23:16:26.1461944Z test factory_connection_tests::issue204_handler_post_claim_source_conflict_releases_exact_claim ... ignored, requires explicitly owned SQLx maintenance database
2026-09-22T23:16:26.1464436Z test factory_connection_tests::issue204_handler_stale_claim_conflicts_do_not_release_current_claim ... ignored, requires explicitly owned SQLx maintenance database
2026-09-22T23:16:26.1466844Z test factory_connection_tests::issue56_dispatcher_retires_fenced_approval_and_control_once ... ignored, requires explicitly owned SQLx maintenance database
2026-09-22T23:16:26.1469472Z test factory_connection_tests::issue56_dispatcher_sends_healthy_progress_only_to_current_epoch ... ignored, requires explicitly owned SQLx maintenance database
2026-09-22T23:16:26.1472266Z test factory_connection_tests::issue79_claim_handler_and_preflight_reject_cost_without_durable_effects ... ignored, requires explicitly owned SQLx maintenance database
2026-09-22T23:16:26.1474307Z test planning::tests::deterministic_verification_strategy_drops_provider_model_settings ... ok
2026-09-22T23:16:26.1475741Z test planning::tests::issue224_attempt_override_rejects_out_of_bounds_values ... ok
2026-09-22T23:16:26.1477261Z test dependency_source::tests::total_prompt_cap_includes_paths_hashes_framing_and_utf8_bytes ... ok
2026-09-22T23:16:26.1479402Z test planning::tests::issue224_fixture_strategies_preserve_default_one_attempt ... ok
2026-09-22T23:16:26.1490748Z test planning::tests::issue224_attempt_override_sets_every_task_without_changing_other_plan_fields ... ok
2026-09-22T23:16:26.1492612Z test planning::tests::issue224_ordinary_strategies_preserve_default_two_attempts ... ok
2026-09-22T23:16:26.1508545Z test planning::tests::issue79_every_registered_strategy_uses_shared_cost_allocation ... ok
2026-09-22T23:16:26.1510827Z test planning::tests::parallel_strategy_scopes_model_settings_to_matching_adapters ... ok
2026-09-22T23:16:26.1512292Z test planning::tests::ordered_candidates_exclude_retired_agents ... ok
2026-09-22T23:16:26.1519498Z test planning::tests::rejects_cycles_depth_budget_and_retry_violations ... ok
2026-09-22T23:16:26.1521624Z test planning::tests::single_strategy_preserves_typed_deliverable_and_rejects_unsafe_scope ... ok
2026-09-22T23:16:26.1524246Z test planning::tests::strategies_are_replaceable_and_deterministic ... ok
2026-09-22T23:16:26.1529131Z test planning::tests::studio_handoffs_prioritize_decisions_and_delegate_mechanical_checks ... ok
2026-09-22T23:16:26.1535464Z test planning::tests::studio_swarm_pins_model_and_reasoning_on_every_task ... ok
2026-09-22T23:16:26.1541874Z test planning::tests::single_strategy_enforces_requested_adapter ... ok
2026-09-22T23:16:26.1548214Z test dependency_source::tests::traversal_git_internal_secret_and_nonportable_paths_are_rejected ... ok
2026-09-22T23:16:26.1555785Z test planning::tests::studio_swarm_rejects_duplicate_manager_retired_or_offline_workers ... ok
2026-09-22T23:16:26.1557329Z test planning::tests::studio_swarm_prefers_staffing_roles_and_reserves_them_before_fallback ... ok
2026-09-22T23:16:26.1558780Z test planning::tests::studio_swarm_rejects_insufficient_or_mixed_provider_workers ... ok
2026-09-22T23:16:26.1560244Z test planning::tests::studio_swarm_rejects_non_copilot_adapter_requests ... ok
2026-09-22T23:16:26.1570618Z test planning::tests::studio_swarm_rejects_unsafe_handoff_roots ... ok
2026-09-22T23:16:26.1571880Z test planning::tests::studio_swarm_preserves_graph_and_budget_bounds ... ok
2026-09-22T23:16:26.1572969Z test dependency_source::tests::redundant_patch_has_independent_encoded_and_decoded_caps ... ok
2026-09-22T23:16:26.1578420Z test planning::tests::studio_swarm_scopes_role_handoffs_and_preserves_final_deliverable ... ok
2026-09-22T23:16:26.1579821Z test planning::tests::studio_swarm_splits_budgets_and_bounds_attempts ... ok
2026-09-22T23:16:26.1581083Z test planning::tests::studio_swarm_uses_three_distinct_copilot_roots_and_gameplay_join ... ok
2026-09-22T23:16:26.1582321Z test publication_checkpoint_permission_tests::owned_failure_reporting_does_not_grant_effect_permission ... ok
2026-09-22T23:16:26.1583123Z test planning::tests::verifier_policies_reject_unsafe_paths_commands_and_gates ... ok
2026-09-22T23:16:26.1584642Z test secrets::tests::production_keeps_other_valid_keys_and_normalization ... ok
2026-09-22T23:16:26.1585712Z test secrets::tests::production_rejects_public_development_key_variants_without_disclosure ... ok
2026-09-22T23:16:26.1586615Z test secrets::tests::ciphertext_is_bound_to_corp_secret_and_name ... ok
2026-09-22T23:16:26.1587930Z test secrets::tests::development_keeps_default_and_explicit_fixture_key_compatibility ... ok
2026-09-22T23:16:26.1589721Z test staffing::tests::studio_never_falls_back_to_another_provider ... ok
2026-09-22T23:16:26.1591101Z test secrets::tests::production_still_requires_a_well_formed_32_byte_key ... ok
2026-09-22T23:16:26.1592260Z test staffing::tests::only_idle_pinned_same_corp_role_is_reused ... ok
2026-09-22T23:16:26.1593113Z test staffing::tests::empty_corp_gets_only_the_required_roles ... ok
2026-09-22T23:16:26.1594057Z test startup::tests::production_deployment_key_advances_to_the_next_preparation_stage ... ok
2026-09-22T23:16:26.1595391Z test startup::tests::production_development_key_diagnostic_keeps_the_safe_rejection_reason ... ok
2026-09-22T23:16:26.1596904Z test tests::artifact_content_disposition_encodes_untrusted_file_names ... ok
2026-09-22T23:16:26.1600351Z test tests::checkpoint_command_rejects_cross_corp_and_cross_run_payloads ... ok
2026-09-22T23:16:26.1602130Z test startup::tests::production_missing_and_malformed_key_diagnostics_are_bounded_and_secret_safe ... ok
2026-09-22T23:16:26.1603609Z test tests::checkpoint_denial_retires_only_the_command_and_store_errors_remain_retryable ... ok
2026-09-22T23:16:26.1604789Z test tests::checkpoint_verification_requires_explicit_runner_support ... ok
2026-09-22T23:16:26.1608224Z test tests::durable_verifier_references_reject_embedded_data_bad_digests_and_oversized_transfers ... ok
2026-09-22T23:16:26.1609682Z test tests::factory_materialization_failure_detail_is_bounded_single_line_text ... ok
2026-09-22T23:16:26.1611096Z test tests::factory_review_preserves_explicit_internal_policy_and_reviews_provider_ancestry ... ok
2026-09-22T23:16:26.1612471Z test tests::factory_review_is_required_for_the_outcome_not_each_internal_handoff ... ok
2026-09-22T23:16:26.1613596Z test tests::issue171_failed_command_handling_cannot_wake_scheduling ... ok
2026-09-22T23:16:26.1614490Z test tests::issue171_epoch_loss_during_commands_cannot_wake_scheduling ... ok
2026-09-22T23:16:26.1615200Z test tests::issue171_failed_or_superseded_finalization_cannot_wake_scheduling ... ok
2026-09-22T23:16:26.1615855Z test tests::issue171_tick_continues_other_corps_after_a_scheduling_failure ... ok
2026-09-22T23:16:26.1616714Z test tests::issue171_reconnect_wakeup_waits_for_finalization_then_commands ... ok
2026-09-22T23:16:26.1617340Z test tests::issue171_tick_skips_unready_and_rechecks_corp_epoch_snapshots ... ok
2026-09-22T23:16:26.1617980Z test tests::issue171_ticks_retry_failed_commands_or_scheduling_without_new_events ... ok
2026-09-22T23:16:26.1621898Z test tests::issue171_unready_or_stale_epoch_never_polls_commands_or_scheduler ... ok
2026-09-22T23:16:26.1624655Z test tests::issue172_epoch_replacement_during_commands_cannot_schedule_or_pin_the_corp ... ok
2026-09-22T23:16:26.1634272Z test tests::issue172_removed_representative_does_not_reset_other_corps_or_accumulate_state ... ok
2026-09-22T23:16:26.1635470Z test tests::issue172_all_failing_peers_remain_bounded_and_each_get_a_turn ... ok
2026-09-22T23:16:26.1636522Z test tests::issue172_snapshot_fencing_skips_a_peer_moved_to_another_corp ... ok
2026-09-22T23:16:26.1666870Z test tests::issue171_tick_bounds_and_rotates_unique_current_ready_corps ... ok
2026-09-22T23:16:26.1667699Z test tests::issue172_repeated_failure_cannot_starve_same_corp_healthy_runner ... ok
2026-09-22T23:16:26.1668362Z test tests::issue210_transient_authorization_reads_do_not_terminalize_recovery ... ok
2026-09-22T23:16:26.1671602Z test tests::issue211_retained_dispatch_does_not_send_private_upload_binding ... ok
2026-09-22T23:16:26.1672696Z test tests::issue211_retained_dispatch_binds_exact_provider_free_command ... ok
2026-09-22T23:16:26.1681054Z test tests::issue211_retained_dispatch_requires_its_own_available_capability ... ok
2026-09-22T23:16:26.1682754Z test tests::issue211_retained_receipt_ack_uses_exact_role_and_digest ... ok
2026-09-22T23:16:26.1700592Z test tests::issue211_retained_receipt_db_error_is_retryable_but_authority_denial_is_not ... ok
2026-09-22T23:16:26.1702528Z test tests::issue224_attempt_request_must_match_the_pre_execution_factory_policy ... ok
2026-09-22T23:16:26.1704074Z test tests::issue224_factory_operation_snapshots_keep_legacy_omission ... ok
2026-09-22T23:16:26.1707187Z test tests::issue224_planning_input_keeps_the_exact_requested_attempt_allowance ... ok
2026-09-22T23:16:26.1709227Z test tests::mission_preview_and_create_mapping_leave_defaults_to_the_shared_planner ... ok
2026-09-22T23:16:26.1720420Z test tests::mission_description_is_normalized_and_delivered_to_each_task ... ok
2026-09-22T23:16:26.1721992Z test tests::mission_preview_and_create_mapping_preserve_every_request_field ... ok
2026-09-22T23:16:26.1743863Z test tests::mission_preview_projects_the_actual_plan_without_identity_or_contract_data ... ok
2026-09-22T23:16:26.1746978Z test tests::mission_source_is_pinned_to_every_planned_task ... ok
2026-09-22T23:16:26.1748720Z test tests::model_less_adapter_reports_the_invalid_model_requirement ... ok
2026-09-22T23:16:26.1750656Z test tests::mission_verification_applies_to_every_terminal_output_even_at_different_depths ... ok
2026-09-22T23:16:26.1752818Z test tests::reconnect_closed_socket_does_not_report_command_delivery ... ok
2026-09-22T23:16:26.1755398Z test tests::provider_backed_factory_tasks_require_independent_verification ... ok
2026-09-22T23:16:26.1757392Z test tests::reconnect_dispatch_and_matching_wait_for_successful_finalization ... ok
2026-09-22T23:16:26.1760805Z test tests::reconnect_failed_or_superseded_finalization_keeps_dispatch_closed ... ok
2026-09-22T23:16:26.1762199Z test tests::reconnect_preserves_pending_recoveries_beyond_one_dispatch_page ... ok
2026-09-22T23:16:26.1763604Z test tests::reconnect_stale_epoch_cannot_enable_or_deliver_to_replacement_socket ... ok
2026-09-22T23:16:26.1765125Z test tests::runner_matching_enforces_model_and_reasoning_support ... ok
2026-09-22T23:16:26.1766351Z test tests::runner_matching_enforces_repository_and_base_ref ... ok
2026-09-22T23:16:26.1767484Z test tests::issue172_corp_batching_does_not_alias_runner_rotation ... ok
2026-09-22T23:16:26.1768707Z test tests::reconnect_preserves_offline_recovery_after_command_ack ... ok
2026-09-22T23:16:26.1778814Z test tests::issue172_unvisited_singleton_churn_preserves_runner_rotation ... ok
2026-09-22T23:16:26.1779617Z
2026-09-22T23:16:26.1780274Z test result: ok. 130 passed; 0 failed; 7 ignored; 0 measured; 0 filtered out; finished in 0.06s
2026-09-22T23:16:26.1780868Z
2026-09-22T23:16:26.1798453Z [1m[92m     Running[0m unittests src/lib.rs (/home/runner/work/_temp/ecorp-rust-sqlx-coverage-target/debug/deps/crony_store-0f890e526934181d)
2026-09-22T23:16:26.1818020Z
2026-09-22T23:16:26.1818241Z running 431 tests
2026-09-22T23:16:26.1820672Z test aggregate_breaker_tests::issue56_all_active_states_but_no_terminal_or_unproven_verifier_exemption ... ignored, requires an explicitly owned disposable PostgreSQL database
2026-09-22T23:16:26.1822939Z test aggregate_breaker_tests::issue56_already_queued_approval_becomes_obsolete ... ignored, requires an explicitly owned disposable PostgreSQL database
2026-09-22T23:16:26.1825306Z test aggregate_breaker_tests::issue56_concurrent_usage_is_serialized_and_replay_is_exact ... ignored, requires an explicitly owned disposable PostgreSQL database
2026-09-22T23:16:26.1827268Z test aggregate_breaker_tests::issue56_control_dispatch_checks_wall_clock_after_lock_wait ... ignored, requires explicitly owned SQLx maintenance database
2026-09-22T23:16:26.1829518Z test aggregate_breaker_tests::issue56_control_dispatch_locks_and_rechecks_lease_row ... ignored, requires explicitly owned SQLx maintenance database
2026-09-22T23:16:26.1831590Z test aggregate_breaker_tests::issue56_control_dispatch_revalidates_lease_after_run_wait ... ignored, requires explicitly owned SQLx maintenance database
2026-09-22T23:16:26.1833795Z test aggregate_breaker_tests::issue56_control_dispatch_uses_locked_token_and_preserves_retry ... ignored, requires explicitly owned SQLx maintenance database
2026-09-22T23:16:26.1835617Z test aggregate_breaker_tests::issue56_corp_cost ... ignored, requires an explicitly owned disposable PostgreSQL database
2026-09-22T23:16:26.1837377Z test aggregate_breaker_tests::issue56_corp_tokens ... ignored, requires an explicitly owned disposable PostgreSQL database
2026-09-22T23:16:26.1839866Z test aggregate_breaker_tests::issue56_exhausted_dispatch_has_no_assignment_side_effects ... ignored, requires an explicitly owned disposable PostgreSQL database
2026-09-22T23:16:26.1841214Z test aggregate_breaker_tests::issue56_expired_approval_cleanup_reaches_terminal_fenced_runner ... ignored, requires explicitly owned SQLx maintenance database
2026-09-22T23:16:26.1843149Z test aggregate_breaker_tests::issue56_interrupt_waits_for_run_without_holding_lease ... ignored, requires explicitly owned SQLx maintenance database
2026-09-22T23:16:26.1844572Z test aggregate_breaker_tests::issue56_mission_cost ... ignored, requires an explicitly owned disposable PostgreSQL database
2026-09-22T23:16:26.1845861Z test aggregate_breaker_tests::issue56_mission_hard_budget_fences_all_active_runs ... ignored, requires an explicitly owned disposable PostgreSQL database
2026-09-22T23:16:26.1847726Z test aggregate_breaker_tests::issue56_mission_tokens ... ignored, requires an explicitly owned disposable PostgreSQL database
2026-09-22T23:16:26.1848785Z test aggregate_breaker_tests::issue56_native_enqueue_precedes_a_concurrent_fence ... ignored, requires explicitly owned SQLx maintenance database
2026-09-22T23:16:26.1850543Z test aggregate_breaker_tests::issue56_native_enqueue_rejects_fenced_and_wrong_assignments ... ignored, requires explicitly owned SQLx maintenance database
2026-09-22T23:16:26.1852624Z test aggregate_breaker_tests::issue56_nested_verifier_budget_gate_has_no_actor_corp_inversion ... ignored, requires explicitly owned SQLx maintenance database
2026-09-22T23:16:26.1854656Z test aggregate_breaker_tests::issue56_pending_effects_and_staged_artifacts_cannot_cross_fence ... ignored, requires an explicitly owned disposable PostgreSQL database
2026-09-22T23:16:26.1856578Z test aggregate_breaker_tests::issue56_pending_review_waits_for_atomic_fanout_and_then_rejects ... ignored, requires an explicitly owned disposable PostgreSQL database
2026-09-22T23:16:26.1858696Z test aggregate_breaker_tests::issue56_progress_enqueue_binds_durable_identity_and_lifecycle ... ignored, requires explicitly owned SQLx maintenance database
2026-09-22T23:16:26.1861141Z test aggregate_breaker_tests::issue56_progress_enqueue_checks_usage_before_persisted_fence ... ignored, requires explicitly owned SQLx maintenance database
2026-09-22T23:16:26.1862549Z test aggregate_breaker_tests::issue56_progress_enqueue_precedes_concurrent_accounting ... ignored, requires explicitly owned SQLx maintenance database
2026-09-22T23:16:26.1863765Z test aggregate_breaker_tests::issue56_rejection_cleanup_requires_durable_negative_approval_scope ... ignored, requires explicitly owned SQLx maintenance database
2026-09-22T23:16:26.1865717Z test aggregate_breaker_tests::issue56_requester_cost ... ignored, requires an explicitly owned disposable PostgreSQL database
2026-09-22T23:16:26.1867541Z test aggregate_breaker_tests::issue56_requester_tokens ... ignored, requires an explicitly owned disposable PostgreSQL database
2026-09-22T23:16:26.1869821Z test aggregate_breaker_tests::issue56_run_only_and_monotonic_aggregate_escalation ... ignored, requires an explicitly owned disposable PostgreSQL database
2026-09-22T23:16:26.1871535Z test aggregate_breaker_tests::issue56_usage_and_all_commands_rollback_together ... ignored, requires an explicitly owned disposable PostgreSQL database
2026-09-22T23:16:26.1872849Z test budget_checkpoint_tests::cancellation_reconciliation::issue206_explicit_operator_cancellation_is_not_reconciled ... ignored, requires explicitly owned SQLx maintenance database
2026-09-22T23:16:26.1875026Z test budget_checkpoint_tests::cancellation_reconciliation::issue206_late_journal_failure_rolls_back_reconciliation ... ignored, requires explicitly owned SQLx maintenance database
2026-09-22T23:16:26.1877663Z test budget_checkpoint_tests::cancellation_reconciliation::issue206_missing_termination_or_native_budget_proof_never_reconciles ... ignored, requires explicitly owned SQLx maintenance database
2026-09-22T23:16:26.1880808Z test budget_checkpoint_tests::cancellation_reconciliation::issue206_native_explicit_stop_cannot_be_overridden ... ignored, requires explicitly owned SQLx maintenance database
2026-09-22T23:16:26.1883244Z test budget_checkpoint_tests::cancellation_reconciliation::issue206_newer_factory_event_rejects_stale_projection_proof ... ignored, requires explicitly owned SQLx maintenance database
2026-09-22T23:16:26.1885267Z test budget_checkpoint_tests::cancellation_reconciliation::issue206_policy_cancellation_detail_remains_protected ... ignored, requires explicitly owned SQLx maintenance database
2026-09-22T23:16:26.1888220Z test budget_checkpoint_tests::cancellation_reconciliation::issue206_quarantined_predecessor_rejects_valid_latest_source ... ignored, requires explicitly owned SQLx maintenance database
2026-09-22T23:16:26.1890717Z test budget_checkpoint_tests::cancellation_reconciliation::issue206_reconcile_native_projection_then_verify_same_source ... ignored, requires explicitly owned SQLx maintenance database
2026-09-22T23:16:26.1892323Z test budget_checkpoint_tests::cancellation_reconciliation::issue206_reconciliation_and_replay_require_current_recovery_authority ... ignored, requires explicitly owned SQLx maintenance database
2026-09-22T23:16:26.1893963Z test budget_checkpoint_tests::cancellation_reconciliation::issue206_reconciliation_binds_version_event_revision_and_checkpoint ... ignored, requires explicitly owned SQLx maintenance database
2026-09-22T23:16:26.1895386Z test budget_checkpoint_tests::cancellation_reconciliation::issue206_reconciliation_serializes_actor_demotion ... ignored, requires explicitly owned SQLx maintenance database
2026-09-22T23:16:26.1896978Z test budget_checkpoint_tests::correction_publication::issue216_broken_or_foreign_correction_parent_and_source_bindings_are_denied ... ignored, requires explicitly owned SQLx maintenance database
2026-09-22T23:16:26.1899990Z test budget_checkpoint_tests::correction_publication::issue216_corrected_checkpoint_publication_start_preserves_history ... ignored, requires explicitly owned SQLx maintenance database
2026-09-22T23:16:26.1904480Z test budget_checkpoint_tests::correction_publication::issue216_current_checkpoint_proof_revalidates_all_public_controls ... ignored, requires explicitly owned SQLx maintenance database
2026-09-22T23:16:26.1906507Z test budget_checkpoint_tests::correction_publication::issue216_current_role_room_and_publisher_authority_are_revalidated ... ignored, requires explicitly owned SQLx maintenance database
2026-09-22T23:16:26.1909366Z test budget_checkpoint_tests::correction_publication::issue216_erased_checkpoint_markers_cannot_hide_native_suspension ... ignored, requires explicitly owned SQLx maintenance database
2026-09-22T23:16:26.1912062Z test budget_checkpoint_tests::correction_publication::issue216_explicit_stop_of_authorized_corrected_source_blocks_publication ... ignored, requires explicitly owned SQLx maintenance database
2026-09-22T23:16:26.1914486Z test budget_checkpoint_tests::correction_publication::issue216_explicit_stop_of_exact_original_suspension_blocks_publication ... ignored, requires explicitly owned SQLx maintenance database
2026-09-22T23:16:26.1916764Z test budget_checkpoint_tests::correction_publication::issue216_historical_correction_grant_revalidates_all_public_controls ... ignored, requires explicitly owned SQLx maintenance database
2026-09-22T23:16:26.1919487Z test budget_checkpoint_tests::correction_publication::issue216_native_loop_counters_are_not_a_checkpoint_budget_exemption ... ignored, requires explicitly owned SQLx maintenance database
2026-09-22T23:16:26.1922194Z test budget_checkpoint_tests::correction_publication::issue216_ordinary_checkpoint_publication_start_renew_replay_preserves_history ... ignored, requires explicitly owned SQLx maintenance database
2026-09-22T23:16:26.1924944Z test budget_checkpoint_tests::correction_publication::issue216_ordinary_source_only_predecessor_correction_stop_checkpoint_publication_succeeds ... ignored, requires explicitly owned SQLx maintenance database
2026-09-22T23:16:26.1927252Z test budget_checkpoint_tests::correction_publication::issue216_public_start_renew_forward_and_exact_replay_preserve_history ... ignored, requires explicitly owned SQLx maintenance database
2026-09-22T23:16:26.1929468Z test budget_checkpoint_tests::correction_publication::issue216_quarantine_of_exact_origin_correction_or_verifier_is_never_exempt ... ignored, requires explicitly owned SQLx maintenance database
2026-09-22T23:16:26.1931851Z test budget_checkpoint_tests::correction_publication::issue216_start_and_renew_post_allocation_failures_roll_back_every_row ... ignored, requires explicitly owned SQLx maintenance database
2026-09-22T23:16:26.1933536Z test budget_checkpoint_tests::correction_publication::issue216_unrelated_checkpoint_child_stop_or_suspension_is_not_exempt ... ignored, requires explicitly owned SQLx maintenance database
2026-09-22T23:16:26.1934894Z test budget_checkpoint_tests::issue148_checkpoint_budget_incident_cannot_override_native_explicit_stop ... ignored, requires explicitly owned SQLx maintenance database
2026-09-22T23:16:26.1936178Z test budget_checkpoint_tests::issue148_checkpoint_command_failure_rolls_back_the_entire_authorization ... ignored, requires explicitly owned SQLx maintenance database
2026-09-22T23:16:26.1937425Z test budget_checkpoint_tests::issue148_checkpoint_dispatch_binds_current_command_source_and_policy ... ignored, requires explicitly owned SQLx maintenance database
2026-09-22T23:16:26.1938721Z test budget_checkpoint_tests::issue148_checkpoint_dispatch_rechecks_artifact_free_author_role ... ignored, requires explicitly owned SQLx maintenance database
2026-09-22T23:16:26.1940295Z test budget_checkpoint_tests::issue148_checkpoint_dispatch_rechecks_artifact_free_room_membership ... ignored, requires explicitly owned SQLx maintenance database
2026-09-22T23:16:26.1941521Z test budget_checkpoint_tests::issue148_checkpoint_dispatch_rejects_foreign_and_stale_commands ... ignored, requires explicitly owned SQLx maintenance database
2026-09-22T23:16:26.1942735Z test budget_checkpoint_tests::issue148_checkpoint_dispatch_rejects_settled_and_inactive_recoveries ... ignored, requires explicitly owned SQLx maintenance database
2026-09-22T23:16:26.1943998Z test budget_checkpoint_tests::issue148_checkpoint_explicit_stop_fences_dispatch_budget_exemption_and_retry ... ignored, requires explicitly owned SQLx maintenance database
2026-09-22T23:16:26.1945261Z test budget_checkpoint_tests::issue148_checkpoint_exported_retry_after_cancellation_preserves_head ... ignored, requires explicitly owned SQLx maintenance database
2026-09-22T23:16:26.1946489Z test budget_checkpoint_tests::issue148_checkpoint_exported_retry_after_failure_preserves_head ... ignored, requires explicitly owned SQLx maintenance database
2026-09-22T23:16:26.1947730Z test budget_checkpoint_tests::issue148_checkpoint_missing_provider_artifact_cannot_pass_its_required_check ... ignored, requires explicitly owned SQLx maintenance database
2026-09-22T23:16:26.1949440Z test budget_checkpoint_tests::issue148_checkpoint_never_reopens_provider_or_changes_reviewed_source ... ignored, requires explicitly owned SQLx maintenance database
2026-09-22T23:16:26.1950694Z test budget_checkpoint_tests::issue148_checkpoint_preserves_another_active_agent_assignment ... ignored, requires explicitly owned SQLx maintenance database
2026-09-22T23:16:26.1951961Z test budget_checkpoint_tests::issue148_checkpoint_preserves_unrelated_blocks_quarantine_and_loop_stops ... ignored, requires explicitly owned SQLx maintenance database
2026-09-22T23:16:26.1953316Z test budget_checkpoint_tests::issue148_checkpoint_publication_healthy_history_ignores_only_retrospective_model_budget ... ignored, requires explicitly owned SQLx maintenance database
2026-09-22T23:16:26.1954678Z test budget_checkpoint_tests::issue148_checkpoint_publication_rechecks_actor_room_and_publisher_credentials ... ignored, requires explicitly owned SQLx maintenance database
2026-09-22T23:16:26.1956011Z test budget_checkpoint_tests::issue148_checkpoint_publication_rechecks_source_policy_checkpoint_and_quarantine ... ignored, requires explicitly owned SQLx maintenance database
2026-09-22T23:16:26.1957839Z test budget_checkpoint_tests::issue148_checkpoint_publication_requires_checkpoint_mode_and_native_origin_events ... ignored, requires explicitly owned SQLx maintenance database
2026-09-22T23:16:26.1959640Z test budget_checkpoint_tests::issue148_checkpoint_publication_requires_ready_unexpired_exact_artifact_metadata ... ignored, requires explicitly owned SQLx maintenance database
2026-09-22T23:16:26.1961123Z test budget_checkpoint_tests::issue148_checkpoint_publication_review_failure_after_artifact_expiry ... ignored, requires explicitly owned SQLx maintenance database
2026-09-22T23:16:26.1962353Z test budget_checkpoint_tests::issue148_checkpoint_publication_review_failure_after_role_change ... ignored, requires explicitly owned SQLx maintenance database
2026-09-22T23:16:26.1963732Z test budget_checkpoint_tests::issue148_checkpoint_publication_review_failure_after_room_revocation ... ignored, requires explicitly owned SQLx maintenance database
2026-09-22T23:16:26.1965093Z test budget_checkpoint_tests::issue148_checkpoint_publication_review_legacy_upgrade_on_checkpoint ... ignored, requires explicitly owned SQLx maintenance database
2026-09-22T23:16:26.1966347Z test budget_checkpoint_tests::issue148_checkpoint_publication_review_legacy_upgrade_on_renewal_replay ... ignored, requires explicitly owned SQLx maintenance database
2026-09-22T23:16:26.1967656Z test budget_checkpoint_tests::issue148_checkpoint_publication_start_renew_replay_preserves_provenance_and_spend ... ignored, requires explicitly owned SQLx maintenance database
2026-09-22T23:16:26.1969220Z test budget_checkpoint_tests::issue148_checkpoint_reaches_independent_review_without_more_provider_budget ... ignored, requires explicitly owned SQLx maintenance database
2026-09-22T23:16:26.1970472Z test budget_checkpoint_tests::issue148_checkpoint_requires_native_termination_and_exact_policy ... ignored, requires explicitly owned SQLx maintenance database
2026-09-22T23:16:26.1971737Z test budget_checkpoint_tests::issue148_checkpoint_retention_binds_export_head_by_mode_without_rewriting_origin ... ignored, requires explicitly owned SQLx maintenance database
2026-09-22T23:16:26.1973001Z test budget_checkpoint_tests::issue148_checkpoint_retention_reattest_rechecks_role_room_and_claim ... ignored, requires explicitly owned SQLx maintenance database
2026-09-22T23:16:26.1974297Z test budget_checkpoint_tests::issue148_checkpoint_retention_reattest_rejects_stop_quarantine_and_active_lineage ... ignored, requires explicitly owned SQLx maintenance database
2026-09-22T23:16:26.1975628Z test budget_checkpoint_tests::issue148_checkpoint_retention_reattests_waiting_run_with_one_replayable_command ... ignored, requires explicitly owned SQLx maintenance database
2026-09-22T23:16:26.1976821Z test budget_checkpoint_tests::issue148_checkpoint_retention_rejects_unbound_export ... ignored, requires explicitly owned SQLx maintenance database
2026-09-22T23:16:26.1978054Z test budget_checkpoint_tests::issue148_checkpoint_retention_unclaimed_reconnect_preserves_only_bound_review ... ignored, requires explicitly owned SQLx maintenance database
2026-09-22T23:16:26.1979534Z test budget_checkpoint_tests::issue148_checkpoint_retry_stays_provider_free_and_old_source_is_fenced ... ignored, requires explicitly owned SQLx maintenance database
2026-09-22T23:16:26.1980775Z test budget_checkpoint_tests::issue148_checkpoint_unrelated_stop_events_do_not_revoke_budget_recovery ... ignored, requires explicitly owned SQLx maintenance database
2026-09-22T23:16:26.1982029Z test budget_checkpoint_tests::issue148_checkpoint_zero_limits_are_not_a_generic_verifier_budget_bypass ... ignored, requires explicitly owned SQLx maintenance database
2026-09-22T23:16:26.1983353Z test budget_checkpoint_tests::retained_receipts::issue211_collection_binding_survives_abandon_and_rejects_replacement ... ignored, requires explicitly owned SQLx maintenance database
2026-09-22T23:16:26.1984934Z test budget_checkpoint_tests::retained_receipts::issue211_collection_does_not_bypass_unjoined_source_signature ... ignored, requires explicitly owned SQLx maintenance database
2026-09-22T23:16:26.1986316Z test budget_checkpoint_tests::retained_receipts::issue211_collection_does_not_override_protected_states_or_explicit_stop ... ignored, requires explicitly owned SQLx maintenance database
2026-09-22T23:16:26.1987728Z test budget_checkpoint_tests::retained_receipts::issue211_collection_preserves_authorized_historical_suspension_and_policy ... ignored, requires explicitly owned SQLx maintenance database
2026-09-22T23:16:26.1989452Z test budget_checkpoint_tests::retained_receipts::issue211_collection_rechecks_native_checkpoint_before_finalize ... ignored, requires explicitly owned SQLx maintenance database
2026-09-22T23:16:26.1990761Z test budget_checkpoint_tests::retained_receipts::issue211_collection_rechecks_policy_before_finalize ... ignored, requires explicitly owned SQLx maintenance database
2026-09-22T23:16:26.1992003Z test budget_checkpoint_tests::retained_receipts::issue211_collection_rechecks_role_before_finalize ... ignored, requires explicitly owned SQLx maintenance database
2026-09-22T23:16:26.1993231Z test budget_checkpoint_tests::retained_receipts::issue211_collection_rechecks_room_before_finalize ... ignored, requires explicitly owned SQLx maintenance database
2026-09-22T23:16:26.1994470Z test budget_checkpoint_tests::retained_receipts::issue211_collection_rechecks_source_before_finalize ... ignored, requires explicitly owned SQLx maintenance database
2026-09-22T23:16:26.1995801Z test budget_checkpoint_tests::retained_receipts::issue211_collection_rejects_missing_malformed_foreign_grants_and_inputs ... ignored, requires explicitly owned SQLx maintenance database
2026-09-22T23:16:26.1997273Z test budget_checkpoint_tests::retained_receipts::issue211_collection_rejects_unrelated_suspension_or_corrupt_historical_authority ... ignored, requires explicitly owned SQLx maintenance database
2026-09-22T23:16:26.1998722Z test budget_checkpoint_tests::retained_receipts::issue211_collection_replays_new_receipt_for_latest_failed_checkpoint ... ignored, requires explicitly owned SQLx maintenance database
2026-09-22T23:16:26.2000316Z test budget_checkpoint_tests::retained_receipts::issue211_collection_requires_a_native_completed_receipt_generation ... ignored, requires explicitly owned SQLx maintenance database
2026-09-22T23:16:26.2001707Z test budget_checkpoint_tests::retained_receipts::issue211_collection_reservation_and_finalization_roll_back_sqlx_failures ... ignored, requires explicitly owned SQLx maintenance database
2026-09-22T23:16:26.2003078Z test budget_checkpoint_tests::retained_receipts::issue211_collection_takes_both_native_gates_before_artifact_rows ... ignored, requires explicitly owned SQLx maintenance database
2026-09-22T23:16:26.2004433Z test budget_checkpoint_tests::source_correction::correction_retry::issue221_retry_after_failed_checkpoint_correction ... ignored, requires explicitly owned SQLx maintenance database
2026-09-22T23:16:26.2005874Z test budget_checkpoint_tests::source_correction::correction_retry::issue221_retry_command_insert_failure_rolls_back_the_full_allocation ... ignored, requires explicitly owned SQLx maintenance database
2026-09-22T23:16:26.2007373Z test budget_checkpoint_tests::source_correction::correction_retry::issue221_retry_context_and_current_replay_keep_two_correction_chain ... ignored, requires explicitly owned SQLx maintenance database
2026-09-22T23:16:26.2008805Z test budget_checkpoint_tests::source_correction::correction_retry::issue221_retry_does_not_reset_exhausted_cost_spend ... ignored, requires explicitly owned SQLx maintenance database
2026-09-22T23:16:26.2010473Z test budget_checkpoint_tests::source_correction::correction_retry::issue221_retry_does_not_reset_exhausted_token_spend ... ignored, requires explicitly owned SQLx maintenance database
2026-09-22T23:16:26.2011903Z test budget_checkpoint_tests::source_correction::correction_retry::issue221_retry_fences_current_scope_request_and_pending_command ... ignored, requires explicitly owned SQLx maintenance database
2026-09-22T23:16:26.2013542Z test budget_checkpoint_tests::source_correction::correction_retry::issue221_retry_native_predispatch_failure_keeps_latest_physical_source ... ignored, requires explicitly owned SQLx maintenance database
2026-09-22T23:16:26.2015071Z test budget_checkpoint_tests::source_correction::correction_retry::issue221_retry_native_provider_failure_stays_governed_and_bounded ... ignored, requires explicitly owned SQLx maintenance database
2026-09-22T23:16:26.2016692Z test budget_checkpoint_tests::source_correction::correction_retry::issue221_retry_rechecks_current_authority_and_protected_lineage ... ignored, requires explicitly owned SQLx maintenance database
2026-09-22T23:16:26.2018170Z test budget_checkpoint_tests::source_correction::correction_retry::issue221_retry_rechecks_native_history_and_revision_ledger_bridge ... ignored, requires explicitly owned SQLx maintenance database
2026-09-22T23:16:26.2019934Z test budget_checkpoint_tests::source_correction::correction_retry::issue221_retry_rejects_missing_and_damaged_prior_and_current_grants ... ignored, requires explicitly owned SQLx maintenance database
2026-09-22T23:16:26.2021467Z test budget_checkpoint_tests::source_correction::correction_retry::issue224_legacy_verifier_seal_allows_context_revision_retry_and_exact_replay ... ignored, requires explicitly owned SQLx maintenance database
2026-09-22T23:16:26.2023028Z test budget_checkpoint_tests::source_correction::correction_retry::issue224_legacy_verifier_seal_rejects_contradictory_head_without_mutation ... ignored, requires explicitly owned SQLx maintenance database
2026-09-22T23:16:26.2024643Z test budget_checkpoint_tests::source_correction::correction_retry::issue224_legacy_verifier_seal_requires_matching_fingerprint_and_verifier_grant ... ignored, requires explicitly owned SQLx maintenance database
2026-09-22T23:16:26.2026099Z test budget_checkpoint_tests::source_correction::issue210_correction_clamps_to_remaining_rolling_tokens_and_cost ... ignored, requires explicitly owned SQLx maintenance database
2026-09-22T23:16:26.2027468Z test budget_checkpoint_tests::source_correction::issue210_correction_command_failure_rolls_back_authority_and_accounting ... ignored, requires explicitly owned SQLx maintenance database
2026-09-22T23:16:26.2029042Z test budget_checkpoint_tests::source_correction::issue210_correction_exact_replay_and_changed_request_are_mutation_free ... ignored, requires explicitly owned SQLx maintenance database
2026-09-22T23:16:26.2030471Z test budget_checkpoint_tests::source_correction::issue210_correction_provider_usage_consumes_allocation_without_zero_exemption ... ignored, requires explicitly owned SQLx maintenance database
2026-09-22T23:16:26.2031768Z test budget_checkpoint_tests::source_correction::issue210_correction_rejects_actor_demotion ... ignored, requires explicitly owned SQLx maintenance database
2026-09-22T23:16:26.2033001Z test budget_checkpoint_tests::source_correction::issue210_correction_rejects_altered_inherited_authority ... ignored, requires explicitly owned SQLx maintenance database
2026-09-22T23:16:26.2034271Z test budget_checkpoint_tests::source_correction::issue210_correction_rejects_altered_native_checkpoint ... ignored, requires explicitly owned SQLx maintenance database
2026-09-22T23:16:26.2035534Z test budget_checkpoint_tests::source_correction::issue210_correction_rejects_changed_child_connection ... ignored, requires explicitly owned SQLx maintenance database
2026-09-22T23:16:26.2036784Z test budget_checkpoint_tests::source_correction::issue210_correction_rejects_changed_factory_policy ... ignored, requires explicitly owned SQLx maintenance database
2026-09-22T23:16:26.2038027Z test budget_checkpoint_tests::source_correction::issue210_correction_rejects_changed_origin_connection ... ignored, requires explicitly owned SQLx maintenance database
2026-09-22T23:16:26.2039501Z test budget_checkpoint_tests::source_correction::issue210_correction_rejects_changed_origin_source ... ignored, requires explicitly owned SQLx maintenance database
2026-09-22T23:16:26.2040905Z test budget_checkpoint_tests::source_correction::issue210_correction_rejects_changed_verification_policy ... ignored, requires explicitly owned SQLx maintenance database
2026-09-22T23:16:26.2042157Z test budget_checkpoint_tests::source_correction::issue210_correction_rejects_child_explicit_stop ... ignored, requires explicitly owned SQLx maintenance database
2026-09-22T23:16:26.2043456Z test budget_checkpoint_tests::source_correction::issue210_correction_rejects_child_quarantine ... ignored, requires explicitly owned SQLx maintenance database
2026-09-22T23:16:26.2044618Z test budget_checkpoint_tests::source_correction::issue210_correction_rejects_child_stop ... ignored, requires explicitly owned SQLx maintenance database
2026-09-22T23:16:26.2045805Z test budget_checkpoint_tests::source_correction::issue210_correction_rejects_exhausted_actor_cost ... ignored, requires explicitly owned SQLx maintenance database
2026-09-22T23:16:26.2047032Z test budget_checkpoint_tests::source_correction::issue210_correction_rejects_exhausted_actor_tokens ... ignored, requires explicitly owned SQLx maintenance database
2026-09-22T23:16:26.2048255Z test budget_checkpoint_tests::source_correction::issue210_correction_rejects_exhausted_corp_cost ... ignored, requires explicitly owned SQLx maintenance database
2026-09-22T23:16:26.2049726Z test budget_checkpoint_tests::source_correction::issue210_correction_rejects_exhausted_corp_tokens ... ignored, requires explicitly owned SQLx maintenance database
2026-09-22T23:16:26.2051004Z test budget_checkpoint_tests::source_correction::issue210_correction_rejects_exhausted_mission_cost ... ignored, requires explicitly owned SQLx maintenance database
2026-09-22T23:16:26.2052256Z test budget_checkpoint_tests::source_correction::issue210_correction_rejects_exhausted_mission_tokens ... ignored, requires explicitly owned SQLx maintenance database
2026-09-22T23:16:26.2053527Z test budget_checkpoint_tests::source_correction::issue210_correction_rejects_exhausted_provider_attempts ... ignored, requires explicitly owned SQLx maintenance database
2026-09-22T23:16:26.2054787Z test budget_checkpoint_tests::source_correction::issue210_correction_rejects_live_native_termination ... ignored, requires explicitly owned SQLx maintenance database
2026-09-22T23:16:26.2056048Z test budget_checkpoint_tests::source_correction::issue210_correction_rejects_missing_budget_incident ... ignored, requires explicitly owned SQLx maintenance database
2026-09-22T23:16:26.2057301Z test budget_checkpoint_tests::source_correction::issue210_correction_rejects_missing_native_checkpoint ... ignored, requires explicitly owned SQLx maintenance database
2026-09-22T23:16:26.2058571Z test budget_checkpoint_tests::source_correction::issue210_correction_rejects_missing_native_termination ... ignored, requires explicitly owned SQLx maintenance database
2026-09-22T23:16:26.2060040Z test budget_checkpoint_tests::source_correction::issue210_correction_rejects_missing_provider_session ... ignored, requires explicitly owned SQLx maintenance database
2026-09-22T23:16:26.2061247Z test budget_checkpoint_tests::source_correction::issue210_correction_rejects_no_progress ... ignored, requires explicitly owned SQLx maintenance database
2026-09-22T23:16:26.2062432Z test budget_checkpoint_tests::source_correction::issue210_correction_rejects_non_budget_incident ... ignored, requires explicitly owned SQLx maintenance database
2026-09-22T23:16:26.2063639Z test budget_checkpoint_tests::source_correction::issue210_correction_rejects_offline_connection ... ignored, requires explicitly owned SQLx maintenance database
2026-09-22T23:16:26.2064848Z test budget_checkpoint_tests::source_correction::issue210_correction_rejects_origin_explicit_stop ... ignored, requires explicitly owned SQLx maintenance database
2026-09-22T23:16:26.2066090Z test budget_checkpoint_tests::source_correction::issue210_correction_rejects_origin_quarantine ... ignored, requires explicitly owned SQLx maintenance database
2026-09-22T23:16:26.2067808Z test budget_checkpoint_tests::source_correction::issue210_correction_rejects_origin_stop ... ignored, requires explicitly owned SQLx maintenance database
2026-09-22T23:16:26.2069876Z test budget_checkpoint_tests::source_correction::issue210_correction_rejects_repeated_tool ... ignored, requires explicitly owned SQLx maintenance database
2026-09-22T23:16:26.2072368Z test budget_checkpoint_tests::source_correction::issue210_correction_rejects_room_revocation ... ignored, requires explicitly owned SQLx maintenance database
2026-09-22T23:16:26.2074550Z test budget_checkpoint_tests::source_correction::issue210_correction_rejects_unrelated_suspension ... ignored, requires explicitly owned SQLx maintenance database
2026-09-22T23:16:26.2075804Z test budget_checkpoint_tests::source_correction::issue210_correction_replay_rechecks_actor_role ... ignored, requires explicitly owned SQLx maintenance database
2026-09-22T23:16:26.2077047Z test budget_checkpoint_tests::source_correction::issue210_correction_replay_rechecks_room_membership ... ignored, requires explicitly owned SQLx maintenance database
2026-09-22T23:16:26.2078313Z test budget_checkpoint_tests::source_correction::issue210_correction_requires_explicit_current_revision ... ignored, requires explicitly owned SQLx maintenance database
2026-09-22T23:16:26.2079889Z test budget_checkpoint_tests::source_correction::issue210_dispatch_and_replay_reject_damaged_correction_grant ... ignored, requires explicitly owned SQLx maintenance database
2026-09-22T23:16:26.2081217Z test budget_checkpoint_tests::source_correction::issue210_dispatch_and_replay_reject_missing_correction_grant ... ignored, requires explicitly owned SQLx maintenance database
2026-09-22T23:16:26.2082563Z test budget_checkpoint_tests::source_correction::issue210_dispatch_binds_exact_native_command_and_rejects_other_modes ... ignored, requires explicitly owned SQLx maintenance database
2026-09-22T23:16:26.2083824Z test budget_checkpoint_tests::source_correction::issue210_dispatch_rechecks_actor_demotion ... ignored, requires explicitly owned SQLx maintenance database
2026-09-22T23:16:26.2085030Z test budget_checkpoint_tests::source_correction::issue210_dispatch_rechecks_altered_checkpoint ... ignored, requires explicitly owned SQLx maintenance database
2026-09-22T23:16:26.2086275Z test budget_checkpoint_tests::source_correction::issue210_dispatch_rechecks_altered_inherited_authority ... ignored, requires explicitly owned SQLx maintenance database
2026-09-22T23:16:26.2087504Z test budget_checkpoint_tests::source_correction::issue210_dispatch_rechecks_child_connection ... ignored, requires explicitly owned SQLx maintenance database
2026-09-22T23:16:26.2088698Z test budget_checkpoint_tests::source_correction::issue210_dispatch_rechecks_child_explicit_stop ... ignored, requires explicitly owned SQLx maintenance database
2026-09-22T23:16:26.2090128Z test budget_checkpoint_tests::source_correction::issue210_dispatch_rechecks_child_quarantine ... ignored, requires explicitly owned SQLx maintenance database
2026-09-22T23:16:26.2091300Z test budget_checkpoint_tests::source_correction::issue210_dispatch_rechecks_child_stop ... ignored, requires explicitly owned SQLx maintenance database
2026-09-22T23:16:26.2092455Z test budget_checkpoint_tests::source_correction::issue210_dispatch_rechecks_factory_policy ... ignored, requires explicitly owned SQLx maintenance database
2026-09-22T23:16:26.2093662Z test budget_checkpoint_tests::source_correction::issue210_dispatch_rechecks_missing_budget_incident ... ignored, requires explicitly owned SQLx maintenance database
2026-09-22T23:16:26.2094890Z test budget_checkpoint_tests::source_correction::issue210_dispatch_rechecks_missing_checkpoint ... ignored, requires explicitly owned SQLx maintenance database
2026-09-22T23:16:26.2096093Z test budget_checkpoint_tests::source_correction::issue210_dispatch_rechecks_missing_termination ... ignored, requires explicitly owned SQLx maintenance database
2026-09-22T23:16:26.2097559Z test budget_checkpoint_tests::source_correction::issue210_dispatch_rechecks_native_explicit_stop_of_provider_child ... ignored, requires explicitly owned SQLx maintenance database
2026-09-22T23:16:26.2099021Z test budget_checkpoint_tests::source_correction::issue210_dispatch_rechecks_offline_connection ... ignored, requires explicitly owned SQLx maintenance database
2026-09-22T23:16:26.2100257Z test budget_checkpoint_tests::source_correction::issue210_dispatch_rechecks_origin_connection ... ignored, requires explicitly owned SQLx maintenance database
2026-09-22T23:16:26.2102559Z test budget_checkpoint_tests::source_correction::issue210_dispatch_rechecks_origin_explicit_stop ... ignored, requires explicitly owned SQLx maintenance database
2026-09-22T23:16:26.2103894Z test budget_checkpoint_tests::source_correction::issue210_dispatch_rechecks_origin_quarantine ... ignored, requires explicitly owned SQLx maintenance database
2026-09-22T23:16:26.2105080Z test budget_checkpoint_tests::source_correction::issue210_dispatch_rechecks_origin_source ... ignored, requires explicitly owned SQLx maintenance database
2026-09-22T23:16:26.2106253Z test budget_checkpoint_tests::source_correction::issue210_dispatch_rechecks_origin_stop ... ignored, requires explicitly owned SQLx maintenance database
2026-09-22T23:16:26.2107500Z test budget_checkpoint_tests::source_correction::issue210_dispatch_rechecks_rolling_spend_after_authorization ... ignored, requires explicitly owned SQLx maintenance database
2026-09-22T23:16:26.2108753Z test budget_checkpoint_tests::source_correction::issue210_dispatch_rechecks_room_revocation ... ignored, requires explicitly owned SQLx maintenance database
2026-09-22T23:16:26.2110256Z test budget_checkpoint_tests::source_correction::issue210_dispatch_rechecks_unrelated_suspension ... ignored, requires explicitly owned SQLx maintenance database
2026-09-22T23:16:26.2111470Z test budget_checkpoint_tests::source_correction::issue210_dispatch_rechecks_verification_policy ... ignored, requires explicitly owned SQLx maintenance database
2026-09-22T23:16:26.2112763Z test budget_checkpoint_tests::source_correction::issue210_dispatch_rejects_failed_recovery_without_another_attempt ... ignored, requires explicitly owned SQLx maintenance database
2026-09-22T23:16:26.2114072Z test budget_checkpoint_tests::source_correction::issue210_dispatch_rejects_malformed_correction_grant ... ignored, requires explicitly owned SQLx maintenance database
2026-09-22T23:16:26.2115315Z test budget_checkpoint_tests::source_correction::issue210_dispatch_rejects_settled_native_command ... ignored, requires explicitly owned SQLx maintenance database
2026-09-22T23:16:26.2116549Z test budget_checkpoint_tests::source_correction::issue210_dispatch_rejects_superseded_generation ... ignored, requires explicitly owned SQLx maintenance database
2026-09-22T23:16:26.2117868Z test budget_checkpoint_tests::source_correction::issue210_dispatch_retains_allocated_attempt_while_database_fences_excess ... ignored, requires explicitly owned SQLx maintenance database
2026-09-22T23:16:26.2119493Z test budget_checkpoint_tests::source_correction::issue210_dispatch_serializes_native_factory_block_while_connection_waits ... ignored, requires explicitly owned SQLx maintenance database
2026-09-22T23:16:26.2120862Z test budget_checkpoint_tests::source_correction::issue210_initial_correction_resumes_after_failed_checkpoint ... ignored, requires explicitly owned SQLx maintenance database
2026-09-22T23:16:26.2122570Z test budget_checkpoint_tests::source_correction::issue210_ordinary_source_correction_retains_healthy_provider_path ... ignored, requires explicitly owned SQLx maintenance database
2026-09-22T23:16:26.2123929Z test budget_checkpoint_tests::source_correction::issue210_other_modes_cannot_resume_measured_provider_origin ... ignored, requires explicitly owned SQLx maintenance database
2026-09-22T23:16:26.2125396Z test budget_checkpoint_tests::source_correction::issue210_publication_guard_rejects_missing_correction_grant_without_panic ... ignored, requires explicitly owned SQLx maintenance database
2026-09-22T23:16:26.2126990Z test budget_checkpoint_tests::source_correction::issue210_revised_narrowing_context_distinguishes_correction_from_checkpoint ... ignored, requires explicitly owned SQLx maintenance database
2026-09-22T23:16:26.2128063Z test budget_revision::tests::mission_budget_ceiling_migration_preserves_graph_shape_bounds ... ok
2026-09-22T23:16:26.2128720Z test budget_revision::tests::finish_scope_containment_is_fail_closed ... ok
2026-09-22T23:16:26.2129658Z test budget_revision::tests::proposal_normalization_requires_a_monotonic_bounded_increase ... ok
2026-09-22T23:16:26.2130509Z test budget_revision::tests::recovery_and_finish_scope_token_ceilings_are_distinct ... ok
2026-09-22T23:16:26.2131315Z test checkpoint_correction::history::tests::issue224_legacy_verifier_seal_requires_verifier_mode_and_exact_guard ... ok
2026-09-22T23:16:26.2132272Z test checkpoint_correction::history::tests::issue224_legacy_verifier_seal_distinguishes_absence_from_invalid_explicit_head ... ok
2026-09-22T23:16:26.2133195Z test checkpoint_publication::tests::checkpoint_publication_provenance_cannot_be_missing_changed_or_forged ... ok
2026-09-22T23:16:26.2134066Z test checkpoint_publication::tests::legacy_checkpoint_provenance_upgrades_without_weakening_current_proof ... ok
2026-09-22T23:16:26.2134841Z test factory_controller::polling_tests::polling_observations_are_bounded_and_monotonic ... ok
2026-09-22T23:16:26.2135553Z test contract_revision::tests::revised_descriptions_replace_the_prior_generated_prefix ... ok
2026-09-22T23:16:26.2136374Z test factory_attempt_policy::tests::issue224_factory_request_cannot_substitute_omit_or_add_attempt_authority ... ok
2026-09-22T23:16:26.2137254Z test factory_attempt_policy::tests::issue224_factory_request_retains_legacy_omission_and_exact_explicit_policy ... ok
2026-09-22T23:16:26.2138049Z test factory_controller::polling_tests::retry_metadata_cannot_be_ambiguous_or_unbounded ... ok
2026-09-22T23:16:26.2138804Z test factory_controller::polling_tests::unexpired_wait_survives_clear_shorten_and_legacy_updates ... ok
2026-09-22T23:16:26.2140144Z test factory_recovery_loss_tests::issue183_acked_source_correction_loss_terminalizes_exact_recovery ... ignored, requires explicitly owned SQLx maintenance database
2026-09-22T23:16:26.2141439Z test factory_recovery_loss_tests::issue183_cleanup_after_missing_started_report_restores_bound_assignment ... ignored, requires explicitly owned SQLx maintenance database
2026-09-22T23:16:26.2142683Z test factory_recovery_loss_tests::issue183_foreign_and_replaced_recovery_bindings_are_not_adopted ... ignored, requires explicitly owned SQLx maintenance database
2026-09-22T23:16:26.2143799Z test factory_recovery_loss_tests::issue183_item_gate_precedes_loss_rows ... ignored, requires explicitly owned SQLx maintenance database
2026-09-22T23:16:26.2144923Z test factory_recovery_loss_tests::issue183_loss_rolls_back_when_factory_transition_cannot_commit ... ignored, requires explicitly owned SQLx maintenance database
2026-09-22T23:16:26.2146145Z test factory_recovery_loss_tests::issue183_native_cleanup_restores_exact_source_correction_context ... ignored, requires explicitly owned SQLx maintenance database
2026-09-22T23:16:26.2147377Z test factory_recovery_loss_tests::issue183_next_native_recovery_keeps_the_cleaned_lost_source_binding ... ignored, requires explicitly owned SQLx maintenance database
2026-09-22T23:16:26.2148596Z test factory_recovery_loss_tests::issue183_ordinary_provider_loss_is_not_a_verification_recovery ... ignored, requires explicitly owned SQLx maintenance database
2026-09-22T23:16:26.2149987Z test factory_recovery_loss_tests::issue183_pending_command_and_accepted_claim_are_not_lost ... ignored, requires explicitly owned SQLx maintenance database
2026-09-22T23:16:26.2151119Z test factory_recovery_loss_tests::issue183_publication_gate_precedes_loss_rows ... ignored, requires explicitly owned SQLx maintenance database
2026-09-22T23:16:26.2152276Z test factory_recovery_loss_tests::issue183_source_correction_grace_expiry_is_atomic_and_epoch_fenced ... ignored, requires explicitly owned SQLx maintenance database
2026-09-22T23:16:26.2153592Z test factory_recovery_loss_tests::issue183_terminal_factory_outcomes_are_not_downgraded ... ignored, requires explicitly owned SQLx maintenance database
2026-09-22T23:16:26.2154755Z test factory_recovery_loss_tests::issue183_verifier_only_loss_keeps_original_cleanup_seal ... ignored, requires explicitly owned SQLx maintenance database
2026-09-22T23:16:26.2155911Z test factory_recovery_loss_tests::issue186_changed_agent_cannot_backfill_missing_assignment ... ignored, requires explicitly owned SQLx maintenance database
2026-09-22T23:16:26.2157265Z test factory_recovery_loss_tests::issue186_changed_authorized_fingerprint_cannot_backfill_missing_assignment ... ignored, requires explicitly owned SQLx maintenance database
2026-09-22T23:16:26.2158514Z test factory_recovery_loss_tests::issue186_changed_runner_cannot_backfill_missing_assignment ... ignored, requires explicitly owned SQLx maintenance database
2026-09-22T23:16:26.2160022Z test factory_recovery_loss_tests::issue186_changed_source_commit_cannot_backfill_missing_assignment ... ignored, requires explicitly owned SQLx maintenance database
2026-09-22T23:16:26.2161241Z test factory_recovery_loss_tests::issue186_changed_source_ref_cannot_backfill_missing_assignment ... ignored, requires explicitly owned SQLx maintenance database
2026-09-22T23:16:26.2162476Z test factory_recovery_loss_tests::issue186_changed_source_repository_cannot_backfill_missing_assignment ... ignored, requires explicitly owned SQLx maintenance database
2026-09-22T23:16:26.2163719Z test factory_recovery_loss_tests::issue186_changed_workspace_root_cannot_backfill_missing_assignment ... ignored, requires explicitly owned SQLx maintenance database
2026-09-22T23:16:26.2164938Z test factory_recovery_loss_tests::issue186_completed_receipt_cannot_backfill_missing_assignment ... ignored, requires explicitly owned SQLx maintenance database
2026-09-22T23:16:26.2166151Z test factory_recovery_loss_tests::issue186_foreign_factory_item_cannot_backfill_missing_assignment ... ignored, requires explicitly owned SQLx maintenance database
2026-09-22T23:16:26.2167368Z test factory_recovery_loss_tests::issue186_foreign_receipt_corp_cannot_backfill_missing_assignment ... ignored, requires explicitly owned SQLx maintenance database
2026-09-22T23:16:26.2168600Z test factory_recovery_loss_tests::issue186_foreign_receipt_mission_cannot_backfill_missing_assignment ... ignored, requires explicitly owned SQLx maintenance database
2026-09-22T23:16:26.2170074Z test factory_recovery_loss_tests::issue186_foreign_receipt_task_cannot_backfill_missing_assignment ... ignored, requires explicitly owned SQLx maintenance database
2026-09-22T23:16:26.2171277Z test factory_recovery_loss_tests::issue186_missing_receipt_cannot_backfill_missing_assignment ... ignored, requires explicitly owned SQLx maintenance database
2026-09-22T23:16:26.2172514Z test factory_recovery_loss_tests::issue186_missing_replacement_identity_cannot_backfill_missing_assignment ... ignored, requires explicitly owned SQLx maintenance database
2026-09-22T23:16:26.2173774Z test factory_recovery_loss_tests::issue186_missing_resume_parent_cannot_backfill_missing_assignment ... ignored, requires explicitly owned SQLx maintenance database
2026-09-22T23:16:26.2174998Z test factory_recovery_loss_tests::issue186_missing_source_tuple_cannot_backfill_missing_assignment ... ignored, requires explicitly owned SQLx maintenance database
2026-09-22T23:16:26.2176241Z test factory_recovery_loss_tests::issue186_quarantine_blocks_later_preserved_report_and_first_fingerprint ... ignored, requires explicitly owned SQLx maintenance database
2026-09-22T23:16:26.2177555Z test factory_recovery_loss_tests::issue186_quarantine_keeps_existing_fingerprint_after_later_preserved_report ... ignored, requires explicitly owned SQLx maintenance database
2026-09-22T23:16:26.2179053Z test factory_recovery_loss_tests::issue186_replaced_receipt_identity_cannot_backfill_missing_assignment ... ignored, requires explicitly owned SQLx maintenance database
2026-09-22T23:16:26.2180456Z test factory_recovery_loss_tests::issue186_wrong_receipt_mode_cannot_backfill_missing_assignment ... ignored, requires explicitly owned SQLx maintenance database
2026-09-22T23:16:26.2181669Z test factory_recovery_loss_tests::issue186_wrong_source_run_cannot_backfill_missing_assignment ... ignored, requires explicitly owned SQLx maintenance database
2026-09-22T23:16:26.2182907Z test factory_run_failure::tests::issue169_active_descendant_rejects_parent_resume_without_lineage_lock_wait ... ignored, requires the approved isolated issue169 SQLx loader
2026-09-22T23:16:26.2184275Z test factory_run_failure::tests::issue169_all_five_lifecycle_events_take_publication_gate_before_rows ... ignored, requires the approved isolated issue169 SQLx loader
2026-09-22T23:16:26.2185513Z test factory_run_failure::tests::issue169_all_five_lifecycle_events_take_recovery_gate_before_rows ... ignored, requires the approved isolated issue169 SQLx loader
2026-09-22T23:16:26.2186723Z test factory_run_failure::tests::issue169_detached_review_artifact_failure_releases_native_retry ... ignored, requires the approved isolated issue169 SQLx loader
2026-09-22T23:16:26.2187899Z test factory_run_failure::tests::issue169_detached_review_keeps_attached_exact_run_cleanup ... ignored, requires the approved isolated issue169 SQLx loader
2026-09-22T23:16:26.2189433Z test factory_run_failure::tests::issue169_detached_review_preserves_later_terminal_assignment ... ignored, requires the approved isolated issue169 SQLx loader
2026-09-22T23:16:26.2190619Z test factory_run_failure::tests::issue169_detached_review_preserves_other_pointer ... ignored, requires the approved isolated issue169 SQLx loader
2026-09-22T23:16:26.2191740Z test factory_run_failure::tests::issue169_detached_review_preserves_other_provisioning ... ignored, requires the approved isolated issue169 SQLx loader
2026-09-22T23:16:26.2192843Z test factory_run_failure::tests::issue169_detached_review_preserves_other_running ... ignored, requires the approved isolated issue169 SQLx loader
2026-09-22T23:16:26.2193937Z test factory_run_failure::tests::issue169_detached_review_preserves_other_starting ... ignored, requires the approved isolated issue169 SQLx loader
2026-09-22T23:16:26.2195043Z test factory_run_failure::tests::issue169_detached_review_preserves_other_verifying ... ignored, requires the approved isolated issue169 SQLx loader
2026-09-22T23:16:26.2196197Z test factory_run_failure::tests::issue169_detached_review_preserves_other_waiting_for_approval ... ignored, requires the approved isolated issue169 SQLx loader
2026-09-22T23:16:26.2197376Z test factory_run_failure::tests::issue169_detached_review_preserves_other_waiting_for_input ... ignored, requires the approved isolated issue169 SQLx loader
2026-09-22T23:16:26.2198540Z test factory_run_failure::tests::issue169_detached_review_rejects_ambiguous_assignment_order ... ignored, requires the approved isolated issue169 SQLx loader
2026-09-22T23:16:26.2200018Z test factory_run_failure::tests::issue169_duplicate_late_and_foreign_callbacks_have_no_effect ... ignored, requires the approved isolated issue169 SQLx loader
2026-09-22T23:16:26.2201178Z test factory_run_failure::tests::issue169_empty_diagnostics_still_persist_a_useful_block ... ignored, requires the approved isolated issue169 SQLx loader
2026-09-22T23:16:26.2219751Z test factory_run_failure::tests::issue169_exhausted_failure_is_atomic_scoped_and_preserves_evidence ... ignored, requires the approved isolated issue169 SQLx loader
2026-09-22T23:16:26.2221501Z test factory_run_failure::tests::issue169_failure_rolls_back_all_state_and_events_on_reconciliation_error ... ignored, requires the approved isolated issue169 SQLx loader
2026-09-22T23:16:26.2223053Z test factory_run_failure::tests::issue169_failures_preserve_accepted_outcomes_and_unrelated_blocks ... ignored, requires the approved isolated issue169 SQLx loader
2026-09-22T23:16:26.2225138Z test factory_run_failure::tests::issue169_hard_breaker_failure_is_not_retried_or_resumable ... ignored, requires the approved isolated issue169 SQLx loader
2026-09-22T23:16:26.2227320Z test factory_run_failure::tests::issue169_lease_chain_rejects_changed_authority_or_unproven_revisions ... ignored, requires the approved isolated issue169 SQLx loader
2026-09-22T23:16:26.2230232Z test factory_run_failure::tests::issue169_native_lease_renewal_preserves_exact_failure_origin_through_resume ... ignored, requires the approved isolated issue169 SQLx loader
2026-09-22T23:16:26.2232637Z test factory_run_failure::tests::issue169_native_resume_does_not_clear_stale_version_or_policy_block ... ignored, requires the approved isolated issue169 SQLx loader
2026-09-22T23:16:26.2234415Z test factory_run_failure::tests::issue169_native_resume_joins_existing_gate_order ... ignored, requires the approved isolated issue169 SQLx loader
2026-09-22T23:16:26.2236780Z test factory_run_failure::tests::issue169_native_resume_preserves_authorization_budgets_and_protected_outcomes ... ignored, requires the approved isolated issue169 SQLx loader
2026-09-22T23:16:26.2239056Z test factory_run_failure::tests::issue169_native_resume_requires_exact_origin_run_and_preserves_other_failure ... ignored, requires the approved isolated issue169 SQLx loader
2026-09-22T23:16:26.2241531Z test factory_run_failure::tests::issue169_native_same_run_resume_reaches_verified_without_rewriting_history ... ignored, requires the approved isolated issue169 SQLx loader
2026-09-22T23:16:26.2243160Z test factory_run_failure::tests::issue169_nonfactory_and_foreign_factory_are_untouched ... ignored, requires the approved isolated issue169 SQLx loader
2026-09-22T23:16:26.2244672Z test factory_run_failure::tests::issue169_output_and_usage_never_wait_on_factory_gates ... ignored, requires the approved isolated issue169 SQLx loader
2026-09-22T23:16:26.2246732Z test factory_run_failure::tests::issue169_resume_rejects_accounted_budget_exhaustion ... ignored, requires the approved isolated issue169 SQLx loader
2026-09-22T23:16:26.2249317Z test factory_run_failure::tests::issue169_resumed_manual_review_retains_authority_and_recovery_lock_order ... ignored, requires the approved isolated issue169 SQLx loader
2026-09-22T23:16:26.2251499Z test factory_run_failure::tests::issue169_only_factory_lifecycle_events_take_factory_gates ... ok
2026-09-22T23:16:26.2253499Z test factory_run_failure::tests::issue169_resumed_review_cannot_clear_policy_block_and_obeys_publication_gate ... ignored, requires the approved isolated issue169 SQLx loader
2026-09-22T23:16:26.2255863Z test factory_run_failure::tests::issue169_retryable_failure_retains_running_factory_and_retry_budget ... ignored, requires the approved isolated issue169 SQLx loader
2026-09-22T23:16:26.2258134Z test factory_run_failure::tests::issue169_superseded_active_callback_cannot_fail_newer_assignment ... ignored, requires the approved isolated issue169 SQLx loader
2026-09-22T23:16:26.2260502Z test finished_review_tests::issue265_finished_review_survives_grace_expiry_with_epoch_fencing ... ignored, requires explicitly owned SQLx maintenance database
2026-09-22T23:16:26.2262756Z test finished_review_tests::issue265_finished_review_survives_reconnect_and_keeps_independent_decision ... ignored, requires explicitly owned SQLx maintenance database
2026-09-22T23:16:26.2264981Z test finished_review_tests::issue265_incomplete_or_unsafe_review_still_follows_native_loss ... ignored, requires explicitly owned SQLx maintenance database
2026-09-22T23:16:26.2267241Z test finished_review_tests::issue265_later_teardown_uncertainty_prevents_finished_review_exception ... ignored, requires explicitly owned SQLx maintenance database
2026-09-22T23:16:26.2272097Z test mission_context_tests::issue199_context_denies_unknown_and_nonhuman_actors ... ignored, requires the approved isolated SQLx loader with filter issue199_
2026-09-22T23:16:26.2274683Z test mission_context_tests::issue199_context_is_scoped_to_corp_and_mission_room ... ignored, requires the approved isolated SQLx loader with filter issue199_
2026-09-22T23:16:26.2279422Z test mission_context_tests::issue199_context_rechecks_membership_removal ... ignored, requires the approved isolated SQLx loader with filter issue199_
2026-09-22T23:16:26.2282353Z test mission_context_tests::issue199_context_rechecks_role_removal ... ignored, requires the approved isolated SQLx loader with filter issue199_
2026-09-22T23:16:26.2284944Z test mission_context_tests::issue199_context_returns_none_for_absent_mission ... ignored, requires the approved isolated SQLx loader with filter issue199_
2026-09-22T23:16:26.2287956Z test mission_context_tests::issue199_cross_corp_factory_link_is_none_not_direct ... ignored, requires the approved isolated SQLx loader with filter issue199_
2026-09-22T23:16:26.2290598Z test mission_context_tests::issue199_current_human_operator_roles_read_both_origins ... ignored, requires the approved isolated SQLx loader with filter issue199_
2026-09-22T23:16:26.2293568Z test mission_context_tests::issue199_direct_and_factory_context_deny_guests_and_spectators ... ignored, requires the approved isolated SQLx loader with filter issue199_
2026-09-22T23:16:26.2296226Z test mission_context_tests::issue199_direct_context_uses_native_creation_and_exact_fields ... ignored, requires the approved isolated SQLx loader with filter issue199_
2026-09-22T23:16:26.2298866Z test mission_context_tests::issue199_factory_context_excludes_private_metadata ... ignored, requires the approved isolated SQLx loader with filter issue199_
2026-09-22T23:16:26.2302092Z test mission_context_tests::issue199_factory_context_uses_native_materialization_and_exact_fields ... ignored, requires the approved isolated SQLx loader with filter issue199_
2026-09-22T23:16:26.2304937Z test mission_context_tests::issue199_factory_origin_survives_501_newer_snapshot_items ... ignored, requires the approved isolated SQLx loader with filter issue199_
2026-09-22T23:16:26.2307213Z test publication::tests::github_pull_request_urls_compare_repository_case_insensitively ... ok
2026-09-22T23:16:26.2309018Z test publication::tests::only_suspend_ancestors_are_treated_as_recovered_for_publication ... ok
2026-09-22T23:16:26.2310590Z test publication::tests::publication_branch_validation_matches_git_rejections ... ok
2026-09-22T23:16:26.2312126Z test publication::tests::publication_source_provenance_is_backward_compatible_and_versioned ... ok
2026-09-22T23:16:26.2313973Z test publication::tests::publication_recovery_selection_follows_the_selected_resume_lineage ... ok
2026-09-22T23:16:26.2315428Z test publication::tests::publication_failure_is_single_line_and_bounded ... ok
2026-09-22T23:16:26.2317312Z test publication::tests::publication_resume_lineage_fails_closed_on_missing_or_cyclic_parents ... ok
2026-09-22T23:16:26.2318875Z test publication::tests::publication_source_revision_links_completed_recovery ... ok
2026-09-22T23:16:26.2320355Z test publication::tests::publication_states_are_monotonic ... ok
2026-09-22T23:16:26.2322369Z test publication::tests::publisher_credential_touch_locks_for_update_without_widening_authentication ... ok
2026-09-22T23:16:26.2325041Z test retained_provider_receipt::tests::upload_binding_absence_preserves_legacy_payload ... ok
2026-09-22T23:16:26.2326966Z test retained_provider_receipt::tests::upload_binding_accepts_exact_shape_and_inclusive_byte_bounds ... ok
2026-09-22T23:16:26.2328285Z test retained_provider_receipt::tests::upload_binding_rejects_malformed_digest_types_and_bytes ... ok
2026-09-22T23:16:26.2330320Z test retained_provider_receipt::tests::upload_binding_rejects_invalid_byte_types_and_limits ... ok
2026-09-22T23:16:26.2331556Z test retained_provider_receipt::tests::upload_binding_rejects_non_objects_missing_and_extra_fields ... ok
2026-09-22T23:16:26.2338918Z test staffing::tests::issue171_all_other_native_active_run_statuses_block_reactivation ... ignored, requires the approved isolated SQLx loader with filter issue171_
2026-09-22T23:16:26.2341965Z test staffing::tests::issue171_committed_reactivation_survives_transient_scheduling_failure ... ignored, requires the approved isolated SQLx loader with filter issue171_
2026-09-22T23:16:26.2345312Z test staffing::tests::issue171_concurrent_cancellation_or_assignment_is_not_overwritten ... ignored, requires the approved isolated SQLx loader with filter issue171_
2026-09-22T23:16:26.2348027Z test staffing::tests::issue171_concurrent_reconciliation_consumes_one_retirement_once ... ignored, requires the approved isolated SQLx loader with filter issue171_
2026-09-22T23:16:26.2349970Z test staffing::tests::issue171_consumed_reactivation_key_cannot_clear_retirement ... ignored, requires the approved isolated SQLx loader with filter issue171_
2026-09-22T23:16:26.2352054Z test staffing::tests::issue171_control_leases_and_all_queued_message_states_are_preserved ... ignored, requires the approved isolated SQLx loader with filter issue171_
2026-09-22T23:16:26.2353621Z test staffing::tests::issue171_event_failure_rolls_back_retirement_clear_and_history ... ignored, requires the approved isolated SQLx loader with filter issue171_
2026-09-22T23:16:26.2355790Z test staffing::tests::issue171_exact_native_retirement_provenance_is_required ... ignored, requires the approved isolated SQLx loader with filter issue171_
2026-09-22T23:16:26.2357959Z test staffing::tests::issue171_held_terminal_and_exhausted_task_boundaries ... ignored, requires the approved isolated SQLx loader with filter issue171_
2026-09-22T23:16:26.2360333Z test staffing::tests::issue171_later_unknown_or_manual_retirement_never_adopts_old_origin ... ignored, requires the approved isolated SQLx loader with filter issue171_
2026-09-22T23:16:26.2362601Z test staffing::tests::issue171_locked_mission_or_agent_is_skipped_and_rechecked_next_tick ... ignored, requires the approved isolated SQLx loader with filter issue171_
2026-09-22T23:16:26.2365169Z test staffing::tests::issue171_native_retirement_resume_reopen_selects_only_integration ... ignored, requires the approved isolated SQLx loader with filter issue171_
2026-09-22T23:16:26.2367296Z test staffing::tests::issue171_pending_approvals_and_commands_are_preserved ... ignored, requires the approved isolated SQLx loader with filter issue171_
2026-09-22T23:16:26.2369767Z test staffing::tests::issue171_pending_work_reactivation_does_not_bypass_dependencies ... ignored, requires the approved isolated SQLx loader with filter issue171_
2026-09-22T23:16:26.2372034Z test staffing::tests::issue171_reconciliation_is_bounded_to_one_hundred_workers_per_tick ... ignored, requires the approved isolated SQLx loader with filter issue171_
2026-09-22T23:16:26.2374276Z test staffing::tests::issue171_replayed_or_ambiguous_retirement_generation_fails_closed ... ignored, requires the approved isolated SQLx loader with filter issue171_
2026-09-22T23:16:26.2376571Z test staffing::tests::issue171_teardown_uncertainty_requires_later_same_run_termination ... ignored, requires the approved isolated SQLx loader with filter issue171_
2026-09-22T23:16:26.2378805Z test staffing::tests::issue171_worker_ownership_pinning_status_and_pointer_boundaries ... ignored, requires the approved isolated SQLx loader with filter issue171_
2026-09-22T23:16:26.2381475Z test steering_lock_tests::issue223_authority_replay_and_queued_delivery ... ignored, requires explicitly owned SQLx maintenance database
2026-09-22T23:16:26.2383331Z test steering_lock_tests::issue223_changed_destination_rolls_back ... ignored, requires explicitly owned SQLx maintenance database
2026-09-22T23:16:26.2385228Z test steering_lock_tests::issue223_late_run_is_not_steered_without_its_lock ... ignored, requires explicitly owned SQLx maintenance database
2026-09-22T23:16:26.2387226Z test steering_lock_tests::issue223_lease_rotation_while_waiting_rejects_stale_token ... ignored, requires explicitly owned SQLx maintenance database
2026-09-22T23:16:26.2389458Z test steering_lock_tests::issue223_membership_revocation_rejects_waiting_message ... ignored, requires explicitly owned SQLx maintenance database
2026-09-22T23:16:26.2391766Z test steering_lock_tests::issue223_message_failure_rolls_back_already_inserted_command ... ignored, requires explicitly owned SQLx maintenance database
2026-09-22T23:16:26.2394093Z test steering_lock_tests::issue223_replay_retains_original_destination_across_replacement ... ignored, requires explicitly owned SQLx maintenance database
2026-09-22T23:16:26.2395966Z test steering_lock_tests::issue223_retirement_while_waiting_rejects_grant ... ignored, requires explicitly owned SQLx maintenance database
2026-09-22T23:16:26.2398034Z test steering_lock_tests::issue223_stale_assignment_rejected_and_usage_output_preserved ... ignored, requires explicitly owned SQLx maintenance database
2026-09-22T23:16:26.2400570Z test steering_lock_tests::issue223_steering_and_status_complete_under_observed_contention ... ignored, requires explicitly owned SQLx maintenance database
2026-09-22T23:16:26.2402790Z test terminal_accounting::tests::issue193_active_termination_validates_without_changing_projection ... ignored, requires the explicitly owned issue193 SQLx maintenance fixture
2026-09-22T23:16:26.2404949Z test terminal_accounting::tests::issue193_event_failure_rolls_back_everything ... ignored, requires the explicitly owned issue193 SQLx maintenance fixture
2026-09-22T23:16:26.2407052Z test terminal_accounting::tests::issue193_foreign_assignment_dimensions_never_append ... ignored, requires the explicitly owned issue193 SQLx maintenance fixture
2026-09-22T23:16:26.2409346Z test terminal_accounting::tests::issue193_invalid_terminal_payloads_never_append ... ignored, requires the explicitly owned issue193 SQLx maintenance fixture
2026-09-22T23:16:26.2411581Z test terminal_accounting::tests::issue193_legacy_start_evidence_binds_adapter_not_current_agent_config ... ignored, requires the explicitly owned issue193 SQLx maintenance fixture
2026-09-22T23:16:26.2413903Z test terminal_accounting::tests::issue193_missing_ambiguous_or_conflicting_adapter_authority_is_rejected ... ignored, requires the explicitly owned issue193 SQLx maintenance fixture
2026-09-22T23:16:26.2416137Z test terminal_accounting::tests::issue193_native_failure_accepts_only_append_only_termination ... ignored, requires the explicitly owned issue193 SQLx maintenance fixture
2026-09-22T23:16:26.2418408Z test terminal_accounting::tests::issue193_other_assignment_pointer_and_all_active_states_remain_untouched ... ignored, requires the explicitly owned issue193 SQLx maintenance fixture
2026-09-22T23:16:26.2420874Z test terminal_accounting::tests::issue193_protected_terminal_states_and_quarantine_never_change ... ignored, requires the explicitly owned issue193 SQLx maintenance fixture
2026-09-22T23:16:26.2422926Z test terminal_accounting::tests::issue193_terminal_progress_remains_rejected ... ignored, requires the explicitly owned issue193 SQLx maintenance fixture
2026-09-22T23:16:26.2424861Z test tests::dependency_artifacts_bind_recovered_parent_and_reject_invalid_metadata ... ignored, requires an explicitly owned PostgreSQL test database
2026-09-22T23:16:26.2426849Z test tests::dependency_artifacts_follow_multiple_recoveries_without_stale_or_cyclic_fallback ... ignored, requires an explicitly owned PostgreSQL test database
2026-09-22T23:16:26.2428478Z test terminal_accounting::tests::issue193_verifier_only_work_cannot_claim_provider_termination ... ok
2026-09-22T23:16:26.2429955Z test terminal_accounting::tests::issue193_native_termination_shape_is_explicit_and_bounded ... ok
2026-09-22T23:16:26.2431026Z test tests::artifact_rejection_reasons_are_bounded_single_line_text ... ok
2026-09-22T23:16:26.2431957Z test tests::factory_claims_reject_expired_tokens_and_stale_versions ... ok
2026-09-22T23:16:26.2433042Z test tests::factory_outcome_review_allows_verified_internal_handoffs_without_human_gates ... ok
2026-09-22T23:16:26.2434183Z test tests::factory_outcome_review_preserves_policy_for_leaves_at_different_depths ... ok
2026-09-22T23:16:26.2435284Z test tests::factory_policy_requires_every_task_to_retain_pinned_provider_settings ... ok
2026-09-22T23:16:26.2436281Z test tests::factory_state_transitions_do_not_skip_governance_stages ... ok
2026-09-22T23:16:26.2437194Z test tests::hard_breakers_block_retries_and_human_completion_paths ... ok
2026-09-22T23:16:26.2438120Z test tests::hard_breakers_fence_progress_but_allow_terminal_cleanup ... ok
2026-09-22T23:16:26.2439610Z test tests::factory_outcome_review_cannot_be_bypassed_by_a_deterministic_terminal_task ... ok
2026-09-22T23:16:26.2440787Z test tests::held_missions_require_explicit_dispatch_and_running_graphs_keep_advancing ... ok
2026-09-22T23:16:26.2441778Z test tests::factory_source_and_lease_validation_are_bounded ... ok
2026-09-22T23:16:26.2443367Z test tests::issue204_policy_normalization_rejects_bad_binding_and_canonicalizes_uuid ... ok
2026-09-22T23:16:26.2444477Z test tests::issue224_factory_plan_preserves_legacy_and_explicit_attempt_limits ... ok
2026-09-22T23:16:26.2445649Z test tests::issue204_factory_policy_rejects_missing_substituted_and_unclaimed_connections ... ok
2026-09-22T23:16:26.2446813Z test tests::issue224_factory_policy_rejects_invalid_attempts_before_claiming ... ok
2026-09-22T23:16:26.2448385Z test tests::predispatch_failure_blocks_factory_atomically_and_replays_without_effects ... ignored, requires an explicitly owned PostgreSQL test database
2026-09-22T23:16:26.2450488Z test tests::predispatch_failure_cleans_new_resumes_without_downgrading_factory_outcomes ... ignored, requires an explicitly owned PostgreSQL test database
2026-09-22T23:16:26.2452366Z test tests::predispatch_failure_fences_terminal_started_newer_and_foreign_work ... ignored, requires an explicitly owned PostgreSQL test database
2026-09-22T23:16:26.2454012Z test tests::predispatch_failure_never_mutates_another_corps_factory ... ignored, requires an explicitly owned PostgreSQL test database
2026-09-22T23:16:26.2455733Z test tests::predispatch_failure_repairs_legacy_state_without_rewriting_failure_history ... ignored, requires an explicitly owned PostgreSQL test database
2026-09-22T23:16:26.2457576Z test tests::predispatch_failure_rolls_back_every_projection_when_factory_update_fails ... ignored, requires an explicitly owned PostgreSQL test database
2026-09-22T23:16:26.2459463Z test tests::predispatch_failure_takes_publication_gate_before_row_locks ... ignored, requires an explicitly owned PostgreSQL test database
2026-09-22T23:16:26.2461082Z test tests::predispatch_failure_takes_recovery_gate_before_row_locks ... ignored, requires an explicitly owned PostgreSQL test database
2026-09-22T23:16:26.2462323Z test tests::recovery_checkpoint_retains_authorized_head_without_a_deliverable ... ok
2026-09-22T23:16:26.2463279Z test tests::new_factory_claim_policies_require_an_immutable_source_commit ... ok
2026-09-22T23:16:26.2464210Z test tests::recovery_dispatch_never_reexecutes_settled_or_terminal_work ... ok
2026-09-22T23:16:26.2465161Z test tests::recovery_generic_resume_fences_failed_and_revised_factory_work ... ok
2026-09-22T23:16:26.2466113Z test tests::recovery_generic_resume_preserves_non_factory_and_budget_resume ... ok
2026-09-22T23:16:26.2467179Z test tests::recovery_lost_admission_does_not_reclassify_provider_loss_or_weaken_legacy_resume ... ok
2026-09-22T23:16:26.2468242Z test tests::predispatch_diagnostic_is_nonempty_single_line_and_utf8_bounded ... ok
2026-09-22T23:16:26.2469460Z test tests::recovery_decision_events_follow_persisted_sequence_without_dropping_events ... ok
2026-09-22T23:16:26.2470434Z test tests::verification_failed_requires_dedicated_factory_recovery ... ok
2026-09-22T23:16:26.2471379Z test tests::workspace_quarantine_is_structured_and_never_downgraded_by_cleanup ... ok
2026-09-22T23:16:26.2472419Z test tests::recovery_lost_checkpoint_rejects_tampered_fingerprint_head_and_quarantine ... ok
2026-09-22T23:16:26.2473581Z test verification_dispatch::tests::verification_dispatch_identity_does_not_require_an_artifact ... ok
2026-09-22T23:16:26.2474902Z test verification_dispatch::tests::verification_dispatch_identity_rejects_other_command_modes_without_mutation ... ok
2026-09-22T23:16:26.2476197Z test workspace_connections::tests::machine_account_and_local_paths_are_explicit_operator_actions ... ok
2026-09-22T23:16:26.2477431Z test verification_dispatch::tests::verification_dispatch_identity_rejects_wrong_or_malformed_scope ... ok
2026-09-22T23:16:26.2479072Z test workspace_connections::tests::repository_sources_use_absolute_paths_and_safe_immutable_refs ... ok
2026-09-22T23:16:26.2481112Z test workspace_connections_tests::factory_connections::attempt_policy::issue224_attempt_policy_rejections_preserve_preflight_and_claimed_ledgers ... ignored, requires explicitly owned SQLx maintenance database
2026-09-22T23:16:26.2483647Z test workspace_connections_tests::factory_connections::attempt_policy::issue224_explicit_attempt_policy_preflight_materialization_and_replay ... ignored, requires explicitly owned SQLx maintenance database
2026-09-22T23:16:26.2486450Z test workspace_connections_tests::factory_connections::attempt_policy::issue224_legacy_attempt_omission_replays_without_retrospective_override ... ignored, requires explicitly owned SQLx maintenance database
2026-09-22T23:16:26.2489120Z test workspace_connections_tests::factory_connections::cost_policy::issue79_invalid_cost_claims_and_preflight_leave_all_ledgers_unchanged ... ignored, requires explicitly owned SQLx maintenance database
2026-09-22T23:16:26.2491616Z test workspace_connections_tests::factory_connections::cost_policy::issue79_legacy_invalid_claim_reconciles_once_with_audit_and_no_policy_rewrite ... ignored, requires explicitly owned SQLx maintenance database
2026-09-22T23:16:26.2494171Z test workspace_connections_tests::factory_connections::cost_policy::issue79_legacy_reconciliation_is_atomic_and_competing_requests_emit_one_failure ... ignored, requires explicitly owned SQLx maintenance database
2026-09-22T23:16:26.2496697Z test workspace_connections_tests::factory_connections::cost_policy::issue79_materialized_history_is_not_revalidated_or_rewritten_on_reclaim ... ignored, requires explicitly owned SQLx maintenance database
2026-09-22T23:16:26.2499472Z test workspace_connections_tests::factory_connections::cost_policy::issue79_valid_small_and_max_costs_materialize_without_budget_or_attempt_changes ... ignored, requires explicitly owned SQLx maintenance database
2026-09-22T23:16:26.2501983Z test workspace_connections_tests::factory_connections::issue204_authorized_claim_and_both_materialization_replays_survive_offline_connection ... ignored, requires explicitly owned SQLx maintenance database
2026-09-22T23:16:26.2504315Z test workspace_connections_tests::factory_connections::issue204_both_materialization_replays_reject_revoked_mission_room ... ignored, requires explicitly owned SQLx maintenance database
2026-09-22T23:16:26.2506571Z test workspace_connections_tests::factory_connections::issue204_both_materialization_replays_require_current_human_operator ... ignored, requires explicitly owned SQLx maintenance database
2026-09-22T23:16:26.2508790Z test workspace_connections_tests::factory_connections::issue204_factory_binding_cannot_be_removed_substituted_or_injected ... ignored, requires explicitly owned SQLx maintenance database
2026-09-22T23:16:26.2511244Z test workspace_connections_tests::factory_connections::issue204_factory_claim_and_materialization_replay_preserve_original_binding ... ignored, requires explicitly owned SQLx maintenance database
2026-09-22T23:16:26.2513571Z test workspace_connections_tests::factory_connections::issue204_factory_claim_rejects_unknown_foreign_and_other_room_connections ... ignored, requires explicitly owned SQLx maintenance database
2026-09-22T23:16:26.2515823Z test workspace_connections_tests::factory_connections::issue204_factory_claim_replay_and_reclaim_recheck_room_authority ... ignored, requires explicitly owned SQLx maintenance database
2026-09-22T23:16:26.2518024Z test workspace_connections_tests::factory_connections::issue204_factory_late_failure_rolls_back_connection_bound_graph ... ignored, requires explicitly owned SQLx maintenance database
2026-09-22T23:16:26.2520518Z test workspace_connections_tests::factory_connections::issue204_factory_materialization_rechecks_connection_readiness ... ignored, requires explicitly owned SQLx maintenance database
2026-09-22T23:16:26.2522935Z test workspace_connections_tests::factory_connections::issue204_factory_materialization_rejects_source_changed_after_claim ... ignored, requires explicitly owned SQLx maintenance database
2026-09-22T23:16:26.2525168Z test workspace_connections_tests::factory_connections::issue204_factory_preflight_rechecks_current_actor_corp_and_room ... ignored, requires explicitly owned SQLx maintenance database
2026-09-22T23:16:26.2527293Z test workspace_connections_tests::factory_connections::issue204_factory_uses_connection_room_not_oldest_room ... ignored, requires explicitly owned SQLx maintenance database
2026-09-22T23:16:26.2529821Z test workspace_connections_tests::factory_connections::issue204_legacy_unbound_factory_materialization_remains_compatible ... ignored, requires explicitly owned SQLx maintenance database
2026-09-22T23:16:26.2532109Z test workspace_connections_tests::factory_connections::issue204_preflight_materialization_and_run_retain_claimed_connection ... ignored, requires explicitly owned SQLx maintenance database
2026-09-22T23:16:26.2534239Z test workspace_connections_tests::issue198_checks_use_saved_configuration_and_sign_in_stays_owner_bound ... ignored, requires explicitly owned SQLx maintenance database
2026-09-22T23:16:26.2536165Z test workspace_connections_tests::issue198_connections_enforce_actor_room_and_corp_isolation ... ignored, requires explicitly owned SQLx maintenance database
2026-09-22T23:16:26.2538076Z test workspace_connections_tests::issue198_create_check_and_report_roll_back_on_late_event_failure ... ignored, requires explicitly owned SQLx maintenance database
2026-09-22T23:16:26.2540176Z test workspace_connections_tests::issue198_create_replay_normalizes_and_rejects_changed_requests ... ignored, requires explicitly owned SQLx maintenance database
2026-09-22T23:16:26.2542222Z test workspace_connections_tests::issue198_duplicate_reports_do_not_duplicate_events_or_replace_terminal_results ... ignored, requires explicitly owned SQLx maintenance database
2026-09-22T23:16:26.2544813Z test workspace_connections_tests::issue198_native_plan_and_run_retain_connection_room_source_and_machine ... ignored, requires explicitly owned SQLx maintenance database
2026-09-22T23:16:26.2546821Z test workspace_connections_tests::issue198_native_setup_requires_current_human_and_machine_authority ... ignored, requires explicitly owned SQLx maintenance database
2026-09-22T23:16:26.2548767Z test workspace_connections_tests::issue198_native_sign_in_input_is_actor_step_and_terminal_fenced ... ignored, requires explicitly owned SQLx maintenance database
2026-09-22T23:16:26.2550990Z test workspace_connections_tests::issue198_native_sign_in_input_obeys_instruction_and_operation_expiry ... ignored, requires explicitly owned SQLx maintenance database
2026-09-22T23:16:26.2553009Z test workspace_connections_tests::issue198_offline_selection_is_saved_per_actor_without_admitting_a_plan ... ignored, requires explicitly owned SQLx maintenance database
2026-09-22T23:16:26.2555094Z test workspace_connections_tests::issue198_run_admission_rechecks_failed_connection_and_changed_source_atomically ... ignored, requires explicitly owned SQLx maintenance database
2026-09-22T23:16:26.2557215Z test workspace_connections_tests::issue198_saved_ready_connection_cannot_start_a_run_after_runner_disconnect ... ignored, requires explicitly owned SQLx maintenance database
2026-09-22T23:16:26.2559553Z test workspace_connections_tests::issue198_setup_reports_and_delivery_reject_wrong_runner_and_stale_epoch ... ignored, requires explicitly owned SQLx maintenance database
2026-09-22T23:16:26.2561663Z test workspace_connections_tests::issue198_shared_connection_does_not_echo_private_native_diagnostics ... ignored, requires explicitly owned SQLx maintenance database
2026-09-22T23:16:26.2563846Z test workspace_connections_tests::issue198_sign_in_and_catalogue_are_private_but_connection_events_are_redacted ... ignored, requires explicitly owned SQLx maintenance database
2026-09-22T23:16:26.2566071Z test workspace_connections_tests::issue198_stale_success_and_expired_checks_cannot_revive_a_newer_failed_connection ... ignored, requires explicitly owned SQLx maintenance database
2026-09-22T23:16:26.2568752Z test workspace_connections_tests::issue198_wrong_source_reports_leave_connection_operation_and_events_unchanged ... ignored, requires explicitly owned SQLx maintenance database
2026-09-22T23:16:26.2571030Z test workspace_connections::tests::workspace_repositories_never_accept_credentials_flags_or_other_hosts ... ok
2026-09-22T23:16:26.2572287Z test tests::recovery_lost_source_requires_confirmed_native_cleanup ... ok
2026-09-22T23:16:26.2573601Z test tests::recovery_verifier_revision_preserves_gate_count_and_kinds ... ok
2026-09-22T23:16:26.2574141Z
2026-09-22T23:16:26.2574779Z test result: ok. 66 passed; 0 failed; 365 ignored; 0 measured; 0 filtered out; finished in 0.01s
2026-09-22T23:16:26.2575376Z
2026-09-22T23:16:26.2856475Z info: cargo-llvm-cov currently setting cfg(coverage); you can opt-out it by passing --no-cfg-coverage
2026-09-22T23:16:26.4506516Z [1m[92m   Compiling[0m syn v3.0.4
2026-09-22T23:16:26.4507999Z [1m[92m   Compiling[0m serde_core v1.0.229
2026-09-22T23:16:27.9466241Z [1m[92m   Compiling[0m ring v0.17.14
2026-09-22T23:16:29.4988388Z [1m[92m   Compiling[0m serde_derive v1.0.229
2026-09-22T23:16:29.5326487Z [1m[92m   Compiling[0m zerovec-derive v0.11.6
2026-09-22T23:16:30.1540443Z [1m[92m   Compiling[0m zerovec v0.11.8
2026-09-22T23:16:30.5280833Z [1m[92m   Compiling[0m displaydoc v0.2.7
2026-09-22T23:16:30.8846648Z [1m[92m   Compiling[0m tinystr v0.8.4
2026-09-22T23:16:30.9838264Z [1m[92m   Compiling[0m icu_locale_core v2.3.0
2026-09-22T23:16:31.4287382Z [1m[92m   Compiling[0m serde v1.0.229
2026-09-22T23:16:31.7749632Z [1m[92m   Compiling[0m smallvec v1.15.2
2026-09-22T23:16:31.7897932Z [1m[92m   Compiling[0m zerotrie v0.2.5
2026-09-22T23:16:31.8903005Z [1m[92m   Compiling[0m potential_utf v0.1.6
2026-09-22T23:16:31.9496493Z [1m[92m   Compiling[0m icu_collections v2.3.0
2026-09-22T23:16:31.9536199Z [1m[92m   Compiling[0m icu_provider v2.3.1
2026-09-22T23:16:32.1368758Z [1m[92m   Compiling[0m parking_lot_core v0.9.12
2026-09-22T23:16:32.2776177Z [1m[92m   Compiling[0m icu_normalizer v2.3.0
2026-09-22T23:16:32.2931516Z [1m[92m   Compiling[0m icu_properties v2.3.0
2026-09-22T23:16:32.6856343Z [1m[92m   Compiling[0m parking_lot v0.12.5
2026-09-22T23:16:32.9499941Z [1m[92m   Compiling[0m crossbeam-utils v0.8.22
2026-09-22T23:16:33.2391751Z [1m[92m   Compiling[0m idna_adapter v1.2.2
2026-09-22T23:16:33.2858276Z [1m[92m   Compiling[0m digest v0.10.7
2026-09-22T23:16:33.3872263Z [1m[92m   Compiling[0m futures-sink v0.3.34
2026-09-22T23:16:33.4157082Z [1m[92m   Compiling[0m rustls v0.23.43
2026-09-22T23:16:33.4217490Z [1m[92m   Compiling[0m serde_json v1.0.151
2026-09-22T23:16:34.3323792Z [1m[92m   Compiling[0m rustls-webpki v0.103.15
2026-09-22T23:16:34.5828175Z [1m[92m   Compiling[0m form_urlencoded v1.2.2
2026-09-22T23:16:34.6564865Z [1m[92m   Compiling[0m idna v1.1.0
2026-09-22T23:16:35.2141200Z [1m[92m   Compiling[0m tracing-core v0.1.36
2026-09-22T23:16:35.4294501Z [1m[92m   Compiling[0m crypto-common v0.1.7
2026-09-22T23:16:35.4653822Z [1m[92m   Compiling[0m thiserror-impl v2.0.20
2026-09-22T23:16:35.5942803Z [1m[92m   Compiling[0m log v0.4.34
2026-09-22T23:16:35.6760390Z [1m[92m   Compiling[0m slab v0.4.12
2026-09-22T23:16:35.7499543Z [1m[92m   Compiling[0m futures-util v0.3.34
2026-09-22T23:16:36.1743507Z [1m[92m   Compiling[0m thiserror v2.0.20
2026-09-22T23:16:36.2033513Z [1m[92m   Compiling[0m tracing v0.1.44
2026-09-22T23:16:36.3385117Z [1m[92m   Compiling[0m indexmap v2.14.1
2026-09-22T23:16:36.8504507Z [1m[92m   Compiling[0m crossbeam-queue v0.3.13
2026-09-22T23:16:36.9201173Z [1m[92m   Compiling[0m url v2.5.8
2026-09-22T23:16:37.4981126Z [1m[92m   Compiling[0m futures-intrusive v0.5.0
2026-09-22T23:16:37.7706042Z [1m[92m   Compiling[0m either v1.18.0
2026-09-22T23:16:37.9019553Z [1m[92m   Compiling[0m base64 v0.22.1
2026-09-22T23:16:38.0860761Z [1m[92m   Compiling[0m tokio-stream v0.1.19
2026-09-22T23:16:38.3384942Z [1m[92m   Compiling[0m rand v0.8.8
2026-09-22T23:16:38.7859675Z [1m[92m   Compiling[0m sha2 v0.10.9
2026-09-22T23:16:38.9863855Z [1m[92m   Compiling[0m futures-channel v0.3.34
2026-09-22T23:16:39.0979166Z [1m[92m   Compiling[0m hmac v0.12.1
2026-09-22T23:16:39.1499979Z [1m[92m   Compiling[0m tokio-macros v2.7.2
2026-09-22T23:16:39.4811936Z [1m[92m   Compiling[0m bitflags v2.13.1
2026-09-22T23:16:39.5799519Z [1m[92m   Compiling[0m byteorder v1.5.0
2026-09-22T23:16:39.6972584Z [1m[92m   Compiling[0m sqlx-core v0.8.6
2026-09-22T23:16:41.9656490Z [1m[92m   Compiling[0m tokio v1.53.1
2026-09-22T23:16:42.2328657Z [1m[92m   Compiling[0m hkdf v0.12.4
2026-09-22T23:16:42.2878008Z [1m[92m   Compiling[0m uuid v1.26.1
2026-09-22T23:16:42.5650522Z [1m[92m   Compiling[0m md-5 v0.10.6
2026-09-22T23:16:42.6153301Z [1m[92m   Compiling[0m chrono v0.4.45
2026-09-22T23:16:43.7251388Z [1m[92m   Compiling[0m sqlx-postgres v0.8.6
2026-09-22T23:16:47.3484091Z [1m[92m   Compiling[0m sqlx-macros-core v0.8.6
2026-09-22T23:16:48.4158072Z [1m[92m   Compiling[0m digest v0.11.3
2026-09-22T23:16:48.4882836Z [1m[92m   Compiling[0m sqlx-macros v0.8.6
2026-09-22T23:16:49.2477298Z [1m[92m   Compiling[0m sha2 v0.11.0
2026-09-22T23:16:50.8222035Z [1m[92m   Compiling[0m crony-domain v0.1.0 (/home/runner/work/ecorp/ecorp/crates/crony-domain)
2026-09-22T23:16:53.1546133Z [1m[92m   Compiling[0m sqlx v0.8.6
2026-09-22T23:16:54.6628579Z [1m[92m   Compiling[0m crony-store v0.1.0 (/home/runner/work/ecorp/ecorp/crates/crony-store)
2026-09-22T23:17:34.7747538Z [1m[92m    Finished[0m `test` profile [unoptimized + debuginfo] target(s) in 1m 08s
2026-09-22T23:17:34.7864428Z [1m[92m     Running[0m unittests src/lib.rs (/home/runner/work/_temp/ecorp-rust-sqlx-coverage-target/debug/deps/crony_store-48608e6ffe861df5)
2026-09-22T23:17:34.7884030Z
2026-09-22T23:17:34.7884264Z running 365 tests
2026-09-22T23:17:35.7671982Z test aggregate_breaker_tests::issue56_all_active_states_but_no_terminal_or_unproven_verifier_exemption ... ok
2026-09-22T23:17:36.6650262Z test aggregate_breaker_tests::issue56_already_queued_approval_becomes_obsolete ... ok
2026-09-22T23:17:37.5536738Z test aggregate_breaker_tests::issue56_concurrent_usage_is_serialized_and_replay_is_exact ... ok
2026-09-22T23:17:41.4092939Z test aggregate_breaker_tests::issue56_control_dispatch_checks_wall_clock_after_lock_wait ... ok
2026-09-22T23:17:42.3063406Z test aggregate_breaker_tests::issue56_control_dispatch_locks_and_rechecks_lease_row ... ok
2026-09-22T23:17:43.4864580Z test aggregate_breaker_tests::issue56_control_dispatch_revalidates_lease_after_run_wait ... ok
2026-09-22T23:17:44.3410963Z test aggregate_breaker_tests::issue56_control_dispatch_uses_locked_token_and_preserves_retry ... ok
2026-09-22T23:17:45.3516579Z test aggregate_breaker_tests::issue56_corp_cost ... ok
2026-09-22T23:17:46.3651215Z test aggregate_breaker_tests::issue56_corp_tokens ... ok
2026-09-22T23:17:47.1641555Z test aggregate_breaker_tests::issue56_exhausted_dispatch_has_no_assignment_side_effects ... ok
2026-09-22T23:17:48.0024672Z test aggregate_breaker_tests::issue56_expired_approval_cleanup_reaches_terminal_fenced_runner ... ok
2026-09-22T23:17:48.9103094Z test aggregate_breaker_tests::issue56_interrupt_waits_for_run_without_holding_lease ... ok
2026-09-22T23:17:49.9122688Z test aggregate_breaker_tests::issue56_mission_cost ... ok
2026-09-22T23:17:50.7524734Z test aggregate_breaker_tests::issue56_mission_hard_budget_fences_all_active_runs ... ok
2026-09-22T23:17:51.7378210Z test aggregate_breaker_tests::issue56_mission_tokens ... ok
2026-09-22T23:17:52.8025256Z test aggregate_breaker_tests::issue56_native_enqueue_precedes_a_concurrent_fence ... ok
2026-09-22T23:17:53.6314410Z test aggregate_breaker_tests::issue56_native_enqueue_rejects_fenced_and_wrong_assignments ... ok
2026-09-22T23:17:54.4524668Z test aggregate_breaker_tests::issue56_nested_verifier_budget_gate_has_no_actor_corp_inversion ... ok
2026-09-22T23:17:55.3620319Z test aggregate_breaker_tests::issue56_pending_effects_and_staged_artifacts_cannot_cross_fence ... ok
2026-09-22T23:17:56.4144600Z test aggregate_breaker_tests::issue56_pending_review_waits_for_atomic_fanout_and_then_rejects ... ok
2026-09-22T23:17:57.3846432Z test aggregate_breaker_tests::issue56_progress_enqueue_binds_durable_identity_and_lifecycle ... ok
2026-09-22T23:17:58.3367249Z test aggregate_breaker_tests::issue56_progress_enqueue_checks_usage_before_persisted_fence ... ok
2026-09-22T23:17:59.4875594Z test aggregate_breaker_tests::issue56_progress_enqueue_precedes_concurrent_accounting ... ok
2026-09-22T23:18:00.4121936Z test aggregate_breaker_tests::issue56_rejection_cleanup_requires_durable_negative_approval_scope ... ok
2026-09-22T23:18:01.4622751Z test aggregate_breaker_tests::issue56_requester_cost ... ok
2026-09-22T23:18:02.4130557Z test aggregate_breaker_tests::issue56_requester_tokens ... ok
2026-09-22T23:18:03.3395478Z test aggregate_breaker_tests::issue56_run_only_and_monotonic_aggregate_escalation ... ok
2026-09-22T23:18:04.1693720Z test aggregate_breaker_tests::issue56_usage_and_all_commands_rollback_together ... ok
2026-09-22T23:18:05.0907531Z test budget_checkpoint_tests::cancellation_reconciliation::issue206_explicit_operator_cancellation_is_not_reconciled ... ok
2026-09-22T23:18:06.0068042Z test budget_checkpoint_tests::cancellation_reconciliation::issue206_late_journal_failure_rolls_back_reconciliation ... ok
2026-09-22T23:18:06.8874457Z test budget_checkpoint_tests::cancellation_reconciliation::issue206_missing_termination_or_native_budget_proof_never_reconciles ... ok
2026-09-22T23:18:07.7602983Z test budget_checkpoint_tests::cancellation_reconciliation::issue206_native_explicit_stop_cannot_be_overridden ... ok
2026-09-22T23:18:08.6471342Z test budget_checkpoint_tests::cancellation_reconciliation::issue206_newer_factory_event_rejects_stale_projection_proof ... ok
2026-09-22T23:18:09.4980817Z test budget_checkpoint_tests::cancellation_reconciliation::issue206_policy_cancellation_detail_remains_protected ... ok
2026-09-22T23:18:10.4032710Z test budget_checkpoint_tests::cancellation_reconciliation::issue206_quarantined_predecessor_rejects_valid_latest_source ... ok
2026-09-22T23:18:11.3876125Z test budget_checkpoint_tests::cancellation_reconciliation::issue206_reconcile_native_projection_then_verify_same_source ... ok
2026-09-22T23:18:12.2998495Z test budget_checkpoint_tests::cancellation_reconciliation::issue206_reconciliation_and_replay_require_current_recovery_authority ... ok
2026-09-22T23:18:13.2821037Z test budget_checkpoint_tests::cancellation_reconciliation::issue206_reconciliation_binds_version_event_revision_and_checkpoint ... ok
2026-09-22T23:18:14.2835851Z test budget_checkpoint_tests::cancellation_reconciliation::issue206_reconciliation_serializes_actor_demotion ... ok
2026-09-22T23:18:18.1154390Z test budget_checkpoint_tests::correction_publication::issue216_broken_or_foreign_correction_parent_and_source_bindings_are_denied ... ok
2026-09-22T23:18:20.4797288Z test budget_checkpoint_tests::correction_publication::issue216_corrected_checkpoint_publication_start_preserves_history ... ok
2026-09-22T23:18:23.8938190Z test budget_checkpoint_tests::correction_publication::issue216_current_checkpoint_proof_revalidates_all_public_controls ... ok
2026-09-22T23:18:26.7849232Z test budget_checkpoint_tests::correction_publication::issue216_current_role_room_and_publisher_authority_are_revalidated ... ok
2026-09-22T23:18:29.7665054Z test budget_checkpoint_tests::correction_publication::issue216_erased_checkpoint_markers_cannot_hide_native_suspension ... ok
2026-09-22T23:18:32.2547072Z test budget_checkpoint_tests::correction_publication::issue216_explicit_stop_of_authorized_corrected_source_blocks_publication ... ok
2026-09-22T23:18:34.7326106Z test budget_checkpoint_tests::correction_publication::issue216_explicit_stop_of_exact_original_suspension_blocks_publication ... ok
2026-09-22T23:18:38.2040374Z test budget_checkpoint_tests::correction_publication::issue216_historical_correction_grant_revalidates_all_public_controls ... ok
2026-09-22T23:18:41.6076373Z test budget_checkpoint_tests::correction_publication::issue216_native_loop_counters_are_not_a_checkpoint_budget_exemption ... ok
2026-09-22T23:18:43.3265160Z test budget_checkpoint_tests::correction_publication::issue216_ordinary_checkpoint_publication_start_renew_replay_preserves_history ... ok
2026-09-22T23:18:45.4975449Z test budget_checkpoint_tests::correction_publication::issue216_ordinary_source_only_predecessor_correction_stop_checkpoint_publication_succeeds ... ok
2026-09-22T23:18:48.5395733Z test budget_checkpoint_tests::correction_publication::issue216_public_start_renew_forward_and_exact_replay_preserve_history ... ok
2026-09-22T23:18:51.7604788Z test budget_checkpoint_tests::correction_publication::issue216_quarantine_of_exact_origin_correction_or_verifier_is_never_exempt ... ok
2026-09-22T23:18:54.5053293Z test budget_checkpoint_tests::correction_publication::issue216_start_and_renew_post_allocation_failures_roll_back_every_row ... ok
2026-09-22T23:18:57.6444043Z test budget_checkpoint_tests::correction_publication::issue216_unrelated_checkpoint_child_stop_or_suspension_is_not_exempt ... ok
2026-09-22T23:18:58.5482678Z test budget_checkpoint_tests::issue148_checkpoint_budget_incident_cannot_override_native_explicit_stop ... ok
2026-09-22T23:18:59.4389263Z test budget_checkpoint_tests::issue148_checkpoint_command_failure_rolls_back_the_entire_authorization ... ok
2026-09-22T23:19:01.3204551Z test budget_checkpoint_tests::issue148_checkpoint_dispatch_binds_current_command_source_and_policy ... ok
2026-09-22T23:19:03.1412705Z test budget_checkpoint_tests::issue148_checkpoint_dispatch_rechecks_artifact_free_author_role ... ok
2026-09-22T23:19:04.3449160Z test budget_checkpoint_tests::issue148_checkpoint_dispatch_rechecks_artifact_free_room_membership ... ok
2026-09-22T23:19:06.9279430Z test budget_checkpoint_tests::issue148_checkpoint_dispatch_rejects_foreign_and_stale_commands ... ok
2026-09-22T23:19:09.0321822Z test budget_checkpoint_tests::issue148_checkpoint_dispatch_rejects_settled_and_inactive_recoveries ... ok
2026-09-22T23:19:10.5008835Z test budget_checkpoint_tests::issue148_checkpoint_explicit_stop_fences_dispatch_budget_exemption_and_retry ... ok
2026-09-22T23:19:12.2417381Z test budget_checkpoint_tests::issue148_checkpoint_exported_retry_after_cancellation_preserves_head ... ok
2026-09-22T23:19:13.9933639Z test budget_checkpoint_tests::issue148_checkpoint_exported_retry_after_failure_preserves_head ... ok
2026-09-22T23:19:14.9703693Z test budget_checkpoint_tests::issue148_checkpoint_missing_provider_artifact_cannot_pass_its_required_check ... ok
2026-09-22T23:19:15.9082378Z test budget_checkpoint_tests::issue148_checkpoint_never_reopens_provider_or_changes_reviewed_source ... ok
2026-09-22T23:19:16.8075773Z test budget_checkpoint_tests::issue148_checkpoint_preserves_another_active_agent_assignment ... ok
2026-09-22T23:19:17.7131396Z test budget_checkpoint_tests::issue148_checkpoint_preserves_unrelated_blocks_quarantine_and_loop_stops ... ok
2026-09-22T23:19:20.2665749Z test budget_checkpoint_tests::issue148_checkpoint_publication_healthy_history_ignores_only_retrospective_model_budget ... ok
2026-09-22T23:19:22.4026234Z test budget_checkpoint_tests::issue148_checkpoint_publication_rechecks_actor_room_and_publisher_credentials ... ok
2026-09-22T23:19:24.6416639Z test budget_checkpoint_tests::issue148_checkpoint_publication_rechecks_source_policy_checkpoint_and_quarantine ... ok
2026-09-22T23:19:26.0540762Z test budget_checkpoint_tests::issue148_checkpoint_publication_requires_checkpoint_mode_and_native_origin_events ... ok
2026-09-22T23:19:28.3625710Z test budget_checkpoint_tests::issue148_checkpoint_publication_requires_ready_unexpired_exact_artifact_metadata ... ok
2026-09-22T23:19:29.9981500Z test budget_checkpoint_tests::issue148_checkpoint_publication_review_failure_after_artifact_expiry ... ok
2026-09-22T23:19:31.4210441Z test budget_checkpoint_tests::issue148_checkpoint_publication_review_failure_after_role_change ... ok
2026-09-22T23:19:33.0814132Z test budget_checkpoint_tests::issue148_checkpoint_publication_review_failure_after_room_revocation ... ok
2026-09-22T23:19:34.5259657Z test budget_checkpoint_tests::issue148_checkpoint_publication_review_legacy_upgrade_on_checkpoint ... ok
2026-09-22T23:19:36.1320544Z test budget_checkpoint_tests::issue148_checkpoint_publication_review_legacy_upgrade_on_renewal_replay ... ok
2026-09-22T23:19:37.8120189Z test budget_checkpoint_tests::issue148_checkpoint_publication_start_renew_replay_preserves_provenance_and_spend ... ok
2026-09-22T23:19:38.9176496Z test budget_checkpoint_tests::issue148_checkpoint_reaches_independent_review_without_more_provider_budget ... ok
2026-09-22T23:19:39.9526388Z test budget_checkpoint_tests::issue148_checkpoint_requires_native_termination_and_exact_policy ... ok
2026-09-22T23:19:41.2191113Z test budget_checkpoint_tests::issue148_checkpoint_retention_binds_export_head_by_mode_without_rewriting_origin ... ok
2026-09-22T23:19:43.0819861Z test budget_checkpoint_tests::issue148_checkpoint_retention_reattest_rechecks_role_room_and_claim ... ok
2026-09-22T23:19:44.6558012Z test budget_checkpoint_tests::issue148_checkpoint_retention_reattest_rejects_stop_quarantine_and_active_lineage ... ok
2026-09-22T23:19:46.2623857Z test budget_checkpoint_tests::issue148_checkpoint_retention_reattests_waiting_run_with_one_replayable_command ... ok
2026-09-22T23:19:48.1684990Z test budget_checkpoint_tests::issue148_checkpoint_retention_rejects_unbound_export ... ok
2026-09-22T23:19:49.5446384Z test budget_checkpoint_tests::issue148_checkpoint_retention_unclaimed_reconnect_preserves_only_bound_review ... ok
2026-09-22T23:19:50.6905100Z test budget_checkpoint_tests::issue148_checkpoint_retry_stays_provider_free_and_old_source_is_fenced ... ok
2026-09-22T23:19:51.7423862Z test budget_checkpoint_tests::issue148_checkpoint_unrelated_stop_events_do_not_revoke_budget_recovery ... ok
2026-09-22T23:19:52.6230256Z test budget_checkpoint_tests::issue148_checkpoint_zero_limits_are_not_a_generic_verifier_budget_bypass ... ok
2026-09-22T23:19:53.8445489Z test budget_checkpoint_tests::retained_receipts::issue211_collection_binding_survives_abandon_and_rejects_replacement ... ok
2026-09-22T23:19:54.7463487Z test budget_checkpoint_tests::retained_receipts::issue211_collection_does_not_bypass_unjoined_source_signature ... ok
2026-09-22T23:19:55.9516943Z test budget_checkpoint_tests::retained_receipts::issue211_collection_does_not_override_protected_states_or_explicit_stop ... ok
2026-09-22T23:19:58.0607995Z test budget_checkpoint_tests::retained_receipts::issue211_collection_preserves_authorized_historical_suspension_and_policy ... ok
2026-09-22T23:19:59.1190572Z test budget_checkpoint_tests::retained_receipts::issue211_collection_rechecks_native_checkpoint_before_finalize ... ok
2026-09-22T23:20:00.1714564Z test budget_checkpoint_tests::retained_receipts::issue211_collection_rechecks_policy_before_finalize ... ok
2026-09-22T23:20:01.1961607Z test budget_checkpoint_tests::retained_receipts::issue211_collection_rechecks_role_before_finalize ... ok
2026-09-22T23:20:02.2657923Z test budget_checkpoint_tests::retained_receipts::issue211_collection_rechecks_room_before_finalize ... ok
2026-09-22T23:20:03.3504712Z test budget_checkpoint_tests::retained_receipts::issue211_collection_rechecks_source_before_finalize ... ok
2026-09-22T23:20:04.8773018Z test budget_checkpoint_tests::retained_receipts::issue211_collection_rejects_missing_malformed_foreign_grants_and_inputs ... ok
2026-09-22T23:20:06.6268406Z test budget_checkpoint_tests::retained_receipts::issue211_collection_rejects_unrelated_suspension_or_corrupt_historical_authority ... ok
2026-09-22T23:20:08.0182944Z test budget_checkpoint_tests::retained_receipts::issue211_collection_replays_new_receipt_for_latest_failed_checkpoint ... FAILED
2026-09-22T23:20:09.1533057Z test budget_checkpoint_tests::retained_receipts::issue211_collection_requires_a_native_completed_receipt_generation ... ok
2026-09-22T23:20:10.3746109Z test budget_checkpoint_tests::retained_receipts::issue211_collection_reservation_and_finalization_roll_back_sqlx_failures ... ok
2026-09-22T23:20:11.6343819Z test budget_checkpoint_tests::retained_receipts::issue211_collection_takes_both_native_gates_before_artifact_rows ... ok
2026-09-22T23:20:13.8737996Z test budget_checkpoint_tests::source_correction::correction_retry::issue221_retry_after_failed_checkpoint_correction ... ok
2026-09-22T23:20:16.5949401Z test budget_checkpoint_tests::source_correction::correction_retry::issue221_retry_command_insert_failure_rolls_back_the_full_allocation ... ok
2026-09-22T23:20:19.9956932Z test budget_checkpoint_tests::source_correction::correction_retry::issue221_retry_context_and_current_replay_keep_two_correction_chain ... ok
2026-09-22T23:20:22.2472797Z test budget_checkpoint_tests::source_correction::correction_retry::issue221_retry_does_not_reset_exhausted_cost_spend ... ok
2026-09-22T23:20:24.5064482Z test budget_checkpoint_tests::source_correction::correction_retry::issue221_retry_does_not_reset_exhausted_token_spend ... ok
2026-09-22T23:20:28.4394020Z test budget_checkpoint_tests::source_correction::correction_retry::issue221_retry_fences_current_scope_request_and_pending_command ... ok
2026-09-22T23:20:31.1031711Z test budget_checkpoint_tests::source_correction::correction_retry::issue221_retry_native_predispatch_failure_keeps_latest_physical_source ... ok
2026-09-22T23:20:34.5948240Z test budget_checkpoint_tests::source_correction::correction_retry::issue221_retry_native_provider_failure_stays_governed_and_bounded ... ok
2026-09-22T23:20:39.7250382Z test budget_checkpoint_tests::source_correction::correction_retry::issue221_retry_rechecks_current_authority_and_protected_lineage ... ok
2026-09-22T23:20:45.2726418Z test budget_checkpoint_tests::source_correction::correction_retry::issue221_retry_rechecks_native_history_and_revision_ledger_bridge ... ok
2026-09-22T23:20:50.2367821Z test budget_checkpoint_tests::source_correction::correction_retry::issue221_retry_rejects_missing_and_damaged_prior_and_current_grants ... ok
2026-09-22T23:20:53.6201807Z test budget_checkpoint_tests::source_correction::correction_retry::issue224_legacy_verifier_seal_allows_context_revision_retry_and_exact_replay ... ok
2026-09-22T23:20:56.6617250Z test budget_checkpoint_tests::source_correction::correction_retry::issue224_legacy_verifier_seal_rejects_contradictory_head_without_mutation ... ok
2026-09-22T23:20:59.2936990Z test budget_checkpoint_tests::source_correction::correction_retry::issue224_legacy_verifier_seal_requires_matching_fingerprint_and_verifier_grant ... ok
2026-09-22T23:21:00.6726989Z test budget_checkpoint_tests::source_correction::issue210_correction_clamps_to_remaining_rolling_tokens_and_cost ... ok
2026-09-22T23:21:02.0145530Z test budget_checkpoint_tests::source_correction::issue210_correction_command_failure_rolls_back_authority_and_accounting ... ok
2026-09-22T23:21:03.4863231Z test budget_checkpoint_tests::source_correction::issue210_correction_exact_replay_and_changed_request_are_mutation_free ... ok
2026-09-22T23:21:05.2022046Z test budget_checkpoint_tests::source_correction::issue210_correction_provider_usage_consumes_allocation_without_zero_exemption ... ok
2026-09-22T23:21:06.4450555Z test budget_checkpoint_tests::source_correction::issue210_correction_rejects_actor_demotion ... ok
2026-09-22T23:21:07.7786717Z test budget_checkpoint_tests::source_correction::issue210_correction_rejects_altered_inherited_authority ... ok
2026-09-22T23:21:09.1013018Z test budget_checkpoint_tests::source_correction::issue210_correction_rejects_altered_native_checkpoint ... ok
2026-09-22T23:21:10.4292832Z test budget_checkpoint_tests::source_correction::issue210_correction_rejects_changed_child_connection ... ok
2026-09-22T23:21:11.7477241Z test budget_checkpoint_tests::source_correction::issue210_correction_rejects_changed_factory_policy ... ok
2026-09-22T23:21:13.0767497Z test budget_checkpoint_tests::source_correction::issue210_correction_rejects_changed_origin_connection ... ok
2026-09-22T23:21:14.3145754Z test budget_checkpoint_tests::source_correction::issue210_correction_rejects_changed_origin_source ... ok
2026-09-22T23:21:15.6339768Z test budget_checkpoint_tests::source_correction::issue210_correction_rejects_changed_verification_policy ... ok
2026-09-22T23:21:16.9429817Z test budget_checkpoint_tests::source_correction::issue210_correction_rejects_child_explicit_stop ... ok
2026-09-22T23:21:18.2726613Z test budget_checkpoint_tests::source_correction::issue210_correction_rejects_child_quarantine ... ok
2026-09-22T23:21:19.5984630Z test budget_checkpoint_tests::source_correction::issue210_correction_rejects_child_stop ... ok
2026-09-22T23:21:20.9336488Z test budget_checkpoint_tests::source_correction::issue210_correction_rejects_exhausted_actor_cost ... ok
2026-09-22T23:21:22.2964950Z test budget_checkpoint_tests::source_correction::issue210_correction_rejects_exhausted_actor_tokens ... ok
2026-09-22T23:21:23.6695354Z test budget_checkpoint_tests::source_correction::issue210_correction_rejects_exhausted_corp_cost ... ok
2026-09-22T23:21:25.0198591Z test budget_checkpoint_tests::source_correction::issue210_correction_rejects_exhausted_corp_tokens ... ok
2026-09-22T23:21:26.3782210Z test budget_checkpoint_tests::source_correction::issue210_correction_rejects_exhausted_mission_cost ... ok
2026-09-22T23:21:27.7283164Z test budget_checkpoint_tests::source_correction::issue210_correction_rejects_exhausted_mission_tokens ... ok
2026-09-22T23:21:29.1670972Z test budget_checkpoint_tests::source_correction::issue210_correction_rejects_exhausted_provider_attempts ... ok
2026-09-22T23:21:30.4984359Z test budget_checkpoint_tests::source_correction::issue210_correction_rejects_live_native_termination ... ok
2026-09-22T23:21:31.8305906Z test budget_checkpoint_tests::source_correction::issue210_correction_rejects_missing_budget_incident ... ok
2026-09-22T23:21:33.1656852Z test budget_checkpoint_tests::source_correction::issue210_correction_rejects_missing_native_checkpoint ... ok
2026-09-22T23:21:34.4969496Z test budget_checkpoint_tests::source_correction::issue210_correction_rejects_missing_native_termination ... ok
2026-09-22T23:21:35.8225062Z test budget_checkpoint_tests::source_correction::issue210_correction_rejects_missing_provider_session ... ok
2026-09-22T23:21:37.1466903Z test budget_checkpoint_tests::source_correction::issue210_correction_rejects_no_progress ... ok
2026-09-22T23:21:38.4880827Z test budget_checkpoint_tests::source_correction::issue210_correction_rejects_non_budget_incident ... ok
2026-09-22T23:21:39.8356475Z test budget_checkpoint_tests::source_correction::issue210_correction_rejects_offline_connection ... ok
2026-09-22T23:21:41.2421440Z test budget_checkpoint_tests::source_correction::issue210_correction_rejects_origin_explicit_stop ... ok
2026-09-22T23:21:42.5783310Z test budget_checkpoint_tests::source_correction::issue210_correction_rejects_origin_quarantine ... ok
2026-09-22T23:21:43.9190705Z test budget_checkpoint_tests::source_correction::issue210_correction_rejects_origin_stop ... ok
2026-09-22T23:21:45.2572801Z test budget_checkpoint_tests::source_correction::issue210_correction_rejects_repeated_tool ... ok
2026-09-22T23:21:46.4966291Z test budget_checkpoint_tests::source_correction::issue210_correction_rejects_room_revocation ... ok
2026-09-22T23:21:47.8441355Z test budget_checkpoint_tests::source_correction::issue210_correction_rejects_unrelated_suspension ... ok
2026-09-22T23:21:49.5021944Z test budget_checkpoint_tests::source_correction::issue210_correction_replay_rechecks_actor_role ... ok
2026-09-22T23:21:51.1747882Z test budget_checkpoint_tests::source_correction::issue210_correction_replay_rechecks_room_membership ... ok
2026-09-22T23:21:52.8224836Z test budget_checkpoint_tests::source_correction::issue210_correction_requires_explicit_current_revision ... ok
2026-09-22T23:21:54.5462752Z test budget_checkpoint_tests::source_correction::issue210_dispatch_and_replay_reject_damaged_correction_grant ... ok
2026-09-22T23:21:56.2413942Z test budget_checkpoint_tests::source_correction::issue210_dispatch_and_replay_reject_missing_correction_grant ... ok
2026-09-22T23:21:58.8079948Z test budget_checkpoint_tests::source_correction::issue210_dispatch_binds_exact_native_command_and_rejects_other_modes ... ok
2026-09-22T23:22:00.4539926Z test budget_checkpoint_tests::source_correction::issue210_dispatch_rechecks_actor_demotion ... ok
2026-09-22T23:22:02.1404117Z test budget_checkpoint_tests::source_correction::issue210_dispatch_rechecks_altered_checkpoint ... ok
2026-09-22T23:22:03.8219669Z test budget_checkpoint_tests::source_correction::issue210_dispatch_rechecks_altered_inherited_authority ... ok
2026-09-22T23:22:05.4664283Z test budget_checkpoint_tests::source_correction::issue210_dispatch_rechecks_child_connection ... ok
2026-09-22T23:22:07.1693573Z test budget_checkpoint_tests::source_correction::issue210_dispatch_rechecks_child_explicit_stop ... ok
2026-09-22T23:22:08.7978099Z test budget_checkpoint_tests::source_correction::issue210_dispatch_rechecks_child_quarantine ... ok
2026-09-22T23:22:10.4996650Z test budget_checkpoint_tests::source_correction::issue210_dispatch_rechecks_child_stop ... ok
2026-09-22T23:22:12.1856212Z test budget_checkpoint_tests::source_correction::issue210_dispatch_rechecks_factory_policy ... ok
2026-09-22T23:22:13.8514933Z test budget_checkpoint_tests::source_correction::issue210_dispatch_rechecks_missing_budget_incident ... ok
2026-09-22T23:22:15.5057609Z test budget_checkpoint_tests::source_correction::issue210_dispatch_rechecks_missing_checkpoint ... ok
2026-09-22T23:22:17.1815801Z test budget_checkpoint_tests::source_correction::issue210_dispatch_rechecks_missing_termination ... ok
2026-09-22T23:22:18.8677562Z test budget_checkpoint_tests::source_correction::issue210_dispatch_rechecks_native_explicit_stop_of_provider_child ... ok
2026-09-22T23:22:20.5307531Z test budget_checkpoint_tests::source_correction::issue210_dispatch_rechecks_offline_connection ... ok
2026-09-22T23:22:22.2062779Z test budget_checkpoint_tests::source_correction::issue210_dispatch_rechecks_origin_connection ... ok
2026-09-22T23:22:23.9005057Z test budget_checkpoint_tests::source_correction::issue210_dispatch_rechecks_origin_explicit_stop ... ok
2026-09-22T23:22:25.5967273Z test budget_checkpoint_tests::source_correction::issue210_dispatch_rechecks_origin_quarantine ... ok
2026-09-22T23:22:27.2778836Z test budget_checkpoint_tests::source_correction::issue210_dispatch_rechecks_origin_source ... ok
2026-09-22T23:22:28.9738719Z test budget_checkpoint_tests::source_correction::issue210_dispatch_rechecks_origin_stop ... ok
2026-09-22T23:22:30.6841112Z test budget_checkpoint_tests::source_correction::issue210_dispatch_rechecks_rolling_spend_after_authorization ... ok
2026-09-22T23:22:32.3375569Z test budget_checkpoint_tests::source_correction::issue210_dispatch_rechecks_room_revocation ... ok
2026-09-22T23:22:34.0419307Z test budget_checkpoint_tests::source_correction::issue210_dispatch_rechecks_unrelated_suspension ... ok
2026-09-22T23:22:35.6813073Z test budget_checkpoint_tests::source_correction::issue210_dispatch_rechecks_verification_policy ... ok
2026-09-22T23:22:37.3546040Z test budget_checkpoint_tests::source_correction::issue210_dispatch_rejects_failed_recovery_without_another_attempt ... ok
2026-09-22T23:22:39.0240198Z test budget_checkpoint_tests::source_correction::issue210_dispatch_rejects_malformed_correction_grant ... ok
2026-09-22T23:22:40.6580889Z test budget_checkpoint_tests::source_correction::issue210_dispatch_rejects_settled_native_command ... ok
2026-09-22T23:22:42.3279941Z test budget_checkpoint_tests::source_correction::issue210_dispatch_rejects_superseded_generation ... ok
2026-09-22T23:22:44.0983602Z test budget_checkpoint_tests::source_correction::issue210_dispatch_retains_allocated_attempt_while_database_fences_excess ... ok
2026-09-22T23:22:46.1653516Z test budget_checkpoint_tests::source_correction::issue210_dispatch_serializes_native_factory_block_while_connection_waits ... ok
2026-09-22T23:22:47.4923414Z test budget_checkpoint_tests::source_correction::issue210_initial_correction_resumes_after_failed_checkpoint ... ok
2026-09-22T23:22:48.6828240Z test budget_checkpoint_tests::source_correction::issue210_ordinary_source_correction_retains_healthy_provider_path ... ok
2026-09-22T23:22:50.0311035Z test budget_checkpoint_tests::source_correction::issue210_other_modes_cannot_resume_measured_provider_origin ... ok
2026-09-22T23:22:51.5293270Z test budget_checkpoint_tests::source_correction::issue210_publication_guard_rejects_missing_correction_grant_without_panic ... ok
2026-09-22T23:22:53.3456829Z test budget_checkpoint_tests::source_correction::issue210_revised_narrowing_context_distinguishes_correction_from_checkpoint ... ok
2026-09-22T23:22:54.1786287Z test factory_recovery_loss_tests::issue183_acked_source_correction_loss_terminalizes_exact_recovery ... ok
2026-09-22T23:22:55.0401500Z test factory_recovery_loss_tests::issue183_cleanup_after_missing_started_report_restores_bound_assignment ... ok
2026-09-22T23:22:55.9454794Z test factory_recovery_loss_tests::issue183_foreign_and_replaced_recovery_bindings_are_not_adopted ... ok
2026-09-22T23:22:56.7895601Z test factory_recovery_loss_tests::issue183_item_gate_precedes_loss_rows ... ok
2026-09-22T23:22:57.6190109Z test factory_recovery_loss_tests::issue183_loss_rolls_back_when_factory_transition_cannot_commit ... ok
2026-09-22T23:22:58.5055145Z test factory_recovery_loss_tests::issue183_native_cleanup_restores_exact_source_correction_context ... ok
2026-09-22T23:22:59.4205844Z test factory_recovery_loss_tests::issue183_next_native_recovery_keeps_the_cleaned_lost_source_binding ... ok
2026-09-22T23:23:00.2476190Z test factory_recovery_loss_tests::issue183_ordinary_provider_loss_is_not_a_verification_recovery ... ok
2026-09-22T23:23:01.0243925Z test factory_recovery_loss_tests::issue183_pending_command_and_accepted_claim_are_not_lost ... ok
2026-09-22T23:23:01.8950907Z test factory_recovery_loss_tests::issue183_publication_gate_precedes_loss_rows ... ok
2026-09-22T23:23:03.8272971Z test factory_recovery_loss_tests::issue183_source_correction_grace_expiry_is_atomic_and_epoch_fenced ... ok
2026-09-22T23:23:04.6954919Z test factory_recovery_loss_tests::issue183_terminal_factory_outcomes_are_not_downgraded ... ok
2026-09-22T23:23:05.8341171Z test factory_recovery_loss_tests::issue183_verifier_only_loss_keeps_original_cleanup_seal ... ok
2026-09-22T23:23:06.7132174Z test factory_recovery_loss_tests::issue186_changed_agent_cannot_backfill_missing_assignment ... ok
2026-09-22T23:23:07.6066371Z test factory_recovery_loss_tests::issue186_changed_authorized_fingerprint_cannot_backfill_missing_assignment ... ok
2026-09-22T23:23:08.4792717Z test factory_recovery_loss_tests::issue186_changed_runner_cannot_backfill_missing_assignment ... ok
2026-09-22T23:23:09.3506664Z test factory_recovery_loss_tests::issue186_changed_source_commit_cannot_backfill_missing_assignment ... ok
2026-09-22T23:23:10.2375015Z test factory_recovery_loss_tests::issue186_changed_source_ref_cannot_backfill_missing_assignment ... ok
2026-09-22T23:23:11.1158069Z test factory_recovery_loss_tests::issue186_changed_source_repository_cannot_backfill_missing_assignment ... ok
2026-09-22T23:23:12.0126213Z test factory_recovery_loss_tests::issue186_changed_workspace_root_cannot_backfill_missing_assignment ... ok
2026-09-22T23:23:12.8926269Z test factory_recovery_loss_tests::issue186_completed_receipt_cannot_backfill_missing_assignment ... ok
2026-09-22T23:23:13.7791622Z test factory_recovery_loss_tests::issue186_foreign_factory_item_cannot_backfill_missing_assignment ... ok
2026-09-22T23:23:14.6571748Z test factory_recovery_loss_tests::issue186_foreign_receipt_corp_cannot_backfill_missing_assignment ... ok
2026-09-22T23:23:15.5233119Z test factory_recovery_loss_tests::issue186_foreign_receipt_mission_cannot_backfill_missing_assignment ... ok
2026-09-22T23:23:16.4146641Z test factory_recovery_loss_tests::issue186_foreign_receipt_task_cannot_backfill_missing_assignment ... ok
2026-09-22T23:23:17.2905300Z test factory_recovery_loss_tests::issue186_missing_receipt_cannot_backfill_missing_assignment ... ok
2026-09-22T23:23:18.1620460Z test factory_recovery_loss_tests::issue186_missing_replacement_identity_cannot_backfill_missing_assignment ... ok
2026-09-22T23:23:19.0357187Z test factory_recovery_loss_tests::issue186_missing_resume_parent_cannot_backfill_missing_assignment ... ok
2026-09-22T23:23:19.9306618Z test factory_recovery_loss_tests::issue186_missing_source_tuple_cannot_backfill_missing_assignment ... ok
2026-09-22T23:23:20.7978042Z test factory_recovery_loss_tests::issue186_quarantine_blocks_later_preserved_report_and_first_fingerprint ... ok
2026-09-22T23:23:21.7135674Z test factory_recovery_loss_tests::issue186_quarantine_keeps_existing_fingerprint_after_later_preserved_report ... ok
2026-09-22T23:23:22.5979347Z test factory_recovery_loss_tests::issue186_replaced_receipt_identity_cannot_backfill_missing_assignment ... ok
2026-09-22T23:23:23.4671488Z test factory_recovery_loss_tests::issue186_wrong_receipt_mode_cannot_backfill_missing_assignment ... ok
2026-09-22T23:23:24.3612407Z test factory_recovery_loss_tests::issue186_wrong_source_run_cannot_backfill_missing_assignment ... ok
2026-09-22T23:23:25.2334740Z test factory_run_failure::tests::issue169_active_descendant_rejects_parent_resume_without_lineage_lock_wait ... ok
2026-09-22T23:23:26.2765983Z test factory_run_failure::tests::issue169_all_five_lifecycle_events_take_publication_gate_before_rows ... ok
2026-09-22T23:23:27.3034235Z test factory_run_failure::tests::issue169_all_five_lifecycle_events_take_recovery_gate_before_rows ... ok
2026-09-22T23:23:28.2617163Z test factory_run_failure::tests::issue169_detached_review_artifact_failure_releases_native_retry ... ok
2026-09-22T23:23:29.0566499Z test factory_run_failure::tests::issue169_detached_review_keeps_attached_exact_run_cleanup ... ok
2026-09-22T23:23:30.0209257Z test factory_run_failure::tests::issue169_detached_review_preserves_later_terminal_assignment ... ok
2026-09-22T23:23:30.9840211Z test factory_run_failure::tests::issue169_detached_review_preserves_other_pointer ... ok
2026-09-22T23:23:31.9376439Z test factory_run_failure::tests::issue169_detached_review_preserves_other_provisioning ... ok
2026-09-22T23:23:32.9085704Z test factory_run_failure::tests::issue169_detached_review_preserves_other_running ... ok
2026-09-22T23:23:33.8665123Z test factory_run_failure::tests::issue169_detached_review_preserves_other_starting ... ok
2026-09-22T23:23:34.8189870Z test factory_run_failure::tests::issue169_detached_review_preserves_other_verifying ... ok
2026-09-22T23:23:35.7821171Z test factory_run_failure::tests::issue169_detached_review_preserves_other_waiting_for_approval ... ok
2026-09-22T23:23:36.7346088Z test factory_run_failure::tests::issue169_detached_review_preserves_other_waiting_for_input ... ok
2026-09-22T23:23:37.6974376Z test factory_run_failure::tests::issue169_detached_review_rejects_ambiguous_assignment_order ... ok
2026-09-22T23:23:38.5752547Z test factory_run_failure::tests::issue169_duplicate_late_and_foreign_callbacks_have_no_effect ... ok
2026-09-22T23:23:39.3475265Z test factory_run_failure::tests::issue169_empty_diagnostics_still_persist_a_useful_block ... ok
2026-09-22T23:23:40.1360562Z test factory_run_failure::tests::issue169_exhausted_failure_is_atomic_scoped_and_preserves_evidence ... ok
2026-09-22T23:23:40.9866512Z test factory_run_failure::tests::issue169_failure_rolls_back_all_state_and_events_on_reconciliation_error ... ok
2026-09-22T23:23:41.8909341Z test factory_run_failure::tests::issue169_failures_preserve_accepted_outcomes_and_unrelated_blocks ... ok
2026-09-22T23:23:42.7095739Z test factory_run_failure::tests::issue169_hard_breaker_failure_is_not_retried_or_resumable ... ok
2026-09-22T23:23:43.5485499Z test factory_run_failure::tests::issue169_lease_chain_rejects_changed_authority_or_unproven_revisions ... ok
2026-09-22T23:23:44.5314127Z test factory_run_failure::tests::issue169_native_lease_renewal_preserves_exact_failure_origin_through_resume ... ok
2026-09-22T23:23:45.5040773Z test factory_run_failure::tests::issue169_native_resume_does_not_clear_stale_version_or_policy_block ... ok
2026-09-22T23:23:46.3996906Z test factory_run_failure::tests::issue169_native_resume_joins_existing_gate_order ... ok
2026-09-22T23:23:47.3200688Z test factory_run_failure::tests::issue169_native_resume_preserves_authorization_budgets_and_protected_outcomes ... ok
2026-09-22T23:23:48.1499265Z test factory_run_failure::tests::issue169_native_resume_requires_exact_origin_run_and_preserves_other_failure ... ok
2026-09-22T23:23:49.1230535Z test factory_run_failure::tests::issue169_native_same_run_resume_reaches_verified_without_rewriting_history ... ok
2026-09-22T23:23:49.9272559Z test factory_run_failure::tests::issue169_nonfactory_and_foreign_factory_are_untouched ... ok
2026-09-22T23:23:50.8570278Z test factory_run_failure::tests::issue169_output_and_usage_never_wait_on_factory_gates ... ok
2026-09-22T23:23:51.6971676Z test factory_run_failure::tests::issue169_resume_rejects_accounted_budget_exhaustion ... ok
2026-09-22T23:23:52.7997749Z test factory_run_failure::tests::issue169_resumed_manual_review_retains_authority_and_recovery_lock_order ... ok
2026-09-22T23:23:53.9197900Z test factory_run_failure::tests::issue169_resumed_review_cannot_clear_policy_block_and_obeys_publication_gate ... ok
2026-09-22T23:23:54.7273269Z test factory_run_failure::tests::issue169_retryable_failure_retains_running_factory_and_retry_budget ... ok
2026-09-22T23:23:55.5106744Z test factory_run_failure::tests::issue169_superseded_active_callback_cannot_fail_newer_assignment ... ok
2026-09-22T23:23:56.3060625Z test finished_review_tests::issue265_finished_review_survives_grace_expiry_with_epoch_fencing ... ok
2026-09-22T23:23:57.1621552Z test finished_review_tests::issue265_finished_review_survives_reconnect_and_keeps_independent_decision ... ok
2026-09-22T23:23:58.1221906Z test finished_review_tests::issue265_incomplete_or_unsafe_review_still_follows_native_loss ... ok
2026-09-22T23:23:58.9336340Z test finished_review_tests::issue265_later_teardown_uncertainty_prevents_finished_review_exception ... ok
2026-09-22T23:23:59.8190963Z test mission_context_tests::issue199_context_denies_unknown_and_nonhuman_actors ... ok
2026-09-22T23:24:00.7755886Z test mission_context_tests::issue199_context_is_scoped_to_corp_and_mission_room ... ok
2026-09-22T23:24:01.6597582Z test mission_context_tests::issue199_context_rechecks_membership_removal ... ok
2026-09-22T23:24:02.5753580Z test mission_context_tests::issue199_context_rechecks_role_removal ... ok
2026-09-22T23:24:03.4489506Z test mission_context_tests::issue199_context_returns_none_for_absent_mission ... ok
2026-09-22T23:24:04.3303902Z test mission_context_tests::issue199_cross_corp_factory_link_is_none_not_direct ... ok
2026-09-22T23:24:05.2595435Z test mission_context_tests::issue199_current_human_operator_roles_read_both_origins ... ok
2026-09-22T23:24:06.1896039Z test mission_context_tests::issue199_direct_and_factory_context_deny_guests_and_spectators ... ok
2026-09-22T23:24:07.0268182Z test mission_context_tests::issue199_direct_context_uses_native_creation_and_exact_fields ... ok
2026-09-22T23:24:07.8789447Z test mission_context_tests::issue199_factory_context_excludes_private_metadata ... ok
2026-09-22T23:24:08.6970169Z test mission_context_tests::issue199_factory_context_uses_native_materialization_and_exact_fields ... ok
2026-09-22T23:24:09.9304255Z test mission_context_tests::issue199_factory_origin_survives_501_newer_snapshot_items ... ok
2026-09-22T23:24:12.5496326Z test staffing::tests::issue171_all_other_native_active_run_statuses_block_reactivation ... ok
2026-09-22T23:24:13.9663652Z test staffing::tests::issue171_committed_reactivation_survives_transient_scheduling_failure ... ok
2026-09-22T23:24:15.8004956Z test staffing::tests::issue171_concurrent_cancellation_or_assignment_is_not_overwritten ... ok
2026-09-22T23:24:17.2908430Z test staffing::tests::issue171_concurrent_reconciliation_consumes_one_retirement_once ... ok
2026-09-22T23:24:18.6179885Z test staffing::tests::issue171_consumed_reactivation_key_cannot_clear_retirement ... ok
2026-09-22T23:24:20.7367434Z test staffing::tests::issue171_control_leases_and_all_queued_message_states_are_preserved ... ok
2026-09-22T23:24:22.1090544Z test staffing::tests::issue171_event_failure_rolls_back_retirement_clear_and_history ... ok
2026-09-22T23:24:27.1898380Z test staffing::tests::issue171_exact_native_retirement_provenance_is_required ... ok
2026-09-22T23:24:31.8275539Z test staffing::tests::issue171_held_terminal_and_exhausted_task_boundaries ... ok
2026-09-22T23:24:33.4463295Z test staffing::tests::issue171_later_unknown_or_manual_retirement_never_adopts_old_origin ... ok
2026-09-22T23:24:35.3062484Z test staffing::tests::issue171_locked_mission_or_agent_is_skipped_and_rechecked_next_tick ... ok
2026-09-22T23:24:36.8504920Z test staffing::tests::issue171_native_retirement_resume_reopen_selects_only_integration ... ok
2026-09-22T23:24:38.7125750Z test staffing::tests::issue171_pending_approvals_and_commands_are_preserved ... ok
2026-09-22T23:24:40.0653090Z test staffing::tests::issue171_pending_work_reactivation_does_not_bypass_dependencies ... ok
2026-09-22T23:24:41.8393427Z test staffing::tests::issue171_reconciliation_is_bounded_to_one_hundred_workers_per_tick ... ok
2026-09-22T23:24:43.2003509Z test staffing::tests::issue171_replayed_or_ambiguous_retirement_generation_fails_closed ... ok
2026-09-22T23:24:44.5657422Z test staffing::tests::issue171_teardown_uncertainty_requires_later_same_run_termination ... ok
2026-09-22T23:24:47.4485210Z test staffing::tests::issue171_worker_ownership_pinning_status_and_pointer_boundaries ... ok
2026-09-22T23:24:48.3440656Z test steering_lock_tests::issue223_authority_replay_and_queued_delivery ... ok
2026-09-22T23:24:49.2377424Z test steering_lock_tests::issue223_changed_destination_rolls_back ... ok
2026-09-22T23:24:50.1575824Z test steering_lock_tests::issue223_late_run_is_not_steered_without_its_lock ... ok
2026-09-22T23:24:51.0509806Z test steering_lock_tests::issue223_lease_rotation_while_waiting_rejects_stale_token ... ok
2026-09-22T23:24:51.9443250Z test steering_lock_tests::issue223_membership_revocation_rejects_waiting_message ... ok
2026-09-22T23:24:52.7669579Z test steering_lock_tests::issue223_message_failure_rolls_back_already_inserted_command ... ok
2026-09-22T23:24:53.6831055Z test steering_lock_tests::issue223_replay_retains_original_destination_across_replacement ... ok
2026-09-22T23:24:54.6005072Z test steering_lock_tests::issue223_retirement_while_waiting_rejects_grant ... ok
2026-09-22T23:24:55.4547094Z test steering_lock_tests::issue223_stale_assignment_rejected_and_usage_output_preserved ... ok
2026-09-22T23:24:56.4573631Z test steering_lock_tests::issue223_steering_and_status_complete_under_observed_contention ... ok
2026-09-22T23:24:57.2447343Z test terminal_accounting::tests::issue193_active_termination_validates_without_changing_projection ... ok
2026-09-22T23:24:58.0573529Z test terminal_accounting::tests::issue193_event_failure_rolls_back_everything ... ok
2026-09-22T23:24:58.8745145Z test terminal_accounting::tests::issue193_foreign_assignment_dimensions_never_append ... ok
2026-09-22T23:24:59.7640653Z test terminal_accounting::tests::issue193_invalid_terminal_payloads_never_append ... ok
2026-09-22T23:25:00.5881216Z test terminal_accounting::tests::issue193_legacy_start_evidence_binds_adapter_not_current_agent_config ... ok
2026-09-22T23:25:01.4080487Z test terminal_accounting::tests::issue193_missing_ambiguous_or_conflicting_adapter_authority_is_rejected ... ok
2026-09-22T23:25:02.2399563Z test terminal_accounting::tests::issue193_native_failure_accepts_only_append_only_termination ... ok
2026-09-22T23:25:03.1057516Z test terminal_accounting::tests::issue193_other_assignment_pointer_and_all_active_states_remain_untouched ... ok
2026-09-22T23:25:03.9357988Z test terminal_accounting::tests::issue193_protected_terminal_states_and_quarantine_never_change ... ok
2026-09-22T23:25:04.7969735Z test terminal_accounting::tests::issue193_terminal_progress_remains_rejected ... ok
2026-09-22T23:25:05.2915438Z test tests::dependency_artifacts_bind_recovered_parent_and_reject_invalid_metadata ... ok
2026-09-22T23:25:05.5942554Z test tests::dependency_artifacts_follow_multiple_recoveries_without_stale_or_cyclic_fallback ... ok
2026-09-22T23:25:05.8944418Z test tests::predispatch_failure_blocks_factory_atomically_and_replays_without_effects ... ok
2026-09-22T23:25:06.2489791Z test tests::predispatch_failure_cleans_new_resumes_without_downgrading_factory_outcomes ... ok
2026-09-22T23:25:06.5972384Z test tests::predispatch_failure_fences_terminal_started_newer_and_foreign_work ... ok
2026-09-22T23:25:06.8904837Z test tests::predispatch_failure_never_mutates_another_corps_factory ... ok
2026-09-22T23:25:07.1883386Z test tests::predispatch_failure_repairs_legacy_state_without_rewriting_failure_history ... ok
2026-09-22T23:25:07.4847869Z test tests::predispatch_failure_rolls_back_every_projection_when_factory_update_fails ... ok
2026-09-22T23:25:07.8273782Z test tests::predispatch_failure_takes_publication_gate_before_row_locks ... ok
2026-09-22T23:25:08.1711442Z test tests::predispatch_failure_takes_recovery_gate_before_row_locks ... ok
2026-09-22T23:25:09.1376682Z test workspace_connections_tests::factory_connections::attempt_policy::issue224_attempt_policy_rejections_preserve_preflight_and_claimed_ledgers ... ok
2026-09-22T23:25:10.0196730Z test workspace_connections_tests::factory_connections::attempt_policy::issue224_explicit_attempt_policy_preflight_materialization_and_replay ... ok
2026-09-22T23:25:10.9329758Z test workspace_connections_tests::factory_connections::attempt_policy::issue224_legacy_attempt_omission_replays_without_retrospective_override ... ok
2026-09-22T23:25:11.7806979Z test workspace_connections_tests::factory_connections::cost_policy::issue79_invalid_cost_claims_and_preflight_leave_all_ledgers_unchanged ... ok
2026-09-22T23:25:12.7664976Z test workspace_connections_tests::factory_connections::cost_policy::issue79_legacy_invalid_claim_reconciles_once_with_audit_and_no_policy_rewrite ... ok
2026-09-22T23:25:13.6267489Z test workspace_connections_tests::factory_connections::cost_policy::issue79_legacy_reconciliation_is_atomic_and_competing_requests_emit_one_failure ... ok
2026-09-22T23:25:14.4774614Z test workspace_connections_tests::factory_connections::cost_policy::issue79_materialized_history_is_not_revalidated_or_rewritten_on_reclaim ... ok
2026-09-22T23:25:15.4215254Z test workspace_connections_tests::factory_connections::cost_policy::issue79_valid_small_and_max_costs_materialize_without_budget_or_attempt_changes ... ok
2026-09-22T23:25:16.3588198Z test workspace_connections_tests::factory_connections::issue204_authorized_claim_and_both_materialization_replays_survive_offline_connection ... ok
2026-09-22T23:25:17.3257331Z test workspace_connections_tests::factory_connections::issue204_both_materialization_replays_reject_revoked_mission_room ... ok
2026-09-22T23:25:18.2492947Z test workspace_connections_tests::factory_connections::issue204_both_materialization_replays_require_current_human_operator ... ok
2026-09-22T23:25:19.0990723Z test workspace_connections_tests::factory_connections::issue204_factory_binding_cannot_be_removed_substituted_or_injected ... ok
2026-09-22T23:25:19.9598709Z test workspace_connections_tests::factory_connections::issue204_factory_claim_and_materialization_replay_preserve_original_binding ... ok
2026-09-22T23:25:20.8533237Z test workspace_connections_tests::factory_connections::issue204_factory_claim_rejects_unknown_foreign_and_other_room_connections ... ok
2026-09-22T23:25:21.7085394Z test workspace_connections_tests::factory_connections::issue204_factory_claim_replay_and_reclaim_recheck_room_authority ... ok
2026-09-22T23:25:22.5455302Z test workspace_connections_tests::factory_connections::issue204_factory_late_failure_rolls_back_connection_bound_graph ... ok
2026-09-22T23:25:23.4032942Z test workspace_connections_tests::factory_connections::issue204_factory_materialization_rechecks_connection_readiness ... ok
2026-09-22T23:25:24.2440781Z test workspace_connections_tests::factory_connections::issue204_factory_materialization_rejects_source_changed_after_claim ... ok
2026-09-22T23:25:25.0962158Z test workspace_connections_tests::factory_connections::issue204_factory_preflight_rechecks_current_actor_corp_and_room ... ok
2026-09-22T23:25:25.9162184Z test workspace_connections_tests::factory_connections::issue204_factory_uses_connection_room_not_oldest_room ... ok
2026-09-22T23:25:26.7032770Z test workspace_connections_tests::factory_connections::issue204_legacy_unbound_factory_materialization_remains_compatible ... ok
2026-09-22T23:25:27.5773983Z test workspace_connections_tests::factory_connections::issue204_preflight_materialization_and_run_retain_claimed_connection ... ok
2026-09-22T23:25:28.4363332Z test workspace_connections_tests::issue198_checks_use_saved_configuration_and_sign_in_stays_owner_bound ... ok
2026-09-22T23:25:29.3129586Z test workspace_connections_tests::issue198_connections_enforce_actor_room_and_corp_isolation ... ok
2026-09-22T23:25:30.1922523Z test workspace_connections_tests::issue198_create_check_and_report_roll_back_on_late_event_failure ... ok
2026-09-22T23:25:31.0145793Z test workspace_connections_tests::issue198_create_replay_normalizes_and_rejects_changed_requests ... ok
2026-09-22T23:25:31.8640290Z test workspace_connections_tests::issue198_duplicate_reports_do_not_duplicate_events_or_replace_terminal_results ... ok
2026-09-22T23:25:32.8362252Z test workspace_connections_tests::issue198_native_plan_and_run_retain_connection_room_source_and_machine ... ok
2026-09-22T23:25:33.6770220Z test workspace_connections_tests::issue198_native_setup_requires_current_human_and_machine_authority ... ok
2026-09-22T23:25:34.5162768Z test workspace_connections_tests::issue198_native_sign_in_input_is_actor_step_and_terminal_fenced ... ok
2026-09-22T23:25:35.3677838Z test workspace_connections_tests::issue198_native_sign_in_input_obeys_instruction_and_operation_expiry ... ok
2026-09-22T23:25:36.1983910Z test workspace_connections_tests::issue198_offline_selection_is_saved_per_actor_without_admitting_a_plan ... ok
2026-09-22T23:25:37.0944024Z test workspace_connections_tests::issue198_run_admission_rechecks_failed_connection_and_changed_source_atomically ... ok
2026-09-22T23:25:37.9316182Z test workspace_connections_tests::issue198_saved_ready_connection_cannot_start_a_run_after_runner_disconnect ... ok
2026-09-22T23:25:38.7320765Z test workspace_connections_tests::issue198_setup_reports_and_delivery_reject_wrong_runner_and_stale_epoch ... ok
2026-09-22T23:25:39.5398018Z test workspace_connections_tests::issue198_shared_connection_does_not_echo_private_native_diagnostics ... ok
2026-09-22T23:25:40.3521119Z test workspace_connections_tests::issue198_sign_in_and_catalogue_are_private_but_connection_events_are_redacted ... ok
2026-09-22T23:25:41.2317574Z test workspace_connections_tests::issue198_stale_success_and_expired_checks_cannot_revive_a_newer_failed_connection ... ok
2026-09-22T23:25:42.1168115Z test workspace_connections_tests::issue198_wrong_source_reports_leave_connection_operation_and_events_unchanged ... ok
2026-09-22T23:25:42.1169717Z
2026-09-22T23:25:42.1170188Z failures:
2026-09-22T23:25:42.1170521Z
2026-09-22T23:25:42.1171882Z ---- budget_checkpoint_tests::retained_receipts::issue211_collection_replays_new_receipt_for_latest_failed_checkpoint stdout ----
2026-09-22T23:25:42.1172936Z
2026-09-22T23:25:42.1174486Z thread 'budget_checkpoint_tests::retained_receipts::issue211_collection_replays_new_receipt_for_latest_failed_checkpoint' (18426) panicked at crates/crony-store/src/retained_provider_receipt_tests.rs:266:5:
2026-09-22T23:25:42.1175957Z assertion `left == right` failed
2026-09-22T23:25:42.1176387Z   left: Settled
2026-09-22T23:25:42.1176736Z  right: Pending
2026-09-22T23:25:42.1177371Z note: run with `RUST_BACKTRACE=1` environment variable to display a backtrace
2026-09-22T23:25:42.1177787Z
2026-09-22T23:25:42.1177798Z
2026-09-22T23:25:42.1177901Z failures:
2026-09-22T23:25:42.1178527Z     budget_checkpoint_tests::retained_receipts::issue211_collection_replays_new_receipt_for_latest_failed_checkpoint
2026-09-22T23:25:42.1179297Z
2026-09-22T23:25:42.1179738Z test result: FAILED. 364 passed; 1 failed; 0 ignored; 0 measured; 66 filtered out; finished in 487.33s
2026-09-22T23:25:42.1180398Z
2026-09-22T23:25:42.1185818Z [1m[91merror[0m: test failed, to rerun pass `-p crony-store --lib`
2026-09-22T23:25:42.1206863Z error: process didn't exit successfully: `/home/runner/.rustup/toolchains/1.98.1-x86_64-unknown-linux-gnu/bin/cargo test --tests --manifest-path /home/runner/work/ecorp/ecorp/Cargo.toml --target-dir /home/runner/work/_temp/ecorp-rust-sqlx-coverage-target -p crony-store --locked -- --ignored --test-threads=1` (exit status: 101)
2026-09-22T23:25:42.2218586Z ##[error]Process completed with exit code 1.
2026-09-22T23:25:42.2289822Z Node 20 is being deprecated. This workflow is running with Node 24 by default. If you need to temporarily use Node 20, you can set the ACTIONS_ALLOW_USE_UNSECURE_NODE_VERSION=true environment variable. For more information see: https://github.blog/changelog/2025-09-19-deprecation-of-node-20-on-github-actions-runners/
2026-09-22T23:25:42.2291277Z ##[group]Run actions/upload-artifact@ea165f8d65b6e75b540449e92b4886f43607fa02
2026-09-22T23:25:42.2291660Z with:
2026-09-22T23:25:42.2291863Z   name: rust-sqlx-coverage-linux
2026-09-22T23:25:42.2292108Z   path: coverage/
2026-09-22T23:25:42.2292325Z   if-no-files-found: warn
2026-09-22T23:25:42.2292554Z   retention-days: 14
2026-09-22T23:25:42.2292759Z   compression-level: 6
2026-09-22T23:25:42.2292962Z   overwrite: false
2026-09-22T23:25:42.2293182Z   include-hidden-files: false
2026-09-22T23:25:42.2293404Z env:
2026-09-22T23:25:42.2293874Z   DATABASE_URL: ***127.0.0.1:54329/ecorp_coverage
2026-09-22T23:25:42.2294196Z   PGHOST: 127.0.0.1
2026-09-22T23:25:42.2294398Z   PGPORT: 54329
2026-09-22T23:25:42.2294602Z   PGUSER: ecorp_coverage
2026-09-22T23:25:42.2294829Z   PGPASSWORD: ecorp_coverage
2026-09-22T23:25:42.2295059Z   PGDATABASE: ecorp_coverage
2026-09-22T23:25:42.2295294Z   ECORP_COVERAGE_OWNED_DATABASE: 1
2026-09-22T23:25:42.2295552Z   CARGO_HOME: /home/runner/.cargo
2026-09-22T23:25:42.2295791Z   CARGO_INCREMENTAL: 0
2026-09-22T23:25:42.2296002Z   CARGO_TERM_COLOR: always
2026-09-22T23:25:42.2296214Z ##[endgroup]
2026-09-22T23:25:42.3976301Z (node:23426) [DEP0040] DeprecationWarning: The `punycode` module is deprecated. Please use a userland alternative instead.
2026-09-22T23:25:42.3977973Z (Use `node --trace-deprecation ...` to show where the warning was created)
2026-09-22T23:25:42.4201102Z With the provided path, there will be 9 files uploaded
2026-09-22T23:25:42.4201986Z Artifact name is valid!
2026-09-22T23:25:42.4202435Z Root directory input is valid!
2026-09-22T23:25:42.6337220Z Beginning upload of artifact content to blob storage
2026-09-22T23:25:42.6701186Z (node:23426) [DEP0169] DeprecationWarning: `url.parse()` behavior is not standardized and prone to errors that have security implications. Use the WHATWG URL API instead. CVEs are not issued for `url.parse()` vulnerabilities.
2026-09-22T23:25:42.7225210Z Uploaded bytes 48551
2026-09-22T23:25:42.7408837Z Finished uploading artifact content to blob storage!
2026-09-22T23:25:42.7410643Z SHA256 digest of uploaded artifact zip is 29fb33574f176acf2091f032e8f4f921df44d3c11d7921b5f87052a31adaa670
2026-09-22T23:25:42.7411889Z Finalizing artifact upload
2026-09-22T23:25:42.9296809Z Artifact rust-sqlx-coverage-linux.zip successfully finalized. Artifact ID 10725025144
2026-09-22T23:25:42.9298610Z Artifact rust-sqlx-coverage-linux has been successfully uploaded! Final size is 48551 bytes. Artifact ID is 10725025144
2026-09-22T23:25:42.9320350Z Artifact download URL: https://github.com/All-The-Vibes/ecorp/actions/runs/35796181926/artifacts/10725025144
2026-09-22T23:25:42.9548023Z Post job cleanup.
2026-09-22T23:25:43.0509832Z [command]/usr/bin/git version
2026-09-22T23:25:43.0551122Z git version 2.55.0
2026-09-22T23:25:43.0603500Z Temporarily overriding HOME='/home/runner/work/_temp/10a71982-083a-4618-99f9-8269568f4f98' before making global git config changes
2026-09-22T23:25:43.0605322Z Adding repository directory to the temporary git global config as a safe directory
2026-09-22T23:25:43.0621727Z [command]/usr/bin/git config --global --add safe.directory /home/runner/work/ecorp/ecorp
2026-09-22T23:25:43.0691689Z Removing SSH command configuration
2026-09-22T23:25:43.0700386Z [command]/usr/bin/git config --local --name-only --get-regexp core\.sshCommand
2026-09-22T23:25:43.0740107Z [command]/usr/bin/git submodule foreach --recursive sh -c "git config --local --name-only --get-regexp 'core\.sshCommand' && git config --local --unset-all 'core.sshCommand' || :"
2026-09-22T23:25:43.0993513Z Removing HTTP extra header
2026-09-22T23:25:43.1001397Z [command]/usr/bin/git config --local --name-only --get-regexp http\.https\:\/\/github\.com\/\.extraheader
2026-09-22T23:25:43.1040215Z [command]/usr/bin/git submodule foreach --recursive sh -c "git config --local --name-only --get-regexp 'http\.https\:\/\/github\.com\/\.extraheader' && git config --local --unset-all 'http.https://github.com/.extraheader' || :"
2026-09-22T23:25:43.1288586Z Removing includeIf entries pointing to credentials config files
2026-09-22T23:25:43.1296652Z [command]/usr/bin/git config --local --name-only --get-regexp ^includeIf\.gitdir:
2026-09-22T23:25:43.1337063Z [command]/usr/bin/git submodule foreach --recursive git config --local --show-origin --name-only --get-regexp remote.origin.url
2026-09-22T23:25:43.1720229Z Print service container logs: 8b4786addf8c433881d2add4c6c857f7_postgres17alpinesha25618cfe3ef5e6815560c98237d6216d1e5119702fb0f3894c8785dd58b8bbe5d73_f8aca5
2026-09-22T23:25:43.1725080Z ##[command]/usr/bin/docker logs --details 34a4ab62a6eab70dc2935894aa65fb1b6b225b29a070e10ac30c18c08dbe6b1c
2026-09-22T23:25:43.1854913Z  The files belonging to this database system will be owned by user "postgres".
2026-09-22T23:25:43.1856288Z  This user must also own the server process.
2026-09-22T23:25:43.1857810Z
2026-09-22T23:25:43.1861512Z  sh: locale: not found
2026-09-22T23:25:43.1869665Z  The database cluster will be initialized with locale "en_US.utf8".
2026-09-22T23:25:43.1870841Z  2026-09-22 23:12:35.294 UTC [35] WARNING:  no usable system locales were found
2026-09-22T23:25:43.1871724Z  initdb: warning: enabling "trust" authentication for local connections
2026-09-22T23:25:43.1872736Z  initdb: hint: You can change this by editing pg_hba.conf or using the option -A, or --auth-local and --auth-host, the next time you run initdb.
2026-09-22T23:25:43.1874132Z  2026-09-22 23:12:36.122 UTC [1] LOG:  starting PostgreSQL 17.11 on x86_64-pc-linux-musl, compiled by gcc (Alpine 15.2.0) 15.2.0, 64-bit
2026-09-22T23:25:43.1875249Z  2026-09-22 23:12:36.122 UTC [1] LOG:  listening on IPv4 address "0.0.0.0", port 5432
2026-09-22T23:25:43.1876075Z  2026-09-22 23:12:36.122 UTC [1] LOG:  listening on IPv6 address "::", port 5432
2026-09-22T23:25:43.1876941Z  2026-09-22 23:12:36.123 UTC [1] LOG:  listening on Unix socket "/var/run/postgresql/.s.PGSQL.5432"
2026-09-22T23:25:43.1877887Z  2026-09-22 23:12:36.126 UTC [57] LOG:  database system was shut down at 2026-09-22 23:12:36 UTC
2026-09-22T23:25:43.1878546Z  2026-09-22 23:12:36.130 UTC [1] LOG:  database system is ready to accept connections
2026-09-22T23:25:43.1886054Z  2026-09-22 23:17:35.737 UTC [55] LOG:  checkpoint starting: immediate force wait
2026-09-22T23:25:43.1910029Z  2026-09-22 23:17:35.752 UTC [55] LOG:  checkpoint complete: wrote 110 buffers (0.7%); 1 WAL file(s) added, 0 removed, 0 recycled; write=0.003 s, sync=0.002 s, total=0.016 s; sync files=60, longest=0.001 s, average=0.001 s; distance=6938 kB, estimate=6938 kB; lsn=0/1FE5368, redo lsn=0/1FE5310
2026-09-22T23:25:43.1911405Z  2026-09-22 23:17:36.646 UTC [55] LOG:  checkpoint starting: immediate force wait
2026-09-22T23:25:43.1912675Z  2026-09-22 23:17:36.650 UTC [55] LOG:  checkpoint complete: wrote 8 buffers (0.0%); 0 WAL file(s) added, 0 removed, 1 recycled; write=0.001 s, sync=0.001 s, total=0.004 s; sync files=8, longest=0.001 s, average=0.001 s; distance=6396 kB, estimate=6884 kB; lsn=0/26245E8, redo lsn=0/2624590
2026-09-22T23:25:43.1913943Z  2026-09-22 23:17:37.536 UTC [55] LOG:  checkpoint starting: immediate force wait
2026-09-22T23:25:43.1915188Z  2026-09-22 23:17:37.539 UTC [55] LOG:  checkpoint complete: wrote 7 buffers (0.0%); 0 WAL file(s) added, 0 removed, 0 recycled; write=0.001 s, sync=0.001 s, total=0.004 s; sync files=7, longest=0.001 s, average=0.001 s; distance=6393 kB, estimate=6835 kB; lsn=0/2C62D20, redo lsn=0/2C62CC8
2026-09-22T23:25:43.1916442Z  2026-09-22 23:17:41.391 UTC [55] LOG:  checkpoint starting: immediate force wait
2026-09-22T23:25:43.1917983Z  2026-09-22 23:17:41.394 UTC [55] LOG:  checkpoint complete: wrote 7 buffers (0.0%); 0 WAL file(s) added, 0 removed, 1 recycled; write=0.001 s, sync=0.001 s, total=0.004 s; sync files=7, longest=0.001 s, average=0.001 s; distance=6390 kB, estimate=6790 kB; lsn=0/32A05E8, redo lsn=0/32A0590
2026-09-22T23:25:43.1919587Z  2026-09-22 23:17:42.288 UTC [55] LOG:  checkpoint starting: immediate force wait
2026-09-22T23:25:43.1921127Z  2026-09-22 23:17:42.291 UTC [55] LOG:  checkpoint complete: wrote 7 buffers (0.0%); 0 WAL file(s) added, 0 removed, 0 recycled; write=0.001 s, sync=0.001 s, total=0.003 s; sync files=7, longest=0.001 s, average=0.001 s; distance=6390 kB, estimate=6750 kB; lsn=0/38DE198, redo lsn=0/38DE140
2026-09-22T23:25:43.1922583Z  2026-09-22 23:17:43.469 UTC [55] LOG:  checkpoint starting: immediate force wait
2026-09-22T23:25:43.1923648Z  2026-09-22 23:17:43.471 UTC [55] LOG:  checkpoint complete: wrote 7 buffers (0.0%); 0 WAL file(s) added, 0 removed, 0 recycled; write=0.001 s, sync=0.001 s, total=0.003 s; sync files=7, longest=0.001 s, average=0.001 s; distance=6432 kB, estimate=6719 kB; lsn=0/3F26270, redo lsn=0/3F26218
2026-09-22T23:25:43.1924732Z  2026-09-22 23:17:44.323 UTC [55] LOG:  checkpoint starting: immediate force wait
2026-09-22T23:25:43.1925784Z  2026-09-22 23:17:44.326 UTC [55] LOG:  checkpoint complete: wrote 7 buffers (0.0%); 0 WAL file(s) added, 0 removed, 1 recycled; write=0.001 s, sync=0.001 s, total=0.004 s; sync files=7, longest=0.001 s, average=0.001 s; distance=6391 kB, estimate=6686 kB; lsn=0/45641E8, redo lsn=0/4564190
2026-09-22T23:25:43.1926821Z  2026-09-22 23:17:45.333 UTC [55] LOG:  checkpoint starting: immediate force wait
2026-09-22T23:25:43.1927881Z  2026-09-22 23:17:45.336 UTC [55] LOG:  checkpoint complete: wrote 7 buffers (0.0%); 0 WAL file(s) added, 0 removed, 0 recycled; write=0.001 s, sync=0.001 s, total=0.004 s; sync files=7, longest=0.001 s, average=0.001 s; distance=6430 kB, estimate=6660 kB; lsn=0/4BABBD8, redo lsn=0/4BABB80
2026-09-22T23:25:43.1929346Z  2026-09-22 23:17:46.347 UTC [55] LOG:  checkpoint starting: immediate force wait
2026-09-22T23:25:43.1930408Z  2026-09-22 23:17:46.350 UTC [55] LOG:  checkpoint complete: wrote 7 buffers (0.0%); 0 WAL file(s) added, 0 removed, 1 recycled; write=0.001 s, sync=0.001 s, total=0.004 s; sync files=7, longest=0.001 s, average=0.001 s; distance=6431 kB, estimate=6637 kB; lsn=0/51F3818, redo lsn=0/51F37C0
2026-09-22T23:25:43.1931482Z  2026-09-22 23:17:47.146 UTC [55] LOG:  checkpoint starting: immediate force wait
2026-09-22T23:25:43.1932538Z  2026-09-22 23:17:47.149 UTC [55] LOG:  checkpoint complete: wrote 7 buffers (0.0%); 0 WAL file(s) added, 0 removed, 0 recycled; write=0.001 s, sync=0.001 s, total=0.004 s; sync files=7, longest=0.001 s, average=0.001 s; distance=6394 kB, estimate=6613 kB; lsn=0/5832338, redo lsn=0/58322E0
2026-09-22T23:25:43.1933601Z  2026-09-22 23:17:47.984 UTC [55] LOG:  checkpoint starting: immediate force wait
2026-09-22T23:25:43.1934639Z  2026-09-22 23:17:47.987 UTC [55] LOG:  checkpoint complete: wrote 8 buffers (0.0%); 0 WAL file(s) added, 0 removed, 0 recycled; write=0.001 s, sync=0.001 s, total=0.004 s; sync files=7, longest=0.001 s, average=0.001 s; distance=6397 kB, estimate=6591 kB; lsn=0/5E71750, redo lsn=0/5E716F8
2026-09-22T23:25:43.1935690Z  2026-09-22 23:17:48.892 UTC [55] LOG:  checkpoint starting: immediate force wait
2026-09-22T23:25:43.1936728Z  2026-09-22 23:17:48.895 UTC [55] LOG:  checkpoint complete: wrote 7 buffers (0.0%); 0 WAL file(s) added, 0 removed, 1 recycled; write=0.001 s, sync=0.001 s, total=0.004 s; sync files=7, longest=0.001 s, average=0.001 s; distance=6395 kB, estimate=6572 kB; lsn=0/64B05C8, redo lsn=0/64B0570
2026-09-22T23:25:43.1937756Z  2026-09-22 23:17:49.894 UTC [55] LOG:  checkpoint starting: immediate force wait
2026-09-22T23:25:43.1938794Z  2026-09-22 23:17:49.897 UTC [55] LOG:  checkpoint complete: wrote 7 buffers (0.0%); 0 WAL file(s) added, 0 removed, 0 recycled; write=0.001 s, sync=0.001 s, total=0.004 s; sync files=7, longest=0.001 s, average=0.001 s; distance=6418 kB, estimate=6556 kB; lsn=0/6AF4FD8, redo lsn=0/6AF4F80
2026-09-22T23:25:43.1940243Z  2026-09-22 23:17:50.734 UTC [55] LOG:  checkpoint starting: immediate force wait
2026-09-22T23:25:43.1941295Z  2026-09-22 23:17:50.738 UTC [55] LOG:  checkpoint complete: wrote 7 buffers (0.0%); 0 WAL file(s) added, 0 removed, 1 recycled; write=0.001 s, sync=0.001 s, total=0.004 s; sync files=7, longest=0.001 s, average=0.001 s; distance=6397 kB, estimate=6540 kB; lsn=0/7134458, redo lsn=0/7134400
2026-09-22T23:25:43.1942334Z  2026-09-22 23:17:51.720 UTC [55] LOG:  checkpoint starting: immediate force wait
2026-09-22T23:25:43.1943499Z  2026-09-22 23:17:51.723 UTC [55] LOG:  checkpoint complete: wrote 7 buffers (0.0%); 0 WAL file(s) added, 0 removed, 0 recycled; write=0.001 s, sync=0.001 s, total=0.004 s; sync files=7, longest=0.001 s, average=0.001 s; distance=6419 kB, estimate=6528 kB; lsn=0/7779280, redo lsn=0/7779228
2026-09-22T23:25:43.1944559Z  2026-09-22 23:17:52.784 UTC [55] LOG:  checkpoint starting: immediate force wait
2026-09-22T23:25:43.1945652Z  2026-09-22 23:17:52.787 UTC [55] LOG:  checkpoint complete: wrote 7 buffers (0.0%); 0 WAL file(s) added, 0 removed, 0 recycled; write=0.001 s, sync=0.001 s, total=0.004 s; sync files=7, longest=0.001 s, average=0.001 s; distance=6399 kB, estimate=6515 kB; lsn=0/7DB8F88, redo lsn=0/7DB8F30
2026-09-22T23:25:43.1946720Z  2026-09-22 23:17:53.613 UTC [55] LOG:  checkpoint starting: immediate force wait
2026-09-22T23:25:43.1947772Z  2026-09-22 23:17:53.616 UTC [55] LOG:  checkpoint complete: wrote 7 buffers (0.0%); 0 WAL file(s) added, 0 removed, 1 recycled; write=0.001 s, sync=0.001 s, total=0.004 s; sync files=7, longest=0.001 s, average=0.001 s; distance=6399 kB, estimate=6504 kB; lsn=0/83F8E70, redo lsn=0/83F8E18
2026-09-22T23:25:43.1948824Z  2026-09-22 23:17:54.435 UTC [55] LOG:  checkpoint starting: immediate force wait
2026-09-22T23:25:43.1951112Z  2026-09-22 23:17:54.437 UTC [55] LOG:  checkpoint complete: wrote 7 buffers (0.0%); 0 WAL file(s) added, 0 removed, 0 recycled; write=0.001 s, sync=0.001 s, total=0.003 s; sync files=7, longest=0.001 s, average=0.001 s; distance=6391 kB, estimate=6492 kB; lsn=0/8A36C10, redo lsn=0/8A36BB8
2026-09-22T23:25:43.1952924Z  2026-09-22 23:17:55.342 UTC [55] LOG:  checkpoint starting: immediate force wait
2026-09-22T23:25:43.1954711Z  2026-09-22 23:17:55.347 UTC [55] LOG:  checkpoint complete: wrote 7 buffers (0.0%); 0 WAL file(s) added, 0 removed, 1 recycled; write=0.001 s, sync=0.001 s, total=0.005 s; sync files=7, longest=0.001 s, average=0.001 s; distance=6408 kB, estimate=6484 kB; lsn=0/9078C98, redo lsn=0/9078C40
2026-09-22T23:25:43.1956360Z  2026-09-22 23:17:56.396 UTC [55] LOG:  checkpoint starting: immediate force wait
2026-09-22T23:25:43.1958100Z  2026-09-22 23:17:56.399 UTC [55] LOG:  checkpoint complete: wrote 7 buffers (0.0%); 0 WAL file(s) added, 0 removed, 0 recycled; write=0.001 s, sync=0.001 s, total=0.003 s; sync files=7, longest=0.001 s, average=0.001 s; distance=6404 kB, estimate=6476 kB; lsn=0/96B9D60, redo lsn=0/96B9D08
2026-09-22T23:25:43.1960292Z  2026-09-22 23:17:57.367 UTC [55] LOG:  checkpoint starting: immediate force wait
2026-09-22T23:25:43.1962114Z  2026-09-22 23:17:57.370 UTC [55] LOG:  checkpoint complete: wrote 7 buffers (0.0%); 0 WAL file(s) added, 0 removed, 0 recycled; write=0.001 s, sync=0.001 s, total=0.003 s; sync files=7, longest=0.001 s, average=0.001 s; distance=6407 kB, estimate=6469 kB; lsn=0/9CFBC40, redo lsn=0/9CFBBE8
2026-09-22T23:25:43.1963928Z  2026-09-22 23:17:58.318 UTC [55] LOG:  checkpoint starting: immediate force wait
2026-09-22T23:25:43.1965686Z  2026-09-22 23:17:58.322 UTC [55] LOG:  checkpoint complete: wrote 7 buffers (0.0%); 0 WAL file(s) added, 0 removed, 1 recycled; write=0.001 s, sync=0.001 s, total=0.004 s; sync files=7, longest=0.001 s, average=0.001 s; distance=6411 kB, estimate=6463 kB; lsn=0/A33EB20, redo lsn=0/A33EAC8
2026-09-22T23:25:43.1967081Z  2026-09-22 23:17:59.469 UTC [55] LOG:  checkpoint starting: immediate force wait
2026-09-22T23:25:43.1968393Z  2026-09-22 23:17:59.472 UTC [55] LOG:  checkpoint complete: wrote 7 buffers (0.0%); 0 WAL file(s) added, 0 removed, 0 recycled; write=0.001 s, sync=0.001 s, total=0.004 s; sync files=7, longest=0.001 s, average=0.001 s; distance=6413 kB, estimate=6458 kB; lsn=0/A981F68, redo lsn=0/A981F10
2026-09-22T23:25:43.1969868Z  2026-09-22 23:18:00.394 UTC [55] LOG:  checkpoint starting: immediate force wait
2026-09-22T23:25:43.1971066Z  2026-09-22 23:18:00.396 UTC [55] LOG:  checkpoint complete: wrote 7 buffers (0.0%); 0 WAL file(s) added, 0 removed, 0 recycled; write=0.001 s, sync=0.001 s, total=0.003 s; sync files=7, longest=0.001 s, average=0.001 s; distance=6407 kB, estimate=6453 kB; lsn=0/AFC3F60, redo lsn=0/AFC3F08
2026-09-22T23:25:43.1972362Z  2026-09-22 23:18:01.342 UTC [1315] FATAL:  terminating autovacuum process due to administrator command
2026-09-22T23:25:43.1972930Z  2026-09-22 23:18:01.444 UTC [55] LOG:  checkpoint starting: immediate force wait
2026-09-22T23:25:43.1973976Z  2026-09-22 23:18:01.447 UTC [55] LOG:  checkpoint complete: wrote 7 buffers (0.0%); 0 WAL file(s) added, 0 removed, 1 recycled; write=0.001 s, sync=0.001 s, total=0.004 s; sync files=7, longest=0.001 s, average=0.001 s; distance=6433 kB, estimate=6451 kB; lsn=0/B60C368, redo lsn=0/B60C310
2026-09-22T23:25:43.1975013Z  2026-09-22 23:18:02.395 UTC [55] LOG:  checkpoint starting: immediate force wait
2026-09-22T23:25:43.1976046Z  2026-09-22 23:18:02.398 UTC [55] LOG:  checkpoint complete: wrote 7 buffers (0.0%); 0 WAL file(s) added, 0 removed, 0 recycled; write=0.001 s, sync=0.001 s, total=0.004 s; sync files=7, longest=0.001 s, average=0.001 s; distance=6433 kB, estimate=6449 kB; lsn=0/BC54908, redo lsn=0/BC548B0
2026-09-22T23:25:43.1977114Z  2026-09-22 23:18:03.322 UTC [55] LOG:  checkpoint starting: immediate force wait
2026-09-22T23:25:43.1978161Z  2026-09-22 23:18:03.325 UTC [55] LOG:  checkpoint complete: wrote 7 buffers (0.0%); 0 WAL file(s) added, 0 removed, 1 recycled; write=0.001 s, sync=0.001 s, total=0.003 s; sync files=7, longest=0.001 s, average=0.001 s; distance=6409 kB, estimate=6445 kB; lsn=0/C296F88, redo lsn=0/C296F30
2026-09-22T23:25:43.1979401Z  2026-09-22 23:18:04.105 UTC [1335] ERROR:  fixture command failure
2026-09-22T23:25:43.1979896Z  2026-09-22 23:18:04.105 UTC [1335] CONTEXT:  PL/pgSQL function fail_breaker56() line 2 at RAISE
2026-09-22T23:25:43.1980402Z  2026-09-22 23:18:04.105 UTC [1335] STATEMENT:  INSERT INTO runner_commands
2026-09-22T23:25:43.1980866Z  	            (id,corp_id,runner_id,run_id,command_kind,payload,idempotency_key)
2026-09-22T23:25:43.1981255Z  	            VALUES($1,$2,$3,$4,$5,$6,$7)
2026-09-22T23:25:43.1981626Z  2026-09-22 23:18:04.151 UTC [55] LOG:  checkpoint starting: immediate force wait
2026-09-22T23:25:43.1982716Z  2026-09-22 23:18:04.154 UTC [55] LOG:  checkpoint complete: wrote 7 buffers (0.0%); 0 WAL file(s) added, 0 removed, 0 recycled; write=0.001 s, sync=0.001 s, total=0.003 s; sync files=7, longest=0.001 s, average=0.001 s; distance=6401 kB, estimate=6441 kB; lsn=0/C8D7738, redo lsn=0/C8D76E0
2026-09-22T23:25:43.1983783Z  2026-09-22 23:18:05.072 UTC [55] LOG:  checkpoint starting: immediate force wait
2026-09-22T23:25:43.1984828Z  2026-09-22 23:18:05.075 UTC [55] LOG:  checkpoint complete: wrote 8 buffers (0.0%); 0 WAL file(s) added, 0 removed, 0 recycled; write=0.001 s, sync=0.001 s, total=0.004 s; sync files=7, longest=0.001 s, average=0.001 s; distance=6410 kB, estimate=6438 kB; lsn=0/CF19FA8, redo lsn=0/CF19F50
2026-09-22T23:25:43.1985865Z  2026-09-22 23:18:05.943 UTC [1353] ERROR:  issue206 fixture journal failure
2026-09-22T23:25:43.1986392Z  2026-09-22 23:18:05.943 UTC [1353] CONTEXT:  PL/pgSQL function issue206_fail_journal() line 3 at RAISE
2026-09-22T23:25:43.1986870Z  2026-09-22 23:18:05.943 UTC [1353] STATEMENT:
2026-09-22T23:25:43.1987154Z  	        INSERT INTO events
2026-09-22T23:25:43.1987511Z  	            (id, schema_version, corp_id, room_id, actor_id, type, aggregate_type,
2026-09-22T23:25:43.1987980Z  	             aggregate_id, aggregate_version, correlation_id, causation_id,
2026-09-22T23:25:43.1988509Z  	             idempotency_key, visibility, payload)
2026-09-22T23:25:43.1989065Z  	        VALUES ($1, 1, $2, $3, $4, $5, $6, $7, $8, $9, $10, $11, $12, $13)
2026-09-22T23:25:43.1989460Z  	        ON CONFLICT (corp_id, idempotency_key) DO NOTHING
2026-09-22T23:25:43.1989879Z  	        RETURNING seq, id, schema_version, corp_id, room_id, actor_id, type,
2026-09-22T23:25:43.1990348Z  	                  aggregate_type, aggregate_id, aggregate_version, correlation_id,
2026-09-22T23:25:43.1990818Z  	                  causation_id, idempotency_key, visibility, payload, created_at
2026-09-22T23:25:43.1991172Z
2026-09-22T23:25:43.1991472Z  2026-09-22 23:18:05.988 UTC [55] LOG:  checkpoint starting: immediate force wait
2026-09-22T23:25:43.1992667Z  2026-09-22 23:18:05.992 UTC [55] LOG:  checkpoint complete: wrote 7 buffers (0.0%); 0 WAL file(s) added, 0 removed, 1 recycled; write=0.001 s, sync=0.001 s, total=0.004 s; sync files=7, longest=0.001 s, average=0.001 s; distance=6415 kB, estimate=6435 kB; lsn=0/D55DC50, redo lsn=0/D55DBF8
2026-09-22T23:25:43.1993731Z  2026-09-22 23:18:06.869 UTC [55] LOG:  checkpoint starting: immediate force wait
2026-09-22T23:25:43.1994783Z  2026-09-22 23:18:06.872 UTC [55] LOG:  checkpoint complete: wrote 7 buffers (0.0%); 0 WAL file(s) added, 0 removed, 0 recycled; write=0.001 s, sync=0.001 s, total=0.004 s; sync files=7, longest=0.001 s, average=0.001 s; distance=6411 kB, estimate=6433 kB; lsn=0/DBA0A00, redo lsn=0/DBA09A8
2026-09-22T23:25:43.1995826Z  2026-09-22 23:18:07.742 UTC [55] LOG:  checkpoint starting: immediate force wait
2026-09-22T23:25:43.1996914Z  2026-09-22 23:18:07.745 UTC [55] LOG:  checkpoint complete: wrote 7 buffers (0.0%); 0 WAL file(s) added, 0 removed, 1 recycled; write=0.001 s, sync=0.001 s, total=0.004 s; sync files=7, longest=0.001 s, average=0.001 s; distance=6412 kB, estimate=6431 kB; lsn=0/E1E3DD0, redo lsn=0/E1E3D78
2026-09-22T23:25:43.1997978Z  2026-09-22 23:18:08.629 UTC [55] LOG:  checkpoint starting: immediate force wait
2026-09-22T23:25:43.1999285Z  2026-09-22 23:18:08.631 UTC [55] LOG:  checkpoint complete: wrote 7 buffers (0.0%); 0 WAL file(s) added, 0 removed, 0 recycled; write=0.001 s, sync=0.001 s, total=0.003 s; sync files=7, longest=0.001 s, average=0.001 s; distance=6413 kB, estimate=6429 kB; lsn=0/E8272E0, redo lsn=0/E827288
2026-09-22T23:25:43.2000345Z  2026-09-22 23:18:09.480 UTC [55] LOG:  checkpoint starting: immediate force wait
2026-09-22T23:25:43.2001414Z  2026-09-22 23:18:09.483 UTC [55] LOG:  checkpoint complete: wrote 7 buffers (0.0%); 0 WAL file(s) added, 0 removed, 0 recycled; write=0.001 s, sync=0.001 s, total=0.003 s; sync files=7, longest=0.001 s, average=0.001 s; distance=6413 kB, estimate=6427 kB; lsn=0/EE6A6F0, redo lsn=0/EE6A698
2026-09-22T23:25:43.2002485Z  2026-09-22 23:18:10.385 UTC [55] LOG:  checkpoint starting: immediate force wait
2026-09-22T23:25:43.2003533Z  2026-09-22 23:18:10.388 UTC [55] LOG:  checkpoint complete: wrote 7 buffers (0.0%); 0 WAL file(s) added, 0 removed, 1 recycled; write=0.001 s, sync=0.001 s, total=0.003 s; sync files=7, longest=0.001 s, average=0.001 s; distance=6415 kB, estimate=6426 kB; lsn=0/F4AE360, redo lsn=0/F4AE308
2026-09-22T23:25:43.2004610Z  2026-09-22 23:18:11.370 UTC [55] LOG:  checkpoint starting: immediate force wait
2026-09-22T23:25:43.2005659Z  2026-09-22 23:18:11.372 UTC [55] LOG:  checkpoint complete: wrote 7 buffers (0.0%); 0 WAL file(s) added, 0 removed, 0 recycled; write=0.001 s, sync=0.001 s, total=0.003 s; sync files=7, longest=0.001 s, average=0.001 s; distance=6428 kB, estimate=6428 kB; lsn=0/FAF5478, redo lsn=0/FAF5420
2026-09-22T23:25:43.2006703Z  2026-09-22 23:18:12.281 UTC [55] LOG:  checkpoint starting: immediate force wait
2026-09-22T23:25:43.2007764Z  2026-09-22 23:18:12.285 UTC [55] LOG:  checkpoint complete: wrote 7 buffers (0.0%); 0 WAL file(s) added, 0 removed, 1 recycled; write=0.001 s, sync=0.001 s, total=0.004 s; sync files=7, longest=0.001 s, average=0.001 s; distance=6418 kB, estimate=6427 kB; lsn=0/10139DE8, redo lsn=0/10139D90
2026-09-22T23:25:43.2009203Z  2026-09-22 23:18:13.263 UTC [55] LOG:  checkpoint starting: immediate force wait
2026-09-22T23:25:43.2010281Z  2026-09-22 23:18:13.267 UTC [55] LOG:  checkpoint complete: wrote 7 buffers (0.0%); 0 WAL file(s) added, 0 removed, 0 recycled; write=0.001 s, sync=0.001 s, total=0.005 s; sync files=7, longest=0.001 s, average=0.001 s; distance=6409 kB, estimate=6425 kB; lsn=0/1077C4A0, redo lsn=0/1077C448
2026-09-22T23:25:43.2011404Z  2026-09-22 23:18:14.160 UTC [1428] ERROR:  could not obtain lock on row in relation "actors"
2026-09-22T23:25:43.2012041Z  2026-09-22 23:18:14.160 UTC [1428] STATEMENT:  SELECT id FROM actors WHERE corp_id=$1 AND id=$2 FOR NO KEY UPDATE NOWAIT
2026-09-22T23:25:43.2012757Z  2026-09-22 23:18:14.266 UTC [55] LOG:  checkpoint starting: immediate force wait
2026-09-22T23:25:43.2013823Z  2026-09-22 23:18:14.269 UTC [55] LOG:  checkpoint complete: wrote 7 buffers (0.0%); 0 WAL file(s) added, 0 removed, 0 recycled; write=0.001 s, sync=0.001 s, total=0.003 s; sync files=7, longest=0.001 s, average=0.001 s; distance=6412 kB, estimate=6424 kB; lsn=0/10DBF728, redo lsn=0/10DBF6D0
2026-09-22T23:25:43.2014879Z  2026-09-22 23:18:18.097 UTC [55] LOG:  checkpoint starting: immediate force wait
2026-09-22T23:25:43.2015935Z  2026-09-22 23:18:18.100 UTC [55] LOG:  checkpoint complete: wrote 7 buffers (0.0%); 0 WAL file(s) added, 0 removed, 1 recycled; write=0.001 s, sync=0.001 s, total=0.004 s; sync files=7, longest=0.001 s, average=0.001 s; distance=6697 kB, estimate=6697 kB; lsn=0/11449E10, redo lsn=0/11449DB8
2026-09-22T23:25:43.2016987Z  2026-09-22 23:18:20.461 UTC [55] LOG:  checkpoint starting: immediate force wait
2026-09-22T23:25:43.2018062Z  2026-09-22 23:18:20.464 UTC [55] LOG:  checkpoint complete: wrote 7 buffers (0.0%); 0 WAL file(s) added, 0 removed, 0 recycled; write=0.001 s, sync=0.001 s, total=0.003 s; sync files=7, longest=0.001 s, average=0.001 s; distance=6558 kB, estimate=6683 kB; lsn=0/11AB18E0, redo lsn=0/11AB1888
2026-09-22T23:25:43.2019750Z  2026-09-22 23:18:22.660 UTC [1474] ERROR:  new row for relation "factory_verification_recoveries" violates check constraint "factory_checkpoint_authority_check"
2026-09-22T23:25:43.2022859Z  2026-09-22 23:18:22.660 UTC [1474] DETAIL:  Failing row contains (9eb576ae-d289-4df0-8b01-fc1694e55863, 00000000-0000-0000-0000-000000000001, 00000000-0000-0000-0000-000000000007, 00000000-0000-0000-0000-000000000002, 00000000-0000-0000-0000-000000000003, 04cab14f-20dd-44e6-b14e-60d0e07c32cd, e1d6a796-e4de-424d-9f35-20eeee9e305d, checkpoint_verification, completed, 00000000-0000-0000-0000-000000000009, Verify the saved source without a model, 6b3a5f04-e464-4526-b37c-3dce166d2795, revision-1, {"issue_number": 148, "source_revision": "revision-1"}, null, {"checks": [{"path": "result.md", "type": "file", "min_bytes": 1..., {"checks": [{"path": "result.md", "type": "file", "min_bytes": 1..., {"mode": "checkpoint_verification", "reason": "Verify the saved ..., 2026-09-22 23:18:21.828002+00, 2026-09-22 23:18:22.609543+00, null, null).
2026-09-22T23:25:43.2025802Z  2026-09-22 23:18:22.660 UTC [1474] STATEMENT:  UPDATE factory_verification_recoveries SET checkpoint_authority=NULL
2026-09-22T23:25:43.2026310Z  	         WHERE corp_id=$1 AND id=$2
2026-09-22T23:25:43.2026663Z  2026-09-22 23:18:23.875 UTC [55] LOG:  checkpoint starting: immediate force wait
2026-09-22T23:25:43.2027749Z  2026-09-22 23:18:23.878 UTC [55] LOG:  checkpoint complete: wrote 7 buffers (0.0%); 0 WAL file(s) added, 0 removed, 1 recycled; write=0.001 s, sync=0.001 s, total=0.003 s; sync files=7, longest=0.001 s, average=0.001 s; distance=6603 kB, estimate=6675 kB; lsn=0/121245D8, redo lsn=0/12124580
2026-09-22T23:25:43.2028815Z  2026-09-22 23:18:26.766 UTC [55] LOG:  checkpoint starting: immediate force wait
2026-09-22T23:25:43.2030148Z  2026-09-22 23:18:26.769 UTC [55] LOG:  checkpoint complete: wrote 7 buffers (0.0%); 0 WAL file(s) added, 0 removed, 0 recycled; write=0.001 s, sync=0.001 s, total=0.003 s; sync files=7, longest=0.001 s, average=0.001 s; distance=6565 kB, estimate=6664 kB; lsn=0/1278D9F0, redo lsn=0/1278D998
2026-09-22T23:25:43.2031357Z  2026-09-22 23:18:29.746 UTC [55] LOG:  checkpoint starting: immediate force wait
2026-09-22T23:25:43.2032415Z  2026-09-22 23:18:29.749 UTC [55] LOG:  checkpoint complete: wrote 7 buffers (0.0%); 0 WAL file(s) added, 0 removed, 0 recycled; write=0.001 s, sync=0.001 s, total=0.004 s; sync files=7, longest=0.001 s, average=0.001 s; distance=6583 kB, estimate=6656 kB; lsn=0/12DFB7D8, redo lsn=0/12DFB780
2026-09-22T23:25:43.2033481Z  2026-09-22 23:18:32.236 UTC [55] LOG:  checkpoint starting: immediate force wait
2026-09-22T23:25:43.2034713Z  2026-09-22 23:18:32.240 UTC [55] LOG:  checkpoint complete: wrote 7 buffers (0.0%); 0 WAL file(s) added, 0 removed, 1 recycled; write=0.001 s, sync=0.001 s, total=0.004 s; sync files=7, longest=0.001 s, average=0.001 s; distance=6653 kB, estimate=6656 kB; lsn=0/1347ACA0, redo lsn=0/1347AC48
2026-09-22T23:25:43.2035787Z  2026-09-22 23:18:34.714 UTC [55] LOG:  checkpoint starting: immediate force wait
2026-09-22T23:25:43.2036859Z  2026-09-22 23:18:34.717 UTC [55] LOG:  checkpoint complete: wrote 8 buffers (0.0%); 0 WAL file(s) added, 0 removed, 0 recycled; write=0.001 s, sync=0.001 s, total=0.004 s; sync files=7, longest=0.001 s, average=0.001 s; distance=6558 kB, estimate=6646 kB; lsn=0/13AE2528, redo lsn=0/13AE24D0
2026-09-22T23:25:43.2037917Z  2026-09-22 23:18:38.183 UTC [55] LOG:  checkpoint starting: immediate force wait
2026-09-22T23:25:43.2039190Z  2026-09-22 23:18:38.188 UTC [55] LOG:  checkpoint complete: wrote 7 buffers (0.0%); 0 WAL file(s) added, 0 removed, 1 recycled; write=0.001 s, sync=0.001 s, total=0.005 s; sync files=7, longest=0.001 s, average=0.001 s; distance=6597 kB, estimate=6641 kB; lsn=0/14153B58, redo lsn=0/14153B00
2026-09-22T23:25:43.2040261Z  2026-09-22 23:18:41.589 UTC [55] LOG:  checkpoint starting: immediate force wait
2026-09-22T23:25:43.2041322Z  2026-09-22 23:18:41.592 UTC [55] LOG:  checkpoint complete: wrote 7 buffers (0.0%); 0 WAL file(s) added, 0 removed, 0 recycled; write=0.001 s, sync=0.001 s, total=0.003 s; sync files=7, longest=0.001 s, average=0.001 s; distance=6577 kB, estimate=6635 kB; lsn=0/147C0030, redo lsn=0/147BFFC0
2026-09-22T23:25:43.2042384Z  2026-09-22 23:18:43.308 UTC [55] LOG:  checkpoint starting: immediate force wait
2026-09-22T23:25:43.2043440Z  2026-09-22 23:18:43.311 UTC [55] LOG:  checkpoint complete: wrote 7 buffers (0.0%); 0 WAL file(s) added, 0 removed, 0 recycled; write=0.001 s, sync=0.001 s, total=0.003 s; sync files=7, longest=0.001 s, average=0.001 s; distance=6468 kB, estimate=6618 kB; lsn=0/14E11318, redo lsn=0/14E112C0
2026-09-22T23:25:43.2044498Z  2026-09-22 23:18:45.479 UTC [55] LOG:  checkpoint starting: immediate force wait
2026-09-22T23:25:43.2045553Z  2026-09-22 23:18:45.482 UTC [55] LOG:  checkpoint complete: wrote 7 buffers (0.0%); 0 WAL file(s) added, 0 removed, 1 recycled; write=0.001 s, sync=0.001 s, total=0.004 s; sync files=7, longest=0.001 s, average=0.001 s; distance=6570 kB, estimate=6613 kB; lsn=0/1547BF08, redo lsn=0/1547BEB0
2026-09-22T23:25:43.2046621Z  2026-09-22 23:18:48.521 UTC [55] LOG:  checkpoint starting: immediate force wait
2026-09-22T23:25:43.2047679Z  2026-09-22 23:18:48.524 UTC [55] LOG:  checkpoint complete: wrote 7 buffers (0.0%); 0 WAL file(s) added, 0 removed, 0 recycled; write=0.001 s, sync=0.001 s, total=0.003 s; sync files=7, longest=0.001 s, average=0.001 s; distance=6669 kB, estimate=6669 kB; lsn=0/15AFF4D8, redo lsn=0/15AFF480
2026-09-22T23:25:43.2048735Z  2026-09-22 23:18:51.741 UTC [55] LOG:  checkpoint starting: immediate force wait
2026-09-22T23:25:43.2050080Z  2026-09-22 23:18:51.744 UTC [55] LOG:  checkpoint complete: wrote 7 buffers (0.0%); 0 WAL file(s) added, 0 removed, 1 recycled; write=0.001 s, sync=0.001 s, total=0.004 s; sync files=7, longest=0.001 s, average=0.001 s; distance=6575 kB, estimate=6660 kB; lsn=0/1616B318, redo lsn=0/1616B2C0
2026-09-22T23:25:43.2051152Z  2026-09-22 23:18:54.062 UTC [1637] ERROR:  issue216 post-allocation fault: start
2026-09-22T23:25:43.2051860Z  2026-09-22 23:18:54.062 UTC [1637] CONTEXT:  PL/pgSQL function issue216_after_allocation_fault() line 14 at RAISE
2026-09-22T23:25:43.2052367Z  2026-09-22 23:18:54.062 UTC [1637] STATEMENT:
2026-09-22T23:25:43.2052704Z  	        INSERT INTO pull_request_publication_operations
2026-09-22T23:25:43.2053111Z  	            (corp_id, idempotency_key, publication_id, actor_id, operation,
2026-09-22T23:25:43.2053512Z  	             resulting_version, publisher_token, request)
2026-09-22T23:25:43.2053833Z  	        VALUES ($1, $2, $3, $4, $5, $6, $7, $8)
2026-09-22T23:25:43.2054098Z
2026-09-22T23:25:43.2054383Z  2026-09-22 23:18:54.260 UTC [1637] ERROR:  issue216 post-allocation fault: renew
2026-09-22T23:25:43.2055061Z  2026-09-22 23:18:54.260 UTC [1637] CONTEXT:  PL/pgSQL function issue216_after_allocation_fault() line 14 at RAISE
2026-09-22T23:25:43.2055566Z  2026-09-22 23:18:54.260 UTC [1637] STATEMENT:
2026-09-22T23:25:43.2055891Z  	        INSERT INTO pull_request_publication_operations
2026-09-22T23:25:43.2056288Z  	            (corp_id, idempotency_key, publication_id, actor_id, operation,
2026-09-22T23:25:43.2056681Z  	             resulting_version, publisher_token, request)
2026-09-22T23:25:43.2057000Z  	        VALUES ($1, $2, $3, $4, $5, $6, $7, $8)
2026-09-22T23:25:43.2057258Z
2026-09-22T23:25:43.2057538Z  2026-09-22 23:18:54.487 UTC [55] LOG:  checkpoint starting: immediate force wait
2026-09-22T23:25:43.2058614Z  2026-09-22 23:18:54.490 UTC [55] LOG:  checkpoint complete: wrote 7 buffers (0.0%); 0 WAL file(s) added, 0 removed, 0 recycled; write=0.001 s, sync=0.001 s, total=0.003 s; sync files=7, longest=0.001 s, average=0.001 s; distance=6578 kB, estimate=6651 kB; lsn=0/167D7D00, redo lsn=0/167D7CA8
2026-09-22T23:25:43.2059964Z  2026-09-22 23:18:57.626 UTC [55] LOG:  checkpoint starting: immediate force wait
2026-09-22T23:25:43.2061041Z  2026-09-22 23:18:57.629 UTC [55] LOG:  checkpoint complete: wrote 7 buffers (0.0%); 0 WAL file(s) added, 0 removed, 0 recycled; write=0.001 s, sync=0.001 s, total=0.004 s; sync files=7, longest=0.001 s, average=0.001 s; distance=6573 kB, estimate=6644 kB; lsn=0/16E43498, redo lsn=0/16E43440
2026-09-22T23:25:43.2062105Z  2026-09-22 23:18:58.530 UTC [55] LOG:  checkpoint starting: immediate force wait
2026-09-22T23:25:43.2063172Z  2026-09-22 23:18:58.533 UTC [55] LOG:  checkpoint complete: wrote 7 buffers (0.0%); 0 WAL file(s) added, 0 removed, 1 recycled; write=0.001 s, sync=0.001 s, total=0.004 s; sync files=7, longest=0.001 s, average=0.001 s; distance=6410 kB, estimate=6620 kB; lsn=0/17485F00, redo lsn=0/17485EA8
2026-09-22T23:25:43.2064250Z  2026-09-22 23:18:59.369 UTC [1673] ERROR:  owned SQLx command-insertion fault
2026-09-22T23:25:43.2064810Z  2026-09-22 23:18:59.369 UTC [1673] CONTEXT:  PL/pgSQL function reject_checkpoint_command() line 4 at RAISE
2026-09-22T23:25:43.2065298Z  2026-09-22 23:18:59.369 UTC [1673] STATEMENT:
2026-09-22T23:25:43.2065588Z  	            INSERT INTO runner_commands
2026-09-22T23:25:43.2065980Z  	                (id, corp_id, runner_id, run_id, command_kind, payload, idempotency_key)
2026-09-22T23:25:43.2066439Z  	            VALUES ($1, $2, $3, $4, 'factory_verification_recovery', $5, $6)
2026-09-22T23:25:43.2066777Z
2026-09-22T23:25:43.2067070Z  2026-09-22 23:18:59.421 UTC [55] LOG:  checkpoint starting: immediate force wait
2026-09-22T23:25:43.2068148Z  2026-09-22 23:18:59.424 UTC [55] LOG:  checkpoint complete: wrote 7 buffers (0.0%); 0 WAL file(s) added, 0 removed, 0 recycled; write=0.001 s, sync=0.001 s, total=0.003 s; sync files=7, longest=0.001 s, average=0.001 s; distance=6416 kB, estimate=6600 kB; lsn=0/17ACA040, redo lsn=0/17AC9FD0
2026-09-22T23:25:43.2069476Z  2026-09-22 23:19:01.302 UTC [55] LOG:  checkpoint starting: immediate force wait
2026-09-22T23:25:43.2070550Z  2026-09-22 23:19:01.305 UTC [55] LOG:  checkpoint complete: wrote 7 buffers (0.0%); 0 WAL file(s) added, 0 removed, 1 recycled; write=0.001 s, sync=0.001 s, total=0.003 s; sync files=7, longest=0.001 s, average=0.001 s; distance=6441 kB, estimate=6584 kB; lsn=0/18114548, redo lsn=0/181144F0
2026-09-22T23:25:43.2071769Z  2026-09-22 23:19:03.123 UTC [55] LOG:  checkpoint starting: immediate force wait
2026-09-22T23:25:43.2072829Z  2026-09-22 23:19:03.126 UTC [55] LOG:  checkpoint complete: wrote 11 buffers (0.1%); 0 WAL file(s) added, 0 removed, 0 recycled; write=0.001 s, sync=0.001 s, total=0.003 s; sync files=9, longest=0.001 s, average=0.001 s; distance=6431 kB, estimate=6569 kB; lsn=0/1875C248, redo lsn=0/1875C1F0
2026-09-22T23:25:43.2073890Z  2026-09-22 23:19:04.327 UTC [55] LOG:  checkpoint starting: immediate force wait
2026-09-22T23:25:43.2075049Z  2026-09-22 23:19:04.330 UTC [55] LOG:  checkpoint complete: wrote 7 buffers (0.0%); 0 WAL file(s) added, 0 removed, 0 recycled; write=0.001 s, sync=0.001 s, total=0.004 s; sync files=7, longest=0.001 s, average=0.001 s; distance=6414 kB, estimate=6553 kB; lsn=0/18D9FAA8, redo lsn=0/18D9FA50
2026-09-22T23:25:43.2076105Z  2026-09-22 23:19:06.909 UTC [55] LOG:  checkpoint starting: immediate force wait
2026-09-22T23:25:43.2077214Z  2026-09-22 23:19:06.912 UTC [55] LOG:  checkpoint complete: wrote 7 buffers (0.0%); 0 WAL file(s) added, 0 removed, 1 recycled; write=0.001 s, sync=0.001 s, total=0.003 s; sync files=7, longest=0.001 s, average=0.001 s; distance=6416 kB, estimate=6539 kB; lsn=0/193E3BA0, redo lsn=0/193E3B48
2026-09-22T23:25:43.2078272Z  2026-09-22 23:19:09.014 UTC [55] LOG:  checkpoint starting: immediate force wait
2026-09-22T23:25:43.2079533Z  2026-09-22 23:19:09.017 UTC [55] LOG:  checkpoint complete: wrote 7 buffers (0.0%); 0 WAL file(s) added, 0 removed, 0 recycled; write=0.001 s, sync=0.001 s, total=0.003 s; sync files=7, longest=0.001 s, average=0.001 s; distance=6424 kB, estimate=6528 kB; lsn=0/19A29DF8, redo lsn=0/19A29DA0
2026-09-22T23:25:43.2080597Z  2026-09-22 23:19:10.482 UTC [55] LOG:  checkpoint starting: immediate force wait
2026-09-22T23:25:43.2081652Z  2026-09-22 23:19:10.486 UTC [55] LOG:  checkpoint complete: wrote 8 buffers (0.0%); 0 WAL file(s) added, 0 removed, 1 recycled; write=0.001 s, sync=0.001 s, total=0.004 s; sync files=7, longest=0.001 s, average=0.001 s; distance=6428 kB, estimate=6518 kB; lsn=0/1A070EA0, redo lsn=0/1A070E48
2026-09-22T23:25:43.2082711Z  2026-09-22 23:19:12.224 UTC [55] LOG:  checkpoint starting: immediate force wait
2026-09-22T23:25:43.2083775Z  2026-09-22 23:19:12.227 UTC [55] LOG:  checkpoint complete: wrote 7 buffers (0.0%); 0 WAL file(s) added, 0 removed, 0 recycled; write=0.001 s, sync=0.001 s, total=0.003 s; sync files=7, longest=0.001 s, average=0.001 s; distance=6463 kB, estimate=6512 kB; lsn=0/1A6C0C00, redo lsn=0/1A6C0BA8
2026-09-22T23:25:43.2084827Z  2026-09-22 23:19:13.975 UTC [55] LOG:  checkpoint starting: immediate force wait
2026-09-22T23:25:43.2085884Z  2026-09-22 23:19:13.978 UTC [55] LOG:  checkpoint complete: wrote 7 buffers (0.0%); 0 WAL file(s) added, 0 removed, 0 recycled; write=0.001 s, sync=0.001 s, total=0.003 s; sync files=7, longest=0.001 s, average=0.001 s; distance=6463 kB, estimate=6507 kB; lsn=0/1AD10BD0, redo lsn=0/1AD10B78
2026-09-22T23:25:43.2086935Z  2026-09-22 23:19:14.953 UTC [55] LOG:  checkpoint starting: immediate force wait
2026-09-22T23:25:43.2087989Z  2026-09-22 23:19:14.956 UTC [55] LOG:  checkpoint complete: wrote 7 buffers (0.0%); 0 WAL file(s) added, 0 removed, 1 recycled; write=0.001 s, sync=0.001 s, total=0.004 s; sync files=7, longest=0.001 s, average=0.001 s; distance=6420 kB, estimate=6499 kB; lsn=0/1B355F28, redo lsn=0/1B355ED0
2026-09-22T23:25:43.2089255Z  2026-09-22 23:19:15.890 UTC [55] LOG:  checkpoint starting: immediate force wait
2026-09-22T23:25:43.2090330Z  2026-09-22 23:19:15.893 UTC [55] LOG:  checkpoint complete: wrote 7 buffers (0.0%); 0 WAL file(s) added, 0 removed, 0 recycled; write=0.001 s, sync=0.001 s, total=0.003 s; sync files=7, longest=0.001 s, average=0.001 s; distance=6409 kB, estimate=6490 kB; lsn=0/1B998468, redo lsn=0/1B998410
2026-09-22T23:25:43.2091383Z  2026-09-22 23:19:16.789 UTC [55] LOG:  checkpoint starting: immediate force wait
2026-09-22T23:25:43.2092570Z  2026-09-22 23:19:16.792 UTC [55] LOG:  checkpoint complete: wrote 7 buffers (0.0%); 0 WAL file(s) added, 0 removed, 0 recycled; write=0.001 s, sync=0.001 s, total=0.004 s; sync files=7, longest=0.001 s, average=0.001 s; distance=6512 kB, estimate=6512 kB; lsn=0/1BFF45D8, redo lsn=0/1BFF4580
2026-09-22T23:25:43.2093627Z  2026-09-22 23:19:17.694 UTC [55] LOG:  checkpoint starting: immediate force wait
2026-09-22T23:25:43.2094670Z  2026-09-22 23:19:17.697 UTC [55] LOG:  checkpoint complete: wrote 7 buffers (0.0%); 0 WAL file(s) added, 0 removed, 1 recycled; write=0.001 s, sync=0.001 s, total=0.003 s; sync files=7, longest=0.001 s, average=0.001 s; distance=6411 kB, estimate=6502 kB; lsn=0/1C6374B0, redo lsn=0/1C637458
2026-09-22T23:25:43.2095825Z  2026-09-22 23:19:20.248 UTC [55] LOG:  checkpoint starting: immediate force wait
2026-09-22T23:25:43.2096878Z  2026-09-22 23:19:20.251 UTC [55] LOG:  checkpoint complete: wrote 7 buffers (0.0%); 0 WAL file(s) added, 0 removed, 0 recycled; write=0.001 s, sync=0.001 s, total=0.003 s; sync files=7, longest=0.001 s, average=0.001 s; distance=6478 kB, estimate=6499 kB; lsn=0/1CC8AEA8, redo lsn=0/1CC8AE50
2026-09-22T23:25:43.2097938Z  2026-09-22 23:19:22.382 UTC [55] LOG:  checkpoint starting: immediate force wait
2026-09-22T23:25:43.2099207Z  2026-09-22 23:19:22.385 UTC [55] LOG:  checkpoint complete: wrote 7 buffers (0.0%); 0 WAL file(s) added, 0 removed, 1 recycled; write=0.001 s, sync=0.001 s, total=0.004 s; sync files=7, longest=0.001 s, average=0.001 s; distance=6471 kB, estimate=6497 kB; lsn=0/1D2DCDE8, redo lsn=0/1D2DCD90
2026-09-22T23:25:43.2100277Z  2026-09-22 23:19:24.623 UTC [55] LOG:  checkpoint starting: immediate force wait
2026-09-22T23:25:43.2101339Z  2026-09-22 23:19:24.626 UTC [55] LOG:  checkpoint complete: wrote 7 buffers (0.0%); 0 WAL file(s) added, 0 removed, 0 recycled; write=0.001 s, sync=0.001 s, total=0.003 s; sync files=7, longest=0.001 s, average=0.001 s; distance=6485 kB, estimate=6495 kB; lsn=0/1D9323F0, redo lsn=0/1D932398
2026-09-22T23:25:43.2102399Z  2026-09-22 23:19:26.036 UTC [55] LOG:  checkpoint starting: immediate force wait
2026-09-22T23:25:43.2103450Z  2026-09-22 23:19:26.039 UTC [55] LOG:  checkpoint complete: wrote 7 buffers (0.0%); 0 WAL file(s) added, 0 removed, 0 recycled; write=0.001 s, sync=0.001 s, total=0.003 s; sync files=7, longest=0.001 s, average=0.001 s; distance=6471 kB, estimate=6493 kB; lsn=0/1DF84218, redo lsn=0/1DF841C0
2026-09-22T23:25:43.2104498Z  2026-09-22 23:19:28.344 UTC [55] LOG:  checkpoint starting: immediate force wait
2026-09-22T23:25:43.2105551Z  2026-09-22 23:19:28.347 UTC [55] LOG:  checkpoint complete: wrote 7 buffers (0.0%); 0 WAL file(s) added, 0 removed, 1 recycled; write=0.001 s, sync=0.001 s, total=0.004 s; sync files=7, longest=0.001 s, average=0.001 s; distance=6484 kB, estimate=6492 kB; lsn=0/1E5D9458, redo lsn=0/1E5D9400
2026-09-22T23:25:43.2106608Z  2026-09-22 23:19:29.980 UTC [55] LOG:  checkpoint starting: immediate force wait
2026-09-22T23:25:43.2107664Z  2026-09-22 23:19:29.983 UTC [55] LOG:  checkpoint complete: wrote 7 buffers (0.0%); 0 WAL file(s) added, 0 removed, 0 recycled; write=0.001 s, sync=0.001 s, total=0.003 s; sync files=7, longest=0.001 s, average=0.001 s; distance=6470 kB, estimate=6490 kB; lsn=0/1EC2ACB0, redo lsn=0/1EC2AC58
2026-09-22T23:25:43.2108720Z  2026-09-22 23:19:31.403 UTC [55] LOG:  checkpoint starting: immediate force wait
2026-09-22T23:25:43.2110044Z  2026-09-22 23:19:31.406 UTC [55] LOG:  checkpoint complete: wrote 7 buffers (0.0%); 0 WAL file(s) added, 0 removed, 1 recycled; write=0.001 s, sync=0.001 s, total=0.003 s; sync files=7, longest=0.001 s, average=0.001 s; distance=6469 kB, estimate=6488 kB; lsn=0/1F27C1D0, redo lsn=0/1F27C178
2026-09-22T23:25:43.2111098Z  2026-09-22 23:19:33.062 UTC [55] LOG:  checkpoint starting: immediate force wait
2026-09-22T23:25:43.2112159Z  2026-09-22 23:19:33.065 UTC [55] LOG:  checkpoint complete: wrote 7 buffers (0.0%); 0 WAL file(s) added, 0 removed, 0 recycled; write=0.001 s, sync=0.001 s, total=0.004 s; sync files=7, longest=0.001 s, average=0.001 s; distance=6470 kB, estimate=6486 kB; lsn=0/1F8CDBE8, redo lsn=0/1F8CDB90
2026-09-22T23:25:43.2113346Z  2026-09-22 23:19:34.507 UTC [55] LOG:  checkpoint starting: immediate force wait
2026-09-22T23:25:43.2114395Z  2026-09-22 23:19:34.510 UTC [55] LOG:  checkpoint complete: wrote 7 buffers (0.0%); 0 WAL file(s) added, 0 removed, 0 recycled; write=0.001 s, sync=0.001 s, total=0.003 s; sync files=7, longest=0.001 s, average=0.001 s; distance=6472 kB, estimate=6485 kB; lsn=0/1FF1FE20, redo lsn=0/1FF1FDC8
2026-09-22T23:25:43.2115444Z  2026-09-22 23:19:36.113 UTC [55] LOG:  checkpoint starting: immediate force wait
2026-09-22T23:25:43.2116592Z  2026-09-22 23:19:36.117 UTC [55] LOG:  checkpoint complete: wrote 7 buffers (0.0%); 0 WAL file(s) added, 0 removed, 1 recycled; write=0.001 s, sync=0.001 s, total=0.004 s; sync files=7, longest=0.001 s, average=0.001 s; distance=6473 kB, estimate=6483 kB; lsn=0/20572328, redo lsn=0/205722D0
2026-09-22T23:25:43.2117656Z  2026-09-22 23:19:37.792 UTC [55] LOG:  checkpoint starting: immediate force wait
2026-09-22T23:25:43.2118704Z  2026-09-22 23:19:37.795 UTC [55] LOG:  checkpoint complete: wrote 7 buffers (0.0%); 0 WAL file(s) added, 0 removed, 0 recycled; write=0.001 s, sync=0.001 s, total=0.004 s; sync files=7, longest=0.001 s, average=0.001 s; distance=6470 kB, estimate=6482 kB; lsn=0/20BC3EC8, redo lsn=0/20BC3E70
2026-09-22T23:25:43.2119969Z  2026-09-22 23:19:38.898 UTC [55] LOG:  checkpoint starting: immediate force wait
2026-09-22T23:25:43.2121016Z  2026-09-22 23:19:38.902 UTC [55] LOG:  checkpoint complete: wrote 8 buffers (0.0%); 0 WAL file(s) added, 0 removed, 1 recycled; write=0.001 s, sync=0.001 s, total=0.004 s; sync files=7, longest=0.001 s, average=0.001 s; distance=6441 kB, estimate=6478 kB; lsn=0/2120E640, redo lsn=0/2120E5E8
2026-09-22T23:25:43.2122076Z  2026-09-22 23:19:39.935 UTC [55] LOG:  checkpoint starting: immediate force wait
2026-09-22T23:25:43.2123124Z  2026-09-22 23:19:39.938 UTC [55] LOG:  checkpoint complete: wrote 7 buffers (0.0%); 0 WAL file(s) added, 0 removed, 0 recycled; write=0.001 s, sync=0.001 s, total=0.003 s; sync files=7, longest=0.001 s, average=0.001 s; distance=6422 kB, estimate=6472 kB; lsn=0/21853ED0, redo lsn=0/21853E78
2026-09-22T23:25:43.2124173Z  2026-09-22 23:19:41.200 UTC [55] LOG:  checkpoint starting: immediate force wait
2026-09-22T23:25:43.2125251Z  2026-09-22 23:19:41.203 UTC [55] LOG:  checkpoint complete: wrote 7 buffers (0.0%); 0 WAL file(s) added, 0 removed, 0 recycled; write=0.001 s, sync=0.001 s, total=0.004 s; sync files=7, longest=0.001 s, average=0.001 s; distance=6451 kB, estimate=6470 kB; lsn=0/21EA0D78, redo lsn=0/21EA0D20
2026-09-22T23:25:43.2126307Z  2026-09-22 23:19:43.063 UTC [55] LOG:  checkpoint starting: immediate force wait
2026-09-22T23:25:43.2127368Z  2026-09-22 23:19:43.066 UTC [55] LOG:  checkpoint complete: wrote 7 buffers (0.0%); 0 WAL file(s) added, 0 removed, 1 recycled; write=0.001 s, sync=0.001 s, total=0.004 s; sync files=7, longest=0.001 s, average=0.001 s; distance=6451 kB, estimate=6468 kB; lsn=0/224EDA90, redo lsn=0/224EDA38
2026-09-22T23:25:43.2128435Z  2026-09-22 23:19:44.638 UTC [55] LOG:  checkpoint starting: immediate force wait
2026-09-22T23:25:43.2129689Z  2026-09-22 23:19:44.641 UTC [55] LOG:  checkpoint complete: wrote 7 buffers (0.0%); 0 WAL file(s) added, 0 removed, 0 recycled; write=0.001 s, sync=0.001 s, total=0.003 s; sync files=7, longest=0.001 s, average=0.001 s; distance=6449 kB, estimate=6466 kB; lsn=0/22B3A0F8, redo lsn=0/22B3A0A0
2026-09-22T23:25:43.2130753Z  2026-09-22 23:19:46.244 UTC [55] LOG:  checkpoint starting: immediate force wait
2026-09-22T23:25:43.2131804Z  2026-09-22 23:19:46.248 UTC [55] LOG:  checkpoint complete: wrote 7 buffers (0.0%); 0 WAL file(s) added, 0 removed, 1 recycled; write=0.001 s, sync=0.001 s, total=0.004 s; sync files=7, longest=0.001 s, average=0.001 s; distance=6451 kB, estimate=6465 kB; lsn=0/23186D98, redo lsn=0/23186D40
2026-09-22T23:25:43.2132859Z  2026-09-22 23:19:48.151 UTC [55] LOG:  checkpoint starting: immediate force wait
2026-09-22T23:25:43.2134037Z  2026-09-22 23:19:48.153 UTC [55] LOG:  checkpoint complete: wrote 7 buffers (0.0%); 0 WAL file(s) added, 0 removed, 0 recycled; write=0.001 s, sync=0.001 s, total=0.003 s; sync files=7, longest=0.001 s, average=0.001 s; distance=6467 kB, estimate=6467 kB; lsn=0/237D7B78, redo lsn=0/237D7B20
2026-09-22T23:25:43.2135086Z  2026-09-22 23:19:49.526 UTC [55] LOG:  checkpoint starting: immediate force wait
2026-09-22T23:25:43.2136134Z  2026-09-22 23:19:49.528 UTC [55] LOG:  checkpoint complete: wrote 7 buffers (0.0%); 0 WAL file(s) added, 0 removed, 0 recycled; write=0.001 s, sync=0.001 s, total=0.003 s; sync files=7, longest=0.001 s, average=0.001 s; distance=6463 kB, estimate=6467 kB; lsn=0/23E27898, redo lsn=0/23E27840
2026-09-22T23:25:43.2137287Z  2026-09-22 23:19:50.672 UTC [55] LOG:  checkpoint starting: immediate force wait
2026-09-22T23:25:43.2138340Z  2026-09-22 23:19:50.675 UTC [55] LOG:  checkpoint complete: wrote 7 buffers (0.0%); 0 WAL file(s) added, 0 removed, 1 recycled; write=0.001 s, sync=0.001 s, total=0.003 s; sync files=7, longest=0.001 s, average=0.001 s; distance=6445 kB, estimate=6464 kB; lsn=0/24473060, redo lsn=0/24473008
2026-09-22T23:25:43.2139627Z  2026-09-22 23:19:51.725 UTC [55] LOG:  checkpoint starting: immediate force wait
2026-09-22T23:25:43.2140689Z  2026-09-22 23:19:51.727 UTC [55] LOG:  checkpoint complete: wrote 7 buffers (0.0%); 0 WAL file(s) added, 0 removed, 0 recycled; write=0.001 s, sync=0.001 s, total=0.003 s; sync files=7, longest=0.001 s, average=0.001 s; distance=6426 kB, estimate=6461 kB; lsn=0/24AB9990, redo lsn=0/24AB9938
2026-09-22T23:25:43.2141945Z  2026-09-22 23:19:52.604 UTC [55] LOG:  checkpoint starting: immediate force wait
2026-09-22T23:25:43.2143002Z  2026-09-22 23:19:52.608 UTC [55] LOG:  checkpoint complete: wrote 7 buffers (0.0%); 0 WAL file(s) added, 0 removed, 1 recycled; write=0.001 s, sync=0.001 s, total=0.004 s; sync files=7, longest=0.001 s, average=0.001 s; distance=6414 kB, estimate=6456 kB; lsn=0/250FD410, redo lsn=0/250FD3B8
2026-09-22T23:25:43.2144063Z  2026-09-22 23:19:53.826 UTC [55] LOG:  checkpoint starting: immediate force wait
2026-09-22T23:25:43.2145112Z  2026-09-22 23:19:53.829 UTC [55] LOG:  checkpoint complete: wrote 7 buffers (0.0%); 0 WAL file(s) added, 0 removed, 0 recycled; write=0.001 s, sync=0.001 s, total=0.003 s; sync files=7, longest=0.001 s, average=0.001 s; distance=6450 kB, estimate=6455 kB; lsn=0/25749D90, redo lsn=0/25749D38
2026-09-22T23:25:43.2146164Z  2026-09-22 23:19:54.729 UTC [55] LOG:  checkpoint starting: immediate force wait
2026-09-22T23:25:43.2147222Z  2026-09-22 23:19:54.731 UTC [55] LOG:  checkpoint complete: wrote 7 buffers (0.0%); 0 WAL file(s) added, 0 removed, 0 recycled; write=0.001 s, sync=0.001 s, total=0.003 s; sync files=7, longest=0.001 s, average=0.001 s; distance=6428 kB, estimate=6453 kB; lsn=0/25D90F10, redo lsn=0/25D90EB8
2026-09-22T23:25:43.2148276Z  2026-09-22 23:19:55.933 UTC [55] LOG:  checkpoint starting: immediate force wait
2026-09-22T23:25:43.2149582Z  2026-09-22 23:19:55.936 UTC [55] LOG:  checkpoint complete: wrote 7 buffers (0.0%); 0 WAL file(s) added, 0 removed, 1 recycled; write=0.001 s, sync=0.001 s, total=0.004 s; sync files=7, longest=0.001 s, average=0.001 s; distance=6443 kB, estimate=6452 kB; lsn=0/263DBE10, redo lsn=0/263DBDB8
2026-09-22T23:25:43.2150662Z  2026-09-22 23:19:58.043 UTC [55] LOG:  checkpoint starting: immediate force wait
2026-09-22T23:25:43.2151718Z  2026-09-22 23:19:58.045 UTC [55] LOG:  checkpoint complete: wrote 7 buffers (0.0%); 0 WAL file(s) added, 0 removed, 0 recycled; write=0.001 s, sync=0.001 s, total=0.003 s; sync files=7, longest=0.001 s, average=0.001 s; distance=6511 kB, estimate=6511 kB; lsn=0/26A37B40, redo lsn=0/26A37AE8
2026-09-22T23:25:43.2153041Z  2026-09-22 23:19:59.101 UTC [55] LOG:  checkpoint starting: immediate force wait
2026-09-22T23:25:43.2154102Z  2026-09-22 23:19:59.104 UTC [55] LOG:  checkpoint complete: wrote 7 buffers (0.0%); 0 WAL file(s) added, 0 removed, 1 recycled; write=0.001 s, sync=0.001 s, total=0.004 s; sync files=7, longest=0.001 s, average=0.001 s; distance=6438 kB, estimate=6504 kB; lsn=0/270816F0, redo lsn=0/27081698
2026-09-22T23:25:43.2155323Z  2026-09-22 23:20:00.153 UTC [55] LOG:  checkpoint starting: immediate force wait
2026-09-22T23:25:43.2156374Z  2026-09-22 23:20:00.156 UTC [55] LOG:  checkpoint complete: wrote 7 buffers (0.0%); 0 WAL file(s) added, 0 removed, 0 recycled; write=0.001 s, sync=0.001 s, total=0.004 s; sync files=7, longest=0.001 s, average=0.001 s; distance=6438 kB, estimate=6497 kB; lsn=0/276CB128, redo lsn=0/276CB0D0
2026-09-22T23:25:43.2157431Z  2026-09-22 23:20:01.178 UTC [55] LOG:  checkpoint starting: immediate force wait
2026-09-22T23:25:43.2158592Z  2026-09-22 23:20:01.181 UTC [55] LOG:  checkpoint complete: wrote 7 buffers (0.0%); 0 WAL file(s) added, 0 removed, 0 recycled; write=0.001 s, sync=0.001 s, total=0.003 s; sync files=7, longest=0.001 s, average=0.001 s; distance=6438 kB, estimate=6491 kB; lsn=0/27D14C88, redo lsn=0/27D14C30
2026-09-22T23:25:43.2159877Z  2026-09-22 23:20:02.247 UTC [55] LOG:  checkpoint starting: immediate force wait
2026-09-22T23:25:43.2160932Z  2026-09-22 23:20:02.250 UTC [55] LOG:  checkpoint complete: wrote 7 buffers (0.0%); 0 WAL file(s) added, 0 removed, 1 recycled; write=0.001 s, sync=0.001 s, total=0.004 s; sync files=7, longest=0.001 s, average=0.001 s; distance=6443 kB, estimate=6486 kB; lsn=0/2835FB08, redo lsn=0/2835FAB0
2026-09-22T23:25:43.2161979Z  2026-09-22 23:20:03.332 UTC [55] LOG:  checkpoint starting: immediate force wait
2026-09-22T23:25:43.2163036Z  2026-09-22 23:20:03.335 UTC [55] LOG:  checkpoint complete: wrote 8 buffers (0.0%); 0 WAL file(s) added, 0 removed, 0 recycled; write=0.001 s, sync=0.001 s, total=0.003 s; sync files=7, longest=0.001 s, average=0.001 s; distance=6440 kB, estimate=6482 kB; lsn=0/289A9E50, redo lsn=0/289A9DF8
2026-09-22T23:25:43.2164089Z  2026-09-22 23:20:04.859 UTC [55] LOG:  checkpoint starting: immediate force wait
2026-09-22T23:25:43.2165145Z  2026-09-22 23:20:04.861 UTC [55] LOG:  checkpoint complete: wrote 7 buffers (0.0%); 0 WAL file(s) added, 0 removed, 0 recycled; write=0.001 s, sync=0.001 s, total=0.003 s; sync files=7, longest=0.001 s, average=0.001 s; distance=6457 kB, estimate=6479 kB; lsn=0/28FF8630, redo lsn=0/28FF85D8
2026-09-22T23:25:43.2166196Z  2026-09-22 23:20:06.608 UTC [55] LOG:  checkpoint starting: immediate force wait
2026-09-22T23:25:43.2167242Z  2026-09-22 23:20:06.611 UTC [55] LOG:  checkpoint complete: wrote 7 buffers (0.0%); 0 WAL file(s) added, 0 removed, 1 recycled; write=0.001 s, sync=0.001 s, total=0.004 s; sync files=7, longest=0.001 s, average=0.001 s; distance=6483 kB, estimate=6483 kB; lsn=0/2964D538, redo lsn=0/2964D4E0
2026-09-22T23:25:43.2168295Z  2026-09-22 23:20:09.064 UTC [55] LOG:  checkpoint starting: immediate force wait
2026-09-22T23:25:43.2169579Z  2026-09-22 23:20:09.129 UTC [55] LOG:  checkpoint complete: wrote 1234 buffers (7.5%); 0 WAL file(s) added, 0 removed, 1 recycled; write=0.016 s, sync=0.049 s, total=0.066 s; sync files=564, longest=0.001 s, average=0.001 s; distance=12861 kB, estimate=12861 kB; lsn=0/2A2DCD08, redo lsn=0/2A2DCCB0
2026-09-22T23:25:43.2170670Z  2026-09-22 23:20:10.018 UTC [2164] ERROR:  owned issue211 transaction fault
2026-09-22T23:25:43.2171181Z  2026-09-22 23:20:10.018 UTC [2164] CONTEXT:  PL/pgSQL function issue211_fault() line 2 at RAISE
2026-09-22T23:25:43.2171622Z  2026-09-22 23:20:10.018 UTC [2164] STATEMENT:
2026-09-22T23:25:43.2171913Z  	            INSERT INTO runner_commands
2026-09-22T23:25:43.2172304Z  	                (id, corp_id, runner_id, run_id, command_kind, payload, idempotency_key)
2026-09-22T23:25:43.2172764Z  	            VALUES ($1, $2, $3, $4, 'factory_verification_recovery', $5, $6)
2026-09-22T23:25:43.2173099Z
2026-09-22T23:25:43.2173398Z  2026-09-22 23:20:10.136 UTC [2164] ERROR:  owned issue211 transaction fault
2026-09-22T23:25:43.2173894Z  2026-09-22 23:20:10.136 UTC [2164] CONTEXT:  PL/pgSQL function issue211_fault() line 2 at RAISE
2026-09-22T23:25:43.2174463Z  2026-09-22 23:20:10.136 UTC [2164] STATEMENT:
2026-09-22T23:25:43.2174756Z  	            INSERT INTO artifacts
2026-09-22T23:25:43.2175104Z  	                (id, corp_id, task_id, run_id, producer_agent_id, producer_runner_id,
2026-09-22T23:25:43.2175612Z  	                 verifier, object_key, uri, sha256, media_type, bytes, artifact_role, file_name,
2026-09-22T23:25:43.2176145Z  	                 metadata, retention_until, provenance_signature, status, staging_key)
2026-09-22T23:25:43.2176596Z  	            VALUES ($1, $2, $3, $4, $5, $6, $7, $8, $9, $10, $11, $12, $13, $14,
2026-09-22T23:25:43.2176978Z  	                    $15, $16, $17, 'staged', $18)
2026-09-22T23:25:43.2177265Z  	            RETURNING created_at
2026-09-22T23:25:43.2177502Z
2026-09-22T23:25:43.2177903Z  2026-09-22 23:20:10.258 UTC [2163] ERROR:  owned issue211 transaction fault
2026-09-22T23:25:43.2178405Z  2026-09-22 23:20:10.258 UTC [2163] CONTEXT:  PL/pgSQL function issue211_fault() line 2 at RAISE
2026-09-22T23:25:43.2179024Z  2026-09-22 23:20:10.258 UTC [2163] STATEMENT:
2026-09-22T23:25:43.2179325Z  	        INSERT INTO events
2026-09-22T23:25:43.2179660Z  	            (id, schema_version, corp_id, room_id, actor_id, type, aggregate_type,
2026-09-22T23:25:43.2180127Z  	             aggregate_id, aggregate_version, correlation_id, causation_id,
2026-09-22T23:25:43.2180516Z  	             idempotency_key, visibility, payload)
2026-09-22T23:25:43.2180854Z  	        VALUES ($1, 1, $2, $3, $4, $5, $6, $7, $8, $9, $10, $11, $12, $13)
2026-09-22T23:25:43.2181228Z  	        ON CONFLICT (corp_id, idempotency_key) DO NOTHING
2026-09-22T23:25:43.2181629Z  	        RETURNING seq, id, schema_version, corp_id, room_id, actor_id, type,
2026-09-22T23:25:43.2182094Z  	                  aggregate_type, aggregate_id, aggregate_version, correlation_id,
2026-09-22T23:25:43.2182572Z  	                  causation_id, idempotency_key, visibility, payload, created_at
2026-09-22T23:25:43.2182929Z
2026-09-22T23:25:43.2183217Z  2026-09-22 23:20:10.355 UTC [55] LOG:  checkpoint starting: immediate force wait
2026-09-22T23:25:43.2184304Z  2026-09-22 23:20:10.359 UTC [55] LOG:  checkpoint complete: wrote 7 buffers (0.0%); 0 WAL file(s) added, 0 removed, 0 recycled; write=0.001 s, sync=0.001 s, total=0.004 s; sync files=7, longest=0.001 s, average=0.001 s; distance=6444 kB, estimate=12220 kB; lsn=0/2A927FC8, redo lsn=0/2A927F70
2026-09-22T23:25:43.2185370Z  The default database encoding has accordingly been set to "UTF8".
2026-09-22T23:25:43.2185987Z  2026-09-22 23:20:11.616 UTC [55] LOG:  checkpoint starting: immediate force wait
2026-09-22T23:25:43.2187052Z  2026-09-22 23:20:11.619 UTC [55] LOG:  checkpoint complete: wrote 7 buffers (0.0%); 0 WAL file(s) added, 0 removed, 0 recycled; write=0.001 s, sync=0.001 s, total=0.003 s; sync files=7, longest=0.001 s, average=0.001 s; distance=6435 kB, estimate=11641 kB; lsn=0/2AF70C38, redo lsn=0/2AF70BE0
2026-09-22T23:25:43.2188107Z  2026-09-22 23:20:13.855 UTC [55] LOG:  checkpoint starting: immediate force wait
2026-09-22T23:25:43.2189450Z  2026-09-22 23:20:13.858 UTC [55] LOG:  checkpoint complete: wrote 7 buffers (0.0%); 0 WAL file(s) added, 0 removed, 1 recycled; write=0.001 s, sync=0.001 s, total=0.004 s; sync files=7, longest=0.001 s, average=0.001 s; distance=6506 kB, estimate=11128 kB; lsn=0/2B5CB4F0, redo lsn=0/2B5CB498
2026-09-22T23:25:43.2190564Z  2026-09-22 23:20:16.083 UTC [2195] ERROR:  issue221 owned post-allocation retry command fault
2026-09-22T23:25:43.2191178Z  2026-09-22 23:20:16.083 UTC [2195] CONTEXT:  PL/pgSQL function issue221_reject_retry_command() line 19 at RAISE
2026-09-22T23:25:43.2191674Z  2026-09-22 23:20:16.083 UTC [2195] STATEMENT:
2026-09-22T23:25:43.2191965Z  	            INSERT INTO runner_commands
2026-09-22T23:25:43.2192359Z  	                (id, corp_id, runner_id, run_id, command_kind, payload, idempotency_key)
2026-09-22T23:25:43.2192813Z  	            VALUES ($1, $2, $3, $4, 'factory_verification_recovery', $5, $6)
2026-09-22T23:25:43.2193288Z
2026-09-22T23:25:43.2193586Z  2026-09-22 23:20:16.577 UTC [55] LOG:  checkpoint starting: immediate force wait
2026-09-22T23:25:43.2194650Z  2026-09-22 23:20:16.579 UTC [55] LOG:  checkpoint complete: wrote 7 buffers (0.0%); 0 WAL file(s) added, 0 removed, 0 recycled; write=0.001 s, sync=0.001 s, total=0.003 s; sync files=7, longest=0.001 s, average=0.001 s; distance=6517 kB, estimate=10667 kB; lsn=0/2BC28BB8, redo lsn=0/2BC28B60
2026-09-22T23:25:43.2195707Z  2026-09-22 23:20:19.975 UTC [55] LOG:  checkpoint starting: immediate force wait
2026-09-22T23:25:43.2196924Z  2026-09-22 23:20:19.980 UTC [55] LOG:  checkpoint complete: wrote 120 buffers (0.7%); 0 WAL file(s) added, 0 removed, 1 recycled; write=0.002 s, sync=0.001 s, total=0.005 s; sync files=26, longest=0.001 s, average=0.001 s; distance=6897 kB, estimate=10290 kB; lsn=0/2C2E5340, redo lsn=0/2C2E52E8
2026-09-22T23:25:43.2197997Z  2026-09-22 23:20:22.228 UTC [55] LOG:  checkpoint starting: immediate force wait
2026-09-22T23:25:43.2199317Z  2026-09-22 23:20:22.231 UTC [55] LOG:  checkpoint complete: wrote 7 buffers (0.0%); 0 WAL file(s) added, 0 removed, 0 recycled; write=0.001 s, sync=0.001 s, total=0.003 s; sync files=7, longest=0.001 s, average=0.001 s; distance=6488 kB, estimate=9910 kB; lsn=0/2C93B668, redo lsn=0/2C93B610
2026-09-22T23:25:43.2200390Z  2026-09-22 23:20:24.488 UTC [55] LOG:  checkpoint starting: immediate force wait
2026-09-22T23:25:43.2201442Z  2026-09-22 23:20:24.491 UTC [55] LOG:  checkpoint complete: wrote 7 buffers (0.0%); 0 WAL file(s) added, 0 removed, 0 recycled; write=0.001 s, sync=0.001 s, total=0.003 s; sync files=7, longest=0.001 s, average=0.001 s; distance=6489 kB, estimate=9567 kB; lsn=0/2CF91B80, redo lsn=0/2CF91B28
2026-09-22T23:25:43.2202512Z  2026-09-22 23:20:28.420 UTC [55] LOG:  checkpoint starting: immediate force wait
2026-09-22T23:25:43.2203563Z  2026-09-22 23:20:28.424 UTC [55] LOG:  checkpoint complete: wrote 7 buffers (0.0%); 0 WAL file(s) added, 0 removed, 1 recycled; write=0.001 s, sync=0.001 s, total=0.004 s; sync files=7, longest=0.001 s, average=0.001 s; distance=6532 kB, estimate=9264 kB; lsn=0/2D5F2EA0, redo lsn=0/2D5F2E48
2026-09-22T23:25:43.2204622Z  2026-09-22 23:20:31.084 UTC [55] LOG:  checkpoint starting: immediate force wait
2026-09-22T23:25:43.2205675Z  2026-09-22 23:20:31.087 UTC [55] LOG:  checkpoint complete: wrote 11 buffers (0.1%); 0 WAL file(s) added, 0 removed, 0 recycled; write=0.001 s, sync=0.001 s, total=0.004 s; sync files=9, longest=0.001 s, average=0.001 s; distance=6508 kB, estimate=8988 kB; lsn=0/2DC4E150, redo lsn=0/2DC4E0F8
2026-09-22T23:25:43.2206726Z  2026-09-22 23:20:34.576 UTC [55] LOG:  checkpoint starting: immediate force wait
2026-09-22T23:25:43.2207792Z  2026-09-22 23:20:34.579 UTC [55] LOG:  checkpoint complete: wrote 7 buffers (0.0%); 0 WAL file(s) added, 0 removed, 1 recycled; write=0.001 s, sync=0.001 s, total=0.004 s; sync files=7, longest=0.001 s, average=0.001 s; distance=6521 kB, estimate=8742 kB; lsn=0/2E2AC920, redo lsn=0/2E2AC8C8
2026-09-22T23:25:43.2209039Z  2026-09-22 23:20:39.706 UTC [55] LOG:  checkpoint starting: immediate force wait
2026-09-22T23:25:43.2210166Z  2026-09-22 23:20:39.709 UTC [55] LOG:  checkpoint complete: wrote 7 buffers (0.0%); 0 WAL file(s) added, 0 removed, 0 recycled; write=0.001 s, sync=0.001 s, total=0.003 s; sync files=7, longest=0.001 s, average=0.001 s; distance=6527 kB, estimate=8520 kB; lsn=0/2E90C8C0, redo lsn=0/2E90C868
2026-09-22T23:25:43.2211229Z  2026-09-22 23:20:45.253 UTC [55] LOG:  checkpoint starting: immediate force wait
2026-09-22T23:25:43.2212304Z  2026-09-22 23:20:45.257 UTC [55] LOG:  checkpoint complete: wrote 8 buffers (0.0%); 0 WAL file(s) added, 0 removed, 0 recycled; write=0.002 s, sync=0.001 s, total=0.005 s; sync files=7, longest=0.001 s, average=0.001 s; distance=6651 kB, estimate=8333 kB; lsn=0/2EF8B4C0, redo lsn=0/2EF8B468
2026-09-22T23:25:43.2213681Z  2026-09-22 23:20:49.222 UTC [2347] ERROR:  new row for relation "factory_verification_recoveries" violates check constraint "factory_source_correction_authority_check"
2026-09-22T23:25:43.2217212Z  2026-09-22 23:20:49.222 UTC [2347] DETAIL:  Failing row contains (2de5de88-40bb-4656-9969-8b6fb1a7e98c, 00000000-0000-0000-0000-000000000001, 00000000-0000-0000-0000-000000000007, 00000000-0000-0000-0000-000000000002, 00000000-0000-0000-0000-000000000003, 24120141-7761-44ea-8b8a-31cd5aff8901, 173bb9a0-0054-4dda-b15d-fa55901bcd2c, source_correction, failed, 00000000-0000-0000-0000-000000000009, Resume the retained provider to correct the failed checkpoint, 9ded8e48-07ab-4635-a926-d03cd9d0e5c8, revision-2, {"issue_number": 148, "source_revision": "revision-2"}, 8a9f0a10-1f1d-44be-97c8-fc1a0a468ef8, {"checks": [{"path": "result.md", "type": "file", "min_bytes": 1..., {"checks": [{"path": "result.md", "type": "file", "min_bytes": 1..., {"mode": "source_correction", "reason": "Resume the retained pro..., 2026-09-22 23:20:46.459412+00, 2026-09-22 23:20:47.08651+00, null, null).
2026-09-22T23:25:43.2220467Z  2026-09-22 23:20:49.222 UTC [2347] STATEMENT:  UPDATE factory_verification_recoveries SET source_correction_authority=$3
2026-09-22T23:25:43.2221040Z  	     WHERE corp_id=$1 AND replacement_run_id=$2
2026-09-22T23:25:43.2221726Z  2026-09-22 23:20:49.231 UTC [2348] ERROR:  new row for relation "factory_verification_recoveries" violates check constraint "factory_source_correction_authority_check"
2026-09-22T23:25:43.2224980Z  2026-09-22 23:20:49.231 UTC [2348] DETAIL:  Failing row contains (2de5de88-40bb-4656-9969-8b6fb1a7e98c, 00000000-0000-0000-0000-000000000001, 00000000-0000-0000-0000-000000000007, 00000000-0000-0000-0000-000000000002, 00000000-0000-0000-0000-000000000003, 24120141-7761-44ea-8b8a-31cd5aff8901, 173bb9a0-0054-4dda-b15d-fa55901bcd2c, source_correction, failed, 00000000-0000-0000-0000-000000000009, Resume the retained provider to correct the failed checkpoint, 9ded8e48-07ab-4635-a926-d03cd9d0e5c8, revision-2, {"issue_number": 148, "source_revision": "revision-2"}, 8a9f0a10-1f1d-44be-97c8-fc1a0a468ef8, {"checks": [{"path": "result.md", "type": "file", "min_bytes": 1..., {"checks": [{"path": "result.md", "type": "file", "min_bytes": 1..., {"mode": "source_correction", "reason": "Resume the retained pro..., 2026-09-22 23:20:46.459412+00, 2026-09-22 23:20:47.08651+00, null, []).
2026-09-22T23:25:43.2228053Z  2026-09-22 23:20:49.231 UTC [2348] STATEMENT:  UPDATE factory_verification_recoveries SET source_correction_authority=$3
2026-09-22T23:25:43.2228597Z  	     WHERE corp_id=$1 AND replacement_run_id=$2
2026-09-22T23:25:43.2229380Z  2026-09-22 23:20:49.240 UTC [2347] ERROR:  new row for relation "factory_verification_recoveries" violates check constraint "factory_source_correction_authority_check"
2026-09-22T23:25:43.2232655Z  2026-09-22 23:20:49.240 UTC [2347] DETAIL:  Failing row contains (2de5de88-40bb-4656-9969-8b6fb1a7e98c, 00000000-0000-0000-0000-000000000001, 00000000-0000-0000-0000-000000000007, 00000000-0000-0000-0000-000000000002, 00000000-0000-0000-0000-000000000003, 24120141-7761-44ea-8b8a-31cd5aff8901, 173bb9a0-0054-4dda-b15d-fa55901bcd2c, source_correction, failed, 00000000-0000-0000-0000-000000000009, Resume the retained provider to correct the failed checkpoint, 9ded8e48-07ab-4635-a926-d03cd9d0e5c8, revision-2, {"issue_number": 148, "source_revision": "revision-2"}, 8a9f0a10-1f1d-44be-97c8-fc1a0a468ef8, {"checks": [{"path": "result.md", "type": "file", "min_bytes": 1..., {"checks": [{"path": "result.md", "type": "file", "min_bytes": 1..., {"mode": "source_correction", "reason": "Resume the retained pro..., 2026-09-22 23:20:46.459412+00, 2026-09-22 23:20:47.08651+00, null, {"schema_version": 2}).
2026-09-22T23:25:43.2235783Z  2026-09-22 23:20:49.240 UTC [2347] STATEMENT:  UPDATE factory_verification_recoveries SET source_correction_authority=$3
2026-09-22T23:25:43.2236320Z  	     WHERE corp_id=$1 AND replacement_run_id=$2
2026-09-22T23:25:43.2237008Z  2026-09-22 23:20:50.110 UTC [2348] ERROR:  new row for relation "factory_verification_recoveries" violates check constraint "factory_source_correction_authority_check"
2026-09-22T23:25:43.2240618Z  2026-09-22 23:20:50.110 UTC [2348] DETAIL:  Failing row contains (eb8ff0ce-0f77-43dd-8c86-2f7a7f31c648, 00000000-0000-0000-0000-000000000001, 00000000-0000-0000-0000-000000000007, 00000000-0000-0000-0000-000000000002, 00000000-0000-0000-0000-000000000003, 173bb9a0-0054-4dda-b15d-fa55901bcd2c, 67e2d3fc-8e25-4642-addb-d25b820e0595, source_correction, running, 00000000-0000-0000-0000-000000000009, Resume the retained provider to correct the failed checkpoint, 659aa8de-b1a7-4df5-92e5-6136eaaf0bb3, revision-2, {"issue_number": 148, "source_revision": "revision-2"}, 194b415e-61ea-4a09-9c60-ac406dbca403, {"checks": [{"path": "result.md", "type": "file", "min_bytes": 1..., {"checks": [{"path": "result.md", "type": "file", "min_bytes": 1..., {"mode": "source_correction", "reason": "Resume the retained pro..., 2026-09-22 23:20:47.800443+00, 2026-09-22 23:20:47.800443+00, null, null).
2026-09-22T23:25:43.2243729Z  2026-09-22 23:20:50.110 UTC [2348] STATEMENT:  UPDATE factory_verification_recoveries SET source_correction_authority=$3
2026-09-22T23:25:43.2244293Z  	     WHERE corp_id=$1 AND replacement_run_id=$2
2026-09-22T23:25:43.2244976Z  2026-09-22 23:20:50.119 UTC [2347] ERROR:  new row for relation "factory_verification_recoveries" violates check constraint "factory_source_correction_authority_check"
2026-09-22T23:25:43.2248208Z  2026-09-22 23:20:50.119 UTC [2347] DETAIL:  Failing row contains (eb8ff0ce-0f77-43dd-8c86-2f7a7f31c648, 00000000-0000-0000-0000-000000000001, 00000000-0000-0000-0000-000000000007, 00000000-0000-0000-0000-000000000002, 00000000-0000-0000-0000-000000000003, 173bb9a0-0054-4dda-b15d-fa55901bcd2c, 67e2d3fc-8e25-4642-addb-d25b820e0595, source_correction, running, 00000000-0000-0000-0000-000000000009, Resume the retained provider to correct the failed checkpoint, 659aa8de-b1a7-4df5-92e5-6136eaaf0bb3, revision-2, {"issue_number": 148, "source_revision": "revision-2"}, 194b415e-61ea-4a09-9c60-ac406dbca403, {"checks": [{"path": "result.md", "type": "file", "min_bytes": 1..., {"checks": [{"path": "result.md", "type": "file", "min_bytes": 1..., {"mode": "source_correction", "reason": "Resume the retained pro..., 2026-09-22 23:20:47.800443+00, 2026-09-22 23:20:47.800443+00, null, []).
2026-09-22T23:25:43.2251432Z  2026-09-22 23:20:50.119 UTC [2347] STATEMENT:  UPDATE factory_verification_recoveries SET source_correction_authority=$3
2026-09-22T23:25:43.2251981Z  	     WHERE corp_id=$1 AND replacement_run_id=$2
2026-09-22T23:25:43.2252659Z  2026-09-22 23:20:50.127 UTC [2348] ERROR:  new row for relation "factory_verification_recoveries" violates check constraint "factory_source_correction_authority_check"
2026-09-22T23:25:43.2255957Z  2026-09-22 23:20:50.127 UTC [2348] DETAIL:  Failing row contains (eb8ff0ce-0f77-43dd-8c86-2f7a7f31c648, 00000000-0000-0000-0000-000000000001, 00000000-0000-0000-0000-000000000007, 00000000-0000-0000-0000-000000000002, 00000000-0000-0000-0000-000000000003, 173bb9a0-0054-4dda-b15d-fa55901bcd2c, 67e2d3fc-8e25-4642-addb-d25b820e0595, source_correction, running, 00000000-0000-0000-0000-000000000009, Resume the retained provider to correct the failed checkpoint, 659aa8de-b1a7-4df5-92e5-6136eaaf0bb3, revision-2, {"issue_number": 148, "source_revision": "revision-2"}, 194b415e-61ea-4a09-9c60-ac406dbca403, {"checks": [{"path": "result.md", "type": "file", "min_bytes": 1..., {"checks": [{"path": "result.md", "type": "file", "min_bytes": 1..., {"mode": "source_correction", "reason": "Resume the retained pro..., 2026-09-22 23:20:47.800443+00, 2026-09-22 23:20:47.800443+00, null, {"schema_version": 2}).
2026-09-22T23:25:43.2259363Z  2026-09-22 23:20:50.127 UTC [2348] STATEMENT:  UPDATE factory_verification_recoveries SET source_correction_authority=$3
2026-09-22T23:25:43.2260312Z  	     WHERE corp_id=$1 AND replacement_run_id=$2
2026-09-22T23:25:43.2260845Z  2026-09-22 23:20:50.218 UTC [55] LOG:  checkpoint starting: immediate force wait
2026-09-22T23:25:43.2262126Z  2026-09-22 23:20:50.221 UTC [55] LOG:  checkpoint complete: wrote 7 buffers (0.0%); 0 WAL file(s) added, 0 removed, 1 recycled; write=0.001 s, sync=0.001 s, total=0.004 s; sync files=7, longest=0.001 s, average=0.001 s; distance=6571 kB, estimate=8157 kB; lsn=0/2F5F60F0, redo lsn=0/2F5F6098
2026-09-22T23:25:43.2280229Z  2026-09-22 23:20:53.601 UTC [55] LOG:  checkpoint starting: immediate force wait
2026-09-22T23:25:43.2281335Z  2026-09-22 23:20:53.605 UTC [55] LOG:  checkpoint complete: wrote 7 buffers (0.0%); 0 WAL file(s) added, 0 removed, 0 recycled; write=0.001 s, sync=0.001 s, total=0.004 s; sync files=7, longest=0.001 s, average=0.001 s; distance=6603 kB, estimate=8002 kB; lsn=0/2FC68D18, redo lsn=0/2FC68CC0
2026-09-22T23:25:43.2282405Z  2026-09-22 23:20:56.643 UTC [55] LOG:  checkpoint starting: immediate force wait
2026-09-22T23:25:43.2283642Z  2026-09-22 23:20:56.646 UTC [55] LOG:  checkpoint complete: wrote 7 buffers (0.0%); 0 WAL file(s) added, 0 removed, 1 recycled; write=0.001 s, sync=0.001 s, total=0.004 s; sync files=7, longest=0.001 s, average=0.001 s; distance=6508 kB, estimate=7852 kB; lsn=0/302C3DC0, redo lsn=0/302C3D68
2026-09-22T23:25:43.2284716Z  2026-09-22 23:20:59.275 UTC [55] LOG:  checkpoint starting: immediate force wait
2026-09-22T23:25:43.2285755Z  2026-09-22 23:20:59.278 UTC [55] LOG:  checkpoint complete: wrote 7 buffers (0.0%); 0 WAL file(s) added, 0 removed, 0 recycled; write=0.001 s, sync=0.001 s, total=0.003 s; sync files=7, longest=0.001 s, average=0.001 s; distance=6499 kB, estimate=7717 kB; lsn=0/3091CC40, redo lsn=0/3091CBE8
2026-09-22T23:25:43.2286799Z  2026-09-22 23:21:00.655 UTC [55] LOG:  checkpoint starting: immediate force wait
2026-09-22T23:25:43.2287846Z  2026-09-22 23:21:00.657 UTC [55] LOG:  checkpoint complete: wrote 7 buffers (0.0%); 0 WAL file(s) added, 0 removed, 0 recycled; write=0.001 s, sync=0.001 s, total=0.003 s; sync files=7, longest=0.001 s, average=0.001 s; distance=6464 kB, estimate=7592 kB; lsn=0/30F6CC40, redo lsn=0/30F6CBE8
2026-09-22T23:25:43.2289057Z  2026-09-22 23:21:01.948 UTC [2429] ERROR:  issue210 owned SQLx correction-command fault
2026-09-22T23:25:43.2289669Z  2026-09-22 23:21:01.948 UTC [2429] CONTEXT:  PL/pgSQL function issue210_reject_correction_command() line 5 at RAISE
2026-09-22T23:25:43.2290180Z  2026-09-22 23:21:01.948 UTC [2429] STATEMENT:
2026-09-22T23:25:43.2290473Z  	            INSERT INTO runner_commands
2026-09-22T23:25:43.2290858Z  	                (id, corp_id, runner_id, run_id, command_kind, payload, idempotency_key)
2026-09-22T23:25:43.2291320Z  	            VALUES ($1, $2, $3, $4, 'factory_verification_recovery', $5, $6)
2026-09-22T23:25:43.2291652Z
2026-09-22T23:25:43.2291958Z  2026-09-22 23:21:01.996 UTC [55] LOG:  checkpoint starting: immediate force wait
2026-09-22T23:25:43.2293049Z  2026-09-22 23:21:01.999 UTC [55] LOG:  checkpoint complete: wrote 10 buffers (0.1%); 0 WAL file(s) added, 0 removed, 1 recycled; write=0.001 s, sync=0.001 s, total=0.004 s; sync files=7, longest=0.001 s, average=0.001 s; distance=6460 kB, estimate=7478 kB; lsn=0/315BBE40, redo lsn=0/315BBDE8
2026-09-22T23:25:43.2294117Z  2026-09-22 23:21:03.467 UTC [55] LOG:  checkpoint starting: immediate force wait
2026-09-22T23:25:43.2295165Z  2026-09-22 23:21:03.470 UTC [55] LOG:  checkpoint complete: wrote 7 buffers (0.0%); 0 WAL file(s) added, 0 removed, 0 recycled; write=0.001 s, sync=0.001 s, total=0.003 s; sync files=7, longest=0.001 s, average=0.001 s; distance=6460 kB, estimate=7377 kB; lsn=0/31C0AFB0, redo lsn=0/31C0AF58
2026-09-22T23:25:43.2296217Z  2026-09-22 23:21:05.184 UTC [55] LOG:  checkpoint starting: immediate force wait
2026-09-22T23:25:43.2297263Z  2026-09-22 23:21:05.187 UTC [55] LOG:  checkpoint complete: wrote 7 buffers (0.0%); 0 WAL file(s) added, 0 removed, 1 recycled; write=0.001 s, sync=0.001 s, total=0.004 s; sync files=7, longest=0.001 s, average=0.001 s; distance=6562 kB, estimate=7295 kB; lsn=0/32273870, redo lsn=0/32273818
2026-09-22T23:25:43.2298311Z  2026-09-22 23:21:06.427 UTC [55] LOG:  checkpoint starting: immediate force wait
2026-09-22T23:25:43.2299475Z  2026-09-22 23:21:06.430 UTC [55] LOG:  checkpoint complete: wrote 7 buffers (0.0%); 0 WAL file(s) added, 0 removed, 0 recycled; write=0.001 s, sync=0.001 s, total=0.004 s; sync files=7, longest=0.001 s, average=0.001 s; distance=6448 kB, estimate=7210 kB; lsn=0/328BF978, redo lsn=0/328BF920
2026-09-22T23:25:43.2300650Z  2026-09-22 23:21:07.761 UTC [55] LOG:  checkpoint starting: immediate force wait
2026-09-22T23:25:43.2301689Z  2026-09-22 23:21:07.764 UTC [55] LOG:  checkpoint complete: wrote 7 buffers (0.0%); 0 WAL file(s) added, 0 removed, 0 recycled; write=0.001 s, sync=0.001 s, total=0.003 s; sync files=7, longest=0.001 s, average=0.001 s; distance=6448 kB, estimate=7134 kB; lsn=0/32F0BD10, redo lsn=0/32F0BCB8
2026-09-22T23:25:43.2302729Z  2026-09-22 23:21:09.083 UTC [55] LOG:  checkpoint starting: immediate force wait
2026-09-22T23:25:43.2303878Z  2026-09-22 23:21:09.086 UTC [55] LOG:  checkpoint complete: wrote 7 buffers (0.0%); 0 WAL file(s) added, 0 removed, 1 recycled; write=0.001 s, sync=0.001 s, total=0.004 s; sync files=7, longest=0.001 s, average=0.001 s; distance=6451 kB, estimate=7066 kB; lsn=0/33558B58, redo lsn=0/33558B00
2026-09-22T23:25:43.2304928Z  2026-09-22 23:21:10.411 UTC [55] LOG:  checkpoint starting: immediate force wait
2026-09-22T23:25:43.2305972Z  2026-09-22 23:21:10.414 UTC [55] LOG:  checkpoint complete: wrote 7 buffers (0.0%); 0 WAL file(s) added, 0 removed, 0 recycled; write=0.001 s, sync=0.001 s, total=0.003 s; sync files=7, longest=0.001 s, average=0.001 s; distance=6449 kB, estimate=7004 kB; lsn=0/33BA52C0, redo lsn=0/33BA5268
2026-09-22T23:25:43.2307025Z  2026-09-22 23:21:11.730 UTC [55] LOG:  checkpoint starting: immediate force wait
2026-09-22T23:25:43.2308077Z  2026-09-22 23:21:11.733 UTC [55] LOG:  checkpoint complete: wrote 7 buffers (0.0%); 0 WAL file(s) added, 0 removed, 1 recycled; write=0.001 s, sync=0.001 s, total=0.003 s; sync files=7, longest=0.001 s, average=0.001 s; distance=6450 kB, estimate=6949 kB; lsn=0/341F1D98, redo lsn=0/341F1D40
2026-09-22T23:25:43.2309262Z  2026-09-22 23:21:13.058 UTC [55] LOG:  checkpoint starting: immediate force wait
2026-09-22T23:25:43.2310314Z  2026-09-22 23:21:13.061 UTC [55] LOG:  checkpoint complete: wrote 7 buffers (0.0%); 0 WAL file(s) added, 0 removed, 0 recycled; write=0.001 s, sync=0.001 s, total=0.003 s; sync files=7, longest=0.001 s, average=0.001 s; distance=6450 kB, estimate=6899 kB; lsn=0/3483E930, redo lsn=0/3483E8D8
2026-09-22T23:25:43.2311362Z  2026-09-22 23:21:14.293 UTC [55] LOG:  checkpoint starting: immediate force wait
2026-09-22T23:25:43.2312405Z  2026-09-22 23:21:14.296 UTC [55] LOG:  checkpoint complete: wrote 7 buffers (0.0%); 0 WAL file(s) added, 0 removed, 0 recycled; write=0.001 s, sync=0.001 s, total=0.003 s; sync files=7, longest=0.001 s, average=0.001 s; distance=6445 kB, estimate=6853 kB; lsn=0/34E89D50, redo lsn=0/34E89CF8
2026-09-22T23:25:43.2313456Z  2026-09-22 23:21:15.616 UTC [55] LOG:  checkpoint starting: immediate force wait
2026-09-22T23:25:43.2314502Z  2026-09-22 23:21:15.619 UTC [55] LOG:  checkpoint complete: wrote 8 buffers (0.0%); 0 WAL file(s) added, 0 removed, 1 recycled; write=0.001 s, sync=0.001 s, total=0.004 s; sync files=7, longest=0.001 s, average=0.001 s; distance=6445 kB, estimate=6813 kB; lsn=0/354D5330, redo lsn=0/354D52D8
2026-09-22T23:25:43.2316045Z  2026-09-22 23:21:16.922 UTC [55] LOG:  checkpoint starting: immediate force wait
2026-09-22T23:25:43.2317100Z  2026-09-22 23:21:16.925 UTC [55] LOG:  checkpoint complete: wrote 7 buffers (0.0%); 0 WAL file(s) added, 0 removed, 0 recycled; write=0.001 s, sync=0.001 s, total=0.003 s; sync files=7, longest=0.001 s, average=0.001 s; distance=6447 kB, estimate=6776 kB; lsn=0/35B20F40, redo lsn=0/35B20EE8
2026-09-22T23:25:43.2318150Z  2026-09-22 23:21:18.254 UTC [55] LOG:  checkpoint starting: immediate force wait
2026-09-22T23:25:43.2319357Z  2026-09-22 23:21:18.257 UTC [55] LOG:  checkpoint complete: wrote 13 buffers (0.1%); 0 WAL file(s) added, 0 removed, 1 recycled; write=0.001 s, sync=0.001 s, total=0.004 s; sync files=11, longest=0.001 s, average=0.001 s; distance=6497 kB, estimate=6748 kB; lsn=0/361793A0, redo lsn=0/36179348
2026-09-22T23:25:43.2320570Z  2026-09-22 23:21:19.581 UTC [55] LOG:  checkpoint starting: immediate force wait
2026-09-22T23:25:43.2321607Z  2026-09-22 23:21:19.584 UTC [55] LOG:  checkpoint complete: wrote 7 buffers (0.0%); 0 WAL file(s) added, 0 removed, 0 recycled; write=0.001 s, sync=0.001 s, total=0.003 s; sync files=7, longest=0.001 s, average=0.001 s; distance=6446 kB, estimate=6718 kB; lsn=0/367C4F90, redo lsn=0/367C4F38
2026-09-22T23:25:43.2322658Z  2026-09-22 23:21:20.916 UTC [55] LOG:  checkpoint starting: immediate force wait
2026-09-22T23:25:43.2323806Z  2026-09-22 23:21:20.919 UTC [55] LOG:  checkpoint complete: wrote 7 buffers (0.0%); 0 WAL file(s) added, 0 removed, 0 recycled; write=0.001 s, sync=0.001 s, total=0.003 s; sync files=7, longest=0.001 s, average=0.001 s; distance=6448 kB, estimate=6691 kB; lsn=0/36E11348, redo lsn=0/36E112F0
2026-09-22T23:25:43.2324849Z  2026-09-22 23:21:22.278 UTC [55] LOG:  checkpoint starting: immediate force wait
2026-09-22T23:25:43.2325906Z  2026-09-22 23:21:22.281 UTC [55] LOG:  checkpoint complete: wrote 7 buffers (0.0%); 0 WAL file(s) added, 0 removed, 1 recycled; write=0.001 s, sync=0.001 s, total=0.003 s; sync files=7, longest=0.001 s, average=0.001 s; distance=6449 kB, estimate=6667 kB; lsn=0/3745DA48, redo lsn=0/3745D9F0
2026-09-22T23:25:43.2326948Z  2026-09-22 23:21:23.652 UTC [55] LOG:  checkpoint starting: immediate force wait
2026-09-22T23:25:43.2327992Z  2026-09-22 23:21:23.654 UTC [55] LOG:  checkpoint complete: wrote 7 buffers (0.0%); 0 WAL file(s) added, 0 removed, 0 recycled; write=0.001 s, sync=0.001 s, total=0.003 s; sync files=7, longest=0.001 s, average=0.001 s; distance=6450 kB, estimate=6645 kB; lsn=0/37AAA278, redo lsn=0/37AAA220
2026-09-22T23:25:43.2329175Z  2026-09-22 23:21:25.001 UTC [55] LOG:  checkpoint starting: immediate force wait
2026-09-22T23:25:43.2330218Z  2026-09-22 23:21:25.005 UTC [55] LOG:  checkpoint complete: wrote 7 buffers (0.0%); 0 WAL file(s) added, 0 removed, 1 recycled; write=0.001 s, sync=0.001 s, total=0.004 s; sync files=7, longest=0.001 s, average=0.001 s; distance=6450 kB, estimate=6626 kB; lsn=0/380F6BC0, redo lsn=0/380F6B68
2026-09-22T23:25:43.2331272Z  2026-09-22 23:21:26.361 UTC [55] LOG:  checkpoint starting: immediate force wait
2026-09-22T23:25:43.2332309Z  2026-09-22 23:21:26.363 UTC [55] LOG:  checkpoint complete: wrote 7 buffers (0.0%); 0 WAL file(s) added, 0 removed, 0 recycled; write=0.001 s, sync=0.001 s, total=0.003 s; sync files=7, longest=0.001 s, average=0.001 s; distance=6445 kB, estimate=6608 kB; lsn=0/38742348, redo lsn=0/387422F0
2026-09-22T23:25:43.2333365Z  2026-09-22 23:21:27.710 UTC [55] LOG:  checkpoint starting: immediate force wait
2026-09-22T23:25:43.2334408Z  2026-09-22 23:21:27.712 UTC [55] LOG:  checkpoint complete: wrote 7 buffers (0.0%); 0 WAL file(s) added, 0 removed, 0 recycled; write=0.001 s, sync=0.001 s, total=0.003 s; sync files=7, longest=0.001 s, average=0.001 s; distance=6449 kB, estimate=6592 kB; lsn=0/38D8EAC8, redo lsn=0/38D8EA70
2026-09-22T23:25:43.2335557Z  2026-09-22 23:21:29.046 UTC [2623] FATAL:  terminating autovacuum process due to administrator command
2026-09-22T23:25:43.2336104Z  2026-09-22 23:21:29.148 UTC [55] LOG:  checkpoint starting: immediate force wait
2026-09-22T23:25:43.2337154Z  2026-09-22 23:21:29.151 UTC [55] LOG:  checkpoint complete: wrote 7 buffers (0.0%); 0 WAL file(s) added, 0 removed, 1 recycled; write=0.001 s, sync=0.001 s, total=0.004 s; sync files=7, longest=0.001 s, average=0.001 s; distance=6539 kB, estimate=6586 kB; lsn=0/393F17D0, redo lsn=0/393F1778
2026-09-22T23:25:43.2338215Z  2026-09-22 23:21:30.480 UTC [55] LOG:  checkpoint starting: immediate force wait
2026-09-22T23:25:43.2339393Z  2026-09-22 23:21:30.483 UTC [55] LOG:  checkpoint complete: wrote 7 buffers (0.0%); 0 WAL file(s) added, 0 removed, 0 recycled; write=0.001 s, sync=0.001 s, total=0.003 s; sync files=7, longest=0.001 s, average=0.001 s; distance=6451 kB, estimate=6573 kB; lsn=0/39A3E758, redo lsn=0/39A3E700
2026-09-22T23:25:43.2340613Z  2026-09-22 23:21:31.807 UTC [55] LOG:  checkpoint starting: immediate force wait
2026-09-22T23:25:43.2341667Z  2026-09-22 23:21:31.811 UTC [55] LOG:  checkpoint complete: wrote 7 buffers (0.0%); 0 WAL file(s) added, 0 removed, 1 recycled; write=0.001 s, sync=0.001 s, total=0.004 s; sync files=7, longest=0.001 s, average=0.001 s; distance=6447 kB, estimate=6560 kB; lsn=0/3A08A6D8, redo lsn=0/3A08A680
2026-09-22T23:25:43.2342718Z  2026-09-22 23:21:33.148 UTC [55] LOG:  checkpoint starting: immediate force wait
2026-09-22T23:25:43.2343776Z  2026-09-22 23:21:33.151 UTC [55] LOG:  checkpoint complete: wrote 7 buffers (0.0%); 0 WAL file(s) added, 0 removed, 0 recycled; write=0.001 s, sync=0.001 s, total=0.003 s; sync files=7, longest=0.001 s, average=0.001 s; distance=6453 kB, estimate=6550 kB; lsn=0/3A6D7BA8, redo lsn=0/3A6D7B50
2026-09-22T23:25:43.2344939Z  2026-09-22 23:21:34.478 UTC [55] LOG:  checkpoint starting: immediate force wait
2026-09-22T23:25:43.2345990Z  2026-09-22 23:21:34.481 UTC [55] LOG:  checkpoint complete: wrote 7 buffers (0.0%); 0 WAL file(s) added, 0 removed, 0 recycled; write=0.001 s, sync=0.001 s, total=0.003 s; sync files=7, longest=0.001 s, average=0.001 s; distance=6452 kB, estimate=6540 kB; lsn=0/3AD24DB0, redo lsn=0/3AD24D58
2026-09-22T23:25:43.2347049Z  2026-09-22 23:21:35.804 UTC [55] LOG:  checkpoint starting: immediate force wait
2026-09-22T23:25:43.2348096Z  2026-09-22 23:21:35.807 UTC [55] LOG:  checkpoint complete: wrote 7 buffers (0.0%); 0 WAL file(s) added, 0 removed, 1 recycled; write=0.001 s, sync=0.001 s, total=0.004 s; sync files=7, longest=0.001 s, average=0.001 s; distance=6453 kB, estimate=6531 kB; lsn=0/3B372360, redo lsn=0/3B372308
2026-09-22T23:25:43.2349363Z  2026-09-22 23:21:37.129 UTC [55] LOG:  checkpoint starting: immediate force wait
2026-09-22T23:25:43.2350420Z  2026-09-22 23:21:37.131 UTC [55] LOG:  checkpoint complete: wrote 7 buffers (0.0%); 0 WAL file(s) added, 0 removed, 0 recycled; write=0.001 s, sync=0.001 s, total=0.003 s; sync files=7, longest=0.001 s, average=0.001 s; distance=6453 kB, estimate=6523 kB; lsn=0/3B9BFAB0, redo lsn=0/3B9BFA58
2026-09-22T23:25:43.2351482Z  2026-09-22 23:21:38.470 UTC [55] LOG:  checkpoint starting: immediate force wait
2026-09-22T23:25:43.2352528Z  2026-09-22 23:21:38.473 UTC [55] LOG:  checkpoint complete: wrote 7 buffers (0.0%); 0 WAL file(s) added, 0 removed, 1 recycled; write=0.001 s, sync=0.001 s, total=0.003 s; sync files=7, longest=0.001 s, average=0.001 s; distance=6454 kB, estimate=6516 kB; lsn=0/3C00D328, redo lsn=0/3C00D2D0
2026-09-22T23:25:43.2353572Z  2026-09-22 23:21:39.818 UTC [55] LOG:  checkpoint starting: immediate force wait
2026-09-22T23:25:43.2354626Z  2026-09-22 23:21:39.820 UTC [55] LOG:  checkpoint complete: wrote 7 buffers (0.0%); 0 WAL file(s) added, 0 removed, 0 recycled; write=0.001 s, sync=0.001 s, total=0.003 s; sync files=7, longest=0.001 s, average=0.001 s; distance=6455 kB, estimate=6510 kB; lsn=0/3C65B1A8, redo lsn=0/3C65B150
2026-09-22T23:25:43.2355763Z  2026-09-22 23:21:41.122 UTC [2711] FATAL:  terminating autovacuum process due to administrator command
2026-09-22T23:25:43.2356310Z  2026-09-22 23:21:41.223 UTC [55] LOG:  checkpoint starting: immediate force wait
2026-09-22T23:25:43.2357355Z  2026-09-22 23:21:41.226 UTC [55] LOG:  checkpoint complete: wrote 8 buffers (0.0%); 0 WAL file(s) added, 0 removed, 0 recycled; write=0.001 s, sync=0.001 s, total=0.004 s; sync files=7, longest=0.001 s, average=0.001 s; distance=6476 kB, estimate=6507 kB; lsn=0/3CCAE4D8, redo lsn=0/3CCAE480
2026-09-22T23:25:43.2358410Z  2026-09-22 23:21:42.560 UTC [55] LOG:  checkpoint starting: immediate force wait
2026-09-22T23:25:43.2359590Z  2026-09-22 23:21:42.563 UTC [55] LOG:  checkpoint complete: wrote 7 buffers (0.0%); 0 WAL file(s) added, 0 removed, 1 recycled; write=0.001 s, sync=0.001 s, total=0.004 s; sync files=7, longest=0.001 s, average=0.001 s; distance=6455 kB, estimate=6502 kB; lsn=0/3D2FC2E0, redo lsn=0/3D2FC288
2026-09-22T23:25:43.2360653Z  2026-09-22 23:21:43.901 UTC [55] LOG:  checkpoint starting: immediate force wait
2026-09-22T23:25:43.2361876Z  2026-09-22 23:21:43.904 UTC [55] LOG:  checkpoint complete: wrote 7 buffers (0.0%); 0 WAL file(s) added, 0 removed, 0 recycled; write=0.001 s, sync=0.001 s, total=0.003 s; sync files=7, longest=0.001 s, average=0.001 s; distance=6456 kB, estimate=6497 kB; lsn=0/3D94A350, redo lsn=0/3D94A2F8
2026-09-22T23:25:43.2362944Z  2026-09-22 23:21:45.240 UTC [55] LOG:  checkpoint starting: immediate force wait
2026-09-22T23:25:43.2363997Z  2026-09-22 23:21:45.242 UTC [55] LOG:  checkpoint complete: wrote 7 buffers (0.0%); 0 WAL file(s) added, 0 removed, 0 recycled; write=0.001 s, sync=0.001 s, total=0.003 s; sync files=7, longest=0.001 s, average=0.001 s; distance=6456 kB, estimate=6493 kB; lsn=0/3DF98580, redo lsn=0/3DF98528
2026-09-22T23:25:43.2365156Z  2026-09-22 23:21:46.479 UTC [55] LOG:  checkpoint starting: immediate force wait
2026-09-22T23:25:43.2366210Z  2026-09-22 23:21:46.482 UTC [55] LOG:  checkpoint complete: wrote 7 buffers (0.0%); 0 WAL file(s) added, 0 removed, 1 recycled; write=0.001 s, sync=0.001 s, total=0.003 s; sync files=7, longest=0.001 s, average=0.001 s; distance=6450 kB, estimate=6489 kB; lsn=0/3E5E5038, redo lsn=0/3E5E4FE0
2026-09-22T23:25:43.2367269Z  2026-09-22 23:21:47.826 UTC [55] LOG:  checkpoint starting: immediate force wait
2026-09-22T23:25:43.2368320Z  2026-09-22 23:21:47.829 UTC [55] LOG:  checkpoint complete: wrote 7 buffers (0.0%); 0 WAL file(s) added, 0 removed, 0 recycled; write=0.001 s, sync=0.001 s, total=0.003 s; sync files=7, longest=0.001 s, average=0.001 s; distance=6452 kB, estimate=6485 kB; lsn=0/3EC32330, redo lsn=0/3EC322D8
2026-09-22T23:25:43.2369492Z  2026-09-22 23:21:49.484 UTC [55] LOG:  checkpoint starting: immediate force wait
2026-09-22T23:25:43.2370545Z  2026-09-22 23:21:49.487 UTC [55] LOG:  checkpoint complete: wrote 7 buffers (0.0%); 0 WAL file(s) added, 0 removed, 1 recycled; write=0.001 s, sync=0.001 s, total=0.004 s; sync files=7, longest=0.001 s, average=0.001 s; distance=6464 kB, estimate=6483 kB; lsn=0/3F282650, redo lsn=0/3F2825F8
2026-09-22T23:25:43.2371602Z  2026-09-22 23:21:51.156 UTC [55] LOG:  checkpoint starting: immediate force wait
2026-09-22T23:25:43.2372656Z  2026-09-22 23:21:51.159 UTC [55] LOG:  checkpoint complete: wrote 7 buffers (0.0%); 0 WAL file(s) added, 0 removed, 0 recycled; write=0.001 s, sync=0.001 s, total=0.004 s; sync files=7, longest=0.001 s, average=0.001 s; distance=6465 kB, estimate=6481 kB; lsn=0/3F8D2BE0, redo lsn=0/3F8D2B88
2026-09-22T23:25:43.2373708Z  2026-09-22 23:21:52.804 UTC [55] LOG:  checkpoint starting: immediate force wait
2026-09-22T23:25:43.2374748Z  2026-09-22 23:21:52.807 UTC [55] LOG:  checkpoint complete: wrote 7 buffers (0.0%); 0 WAL file(s) added, 0 removed, 0 recycled; write=0.001 s, sync=0.001 s, total=0.004 s; sync files=7, longest=0.001 s, average=0.001 s; distance=6461 kB, estimate=6479 kB; lsn=0/3FF22128, redo lsn=0/3FF220D0
2026-09-22T23:25:43.2375797Z  2026-09-22 23:21:54.528 UTC [55] LOG:  checkpoint starting: immediate force wait
2026-09-22T23:25:43.2376845Z  2026-09-22 23:21:54.531 UTC [55] LOG:  checkpoint complete: wrote 7 buffers (0.0%); 0 WAL file(s) added, 0 removed, 1 recycled; write=0.001 s, sync=0.001 s, total=0.003 s; sync files=7, longest=0.001 s, average=0.001 s; distance=6472 kB, estimate=6478 kB; lsn=0/40574520, redo lsn=0/405744C8
2026-09-22T23:25:43.2377941Z  2026-09-22 23:21:56.223 UTC [55] LOG:  checkpoint starting: immediate force wait
2026-09-22T23:25:43.2379097Z  2026-09-22 23:21:56.226 UTC [55] LOG:  checkpoint complete: wrote 7 buffers (0.0%); 0 WAL file(s) added, 0 removed, 0 recycled; write=0.001 s, sync=0.001 s, total=0.004 s; sync files=7, longest=0.001 s, average=0.001 s; distance=6463 kB, estimate=6477 kB; lsn=0/40BC4198, redo lsn=0/40BC4140
2026-09-22T23:25:43.2380153Z  2026-09-22 23:21:58.789 UTC [55] LOG:  checkpoint starting: immediate force wait
2026-09-22T23:25:43.2381206Z  2026-09-22 23:21:58.792 UTC [55] LOG:  checkpoint complete: wrote 7 buffers (0.0%); 0 WAL file(s) added, 0 removed, 1 recycled; write=0.001 s, sync=0.001 s, total=0.004 s; sync files=7, longest=0.001 s, average=0.001 s; distance=6461 kB, estimate=6475 kB; lsn=0/412136D0, redo lsn=0/41213678
2026-09-22T23:25:43.2382383Z  2026-09-22 23:22:00.436 UTC [55] LOG:  checkpoint starting: immediate force wait
2026-09-22T23:25:43.2383428Z  2026-09-22 23:22:00.439 UTC [55] LOG:  checkpoint complete: wrote 7 buffers (0.0%); 0 WAL file(s) added, 0 removed, 0 recycled; write=0.001 s, sync=0.001 s, total=0.003 s; sync files=7, longest=0.001 s, average=0.001 s; distance=6461 kB, estimate=6474 kB; lsn=0/41862C38, redo lsn=0/41862BE0
2026-09-22T23:25:43.2384474Z  2026-09-22 23:22:02.122 UTC [55] LOG:  checkpoint starting: immediate force wait
2026-09-22T23:25:43.2385641Z  2026-09-22 23:22:02.124 UTC [55] LOG:  checkpoint complete: wrote 7 buffers (0.0%); 0 WAL file(s) added, 0 removed, 0 recycled; write=0.001 s, sync=0.001 s, total=0.003 s; sync files=7, longest=0.001 s, average=0.001 s; distance=6464 kB, estimate=6473 kB; lsn=0/41EB2DC8, redo lsn=0/41EB2D70
2026-09-22T23:25:43.2386695Z  2026-09-22 23:22:03.804 UTC [55] LOG:  checkpoint starting: immediate force wait
2026-09-22T23:25:43.2387741Z  2026-09-22 23:22:03.807 UTC [55] LOG:  checkpoint complete: wrote 7 buffers (0.0%); 0 WAL file(s) added, 0 removed, 1 recycled; write=0.001 s, sync=0.001 s, total=0.003 s; sync files=7, longest=0.001 s, average=0.001 s; distance=6462 kB, estimate=6472 kB; lsn=0/42502910, redo lsn=0/425028B8
2026-09-22T23:25:43.2388789Z  2026-09-22 23:22:05.449 UTC [55] LOG:  checkpoint starting: immediate force wait
2026-09-22T23:25:43.2389945Z  2026-09-22 23:22:05.451 UTC [55] LOG:  checkpoint complete: wrote 8 buffers (0.0%); 0 WAL file(s) added, 0 removed, 0 recycled; write=0.001 s, sync=0.001 s, total=0.003 s; sync files=8, longest=0.001 s, average=0.001 s; distance=6563 kB, estimate=6563 kB; lsn=0/42B6B878, redo lsn=0/42B6B820
2026-09-22T23:25:43.2391006Z  2026-09-22 23:22:07.151 UTC [55] LOG:  checkpoint starting: immediate force wait
2026-09-22T23:25:43.2392050Z  2026-09-22 23:22:07.154 UTC [55] LOG:  checkpoint complete: wrote 7 buffers (0.0%); 0 WAL file(s) added, 0 removed, 1 recycled; write=0.001 s, sync=0.001 s, total=0.004 s; sync files=7, longest=0.001 s, average=0.001 s; distance=6458 kB, estimate=6553 kB; lsn=0/431BA0C0, redo lsn=0/431BA068
2026-09-22T23:25:43.2393102Z  2026-09-22 23:22:08.779 UTC [55] LOG:  checkpoint starting: immediate force wait
2026-09-22T23:25:43.2394154Z  2026-09-22 23:22:08.782 UTC [55] LOG:  checkpoint complete: wrote 7 buffers (0.0%); 0 WAL file(s) added, 0 removed, 0 recycled; write=0.001 s, sync=0.001 s, total=0.003 s; sync files=7, longest=0.001 s, average=0.001 s; distance=6457 kB, estimate=6543 kB; lsn=0/438085B0, redo lsn=0/43808558
2026-09-22T23:25:43.2395204Z  2026-09-22 23:22:10.481 UTC [55] LOG:  checkpoint starting: immediate force wait
2026-09-22T23:25:43.2396256Z  2026-09-22 23:22:10.484 UTC [55] LOG:  checkpoint complete: wrote 8 buffers (0.0%); 0 WAL file(s) added, 0 removed, 0 recycled; write=0.001 s, sync=0.001 s, total=0.004 s; sync files=7, longest=0.001 s, average=0.001 s; distance=6457 kB, estimate=6535 kB; lsn=0/43E56D50, redo lsn=0/43E56CF8
2026-09-22T23:25:43.2397309Z  2026-09-22 23:22:12.165 UTC [55] LOG:  checkpoint starting: immediate force wait
2026-09-22T23:25:43.2398353Z  2026-09-22 23:22:12.168 UTC [55] LOG:  checkpoint complete: wrote 7 buffers (0.0%); 0 WAL file(s) added, 0 removed, 1 recycled; write=0.001 s, sync=0.001 s, total=0.003 s; sync files=7, longest=0.001 s, average=0.001 s; distance=6458 kB, estimate=6527 kB; lsn=0/444A58A0, redo lsn=0/444A5848
2026-09-22T23:25:43.2399520Z  2026-09-22 23:22:13.833 UTC [55] LOG:  checkpoint starting: immediate force wait
2026-09-22T23:25:43.2400573Z  2026-09-22 23:22:13.836 UTC [55] LOG:  checkpoint complete: wrote 7 buffers (0.0%); 0 WAL file(s) added, 0 removed, 0 recycled; write=0.001 s, sync=0.001 s, total=0.004 s; sync files=7, longest=0.001 s, average=0.001 s; distance=6458 kB, estimate=6520 kB; lsn=0/44AF4498, redo lsn=0/44AF4440
2026-09-22T23:25:43.2401626Z  2026-09-22 23:22:15.488 UTC [55] LOG:  checkpoint starting: immediate force wait
2026-09-22T23:25:43.2402805Z  2026-09-22 23:22:15.491 UTC [55] LOG:  checkpoint complete: wrote 7 buffers (0.0%); 0 WAL file(s) added, 0 removed, 1 recycled; write=0.001 s, sync=0.001 s, total=0.003 s; sync files=7, longest=0.001 s, average=0.001 s; distance=6460 kB, estimate=6514 kB; lsn=0/45143768, redo lsn=0/45143710
2026-09-22T23:25:43.2403852Z  2026-09-22 23:22:17.162 UTC [55] LOG:  checkpoint starting: immediate force wait
2026-09-22T23:25:43.2404899Z  2026-09-22 23:22:17.166 UTC [55] LOG:  checkpoint complete: wrote 7 buffers (0.0%); 0 WAL file(s) added, 0 removed, 0 recycled; write=0.001 s, sync=0.001 s, total=0.004 s; sync files=7, longest=0.001 s, average=0.001 s; distance=6459 kB, estimate=6509 kB; lsn=0/45792728, redo lsn=0/457926D0
2026-09-22T23:25:43.2406095Z  2026-09-22 23:22:18.849 UTC [55] LOG:  checkpoint starting: immediate force wait
2026-09-22T23:25:43.2407165Z  2026-09-22 23:22:18.852 UTC [55] LOG:  checkpoint complete: wrote 19 buffers (0.1%); 0 WAL file(s) added, 0 removed, 0 recycled; write=0.001 s, sync=0.001 s, total=0.004 s; sync files=13, longest=0.001 s, average=0.001 s; distance=6482 kB, estimate=6506 kB; lsn=0/45DE7070, redo lsn=0/45DE7018
2026-09-22T23:25:43.2408222Z  2026-09-22 23:22:20.511 UTC [55] LOG:  checkpoint starting: immediate force wait
2026-09-22T23:25:43.2409374Z  2026-09-22 23:22:20.515 UTC [55] LOG:  checkpoint complete: wrote 7 buffers (0.0%); 0 WAL file(s) added, 0 removed, 1 recycled; write=0.001 s, sync=0.001 s, total=0.004 s; sync files=7, longest=0.001 s, average=0.001 s; distance=6449 kB, estimate=6500 kB; lsn=0/46433738, redo lsn=0/464336E0
2026-09-22T23:25:43.2410419Z  2026-09-22 23:22:22.188 UTC [55] LOG:  checkpoint starting: immediate force wait
2026-09-22T23:25:43.2411467Z  2026-09-22 23:22:22.191 UTC [55] LOG:  checkpoint complete: wrote 7 buffers (0.0%); 0 WAL file(s) added, 0 removed, 0 recycled; write=0.001 s, sync=0.001 s, total=0.003 s; sync files=7, longest=0.001 s, average=0.001 s; distance=6450 kB, estimate=6495 kB; lsn=0/46A80070, redo lsn=0/46A80018
2026-09-22T23:25:43.2412521Z  2026-09-22 23:22:23.882 UTC [55] LOG:  checkpoint starting: immediate force wait
2026-09-22T23:25:43.2413564Z  2026-09-22 23:22:23.885 UTC [55] LOG:  checkpoint complete: wrote 7 buffers (0.0%); 0 WAL file(s) added, 0 removed, 1 recycled; write=0.001 s, sync=0.001 s, total=0.004 s; sync files=7, longest=0.001 s, average=0.001 s; distance=6451 kB, estimate=6491 kB; lsn=0/470CCF78, redo lsn=0/470CCF20
2026-09-22T23:25:43.2414617Z  2026-09-22 23:22:25.578 UTC [55] LOG:  checkpoint starting: immediate force wait
2026-09-22T23:25:43.2415662Z  2026-09-22 23:22:25.581 UTC [55] LOG:  checkpoint complete: wrote 7 buffers (0.0%); 0 WAL file(s) added, 0 removed, 0 recycled; write=0.001 s, sync=0.001 s, total=0.003 s; sync files=7, longest=0.001 s, average=0.001 s; distance=6451 kB, estimate=6487 kB; lsn=0/47719CE8, redo lsn=0/47719C90
2026-09-22T23:25:43.2416705Z  2026-09-22 23:22:27.259 UTC [55] LOG:  checkpoint starting: immediate force wait
2026-09-22T23:25:43.2417757Z  2026-09-22 23:22:27.262 UTC [55] LOG:  checkpoint complete: wrote 7 buffers (0.0%); 0 WAL file(s) added, 0 removed, 0 recycled; write=0.001 s, sync=0.001 s, total=0.003 s; sync files=7, longest=0.001 s, average=0.001 s; distance=6451 kB, estimate=6483 kB; lsn=0/47D66CA8, redo lsn=0/47D66C50
2026-09-22T23:25:43.2418805Z  2026-09-22 23:22:28.954 UTC [55] LOG:  checkpoint starting: immediate force wait
2026-09-22T23:25:43.2419962Z  2026-09-22 23:22:28.959 UTC [55] LOG:  checkpoint complete: wrote 7 buffers (0.0%); 0 WAL file(s) added, 0 removed, 1 recycled; write=0.001 s, sync=0.001 s, total=0.005 s; sync files=7, longest=0.001 s, average=0.001 s; distance=6452 kB, estimate=6480 kB; lsn=0/483B3E28, redo lsn=0/483B3DD0
2026-09-22T23:25:43.2421015Z  2026-09-22 23:22:30.666 UTC [55] LOG:  checkpoint starting: immediate force wait
2026-09-22T23:25:43.2422059Z  2026-09-22 23:22:30.669 UTC [55] LOG:  checkpoint complete: wrote 7 buffers (0.0%); 0 WAL file(s) added, 0 removed, 0 recycled; write=0.001 s, sync=0.001 s, total=0.003 s; sync files=7, longest=0.001 s, average=0.001 s; distance=6457 kB, estimate=6478 kB; lsn=0/48A02310, redo lsn=0/48A022B8
2026-09-22T23:25:43.2423249Z  2026-09-22 23:22:32.320 UTC [55] LOG:  checkpoint starting: immediate force wait
2026-09-22T23:25:43.2424290Z  2026-09-22 23:22:32.323 UTC [55] LOG:  checkpoint complete: wrote 7 buffers (0.0%); 0 WAL file(s) added, 0 removed, 1 recycled; write=0.001 s, sync=0.001 s, total=0.003 s; sync files=7, longest=0.001 s, average=0.001 s; distance=6453 kB, estimate=6475 kB; lsn=0/4904F7C8, redo lsn=0/4904F770
2026-09-22T23:25:43.2425340Z  2026-09-22 23:22:34.023 UTC [55] LOG:  checkpoint starting: immediate force wait
2026-09-22T23:25:43.2426488Z  2026-09-22 23:22:34.026 UTC [55] LOG:  checkpoint complete: wrote 7 buffers (0.0%); 0 WAL file(s) added, 0 removed, 0 recycled; write=0.001 s, sync=0.001 s, total=0.004 s; sync files=7, longest=0.001 s, average=0.001 s; distance=6455 kB, estimate=6473 kB; lsn=0/4969D460, redo lsn=0/4969D408
2026-09-22T23:25:43.2427541Z  2026-09-22 23:22:35.663 UTC [55] LOG:  checkpoint starting: immediate force wait
2026-09-22T23:25:43.2428581Z  2026-09-22 23:22:35.666 UTC [55] LOG:  checkpoint complete: wrote 7 buffers (0.0%); 0 WAL file(s) added, 0 removed, 0 recycled; write=0.001 s, sync=0.001 s, total=0.003 s; sync files=7, longest=0.001 s, average=0.001 s; distance=6454 kB, estimate=6471 kB; lsn=0/49CEAD90, redo lsn=0/49CEAD38
2026-09-22T23:25:43.2429747Z  2026-09-22 23:22:37.336 UTC [55] LOG:  checkpoint starting: immediate force wait
2026-09-22T23:25:43.2430802Z  2026-09-22 23:22:37.339 UTC [55] LOG:  checkpoint complete: wrote 7 buffers (0.0%); 0 WAL file(s) added, 0 removed, 1 recycled; write=0.001 s, sync=0.001 s, total=0.004 s; sync files=7, longest=0.001 s, average=0.001 s; distance=6462 kB, estimate=6470 kB; lsn=0/4A33A770, redo lsn=0/4A33A718
2026-09-22T23:25:43.2431844Z  2026-09-22 23:22:39.006 UTC [55] LOG:  checkpoint starting: immediate force wait
2026-09-22T23:25:43.2432899Z  2026-09-22 23:22:39.008 UTC [55] LOG:  checkpoint complete: wrote 7 buffers (0.0%); 0 WAL file(s) added, 0 removed, 0 recycled; write=0.001 s, sync=0.001 s, total=0.003 s; sync files=7, longest=0.001 s, average=0.001 s; distance=6455 kB, estimate=6469 kB; lsn=0/4A988660, redo lsn=0/4A988608
2026-09-22T23:25:43.2433937Z  2026-09-22 23:22:40.640 UTC [55] LOG:  checkpoint starting: immediate force wait
2026-09-22T23:25:43.2434978Z  2026-09-22 23:22:40.643 UTC [55] LOG:  checkpoint complete: wrote 8 buffers (0.0%); 0 WAL file(s) added, 0 removed, 0 recycled; write=0.001 s, sync=0.001 s, total=0.003 s; sync files=7, longest=0.001 s, average=0.001 s; distance=6457 kB, estimate=6468 kB; lsn=0/4AFD6B78, redo lsn=0/4AFD6B20
2026-09-22T23:25:43.2436039Z  2026-09-22 23:22:42.309 UTC [55] LOG:  checkpoint starting: immediate force wait
2026-09-22T23:25:43.2437085Z  2026-09-22 23:22:42.313 UTC [55] LOG:  checkpoint complete: wrote 7 buffers (0.0%); 0 WAL file(s) added, 0 removed, 1 recycled; write=0.001 s, sync=0.001 s, total=0.004 s; sync files=7, longest=0.001 s, average=0.001 s; distance=6462 kB, estimate=6467 kB; lsn=0/4B626528, redo lsn=0/4B6264D0
2026-09-22T23:25:43.2438305Z  2026-09-22 23:22:43.840 UTC [3124] ERROR:  new row for relation "tasks" violates check constraint "tasks_execution_limits_check"
2026-09-22T23:25:43.2440447Z  2026-09-22 23:22:43.840 UTC [3124] DETAIL:  Failing row contains (00000000-0000-0000-0000-000000000003, 00000000-0000-0000-0000-000000000002, 00000000-0000-0000-0000-000000000001, Deliver, Correct the retained application under unchanged source and poli..., claimed, 00000000-0000-0000-0000-000000000005, 2026-09-22 23:22:43.037016+00, 2026-09-22 23:22:43.498441+00, deliver, {"model": "fixture-model", "objective": "Correct the retained ap..., 0, 2, 3, codex, {"checks": [{"path": "result.md", "type": "file", "min_bytes": 1..., pending, 2).
2026-09-22T23:25:43.2442456Z  2026-09-22 23:22:43.840 UTC [3124] STATEMENT:  UPDATE tasks SET attempt_count=attempt_count+1 WHERE corp_id=$1 AND id=$2
2026-09-22T23:25:43.2443183Z  2026-09-22 23:22:44.080 UTC [55] LOG:  checkpoint starting: immediate force wait
2026-09-22T23:25:43.2444247Z  2026-09-22 23:22:44.083 UTC [55] LOG:  checkpoint complete: wrote 7 buffers (0.0%); 0 WAL file(s) added, 0 removed, 0 recycled; write=0.001 s, sync=0.001 s, total=0.003 s; sync files=7, longest=0.001 s, average=0.001 s; distance=6457 kB, estimate=6466 kB; lsn=0/4BC749C0, redo lsn=0/4BC74968
2026-09-22T23:25:43.2445359Z  2026-09-22 23:22:46.146 UTC [55] LOG:  checkpoint starting: immediate force wait
2026-09-22T23:25:43.2446523Z  2026-09-22 23:22:46.150 UTC [55] LOG:  checkpoint complete: wrote 7 buffers (0.0%); 0 WAL file(s) added, 0 removed, 1 recycled; write=0.001 s, sync=0.002 s, total=0.005 s; sync files=7, longest=0.001 s, average=0.001 s; distance=6459 kB, estimate=6465 kB; lsn=0/4C2C3780, redo lsn=0/4C2C3728
2026-09-22T23:25:43.2447577Z  2026-09-22 23:22:47.474 UTC [55] LOG:  checkpoint starting: immediate force wait
2026-09-22T23:25:43.2448619Z  2026-09-22 23:22:47.477 UTC [55] LOG:  checkpoint complete: wrote 7 buffers (0.0%); 0 WAL file(s) added, 0 removed, 0 recycled; write=0.001 s, sync=0.001 s, total=0.003 s; sync files=7, longest=0.001 s, average=0.001 s; distance=6457 kB, estimate=6465 kB; lsn=0/4C911E28, redo lsn=0/4C911DD0
2026-09-22T23:25:43.2449789Z  2026-09-22 23:22:48.665 UTC [55] LOG:  checkpoint starting: immediate force wait
2026-09-22T23:25:43.2450832Z  2026-09-22 23:22:48.667 UTC [55] LOG:  checkpoint complete: wrote 7 buffers (0.0%); 0 WAL file(s) added, 0 removed, 0 recycled; write=0.001 s, sync=0.001 s, total=0.003 s; sync files=7, longest=0.001 s, average=0.001 s; distance=6434 kB, estimate=6461 kB; lsn=0/4CF5A870, redo lsn=0/4CF5A818
2026-09-22T23:25:43.2451870Z  2026-09-22 23:22:50.012 UTC [55] LOG:  checkpoint starting: immediate force wait
2026-09-22T23:25:43.2452932Z  2026-09-22 23:22:50.015 UTC [55] LOG:  checkpoint complete: wrote 7 buffers (0.0%); 0 WAL file(s) added, 0 removed, 1 recycled; write=0.001 s, sync=0.001 s, total=0.004 s; sync files=7, longest=0.001 s, average=0.001 s; distance=6446 kB, estimate=6460 kB; lsn=0/4D5A62C8, redo lsn=0/4D5A6270
2026-09-22T23:25:43.2453989Z  2026-09-22 23:22:51.512 UTC [55] LOG:  checkpoint starting: immediate force wait
2026-09-22T23:25:43.2455040Z  2026-09-22 23:22:51.514 UTC [55] LOG:  checkpoint complete: wrote 7 buffers (0.0%); 0 WAL file(s) added, 0 removed, 0 recycled; write=0.001 s, sync=0.001 s, total=0.003 s; sync files=7, longest=0.001 s, average=0.001 s; distance=6459 kB, estimate=6460 kB; lsn=0/4DBF5208, redo lsn=0/4DBF51B0
2026-09-22T23:25:43.2456088Z  2026-09-22 23:22:53.327 UTC [55] LOG:  checkpoint starting: immediate force wait
2026-09-22T23:25:43.2457140Z  2026-09-22 23:22:53.330 UTC [55] LOG:  checkpoint complete: wrote 7 buffers (0.0%); 0 WAL file(s) added, 0 removed, 1 recycled; write=0.001 s, sync=0.001 s, total=0.004 s; sync files=7, longest=0.001 s, average=0.001 s; distance=6555 kB, estimate=6555 kB; lsn=0/4E25C0C0, redo lsn=0/4E25C068
2026-09-22T23:25:43.2458200Z  2026-09-22 23:22:54.161 UTC [55] LOG:  checkpoint starting: immediate force wait
2026-09-22T23:25:43.2459351Z  2026-09-22 23:22:54.163 UTC [55] LOG:  checkpoint complete: wrote 7 buffers (0.0%); 0 WAL file(s) added, 0 removed, 0 recycled; write=0.001 s, sync=0.001 s, total=0.003 s; sync files=7, longest=0.001 s, average=0.001 s; distance=6408 kB, estimate=6540 kB; lsn=0/4E89E288, redo lsn=0/4E89E230
2026-09-22T23:25:43.2460403Z  2026-09-22 23:22:55.022 UTC [55] LOG:  checkpoint starting: immediate force wait
2026-09-22T23:25:43.2461451Z  2026-09-22 23:22:55.025 UTC [55] LOG:  checkpoint complete: wrote 7 buffers (0.0%); 0 WAL file(s) added, 0 removed, 0 recycled; write=0.001 s, sync=0.001 s, total=0.003 s; sync files=7, longest=0.001 s, average=0.001 s; distance=6412 kB, estimate=6528 kB; lsn=0/4EEE1598, redo lsn=0/4EEE1540
2026-09-22T23:25:43.2462495Z  2026-09-22 23:22:55.927 UTC [55] LOG:  checkpoint starting: immediate force wait
2026-09-22T23:25:43.2463544Z  2026-09-22 23:22:55.931 UTC [55] LOG:  checkpoint complete: wrote 7 buffers (0.0%); 0 WAL file(s) added, 0 removed, 1 recycled; write=0.001 s, sync=0.001 s, total=0.004 s; sync files=7, longest=0.001 s, average=0.001 s; distance=6416 kB, estimate=6516 kB; lsn=0/4F525598, redo lsn=0/4F525540
2026-09-22T23:25:43.2464716Z  2026-09-22 23:22:56.772 UTC [55] LOG:  checkpoint starting: immediate force wait
2026-09-22T23:25:43.2465764Z  2026-09-22 23:22:56.775 UTC [55] LOG:  checkpoint complete: wrote 7 buffers (0.0%); 0 WAL file(s) added, 0 removed, 0 recycled; write=0.001 s, sync=0.001 s, total=0.004 s; sync files=7, longest=0.001 s, average=0.001 s; distance=6410 kB, estimate=6506 kB; lsn=0/4FB67DE0, redo lsn=0/4FB67D88
2026-09-22T23:25:43.2466804Z  2026-09-22 23:22:57.558 UTC [3233] ERROR:  owned issue183 rollback fixture
2026-09-22T23:25:43.2467451Z  2026-09-22 23:22:57.558 UTC [3233] CONTEXT:  PL/pgSQL function issue183_reject_transition() line 2 at RAISE
2026-09-22T23:25:43.2467940Z  2026-09-22 23:22:57.558 UTC [3233] STATEMENT:
2026-09-22T23:25:43.2468241Z  	        UPDATE factory_work_items
2026-09-22T23:25:43.2468517Z  	        SET state = 'verification_failed',
2026-09-22T23:25:43.2468803Z  	            version = version + 1,
2026-09-22T23:25:43.2469180Z  	            failure_detail = $1,
2026-09-22T23:25:43.2469430Z  	            updated_at = now()
2026-09-22T23:25:43.2469684Z  	        WHERE id = $2 AND corp_id = $3
2026-09-22T23:25:43.2470018Z  	        RETURNING id, corp_id, source_kind, source_project_owner,
2026-09-22T23:25:43.2470418Z  	                  source_project_number, source_project_item_id,
2026-09-22T23:25:43.2470785Z  	                  source_repository_owner, source_repository_name,
2026-09-22T23:25:43.2471195Z  	                  source_issue_number, source_issue_node_id, source_issue_url,
2026-09-22T23:25:43.2471648Z  	                  source_title, source_revision, state, version, claim_owner_id,
2026-09-22T23:25:43.2472075Z  	                  lease_expires_at, policy, mission_id, failure_detail,
2026-09-22T23:25:43.2472431Z  	                  created_at, updated_at
2026-09-22T23:25:43.2472686Z
2026-09-22T23:25:43.2472981Z  2026-09-22 23:22:57.601 UTC [55] LOG:  checkpoint starting: immediate force wait
2026-09-22T23:25:43.2474069Z  2026-09-22 23:22:57.604 UTC [55] LOG:  checkpoint complete: wrote 7 buffers (0.0%); 0 WAL file(s) added, 0 removed, 1 recycled; write=0.001 s, sync=0.001 s, total=0.003 s; sync files=7, longest=0.001 s, average=0.001 s; distance=6409 kB, estimate=6496 kB; lsn=0/501AA318, redo lsn=0/501AA2C0
2026-09-22T23:25:43.2475140Z  2026-09-22 23:22:58.488 UTC [55] LOG:  checkpoint starting: immediate force wait
2026-09-22T23:25:43.2476211Z  2026-09-22 23:22:58.491 UTC [55] LOG:  checkpoint complete: wrote 7 buffers (0.0%); 0 WAL file(s) added, 0 removed, 0 recycled; write=0.001 s, sync=0.001 s, total=0.003 s; sync files=7, longest=0.001 s, average=0.001 s; distance=6416 kB, estimate=6488 kB; lsn=0/507EE660, redo lsn=0/507EE608
2026-09-22T23:25:43.2477292Z  2026-09-22 23:22:59.403 UTC [55] LOG:  checkpoint starting: immediate force wait
2026-09-22T23:25:43.2478343Z  2026-09-22 23:22:59.406 UTC [55] LOG:  checkpoint complete: wrote 7 buffers (0.0%); 0 WAL file(s) added, 0 removed, 0 recycled; write=0.001 s, sync=0.001 s, total=0.003 s; sync files=7, longest=0.001 s, average=0.001 s; distance=6433 kB, estimate=6483 kB; lsn=0/50E36B90, redo lsn=0/50E36B38
2026-09-22T23:25:43.2479509Z  2026-09-22 23:23:00.230 UTC [55] LOG:  checkpoint starting: immediate force wait
2026-09-22T23:25:43.2480555Z  2026-09-22 23:23:00.233 UTC [55] LOG:  checkpoint complete: wrote 7 buffers (0.0%); 0 WAL file(s) added, 0 removed, 1 recycled; write=0.001 s, sync=0.001 s, total=0.003 s; sync files=7, longest=0.001 s, average=0.001 s; distance=6410 kB, estimate=6475 kB; lsn=0/514793D8, redo lsn=0/51479380
2026-09-22T23:25:43.2481618Z  2026-09-22 23:23:01.006 UTC [55] LOG:  checkpoint starting: immediate force wait
2026-09-22T23:25:43.2482665Z  2026-09-22 23:23:01.009 UTC [55] LOG:  checkpoint complete: wrote 7 buffers (0.0%); 0 WAL file(s) added, 0 removed, 0 recycled; write=0.001 s, sync=0.001 s, total=0.004 s; sync files=7, longest=0.001 s, average=0.001 s; distance=6400 kB, estimate=6468 kB; lsn=0/51AB9650, redo lsn=0/51AB95F8
2026-09-22T23:25:43.2483843Z  2026-09-22 23:23:01.877 UTC [55] LOG:  checkpoint starting: immediate force wait
2026-09-22T23:25:43.2484897Z  2026-09-22 23:23:01.880 UTC [55] LOG:  checkpoint complete: wrote 7 buffers (0.0%); 0 WAL file(s) added, 0 removed, 1 recycled; write=0.001 s, sync=0.001 s, total=0.003 s; sync files=7, longest=0.001 s, average=0.001 s; distance=6407 kB, estimate=6462 kB; lsn=0/520FB2D0, redo lsn=0/520FB278
2026-09-22T23:25:43.2485948Z  2026-09-22 23:23:03.810 UTC [55] LOG:  checkpoint starting: immediate force wait
2026-09-22T23:25:43.2487111Z  2026-09-22 23:23:03.812 UTC [55] LOG:  checkpoint complete: wrote 7 buffers (0.0%); 0 WAL file(s) added, 0 removed, 0 recycled; write=0.001 s, sync=0.001 s, total=0.003 s; sync files=7, longest=0.001 s, average=0.001 s; distance=6409 kB, estimate=6456 kB; lsn=0/5273D880, redo lsn=0/5273D828
2026-09-22T23:25:43.2488177Z  2026-09-22 23:23:04.678 UTC [55] LOG:  checkpoint starting: immediate force wait
2026-09-22T23:25:43.2489355Z  2026-09-22 23:23:04.680 UTC [55] LOG:  checkpoint complete: wrote 8 buffers (0.0%); 0 WAL file(s) added, 0 removed, 0 recycled; write=0.001 s, sync=0.001 s, total=0.003 s; sync files=7, longest=0.001 s, average=0.001 s; distance=6409 kB, estimate=6452 kB; lsn=0/52D7FF40, redo lsn=0/52D7FEE8
2026-09-22T23:25:43.2490415Z  2026-09-22 23:23:05.816 UTC [55] LOG:  checkpoint starting: immediate force wait
2026-09-22T23:25:43.2491463Z  2026-09-22 23:23:05.819 UTC [55] LOG:  checkpoint complete: wrote 7 buffers (0.0%); 0 WAL file(s) added, 0 removed, 1 recycled; write=0.001 s, sync=0.001 s, total=0.004 s; sync files=7, longest=0.001 s, average=0.001 s; distance=6405 kB, estimate=6447 kB; lsn=0/533C1380, redo lsn=0/533C1328
2026-09-22T23:25:43.2492522Z  2026-09-22 23:23:06.695 UTC [55] LOG:  checkpoint starting: immediate force wait
2026-09-22T23:25:43.2493572Z  2026-09-22 23:23:06.698 UTC [55] LOG:  checkpoint complete: wrote 7 buffers (0.0%); 0 WAL file(s) added, 0 removed, 0 recycled; write=0.001 s, sync=0.001 s, total=0.003 s; sync files=7, longest=0.001 s, average=0.001 s; distance=6408 kB, estimate=6443 kB; lsn=0/53A03658, redo lsn=0/53A03600
2026-09-22T23:25:43.2494622Z  2026-09-22 23:23:07.587 UTC [55] LOG:  checkpoint starting: immediate force wait
2026-09-22T23:25:43.2495666Z  2026-09-22 23:23:07.591 UTC [55] LOG:  checkpoint complete: wrote 7 buffers (0.0%); 0 WAL file(s) added, 0 removed, 1 recycled; write=0.001 s, sync=0.001 s, total=0.005 s; sync files=7, longest=0.001 s, average=0.001 s; distance=6408 kB, estimate=6440 kB; lsn=0/54045670, redo lsn=0/54045618
2026-09-22T23:25:43.2496714Z  2026-09-22 23:23:08.461 UTC [55] LOG:  checkpoint starting: immediate force wait
2026-09-22T23:25:43.2497768Z  2026-09-22 23:23:08.463 UTC [55] LOG:  checkpoint complete: wrote 7 buffers (0.0%); 0 WAL file(s) added, 0 removed, 0 recycled; write=0.001 s, sync=0.001 s, total=0.003 s; sync files=7, longest=0.001 s, average=0.001 s; distance=6409 kB, estimate=6436 kB; lsn=0/54687C18, redo lsn=0/54687BC0
2026-09-22T23:25:43.2498823Z  2026-09-22 23:23:09.333 UTC [55] LOG:  checkpoint starting: immediate force wait
2026-09-22T23:25:43.2499992Z  2026-09-22 23:23:09.336 UTC [55] LOG:  checkpoint complete: wrote 7 buffers (0.0%); 0 WAL file(s) added, 0 removed, 0 recycled; write=0.001 s, sync=0.001 s, total=0.003 s; sync files=7, longest=0.001 s, average=0.001 s; distance=6408 kB, estimate=6434 kB; lsn=0/54CC9FE0, redo lsn=0/54CC9F88
2026-09-22T23:25:43.2501052Z  2026-09-22 23:23:10.219 UTC [55] LOG:  checkpoint starting: immediate force wait
2026-09-22T23:25:43.2502099Z  2026-09-22 23:23:10.222 UTC [55] LOG:  checkpoint complete: wrote 7 buffers (0.0%); 0 WAL file(s) added, 0 removed, 1 recycled; write=0.001 s, sync=0.001 s, total=0.004 s; sync files=7, longest=0.001 s, average=0.001 s; distance=6409 kB, estimate=6431 kB; lsn=0/5530C5E8, redo lsn=0/5530C590
2026-09-22T23:25:43.2503453Z  2026-09-22 23:23:11.098 UTC [55] LOG:  checkpoint starting: immediate force wait
2026-09-22T23:25:43.2504493Z  2026-09-22 23:23:11.101 UTC [55] LOG:  checkpoint complete: wrote 7 buffers (0.0%); 0 WAL file(s) added, 0 removed, 0 recycled; write=0.001 s, sync=0.001 s, total=0.003 s; sync files=7, longest=0.001 s, average=0.001 s; distance=6410 kB, estimate=6429 kB; lsn=0/5594EE08, redo lsn=0/5594EDB0
2026-09-22T23:25:43.2505548Z  2026-09-22 23:23:11.995 UTC [55] LOG:  checkpoint starting: immediate force wait
2026-09-22T23:25:43.2506597Z  2026-09-22 23:23:11.998 UTC [55] LOG:  checkpoint complete: wrote 7 buffers (0.0%); 0 WAL file(s) added, 0 removed, 0 recycled; write=0.001 s, sync=0.001 s, total=0.003 s; sync files=7, longest=0.001 s, average=0.001 s; distance=6410 kB, estimate=6427 kB; lsn=0/55F91828, redo lsn=0/55F917D0
2026-09-22T23:25:43.2507755Z  2026-09-22 23:23:12.873 UTC [55] LOG:  checkpoint starting: immediate force wait
2026-09-22T23:25:43.2508815Z  2026-09-22 23:23:12.878 UTC [55] LOG:  checkpoint complete: wrote 7 buffers (0.0%); 0 WAL file(s) added, 0 removed, 1 recycled; write=0.001 s, sync=0.001 s, total=0.005 s; sync files=7, longest=0.001 s, average=0.001 s; distance=6411 kB, estimate=6426 kB; lsn=0/565D47D8, redo lsn=0/565D4780
2026-09-22T23:25:43.2509986Z  2026-09-22 23:23:13.761 UTC [55] LOG:  checkpoint starting: immediate force wait
2026-09-22T23:25:43.2511038Z  2026-09-22 23:23:13.764 UTC [55] LOG:  checkpoint complete: wrote 7 buffers (0.0%); 0 WAL file(s) added, 0 removed, 0 recycled; write=0.001 s, sync=0.001 s, total=0.003 s; sync files=7, longest=0.001 s, average=0.001 s; distance=6413 kB, estimate=6424 kB; lsn=0/56C17E20, redo lsn=0/56C17DC8
2026-09-22T23:25:43.2512081Z  2026-09-22 23:23:14.639 UTC [55] LOG:  checkpoint starting: immediate force wait
2026-09-22T23:25:43.2513127Z  2026-09-22 23:23:14.642 UTC [55] LOG:  checkpoint complete: wrote 7 buffers (0.0%); 0 WAL file(s) added, 0 removed, 1 recycled; write=0.001 s, sync=0.001 s, total=0.003 s; sync files=7, longest=0.001 s, average=0.001 s; distance=6412 kB, estimate=6423 kB; lsn=0/5725B180, redo lsn=0/5725B128
2026-09-22T23:25:43.2514193Z  2026-09-22 23:23:15.505 UTC [55] LOG:  checkpoint starting: immediate force wait
2026-09-22T23:25:43.2515237Z  2026-09-22 23:23:15.508 UTC [55] LOG:  checkpoint complete: wrote 7 buffers (0.0%); 0 WAL file(s) added, 0 removed, 0 recycled; write=0.001 s, sync=0.001 s, total=0.003 s; sync files=7, longest=0.001 s, average=0.001 s; distance=6413 kB, estimate=6422 kB; lsn=0/5789E6E0, redo lsn=0/5789E688
2026-09-22T23:25:43.2516290Z  2026-09-22 23:23:16.397 UTC [55] LOG:  checkpoint starting: immediate force wait
2026-09-22T23:25:43.2517345Z  2026-09-22 23:23:16.400 UTC [55] LOG:  checkpoint complete: wrote 7 buffers (0.0%); 0 WAL file(s) added, 0 removed, 0 recycled; write=0.001 s, sync=0.001 s, total=0.003 s; sync files=7, longest=0.001 s, average=0.001 s; distance=6411 kB, estimate=6421 kB; lsn=0/57EE13E0, redo lsn=0/57EE1388
2026-09-22T23:25:43.2518404Z  2026-09-22 23:23:17.272 UTC [55] LOG:  checkpoint starting: immediate force wait
2026-09-22T23:25:43.2519772Z  2026-09-22 23:23:17.275 UTC [55] LOG:  checkpoint complete: wrote 7 buffers (0.0%); 0 WAL file(s) added, 0 removed, 1 recycled; write=0.001 s, sync=0.001 s, total=0.004 s; sync files=7, longest=0.001 s, average=0.001 s; distance=6413 kB, estimate=6420 kB; lsn=0/58524AB0, redo lsn=0/58524A58
2026-09-22T23:25:43.2520843Z  2026-09-22 23:23:18.144 UTC [55] LOG:  checkpoint starting: immediate force wait
2026-09-22T23:25:43.2521905Z  2026-09-22 23:23:18.147 UTC [55] LOG:  checkpoint complete: wrote 12 buffers (0.1%); 0 WAL file(s) added, 0 removed, 0 recycled; write=0.001 s, sync=0.001 s, total=0.003 s; sync files=11, longest=0.001 s, average=0.001 s; distance=6454 kB, estimate=6454 kB; lsn=0/58B725A8, redo lsn=0/58B72550
2026-09-22T23:25:43.2522964Z  2026-09-22 23:23:19.017 UTC [55] LOG:  checkpoint starting: immediate force wait
2026-09-22T23:25:43.2524017Z  2026-09-22 23:23:19.021 UTC [55] LOG:  checkpoint complete: wrote 7 buffers (0.0%); 0 WAL file(s) added, 0 removed, 1 recycled; write=0.001 s, sync=0.001 s, total=0.004 s; sync files=7, longest=0.001 s, average=0.001 s; distance=6410 kB, estimate=6450 kB; lsn=0/591B4FB0, redo lsn=0/591B4F58
2026-09-22T23:25:43.2525204Z  2026-09-22 23:23:19.912 UTC [55] LOG:  checkpoint starting: immediate force wait
2026-09-22T23:25:43.2526246Z  2026-09-22 23:23:19.916 UTC [55] LOG:  checkpoint complete: wrote 7 buffers (0.0%); 0 WAL file(s) added, 0 removed, 0 recycled; write=0.001 s, sync=0.001 s, total=0.004 s; sync files=7, longest=0.001 s, average=0.001 s; distance=6410 kB, estimate=6446 kB; lsn=0/597F7BA0, redo lsn=0/597F7B48
2026-09-22T23:25:43.2527298Z  2026-09-22 23:23:20.780 UTC [55] LOG:  checkpoint starting: immediate force wait
2026-09-22T23:25:43.2528454Z  2026-09-22 23:23:20.783 UTC [55] LOG:  checkpoint complete: wrote 7 buffers (0.0%); 0 WAL file(s) added, 0 removed, 0 recycled; write=0.001 s, sync=0.001 s, total=0.003 s; sync files=7, longest=0.001 s, average=0.001 s; distance=6411 kB, estimate=6442 kB; lsn=0/59E3AA48, redo lsn=0/59E3A9F0
2026-09-22T23:25:43.2529654Z  2026-09-22 23:23:21.695 UTC [55] LOG:  checkpoint starting: immediate force wait
2026-09-22T23:25:43.2530702Z  2026-09-22 23:23:21.699 UTC [55] LOG:  checkpoint complete: wrote 7 buffers (0.0%); 0 WAL file(s) added, 0 removed, 1 recycled; write=0.001 s, sync=0.001 s, total=0.004 s; sync files=7, longest=0.001 s, average=0.001 s; distance=6414 kB, estimate=6440 kB; lsn=0/5A47E588, redo lsn=0/5A47E530
2026-09-22T23:25:43.2531748Z  2026-09-22 23:23:22.580 UTC [55] LOG:  checkpoint starting: immediate force wait
2026-09-22T23:25:43.2532804Z  2026-09-22 23:23:22.583 UTC [55] LOG:  checkpoint complete: wrote 8 buffers (0.0%); 0 WAL file(s) added, 0 removed, 0 recycled; write=0.001 s, sync=0.001 s, total=0.003 s; sync files=7, longest=0.001 s, average=0.001 s; distance=6413 kB, estimate=6437 kB; lsn=0/5AAC1AB0, redo lsn=0/5AAC1A58
2026-09-22T23:25:43.2533850Z  2026-09-22 23:23:23.449 UTC [55] LOG:  checkpoint starting: immediate force wait
2026-09-22T23:25:43.2534904Z  2026-09-22 23:23:23.451 UTC [55] LOG:  checkpoint complete: wrote 7 buffers (0.0%); 0 WAL file(s) added, 0 removed, 1 recycled; write=0.001 s, sync=0.001 s, total=0.003 s; sync files=7, longest=0.001 s, average=0.001 s; distance=6413 kB, estimate=6435 kB; lsn=0/5B1051B8, redo lsn=0/5B105160
2026-09-22T23:25:43.2535952Z  2026-09-22 23:23:24.343 UTC [55] LOG:  checkpoint starting: immediate force wait
2026-09-22T23:25:43.2536996Z  2026-09-22 23:23:24.346 UTC [55] LOG:  checkpoint complete: wrote 7 buffers (0.0%); 0 WAL file(s) added, 0 removed, 0 recycled; write=0.001 s, sync=0.001 s, total=0.003 s; sync files=7, longest=0.001 s, average=0.001 s; distance=6413 kB, estimate=6432 kB; lsn=0/5B748900, redo lsn=0/5B7488A8
2026-09-22T23:25:43.2538054Z  2026-09-22 23:23:25.216 UTC [55] LOG:  checkpoint starting: immediate force wait
2026-09-22T23:25:43.2539203Z  2026-09-22 23:23:25.218 UTC [55] LOG:  checkpoint complete: wrote 7 buffers (0.0%); 0 WAL file(s) added, 0 removed, 0 recycled; write=0.001 s, sync=0.001 s, total=0.003 s; sync files=7, longest=0.001 s, average=0.001 s; distance=6411 kB, estimate=6430 kB; lsn=0/5BD8B778, redo lsn=0/5BD8B720
2026-09-22T23:25:43.2540275Z  2026-09-22 23:23:26.259 UTC [55] LOG:  checkpoint starting: immediate force wait
2026-09-22T23:25:43.2541320Z  2026-09-22 23:23:26.262 UTC [55] LOG:  checkpoint complete: wrote 7 buffers (0.0%); 0 WAL file(s) added, 0 removed, 1 recycled; write=0.001 s, sync=0.001 s, total=0.003 s; sync files=7, longest=0.001 s, average=0.001 s; distance=6433 kB, estimate=6433 kB; lsn=0/5C3D3E90, redo lsn=0/5C3D3E38
2026-09-22T23:25:43.2542375Z  2026-09-22 23:23:27.286 UTC [55] LOG:  checkpoint starting: immediate force wait
2026-09-22T23:25:43.2543423Z  2026-09-22 23:23:27.288 UTC [55] LOG:  checkpoint complete: wrote 7 buffers (0.0%); 0 WAL file(s) added, 0 removed, 0 recycled; write=0.001 s, sync=0.001 s, total=0.003 s; sync files=7, longest=0.001 s, average=0.001 s; distance=6434 kB, estimate=6434 kB; lsn=0/5CA1C7F8, redo lsn=0/5CA1C7A0
2026-09-22T23:25:43.2544601Z  2026-09-22 23:23:28.244 UTC [55] LOG:  checkpoint starting: immediate force wait
2026-09-22T23:25:43.2545655Z  2026-09-22 23:23:28.247 UTC [55] LOG:  checkpoint complete: wrote 7 buffers (0.0%); 0 WAL file(s) added, 0 removed, 1 recycled; write=0.001 s, sync=0.001 s, total=0.003 s; sync files=7, longest=0.001 s, average=0.001 s; distance=6421 kB, estimate=6433 kB; lsn=0/5D061C90, redo lsn=0/5D061C38
2026-09-22T23:25:43.2546707Z  2026-09-22 23:23:29.038 UTC [55] LOG:  checkpoint starting: immediate force wait
2026-09-22T23:25:43.2547865Z  2026-09-22 23:23:29.041 UTC [55] LOG:  checkpoint complete: wrote 7 buffers (0.0%); 0 WAL file(s) added, 0 removed, 0 recycled; write=0.001 s, sync=0.001 s, total=0.003 s; sync files=7, longest=0.001 s, average=0.001 s; distance=6406 kB, estimate=6430 kB; lsn=0/5D6A3770, redo lsn=0/5D6A3718
2026-09-22T23:25:43.2549033Z  2026-09-22 23:23:30.002 UTC [55] LOG:  checkpoint starting: immediate force wait
2026-09-22T23:25:43.2550086Z  2026-09-22 23:23:30.005 UTC [55] LOG:  checkpoint complete: wrote 7 buffers (0.0%); 0 WAL file(s) added, 0 removed, 0 recycled; write=0.001 s, sync=0.001 s, total=0.003 s; sync files=7, longest=0.001 s, average=0.001 s; distance=6414 kB, estimate=6428 kB; lsn=0/5DCE6FC8, redo lsn=0/5DCE6F70
2026-09-22T23:25:43.2551144Z  2026-09-22 23:23:30.966 UTC [55] LOG:  checkpoint starting: immediate force wait
2026-09-22T23:25:43.2552195Z  2026-09-22 23:23:30.969 UTC [55] LOG:  checkpoint complete: wrote 7 buffers (0.0%); 0 WAL file(s) added, 0 removed, 1 recycled; write=0.001 s, sync=0.001 s, total=0.004 s; sync files=7, longest=0.001 s, average=0.001 s; distance=6418 kB, estimate=6427 kB; lsn=0/5E32BAF8, redo lsn=0/5E32BAA0
2026-09-22T23:25:43.2553249Z  2026-09-22 23:23:31.920 UTC [55] LOG:  checkpoint starting: immediate force wait
2026-09-22T23:25:43.2554299Z  2026-09-22 23:23:31.923 UTC [55] LOG:  checkpoint complete: wrote 7 buffers (0.0%); 0 WAL file(s) added, 0 removed, 0 recycled; write=0.001 s, sync=0.001 s, total=0.003 s; sync files=7, longest=0.001 s, average=0.001 s; distance=6419 kB, estimate=6426 kB; lsn=0/5E9707D8, redo lsn=0/5E970780
2026-09-22T23:25:43.2555351Z  2026-09-22 23:23:32.889 UTC [55] LOG:  checkpoint starting: immediate force wait
2026-09-22T23:25:43.2556402Z  2026-09-22 23:23:32.893 UTC [55] LOG:  checkpoint complete: wrote 7 buffers (0.0%); 0 WAL file(s) added, 0 removed, 0 recycled; write=0.001 s, sync=0.001 s, total=0.005 s; sync files=7, longest=0.001 s, average=0.001 s; distance=6419 kB, estimate=6426 kB; lsn=0/5EFB56A8, redo lsn=0/5EFB5650
2026-09-22T23:25:43.2557451Z  2026-09-22 23:23:33.849 UTC [55] LOG:  checkpoint starting: immediate force wait
2026-09-22T23:25:43.2558506Z  2026-09-22 23:23:33.852 UTC [55] LOG:  checkpoint complete: wrote 7 buffers (0.0%); 0 WAL file(s) added, 0 removed, 1 recycled; write=0.001 s, sync=0.001 s, total=0.004 s; sync files=7, longest=0.001 s, average=0.001 s; distance=6420 kB, estimate=6425 kB; lsn=0/5F5FA7C0, redo lsn=0/5F5FA768
2026-09-22T23:25:43.2559666Z  2026-09-22 23:23:34.801 UTC [55] LOG:  checkpoint starting: immediate force wait
2026-09-22T23:25:43.2560709Z  2026-09-22 23:23:34.804 UTC [55] LOG:  checkpoint complete: wrote 7 buffers (0.0%); 0 WAL file(s) added, 0 removed, 0 recycled; write=0.001 s, sync=0.001 s, total=0.004 s; sync files=7, longest=0.001 s, average=0.001 s; distance=6420 kB, estimate=6425 kB; lsn=0/5FC3FAC8, redo lsn=0/5FC3FA70
2026-09-22T23:25:43.2561785Z  2026-09-22 23:23:35.764 UTC [55] LOG:  checkpoint starting: immediate force wait
2026-09-22T23:25:43.2562829Z  2026-09-22 23:23:35.767 UTC [55] LOG:  checkpoint complete: wrote 7 buffers (0.0%); 0 WAL file(s) added, 0 removed, 1 recycled; write=0.001 s, sync=0.001 s, total=0.004 s; sync files=7, longest=0.001 s, average=0.001 s; distance=6421 kB, estimate=6424 kB; lsn=0/60285038, redo lsn=0/60284FE0
2026-09-22T23:25:43.2563891Z  2026-09-22 23:23:36.717 UTC [55] LOG:  checkpoint starting: immediate force wait
2026-09-22T23:25:43.2564941Z  2026-09-22 23:23:36.719 UTC [55] LOG:  checkpoint complete: wrote 7 buffers (0.0%); 0 WAL file(s) added, 0 removed, 0 recycled; write=0.001 s, sync=0.001 s, total=0.003 s; sync files=7, longest=0.001 s, average=0.001 s; distance=6421 kB, estimate=6424 kB; lsn=0/608CA7A8, redo lsn=0/608CA750
2026-09-22T23:25:43.2566119Z  2026-09-22 23:23:37.679 UTC [55] LOG:  checkpoint starting: immediate force wait
2026-09-22T23:25:43.2567167Z  2026-09-22 23:23:37.682 UTC [55] LOG:  checkpoint complete: wrote 7 buffers (0.0%); 0 WAL file(s) added, 0 removed, 0 recycled; write=0.001 s, sync=0.001 s, total=0.004 s; sync files=7, longest=0.001 s, average=0.001 s; distance=6422 kB, estimate=6424 kB; lsn=0/60F10230, redo lsn=0/60F101D8
2026-09-22T23:25:43.2568214Z  2026-09-22 23:23:38.556 UTC [55] LOG:  checkpoint starting: immediate force wait
2026-09-22T23:25:43.2569537Z  2026-09-22 23:23:38.559 UTC [55] LOG:  checkpoint complete: wrote 7 buffers (0.0%); 0 WAL file(s) added, 0 removed, 1 recycled; write=0.001 s, sync=0.001 s, total=0.004 s; sync files=7, longest=0.001 s, average=0.001 s; distance=6407 kB, estimate=6422 kB; lsn=0/61551F90, redo lsn=0/61551F38
2026-09-22T23:25:43.2570602Z  2026-09-22 23:23:39.330 UTC [55] LOG:  checkpoint starting: immediate force wait
2026-09-22T23:25:43.2571654Z  2026-09-22 23:23:39.333 UTC [55] LOG:  checkpoint complete: wrote 7 buffers (0.0%); 0 WAL file(s) added, 0 removed, 0 recycled; write=0.001 s, sync=0.001 s, total=0.003 s; sync files=7, longest=0.001 s, average=0.001 s; distance=6412 kB, estimate=6421 kB; lsn=0/61B94FA0, redo lsn=0/61B94F48
2026-09-22T23:25:43.2572700Z  2026-09-22 23:23:40.118 UTC [55] LOG:  checkpoint starting: immediate force wait
2026-09-22T23:25:43.2573748Z  2026-09-22 23:23:40.121 UTC [55] LOG:  checkpoint complete: wrote 7 buffers (0.0%); 0 WAL file(s) added, 0 removed, 1 recycled; write=0.001 s, sync=0.001 s, total=0.004 s; sync files=7, longest=0.001 s, average=0.001 s; distance=6406 kB, estimate=6420 kB; lsn=0/621D6B90, redo lsn=0/621D6B38
2026-09-22T23:25:43.2574973Z  2026-09-22 23:23:40.882 UTC [3622] ERROR:  new row for relation "factory_work_items" violates check constraint "injected_failure"
2026-09-22T23:25:43.2577276Z  2026-09-22 23:23:40.882 UTC [3622] DETAIL:  Failing row contains (00000000-0000-0000-0000-000000000007, 00000000-0000-0000-0000-000000000001, github_project_issue, fixture, 169, item-169, fixture, source, 169, issue-169, https://github.com/fixture/source/issues/169, Store fixture, original-revision, blocked, 2, 00000000-0000-0000-0000-000000000009, 00000000-0000-0000-0000-000000000010, 2026-09-23 00:23:40.785548+00, {"fixture": true}, 00000000-0000-0000-0000-000000000002, source deliverable storage acknowledgment timed out, 2026-09-22 23:23:40.785548+00, 2026-09-22 23:23:40.864906+00).
2026-09-22T23:25:43.2579457Z  2026-09-22 23:23:40.882 UTC [3622] STATEMENT:  UPDATE factory_work_items
2026-09-22T23:25:43.2579960Z  	         SET state = 'blocked', version = version + 1, failure_detail = $1, updated_at = now()
2026-09-22T23:25:43.2580468Z  	         WHERE id = $2 AND corp_id = $3 AND mission_id = $4 RETURNING version
2026-09-22T23:25:43.2581040Z  2026-09-22 23:23:40.910 UTC [3623] ERROR:  new row for relation "events" violates check constraint "injected_failure"
2026-09-22T23:25:43.2582996Z  2026-09-22 23:23:40.910 UTC [3623] DETAIL:  Failing row contains (3, 912a3da9-3751-4962-85b4-c13838d68411, 1, 00000000-0000-0000-0000-000000000001, 00000000-0000-0000-0000-000000000006, null, factory.blocked, factory_work_item, 00000000-0000-0000-0000-000000000007, 2, 00000000-0000-0000-0000-000000000002, 00000000-0000-0000-0000-000000000004, factory:00000000-0000-0000-0000-000000000007:run-failed:00000000..., corp, {"cause": "ordinary_run_failure", "state": "blocked", "run_id": ..., 2026-09-22 23:23:40.896206+00).
2026-09-22T23:25:43.2584755Z  2026-09-22 23:23:40.910 UTC [3623] STATEMENT:
2026-09-22T23:25:43.2585051Z  	        INSERT INTO events
2026-09-22T23:25:43.2585399Z  	            (id, schema_version, corp_id, room_id, actor_id, type, aggregate_type,
2026-09-22T23:25:43.2586003Z  	             aggregate_id, aggregate_version, correlation_id, causation_id,
2026-09-22T23:25:43.2586396Z  	             idempotency_key, visibility, payload)
2026-09-22T23:25:43.2586749Z  	        VALUES ($1, 1, $2, $3, $4, $5, $6, $7, $8, $9, $10, $11, $12, $13)
2026-09-22T23:25:43.2587128Z  	        ON CONFLICT (corp_id, idempotency_key) DO NOTHING
2026-09-22T23:25:43.2587537Z  	        RETURNING seq, id, schema_version, corp_id, room_id, actor_id, type,
2026-09-22T23:25:43.2587999Z  	                  aggregate_type, aggregate_id, aggregate_version, correlation_id,
2026-09-22T23:25:43.2588471Z  	                  causation_id, idempotency_key, visibility, payload, created_at
2026-09-22T23:25:43.2588973Z
2026-09-22T23:25:43.2589268Z  2026-09-22 23:23:40.967 UTC [55] LOG:  checkpoint starting: immediate force wait
2026-09-22T23:25:43.2590464Z  2026-09-22 23:23:40.971 UTC [55] LOG:  checkpoint complete: wrote 8 buffers (0.0%); 0 WAL file(s) added, 0 removed, 0 recycled; write=0.001 s, sync=0.001 s, total=0.005 s; sync files=7, longest=0.001 s, average=0.001 s; distance=6416 kB, estimate=6419 kB; lsn=0/6281AD28, redo lsn=0/6281ACD0
2026-09-22T23:25:43.2591549Z  2026-09-22 23:23:41.873 UTC [55] LOG:  checkpoint starting: immediate force wait
2026-09-22T23:25:43.2592622Z  2026-09-22 23:23:41.876 UTC [55] LOG:  checkpoint complete: wrote 7 buffers (0.0%); 0 WAL file(s) added, 0 removed, 0 recycled; write=0.001 s, sync=0.001 s, total=0.003 s; sync files=7, longest=0.001 s, average=0.001 s; distance=6436 kB, estimate=6436 kB; lsn=0/62E63E98, redo lsn=0/62E63E40
2026-09-22T23:25:43.2593680Z  2026-09-22 23:23:42.691 UTC [55] LOG:  checkpoint starting: immediate force wait
2026-09-22T23:25:43.2594743Z  2026-09-22 23:23:42.694 UTC [55] LOG:  checkpoint complete: wrote 7 buffers (0.0%); 0 WAL file(s) added, 0 removed, 1 recycled; write=0.001 s, sync=0.001 s, total=0.004 s; sync files=7, longest=0.001 s, average=0.001 s; distance=6408 kB, estimate=6433 kB; lsn=0/634A6248, redo lsn=0/634A61F0
2026-09-22T23:25:43.2595804Z  2026-09-22 23:23:43.531 UTC [55] LOG:  checkpoint starting: immediate force wait
2026-09-22T23:25:43.2596852Z  2026-09-22 23:23:43.534 UTC [55] LOG:  checkpoint complete: wrote 7 buffers (0.0%); 0 WAL file(s) added, 0 removed, 0 recycled; write=0.001 s, sync=0.001 s, total=0.003 s; sync files=7, longest=0.001 s, average=0.001 s; distance=6413 kB, estimate=6431 kB; lsn=0/63AE9800, redo lsn=0/63AE97A8
2026-09-22T23:25:43.2597909Z  2026-09-22 23:23:44.513 UTC [55] LOG:  checkpoint starting: immediate force wait
2026-09-22T23:25:43.2599073Z  2026-09-22 23:23:44.516 UTC [55] LOG:  checkpoint complete: wrote 7 buffers (0.0%); 0 WAL file(s) added, 0 removed, 1 recycled; write=0.001 s, sync=0.001 s, total=0.004 s; sync files=7, longest=0.001 s, average=0.001 s; distance=6432 kB, estimate=6432 kB; lsn=0/64131A00, redo lsn=0/641319A8
2026-09-22T23:25:43.2600129Z  2026-09-22 23:23:45.486 UTC [55] LOG:  checkpoint starting: immediate force wait
2026-09-22T23:25:43.2601181Z  2026-09-22 23:23:45.488 UTC [55] LOG:  checkpoint complete: wrote 7 buffers (0.0%); 0 WAL file(s) added, 0 removed, 0 recycled; write=0.001 s, sync=0.001 s, total=0.003 s; sync files=7, longest=0.001 s, average=0.001 s; distance=6424 kB, estimate=6431 kB; lsn=0/64777DF8, redo lsn=0/64777DA0
2026-09-22T23:25:43.2602240Z  2026-09-22 23:23:46.381 UTC [55] LOG:  checkpoint starting: immediate force wait
2026-09-22T23:25:43.2603291Z  2026-09-22 23:23:46.384 UTC [55] LOG:  checkpoint complete: wrote 7 buffers (0.0%); 0 WAL file(s) added, 0 removed, 0 recycled; write=0.001 s, sync=0.001 s, total=0.004 s; sync files=7, longest=0.001 s, average=0.001 s; distance=6416 kB, estimate=6430 kB; lsn=0/64DBBF48, redo lsn=0/64DBBEF0
2026-09-22T23:25:43.2604340Z  2026-09-22 23:23:47.302 UTC [55] LOG:  checkpoint starting: immediate force wait
2026-09-22T23:25:43.2605392Z  2026-09-22 23:23:47.305 UTC [55] LOG:  checkpoint complete: wrote 7 buffers (0.0%); 0 WAL file(s) added, 0 removed, 1 recycled; write=0.001 s, sync=0.001 s, total=0.003 s; sync files=7, longest=0.001 s, average=0.001 s; distance=6426 kB, estimate=6429 kB; lsn=0/65402868, redo lsn=0/65402810
2026-09-22T23:25:43.2606574Z  2026-09-22 23:23:48.132 UTC [55] LOG:  checkpoint starting: immediate force wait
2026-09-22T23:25:43.2607628Z  2026-09-22 23:23:48.135 UTC [55] LOG:  checkpoint complete: wrote 7 buffers (0.0%); 0 WAL file(s) added, 0 removed, 0 recycled; write=0.001 s, sync=0.001 s, total=0.003 s; sync files=7, longest=0.001 s, average=0.001 s; distance=6417 kB, estimate=6428 kB; lsn=0/65A46FA8, redo lsn=0/65A46F50
2026-09-22T23:25:43.2608688Z  2026-09-22 23:23:49.104 UTC [55] LOG:  checkpoint starting: immediate force wait
2026-09-22T23:25:43.2609971Z  2026-09-22 23:23:49.107 UTC [55] LOG:  checkpoint complete: wrote 7 buffers (0.0%); 0 WAL file(s) added, 0 removed, 1 recycled; write=0.001 s, sync=0.001 s, total=0.004 s; sync files=7, longest=0.001 s, average=0.001 s; distance=6430 kB, estimate=6430 kB; lsn=0/6608EAE0, redo lsn=0/6608EA88
2026-09-22T23:25:43.2611036Z  2026-09-22 23:23:49.910 UTC [55] LOG:  checkpoint starting: immediate force wait
2026-09-22T23:25:43.2612088Z  2026-09-22 23:23:49.913 UTC [55] LOG:  checkpoint complete: wrote 7 buffers (0.0%); 0 WAL file(s) added, 0 removed, 0 recycled; write=0.001 s, sync=0.001 s, total=0.003 s; sync files=7, longest=0.001 s, average=0.001 s; distance=6416 kB, estimate=6429 kB; lsn=0/666D2B68, redo lsn=0/666D2B10
2026-09-22T23:25:43.2613138Z  2026-09-22 23:23:50.839 UTC [55] LOG:  checkpoint starting: immediate force wait
2026-09-22T23:25:43.2614195Z  2026-09-22 23:23:50.842 UTC [55] LOG:  checkpoint complete: wrote 7 buffers (0.0%); 0 WAL file(s) added, 0 removed, 0 recycled; write=0.001 s, sync=0.001 s, total=0.004 s; sync files=7, longest=0.001 s, average=0.001 s; distance=6411 kB, estimate=6427 kB; lsn=0/66D15A18, redo lsn=0/66D159C0
2026-09-22T23:25:43.2615254Z  2026-09-22 23:23:51.679 UTC [55] LOG:  checkpoint starting: immediate force wait
2026-09-22T23:25:43.2616302Z  2026-09-22 23:23:51.682 UTC [55] LOG:  checkpoint complete: wrote 7 buffers (0.0%); 0 WAL file(s) added, 0 removed, 1 recycled; write=0.001 s, sync=0.001 s, total=0.003 s; sync files=7, longest=0.001 s, average=0.001 s; distance=6418 kB, estimate=6426 kB; lsn=0/6735A3A8, redo lsn=0/6735A350
2026-09-22T23:25:43.2617361Z  2026-09-22 23:23:52.782 UTC [55] LOG:  checkpoint starting: immediate force wait
2026-09-22T23:25:43.2618408Z  2026-09-22 23:23:52.785 UTC [55] LOG:  checkpoint complete: wrote 7 buffers (0.0%); 0 WAL file(s) added, 0 removed, 0 recycled; write=0.001 s, sync=0.001 s, total=0.003 s; sync files=7, longest=0.001 s, average=0.001 s; distance=6442 kB, estimate=6442 kB; lsn=0/679A4F98, redo lsn=0/679A4F40
2026-09-22T23:25:43.2619578Z  2026-09-22 23:23:53.901 UTC [55] LOG:  checkpoint starting: immediate force wait
2026-09-22T23:25:43.2620631Z  2026-09-22 23:23:53.905 UTC [55] LOG:  checkpoint complete: wrote 7 buffers (0.0%); 0 WAL file(s) added, 0 removed, 1 recycled; write=0.001 s, sync=0.001 s, total=0.004 s; sync files=7, longest=0.001 s, average=0.001 s; distance=6543 kB, estimate=6543 kB; lsn=0/68008DE8, redo lsn=0/68008D90
2026-09-22T23:25:43.2621692Z  2026-09-22 23:23:54.709 UTC [55] LOG:  checkpoint starting: immediate force wait
2026-09-22T23:25:43.2622742Z  2026-09-22 23:23:54.712 UTC [55] LOG:  checkpoint complete: wrote 7 buffers (0.0%); 0 WAL file(s) added, 0 removed, 0 recycled; write=0.001 s, sync=0.001 s, total=0.003 s; sync files=7, longest=0.001 s, average=0.001 s; distance=6413 kB, estimate=6530 kB; lsn=0/6864C440, redo lsn=0/6864C3E8
2026-09-22T23:25:43.2623791Z  2026-09-22 23:23:55.493 UTC [55] LOG:  checkpoint starting: immediate force wait
2026-09-22T23:25:43.2624847Z  2026-09-22 23:23:55.496 UTC [55] LOG:  checkpoint complete: wrote 7 buffers (0.0%); 0 WAL file(s) added, 0 removed, 0 recycled; write=0.001 s, sync=0.001 s, total=0.003 s; sync files=7, longest=0.001 s, average=0.001 s; distance=6406 kB, estimate=6518 kB; lsn=0/68C8DE20, redo lsn=0/68C8DDC8
2026-09-22T23:25:43.2625896Z  2026-09-22 23:23:56.287 UTC [55] LOG:  checkpoint starting: immediate force wait
2026-09-22T23:25:43.2627079Z  2026-09-22 23:23:56.291 UTC [55] LOG:  checkpoint complete: wrote 7 buffers (0.0%); 0 WAL file(s) added, 0 removed, 1 recycled; write=0.001 s, sync=0.001 s, total=0.004 s; sync files=7, longest=0.001 s, average=0.001 s; distance=6407 kB, estimate=6507 kB; lsn=0/692CFD38, redo lsn=0/692CFCE0
2026-09-22T23:25:43.2628131Z  2026-09-22 23:23:57.144 UTC [55] LOG:  checkpoint starting: immediate force wait
2026-09-22T23:25:43.2629287Z  2026-09-22 23:23:57.147 UTC [55] LOG:  checkpoint complete: wrote 7 buffers (0.0%); 0 WAL file(s) added, 0 removed, 0 recycled; write=0.001 s, sync=0.001 s, total=0.004 s; sync files=7, longest=0.001 s, average=0.001 s; distance=6409 kB, estimate=6497 kB; lsn=0/69912298, redo lsn=0/69912240
2026-09-22T23:25:43.2630463Z  2026-09-22 23:23:58.104 UTC [55] LOG:  checkpoint starting: immediate force wait
2026-09-22T23:25:43.2631511Z  2026-09-22 23:23:58.107 UTC [55] LOG:  checkpoint complete: wrote 7 buffers (0.0%); 0 WAL file(s) added, 0 removed, 0 recycled; write=0.001 s, sync=0.001 s, total=0.003 s; sync files=7, longest=0.001 s, average=0.001 s; distance=6448 kB, estimate=6492 kB; lsn=0/69F5E548, redo lsn=0/69F5E4F0
2026-09-22T23:25:43.2632572Z  2026-09-22 23:23:58.915 UTC [55] LOG:  checkpoint starting: immediate force wait
2026-09-22T23:25:43.2633622Z  2026-09-22 23:23:58.918 UTC [55] LOG:  checkpoint complete: wrote 8 buffers (0.0%); 0 WAL file(s) added, 0 removed, 1 recycled; write=0.001 s, sync=0.001 s, total=0.004 s; sync files=7, longest=0.001 s, average=0.001 s; distance=6403 kB, estimate=6483 kB; lsn=0/6A59F348, redo lsn=0/6A59F2F0
2026-09-22T23:25:43.2634674Z  2026-09-22 23:23:59.801 UTC [55] LOG:  checkpoint starting: immediate force wait
2026-09-22T23:25:43.2635735Z  2026-09-22 23:23:59.804 UTC [55] LOG:  checkpoint complete: wrote 7 buffers (0.0%); 0 WAL file(s) added, 0 removed, 0 recycled; write=0.001 s, sync=0.001 s, total=0.004 s; sync files=7, longest=0.001 s, average=0.001 s; distance=6424 kB, estimate=6477 kB; lsn=0/6ABE53B8, redo lsn=0/6ABE5360
2026-09-22T23:25:43.2636795Z  2026-09-22 23:24:00.758 UTC [55] LOG:  checkpoint starting: immediate force wait
2026-09-22T23:25:43.2637849Z  2026-09-22 23:24:00.761 UTC [55] LOG:  checkpoint complete: wrote 7 buffers (0.0%); 0 WAL file(s) added, 0 removed, 1 recycled; write=0.001 s, sync=0.001 s, total=0.003 s; sync files=7, longest=0.001 s, average=0.001 s; distance=6426 kB, estimate=6472 kB; lsn=0/6B22BE30, redo lsn=0/6B22BDD8
2026-09-22T23:25:43.2639029Z  2026-09-22 23:24:01.642 UTC [55] LOG:  checkpoint starting: immediate force wait
2026-09-22T23:25:43.2640096Z  2026-09-22 23:24:01.645 UTC [55] LOG:  checkpoint complete: wrote 7 buffers (0.0%); 0 WAL file(s) added, 0 removed, 0 recycled; write=0.001 s, sync=0.001 s, total=0.003 s; sync files=7, longest=0.001 s, average=0.001 s; distance=6417 kB, estimate=6467 kB; lsn=0/6B870350, redo lsn=0/6B8702F8
2026-09-22T23:25:43.2641150Z  2026-09-22 23:24:02.557 UTC [55] LOG:  checkpoint starting: immediate force wait
2026-09-22T23:25:43.2642202Z  2026-09-22 23:24:02.560 UTC [55] LOG:  checkpoint complete: wrote 7 buffers (0.0%); 0 WAL file(s) added, 0 removed, 0 recycled; write=0.001 s, sync=0.001 s, total=0.003 s; sync files=7, longest=0.001 s, average=0.001 s; distance=6424 kB, estimate=6462 kB; lsn=0/6BEB6460, redo lsn=0/6BEB6408
2026-09-22T23:25:43.2643263Z  2026-09-22 23:24:03.431 UTC [55] LOG:  checkpoint starting: immediate force wait
2026-09-22T23:25:43.2644314Z  2026-09-22 23:24:03.434 UTC [55] LOG:  checkpoint complete: wrote 7 buffers (0.0%); 0 WAL file(s) added, 0 removed, 1 recycled; write=0.001 s, sync=0.001 s, total=0.004 s; sync files=7, longest=0.001 s, average=0.001 s; distance=6424 kB, estimate=6458 kB; lsn=0/6C4FC620, redo lsn=0/6C4FC5C8
2026-09-22T23:25:43.2645372Z  2026-09-22 23:24:04.313 UTC [55] LOG:  checkpoint starting: immediate force wait
2026-09-22T23:25:43.2646422Z  2026-09-22 23:24:04.316 UTC [55] LOG:  checkpoint complete: wrote 7 buffers (0.0%); 0 WAL file(s) added, 0 removed, 0 recycled; write=0.001 s, sync=0.001 s, total=0.003 s; sync files=7, longest=0.001 s, average=0.001 s; distance=6425 kB, estimate=6455 kB; lsn=0/6CB42DF0, redo lsn=0/6CB42D98
2026-09-22T23:25:43.2647599Z  2026-09-22 23:24:05.242 UTC [55] LOG:  checkpoint starting: immediate force wait
2026-09-22T23:25:43.2648656Z  2026-09-22 23:24:05.245 UTC [55] LOG:  checkpoint complete: wrote 7 buffers (0.0%); 0 WAL file(s) added, 0 removed, 1 recycled; write=0.001 s, sync=0.001 s, total=0.004 s; sync files=7, longest=0.001 s, average=0.001 s; distance=6427 kB, estimate=6452 kB; lsn=0/6D189A88, redo lsn=0/6D189A30
2026-09-22T23:25:43.2649818Z  2026-09-22 23:24:06.172 UTC [55] LOG:  checkpoint starting: immediate force wait
2026-09-22T23:25:43.2650988Z  2026-09-22 23:24:06.175 UTC [55] LOG:  checkpoint complete: wrote 8 buffers (0.0%); 0 WAL file(s) added, 0 removed, 0 recycled; write=0.001 s, sync=0.001 s, total=0.003 s; sync files=8, longest=0.001 s, average=0.001 s; distance=6439 kB, estimate=6451 kB; lsn=0/6D7D3688, redo lsn=0/6D7D3630
2026-09-22T23:25:43.2652049Z  2026-09-22 23:24:07.009 UTC [55] LOG:  checkpoint starting: immediate force wait
2026-09-22T23:25:43.2653092Z  2026-09-22 23:24:07.012 UTC [55] LOG:  checkpoint complete: wrote 7 buffers (0.0%); 0 WAL file(s) added, 0 removed, 0 recycled; write=0.001 s, sync=0.001 s, total=0.003 s; sync files=7, longest=0.001 s, average=0.001 s; distance=6412 kB, estimate=6447 kB; lsn=0/6DE168B0, redo lsn=0/6DE16858
2026-09-22T23:25:43.2654147Z  2026-09-22 23:24:07.861 UTC [55] LOG:  checkpoint starting: immediate force wait
2026-09-22T23:25:43.2655193Z  2026-09-22 23:24:07.864 UTC [55] LOG:  checkpoint complete: wrote 7 buffers (0.0%); 0 WAL file(s) added, 0 removed, 1 recycled; write=0.001 s, sync=0.001 s, total=0.004 s; sync files=7, longest=0.001 s, average=0.001 s; distance=6423 kB, estimate=6445 kB; lsn=0/6E45C6A8, redo lsn=0/6E45C650
2026-09-22T23:25:43.2656251Z  2026-09-22 23:24:08.679 UTC [55] LOG:  checkpoint starting: immediate force wait
2026-09-22T23:25:43.2657300Z  2026-09-22 23:24:08.682 UTC [55] LOG:  checkpoint complete: wrote 7 buffers (0.0%); 0 WAL file(s) added, 0 removed, 0 recycled; write=0.001 s, sync=0.001 s, total=0.003 s; sync files=7, longest=0.001 s, average=0.001 s; distance=6413 kB, estimate=6441 kB; lsn=0/6EA9FCA8, redo lsn=0/6EA9FC50
2026-09-22T23:25:43.2658367Z  2026-09-22 23:24:09.911 UTC [55] LOG:  checkpoint starting: immediate force wait
2026-09-22T23:25:43.2659532Z  2026-09-22 23:24:09.914 UTC [55] LOG:  checkpoint complete: wrote 7 buffers (0.0%); 0 WAL file(s) added, 0 removed, 1 recycled; write=0.001 s, sync=0.001 s, total=0.004 s; sync files=7, longest=0.001 s, average=0.001 s; distance=7361 kB, estimate=7361 kB; lsn=0/6F1D0418, redo lsn=0/6F1D03C0
2026-09-22T23:25:43.2660586Z  2026-09-22 23:24:12.531 UTC [55] LOG:  checkpoint starting: immediate force wait
2026-09-22T23:25:43.2661647Z  2026-09-22 23:24:12.534 UTC [55] LOG:  checkpoint complete: wrote 7 buffers (0.0%); 0 WAL file(s) added, 0 removed, 0 recycled; write=0.001 s, sync=0.001 s, total=0.003 s; sync files=7, longest=0.001 s, average=0.001 s; distance=7289 kB, estimate=7354 kB; lsn=0/6F8EEC00, redo lsn=0/6F8EEBA8
2026-09-22T23:25:43.2662865Z  2026-09-22 23:24:13.855 UTC [3914] ERROR:  new row for relation "runs" violates check constraint "issue171_transient_dispatch"
2026-09-22T23:25:43.2665628Z  2026-09-22 23:24:13.855 UTC [3914] DETAIL:  Failing row contains (5407cc0b-964a-44ed-87d1-5d28b1f06189, 43cb2811-fb4d-4e26-84fb-8fb793a3139c, b56ef13c-4944-48bc-9ee3-bc498bdb2628, b3a558c3-ec33-46d0-a499-7fab7c642879, issue171-store-fixture-43cb2811-fb4d-4e26-84fb-8fb793a3139c, starting, null, null, null, 2026-09-22 23:24:13.848799+00, 2026-09-22 23:24:13.848799+00, 743c3432-0b49-4997-bdee-eeeae32b847a, null, null, 0, 0, 0, null, null, null, null, null, null, 5407cc0b-964a-44ed-87d1-5d28b1f06189, pending, null, 100000, 1000000, healthy, 0, 0, null, 2026-09-22 23:24:13.848799+00, fixture-model, medium, null, null, null, null, issue171/isolated-source, main, aaaaaaaaaaaaaaaaaaaaaaaaaaaaaaaaaaaaaaaa, null, null, provider, null, null).
2026-09-22T23:25:43.2668275Z  2026-09-22 23:24:13.855 UTC [3914] STATEMENT:
2026-09-22T23:25:43.2668574Z  	            INSERT INTO runs
2026-09-22T23:25:43.2669105Z  	                (id, corp_id, task_id, agent_id, runner_id, assignment_token, status,
2026-09-22T23:25:43.2669595Z  	                 workspace_run_id, budget_tokens_limit, budget_cost_microusd_limit,
2026-09-22T23:25:43.2670068Z  	                 model, reasoning_effort, source_repository, source_base_ref,
2026-09-22T23:25:43.2670433Z  	                 source_base_commit)
2026-09-22T23:25:43.2670757Z  	            VALUES ($1, $2, $3, $4, $5, $6, 'starting', $1, $7, $8, $9, $10,
2026-09-22T23:25:43.2671096Z  	                    $11, $12, $13)
2026-09-22T23:25:43.2671339Z
2026-09-22T23:25:43.2671760Z  2026-09-22 23:24:13.947 UTC [55] LOG:  checkpoint starting: immediate force wait
2026-09-22T23:25:43.2672841Z  2026-09-22 23:24:13.951 UTC [55] LOG:  checkpoint complete: wrote 7 buffers (0.0%); 0 WAL file(s) added, 0 removed, 0 recycled; write=0.001 s, sync=0.001 s, total=0.005 s; sync files=7, longest=0.001 s, average=0.001 s; distance=6540 kB, estimate=7273 kB; lsn=0/6FF51F88, redo lsn=0/6FF51F30
2026-09-22T23:25:43.2673922Z  2026-09-22 23:24:15.781 UTC [55] LOG:  checkpoint starting: immediate force wait
2026-09-22T23:25:43.2674978Z  2026-09-22 23:24:15.785 UTC [55] LOG:  checkpoint complete: wrote 7 buffers (0.0%); 0 WAL file(s) added, 0 removed, 1 recycled; write=0.001 s, sync=0.001 s, total=0.004 s; sync files=7, longest=0.001 s, average=0.001 s; distance=6685 kB, estimate=7214 kB; lsn=0/705D9638, redo lsn=0/705D95E0
2026-09-22T23:25:43.2676037Z  2026-09-22 23:24:17.272 UTC [55] LOG:  checkpoint starting: immediate force wait
2026-09-22T23:25:43.2677134Z  2026-09-22 23:24:17.276 UTC [55] LOG:  checkpoint complete: wrote 9 buffers (0.1%); 0 WAL file(s) added, 0 removed, 0 recycled; write=0.001 s, sync=0.001 s, total=0.004 s; sync files=7, longest=0.001 s, average=0.001 s; distance=6536 kB, estimate=7146 kB; lsn=0/70C3B720, redo lsn=0/70C3B6C8
2026-09-22T23:25:43.2678202Z  2026-09-22 23:24:18.599 UTC [55] LOG:  checkpoint starting: immediate force wait
2026-09-22T23:25:43.2679368Z  2026-09-22 23:24:18.602 UTC [55] LOG:  checkpoint complete: wrote 7 buffers (0.0%); 0 WAL file(s) added, 0 removed, 1 recycled; write=0.001 s, sync=0.001 s, total=0.004 s; sync files=7, longest=0.001 s, average=0.001 s; distance=6535 kB, estimate=7085 kB; lsn=0/7129D718, redo lsn=0/7129D6C0
2026-09-22T23:25:43.2680421Z  2026-09-22 23:24:20.718 UTC [55] LOG:  checkpoint starting: immediate force wait
2026-09-22T23:25:43.2681480Z  2026-09-22 23:24:20.722 UTC [55] LOG:  checkpoint complete: wrote 10 buffers (0.1%); 0 WAL file(s) added, 0 removed, 0 recycled; write=0.001 s, sync=0.001 s, total=0.004 s; sync files=7, longest=0.001 s, average=0.001 s; distance=6993 kB, estimate=7076 kB; lsn=0/71971B50, redo lsn=0/71971AF8
2026-09-22T23:25:43.2682687Z  2026-09-22 23:24:22.018 UTC [3973] ERROR:  new row for relation "events" violates check constraint "issue171_injected_failure"
2026-09-22T23:25:43.2684745Z  2026-09-22 23:24:22.018 UTC [3973] DETAIL:  Failing row contains (56, 41c7717a-312e-4c77-9065-ccc4039ec230, 1, 44e669c7-c9c6-4522-81bf-58657fba861d, f0435d21-e604-40a1-8233-da1fd9a406be, null, agent.reactivated, agent, 65b31d3d-9810-4f3c-a83d-d1292069d99f, 1, b0b5b78d-ecb3-4427-8334-df506ebd76d1, b13d9f2b-b74f-4932-b7df-f9283fa8f4d6, agent:65b31d3d-9810-4f3c-a83d-d1292069d99f:reactivated:b13d9f2b-..., corp, {"reason": "running mission, unfinished assigned work", "mission..., 2026-09-22 23:24:21.99795+00).
2026-09-22T23:25:43.2686556Z  2026-09-22 23:24:22.018 UTC [3973] STATEMENT:
2026-09-22T23:25:43.2686843Z  	        INSERT INTO events
2026-09-22T23:25:43.2687191Z  	            (id, schema_version, corp_id, room_id, actor_id, type, aggregate_type,
2026-09-22T23:25:43.2687667Z  	             aggregate_id, aggregate_version, correlation_id, causation_id,
2026-09-22T23:25:43.2688064Z  	             idempotency_key, visibility, payload)
2026-09-22T23:25:43.2688546Z  	        VALUES ($1, 1, $2, $3, $4, $5, $6, $7, $8, $9, $10, $11, $12, $13)
2026-09-22T23:25:43.2689036Z  	        ON CONFLICT (corp_id, idempotency_key) DO NOTHING
2026-09-22T23:25:43.2689451Z  	        RETURNING seq, id, schema_version, corp_id, room_id, actor_id, type,
2026-09-22T23:25:43.2689920Z  	                  aggregate_type, aggregate_id, aggregate_version, correlation_id,
2026-09-22T23:25:43.2690390Z  	                  causation_id, idempotency_key, visibility, payload, created_at
2026-09-22T23:25:43.2690744Z
2026-09-22T23:25:43.2691036Z  2026-09-22 23:24:22.091 UTC [55] LOG:  checkpoint starting: immediate force wait
2026-09-22T23:25:43.2692219Z  2026-09-22 23:24:22.094 UTC [55] LOG:  checkpoint complete: wrote 7 buffers (0.0%); 0 WAL file(s) added, 0 removed, 0 recycled; write=0.001 s, sync=0.001 s, total=0.003 s; sync files=7, longest=0.001 s, average=0.001 s; distance=6536 kB, estimate=7022 kB; lsn=0/71FD3DE0, redo lsn=0/71FD3D88
2026-09-22T23:25:43.2693294Z  2026-09-22 23:24:27.171 UTC [55] LOG:  checkpoint starting: immediate force wait
2026-09-22T23:25:43.2694349Z  2026-09-22 23:24:27.174 UTC [55] LOG:  checkpoint complete: wrote 7 buffers (0.0%); 0 WAL file(s) added, 0 removed, 1 recycled; write=0.001 s, sync=0.001 s, total=0.004 s; sync files=7, longest=0.001 s, average=0.001 s; distance=8863 kB, estimate=8863 kB; lsn=0/7287BC30, redo lsn=0/7287BBD8
2026-09-22T23:25:43.2695400Z  2026-09-22 23:24:31.809 UTC [55] LOG:  checkpoint starting: immediate force wait
2026-09-22T23:25:43.2696451Z  2026-09-22 23:24:31.812 UTC [55] LOG:  checkpoint complete: wrote 8 buffers (0.0%); 0 WAL file(s) added, 0 removed, 1 recycled; write=0.001 s, sync=0.001 s, total=0.004 s; sync files=7, longest=0.001 s, average=0.001 s; distance=8713 kB, estimate=8848 kB; lsn=0/730FE120, redo lsn=0/730FE0C8
2026-09-22T23:25:43.2697503Z  2026-09-22 23:24:33.425 UTC [55] LOG:  checkpoint starting: immediate force wait
2026-09-22T23:25:43.2698557Z  2026-09-22 23:24:33.428 UTC [55] LOG:  checkpoint complete: wrote 7 buffers (0.0%); 0 WAL file(s) added, 0 removed, 0 recycled; write=0.001 s, sync=0.001 s, total=0.003 s; sync files=7, longest=0.001 s, average=0.001 s; distance=6686 kB, estimate=8632 kB; lsn=0/73785C28, redo lsn=0/73785BD0
2026-09-22T23:25:43.2699722Z  2026-09-22 23:24:35.289 UTC [55] LOG:  checkpoint starting: immediate force wait
2026-09-22T23:25:43.2700767Z  2026-09-22 23:24:35.291 UTC [55] LOG:  checkpoint complete: wrote 7 buffers (0.0%); 0 WAL file(s) added, 0 removed, 0 recycled; write=0.001 s, sync=0.001 s, total=0.003 s; sync files=7, longest=0.001 s, average=0.001 s; distance=6680 kB, estimate=8437 kB; lsn=0/73E0BFB0, redo lsn=0/73E0BF58
2026-09-22T23:25:43.2701821Z  2026-09-22 23:24:36.832 UTC [55] LOG:  checkpoint starting: immediate force wait
2026-09-22T23:25:43.2702873Z  2026-09-22 23:24:36.835 UTC [55] LOG:  checkpoint complete: wrote 7 buffers (0.0%); 0 WAL file(s) added, 0 removed, 1 recycled; write=0.001 s, sync=0.001 s, total=0.003 s; sync files=7, longest=0.001 s, average=0.001 s; distance=6536 kB, estimate=8247 kB; lsn=0/7446E1D8, redo lsn=0/7446E180
2026-09-22T23:25:43.2703938Z  2026-09-22 23:24:38.695 UTC [55] LOG:  checkpoint starting: immediate force wait
2026-09-22T23:25:43.2704988Z  2026-09-22 23:24:38.698 UTC [55] LOG:  checkpoint complete: wrote 7 buffers (0.0%); 0 WAL file(s) added, 0 removed, 0 recycled; write=0.001 s, sync=0.001 s, total=0.003 s; sync files=7, longest=0.001 s, average=0.001 s; distance=6835 kB, estimate=8105 kB; lsn=0/74B1AE38, redo lsn=0/74B1ADE0
2026-09-22T23:25:43.2706036Z  2026-09-22 23:24:40.047 UTC [55] LOG:  checkpoint starting: immediate force wait
2026-09-22T23:25:43.2707092Z  2026-09-22 23:24:40.050 UTC [55] LOG:  checkpoint complete: wrote 7 buffers (0.0%); 0 WAL file(s) added, 0 removed, 1 recycled; write=0.001 s, sync=0.001 s, total=0.003 s; sync files=7, longest=0.001 s, average=0.001 s; distance=6537 kB, estimate=7949 kB; lsn=0/7517D388, redo lsn=0/7517D330
2026-09-22T23:25:43.2708141Z  2026-09-22 23:24:41.822 UTC [55] LOG:  checkpoint starting: immediate force wait
2026-09-22T23:25:43.2709439Z  2026-09-22 23:24:41.824 UTC [55] LOG:  checkpoint complete: wrote 7 buffers (0.0%); 0 WAL file(s) added, 0 removed, 0 recycled; write=0.001 s, sync=0.001 s, total=0.003 s; sync files=7, longest=0.001 s, average=0.001 s; distance=7693 kB, estimate=7923 kB; lsn=0/75900AE8, redo lsn=0/75900A90
2026-09-22T23:25:43.2710493Z  2026-09-22 23:24:43.182 UTC [55] LOG:  checkpoint starting: immediate force wait
2026-09-22T23:25:43.2711544Z  2026-09-22 23:24:43.185 UTC [55] LOG:  checkpoint complete: wrote 7 buffers (0.0%); 0 WAL file(s) added, 0 removed, 0 recycled; write=0.001 s, sync=0.001 s, total=0.003 s; sync files=7, longest=0.001 s, average=0.001 s; distance=6539 kB, estimate=7785 kB; lsn=0/75F63900, redo lsn=0/75F638A8
2026-09-22T23:25:43.2712723Z  2026-09-22 23:24:44.547 UTC [55] LOG:  checkpoint starting: immediate force wait
2026-09-22T23:25:43.2713777Z  2026-09-22 23:24:44.550 UTC [55] LOG:  checkpoint complete: wrote 7 buffers (0.0%); 0 WAL file(s) added, 0 removed, 1 recycled; write=0.001 s, sync=0.001 s, total=0.004 s; sync files=7, longest=0.001 s, average=0.001 s; distance=6542 kB, estimate=7660 kB; lsn=0/765C71E8, redo lsn=0/765C7190
2026-09-22T23:25:43.2714837Z  2026-09-22 23:24:47.430 UTC [55] LOG:  checkpoint starting: immediate force wait
2026-09-22T23:25:43.2715889Z  2026-09-22 23:24:47.433 UTC [55] LOG:  checkpoint complete: wrote 8 buffers (0.0%); 0 WAL file(s) added, 0 removed, 0 recycled; write=0.001 s, sync=0.001 s, total=0.004 s; sync files=7, longest=0.001 s, average=0.001 s; distance=7454 kB, estimate=7640 kB; lsn=0/76D0EA08, redo lsn=0/76D0E9B0
2026-09-22T23:25:43.2716936Z  2026-09-22 23:24:48.326 UTC [55] LOG:  checkpoint starting: immediate force wait
2026-09-22T23:25:43.2717993Z  2026-09-22 23:24:48.329 UTC [55] LOG:  checkpoint complete: wrote 7 buffers (0.0%); 0 WAL file(s) added, 0 removed, 1 recycled; write=0.001 s, sync=0.001 s, total=0.004 s; sync files=7, longest=0.001 s, average=0.001 s; distance=6425 kB, estimate=7518 kB; lsn=0/77354FF8, redo lsn=0/77354FA0
2026-09-22T23:25:43.2719159Z  2026-09-22 23:24:49.219 UTC [55] LOG:  checkpoint starting: immediate force wait
2026-09-22T23:25:43.2720212Z  2026-09-22 23:24:49.222 UTC [55] LOG:  checkpoint complete: wrote 7 buffers (0.0%); 0 WAL file(s) added, 0 removed, 0 recycled; write=0.001 s, sync=0.001 s, total=0.003 s; sync files=7, longest=0.001 s, average=0.001 s; distance=6412 kB, estimate=7408 kB; lsn=0/77998108, redo lsn=0/779980B0
2026-09-22T23:25:43.2721262Z  2026-09-22 23:24:50.140 UTC [55] LOG:  checkpoint starting: immediate force wait
2026-09-22T23:25:43.2722321Z  2026-09-22 23:24:50.143 UTC [55] LOG:  checkpoint complete: wrote 7 buffers (0.0%); 0 WAL file(s) added, 0 removed, 0 recycled; write=0.001 s, sync=0.001 s, total=0.003 s; sync files=7, longest=0.001 s, average=0.001 s; distance=6413 kB, estimate=7308 kB; lsn=0/77FDB758, redo lsn=0/77FDB700
2026-09-22T23:25:43.2723367Z  2026-09-22 23:24:51.033 UTC [55] LOG:  checkpoint starting: immediate force wait
2026-09-22T23:25:43.2724419Z  2026-09-22 23:24:51.036 UTC [55] LOG:  checkpoint complete: wrote 7 buffers (0.0%); 0 WAL file(s) added, 0 removed, 1 recycled; write=0.001 s, sync=0.001 s, total=0.003 s; sync files=7, longest=0.001 s, average=0.001 s; distance=6409 kB, estimate=7218 kB; lsn=0/7861DC30, redo lsn=0/7861DBD8
2026-09-22T23:25:43.2725474Z  2026-09-22 23:24:51.926 UTC [55] LOG:  checkpoint starting: immediate force wait
2026-09-22T23:25:43.2726525Z  2026-09-22 23:24:51.929 UTC [55] LOG:  checkpoint complete: wrote 7 buffers (0.0%); 0 WAL file(s) added, 0 removed, 0 recycled; write=0.001 s, sync=0.001 s, total=0.004 s; sync files=7, longest=0.001 s, average=0.001 s; distance=6413 kB, estimate=7138 kB; lsn=0/78C610A0, redo lsn=0/78C61048
2026-09-22T23:25:43.2727581Z  2026-09-22 23:24:52.703 UTC [4180] ERROR:  issue223 injected message failure
2026-09-22T23:25:43.2728117Z  2026-09-22 23:24:52.703 UTC [4180] CONTEXT:  PL/pgSQL function reject_fixture_message() line 1 at RAISE
2026-09-22T23:25:43.2728591Z  2026-09-22 23:24:52.703 UTC [4180] STATEMENT:
2026-09-22T23:25:43.2729173Z  	            INSERT INTO queued_messages
2026-09-22T23:25:43.2729506Z  	                (id, corp_id, agent_id, actor_id, text, status, run_id,
2026-09-22T23:25:43.2729859Z  	                 idempotency_key, command_id)
2026-09-22T23:25:43.2730164Z  	            VALUES ($1, $2, $3, $4, $5, $6, $7, $8, $9)
2026-09-22T23:25:43.2730554Z  	            RETURNING id, corp_id, agent_id, actor_id, text, status, created_at
2026-09-22T23:25:43.2730917Z
2026-09-22T23:25:43.2731209Z  2026-09-22 23:24:52.748 UTC [55] LOG:  checkpoint starting: immediate force wait
2026-09-22T23:25:43.2732396Z  2026-09-22 23:24:52.751 UTC [55] LOG:  checkpoint complete: wrote 7 buffers (0.0%); 0 WAL file(s) added, 0 removed, 1 recycled; write=0.001 s, sync=0.001 s, total=0.004 s; sync files=7, longest=0.001 s, average=0.001 s; distance=6416 kB, estimate=7065 kB; lsn=0/792A52B8, redo lsn=0/792A5260
2026-09-22T23:25:43.2733460Z  2026-09-22 23:24:53.665 UTC [55] LOG:  checkpoint starting: immediate force wait
2026-09-22T23:25:43.2734520Z  2026-09-22 23:24:53.668 UTC [55] LOG:  checkpoint complete: wrote 7 buffers (0.0%); 0 WAL file(s) added, 0 removed, 0 recycled; write=0.001 s, sync=0.001 s, total=0.003 s; sync files=7, longest=0.001 s, average=0.001 s; distance=6419 kB, estimate=7001 kB; lsn=0/798E9FC0, redo lsn=0/798E9F68
2026-09-22T23:25:43.2735573Z  2026-09-22 23:24:54.582 UTC [55] LOG:  checkpoint starting: immediate force wait
2026-09-22T23:25:43.2736626Z  2026-09-22 23:24:54.585 UTC [55] LOG:  checkpoint complete: wrote 24 buffers (0.1%); 0 WAL file(s) added, 0 removed, 0 recycled; write=0.001 s, sync=0.001 s, total=0.003 s; sync files=12, longest=0.001 s, average=0.001 s; distance=6519 kB, estimate=6953 kB; lsn=0/79F47C18, redo lsn=0/79F47BC0
2026-09-22T23:25:43.2737696Z  2026-09-22 23:24:55.437 UTC [55] LOG:  checkpoint starting: immediate force wait
2026-09-22T23:25:43.2738745Z  2026-09-22 23:24:55.440 UTC [55] LOG:  checkpoint complete: wrote 7 buffers (0.0%); 0 WAL file(s) added, 0 removed, 1 recycled; write=0.001 s, sync=0.001 s, total=0.004 s; sync files=7, longest=0.001 s, average=0.001 s; distance=6421 kB, estimate=6899 kB; lsn=0/7A58D3A8, redo lsn=0/7A58D350
2026-09-22T23:25:43.2739921Z  2026-09-22 23:24:56.439 UTC [55] LOG:  checkpoint starting: immediate force wait
2026-09-22T23:25:43.2740969Z  2026-09-22 23:24:56.442 UTC [55] LOG:  checkpoint complete: wrote 7 buffers (0.0%); 0 WAL file(s) added, 0 removed, 0 recycled; write=0.001 s, sync=0.001 s, total=0.003 s; sync files=7, longest=0.001 s, average=0.001 s; distance=6416 kB, estimate=6851 kB; lsn=0/7ABD1498, redo lsn=0/7ABD1440
2026-09-22T23:25:43.2742024Z  2026-09-22 23:24:57.226 UTC [55] LOG:  checkpoint starting: immediate force wait
2026-09-22T23:25:43.2743075Z  2026-09-22 23:24:57.230 UTC [55] LOG:  checkpoint complete: wrote 7 buffers (0.0%); 0 WAL file(s) added, 0 removed, 1 recycled; write=0.001 s, sync=0.001 s, total=0.004 s; sync files=7, longest=0.001 s, average=0.001 s; distance=6404 kB, estimate=6806 kB; lsn=0/7B2124C8, redo lsn=0/7B212470
2026-09-22T23:25:43.2744127Z  2026-09-22 23:24:57.985 UTC [4231] ERROR:  issue193 injected event failure
2026-09-22T23:25:43.2744657Z  2026-09-22 23:24:57.985 UTC [4231] CONTEXT:  PL/pgSQL function reject_issue193_event() line 2 at RAISE
2026-09-22T23:25:43.2745126Z  2026-09-22 23:24:57.985 UTC [4231] STATEMENT:
2026-09-22T23:25:43.2745413Z  	        INSERT INTO events
2026-09-22T23:25:43.2745758Z  	            (id, schema_version, corp_id, room_id, actor_id, type, aggregate_type,
2026-09-22T23:25:43.2746221Z  	             aggregate_id, aggregate_version, correlation_id, causation_id,
2026-09-22T23:25:43.2746613Z  	             idempotency_key, visibility, payload)
2026-09-22T23:25:43.2746963Z  	        VALUES ($1, 1, $2, $3, $4, $5, $6, $7, $8, $9, $10, $11, $12, $13)
2026-09-22T23:25:43.2747342Z  	        ON CONFLICT (corp_id, idempotency_key) DO NOTHING
2026-09-22T23:25:43.2747753Z  	        RETURNING seq, id, schema_version, corp_id, room_id, actor_id, type,
2026-09-22T23:25:43.2748365Z  	                  aggregate_type, aggregate_id, aggregate_version, correlation_id,
2026-09-22T23:25:43.2749004Z  	                  causation_id, idempotency_key, visibility, payload, created_at
2026-09-22T23:25:43.2749369Z
2026-09-22T23:25:43.2749662Z  2026-09-22 23:24:58.039 UTC [55] LOG:  checkpoint starting: immediate force wait
2026-09-22T23:25:43.2750735Z  2026-09-22 23:24:58.042 UTC [55] LOG:  checkpoint complete: wrote 7 buffers (0.0%); 0 WAL file(s) added, 0 removed, 0 recycled; write=0.001 s, sync=0.001 s, total=0.003 s; sync files=7, longest=0.001 s, average=0.001 s; distance=6409 kB, estimate=6767 kB; lsn=0/7B854960, redo lsn=0/7B854908
2026-09-22T23:25:43.2751901Z  2026-09-22 23:24:58.856 UTC [55] LOG:  checkpoint starting: immediate force wait
2026-09-22T23:25:43.2753098Z  2026-09-22 23:24:58.859 UTC [55] LOG:  checkpoint complete: wrote 7 buffers (0.0%); 0 WAL file(s) added, 0 removed, 0 recycled; write=0.001 s, sync=0.001 s, total=0.003 s; sync files=7, longest=0.001 s, average=0.001 s; distance=6403 kB, estimate=6730 kB; lsn=0/7BE957A8, redo lsn=0/7BE95750
2026-09-22T23:25:43.2754160Z  2026-09-22 23:24:59.745 UTC [55] LOG:  checkpoint starting: immediate force wait
2026-09-22T23:25:43.2755215Z  2026-09-22 23:24:59.749 UTC [55] LOG:  checkpoint complete: wrote 7 buffers (0.0%); 0 WAL file(s) added, 0 removed, 1 recycled; write=0.001 s, sync=0.001 s, total=0.004 s; sync files=7, longest=0.001 s, average=0.001 s; distance=6411 kB, estimate=6698 kB; lsn=0/7C4D8660, redo lsn=0/7C4D8608
2026-09-22T23:25:43.2756267Z  2026-09-22 23:25:00.570 UTC [55] LOG:  checkpoint starting: immediate force wait
2026-09-22T23:25:43.2757320Z  2026-09-22 23:25:00.572 UTC [55] LOG:  checkpoint complete: wrote 7 buffers (0.0%); 0 WAL file(s) added, 0 removed, 0 recycled; write=0.001 s, sync=0.001 s, total=0.003 s; sync files=7, longest=0.001 s, average=0.001 s; distance=6411 kB, estimate=6670 kB; lsn=0/7CB1B458, redo lsn=0/7CB1B400
2026-09-22T23:25:43.2758376Z  2026-09-22 23:25:01.390 UTC [55] LOG:  checkpoint starting: immediate force wait
2026-09-22T23:25:43.2759552Z  2026-09-22 23:25:01.392 UTC [55] LOG:  checkpoint complete: wrote 7 buffers (0.0%); 0 WAL file(s) added, 0 removed, 1 recycled; write=0.001 s, sync=0.001 s, total=0.003 s; sync files=7, longest=0.001 s, average=0.001 s; distance=6411 kB, estimate=6644 kB; lsn=0/7D15E430, redo lsn=0/7D15E3D8
2026-09-22T23:25:43.2760607Z  2026-09-22 23:25:02.222 UTC [55] LOG:  checkpoint starting: immediate force wait
2026-09-22T23:25:43.2761659Z  2026-09-22 23:25:02.225 UTC [55] LOG:  checkpoint complete: wrote 7 buffers (0.0%); 0 WAL file(s) added, 0 removed, 0 recycled; write=0.001 s, sync=0.001 s, total=0.003 s; sync files=7, longest=0.001 s, average=0.001 s; distance=6410 kB, estimate=6620 kB; lsn=0/7D7A0FB8, redo lsn=0/7D7A0F60
2026-09-22T23:25:43.2762716Z  2026-09-22 23:25:03.088 UTC [55] LOG:  checkpoint starting: immediate force wait
2026-09-22T23:25:43.2763766Z  2026-09-22 23:25:03.091 UTC [55] LOG:  checkpoint complete: wrote 7 buffers (0.0%); 0 WAL file(s) added, 0 removed, 0 recycled; write=0.001 s, sync=0.001 s, total=0.003 s; sync files=7, longest=0.001 s, average=0.001 s; distance=6422 kB, estimate=6601 kB; lsn=0/7DDE6970, redo lsn=0/7DDE6918
2026-09-22T23:25:43.2764819Z  2026-09-22 23:25:03.917 UTC [55] LOG:  checkpoint starting: immediate force wait
2026-09-22T23:25:43.2765876Z  2026-09-22 23:25:03.920 UTC [55] LOG:  checkpoint complete: wrote 8 buffers (0.0%); 0 WAL file(s) added, 0 removed, 1 recycled; write=0.001 s, sync=0.001 s, total=0.004 s; sync files=7, longest=0.001 s, average=0.001 s; distance=6417 kB, estimate=6582 kB; lsn=0/7E42AFD8, redo lsn=0/7E42AF80
2026-09-22T23:25:43.2766931Z  2026-09-22 23:25:04.779 UTC [55] LOG:  checkpoint starting: immediate force wait
2026-09-22T23:25:43.2767988Z  2026-09-22 23:25:04.782 UTC [55] LOG:  checkpoint complete: wrote 7 buffers (0.0%); 0 WAL file(s) added, 0 removed, 0 recycled; write=0.001 s, sync=0.001 s, total=0.003 s; sync files=7, longest=0.001 s, average=0.001 s; distance=6404 kB, estimate=6564 kB; lsn=0/7EA6C348, redo lsn=0/7EA6C2F0
2026-09-22T23:25:43.2769278Z  2026-09-22 23:25:05.277 UTC [55] LOG:  checkpoint starting: immediate force wait
2026-09-22T23:25:43.2770327Z  2026-09-22 23:25:05.280 UTC [55] LOG:  checkpoint complete: wrote 7 buffers (0.0%); 0 WAL file(s) added, 0 removed, 0 recycled; write=0.001 s, sync=0.001 s, total=0.004 s; sync files=7, longest=0.001 s, average=0.001 s; distance=4455 kB, estimate=6353 kB; lsn=0/7EEC5F58, redo lsn=0/7EEC5F00
2026-09-22T23:25:43.2771381Z  2026-09-22 23:25:05.581 UTC [55] LOG:  checkpoint starting: immediate force wait
2026-09-22T23:25:43.2772552Z  2026-09-22 23:25:05.584 UTC [55] LOG:  checkpoint complete: wrote 7 buffers (0.0%); 0 WAL file(s) added, 0 removed, 1 recycled; write=0.001 s, sync=0.001 s, total=0.004 s; sync files=7, longest=0.001 s, average=0.001 s; distance=4444 kB, estimate=6162 kB; lsn=0/7F31D090, redo lsn=0/7F31D038
2026-09-22T23:25:43.2773607Z  2026-09-22 23:25:05.882 UTC [55] LOG:  checkpoint starting: immediate force wait
2026-09-22T23:25:43.2774662Z  2026-09-22 23:25:05.884 UTC [55] LOG:  checkpoint complete: wrote 7 buffers (0.0%); 0 WAL file(s) added, 0 removed, 0 recycled; write=0.001 s, sync=0.001 s, total=0.003 s; sync files=7, longest=0.001 s, average=0.001 s; distance=4439 kB, estimate=5990 kB; lsn=0/7F772FA0, redo lsn=0/7F772F48
2026-09-22T23:25:43.2775714Z  2026-09-22 23:25:06.236 UTC [55] LOG:  checkpoint starting: immediate force wait
2026-09-22T23:25:43.2776765Z  2026-09-22 23:25:06.239 UTC [55] LOG:  checkpoint complete: wrote 7 buffers (0.0%); 0 WAL file(s) added, 0 removed, 0 recycled; write=0.001 s, sync=0.001 s, total=0.003 s; sync files=7, longest=0.001 s, average=0.001 s; distance=4448 kB, estimate=5836 kB; lsn=0/7FBCB0F8, redo lsn=0/7FBCB0A0
2026-09-22T23:25:43.2777849Z  2026-09-22 23:25:06.584 UTC [55] LOG:  checkpoint starting: immediate force wait
2026-09-22T23:25:43.2779004Z  2026-09-22 23:25:06.587 UTC [55] LOG:  checkpoint complete: wrote 7 buffers (0.0%); 0 WAL file(s) added, 0 removed, 1 recycled; write=0.001 s, sync=0.001 s, total=0.004 s; sync files=7, longest=0.001 s, average=0.001 s; distance=4442 kB, estimate=5697 kB; lsn=0/80021A70, redo lsn=0/80021A18
2026-09-22T23:25:43.2780069Z  2026-09-22 23:25:06.878 UTC [55] LOG:  checkpoint starting: immediate force wait
2026-09-22T23:25:43.2781116Z  2026-09-22 23:25:06.881 UTC [55] LOG:  checkpoint complete: wrote 7 buffers (0.0%); 0 WAL file(s) added, 0 removed, 0 recycled; write=0.001 s, sync=0.001 s, total=0.003 s; sync files=7, longest=0.001 s, average=0.001 s; distance=4439 kB, estimate=5571 kB; lsn=0/804779C8, redo lsn=0/80477970
2026-09-22T23:25:43.2782168Z  2026-09-22 23:25:07.176 UTC [55] LOG:  checkpoint starting: immediate force wait
2026-09-22T23:25:43.2783227Z  2026-09-22 23:25:07.178 UTC [55] LOG:  checkpoint complete: wrote 7 buffers (0.0%); 0 WAL file(s) added, 0 removed, 0 recycled; write=0.001 s, sync=0.001 s, total=0.003 s; sync files=7, longest=0.001 s, average=0.001 s; distance=4441 kB, estimate=5458 kB; lsn=0/808CDFA0, redo lsn=0/808CDF48
2026-09-22T23:25:43.2784455Z  2026-09-22 23:25:07.431 UTC [4349] ERROR:  new row for relation "factory_work_items" violates check constraint "injected_failure"
2026-09-22T23:25:43.2785606Z  2026-09-22 23:25:07.431 UTC [4349] DETAIL:  Failing row contains (00000000-0000-0000-0000-000000000007, 00000000-0000-0000-0000-000000000001, 00000000-0000-0000-0000-000000000002, blocked, 2, unavailable handoff, 2026-09-22 23:25:07.41495+00).
2026-09-22T23:25:43.2786707Z  2026-09-22 23:25:07.431 UTC [4349] STATEMENT:  UPDATE factory_work_items SET state = 'blocked', version = version + 1,
2026-09-22T23:25:43.2787256Z  	                     failure_detail = $1, updated_at = now()
2026-09-22T23:25:43.2787645Z  	                     WHERE id = $2 AND corp_id = $3 RETURNING version
2026-09-22T23:25:43.2788066Z  2026-09-22 23:25:07.472 UTC [55] LOG:  checkpoint starting: immediate force wait
2026-09-22T23:25:43.2789254Z  2026-09-22 23:25:07.475 UTC [55] LOG:  checkpoint complete: wrote 7 buffers (0.0%); 0 WAL file(s) added, 0 removed, 0 recycled; write=0.001 s, sync=0.001 s, total=0.003 s; sync files=7, longest=0.001 s, average=0.001 s; distance=4442 kB, estimate=5356 kB; lsn=0/80D249C8, redo lsn=0/80D24970
2026-09-22T23:25:43.2790438Z  2026-09-22 23:25:07.813 UTC [55] LOG:  checkpoint starting: immediate force wait
2026-09-22T23:25:43.2791499Z  2026-09-22 23:25:07.817 UTC [55] LOG:  checkpoint complete: wrote 7 buffers (0.0%); 0 WAL file(s) added, 0 removed, 1 recycled; write=0.001 s, sync=0.001 s, total=0.005 s; sync files=7, longest=0.001 s, average=0.001 s; distance=4442 kB, estimate=5265 kB; lsn=0/8117B2A8, redo lsn=0/8117B250
2026-09-22T23:25:43.2792554Z  2026-09-22 23:25:08.152 UTC [55] LOG:  checkpoint starting: immediate force wait
2026-09-22T23:25:43.2793714Z  2026-09-22 23:25:08.155 UTC [55] LOG:  checkpoint complete: wrote 7 buffers (0.0%); 0 WAL file(s) added, 0 removed, 0 recycled; write=0.001 s, sync=0.001 s, total=0.003 s; sync files=7, longest=0.001 s, average=0.001 s; distance=4442 kB, estimate=5183 kB; lsn=0/815D1E98, redo lsn=0/815D1E40
2026-09-22T23:25:43.2794784Z  2026-09-22 23:25:09.119 UTC [55] LOG:  checkpoint starting: immediate force wait
2026-09-22T23:25:43.2795826Z  2026-09-22 23:25:09.122 UTC [55] LOG:  checkpoint complete: wrote 7 buffers (0.0%); 0 WAL file(s) added, 0 removed, 0 recycled; write=0.001 s, sync=0.001 s, total=0.003 s; sync files=7, longest=0.001 s, average=0.001 s; distance=6428 kB, estimate=6428 kB; lsn=0/81C19290, redo lsn=0/81C19238
2026-09-22T23:25:43.2796878Z  2026-09-22 23:25:10.001 UTC [55] LOG:  checkpoint starting: immediate force wait
2026-09-22T23:25:43.2797929Z  2026-09-22 23:25:10.004 UTC [55] LOG:  checkpoint complete: wrote 7 buffers (0.0%); 0 WAL file(s) added, 0 removed, 1 recycled; write=0.001 s, sync=0.001 s, total=0.004 s; sync files=7, longest=0.001 s, average=0.001 s; distance=6433 kB, estimate=6433 kB; lsn=0/82261818, redo lsn=0/822617C0
2026-09-22T23:25:43.2799100Z  2026-09-22 23:25:10.915 UTC [55] LOG:  checkpoint starting: immediate force wait
2026-09-22T23:25:43.2800161Z  2026-09-22 23:25:10.917 UTC [55] LOG:  checkpoint complete: wrote 7 buffers (0.0%); 0 WAL file(s) added, 0 removed, 0 recycled; write=0.001 s, sync=0.001 s, total=0.003 s; sync files=7, longest=0.001 s, average=0.001 s; distance=6434 kB, estimate=6434 kB; lsn=0/828AA1C8, redo lsn=0/828AA170
2026-09-22T23:25:43.2801217Z  2026-09-22 23:25:11.763 UTC [55] LOG:  checkpoint starting: immediate force wait
2026-09-22T23:25:43.2802275Z  2026-09-22 23:25:11.766 UTC [55] LOG:  checkpoint complete: wrote 7 buffers (0.0%); 0 WAL file(s) added, 0 removed, 0 recycled; write=0.001 s, sync=0.001 s, total=0.003 s; sync files=7, longest=0.001 s, average=0.001 s; distance=6406 kB, estimate=6431 kB; lsn=0/82EEBD08, redo lsn=0/82EEBCB0
2026-09-22T23:25:43.2803352Z  2026-09-22 23:25:12.748 UTC [55] LOG:  checkpoint starting: immediate force wait
2026-09-22T23:25:43.2804408Z  2026-09-22 23:25:12.751 UTC [55] LOG:  checkpoint complete: wrote 7 buffers (0.0%); 0 WAL file(s) added, 0 removed, 1 recycled; write=0.001 s, sync=0.001 s, total=0.004 s; sync files=7, longest=0.001 s, average=0.001 s; distance=6429 kB, estimate=6431 kB; lsn=0/83533298, redo lsn=0/83533240
2026-09-22T23:25:43.2805471Z  2026-09-22 23:25:13.503 UTC [4411] ERROR:  issue79 injected operation failure
2026-09-22T23:25:43.2806015Z  2026-09-22 23:25:13.503 UTC [4411] CONTEXT:  PL/pgSQL function issue79_reject_operation() line 1 at RAISE
2026-09-22T23:25:43.2806497Z  2026-09-22 23:25:13.503 UTC [4411] STATEMENT:
2026-09-22T23:25:43.2806797Z  	        INSERT INTO factory_operations
2026-09-22T23:25:43.2807146Z  	            (corp_id, idempotency_key, work_item_id, actor_id, operation,
2026-09-22T23:25:43.2807535Z  	             resulting_version, claim_token, request)
2026-09-22T23:25:43.2807845Z  	        VALUES ($1, $2, $3, $4, $5, $6, $7, $8)
2026-09-22T23:25:43.2808116Z
2026-09-22T23:25:43.2808403Z  2026-09-22 23:25:13.608 UTC [55] LOG:  checkpoint starting: immediate force wait
2026-09-22T23:25:43.2809593Z  2026-09-22 23:25:13.611 UTC [55] LOG:  checkpoint complete: wrote 7 buffers (0.0%); 0 WAL file(s) added, 0 removed, 0 recycled; write=0.001 s, sync=0.001 s, total=0.004 s; sync files=7, longest=0.001 s, average=0.001 s; distance=6422 kB, estimate=6430 kB; lsn=0/83B78AF8, redo lsn=0/83B78AA0
2026-09-22T23:25:43.2810778Z  2026-09-22 23:25:14.459 UTC [55] LOG:  checkpoint starting: immediate force wait
2026-09-22T23:25:43.2811842Z  2026-09-22 23:25:14.463 UTC [55] LOG:  checkpoint complete: wrote 7 buffers (0.0%); 0 WAL file(s) added, 0 removed, 1 recycled; write=0.001 s, sync=0.001 s, total=0.004 s; sync files=7, longest=0.001 s, average=0.001 s; distance=6426 kB, estimate=6430 kB; lsn=0/841BF5C8, redo lsn=0/841BF570
2026-09-22T23:25:43.2812891Z  2026-09-22 23:25:15.403 UTC [55] LOG:  checkpoint starting: immediate force wait
2026-09-22T23:25:43.2814044Z  2026-09-22 23:25:15.406 UTC [55] LOG:  checkpoint complete: wrote 7 buffers (0.0%); 0 WAL file(s) added, 0 removed, 0 recycled; write=0.001 s, sync=0.001 s, total=0.004 s; sync files=7, longest=0.001 s, average=0.001 s; distance=6443 kB, estimate=6443 kB; lsn=0/8480A250, redo lsn=0/8480A1F8
2026-09-22T23:25:43.2815102Z  2026-09-22 23:25:16.340 UTC [55] LOG:  checkpoint starting: immediate force wait
2026-09-22T23:25:43.2816144Z  2026-09-22 23:25:16.342 UTC [55] LOG:  checkpoint complete: wrote 7 buffers (0.0%); 0 WAL file(s) added, 0 removed, 0 recycled; write=0.001 s, sync=0.001 s, total=0.003 s; sync files=7, longest=0.001 s, average=0.001 s; distance=6449 kB, estimate=6449 kB; lsn=0/84E567A8, redo lsn=0/84E56750
2026-09-22T23:25:43.2817192Z  2026-09-22 23:25:17.307 UTC [55] LOG:  checkpoint starting: immediate force wait
2026-09-22T23:25:43.2818238Z  2026-09-22 23:25:17.310 UTC [55] LOG:  checkpoint complete: wrote 7 buffers (0.0%); 0 WAL file(s) added, 0 removed, 1 recycled; write=0.001 s, sync=0.001 s, total=0.004 s; sync files=7, longest=0.001 s, average=0.001 s; distance=6445 kB, estimate=6448 kB; lsn=0/854A1DC8, redo lsn=0/854A1D70
2026-09-22T23:25:43.2819403Z  2026-09-22 23:25:18.231 UTC [55] LOG:  checkpoint starting: immediate force wait
2026-09-22T23:25:43.2820455Z  2026-09-22 23:25:18.234 UTC [55] LOG:  checkpoint complete: wrote 11 buffers (0.1%); 0 WAL file(s) added, 0 removed, 0 recycled; write=0.001 s, sync=0.001 s, total=0.003 s; sync files=9, longest=0.001 s, average=0.001 s; distance=6444 kB, estimate=6448 kB; lsn=0/85AED188, redo lsn=0/85AED130
2026-09-22T23:25:43.2821508Z  2026-09-22 23:25:19.081 UTC [55] LOG:  checkpoint starting: immediate force wait
2026-09-22T23:25:43.2822561Z  2026-09-22 23:25:19.084 UTC [55] LOG:  checkpoint complete: wrote 7 buffers (0.0%); 0 WAL file(s) added, 0 removed, 1 recycled; write=0.001 s, sync=0.001 s, total=0.003 s; sync files=7, longest=0.001 s, average=0.001 s; distance=6414 kB, estimate=6445 kB; lsn=0/86130C80, redo lsn=0/86130C28
2026-09-22T23:25:43.2823609Z  2026-09-22 23:25:19.942 UTC [55] LOG:  checkpoint starting: immediate force wait
2026-09-22T23:25:43.2824655Z  2026-09-22 23:25:19.945 UTC [55] LOG:  checkpoint complete: wrote 7 buffers (0.0%); 0 WAL file(s) added, 0 removed, 0 recycled; write=0.001 s, sync=0.001 s, total=0.003 s; sync files=7, longest=0.001 s, average=0.001 s; distance=6424 kB, estimate=6443 kB; lsn=0/86776CA8, redo lsn=0/86776C50
2026-09-22T23:25:43.2825710Z  2026-09-22 23:25:20.835 UTC [55] LOG:  checkpoint starting: immediate force wait
2026-09-22T23:25:43.2826761Z  2026-09-22 23:25:20.838 UTC [55] LOG:  checkpoint complete: wrote 7 buffers (0.0%); 0 WAL file(s) added, 0 removed, 0 recycled; write=0.001 s, sync=0.001 s, total=0.004 s; sync files=7, longest=0.001 s, average=0.001 s; distance=6432 kB, estimate=6441 kB; lsn=0/86DBEDE8, redo lsn=0/86DBED90
2026-09-22T23:25:43.2827819Z  2026-09-22 23:25:21.691 UTC [55] LOG:  checkpoint starting: immediate force wait
2026-09-22T23:25:43.2828976Z  2026-09-22 23:25:21.693 UTC [55] LOG:  checkpoint complete: wrote 7 buffers (0.0%); 0 WAL file(s) added, 0 removed, 1 recycled; write=0.001 s, sync=0.001 s, total=0.003 s; sync files=7, longest=0.001 s, average=0.001 s; distance=6424 kB, estimate=6440 kB; lsn=0/87404FE8, redo lsn=0/87404F90
2026-09-22T23:25:43.2830187Z  2026-09-22 23:25:22.477 UTC [4492] ERROR:  issue204 synthetic late link failure
2026-09-22T23:25:43.2830715Z  2026-09-22 23:25:22.477 UTC [4492] CONTEXT:  PL/pgSQL function issue204_reject_link() line 2 at RAISE
2026-09-22T23:25:43.2831178Z  2026-09-22 23:25:22.477 UTC [4492] STATEMENT:
2026-09-22T23:25:43.2831473Z  	            UPDATE factory_work_items
2026-09-22T23:25:43.2831756Z  	            SET state = 'mission_created',
2026-09-22T23:25:43.2832034Z  	                version = version + 1,
2026-09-22T23:25:43.2832300Z  	                mission_id = $1,
2026-09-22T23:25:43.2832558Z  	                failure_detail = NULL,
2026-09-22T23:25:43.2832820Z  	                updated_at = now()
2026-09-22T23:25:43.2833196Z  	            WHERE id = $2 AND corp_id = $3
2026-09-22T23:25:43.2833544Z  	            RETURNING id, corp_id, source_kind, source_project_owner,
2026-09-22T23:25:43.2833948Z  	                      source_project_number, source_project_item_id,
2026-09-22T23:25:43.2834326Z  	                      source_repository_owner, source_repository_name,
2026-09-22T23:25:43.2834747Z  	                      source_issue_number, source_issue_node_id, source_issue_url,
2026-09-22T23:25:43.2835202Z  	                      source_title, source_revision, state, version, claim_owner_id,
2026-09-22T23:25:43.2835642Z  	                      lease_expires_at, policy, mission_id, failure_detail,
2026-09-22T23:25:43.2836004Z  	                      created_at, updated_at
2026-09-22T23:25:43.2836269Z
2026-09-22T23:25:43.2836566Z  2026-09-22 23:25:22.527 UTC [55] LOG:  checkpoint starting: immediate force wait
2026-09-22T23:25:43.2837640Z  2026-09-22 23:25:22.530 UTC [55] LOG:  checkpoint complete: wrote 7 buffers (0.0%); 0 WAL file(s) added, 0 removed, 0 recycled; write=0.001 s, sync=0.001 s, total=0.003 s; sync files=7, longest=0.001 s, average=0.001 s; distance=6424 kB, estimate=6438 kB; lsn=0/87A4B380, redo lsn=0/87A4B328
2026-09-22T23:25:43.2838712Z  2026-09-22 23:25:23.385 UTC [55] LOG:  checkpoint starting: immediate force wait
2026-09-22T23:25:43.2839889Z  2026-09-22 23:25:23.388 UTC [55] LOG:  checkpoint complete: wrote 7 buffers (0.0%); 0 WAL file(s) added, 0 removed, 1 recycled; write=0.001 s, sync=0.001 s, total=0.004 s; sync files=7, longest=0.001 s, average=0.001 s; distance=6417 kB, estimate=6436 kB; lsn=0/8808F9D0, redo lsn=0/8808F978
2026-09-22T23:25:43.2840949Z  2026-09-22 23:25:24.226 UTC [55] LOG:  checkpoint starting: immediate force wait
2026-09-22T23:25:43.2841999Z  2026-09-22 23:25:24.229 UTC [55] LOG:  checkpoint complete: wrote 8 buffers (0.0%); 0 WAL file(s) added, 0 removed, 0 recycled; write=0.001 s, sync=0.001 s, total=0.004 s; sync files=7, longest=0.001 s, average=0.001 s; distance=6418 kB, estimate=6434 kB; lsn=0/886D4418, redo lsn=0/886D43C0
2026-09-22T23:25:43.2843063Z  2026-09-22 23:25:25.078 UTC [55] LOG:  checkpoint starting: immediate force wait
2026-09-22T23:25:43.2844113Z  2026-09-22 23:25:25.081 UTC [55] LOG:  checkpoint complete: wrote 7 buffers (0.0%); 0 WAL file(s) added, 0 removed, 0 recycled; write=0.001 s, sync=0.001 s, total=0.003 s; sync files=7, longest=0.001 s, average=0.001 s; distance=6415 kB, estimate=6432 kB; lsn=0/88D18128, redo lsn=0/88D180D0
2026-09-22T23:25:43.2845161Z  2026-09-22 23:25:25.898 UTC [55] LOG:  checkpoint starting: immediate force wait
2026-09-22T23:25:43.2846210Z  2026-09-22 23:25:25.901 UTC [55] LOG:  checkpoint complete: wrote 7 buffers (0.0%); 0 WAL file(s) added, 0 removed, 1 recycled; write=0.001 s, sync=0.001 s, total=0.003 s; sync files=7, longest=0.001 s, average=0.001 s; distance=6422 kB, estimate=6431 kB; lsn=0/8935DCE0, redo lsn=0/8935DC88
2026-09-22T23:25:43.2847256Z  2026-09-22 23:25:26.684 UTC [55] LOG:  checkpoint starting: immediate force wait
2026-09-22T23:25:43.2848315Z  2026-09-22 23:25:26.687 UTC [55] LOG:  checkpoint complete: wrote 7 buffers (0.0%); 0 WAL file(s) added, 0 removed, 0 recycled; write=0.001 s, sync=0.001 s, total=0.004 s; sync files=7, longest=0.001 s, average=0.001 s; distance=6419 kB, estimate=6430 kB; lsn=0/899A2998, redo lsn=0/899A2940
2026-09-22T23:25:43.2849758Z  2026-09-22 23:25:27.557 UTC [55] LOG:  checkpoint starting: immediate force wait
2026-09-22T23:25:43.2850812Z  2026-09-22 23:25:27.562 UTC [55] LOG:  checkpoint complete: wrote 7 buffers (0.0%); 0 WAL file(s) added, 0 removed, 0 recycled; write=0.001 s, sync=0.003 s, total=0.005 s; sync files=7, longest=0.002 s, average=0.001 s; distance=6431 kB, estimate=6431 kB; lsn=0/89FEA850, redo lsn=0/89FEA7F8
2026-09-22T23:25:43.2851863Z  2026-09-22 23:25:28.418 UTC [55] LOG:  checkpoint starting: immediate force wait
2026-09-22T23:25:43.2853045Z  2026-09-22 23:25:28.421 UTC [55] LOG:  checkpoint complete: wrote 7 buffers (0.0%); 0 WAL file(s) added, 0 removed, 1 recycled; write=0.001 s, sync=0.001 s, total=0.004 s; sync files=7, longest=0.001 s, average=0.001 s; distance=6424 kB, estimate=6430 kB; lsn=0/8A630A78, redo lsn=0/8A630A20
2026-09-22T23:25:43.2854112Z  2026-09-22 23:25:29.295 UTC [55] LOG:  checkpoint starting: immediate force wait
2026-09-22T23:25:43.2855162Z  2026-09-22 23:25:29.298 UTC [55] LOG:  checkpoint complete: wrote 7 buffers (0.0%); 0 WAL file(s) added, 0 removed, 0 recycled; write=0.001 s, sync=0.001 s, total=0.003 s; sync files=7, longest=0.001 s, average=0.001 s; distance=6426 kB, estimate=6430 kB; lsn=0/8AC77330, redo lsn=0/8AC772D8
2026-09-22T23:25:43.2856388Z  2026-09-22 23:25:30.052 UTC [4566] ERROR:  new row for relation "events" violates check constraint "issue198_fail_workspace_event"
2026-09-22T23:25:43.2858368Z  2026-09-22 23:25:30.052 UTC [4566] DETAIL:  Failing row contains (2, 5793a14d-c0b7-428d-9170-1f58241de2ad, 1, 00000000-0000-4000-8000-000000000001, 00000000-0000-4000-8000-000000000041, 00000000-0000-4000-8000-000000000011, workspace.connection_updated, workspace_connection, 453d3bd2-2653-47b1-8c33-7a5d47d85295, 1, null, null, workspace-setup:f5728cee-9206-4bf7-86c5-723763274e2b:queued, room, {"status": "queued", "operation_id": "f5728cee-9206-4bf7-86c5-72..., 2026-09-22 23:25:30.041445+00).
2026-09-22T23:25:43.2860238Z  2026-09-22 23:25:30.052 UTC [4566] STATEMENT:
2026-09-22T23:25:43.2860524Z  	        INSERT INTO events
2026-09-22T23:25:43.2860864Z  	            (id, schema_version, corp_id, room_id, actor_id, type, aggregate_type,
2026-09-22T23:25:43.2861335Z  	             aggregate_id, aggregate_version, correlation_id, causation_id,
2026-09-22T23:25:43.2861730Z  	             idempotency_key, visibility, payload)
2026-09-22T23:25:43.2862073Z  	        VALUES ($1, 1, $2, $3, $4, $5, $6, $7, $8, $9, $10, $11, $12, $13)
2026-09-22T23:25:43.2871612Z  	        ON CONFLICT (corp_id, idempotency_key) DO NOTHING
2026-09-22T23:25:43.2872111Z  	        RETURNING seq, id, schema_version, corp_id, room_id, actor_id, type,
2026-09-22T23:25:43.2872613Z  	                  aggregate_type, aggregate_id, aggregate_version, correlation_id,
2026-09-22T23:25:43.2873110Z  	                  causation_id, idempotency_key, visibility, payload, created_at
2026-09-22T23:25:43.2873493Z
2026-09-22T23:25:43.2873969Z  2026-09-22 23:25:30.092 UTC [4566] ERROR:  new row for relation "events" violates check constraint "issue198_fail_workspace_event"
2026-09-22T23:25:43.2875975Z  2026-09-22 23:25:30.092 UTC [4566] DETAIL:  Failing row contains (4, 0236bed0-228d-4333-ad3e-0cea48bf83ce, 1, 00000000-0000-4000-8000-000000000001, 00000000-0000-4000-8000-000000000041, 00000000-0000-4000-8000-000000000011, workspace.connection_updated, workspace_connection, 86cbfe60-e6b4-44b8-b65e-18fdc02b9a35, 1, null, null, workspace-setup:7c1534a6-69a4-4859-bd13-2cc9289ab492:succeeded, room, {"status": "succeeded", "operation_id": "7c1534a6-69a4-4859-bd13..., 2026-09-22 23:25:30.08519+00).
2026-09-22T23:25:43.2877793Z  2026-09-22 23:25:30.092 UTC [4566] STATEMENT:
2026-09-22T23:25:43.2878090Z  	        INSERT INTO events
2026-09-22T23:25:43.2878445Z  	            (id, schema_version, corp_id, room_id, actor_id, type, aggregate_type,
2026-09-22T23:25:43.2879261Z  	             aggregate_id, aggregate_version, correlation_id, causation_id,
2026-09-22T23:25:43.2879656Z  	             idempotency_key, visibility, payload)
2026-09-22T23:25:43.2880009Z  	        VALUES ($1, 1, $2, $3, $4, $5, $6, $7, $8, $9, $10, $11, $12, $13)
2026-09-22T23:25:43.2880386Z  	        ON CONFLICT (corp_id, idempotency_key) DO NOTHING
2026-09-22T23:25:43.2880799Z  	        RETURNING seq, id, schema_version, corp_id, room_id, actor_id, type,
2026-09-22T23:25:43.2881269Z  	                  aggregate_type, aggregate_id, aggregate_version, correlation_id,
2026-09-22T23:25:43.2881748Z  	                  causation_id, idempotency_key, visibility, payload, created_at
2026-09-22T23:25:43.2882108Z
2026-09-22T23:25:43.2882703Z  2026-09-22 23:25:30.117 UTC [4566] ERROR:  new row for relation "events" violates check constraint "issue198_fail_workspace_event"
2026-09-22T23:25:43.2884696Z  2026-09-22 23:25:30.117 UTC [4566] DETAIL:  Failing row contains (6, c716fef1-d56a-405f-9b40-ba4af4d90910, 1, 00000000-0000-4000-8000-000000000001, 00000000-0000-4000-8000-000000000041, 00000000-0000-4000-8000-000000000011, workspace.connection_updated, workspace_connection, 86cbfe60-e6b4-44b8-b65e-18fdc02b9a35, 1, null, null, workspace-setup:ae30f1e7-db70-4c06-b64e-8bdab2eb5182:queued, room, {"status": "queued", "operation_id": "ae30f1e7-db70-4c06-b64e-8b..., 2026-09-22 23:25:30.108915+00).
2026-09-22T23:25:43.2886459Z  2026-09-22 23:25:30.117 UTC [4566] STATEMENT:
2026-09-22T23:25:43.2886751Z  	        INSERT INTO events
2026-09-22T23:25:43.2887097Z  	            (id, schema_version, corp_id, room_id, actor_id, type, aggregate_type,
2026-09-22T23:25:43.2887566Z  	             aggregate_id, aggregate_version, correlation_id, causation_id,
2026-09-22T23:25:43.2887965Z  	             idempotency_key, visibility, payload)
2026-09-22T23:25:43.2888318Z  	        VALUES ($1, 1, $2, $3, $4, $5, $6, $7, $8, $9, $10, $11, $12, $13)
2026-09-22T23:25:43.2888694Z  	        ON CONFLICT (corp_id, idempotency_key) DO NOTHING
2026-09-22T23:25:43.2889294Z  	        RETURNING seq, id, schema_version, corp_id, room_id, actor_id, type,
2026-09-22T23:25:43.2889781Z  	                  aggregate_type, aggregate_id, aggregate_version, correlation_id,
2026-09-22T23:25:43.2890255Z  	                  causation_id, idempotency_key, visibility, payload, created_at
2026-09-22T23:25:43.2890617Z
2026-09-22T23:25:43.2890913Z  2026-09-22 23:25:30.174 UTC [55] LOG:  checkpoint starting: immediate force wait
2026-09-22T23:25:43.2891994Z  2026-09-22 23:25:30.177 UTC [55] LOG:  checkpoint complete: wrote 7 buffers (0.0%); 0 WAL file(s) added, 0 removed, 1 recycled; write=0.001 s, sync=0.001 s, total=0.004 s; sync files=7, longest=0.001 s, average=0.001 s; distance=6432 kB, estimate=6432 kB; lsn=0/8B2BF3B0, redo lsn=0/8B2BF358
2026-09-22T23:25:43.2893069Z  2026-09-22 23:25:30.995 UTC [55] LOG:  checkpoint starting: immediate force wait
2026-09-22T23:25:43.2894119Z  2026-09-22 23:25:30.998 UTC [55] LOG:  checkpoint complete: wrote 7 buffers (0.0%); 0 WAL file(s) added, 0 removed, 0 recycled; write=0.001 s, sync=0.001 s, total=0.003 s; sync files=7, longest=0.001 s, average=0.001 s; distance=6413 kB, estimate=6430 kB; lsn=0/8B902948, redo lsn=0/8B9028F0
2026-09-22T23:25:43.2895179Z  2026-09-22 23:25:31.847 UTC [55] LOG:  checkpoint starting: immediate force wait
2026-09-22T23:25:43.2896230Z  2026-09-22 23:25:31.849 UTC [55] LOG:  checkpoint complete: wrote 7 buffers (0.0%); 0 WAL file(s) added, 0 removed, 0 recycled; write=0.001 s, sync=0.001 s, total=0.003 s; sync files=7, longest=0.001 s, average=0.001 s; distance=6420 kB, estimate=6429 kB; lsn=0/8BF47CC8, redo lsn=0/8BF47C70
2026-09-22T23:25:43.2897273Z  2026-09-22 23:25:32.812 UTC [55] LOG:  checkpoint starting: immediate force wait
2026-09-22T23:25:43.2898329Z  2026-09-22 23:25:32.816 UTC [55] LOG:  checkpoint complete: wrote 7 buffers (0.0%); 0 WAL file(s) added, 0 removed, 1 recycled; write=0.001 s, sync=0.001 s, total=0.004 s; sync files=7, longest=0.001 s, average=0.001 s; distance=6438 kB, estimate=6438 kB; lsn=0/8C5918B8, redo lsn=0/8C591860
2026-09-22T23:25:43.2899678Z  2026-09-22 23:25:33.656 UTC [55] LOG:  checkpoint starting: immediate force wait
2026-09-22T23:25:43.2900731Z  2026-09-22 23:25:33.662 UTC [55] LOG:  checkpoint complete: wrote 7 buffers (0.0%); 0 WAL file(s) added, 0 removed, 0 recycled; write=0.001 s, sync=0.003 s, total=0.007 s; sync files=7, longest=0.003 s, average=0.001 s; distance=6411 kB, estimate=6436 kB; lsn=0/8CBD4790, redo lsn=0/8CBD4738
2026-09-22T23:25:43.2901781Z  2026-09-22 23:25:34.498 UTC [55] LOG:  checkpoint starting: immediate force wait
2026-09-22T23:25:43.2902940Z  2026-09-22 23:25:34.501 UTC [55] LOG:  checkpoint complete: wrote 7 buffers (0.0%); 0 WAL file(s) added, 0 removed, 1 recycled; write=0.001 s, sync=0.001 s, total=0.004 s; sync files=7, longest=0.001 s, average=0.001 s; distance=6422 kB, estimate=6434 kB; lsn=0/8D21A130, redo lsn=0/8D21A0D8
2026-09-22T23:25:43.2903996Z  2026-09-22 23:25:35.349 UTC [55] LOG:  checkpoint starting: immediate force wait
2026-09-22T23:25:43.2905047Z  2026-09-22 23:25:35.353 UTC [55] LOG:  checkpoint complete: wrote 7 buffers (0.0%); 0 WAL file(s) added, 0 removed, 0 recycled; write=0.001 s, sync=0.001 s, total=0.004 s; sync files=7, longest=0.001 s, average=0.001 s; distance=6416 kB, estimate=6433 kB; lsn=0/8D85E310, redo lsn=0/8D85E2B8
2026-09-22T23:25:43.2906102Z  2026-09-22 23:25:36.180 UTC [55] LOG:  checkpoint starting: immediate force wait
2026-09-22T23:25:43.2907149Z  2026-09-22 23:25:36.183 UTC [55] LOG:  checkpoint complete: wrote 7 buffers (0.0%); 0 WAL file(s) added, 0 removed, 0 recycled; write=0.001 s, sync=0.001 s, total=0.003 s; sync files=7, longest=0.001 s, average=0.001 s; distance=6415 kB, estimate=6431 kB; lsn=0/8DEA2160, redo lsn=0/8DEA2108
2026-09-22T23:25:43.2908206Z  2026-09-22 23:25:37.074 UTC [55] LOG:  checkpoint starting: immediate force wait
2026-09-22T23:25:43.2909366Z  2026-09-22 23:25:37.078 UTC [55] LOG:  checkpoint complete: wrote 7 buffers (0.0%); 0 WAL file(s) added, 0 removed, 1 recycled; write=0.001 s, sync=0.001 s, total=0.004 s; sync files=7, longest=0.001 s, average=0.001 s; distance=6433 kB, estimate=6433 kB; lsn=0/8E4EA690, redo lsn=0/8E4EA638
2026-09-22T23:25:43.2910429Z  2026-09-22 23:25:37.914 UTC [55] LOG:  checkpoint starting: immediate force wait
2026-09-22T23:25:43.2911480Z  2026-09-22 23:25:37.917 UTC [55] LOG:  checkpoint complete: wrote 7 buffers (0.0%); 0 WAL file(s) added, 0 removed, 0 recycled; write=0.001 s, sync=0.001 s, total=0.003 s; sync files=7, longest=0.001 s, average=0.001 s; distance=6421 kB, estimate=6432 kB; lsn=0/8EB2FE50, redo lsn=0/8EB2FDF8
2026-09-22T23:25:43.2912525Z  2026-09-22 23:25:38.714 UTC [55] LOG:  checkpoint starting: immediate force wait
2026-09-22T23:25:43.2913578Z  2026-09-22 23:25:38.717 UTC [55] LOG:  checkpoint complete: wrote 7 buffers (0.0%); 0 WAL file(s) added, 0 removed, 1 recycled; write=0.001 s, sync=0.001 s, total=0.004 s; sync files=7, longest=0.001 s, average=0.001 s; distance=6416 kB, estimate=6430 kB; lsn=0/8F174038, redo lsn=0/8F173FC8
2026-09-22T23:25:43.2914627Z  2026-09-22 23:25:39.522 UTC [55] LOG:  checkpoint starting: immediate force wait
2026-09-22T23:25:43.2915673Z  2026-09-22 23:25:39.525 UTC [55] LOG:  checkpoint complete: wrote 7 buffers (0.0%); 0 WAL file(s) added, 0 removed, 0 recycled; write=0.001 s, sync=0.001 s, total=0.003 s; sync files=7, longest=0.001 s, average=0.001 s; distance=6414 kB, estimate=6428 kB; lsn=0/8F7B7A30, redo lsn=0/8F7B79D8
2026-09-22T23:25:43.2916725Z  2026-09-22 23:25:40.334 UTC [55] LOG:  checkpoint starting: immediate force wait
2026-09-22T23:25:43.2917780Z  2026-09-22 23:25:40.337 UTC [55] LOG:  checkpoint complete: wrote 7 buffers (0.0%); 0 WAL file(s) added, 0 removed, 0 recycled; write=0.001 s, sync=0.001 s, total=0.003 s; sync files=7, longest=0.001 s, average=0.001 s; distance=6418 kB, estimate=6427 kB; lsn=0/8FDFC338, redo lsn=0/8FDFC2E0
2026-09-22T23:25:43.2918946Z  2026-09-22 23:25:41.213 UTC [55] LOG:  checkpoint starting: immediate force wait
2026-09-22T23:25:43.2920131Z  2026-09-22 23:25:41.217 UTC [55] LOG:  checkpoint complete: wrote 7 buffers (0.0%); 0 WAL file(s) added, 0 removed, 1 recycled; write=0.001 s, sync=0.001 s, total=0.004 s; sync files=7, longest=0.001 s, average=0.001 s; distance=6430 kB, estimate=6430 kB; lsn=0/90443CA0, redo lsn=0/90443C48
2026-09-22T23:25:43.2921176Z  2026-09-22 23:25:42.098 UTC [55] LOG:  checkpoint starting: immediate force wait
2026-09-22T23:25:43.2922223Z  2026-09-22 23:25:42.101 UTC [55] LOG:  checkpoint complete: wrote 8 buffers (0.0%); 0 WAL file(s) added, 0 removed, 0 recycled; write=0.001 s, sync=0.001 s, total=0.004 s; sync files=7, longest=0.001 s, average=0.001 s; distance=6525 kB, estimate=6525 kB; lsn=0/90AA3150, redo lsn=0/90AA30F8
2026-09-22T23:25:43.2923270Z  The default text search configuration will be set to "english".
2026-09-22T23:25:43.2923717Z
2026-09-22T23:25:43.2923922Z  Data page checksums are disabled.
2026-09-22T23:25:43.2924169Z
2026-09-22T23:25:43.2924465Z  fixing permissions on existing directory /var/lib/postgresql/data ... ok
2026-09-22T23:25:43.2924868Z  creating subdirectories ... ok
2026-09-22T23:25:43.2925184Z  selecting dynamic shared memory implementation ... posix
2026-09-22T23:25:43.2925302Z  selecting default "max_connections" ... 100
2026-09-22T23:25:43.2925412Z  selecting default "shared_buffers" ... 128MB
2026-09-22T23:25:43.2925514Z  selecting default time zone ... UTC
2026-09-22T23:25:43.2925617Z  creating configuration files ... ok
2026-09-22T23:25:43.2925715Z  running bootstrap script ... ok
2026-09-22T23:25:43.2925872Z  performing post-bootstrap initialization ... ok
2026-09-22T23:25:43.2925968Z  syncing data to disk ... ok
2026-09-22T23:25:43.2926041Z
2026-09-22T23:25:43.2926120Z
2026-09-22T23:25:43.2926260Z  Success. You can now start the database server using:
2026-09-22T23:25:43.2926333Z
2026-09-22T23:25:43.2926494Z      pg_ctl -D /var/lib/postgresql/data -l logfile start
2026-09-22T23:25:43.2926575Z
2026-09-22T23:25:43.2927046Z  waiting for server to start....2026-09-22 23:12:35.849 UTC [41] LOG:  starting PostgreSQL 17.11 on x86_64-pc-linux-musl, compiled by gcc (Alpine 15.2.0) 15.2.0, 64-bit
2026-09-22T23:25:43.2927305Z  2026-09-22 23:12:35.850 UTC [41] LOG:  listening on Unix socket "/var/run/postgresql/.s.PGSQL.5432"
2026-09-22T23:25:43.2927529Z  2026-09-22 23:12:35.853 UTC [44] LOG:  database system was shut down at 2026-09-22 23:12:35 UTC
2026-09-22T23:25:43.2927721Z  2026-09-22 23:12:35.857 UTC [41] LOG:  database system is ready to accept connections
2026-09-22T23:25:43.2927801Z   done
2026-09-22T23:25:43.2927887Z  server started
2026-09-22T23:25:43.2927967Z  CREATE DATABASE
2026-09-22T23:25:43.2928048Z
2026-09-22T23:25:43.2928126Z
2026-09-22T23:25:43.2928345Z  /usr/local/bin/docker-entrypoint.sh: ignoring /docker-entrypoint-initdb.d/*
2026-09-22T23:25:43.2928424Z
2026-09-22T23:25:43.2928696Z  waiting for server to shut down....2026-09-22 23:12:36.000 UTC [41] LOG:  received fast shutdown request
2026-09-22T23:25:43.2928973Z  2026-09-22 23:12:36.001 UTC [41] LOG:  aborting any active transactions
2026-09-22T23:25:43.2929311Z  2026-09-22 23:12:36.003 UTC [41] LOG:  background worker "logical replication launcher" (PID 47) exited with exit code 1
2026-09-22T23:25:43.2929438Z  2026-09-22 23:12:36.004 UTC [42] LOG:  shutting down
2026-09-22T23:25:43.2929621Z  2026-09-22 23:12:36.005 UTC [42] LOG:  checkpoint starting: shutdown immediate
2026-09-22T23:25:43.2930418Z  2026-09-22 23:12:36.021 UTC [42] LOG:  checkpoint complete: wrote 926 buffers (5.7%); 0 WAL file(s) added, 0 removed, 0 recycled; write=0.012 s, sync=0.003 s, total=0.018 s; sync files=301, longest=0.001 s, average=0.001 s; distance=4266 kB, estimate=4266 kB; lsn=0/191E820, redo lsn=0/191E820
2026-09-22T23:25:43.2930576Z  2026-09-22 23:12:36.029 UTC [41] LOG:  database system is shut down
2026-09-22T23:25:43.2930658Z   done
2026-09-22T23:25:43.2930743Z  server stopped
2026-09-22T23:25:43.2930822Z
2026-09-22T23:25:43.2930963Z  PostgreSQL init process complete; ready for start up.
2026-09-22T23:25:43.2931165Z
2026-09-22T23:25:43.2937821Z Stop and remove container: 8b4786addf8c433881d2add4c6c857f7_postgres17alpinesha25618cfe3ef5e6815560c98237d6216d1e5119702fb0f3894c8785dd58b8bbe5d73_f8aca5
2026-09-22T23:25:43.2943115Z ##[command]/usr/bin/docker rm --force 34a4ab62a6eab70dc2935894aa65fb1b6b225b29a070e10ac30c18c08dbe6b1c
2026-09-22T23:25:43.4408248Z 34a4ab62a6eab70dc2935894aa65fb1b6b225b29a070e10ac30c18c08dbe6b1c
2026-09-22T23:25:43.4440502Z Remove container network: github_network_8fc79bdd600047b9b0019bf385da17d4
2026-09-22T23:25:43.4444452Z ##[command]/usr/bin/docker network rm github_network_8fc79bdd600047b9b0019bf385da17d4
2026-09-22T23:25:43.5573509Z github_network_8fc79bdd600047b9b0019bf385da17d4
2026-09-22T23:25:43.5645866Z Cleaning up orphan processes
2026-09-22T23:25:43.5994176Z ##[warning]Node.js 20 is deprecated. The following actions target Node.js 20 but are being forced to run on Node.js 24: actions/upload-artifact@ea165f8d65b6e75b540449e92b4886f43607fa02. For more information see: https://github.blog/changelog/2025-09-19-deprecation-of-node-20-on-github-actions-runners/
