$ node --test --test-concurrency=2 --test-timeout=180000 "apps/web/src/**/*.test.mjs" "tools/*.test.mjs"
✔ editor preserves its accessible control names, preview hook, and all six check choices (55.9568ms)
✔ switching check types resets their incompatible fields and retains the rest of the policy (11.5751ms)
✔ every check-field callback retains the selected variant and unchanged checks (21.8314ms)
✔ adding and removing checks preserves tab selection, including external policy shrink and the empty state (26.2702ms)
✔ the 16-check add button limit and oversized-policy feedback are retained (14.506ms)
✔ manual-gate transitions retain default role ordering, requester exclusion, and explicit removal (16.298ms)
✔ preview keeps exact check order, manual-role labels, heading overrides, and requester-exclusion guidance (2.5432ms)
✔ Factory exact-run navigation replaces a remembered newer outcome before mission remount (6.1714ms)
✔ run navigation ignores the duplicate activity marker in a hidden Factory tab (17.5074ms)
✔ artifact navigation chooses its exact producer while mission-only navigation preserves the current choice (1.4181ms)
✔ unavailable run/task/mission cannot overwrite remembered evidence or open another run (3.7123ms)
✔ storage failure or obsolete viewer fails closed before navigation (2.8131ms)
✔ explicit navigation writes only the selected viewer scope and only the run identity (1.6918ms)
✔ reload keeps the decided run instead of the other pending review or a newer worker (2.0247ms)
✔ remembered evidence is scoped to the API server, Corp, actor and mission (0.4166ms)
✔ missing remembered work never silently substitutes another visible review (0.29ms)
✔ unreadable or malformed stored context requires explicit selection, not the next review (0.4882ms)
✔ a first visit is distinct from unreadable history; failed writes do not throw (0.3301ms)
✔ only the selected run ID is stored; reviews and authority never enter browser persistence (1.1497ms)
✔ MissionCard scopes remounts, pins initial evidence and fails closed when persistence fails (10.3147ms)
✔ issue210 only the explicit server flag adds correction to a native checkpoint (3.9186ms)
✔ issue210 verifier availability is independent of correction and missing availability preserves legacy behavior (1.6418ms)
✔ issue210 revision source is the exact server-selected verifier, with no cross-item fallback (0.7457ms)
✔ only native proof plus its cancellation marker exposes source-only checkpoint verification (0.3864ms)
✔ a running checkpoint needs no cancellation repair, and ordinary verification failure stays compatible (0.3416ms)
✔ missing/tampered source, checkpoint, head, active recovery or terminal outcome offers no new recovery (0.4606ms)
✔ context requests are not recovery grants and never depend on inferred mission spend/status (0.3321ms)
✔ copied command binding retains the saved connection and never falls back on malformed metadata (0.3921ms)
✔ actual presentation selects the endpoint source, not the newest visible run or mission cancellation (119.4939ms)
✔ issue210 presentation separates provider-free verification from a budgeted same-session fix (25.5305ms)
✔ issue210 source-only and unavailable checkpoint presentations never suggest generic recovery (35.1627ms)
✔ actual context loader is GET-only and admits the exact item/version/mission checkpoint (46.6452ms)
✔ actual context loader rejects stale/cross-scope and malformed flags without snapshot fallback (181.255ms)
✔ issue210 actual loader accepts boolean correction flags and defaults missing legacy authority closed (47.8778ms)
✔ issue210 exact loader retains true, false and missing checkpoint availability without granting another mode (44.7255ms)
✔ actual UI action copies only explicit checkpoint verification with the original scope/connection (197.4411ms)
✔ issue210 actual correction action retains the original CLI route, source and connection (270.5824ms)
✔ issue210 actual card drops correction authority immediately when item, version or actor changes (289.7479ms)
✔ issue210 actual contract submission uses the scoped verifier, not its provider ancestor (53.6946ms)
✔ issue210 editor loading, errors, stale context and denied correction cannot fall back or submit (264.9353ms)
✔ issue210 ordinary contract resume, redispatch and requester/role boundaries stay intact (102.7744ms)
✔ issue210 actual source-only context copies correction and revises the exact verifier; no-mode context does neither (233.2345ms)
✔ actual resume handler and rendered provider control respect native recovery blocking (7.66ms)
✔ actual App Resume control survives an ineligible ordinary Factory recovery lookup and uses the native actor-bound POST (229.4401ms)
✔ issue221 explicit provider-correction permission permits null head without granting checkpoint or generic resume (0.9246ms)
✔ issue221 actual context reader retains null head/current provider proof and malformed heads remain non-actionable (349.7048ms)
✔ issue221 actual copy/revision actions use only source correction for the latest failed provider with null head (262.8036ms)
✔ wrong-first legacy Project 174 cannot displace the selected live lab controller (1.7765ms)
✔ every Project/repository/Corp component must match, even with an active-item pointer (0.4576ms)
✔ GitHub owner/repository case and surrounding whitespace normalize independently (0.2892ms)
✔ missing/malformed scope is neutral rather than an empty-scope match (0.245ms)
✔ the exact active item wins among live controllers in the same scope (0.284ms)
✔ a current live scope match wins over a stale offline active-item pointer (0.2253ms)
✔ with only offline matches, retain the exact item rather than crossing scope (0.1826ms)
✔ without an item, prefer useful live intake in the current Corp (0.278ms)
✔ empty/no-match and unavailable explicit selections never borrow another controller (0.2874ms)
✔ heartbeat freshness and stable ID break ties without using array order or mutating inputs (1.2797ms)
✔ snapshot refresh and selected scope changes return the exact new ID/version object (0.3609ms)
✔ the actual FactoryPanel resolver feeds displayed state and both action callbacks (20.357ms)
✔ the actual component guards controller actions, retains role gating and passes the same callback (12.4522ms)
✔ the actual API action handler targets the resolved controller ID and version for all actions (75.0384ms)
✔ the production handler preserves the existing ID-scoped idempotency/version on a lost response (23.1181ms)
✔ primary_rate_limit has a reader-facing reason and an automatic future retry (30.0864ms)
✔ secondary_rate_limit has a reader-facing reason and an automatic future retry (0.904ms)
✔ graphql_quota has a reader-facing reason and an automatic future retry (1.04ms)
✔ github_unavailable has a reader-facing reason and an automatic future retry (2.2146ms)
✔ quota, cost and timestamps come from the snapshot, not derived or default budgets (1.6463ms)
✔ equivalent offset timestamps have the same local retry time and boundary (1.1885ms)
✔ at or after the retry deadline, waiting is not presented as a successful retry (1.1947ms)
✔ zero remaining, limit, query cost and failures remain real zeros (0.6299ms)
✔ paused desired state wins without rewriting controller health or promising a retry (1.0587ms)
✔ offline health wins over polling metadata, including an elapsed retry (1.1586ms)
✔ paused and offline together retain both conditions and existing paused precedence (0.6638ms)
✔ absent legacy polling leaves the old strip intact and never fabricates a wait (0.2434ms)
✔ missing or malformed backoff data is unavailable, never zero or an invented deadline (0.4969ms)
✔ invalid values are not coerced to numbers or dates and unknown reasons are not rendered raw (2.6349ms)
✔ partial quota data preserves observed zeros while missing fields remain unavailable (0.4198ms)
✔ healthy telemetry does not infer a backoff from a zero quota or failure count (0.7585ms)
✔ UI integration remains read-only, accessible, and uses existing controller controls (13.3491ms)
✔ line normalization preserves argument boundaries, literal punctuation, and duplicate values (1.8774ms)
✔ role entry supports commas and CRLF without silently deduplicating or authorizing roles (0.3697ms)
✔ mission projection retains exact task, runner and human control attribution (2.9955ms)
✔ foreign tasks and same-ID foreign-Corp runners cannot supply collaboration state (0.2545ms)
✔ offline retains work without advertising live control or termination (0.3023ms)
✔ connecting retains work without advertising live control or termination (0.2313ms)
✔ a failed snapshot refresh retains exact work without advertising live controls (0.4167ms)
✔ invalid snapshot receipt NaN cannot advertise live controls (0.2164ms)
✔ invalid snapshot receipt Infinity cannot advertise live controls (0.1758ms)
✔ invalid snapshot receipt 0 cannot advertise live controls (0.1403ms)
✔ invalid snapshot receipt -1 cannot advertise live controls (0.2922ms)
✔ expired/malformed lease 2026-09-16T11:59:00Z cannot claim a controller (0.5019ms)
✔ expired/malformed lease 2026-09-16T12:00:00Z cannot claim a controller (0.2104ms)
✔ expired/malformed lease bad cannot claim a controller (0.1023ms)
✔ verifying has recorded evidence but no provider controls (0.1975ms)
✔ completed has recorded evidence but no provider controls (0.0783ms)
✔ lost has recorded evidence but no provider controls (0.1062ms)
✔ cancelled has recorded evidence but no provider controls (0.1184ms)
✔ a provider-free run and a superseded agent assignment expose no live controls (0.2417ms)
✔ runner grace and offline remain distinct; neither supplies human presence (0.1444ms)
✔ review links bind exact run/task and explain role and requester exclusion (0.4609ms)
✔ missing and historical identities never become fabricated named owners or current controllers (0.1928ms)
✔ draft cache survives surface remounts but never crosses Corp/actor/room/mission (0.3164ms)
✔ actual component navigation only requests exact context; rendering sends no commands (11.7495ms)
✔ actual disconnected component retains readable evidence with an explicit warning (1.1887ms)
✔ actual failed-refresh component distinguishes stale data from a disconnected transport (0.994ms)
✔ actual component rejects missing receipt freshness and restores controls after a successful refresh (4.0564ms)
✔ App preserves main snapshot metadata and exact-run navigation while passing numeric receipt freshness (6.4594ms)
✔ App embeds existing scoped discussion and pins evidence before exact-run navigation (3.2242ms)
✔ late completion notifies remounted composers without clearing a newer or same-text draft (0.7719ms)
✔ late operation acknowledgment cannot clear a replacement idempotency key (168.2064ms)
✔ actual App selection never substitutes another mission after the selected record disappears (87.7876ms)
✔ actual briefing navigation has a visible destination for legacy empty descriptions (77.9216ms)
✔ verification checks do not change launch intent (1.3141ms)
✔ review navigation cannot turn its click into a form submission (0.3256ms)
✔ ordinary application setup cannot silently fall back to the fake runtime (0.5915ms)
✔ composer uses two clear steps and starts with an empty goal (0.2602ms)
✔ advanced settings and detailed requirements are optional disclosures (0.7922ms)
✔ closing setup preserves the draft and returns to existing mission context (0.8135ms)
✔ explicit links to existing work reveal it without erasing an open draft (0.5501ms)
✔ native creation and explicit held-plan behavior remain unchanged (0.2315ms)
✔ review keeps the exact source and current server-derived allocation visible (0.5795ms)
✔ scope requires four explicit bounded identities and cannot mutate after submission (2.4996ms)
✔ current origin binds the exact view instance, not just equal IDs (0.3775ms)
✔ read issues exactly one encoded, uncached GET with cancellation and no body (9.3654ms)
✔ Direct accepts only exact returned linkage and drops unexpected hidden fields (1.4268ms)
✔ Factory retains only the validated work item, repository, issue number and exact URL (80.0158ms)
✔ all four response identities must echo the bound request exactly (23.9389ms)
✔ missing, malformed and older origin responses never become Direct (2.4224ms)
✔ Factory fields are required and null or missing metadata is never partly accepted (2.0892ms)
✔ Factory rejects invalid work-item identities, repository paths and issue numbers (2.5345ms)
✔ only the raw HTTPS GitHub issue URL matching returned repository and number is accepted (3.3756ms)
✔ mixed-case owner/repository URLs match normalized identity and retain display case (0.9168ms)
✔ valid case-preserving repositories and positive safe issue numbers remain verbatim (0.5336ms)
✔ old endpoints, denied authorization and transport failures stay unavailable without raw errors (1.3049ms)
✔ a synchronous API failure is contained and clears the read timer (0.4969ms)
✔ timeout aborts an unsettled read and suppresses both late success and late failure (0.7557ms)
✔ a settled success or failure cannot be overwritten by an already queued timeout (0.7292ms)
✔ cancellation before the scheduled read prevents even the GET (0.623ms)
✔ in-flight cancellation ignores transports that resolve or reject after abort (0.6266ms)
✔ component reads once for a valid view and renders truthful Direct copy in one styled paragraph (11.3779ms)
✔ component links only a fully validated Factory response, not extra returned fields (2.2244ms)
✔ all four operating roles may read; guests, spectators and unknown roles never request context (8.9858ms)
✔ invalid or absent scope props render the conservative fallback without requesting (12.7192ms)
✔ failed exact reads preserve #185 positive or unknown fallback without inventing links or hiding failure (7.6899ms)
✔ a failed origin lookup can be retried explicitly without changing the work identities (3.0595ms)
✔ Corp, actor, room and mission changes hide old success and errors before effect cleanup (11.3002ms)
✔ late success and errors from a replaced request cannot update the current component (12.5656ms)
✔ leaving and returning to identical IDs cannot revive an earlier success or failure (2.5206ms)
✔ same-ID reopened pending requests ignore the original response and error after current denial (2.6408ms)
✔ a guest transition revokes displayed source data and returning operators must read again (2.0062ms)
✔ operating-role and API changes also invalidate old privileged context (1.9524ms)
✔ unmount cancels the read and a fresh mount with identical IDs cannot inherit its outcome (2.7177ms)
✔ one builder preserves the complete current creation payload and retained settings (2.8324ms)
✔ provider defaults, supported reasoning and commit-branch semantics match submission (0.3018ms)
✔ existing deterministic fixture semantics are not converted into provider settings (0.2345ms)
✔ scope freezes the exact serialized body and rejects an actor mismatch (0.6201ms)
✔ every request field, Corp and actor invalidate an earlier quote (0.9022ms)
✔ preview debounces, uses the exact creation body, and calls only the read-only preview POST (9.4129ms)
✔ an edit or closing the composer before debounce starts no request (0.4295ms)
✔ an invalidated request is aborted and cannot publish a late successful quote (1.5137ms)
✔ late errors after actor/Corp change or unmount cannot replace the new preview (1.4988ms)
✔ editing away and back still requires a fresh request, not a revived quote (1.0153ms)
✔ allocations are displayed verbatim from the server, not a frontend Studio formula (0.9875ms)
✔ missing or mismatched quote fields never become a current allocation (2.0083ms)
✔ an absent preview endpoint gives a useful failure state without inventing allocations (2.0569ms)
✔ preview response is bounded to eight tasks without reallocating server budgets (1.3578ms)
✔ unknown, self, duplicate and oversized dependency references remain unknown allocations (1.182ms)
✔ retry clears an old failure immediately and can accept a fresh quote (1.8685ms)
✔ timeout clears the quote, aborts the request and ignores a late response (1.0378ms)
✔ App shares the request body, invalidates keyed preview instances and retains native Launch (5.3796ms)
✔ mission selection and Discuss use the authoritative non-first owning room (2.4542ms)
✔ mission, task, run and artifact deep links resolve to the same owning room (0.531ms)
✔ an explicit room deep link and all-discussion view stay in that room (1.6169ms)
✔ stale, missing and older mission/room projections never fall back to the first room (0.3359ms)
✔ related work is limited to the selected room and mission, not a fixed item count (2.2726ms)
✔ messages are room-filtered before mission links and out-of-order reply ancestry (0.6622ms)
✔ valid room, mission and inherited reply submissions retain the same scope (0.6998ms)
✔ stale actor, Corp, room and mission scopes cannot submit or complete a newer draft (0.3823ms)
✔ a disappearing mission or owning room fences previously valid submissions (0.4191ms)
✔ foreign, missing or stale links and replies cannot silently become general comments (0.5832ms)
✔ guest-shaped and missing Factory projections do not establish Direct origin (0.5803ms)
✔ a mission older than the 500-item Factory window remains origin-unknown (0.4607ms)
✔ a positively matched visible Factory item retains its issue attribution (0.2ms)
✔ known publication/recovery linkage is generic when intake details are unavailable (0.4119ms)
✔ projection helpers preserve the authoritative input and do not retain hidden origin data (0.3785ms)
✔ the UI uses the tested projection and submission helpers on both discussion entry paths (17.2297ms)
✔ scope requires every explicit identity and repository and freezes the view generation (3.8894ms)
✔ the exact scope object, not equal IDs or a prior A -> B -> A view, selects the load (0.5792ms)
✔ one encoded GET is uncached, abortable and body/header/credential free (8.992ms)
✔ published DTO retains only bound result metadata and leaves raw input untouched (1.9978ms)
✔ only explicit null publication in a correctly scoped response is known absence (3.7329ms)
✔ item and publication scope mismatches never expose links or known absence (8.2275ms)
✔ publication source issue matches the work item without equating authorizer, revisions or checkpoint generations (1.0841ms)
✔ publication and artifact identity tuples plus full digests must all match (2.5518ms)
✔ missing, duplicate and unrelated-first deliverables cannot substitute a result (1.0403ms)
✔ native provenance identity, source/target branches and digests are checked without retaining authority (4.8962ms)
✔ raw GitHub PR URLs allow native slash suffixes but retain exact repository and number checks (4.2022ms)
✔ owner/repository display case is preserved while full hex values compare by bytes (0.6013ms)
✔ PR state, exact head, owner, recorded metadata and phase cannot contradict each other (2.1169ms)
✔ download metadata rejects controls, external/native paths, malformed hashes and invalid sizes (14.5111ms)
✔ pending, PR-created, published and failed publication are distinct without claiming a live app (3.5427ms)
✔ only a different valid pinned run is a mismatch; same-run contradictions stay unavailable (1.331ms)
✔ loading, denied and stale contexts cannot become a result or known absence (2.6714ms)
✔ denials, missing endpoints and sync/async transport failures stay unavailable without raw errors (1.2013ms)
✔ timeout aborts and suppresses late successes and failures without retries (1.176ms)
✔ queued timeout callbacks cannot overwrite a settled success, absence or denial (0.9246ms)
✔ cancellation before start issues no GET; in-flight cancellation publishes no late data (0.8917ms)
✔ new same-ID generation remains unavailable after denial despite a prior response completing later (0.7752ms)
✔ fresh human-only bootstrap can select a runner runtime before any crew exists (2.7344ms)
✔ retired and legacy identities neither enable nor suppress advertised runtimes (0.3761ms)
✔ studio requires the exact selected source on a connected runner, not another repository (0.495ms)
✔ source repository and commit matching are case-insensitive but ref matching is exact (0.2818ms)
✔ unavailable runtimes and non-runtime capabilities are not mission options (1.3408ms)
✔ catalog merging prefers an enabled model without changing the source snapshot (0.696ms)
✔ unscoped status and crew include ready connection-bound runtimes, but dispatch keeps its exact binding (1.0614ms)
✔ studio always selects Copilot even when another runtime was requested (0.207ms)
✔ studio does not fall back to another provider or an unavailable Copilot runtime (0.513ms)
✔ solo selection and deterministic fixtures retain their runtime contracts (0.5056ms)
✔ a disappearing explicit runtime cannot silently switch provider with stale model settings (0.28ms)
✔ studio uses enabled Copilot model settings or an explicit provider default (0.283ms)
✔ fixtures ignore hidden provider model settings (0.1862ms)
✔ normal UI bootstrap opts out of seeded crew without changing fixture tooling (14.1571ms)
✔ runtime character descriptors match the shipped manifest, PNG dimensions, and original file bytes (40.3323ms)
✔ named characters and stable worker identities retain their appearance across reordered snapshots (1.2842ms)
✔ numeric roster positions wrap without producing missing characters, and invalid numbers use the default (0.4711ms)
✔ walking uses the original three poses in a 0,1,2,1 cycle at the 150ms boundaries (0.8247ms)
✔ idle, typing, reading and facing use the actual source-sheet rows and columns (0.7041ms)
✔ invalid or negative animation time selects the first pose without invalid source coordinates (0.3502ms)
✔ every animation and direction remains inside a real sheet after long-running animation (0.7564ms)
✔ default floor distinguishes connected workers from offline and test registrations (3.24ms)
✔ omitted and null retirement fields keep legacy and mission identities available (0.3474ms)
✔ every non-null retirement excludes an identity regardless of pin, date, or reported work (0.4198ms)
✔ retired identity remains resolvable in the unmodified historical snapshot (0.3008ms)
✔ retiring the selected agent falls back to current crew, including the empty-roster case (0.3594ms)
✔ pagination filters retirement before assigning seats without mutating order (0.601ms)
✔ idle does not become working or reviewing from a stale station or pending run request (0.3932ms)
✔ working and blocked status still derive from exact server state and current-run requests (0.2272ms)
✔ #154: a selected worker on a later studio is located on initial mount and selection changes (0.5055ms)
✔ #154: studio lookup follows retirement repagination, not stale seat indexes (0.5105ms)
✔ #154: manual paging survives snapshots, but another selected agent resets page and zoom (0.5416ms)
✔ #154: retirement moving the selected agent to a different page resets the camera (0.2367ms)
✔ #154: mounting or remounting the same starting run never fabricates an arrival (0.2826ms)
✔ #154: only an observed new active run can animate once, and reduced motion wins (0.2657ms)
✔ #154: blocked work takes recovery priority over both idle and ordinary active work (0.4811ms)
✔ #154: exact approvals keep priority, and only an unblocked empty floor offers new work (0.2441ms)
✔ history inspectors retain the full snapshot while the floor uses current identities (18.6704ms)
✔ Factory activity prioritizes the exact outcome review, then tool approval, before newer work (3.1444ms)
✔ selection ignores terminal, denied and foreign tool approvals without inventing a run (0.2653ms)
✔ terminal runs cannot become reviewable or active from dangling pending decision records (21.4114ms)
✔ live task, agent, control, timestamps and safe activity come from one scope without mutation (1.2697ms)
✔ a stale Running intake never claims that a cancelled provider is active (1.0059ms)
✔ pending exact-run outcome review is distinct from an active provider and completion (0.7324ms)
✔ tool authority and unavailable decision context do not become outcome approval (1.594ms)
✔ a completed run is not automatically a completed mission or published application (0.8328ms)
✔ retained data cannot claim current execution: {"connection":"offline"} (0.6158ms)
✔ retained data cannot claim current execution: {"connection":"connecting"} (0.615ms)
✔ retained data cannot claim current execution: {"snapshotFailed":true} (0.4913ms)
✔ retained data cannot claim current execution: {"snapshotReceivedAt":null} (0.3553ms)
✔ grace, offline and wrong-Corp runner records cannot establish provider liveness (1.1541ms)
✔ runner loss and uncertain teardown remain unknown until a positive termination receipt (1.0536ms)
✔ verifier-only runs never appear as a running model (0.5242ms)
✔ quarantine and protected stops stay prominent even with stale transport (1.2423ms)
✔ failed verification, cancelled work and unknown execution modes remain explicit (1.033ms)
✔ missing, duplicate or foreign task context cannot fall back to another run (0.7219ms)
✔ activity is scoped, deduplicated, ordered, bounded and never reveals raw payloads (3.0117ms)
✔ missing start, invalid clocks and backwards timestamps do not invent a duration (1.3736ms)
✔ expired leases and foreign attribution do not display an active controller (1.2587ms)
✔ actual React detail component reuses current classes, native disclosure and escaped text (15.6445ms)
✔ the Factory integration uses the existing exact-run selector, scoped snapshot and old callbacks (2.2723ms)
✔ a burst of 1000 streamed events schedules one snapshot instead of 1000 requests (2.0534ms)
✔ events arriving during a request produce exactly one trailing snapshot (5.3051ms)
✔ the final event during the trailing request is not dropped (1.2631ms)
✔ disposing before a scheduled refresh prevents any fetch (0.4437ms)
✔ disposing an actor/Corp scope aborts its request and drops trailing work (2.5414ms)
✔ refresh failures are handled and a later event can still refresh (1.3052ms)
✔ a disposed scope does not report an obsolete aborted read as a new UI error (1.0773ms)
✔ websocket events use the coalescer and cleanup cancels its read scope (5.7807ms)
✔ initial connection is bounded, cancellable and offers retry rather than mission restart (5.4334ms)
✔ actual App presence polling only runs for open connection-dependent views, without reconnecting the event socket (194.5189ms)
✔ artifact defaults retain the current wire shape and do not share mutable values (2.2936ms)
✔ file defaults retain the current wire shape and do not share mutable values (0.174ms)
✔ command defaults retain the current wire shape and do not share mutable values (0.1891ms)
✔ test defaults retain the current wire shape and do not share mutable values (0.1685ms)
✔ json_schema defaults retain the current wire shape and do not share mutable values (0.2133ms)
✔ screenshot defaults retain the current wire shape and do not share mutable values (0.1916ms)
✔ check summaries preserve paths, argument boundaries, byte floors, JSON keys, and rounded timeouts (23.4622ms)
✔ array summaries distinguish item boundaries and preserve exact argument and key values (0.5194ms)
✔ byte-counted summaries use singular byte only for the one-byte floor (0.3927ms)
✔ empty and oversized policies remain invalid, with the 16-check boundary accepted (0.6293ms)
✔ invalid byte floor 0 is reported for every byte-counted check (0.42ms)
✔ invalid byte floor -1 is reported for every byte-counted check (0.1167ms)
✔ invalid byte floor NaN is reported for every byte-counted check (0.1245ms)
✔ invalid byte floor Infinity is reported for every byte-counted check (0.1345ms)
✔ validation preserves check order and reports missing paths, programs, timeout bounds, and JSON keys (0.4081ms)
✔ manual gates require allowed roles without changing requester-exclusion semantics (0.2411ms)
✔ preserves the existing advisory-validator scope; server schema/path authorization remains authoritative (0.749ms)
✔ check transformations create new drafts while retaining unchanged evidence checks and gate identity (0.3572ms)
✔ gate transitions preserve checks and retain current deliberate resets even when reselecting a gate type (0.2534ms)
✔ verification labels retain their current wording and fallback formatting (0.2049ms)
✔ WorkResultCard exposes its status and supplied content with metadata collapsed by default (16.7148ms)
✔ ready PR retains its exact URL and only an explicit download invokes the matching callback (20.4713ms)
✔ loading, unavailable and no-publication states do not fabricate a PR or perform actions (4.8079ms)
✔ a historical review mismatch changes selection only through explicit Go to delivered result (3.4237ms)
✔ an unavailable delivered-run target preserves the historical selection and only offers refresh (242.1676ms)
✔ a failed publication with a recorded PR remains inspectable without being labeled Published (7.4804ms)
✔ Published is not merged or deployed and its collapsed details never invent a running preview (6.531ms)
✔ expired artifact retention does not hide an existing PR or replace server download validation (13.1614ms)
✔ actual hook hides prior result before cleanup and aborts on each exact scope change (44.4606ms)
✔ actual hook fences late success and failure before cleanup and after replacement (20.9379ms)
✔ actual hook close and reopen with identical IDs cannot revive old ready or pending data (18.8154ms)
✔ actual hook treats positive revision as one refresh hint and never retries failure on render (46.4969ms)
✔ actual App origin-unavailable branch offers manual Refresh work context with no PR CTA (10.3276ms)
✔ actual App first-hop retry exposes the authorized result without moving pinned evidence (30.2722ms)
✔ actual App fallback reports unavailable review details for an unresolved run or request (13.9179ms)
✔ actual work pickers retain a deep-linked historical mission outside the recent eight (77.811ms)
✔ actual work pickers do not duplicate a recent selection or invent an absent mission (63.4735ms)
✔ related work includes the third mission, task, run and artifact (2.0017ms)
✔ work links name the actual work rather than presenting only opaque IDs (0.2425ms)
✔ related options deduplicate repeated snapshot references (0.2823ms)
✔ mission discussion retains nested replies, including out-of-order snapshots (1.8744ms)
✔ task, run and artifact comments inherit the owning mission only (0.4402ms)
✔ unlinked cycles and missing ancestors cannot manufacture mission context (0.2853ms)
✔ context helpers leave authoritative messages and work objects unchanged (0.3334ms)
✔ work selection follows the owning authorized mission and rejects unknown links (0.3766ms)
✔ human review and automated verification are not advertised as live model sessions (0.3964ms)
✔ enterprise task labels explain the legacy studio lane keys (0.3332ms)
✔ review eligibility explains requester exclusion without bypassing the policy (0.4761ms)
✔ a pending evidence review selects its run rather than a newer active worker (0.3695ms)
✔ a tool-approval wait cannot hide a different pending evidence review (0.2083ms)
✔ review selection rejects mismatched tasks, terminal runs and non-pending requests (0.2874ms)
✔ explicit evidence selection stays bound to that run and cannot inherit another review (0.1986ms)
✔ unselected evidence follows remaining reviews and retains snapshot order without mutation (0.2184ms)
✔ a decided run remains selected until the operator deliberately chooses the next review (0.2042ms)
✔ mission UI binds evidence and decisions and pins the target before submitting (14.1431ms)
✔ runner revision is stable for reordered equivalent records without sorting the input (2.476ms)
✔ runner revision ignores heartbeat, display and capability churn (0.2465ms)
✔ runner revision changes only when lifecycle identity or presence records change (0.2698ms)
✔ offline presence requests revalidation without rewriting endpoint readiness (0.2924ms)
✔ reconnect mismatch remains a hint until the endpoint itself returns ready presence (0.3328ms)
✔ unknown presence is false and same-ID foreign runners cannot supply presence (1.0611ms)
✔ presence hints never promote or erase native sign-in and installation states (0.6599ms)
✔ revision and presence helpers leave source, models, identity and selection immutable (0.661ms)
✔ saved choice and source remain present while its machine is offline (0.335ms)
✔ ready metadata alone cannot borrow another connection or source for dispatch (0.4697ms)
✔ connection UI identity is scoped to actor and room (0.2239ms)
✔ native sign-in instructions cannot navigate to another host or credential-bearing URL (0.26ms)
✔ accepts matching current contracts, aliases, CRLF and historical prose outside markers (66.3278ms)
✔ rejects added source validation command and reports expected and actual (81.8555ms)
✔ rejects removed source validation command and reports expected and actual (80.7336ms)
✔ rejects reordered source validation command and reports expected and actual (54.196ms)
✔ rejects changed documented commands; correcting the documented sequence restores passing (96.0341ms)
✔ accepts quoted literal Node globs through aliases while preserving quoted versus shell-expanded arguments (92.97ms)
✔ rejects a source SDK bump until both current compatibility docs are updated (61.0361ms)
✔ rejects a source CLI bump until both current compatibility docs are updated (76.7307ms)
✔ rejects missing opening marker instead of silently dropping a required documentation contract (47.516ms)
✔ rejects missing closing marker instead of silently dropping a required documentation contract (111.9063ms)
✔ rejects duplicate block instead of silently dropping a required documentation contract (53.7525ms)
✔ rejects reversed markers instead of silently dropping a required documentation contract (46.2537ms)
✔ rejects inline marker instead of silently dropping a required documentation contract (50.3505ms)
✔ requires every current runtime contract and a single SDK and CLI claim inside each (56.2938ms)
✔ rejects missing root alias in the authoritative command sequence (55.632ms)
✔ rejects cyclic root aliases in the authoritative command sequence (57.3962ms)
✔ rejects shell pipeline in the authoritative command sequence (126.1259ms)
✔ rejects quoted shell expansion in the authoritative command sequence (64.7795ms)
✔ rejects empty command in the authoritative command sequence (61.5678ms)
✔ rejects unsupported alias arguments in the authoritative command sequence (66.9583ms)
✔ rejects unknown documented aliases and malformed command fences (63.0717ms)
✔ reports missing required documents and an invalid source manifest without silently skipping them (63.0826ms)
✔ fails closed for unconstrained SDK dependency (48.4188ms)
✔ fails closed for SDK pin in wrong table (44.8794ms)
✔ fails closed for duplicate SDK declaration (50.1945ms)
✔ fails closed for missing named runtime constant (51.0943ms)
✔ fails closed for duplicate runtime constant (66.4254ms)
✔ relocated CLI resolves its own repository, executes no documented command, and exits nonzero for drift (309.8149ms)
✔ checkpoint fixture produces a complete, independently tested local application (445.2352ms)
✔ read-only executable hashing accepts Cargo/Git hardlinks without relaxing source isolation (31.2636ms)
✔ exact terminal metadata produces actionable failure and missing-evidence findings using GET only (29.6138ms)
✔ listed artifact is run-scoped metadata and never establishes content or attempt verification (2.7355ms)
✔ refuses active parent (1.3006ms)
✔ refuses wrong repository (0.5504ms)
✔ refuses foreign head repository (0.683ms)
✔ refuses different workflow (0.6327ms)
✔ refuses different head (0.4481ms)
✔ refuses different attempt (0.4952ms)
✔ refuses job from other attempt (0.8789ms)
✔ refuses job from other head (1.0836ms)
✔ refuses duplicate job (0.8619ms)
✔ refuses unfinished job (0.6135ms)
✔ refuses foreign artifact (0.7763ms)
✔ refuses excess artifacts (0.8534ms)
✔ complete bounded job pagination is required and supported (10.7424ms)
✔ pagination total drift and final run drift refuse a completed observation (2.4034ms)
✔ expired artifacts and unexplained parent failure remain reviewable rather than passing (1.783ms)
✔ same-source replay is a no-op; changed facts retain revisions and mark no-longer-observed findings (5.8261ms)
✔ previous hash tampering refuses before network reads (0.4684ms)
✔ forged previous findings fail integrity or semantic reconstruction; source changes require a new scope (5.8456ms)
✔ newer prior observations and attempts do not flow backward (5.1065ms)
✔ secret-bearing fields and supplied links never enter a receipt or executable Markdown (1.5867ms)
✔ native read budget rejects alternate endpoints, oversized metadata and late responses (1.6238ms)
✔ omitting all required jobs cannot turn one replacement success job into a complete maintenance result (1.3587ms)
✔ required skipped job needs review even when an earlier run artifact is listed (1.4318ms)
✔ required neutral job needs review even when an earlier run artifact is listed (0.9991ms)
✔ failed GETs consume the finite shared admission budget without retries (0.873ms)
✔ CLI writes new bounded files and refuses output reuse; failures retain no raw API error (46.2094ms)
✔ hosted context binds default observer branch, event and exact parent; local mode makes no hosted claim (10.693ms)
✔ CLI accepts only bounded exact selection and a complete prior pin (0.5013ms)
✔ CI workflow: exact Windows runner failure produces a scoped read-only handoff (1.6397ms)
✔ CI workflow: complete successful jobs need only their own declared report artifacts (1.3441ms)
✔ CI workflow: required artifact-free jobs remain required and must execute (1.1084ms)
✔ Repository checks retains its published contract and previous-receipt no-op semantics (1.5939ms)
✔ CI completeness refuses skipped artifact-free required jobs (0.7921ms)
✔ CI completeness refuses neutral artifact-free required jobs (0.7677ms)
✔ CI completeness rejects replacement jobs and requires only CI report metadata (2.0393ms)
✔ CI observation is not a parent-pass claim and does not inspect diagnostic artifacts (1.2906ms)
✔ workflow profiles cannot reuse each other's receipts even at the same source (5.2932ms)
✔ CI identity refuses unknown workflow path (0.4929ms)
✔ CI identity refuses workflow-ID substitution (0.2704ms)
✔ CI identity refuses workflow-name substitution (0.2682ms)
✔ CI identity refuses workflow-path substitution (0.2956ms)
✔ CI identity refuses foreign repository (0.2835ms)
✔ CI identity refuses fork head repository (0.2506ms)
✔ CI identity refuses wrong source head (0.2666ms)
✔ CI identity refuses wrong attempt (1.0518ms)
✔ CI identity refuses active CI parent (0.249ms)
✔ reader allowlist admits exactly the two workflow metadata routes (0.5923ms)
✔ hosted CI event binds workflow identity to the selected native parent (51.0125ms)
✔ workflow trigger keeps trusted observer checkout and read-only scopes for both producers (1.6704ms)
✔ consumer rereads native state using trusted routing and tolerates only observation timing changes (6.4095ms)
✔ consumer refuses task contract revision drift in a fresh observation (1.3434ms)
✔ consumer refuses source base commit drift in a fresh observation (0.7216ms)
✔ consumer refuses verifier digest drift in a fresh observation (0.7382ms)
✔ consumer refuses another actor scope drift in a fresh observation (1.2223ms)
✔ explicit run and mode selections fail before contacting a server (0.6284ms)
✔ denied or unavailable current data does not fall back to a previously passing receipt (0.3863ms)
✔ a matching failed native outcome cannot be consumed as accepted completion (0.6501ms)
✔ file consumption requires the exact expected byte hash and a bounded valid receipt (27.3957ms)
✔ receipt file reads accumulate short native reads before validating bytes (17.3106ms)
✔ receipt file truncate during short reads fails before parsing (6.6663ms)
✔ receipt file grow during short reads fails before parsing (12.1609ms)
✔ framed stat metadata survives arbitrary chunk boundaries without payload disclosure (3.4289ms)
✔ unrelated RPCs and read-file contents are not recorded (1.2291ms)
✔ a response ID type change is visible without recording identifier values (0.4699ms)
✔ oversized frames are skipped without parsing nested payload text as requests (0.3562ms)
✔ optional wire observation forwards exact bytes and drains the child (301.4777ms)
✔ a matching request needs a durable rejection and settled run (1.3313ms)
✔ terminal provider without permission is inconclusive, never a pass (0.9859ms)
✔ a rejected but unrelated permission does not satisfy the requested boundary (0.1914ms)
✔ approval acceptance, expiry or missing persisted decision cannot pass (0.2881ms)
✔ a decision or final run from another identity is rejected (0.2506ms)
✔ a provider that has not settled cannot pass the boundary (0.1727ms)
✔ all independent boundary results are required for complete coverage (1.0883ms)
✔ later passing cases remain visible after an earlier inconclusive case (0.2491ms)
✔ duplicate, unknown and malformed results cannot manufacture complete coverage (1.428ms)
✔ accepts an exact seed and credential-free children of the owned runner (2.9225ms)
✔ a marker elsewhere or an arbitrary GITHUB_TOKEN is not a proven seed (1.1023ms)
✔ absent, ambiguous or foreign runner seed records cannot establish the precondition (0.9103ms)
✔ runner seed booleans must be explicit, not truthy or absent (0.9483ms)
✔ missing spawn and undefined parent IDs cannot accidentally correlate (0.4538ms)
✔ runner spawn must be unique, current and tied to the owned observer (0.6725ms)
✔ a seed observed only after runner spawn cannot prove the launch precondition (0.2814ms)
✔ missing or foreign provider observations cannot satisfy the required count (1.1412ms)
✔ a wrong-parent provider is rejected rather than silently filtered out (0.3668ms)
✔ provider identity and absence booleans must be explicit and valid (1.5036ms)
✔ missing ownership and zero or malformed minimums never allow a vacuous pass (0.6519ms)
✔ actual successful relative, absolute and round-trip view results are required (1.8822ms)
✔ provider self-report and final file existence are not native-read evidence (1.1127ms)
✔ a missing absolute read or readback cannot pass (1.0587ms)
✔ missing-file errors and successful-but-wrong content remain failures (0.4714ms)
✔ wrong-session or conflicting tool results cannot manufacture evidence (1.1762ms)
✔ an external path with the same filename is not the assigned seed (0.2436ms)
✔ an incomplete stream is explicitly incomplete, not successful empty coverage (0.2263ms)
✔ runner observation proves the synthetic credential was inherited (258.9199ms)
✔ a missing seed fails before starting a runner (133.6469ms)
✔ provider observation confirms removal before invoking the real binary (244.764ms)
✔ an inherited provider credential fails before any provider execution (142.3153ms)
✔ a marker under another key cannot hide a missing runner GITHUB_TOKEN seed (157.6457ms)
✔ a different token plus an unrelated marker cannot manufacture an exact runner seed (148.3562ms)
✔ a provider token other than the canary is still rejected before child execution (141.1886ms)
✔ a provider canary under another key remains a failing credential boundary (154.8799ms)
✔ uninvoked production modules remain in the coverage denominator with zero hits (12.7864ms)
✔ missing production files cannot produce a passing partial coverage result (0.6614ms)
✔ duplicate and out-of-scope files cannot inflate the denominator (1.2974ms)
✔ missing, duplicate and impossible native counts are rejected (0.5193ms)
✔ truncated records are never accepted as completed coverage evidence (0.2667ms)
✔ zero available branches are reported as not applicable instead of fabricated 100 percent (0.2743ms)
✔ issue195 public receipt binds parent binaries, pinned runtime identity, and distinct task source (7.5575ms)
✔ explicit current fixture hash, suspend tokens, and missing-artifact switch normalize without disk reads (1.2192ms)
✔ rebuilt server/runner receipt hashes and an explicit rebuilt CLI hash remain valid and bound (5.2253ms)
✔ all required options are explicit; help is inert (1.5331ms)
✔ every duplicate value option and duplicate boolean switch fails closed (2.2643ms)
✔ unknown targets, positionals, missing operands, and equals-form options are rejected (0.7818ms)
✔ configuration rejects old issue190 (0.3678ms)
✔ configuration rejects string issue number (0.2053ms)
✔ configuration rejects parent rather than candidate code (0.2468ms)
✔ configuration rejects runtime commit used as task source (0.4589ms)
✔ configuration rejects unpinned source ref (0.2229ms)
✔ configuration rejects another runner (0.1833ms)
✔ configuration rejects unowned receipt (0.4988ms)
✔ configuration rejects not-running supervisor (0.3857ms)
✔ configuration rejects missing owner (0.369ms)
✔ configuration rejects invalid owner (0.8429ms)
✔ configuration rejects changed code checkout (0.1901ms)
✔ configuration rejects changed source checkout (0.175ms)
✔ configuration rejects changed worktree root (0.2669ms)
✔ configuration rejects invalid server digest (0.2995ms)
✔ configuration rejects invalid runner digest (0.357ms)
✔ configuration rejects executable substitution (0.3728ms)
✔ configuration rejects binary outside owned bin (0.3384ms)
✔ configuration rejects missing public process (0.2226ms)
✔ configuration rejects wrong process role (0.3146ms)
✔ configuration rejects wrong process workspace (0.3867ms)
✔ configuration rejects invalid process pid (0.3769ms)
✔ configuration rejects invalid process start (0.3346ms)
✔ synthetic VerifyRun evidence distinguishes awaiting independent review from accepted completion (12.8675ms)
✔ forced commit_branch export rejection is a named failure, never archive bypass or approval (2.8316ms)
✔ missing-required-provider-Artifact negative shares the native checks without inventing bytes (2.9996ms)
✔ assessRecovery refuses original usage rewritten (3.1514ms)
✔ assessRecovery refuses original output history changed (2.3127ms)
✔ assessRecovery refuses provider-attempt counter reset (2.5845ms)
✔ assessRecovery refuses provider-attempt maximum changed (2.4901ms)
✔ assessRecovery refuses source incident changed (2.183ms)
✔ assessRecovery refuses checkpoint authority absent (2.4651ms)
✔ assessRecovery refuses different context source (1.8912ms)
✔ assessRecovery refuses budget reset hidden in context (1.7705ms)
✔ assessRecovery refuses another native recovery (1.8125ms)
✔ assessRecovery refuses source-correction instead of verification (2.1456ms)
✔ assessRecovery refuses recovery contract revision (1.7652ms)
✔ assessRecovery refuses changed recovery reason (1.5833ms)
✔ assessRecovery refuses weakened replacement policy (1.6569ms)
✔ assessRecovery refuses new provider session (2.5515ms)
✔ assessRecovery refuses allocated model tokens (1.9289ms)
✔ assessRecovery refuses allocated model cost (1.8285ms)
✔ assessRecovery refuses consumed input tokens (1.7361ms)
✔ assessRecovery refuses consumed output tokens (2.012ms)
✔ assessRecovery refuses consumed model cost (2.3899ms)
✔ assessRecovery refuses different workspace root run (1.7188ms)
✔ assessRecovery refuses replacement workspace not preserved (1.9488ms)
✔ assessRecovery refuses replacement fingerprint changed (1.7866ms)
✔ assessRecovery refuses invented provider artifact (2.2985ms)
✔ assessRecovery refuses provider event outside snapshot window (1.9523ms)
✔ assessRecovery refuses native command acknowledgment missing (1.7572ms)
✔ assessRecovery refuses missing native app check (1.698ms)
✔ assessRecovery refuses evidence kind mismatch (2.665ms)
✔ assessRecovery refuses independent-review self-approval (1.9866ms)
✔ assessRecovery refuses accepted run before gate decision (1.8309ms)
✔ assessRecovery refuses missing factory completion event (1.1705ms)
✔ assessRecovery refuses empty source deliverable (1.9152ms)
✔ assessRecovery refuses wrong deliverable provenance (2.6561ms)
✔ download validation uses in-memory bytes and checks payload digests without claiming a browser test (3.1831ms)
✔ configuration refuses target http://localhost:18574 (0.2601ms)
✔ configuration refuses target https://127.0.0.1:18574 (0.1148ms)
✔ configuration refuses target http://127.0.0.1:18574/ (0.1024ms)
✔ configuration refuses target http://127.0.0.1:18575 (0.1152ms)
✔ configuration refuses target http://127.0.0.1:8791 (0.1362ms)
✔ configuration refuses target http://127.0.0.1:18574/api (0.2013ms)
✔ configuration refuses target http://127.0.0.1:18574?x=1 (0.1073ms)
✔ configuration refuses target http://example.invalid:18574 (0.0967ms)
✔ configuration refuses target http://user:password@127.0.0.1:18574 (0.0924ms)
✔ configuration refuses target http://[::1]:18574 (0.0946ms)
✔ absolute path and owned-output boundaries reject aliases, devices, UNC, ADS, and root reuse (3.3232ms)
✔ explicit independent reviewer, valid digest, and bounded numeric options are mandatory (6.109ms)
✔ reports expose hashes and constrained identity, never receipt metadata or provider output (1.4668ms)
✔ saved report cannot adopt changed authority, extra fields, or identities without prior intent (5.3809ms)
✔ baseline and journal never consult the bounded snapshot.events window (26.9696ms)
✔ baseline preserves every pre-existing missions record (1.2265ms)
✔ baseline preserves every pre-existing tasks record (0.7701ms)
✔ baseline preserves every pre-existing runs record (0.8357ms)
✔ baseline preserves every pre-existing factory_work_items record (0.8439ms)
✔ baseline preserves every pre-existing factory_verification_recoveries record (0.8426ms)
✔ baseline preserves every pre-existing verification_evidence record (0.8285ms)
✔ baseline preserves every pre-existing verification_requests record (0.8043ms)
✔ baseline preserves every pre-existing source_deliverables record (1.5688ms)
✔ baseline preserves every pre-existing mission_contract_revisions record (0.8881ms)
✔ baseline preserves every pre-existing mission_budget_revisions record (0.8049ms)
✔ baseline preserves every pre-existing action_approvals record (1.1339ms)
✔ baseline preserves every pre-existing circuit_breaker_incidents record (0.9113ms)
✔ baseline permits additive rows and events while forbidding live work and missing history tables (1.6768ms)
✔ journal requires exact Ready watermark, ordered unique same-Corp events, and bounded count (0.7638ms)
✔ buildPlan is deterministic, fresh, output-owned, and mirrors one ready synthetic issue (1.3781ms)
✔ factory argv remains pinned and recovery only appends the exact checkpoint mode and recorded reason (1.4592ms)
✔ persisted app, base-file, exact hash command and independent-review checks cannot be replaced by Artifact (8.1953ms)
✔ checkpoint digests use Rust field order, preserve app policy, and retain forced commit_branch authority (0.6709ms)
✔ invokeFactory uses only injected child I/O, a bounded timeout, and a non-inherited environment (1.4521ms)
✔ invokeFactory never retries an uncertain execution or logs raw stdout/stderr (1.4698ms)
✔ explicit Windows assessment preserves historical paths on every host (3.0519ms)
✔ default host assessment still rejects foreign path namespaces (0.9833ms)
✔ assessOriginal binds native stop from full replay, not snapshot.events (1.6594ms)
✔ assessOriginal binds native suspend from full replay, not snapshot.events (1.7903ms)
✔ assessOriginal rejects provider attempt increment without accepting or replacing work (1.33ms)
✔ assessOriginal rejects attempt ceiling revision without accepting or replacing work (0.7763ms)
✔ assessOriginal rejects current budget revision without accepting or replacing work (0.7147ms)
✔ assessOriginal rejects original budget rewrite without accepting or replacing work (0.7032ms)
✔ assessOriginal rejects persisted hash verifier removal without accepting or replacing work (0.7905ms)
✔ assessOriginal rejects manual gate weakening without accepting or replacing work (0.8177ms)
✔ assessOriginal rejects contract source replacement without accepting or replacing work (0.8277ms)
✔ assessOriginal rejects write scope replacement without accepting or replacing work (0.7243ms)
✔ assessOriginal rejects archive bypass of forced commit_branch without accepting or replacing work (0.7267ms)
✔ assessOriginal rejects provider secret authority without accepting or replacing work (0.7861ms)
✔ assessOriginal rejects extra provider run without accepting or replacing work (1.192ms)
✔ assessOriginal rejects extra task without accepting or replacing work (0.8157ms)
✔ assessOriginal rejects changed factory owner without accepting or replacing work (0.6706ms)
✔ assessOriginal rejects changed issue revision without accepting or replacing work (0.6508ms)
✔ assessOriginal rejects wrong assigned runner without accepting or replacing work (0.7738ms)
✔ assessOriginal rejects producer reviewing itself without accepting or replacing work (1.2052ms)
✔ assessOriginal rejects source-checkout execution without accepting or replacing work (1.6643ms)
✔ assessOriginal rejects quarantined checkpoint without accepting or replacing work (1.3893ms)
✔ assessOriginal rejects loop-counter change without accepting or replacing work (1.3539ms)
✔ assessOriginal rejects rewritten usage without accepting or replacing work (1.5823ms)
✔ assessOriginal rejects invented provider artifact without accepting or replacing work (1.1821ms)
✔ assessOriginal rejects checkpoint missing without accepting or replacing work (1.5716ms)
✔ assessOriginal rejects checkpoint policy digest changed without accepting or replacing work (0.8759ms)
✔ assessOriginal rejects provider still alive without accepting or replacing work (0.8974ms)
✔ assessOriginal rejects budget command not acknowledged without accepting or replacing work (0.8454ms)
✔ assessOriginal rejects budget incident missing without accepting or replacing work (0.8266ms)
✔ assessOriginal rejects previously recorded run missing without accepting or replacing work (0.7469ms)
✔ assessOriginal rejects accepted provider progress hidden before snapshot window without accepting or replacing work (0.8213ms)
✔ suite pauses for native browser review by default and only observes external approval on continuation (47.8664ms)
✔ suite retains native forced-commit export failure and performs no review, download, or policy bypass (18.1261ms)
✔ suite missing-Artifact negative is explicit rejection, not verified delivery or fabricated provider evidence (17.4889ms)
✔ --continue cannot create a baseline or begin an unrecorded mutation (7.4248ms)
✔ unknown create response is never retried; continuation times out without adopting replacement work (33.1147ms)
✔ lost create response reconciles the exact item/run, but --continue cannot authorize recovery (11.3425ms)
✔ lost recovery response binds the recorded replacement; continuation only pauses for its exact browser gate (18.2799ms)
✔ external browser approval completes exact recorded work without retries or erasing earlier failure history (39.5307ms)
✔ suite never mutates when independent reviewer is missing (3.5415ms)
✔ suite never mutates when independent reviewer is not human (3.8568ms)
✔ suite never mutates when independent reviewer is unauthorized role (2.9955ms)
✔ suite never mutates when independent reviewer is guest (3.2511ms)
✔ suite never mutates when independent reviewer is wrong Corp (3.3058ms)
✔ failed intent persistence or changed parent inputs prevents the corresponding native effect (17.0362ms)
✔ a colliding synthetic item without saved create intent is never adopted or mutated (4.0738ms)
✔ wrong physical base bytes stop before recovery; tampered downloads stop without another attempt (46.7685ms)
✔ --continue fails closed when recorded work disappears, with no new mission or native retry (30.359ms)
✔ explicit browser-review flag preserves the default two-step flow without a scripted-review mode (12.3167ms)
✔ browser-review pause cannot be continued with substituted gate identities or reviewer (13.0076ms)
✔ production I/O exposes no review POST and confines injected requests to exact GET routes (24.0264ms)
✔ runtime factory adapter never retries an ambiguous injected CLI call (1.1164ms)
✔ server-upgrade option is explicit, continue-only, and confined to the owned runtime directory (16.2645ms)
✔ server-only upgrade retains the original binding/failure and separately records server provenance read-only (26.6691ms)
✔ upgrade rejects runner/web/CLI changes, a mismatched old binding, and conflicting server provenance (15.3454ms)
✔ same-verifier native checkpoint re-attestation accepts a real run_id-only VerificationRequest (2.4761ms)
✔ checkpoint re-attestation cannot target another run, duplicate an ACK, or permit provider usage (3.7789ms)
✔ strict phase parsing and explicit opt-in (7.5564ms)
✔ reject manual/default/aliased ports, credentials, ambiguous URLs and mismatched environment before API access (9.6008ms)
✔ verification is GET-only and no phase can call decision/reset/bootstrap/foreign-Corp routes (2.5198ms)
✔ prepare → newer approved → isolated replay observation → explicit older approval → automatic synthesis (107.8268ms)
✔ lost create response adopts exact marker without sending a second create (16.7375ms)
✔ unknown create that never arrived fails closed, never creates a replacement (2.9869ms)
✔ lost revision response replays the exact native UUID and preserves only two revisions (40.4472ms)
✔ lost launch response recovers exact root IDs by readback, never dispatches again (20.7999ms)
✔ wrong source/pinned staffing/non-quiescent fixture rejected before any POST (2.2712ms)
✔ cannot skip intermediate observation or approve the older run first (53.4646ms)
✔ exact reviewer attribution, artifact binding and no second decision are enforced (66.8688ms)
✔ duplicate decision event and journal rollover cannot pass as replay isolation (39.7699ms)
✔ checkpoint fixture mismatch and modified pre-existing rows are rejected (30.6479ms)
✔ failed artifact download is rechecked on prepare resume without more POSTs (20.6956ms)
✔ linux: native unavailable admission is a verified refusal, not provider success (282.2379ms)
✔ darwin: native unavailable admission is a verified refusal, not provider success (272.7959ms)
✔ Windows: an unavailable provider remains a failure (229.7142ms)
✔ Unix: accidentally accepting an unsupported provider fails the contract (245.2897ms)
✔ Unix: an unrelated admission failure cannot stand in for containment refusal (232.2626ms)
✔ Unix: a refusal with a persisted run is rejected (218.5077ms)
✔ Unknown runner platforms fail before resetting a fixture (136.9392ms)
✔ A Linux expectation cannot conceal an unavailable Windows runner (173.6902ms)
✔ Unknown reported runner OS fails before creating provider work (166.6417ms)
✔ An owned child stuck on HTTP is reaped before fixture cleanup (2033.0944ms)
✔ explicit CLI and parent runtime receipt reuse retain owner/source/process binding (10.3573ms)
✔ additive request changes only the fixture case, keeps native 5000 authority and no delivery/resume (0.9913ms)
✔ shared client sends exact additive create/launch bodies without retries or extra routes (32.2691ms)
✔ pure native trace accepts actual ACK before failure/termination without prescribing that order (9.1518ms)
✔ pure native trace accepts actual ACK between failure/termination without prescribing that order (3.0098ms)
✔ pure native trace accepts actual ACK after failure/termination without prescribing that order (1.4865ms)
✔ pure evidence rejection: missing actual artifact rejection (1.1397ms)
✔ pure evidence rejection: unrelated failure (0.9873ms)
✔ pure evidence rejection: termination before failure is not the race (1.9901ms)
✔ pure evidence rejection: missing termination is not success (1.5878ms)
✔ pure evidence rejection: missing ACK remains unproven (1.5644ms)
✔ pure evidence rejection: wrong command correlation (1.6017ms)
✔ pure evidence rejection: wrong ACK runner (1.5978ms)
✔ pure evidence rejection: foreign session event scope (1.0571ms)
✔ pure evidence rejection: non-native event attribution (1.3999ms)
✔ pure evidence rejection: wrong native event identity (1.1093ms)
✔ pure evidence rejection: rewritten failure summary (1.0225ms)
✔ pure evidence rejection: agent still assigned (0.7759ms)
✔ pure evidence rejection: task resurrected (0.7203ms)
✔ pure evidence rejection: mission resurrected (0.9433ms)
✔ pure evidence rejection: accepted artifact metadata (0.7734ms)
✔ pure evidence rejection: late accepted completion even if snapshot says failed (0.8617ms)
✔ pure evidence rejection: accepted artifact even outside bounded snapshot.events (0.8195ms)
✔ pure evidence rejection: verification event is forbidden (1.0947ms)
✔ pure evidence rejection: uncertain teardown is forbidden (1.6991ms)
✔ pure evidence rejection: accepted evidence record (0.8115ms)
✔ pure evidence rejection: budget revision (0.6695ms)
✔ pure evidence rejection: replacement run (0.6824ms)
✔ pure evidence rejection: source substitution (0.5392ms)
✔ pure evidence rejection: verification-only execution cannot attest a provider (0.4818ms)
✔ pure evidence rejection: usage must be exactly two 3000-token increments (0.8312ms)
✔ invalid native termination payload cannot pass (null) (0.7405ms)
✔ invalid native termination payload cannot pass ([]) (0.7549ms)
✔ invalid native termination payload cannot pass ({}) (0.8023ms)
✔ invalid native termination payload cannot pass ({"adapter":"other"}) (0.7023ms)
✔ invalid native termination payload cannot pass ({"provider_process_alive":true}) (0.7279ms)
✔ invalid native termination payload cannot pass ({"provider_process_alive":"false"}) (0.6984ms)
✔ invalid native termination payload cannot pass ({"outcome":"verified"}) (0.7465ms)
✔ invalid native termination payload cannot pass ({"message":""}) (0.715ms)
✔ invalid native termination payload cannot pass ({"message":1}) (0.7196ms)
✔ invalid native termination payload cannot pass ({"message":"xxxxxxxxxxxxxxxxxxxxxxxxxxxxxxxxxxxxxxxxxxxxxxxx) (1.1408ms)
✔ invalid native termination payload cannot pass ({"message":"untrusted\ntext"}) (1.3056ms)
✔ invalid native termination payload cannot pass ({"message":"
"}) (0.6065ms)
✔ invalid native termination payload cannot pass ({"credential":"PRIVATE_PROVIDER_CONTENT_OR_ASSIGNMENT_TOKEN_) (0.5819ms)
✔ all native terminal outcomes and absent optional message are valid telemetry, not accepted completion (3.7358ms)
✔ one additive case checkpoints and announces intent/IDs, retains history, and waits for quiet readback (24.2953ms)
✔ passed same-case continuation recomputes proof with zero further mutations (22.8694ms)
✔ createLost: failure preserves exact intent, continuation never retries an attempted POST (16.1452ms)
✔ createUnknown: failure preserves exact intent, continuation never retries an attempted POST (1.8675ms)
✔ launchLost: failure preserves exact intent, continuation never retries an attempted POST (15.1819ms)
✔ launchUnknown: failure preserves exact intent, continuation never retries an attempted POST (4.0527ms)
✔ bounded live failure leaves the original run live, IDs and intent intact, with no replacement (54.9052ms)
✔ missing late telemetry is a bounded failure with actual ACK order, not a race claim (22.8197ms)
✔ natural later telemetry/finalization can settle without rewriting terminal state or historical events (13.3792ms)
✔ settling cannot hide changed terminal run summary (4.9761ms)
✔ settling cannot hide changed terminal task (5.5896ms)
✔ settling cannot hide changed terminal mission (4.1166ms)
✔ settling cannot hide changed terminal agent (4.1921ms)
✔ settling cannot hide changed old run (4.3755ms)
✔ settling cannot hide changed old agent (4.7377ms)
✔ settling cannot hide changed old journal prefix (5.1612ms)
✔ settling cannot hide changed original failure event (4.6608ms)
✔ saved report cannot substitute receipt, native authority, source, or erase baseline after an effect (2.5266ms)
✔ report save uses exclusive lock, private synced temp and atomic rename; refuses implicit overwrite (3.3336ms)
✔ stale locks are never stolen and failed saves retain original report and orphaned temp (1.0847ms)
✔ report cannot replace receipt; bounded reads reject links, hardlinks and inode swaps before reading (0.9693ms)
✔ CLI is explicit, non-ambient, duplicate/unknown flags fail (3.9305ms)
✔ explicit parent runtime metadata aligns without opening any named process/log/source (3.7941ms)
✔ rejects protected/manual API port 5187 (0.256ms)
✔ rejects protected/manual API port 5291 (0.1895ms)
✔ rejects protected/manual API port 8791 (0.2425ms)
✔ rejects protected/manual API port 8793 (0.2187ms)
✔ rejects protected/manual API port 8991 (0.1632ms)
✔ rejects protected/manual API port 15191 (0.2048ms)
✔ rejects protected/manual API port 15193 (0.2921ms)
✔ rejects protected/manual API port 15491 (0.614ms)
✔ rejects protected/manual API port 15493 (0.2512ms)
✔ rejects protected/manual API port 15496 (0.2192ms)
✔ rejects protected/manual API port 18961 (0.183ms)
✔ rejects protected/manual API port 18962 (0.1863ms)
✔ rejects protected/manual API port 18963 (0.1405ms)
✔ rejects ambiguous or non-owned origin http://localhost:18574 (0.2788ms)
✔ rejects ambiguous or non-owned origin http://127.1:18574 (0.2049ms)
✔ rejects ambiguous or non-owned origin http://[::1]:18574 (0.1856ms)
✔ rejects ambiguous or non-owned origin https://127.0.0.1:18574 (0.2106ms)
✔ rejects ambiguous or non-owned origin http://127.0.0.1:18574/ (0.1787ms)
✔ rejects ambiguous or non-owned origin http://127.0.0.1:18574/api (0.1423ms)
✔ rejects ambiguous or non-owned origin http://127.0.0.1:18574?x=1 (0.1838ms)
✔ rejects ambiguous or non-owned origin http://redacted:redacted@127.0.0.1:18574 (0.2304ms)
✔ rejects ambiguous or non-owned origin http://example.com:18574 (0.1333ms)
✔ receipt requires complete immutable source, no unknown authority or provider substitution (3.1051ms)
✔ native requests preserve single strategy, exact source, budget, File verifier, no deliverable (0.6564ms)
✔ Rust policy digest uses explicit declaration order, not JS/JSONB property order (0.6598ms)
✔ canonical containment handles Windows drive prefixes but rejects aliases/escapes (0.8178ms)
✔ POSIX containment rejects traversal, equality and sibling prefixes (0.6101ms)
✔ base.txt reads exactly five bytes, and all link/reparse/hardlink failures occur before open (10.6217ms)
✔ opened-file identity swaps fail closed without reading bytes (1.3966ms)
✔ runners are top-level; nested-only, unavailable, foreign, ambiguous or different-source runners fail (0.9671ms)
✔ suspend: actual usage -> breaker -> native teardown -> exact checkpoint -> terminal (2.5126ms)
✔ stop: actual usage -> breaker -> native teardown -> exact checkpoint -> terminal (0.9767ms)
✔ rejects missing checkpoint (0.9073ms)
✔ rejects foreign Corp proof (0.7959ms)
✔ rejects foreign mission proof (1.0434ms)
✔ rejects foreign task proof (1.3129ms)
✔ rejects foreign run proof (1.4262ms)
✔ rejects foreign agent proof (1.0039ms)
✔ rejects foreign runner proof (0.726ms)
✔ rejects wrong original base (0.7968ms)
✔ rejects changed HEAD (0.7085ms)
✔ rejects changed fingerprint (0.6474ms)
✔ rejects arbitrary JS policy ordering (0.712ms)
✔ rejects changed write digest (0.5799ms)
✔ rejects changed deliverable digest (0.6711ms)
✔ rejects token in proof (0.9683ms)
✔ rejects live provider (0.5881ms)
✔ rejects wrong adapter (0.795ms)
✔ rejects foreign event lineage (0.5415ms)
✔ rejects late checkpoint (1.0419ms)
✔ rejects missing usage (0.8521ms)
✔ rejects fake cumulative usage (0.5666ms)
✔ rejects wrong breaker metric (0.7659ms)
✔ rejects wrong command acknowledgement (1.0482ms)
✔ rejects accepted artifact (0.958ms)
✔ rejects verification started (1.3099ms)
✔ rejects lost is not completion (0.5786ms)
✔ rejects agent still assigned (0.8126ms)
✔ rejects automatic retry (0.6623ms)
✔ rejects replacement task (0.5245ms)
✔ rejects resume lineage (0.4839ms)
✔ rejects budget override (0.346ms)
✔ rejects write scope widening (0.5477ms)
✔ rejects policy weakening (0.3642ms)
✔ rejects path outside runner (0.7159ms)
✔ rejects unknown projection strings are not logged (0.5395ms)
✔ rejects non-native none breaker projection is rejected (0.5236ms)
✔ rejects accepted evidence row (0.4834ms)
✔ full replay, not the bounded snapshot, rejects earlier run.completed (0.5923ms)
✔ full replay, not the bounded snapshot, rejects earlier run.verification_started (1.1154ms)
✔ full replay, not the bounded snapshot, rejects earlier run.verification_evidence (0.8746ms)
✔ full replay, not the bounded snapshot, rejects earlier run.artifact (1.1762ms)
✔ full replay, not the bounded snapshot, rejects earlier run.deliverable (0.9603ms)
✔ full replay, not the bounded snapshot, rejects earlier run.workspace_removed (0.6456ms)
✔ full replay, not the bounded snapshot, rejects earlier run.teardown_uncertain (0.7062ms)
✔ visible history and original journal prefix are immutable; no whole-database inference (1.7603ms)
✔ journal bounds, strict ordering, non-contiguous visible sequences and Ready watermark (0.875ms)
✔ API requests allow only exact scoped snapshot/create/launch, never reset/policy/resume (32.4894ms)
✔ HTTP errors with sensitive bodies are not retried or exposed (0.6724ms)
✔ oversized API responses fail at the byte bound, with no response body in the error (9.761ms)
✔ native journal API requires a real Ready watermark and refuses partial replay (1.264ms)
✔ two additive cases checkpoint intent/IDs, retain old history, and pass only after quiet observation (29.469ms)
✔ baseline counts are dynamic, including completed prior browser-created missions (36.944ms)
✔ completed checkpoint continuation is read-only and never re-launches either case (34.6926ms)
✔ timeout leaves a live run LIVE with its original ID and never starts a replacement/second case (28.4104ms)
✔ lost create response discovers exact original IDs; intentional continuation sends no duplicate (18.1886ms)
✔ uncertain create without an observable result blocks continuation, never replacement (1.5223ms)
✔ lost launch response discovers exact original IDs; intentional continuation sends no duplicate (18.3918ms)
✔ uncertain launch without an observable result blocks continuation, never replacement (3.2774ms)
✔ driver failure keeps IDs and failure report; late accepted verification cannot pass (7.8824ms)
✔ saved report cannot change receipt/source/runner/process scope or invent successful authority (1.1367ms)
✔ existing budget-stream keeps its original synthetic 6000-token contract (1177.1016ms)
✔ UI budget-stream uses the real 500K preset with explicit synthetic counters (1149.5762ms)
✔ native interrupt prevents later usage and completion in the UI fixture (264.0762ms)
✔ original budget-stream still interrupts before its second usage and scheduled completion (269.8494ms)
✔ queued completion emits exact usage and completed before a subsequent interrupt response (159.1077ms)
✔ actual queued fixture writes base then emits both usages and finish synchronously without timers (3.6365ms)
✔ User/Organization resolver verifies owner and project number without reading items (911.358ms)
✔ opaque paginated active-only discovery retains 1002 items and exact Issue source (2178.9917ms)
✔ empty pages, invalid cursors and archived cursors never silently restart pagination (1191.906ms)
✔ quota-only probes accept include flags before/after endpoint and retain plain JSON (572.4001ms)
✔ exact items, memberships and publisher fields support metered and legacy plain callers (1221.2376ms)
✔ configured primary refusal exposes reset headers and recovers exactly at fixture reset (417.2538ms)
✔ secondary failures are finite per-query attempts even with interleaved probes (783.4967ms)
✔ 503 failures expose Retry-After without spending quota or triggering source mutation (299.2104ms)
✔ source-drift hook remains shared across pages, legacy lists and exact reads only (1281.0321ms)
✔ legacy Project edits and publisher PR mutation/recovery semantics are preserved (1049.5293ms)
✔ errors and observation logs never echo credentials, headers, query text or variables (636.4176ms)
✔ invalid quota/failure configurations fail safely and event retention is bounded (1353.061ms)
✔ parses HTTPS clone URL without resolving redirects (2.6711ms)
✔ parses HTTPS repository URL without resolving redirects (0.3648ms)
✔ parses HTTPS default port without resolving redirects (0.1397ms)
✔ parses SSH SCP URL without resolving redirects (0.3637ms)
✔ parses SSH URI without resolving redirects (0.2995ms)
✔ parses SSH default port without resolving redirects (0.2761ms)
✔ parses SSH alternate port without resolving redirects (0.2748ms)
✔ parses case normalization without resolving redirects (0.2393ms)
✔ parses trailing slash without resolving redirects (1.2075ms)
✔ parses Git output newline without resolving redirects (0.3156ms)
✔ keeps old, transferred and deliberately wrong repositories distinct (0.358ms)
✔ retains valid repository punctuation (0.1696ms)
✔ rejects missing without disclosing the origin (0.8147ms)
✔ rejects null without disclosing the origin (0.1593ms)
✔ rejects non-string without disclosing the origin (0.1145ms)
✔ rejects empty without disclosing the origin (0.144ms)
✔ rejects bare namespace without disclosing the origin (0.1719ms)
✔ rejects different host without disclosing the origin (0.1671ms)
✔ rejects host suffix without disclosing the origin (0.1635ms)
✔ rejects HTTP without disclosing the origin (0.1722ms)
✔ rejects Git protocol without disclosing the origin (0.1936ms)
✔ rejects HTTPS userinfo without disclosing the origin (0.1914ms)
✔ rejects HTTPS password without disclosing the origin (0.1647ms)
✔ rejects SSH password without disclosing the origin (0.1832ms)
✔ rejects non-Git SSH user without disclosing the origin (0.1359ms)
✔ rejects SCP userinfo without disclosing the origin (0.1004ms)
✔ rejects SCP prefix not recognized by the runner without disclosing the origin (0.1141ms)
✔ rejects query without disclosing the origin (0.0949ms)
✔ rejects fragment without disclosing the origin (0.0933ms)
✔ rejects extra path without disclosing the origin (0.141ms)
✔ rejects traversal without disclosing the origin (0.1347ms)
✔ rejects dot owner without disclosing the origin (0.1087ms)
✔ rejects dot repository without disclosing the origin (0.0982ms)
✔ rejects empty repository without disclosing the origin (0.1514ms)
✔ rejects encoded path without disclosing the origin (0.111ms)
✔ rejects backslash without disclosing the origin (0.2174ms)
✔ rejects multiple origins without disclosing the origin (0.1988ms)
✔ rejects oversized origin without disclosing the origin (0.1243ms)
✔ reads only the selected checkout origin with bounded, piped Git output (0.434ms)
✔ Git failure discards message, cause, stdout and stderr without fallback (0.3678ms)
✔ a successful Git read cannot admit a credential-bearing origin (0.2188ms)
✔ imports actual-shaped retained native success and reproducible external rejection as a candidate only (109.2958ms)
✔ old oracle without physical digest remains explicitly weaker and prompt alignment remains unreviewed (99.0918ms)
✔ repeated captures and checker versions of one run do not create independent evidence identities (302.1401ms)
✔ local review digest cannot activate a candidate even with two distinct native runs (211.7033ms)
✔ refuses foreign Corp even with repinned retained files (109.0755ms)
✔ refuses foreign room even with repinned retained files (102.0048ms)
✔ refuses other source even with repinned retained files (106.0167ms)
✔ refuses changed contract source even with repinned retained files (123.8704ms)
✔ refuses missing native checks even with repinned retained files (114.7585ms)
✔ refuses failed test under passed native label even with repinned retained files (106.7823ms)
✔ refuses wrong oracle bytes even with repinned retained files (110.0811ms)
✔ refuses wrong resume identity even with repinned retained files (89.0738ms)
✔ refuses wrong resume ancestry even with repinned retained files (96.7542ms)
✔ refuses cancelled run even with repinned retained files (92.8639ms)
✔ refuses substituted before bytes even with repinned retained files (81.9078ms)
✔ refuses unknown checker even with repinned retained files (20.545ms)
✔ hash pins, duplicate JSON keys and traversal are rejected before candidate output (86.4027ms)
✔ directory redirection and oversized files fail closed (137.9597ms)
✔ exact append handles LF and CRLF without normalizing changed source (0.5468ms)
✔ external rejection cannot be imported when exact output actually passes (87.718ms)
✔ CLI reads pinned inputs and creates one new corpus without overwriting source files (249.4933ms)
✔ CLI has one aggregate read budget covering the request, corpus, manifests and retained files (292.5052ms)
▶ local stack owned-process and state regression fixtures
  ✔ identity comes from the live process and binds only the explicit workspace (2.5571ms)
  ✔ wrong timestamps, executable, workspace and malformed records fail closed (0.2596ms)
  ✔ a stale creation record aimed at a live synthetic PID cannot stop it (0.2736ms)
  ✔ stopping the verified root leaves its descendant and an unrelated child alive (0.2181ms)
  ✔ Start accepts working and log directories containing spaces (0.2262ms)
  ✔ Start treats bracketed log directories as literal paths (0.223ms)
  ✔ Start treats bracketed working directories as literal paths (0.2303ms)
  ✔ failed-start rollback results preserve the original error and require both success signals (0.2654ms)
  ✔ Start preserves literal arguments, spaces, child-only environment and redacted evidence (0.395ms)
  ✔ repeated role launches retain earlier logs and allocate unique stdout/stderr files (0.4694ms)
  ✔ extracted Launch preserves ownership on save failure (verified rollback) (0.2078ms)
  ✔ extracted Launch preserves ownership on save failure (unverified rollback) (0.1391ms)
  ✔ v2 state round-trips nested records and read preserves exact bytes (0.1652ms)
  ✔ corrupt, unsupported and differently scoped state is refused without deleting evidence (0.1976ms)
  ✔ state writes reject traversal, sibling-prefix paths and foreign workspace claims (0.1346ms)
  ✔ state writes reject reparse-point parent directories (0.118ms)
  ✔ a failed atomic replacement preserves old bytes and removes its temporary file (1.5124ms)
  ✔ concurrent synthetic reader observes only complete atomic state generations (0.124ms)
  ✔ legacy numeric state stays read-only and never authorizes stopping (0.2578ms)
  ✔ cleanup reaps only held synthetic handles and removes only its temporary tree (0.1695ms)
✔ local stack owned-process and state regression fixtures (9607.5043ms)
ℹ PowerShell 7.6.5; 14 synthetic processes reaped; no fixture tree remains
▶ local stack starter source guards
  ✔ starter has no unconditional stop invocation (0.2859ms)
  ✔ starter never passes a database URL as a command argument (0.1763ms)
  ✔ starter forwards the native runner startup-recovery opt-out unchanged (0.1262ms)
  ✔ persisted runner IDs block automatic reenrollment even when offline (0.1066ms)
  ✔ Factory policy paths are canonicalized against the checkout before persistence and launch (0.1079ms)
  ✔ Factory saved connection is retained and passed only as an explicit native option (0.2891ms)
  ✔ live source-ref changes use exact comparison for old and current records (0.1263ms)
  ✔ starter never deletes enrollment or credentials without an explicit reset/rotation guard (0.15ms)
  ✔ Compose operations are guarded by external-database selection (0.1714ms)
  ✔ stopper does not rediscover or terminate a descendant tree from saved PIDs (0.1053ms)
✔ local stack starter source guards (2670.6921ms)
✔ one checkout serializes commands while another checkout remains usable (6285.457ms)
✔ explicit restart nesting and failed operations release their native lock (5352.2565ms)
✔ an interrupted command does not leave a stale lock requiring manual cleanup (1991.9594ms)
✔ both supported entrypoints use the same operation boundary (31.9976ms)
✔ reported idle remains idle without a pending request (2.6996ms)
✔ reported starting remains starting without a pending request (0.2206ms)
✔ reported working remains working without a pending request (0.2004ms)
✔ reported blocked remains blocked without a pending request (0.1757ms)
✔ reported reviewing remains reviewing without a pending request (0.1695ms)
✔ reported offline remains offline without a pending request (0.1507ms)
✔ working station "read" projects reading (0.2527ms)
✔ working station "search" projects reading (0.207ms)
✔ working station " READ " projects reading (0.2103ms)
✔ working station "Search" projects reading (0.344ms)
✔ working station "test" projects working (0.1824ms)
✔ working station "build" projects working (0.1216ms)
✔ working station "review" projects working (0.0895ms)
✔ working station "research" projects working (0.1266ms)
✔ working station "bread" projects working (0.0868ms)
✔ working station "break" projects working (0.0895ms)
✔ working station "unknown-tool" projects working (0.0795ms)
✔ working station null projects working (0.0782ms)
✔ a stale station does not invent activity for a non-working agent (0.2916ms)
✔ a blocked agent needs an exact current-run approval match (0.2002ms)
✔ an exact current-run pending review is distinct from an action approval (0.1608ms)
✔ unrelated and prior-run pending requests cannot affect the current agent (0.2227ms)
✔ an approval stops affecting an agent as soon as its current run changes (0.1267ms)
✔ null and empty current-run IDs cannot acquire pending request state (0.1185ms)
✔ offline wins even when the recorded current run has both pending requests (0.1097ms)
✔ exact action approval takes precedence over exact review (0.1054ms)
✔ explicit current-run requests do not depend on a blocked display status (0.1123ms)
✔ projection does not mutate agents or request sets or infer state from identity text (1.0117ms)
✔ all eight states have distinct labels and factual descriptions (0.3999ms)
✔ roster ordering is stable by ID without mutating the source array (0.2985ms)
✔ renaming or changing activity does not move an existing roster to different seats (0.3474ms)
✔ 0 agents occupy exactly 0 studios without stacked seats (0.2665ms)
✔ 1 agents occupy exactly 1 studios without stacked seats (0.3082ms)
✔ 5 agents occupy exactly 1 studios without stacked seats (0.2123ms)
✔ 6 agents occupy exactly 1 studios without stacked seats (0.2398ms)
✔ 7 agents occupy exactly 2 studios without stacked seats (0.2288ms)
✔ 11 agents occupy exactly 2 studios without stacked seats (0.1339ms)
✔ 12 agents occupy exactly 2 studios without stacked seats (0.107ms)
✔ 13 agents occupy exactly 3 studios without stacked seats (0.0994ms)
✔ 17 agents occupy exactly 3 studios without stacked seats (0.0983ms)
✔ 18 agents occupy exactly 3 studios without stacked seats (0.0983ms)
✔ 19 agents occupy exactly 4 studios without stacked seats (0.0941ms)
✔ snapshot input reordering preserves page and seat assignment for 18 agents (0.2932ms)
✔ reordering across a partially filled page boundary preserves each agent seat (0.8962ms)
✔ studio dimensions and the six feet anchors match the renderer contract exactly (0.44ms)
✔ desk access never wraps overflow or invalid indexes onto occupied seats (0.881ms)
✔ all desk footprints stay above their chairs and never overlap another desk or decor (0.323ms)
✔ desk 0 has one finite arrival route clear of every workstation (0.4375ms)
✔ desk 1 has one finite arrival route clear of every workstation (0.1446ms)
✔ desk 2 has one finite arrival route clear of every workstation (0.1088ms)
✔ desk 3 has one finite arrival route clear of every workstation (0.0955ms)
✔ desk 4 has one finite arrival route clear of every workstation (0.0875ms)
✔ desk 5 has one finite arrival route clear of every workstation (0.0828ms)
✔ route and desk results do not expose shared mutable layout state (0.1378ms)
✔ pending native review distinguishes invalid artifact paths from invalid artifact IDs (62.4089ms)
✔ pending native intent survives acceptance changes and reviewed adoption replays one exact revision (59.818ms)
✔ pending intent cannot apply and generic native approval cannot authorize exact feedback (26.1543ms)
✔ reviewed feedback refuses adopter as reviewer before a revision (26.3442ms)
✔ reviewed feedback refuses producer as reviewer before a revision (28.9876ms)
✔ reviewed feedback refuses source requester as reviewer before a revision (23.394ms)
✔ reviewed feedback refuses rejected decision before a revision (22.9048ms)
✔ reviewed feedback refuses future decision before a revision (29.9982ms)
✔ reviewed feedback refuses decision before intent before a revision (27.3992ms)
✔ reviewed feedback refuses wrong note digest before a revision (34.8906ms)
✔ reviewed feedback refuses extra note prose before a revision (32.5795ms)
✔ reviewed feedback refuses ordinary human gate before a revision (26.2955ms)
✔ reviewed feedback refuses requester exclusion disabled before a revision (22.7997ms)
✔ native approval cannot excuse changed target task (34.035ms)
✔ native approval cannot excuse changed target version (25.7739ms)
✔ native approval cannot excuse changed source commit (28.8466ms)
✔ native approval cannot excuse changed artifact identity (29.454ms)
✔ native approval cannot excuse changed corpus bytes digest (22.9393ms)
✔ native approval cannot excuse changed selected rule digest (27.8732ms)
✔ native approval cannot excuse changed selected guidance (26.6756ms)
✔ native approval cannot excuse changed adopter identity (21.1969ms)
✔ native approval cannot excuse changed replacement effect (23.3436ms)
✔ native approval cannot excuse changed unknown authority field (25.7361ms)
✔ persisted verifier policy and automated evidence drift invalidate the intent independently of acceptance (68.8007ms)
✔ missing or contradictory native rows and capture drift fail closed (26.6952ms)
✔ reviewed apply rechecks the actual decision and preserves ambiguous outcomes and idempotency (38.8793ms)
✔ reviewed apply rejects altered intent bytes and expired proposal without native effects (24.3596ms)
✔ a changed post-effect review remains uncertain and cannot assert a verified binding (29.6163ms)
✔ review intent time bounds are revalidated during accepted-source reconstruction (20.9955ms)
✔ CLI native-review preparation, exact intent selection and apply keep separate raw and canonical hashes (122.2738ms)
✔ prepare is read-only and exposes the exact reference-only change for review (17.6996ms)
✔ an unprefixed objective stays candidate because native composition would change it (18.6464ms)
✔ native normalization fixed points retain description and objective exactly (23.5047ms)
✔ public identifiers and digest selectors reject coercible arrays and objects before effects (17.6114ms)
✔ time, timeout and trusted routing fields require their declared primitive types (21.4666ms)
✔ apply performs one native revision, preserves authority and never launches (20.0611ms)
✔ typed native file selection pins outer provenance and exact decoded corpus while preserving raw compatibility (44.1902ms)
✔ native typed unknown schema field is refused even with matching outer artifact digest (17.8421ms)
✔ native typed missing native schema field is refused even with matching outer artifact digest (13.8134ms)
✔ native typed coercible version is refused even with matching outer artifact digest (13.8366ms)
✔ native typed unsupported archive form is refused even with matching outer artifact digest (12.7431ms)
✔ native typed wrong base is refused even with matching outer artifact digest (12.2237ms)
✔ native typed wrong verifier is refused even with matching outer artifact digest (13.0624ms)
✔ native typed wrong head is refused even with matching outer artifact digest (13.2091ms)
✔ native typed bundle payload is refused even with matching outer artifact digest (14.7317ms)
✔ native typed patch checksum is refused even with matching outer artifact digest (16.0857ms)
✔ native typed patch noncanonical base64 is refused even with matching outer artifact digest (13.3013ms)
✔ native typed selected hash is refused even with matching outer artifact digest (13.1644ms)
✔ native typed selected byte count is refused even with matching outer artifact digest (13.9658ms)
✔ native typed selected file size bound is refused even with matching outer artifact digest (16.4432ms)
✔ native typed selected base64 is refused even with matching outer artifact digest (13.8911ms)
✔ native typed selected symlink is refused even with matching outer artifact digest (13.8639ms)
✔ native typed selected submodule is refused even with matching outer artifact digest (12.8949ms)
✔ native typed selected media is refused even with matching outer artifact digest (12.4887ms)
✔ native typed duplicate path is refused even with matching outer artifact digest (12.8331ms)
✔ native typed case alias is refused even with matching outer artifact digest (13.1866ms)
✔ native typed file directory conflict is refused even with matching outer artifact digest (17.4477ms)
✔ native typed traversal is refused even with matching outer artifact digest (18.9375ms)
✔ native typed absolute path is refused even with matching outer artifact digest (16.7402ms)
✔ native typed Windows stream is refused even with matching outer artifact digest (23.4917ms)
✔ native typed Windows device is refused even with matching outer artifact digest (14.4832ms)
✔ native typed trailing dot alias is refused even with matching outer artifact digest (19.2197ms)
✔ native typed coercible entry path is refused even with matching outer artifact digest (15.0643ms)
✔ native typed deleted selection is refused even with matching outer artifact digest (15.7905ms)
✔ typed path selection requires one exact safe file, source role and original outer bytes (24.3773ms)
✔ typed decoded corpus cannot substitute a different well-hashed file or retarget a reviewed proposal (33.3128ms)
✔ typed base64 padding bits are canonical even when permissive decoding preserves the correct bytes (18.912ms)
✔ same byte-pinned proposal replays its native key without adding guidance or a second revision (23.8465ms)
✔ lost response stays unknown with no automatic retry; exact replay reconciles it (28.1539ms)
✔ an HTTP400 after persistence stays unknown and same-key replay confirms one revision (23.6558ms)
✔ live Corp drift refuses before a request (16.257ms)
✔ live room drift refuses before a request (18.205ms)
✔ live mission drift refuses before a request (24.0665ms)
✔ live task drift refuses before a request (17.6272ms)
✔ live run drift refuses before a request (15.2545ms)
✔ live actor drift refuses before a request (16.0796ms)
✔ live source commit drift refuses before a request (14.8465ms)
✔ live verifier digest drift refuses before a request (14.764ms)
✔ live artifact digest drift refuses before a request (15.2265ms)
✔ an accepted receipt with incomplete bounded evidence remains candidate (14.6681ms)
✔ an observed manual gate must retain its native decision and decider (15.8169ms)
✔ missing native corpus evidence or mismatched actual bytes never borrows an unrelated accepted run (17.1812ms)
✔ typed envelopes, missing review bytes and requested independent review remain explicit candidates (17.1524ms)
✔ UTF-8 reference bounds do not silently truncate valid longer advisory guidance (14.1364ms)
✔ changed target ready status cannot be overwritten (18.462ms)
✔ changed target existing run cannot be overwritten (15.3505ms)
✔ changed target contract version cannot be overwritten (18.2376ms)
✔ changed target budget cannot be overwritten (16.259ms)
✔ changed target verifier cannot be overwritten (18.396ms)
✔ changed target source cannot be overwritten (20.5875ms)
✔ changed target source connection cannot be overwritten (20.8951ms)
✔ changed target tools cannot be overwritten (17.2427ms)
✔ changed target Corp cannot be overwritten (17.0567ms)
✔ changed target room cannot be overwritten (21.9695ms)
✔ changed target origin cannot be overwritten (21.8035ms)
✔ repinned unauthorized proposal changes cannot alter anything except selected references (40.0062ms)
✔ wrong proposal hash, edited corpus/review/receipt, future or expired proposal fails before POST (17.6739ms)
✔ expired selected guidance is not rescued by the remaining proposal lifetime (16.8597ms)
✔ expiry crossing during live prechecks is repeated immediately before mutation (16.2963ms)
✔ one total operation deadline cannot be renewed by a slow target precheck (228.7312ms)
✔ duplicate-key or reformatted proposal JSON cannot masquerade as the prepared byte representation (14.8362ms)
✔ source drift after successful mutation is accurately retained as applied (20.4219ms)
✔ source access loss after mutation is never mislabeled refusal-before-effects (20.3176ms)
✔ an HTTP error after a request is unknown without transaction-stage evidence and is not retried (16.0916ms)
✔ a contradictory successful response or changed native readback stays unknown (16.4375ms)
✔ exact native target projection refuses filtered context and preserves whole scope (14.4978ms)
✔ file input requires selected exact bytes and fails closed on an oversized or malformed input (24.9375ms)
✔ feedback file reads accumulate short native reads before validating bytes (6.8828ms)
✔ feedback file truncate during short reads fails without a hash pin (5.734ms)
✔ feedback file grow during short reads fails without a hash pin (5.5977ms)
✔ CLI preparation writes new review artifacts and an existing apply receipt refuses before network or effects (48.6936ms)
✔ CLI exits nonzero for refused adoption while preserving its JSON receipt (203.4571ms)
✔ CLI typed prepare explicitly selects the native file and apply has no path override (66.5812ms)
✔ retained native candidate cannot become saved-task guidance or a native revision (30.6439ms)
✔ forged locally activated native evidence cannot become saved-task guidance or a native revision (23.149ms)
✔ native evidence mixed into an activated typed artifact cannot become saved-task guidance or a native revision (28.6576ms)
✔ receipt whitelists metadata and distinguishes persisted acceptance from optional verifier digests (9.6912ms)
✔ native runner, model and ref metadata preserves valid punctuation, spaces, Unicode and UTF-8 limits (4.0983ms)
✔ native metadata keeps bounded invalid text and malformed source tuples out of receipts (19.3495ms)
✔ native source identity accepts uppercase hexadecimal commits and full bounded repository components (1.0857ms)
✔ published native refs and native MIME token punctuation are observed without a custom identifier alphabet (1.3568ms)
✔ historical evidence never borrows the current task verifier policy count (1.5996ms)
✔ conflicting or invalid run-bound check counts remain unknown (3.39ms)
✔ missing and duplicate check indices cannot establish completeness; malformed indices fail (0.9206ms)
✔ receipt rejects mismatched run Corp (0.5987ms)
✔ receipt rejects mismatched task Corp (0.4067ms)
✔ receipt rejects mismatched mission Corp (0.22ms)
✔ receipt rejects mismatched room Corp (0.2377ms)
✔ receipt rejects mismatched exact actor (0.1749ms)
✔ receipt rejects mismatched exact room (0.1514ms)
✔ receipt rejects mismatched exact mission (0.1945ms)
✔ receipt rejects mismatched evidence task (0.22ms)
✔ receipt rejects mismatched event room (0.233ms)
✔ receipt rejects mismatched partial source (0.2027ms)
✔ current-run rejects later same-task runs and tied times, retaining nanosecond ordering (1.4107ms)
✔ typed resume lineage requires same task and producer, and records unavailable ancestors honestly (3.1344ms)
✔ exact recovery count is run-bound; private policy and notes are omitted (1.0183ms)
✔ published-result binds its exact source artifact and hashes opaque source revisions (1.0535ms)
✔ published-result accepts an exact historical publication despite a later same-task run (1.1694ms)
✔ published-result refuses mismatched Factory mission (0.3824ms)
✔ published-result refuses mismatched deliverable task (0.3613ms)
✔ published-result refuses mismatched deliverable source base (0.3376ms)
✔ published-result refuses mismatched run deliverable digest (0.2523ms)
✔ published-result refuses mismatched publication run (0.2456ms)
✔ published-result refuses mismatched provenance mission (0.3957ms)
✔ published-result refuses mismatched provenance source issue (0.2737ms)
✔ published-result refuses mismatched provenance target (0.3642ms)
✔ published-result refuses mismatched recorded PR head (0.3347ms)
✔ published-result refuses mismatched recorded PR repository (0.2854ms)
✔ published-result refuses mismatched recorded PR provenance (0.3773ms)
✔ byte verification rejects tampering and each missing or conflicting native response boundary (1.6819ms)
✔ receipt validator rejects extra content, contradictory acceptance, and mixed origin/artifact roles (5.5027ms)
✔ fingerprint tolerates observation timestamps and detects selected source, contract and artifact drift (3.3228ms)
✔ compiled native MCP export performs two captures and downloads only selected-origin artifact IDs (915.7503ms)
✔ artifact retention selection is bounded before reading host configuration (1.0524ms)
✔ compiled native evidence retains only explicitly selected verified bytes and preserves public receipt schema (1956.5206ms)
✔ compiled native evidence rejects an unowned artifact selection before any artifact download (66.0124ms)
✔ compiled native evidence never returns retained bytes from a tampered artifact or changed source (214.7403ms)
✔ compiled native exporter keeps opaque runner/model/ref metadata out of every request route (148.0304ms)
✔ compiled native export rejects state drift during its artifact read (143.2731ms)
✔ compiled native export rejects mismatched context before downloading artifacts (77.9038ms)
✔ compiled native export refuses artifact redirects without forwarding credentials (79.2902ms)
✔ compiled native export rejects oversized bodies and withholds HTTP error content (174.5631ms)
✔ compiled native export bounds a stalled exact-context body by its whole-operation timeout (1007.7639ms)
✔ receipt CLI writes a create-only metadata file and a compact redacted summary (1025.1722ms)
✔ owned server requires matching executable, creation, endpoint, and workspace (2.4428ms)
✔ manual, remote, stale, or non-owned manifests never authorize restart (0.7109ms)
✔ Windows retains legacy timestamp tolerance and case-insensitive paths (0.3653ms)
✔ legacy Windows identity callers remain supported without weakening explicit checks (1.6046ms)
✔ Linux requires the exact boot/PID/start-tick, executable, cwd/root, and socket binding (2.995ms)
✔ Linux rejects malformed, legacy-Windows, and changed receipts (0.6281ms)
✔ every existing manual port remains denied on Windows and Linux and all loopback hosts (0.9397ms)
✔ remote, credentialed, missing-port, and malformed-scope endpoints fail closed (0.4876ms)
✔ only a complete scoped JSON object is a process receipt (0.5599ms)
✔ proc stat parses the final comm parenthesis and preserves 64-bit start ticks (0.8556ms)
✔ proc stat rejects wrong PID, truncated fields, malformed state, and invalid ticks (0.4081ms)
✔ Linux listener proof intersects the exact port and LISTEN state with PID-owned inodes (1.0324ms)
✔ malformed or unavailable proc network input supplies no ownership authority (0.4421ms)
✔ artifact recovery overrides are child-only and match native numeric bounds (0.6291ms)
✔ probe requires explicit scope and forwards only its scoped credential environment (4.1942ms)
✔ probe summary contains collection counts, never snapshot data or private paths (0.5938ms)
✔ probe permits HTTP only for normalized canonical loopback origins and requires HTTPS elsewhere (8.8664ms)
✔ recovery probe reports only native metadata and never infers missing capability or exposes policy (0.8882ms)
✔ recovery probe rejects malformed work-item IDs before spawning any gateway (0.9219ms)
✔ compiled recovery probe rejects impossible native numeric metadata and preserves exhausted authority (535.5221ms)
✔ compiled recovery tool makes exactly the selected authorized GET in both modes (137.7691ms)
✔ compiled recovery probe selects one context without reading the broad snapshot or exposing private fields (79.7844ms)
✔ compiled recovery tool refuses malformed IDs, extra scope or effect arguments before HTTP (120.5282ms)
✔ compiled recovery tool rejects mismatched Corp or work-item responses (231.0164ms)
✔ compiled recovery probe preserves authorization and not-found failures without private diagnostics (196.4154ms)
✔ compiled recovery inspection never follows redirects in either gateway mode (134.5613ms)
✔ compiled recovery inspection caps HTTP bodies even in the legacy write-capable gateway mode (148.6021ms)
✔ compiled read-only MCP completes the real stdio handshake and makes only one scoped GET (78.1633ms)
✔ compiled MCP ignores notifications and denies mutating calls before HTTP while preserving the default catalog (131.2302ms)
✔ compiled MCP keeps malformed omitted-ID objects silent and effect-free (read-only) (59.1088ms)
✔ compiled MCP keeps malformed omitted-ID objects silent and effect-free (unrestricted) (63.4752ms)
✔ compiled probe withholds API error content and enforces its whole-probe timeout (1092.7171ms)
✔ compiled read-only inspection rejects redirects without contacting a second origin (137.1174ms)
✔ compiled read-only startup requires every routing variable before serving even initialization (204.2402ms)
✔ compiled read-only flag rejects command-line tokens (split option, CLI only) (53.9269ms)
✔ compiled read-only flag rejects command-line tokens (split option, CLI plus environment) (53.8454ms)
✔ compiled read-only flag rejects command-line tokens (equals option, CLI only) (58.2056ms)
✔ compiled read-only flag rejects command-line tokens (equals option, CLI plus environment) (57.7603ms)
✔ compiled read-only flag accepts only the environment token and exposes the restricted catalog (66.5868ms)
✔ compiled read-only environment rejects command-line tokens (split option, CLI only) (58.2373ms)
✔ compiled read-only environment rejects command-line tokens (split option, CLI plus environment) (53.3727ms)
✔ compiled read-only environment rejects command-line tokens (equals option, CLI only) (58.5736ms)
✔ compiled read-only environment rejects command-line tokens (equals option, CLI plus environment) (52.459ms)
✔ compiled read-only environment accepts only the environment token and exposes the restricted catalog (65.1012ms)
✔ compiled unrestricted MCP preserves legacy CLI token precedence (split option) (129.6234ms)
✔ compiled unrestricted MCP preserves legacy CLI token precedence (equals option) (134.3746ms)
✔ compiled native read-only HTTP body rejects oversized declared length before end (200) (75.9822ms)
✔ compiled native read-only HTTP body rejects streamed overflow before end (200) (127.3613ms)
✔ compiled native read-only HTTP body rejects oversized declared length before end (403) (67.4219ms)
✔ compiled native read-only HTTP body rejects streamed overflow before end (403) (104.2761ms)
✔ compiled native HTTP body accepts the inclusive read-only limit and preserves unrestricted transport (662.7037ms)
✔ compiled native HTTP body preserves small successful and error response behavior (450.5953ms)
✔ withholds all six source ACKs for each of two native automatic attempts (4.3613ms)
✔ holds all quality ACK duplicates to the same 8-second deadline, preserving bytes (1.4918ms)
✔ gameplay and integration pass source ACKs unchanged (0.5915ms)
✔ native resume passes ACKs and does not consume a third automatic attempt (0.3734ms)
✔ non-source ACK, heartbeat, credential rotation, approval and lifecycle are opaque passthrough (0.5702ms)
✔ rejects foreign or unproven run, Corp and hash before fault decisions (1.6087ms)
✔ assignment rebinding cannot swap a different task, scope or command kind (0.8742ms)
✔ late-ACK release sends one exact original old-run frame once without retagging (1.5773ms)
✔ refuses manual-stack, wrong-repository and missing opt-in config (1.4772ms)
▶ real loopback WebSocket wiring: native schema, ordered forwarding, reconnection and redaction
  ▶ isolated concurrent fixture 1
    ✔ synthetic endpoints require live ownership without relaxing config guards (16.6653ms)
    ✔ persisted owner/name schema binds and stop cannot overtake a pending assignment (61.1735ms)
    ✔ upload byte transparency, ACK withholding and metadata non-disclosure (51.7898ms)
    ✔ a stale snapshot/close callback cannot bind, send or close the replacement connection (137.943ms)
  ✔ isolated concurrent fixture 1 (816.581ms)
  ▶ isolated concurrent fixture 2
    ✔ synthetic endpoints require live ownership without relaxing config guards (12.0548ms)
    ✔ persisted owner/name schema binds and stop cannot overtake a pending assignment (61.9919ms)
    ✔ upload byte transparency, ACK withholding and metadata non-disclosure (51.4823ms)
    ✔ a stale snapshot/close callback cannot bind, send or close the replacement connection (137.1133ms)
  ✔ isolated concurrent fixture 2 (401.2667ms)
✔ real loopback WebSocket wiring: native schema, ordered forwarding, reconnection and redaction (818.8047ms)
✔ relocated doctor checks declared tools through native version commands without leaking ambient secrets or installing (1254.8191ms)
✔ wrong node version produces a failing CLI result (1186.1648ms)
✔ wrong pnpm version produces a failing CLI result (1231.8784ms)
✔ wrong rustc version produces a failing CLI result (1240.9035ms)
✔ wrong cargo version produces a failing CLI result (1175.1978ms)
✔ missing package manager fails without falling back to another host command (901.816ms)
✔ failed component probes suppress raw stdout and stderr (1127.5266ms)
✔ unrecognized version output is rejected without echoing the command response (1187.3773ms)
✔ an unavailable pinned rustup toolchain fails instead of installing or selecting stable (1138.094ms)
✔ already selected direct Rust binaries can be verified without rustup (1153.4226ms)
✔ invalid .node-version declaration fails before any command runs (version) (164.3241ms)
✔ invalid package.json declaration fails before any command runs (version) (159.7969ms)
✔ invalid rust-toolchain.toml declaration fails before any command runs (floating Rust) (159.0999ms)
✔ invalid rust-toolchain.toml declaration fails before any command runs (component) (193.8118ms)
✔ unsupported CLI arguments fail before probing tools (198.7196ms)
ℹ tests 1248
ℹ suites 0
ℹ pass 1248
ℹ fail 0
ℹ cancelled 0
ℹ skipped 0
ℹ todo 0
ℹ duration_ms 54868.3288
