$ node --test --test-concurrency=2 --test-timeout=180000 "apps/web/src/**/*.test.mjs" "tools/*.test.mjs"
✔ editor preserves its accessible control names, preview hook, and all six check choices (48.8502ms)
✔ switching check types resets their incompatible fields and retains the rest of the policy (8.5348ms)
✔ every check-field callback retains the selected variant and unchanged checks (15.1006ms)
✔ adding and removing checks preserves tab selection, including external policy shrink and the empty state (19.149ms)
✔ the 16-check add button limit and oversized-policy feedback are retained (11.9129ms)
✔ manual-gate transitions retain default role ordering, requester exclusion, and explicit removal (12.3977ms)
✔ preview keeps exact check order, manual-role labels, heading overrides, and requester-exclusion guidance (2.7046ms)
✔ Factory exact-run navigation replaces a remembered newer outcome before mission remount (5.6472ms)
✔ run navigation ignores the duplicate activity marker in a hidden Factory tab (14.9541ms)
✔ artifact navigation chooses its exact producer while mission-only navigation preserves the current choice (1.2596ms)
✔ unavailable run/task/mission cannot overwrite remembered evidence or open another run (3.4395ms)
✔ storage failure or obsolete viewer fails closed before navigation (2.3942ms)
✔ explicit navigation writes only the selected viewer scope and only the run identity (1.4144ms)
✔ reload keeps the decided run instead of the other pending review or a newer worker (2.1771ms)
✔ remembered evidence is scoped to the API server, Corp, actor and mission (0.5462ms)
✔ missing remembered work never silently substitutes another visible review (0.3765ms)
✔ unreadable or malformed stored context requires explicit selection, not the next review (0.5724ms)
✔ a first visit is distinct from unreadable history; failed writes do not throw (0.5079ms)
✔ only the selected run ID is stored; reviews and authority never enter browser persistence (1.4582ms)
✔ MissionCard scopes remounts, pins initial evidence and fails closed when persistence fails (12.2334ms)
✔ issue210 only the explicit server flag adds correction to a native checkpoint (4.0718ms)
✔ issue210 verifier availability is independent of correction and missing availability preserves legacy behavior (1.2753ms)
✔ issue210 revision source is the exact server-selected verifier, with no cross-item fallback (0.7644ms)
✔ only native proof plus its cancellation marker exposes source-only checkpoint verification (0.3852ms)
✔ a running checkpoint needs no cancellation repair, and ordinary verification failure stays compatible (0.3228ms)
✔ missing/tampered source, checkpoint, head, active recovery or terminal outcome offers no new recovery (0.5026ms)
✔ context requests are not recovery grants and never depend on inferred mission spend/status (0.3276ms)
✔ copied command binding retains the saved connection and never falls back on malformed metadata (0.3538ms)
✔ actual presentation selects the endpoint source, not the newest visible run or mission cancellation (129.2136ms)
✔ issue210 presentation separates provider-free verification from a budgeted same-session fix (33.4891ms)
✔ issue210 source-only and unavailable checkpoint presentations never suggest generic recovery (47.1007ms)
✔ actual context loader is GET-only and admits the exact item/version/mission checkpoint (60.3925ms)
✔ actual context loader rejects stale/cross-scope and malformed flags without snapshot fallback (228.6344ms)
✔ issue210 actual loader accepts boolean correction flags and defaults missing legacy authority closed (69.4704ms)
✔ issue210 exact loader retains true, false and missing checkpoint availability without granting another mode (60.1345ms)
✔ actual UI action copies only explicit checkpoint verification with the original scope/connection (234.5913ms)
✔ issue210 actual correction action retains the original CLI route, source and connection (417.5692ms)
✔ issue210 actual card drops correction authority immediately when item, version or actor changes (422.0361ms)
✔ issue210 actual contract submission uses the scoped verifier, not its provider ancestor (82.5838ms)
✔ issue210 editor loading, errors, stale context and denied correction cannot fall back or submit (299.2104ms)
✔ issue210 ordinary contract resume, redispatch and requester/role boundaries stay intact (130.9578ms)
✔ issue210 actual source-only context copies correction and revises the exact verifier; no-mode context does neither (280.7204ms)
✔ actual resume handler and rendered provider control respect native recovery blocking (12.9302ms)
✔ actual App Resume control survives an ineligible ordinary Factory recovery lookup and uses the native actor-bound POST (397.7105ms)
✔ issue221 explicit provider-correction permission permits null head without granting checkpoint or generic resume (1.3903ms)
✔ issue221 actual context reader retains null head/current provider proof and malformed heads remain non-actionable (472.9361ms)
✔ issue221 actual copy/revision actions use only source correction for the latest failed provider with null head (382.0775ms)
✔ wrong-first legacy Project 174 cannot displace the selected live lab controller (2.455ms)
✔ every Project/repository/Corp component must match, even with an active-item pointer (0.5088ms)
✔ GitHub owner/repository case and surrounding whitespace normalize independently (0.3281ms)
✔ missing/malformed scope is neutral rather than an empty-scope match (0.3428ms)
✔ the exact active item wins among live controllers in the same scope (0.3607ms)
✔ a current live scope match wins over a stale offline active-item pointer (0.3072ms)
✔ with only offline matches, retain the exact item rather than crossing scope (0.3485ms)
✔ without an item, prefer useful live intake in the current Corp (0.4148ms)
✔ empty/no-match and unavailable explicit selections never borrow another controller (0.4138ms)
✔ heartbeat freshness and stable ID break ties without using array order or mutating inputs (1.9774ms)
✔ snapshot refresh and selected scope changes return the exact new ID/version object (0.3608ms)
✔ the actual FactoryPanel resolver feeds displayed state and both action callbacks (21.2944ms)
✔ the actual component guards controller actions, retains role gating and passes the same callback (15.2186ms)
✔ the actual API action handler targets the resolved controller ID and version for all actions (92.0042ms)
✔ the production handler preserves the existing ID-scoped idempotency/version on a lost response (27.6715ms)
✔ primary_rate_limit has a reader-facing reason and an automatic future retry (34.1168ms)
✔ secondary_rate_limit has a reader-facing reason and an automatic future retry (1.1492ms)
✔ graphql_quota has a reader-facing reason and an automatic future retry (0.8135ms)
✔ github_unavailable has a reader-facing reason and an automatic future retry (0.8402ms)
✔ quota, cost and timestamps come from the snapshot, not derived or default budgets (1.4618ms)
✔ equivalent offset timestamps have the same local retry time and boundary (1.3403ms)
✔ at or after the retry deadline, waiting is not presented as a successful retry (1.5888ms)
✔ zero remaining, limit, query cost and failures remain real zeros (0.999ms)
✔ paused desired state wins without rewriting controller health or promising a retry (1.8309ms)
✔ offline health wins over polling metadata, including an elapsed retry (1.7459ms)
✔ paused and offline together retain both conditions and existing paused precedence (0.8772ms)
✔ absent legacy polling leaves the old strip intact and never fabricates a wait (0.3353ms)
✔ missing or malformed backoff data is unavailable, never zero or an invented deadline (0.4877ms)
✔ invalid values are not coerced to numbers or dates and unknown reasons are not rendered raw (2.396ms)
✔ partial quota data preserves observed zeros while missing fields remain unavailable (0.4656ms)
✔ healthy telemetry does not infer a backoff from a zero quota or failure count (0.6614ms)
✔ UI integration remains read-only, accessible, and uses existing controller controls (17.7677ms)
✔ line normalization preserves argument boundaries, literal punctuation, and duplicate values (2.8991ms)
✔ role entry supports commas and CRLF without silently deduplicating or authorizing roles (0.5495ms)
✔ mission projection retains exact task, runner and human control attribution (4.2465ms)
✔ foreign tasks and same-ID foreign-Corp runners cannot supply collaboration state (0.3226ms)
✔ offline retains work without advertising live control or termination (0.4299ms)
✔ connecting retains work without advertising live control or termination (0.3551ms)
✔ a failed snapshot refresh retains exact work without advertising live controls (0.4432ms)
✔ invalid snapshot receipt NaN cannot advertise live controls (0.2793ms)
✔ invalid snapshot receipt Infinity cannot advertise live controls (0.2695ms)
✔ invalid snapshot receipt 0 cannot advertise live controls (0.1874ms)
✔ invalid snapshot receipt -1 cannot advertise live controls (0.3236ms)
✔ expired/malformed lease 2026-09-16T11:59:00Z cannot claim a controller (0.5426ms)
✔ expired/malformed lease 2026-09-16T12:00:00Z cannot claim a controller (0.2868ms)
✔ expired/malformed lease bad cannot claim a controller (0.2021ms)
✔ verifying has recorded evidence but no provider controls (0.2443ms)
✔ completed has recorded evidence but no provider controls (0.1317ms)
✔ lost has recorded evidence but no provider controls (0.1836ms)
✔ cancelled has recorded evidence but no provider controls (0.1364ms)
✔ a provider-free run and a superseded agent assignment expose no live controls (0.3491ms)
✔ runner grace and offline remain distinct; neither supplies human presence (0.2461ms)
✔ review links bind exact run/task and explain role and requester exclusion (0.5977ms)
✔ missing and historical identities never become fabricated named owners or current controllers (0.2629ms)
✔ draft cache survives surface remounts but never crosses Corp/actor/room/mission (0.4133ms)
✔ actual component navigation only requests exact context; rendering sends no commands (13.5677ms)
✔ actual disconnected component retains readable evidence with an explicit warning (1.7151ms)
✔ actual failed-refresh component distinguishes stale data from a disconnected transport (1.5271ms)
✔ actual component rejects missing receipt freshness and restores controls after a successful refresh (6.0356ms)
✔ App preserves main snapshot metadata and exact-run navigation while passing numeric receipt freshness (6.4897ms)
✔ App embeds existing scoped discussion and pins evidence before exact-run navigation (2.2986ms)
✔ late completion notifies remounted composers without clearing a newer or same-text draft (0.6283ms)
✔ late operation acknowledgment cannot clear a replacement idempotency key (180.1246ms)
✔ actual App selection never substitutes another mission after the selected record disappears (117.2046ms)
✔ actual briefing navigation has a visible destination for legacy empty descriptions (98.2806ms)
✔ verification checks do not change launch intent (1.9057ms)
✔ review navigation cannot turn its click into a form submission (0.4311ms)
✔ ordinary application setup cannot silently fall back to the fake runtime (0.7153ms)
✔ composer uses two clear steps and starts with an empty goal (0.4149ms)
✔ advanced settings and detailed requirements are optional disclosures (1.1145ms)
✔ closing setup preserves the draft and returns to existing mission context (0.8731ms)
✔ explicit links to existing work reveal it without erasing an open draft (0.6846ms)
✔ native creation and explicit held-plan behavior remain unchanged (0.2789ms)
✔ review keeps the exact source and current server-derived allocation visible (0.6625ms)
✔ scope requires four explicit bounded identities and cannot mutate after submission (3.3902ms)
✔ current origin binds the exact view instance, not just equal IDs (0.5102ms)
✔ read issues exactly one encoded, uncached GET with cancellation and no body (12.4412ms)
✔ Direct accepts only exact returned linkage and drops unexpected hidden fields (1.4695ms)
✔ Factory retains only the validated work item, repository, issue number and exact URL (121.4426ms)
✔ all four response identities must echo the bound request exactly (45.0273ms)
✔ missing, malformed and older origin responses never become Direct (2.4433ms)
✔ Factory fields are required and null or missing metadata is never partly accepted (2.9363ms)
✔ Factory rejects invalid work-item identities, repository paths and issue numbers (3.3685ms)
✔ only the raw HTTPS GitHub issue URL matching returned repository and number is accepted (4.1733ms)
✔ mixed-case owner/repository URLs match normalized identity and retain display case (1.7208ms)
✔ valid case-preserving repositories and positive safe issue numbers remain verbatim (0.9699ms)
✔ old endpoints, denied authorization and transport failures stay unavailable without raw errors (1.5898ms)
✔ a synchronous API failure is contained and clears the read timer (0.6096ms)
✔ timeout aborts an unsettled read and suppresses both late success and late failure (1.2198ms)
✔ a settled success or failure cannot be overwritten by an already queued timeout (0.9356ms)
✔ cancellation before the scheduled read prevents even the GET (1.0266ms)
✔ in-flight cancellation ignores transports that resolve or reject after abort (0.903ms)
✔ component reads once for a valid view and renders truthful Direct copy in one styled paragraph (15.6353ms)
✔ component links only a fully validated Factory response, not extra returned fields (3.4145ms)
✔ all four operating roles may read; guests, spectators and unknown roles never request context (8.6908ms)
✔ invalid or absent scope props render the conservative fallback without requesting (12.2729ms)
✔ failed exact reads preserve #185 positive or unknown fallback without inventing links or hiding failure (13.9325ms)
✔ a failed origin lookup can be retried explicitly without changing the work identities (7.3042ms)
✔ Corp, actor, room and mission changes hide old success and errors before effect cleanup (14.5952ms)
✔ late success and errors from a replaced request cannot update the current component (12.4321ms)
✔ leaving and returning to identical IDs cannot revive an earlier success or failure (4.436ms)
✔ same-ID reopened pending requests ignore the original response and error after current denial (4.6642ms)
✔ a guest transition revokes displayed source data and returning operators must read again (4.6128ms)
✔ operating-role and API changes also invalidate old privileged context (2.8822ms)
✔ unmount cancels the read and a fresh mount with identical IDs cannot inherit its outcome (2.7962ms)
✔ one builder preserves the complete current creation payload and retained settings (3.5854ms)
✔ provider defaults, supported reasoning and commit-branch semantics match submission (0.4143ms)
✔ existing deterministic fixture semantics are not converted into provider settings (0.3446ms)
✔ scope freezes the exact serialized body and rejects an actor mismatch (0.8396ms)
✔ every request field, Corp and actor invalidate an earlier quote (1.3123ms)
✔ preview debounces, uses the exact creation body, and calls only the read-only preview POST (7.9258ms)
✔ an edit or closing the composer before debounce starts no request (0.4972ms)
✔ an invalidated request is aborted and cannot publish a late successful quote (1.6979ms)
✔ late errors after actor/Corp change or unmount cannot replace the new preview (1.2764ms)
✔ editing away and back still requires a fresh request, not a revived quote (1.1327ms)
✔ allocations are displayed verbatim from the server, not a frontend Studio formula (0.8711ms)
✔ missing or mismatched quote fields never become a current allocation (1.9002ms)
✔ an absent preview endpoint gives a useful failure state without inventing allocations (1.4382ms)
✔ preview response is bounded to eight tasks without reallocating server budgets (1.0643ms)
✔ unknown, self, duplicate and oversized dependency references remain unknown allocations (1.0895ms)
✔ retry clears an old failure immediately and can accept a fresh quote (1.82ms)
✔ timeout clears the quote, aborts the request and ignores a late response (1.1194ms)
✔ App shares the request body, invalidates keyed preview instances and retains native Launch (5.6042ms)
✔ mission selection and Discuss use the authoritative non-first owning room (2.2734ms)
✔ mission, task, run and artifact deep links resolve to the same owning room (0.5098ms)
✔ an explicit room deep link and all-discussion view stay in that room (0.2814ms)
✔ stale, missing and older mission/room projections never fall back to the first room (1.911ms)
✔ related work is limited to the selected room and mission, not a fixed item count (2.1437ms)
✔ messages are room-filtered before mission links and out-of-order reply ancestry (0.9913ms)
✔ valid room, mission and inherited reply submissions retain the same scope (0.7362ms)
✔ stale actor, Corp, room and mission scopes cannot submit or complete a newer draft (0.5314ms)
✔ a disappearing mission or owning room fences previously valid submissions (0.4567ms)
✔ foreign, missing or stale links and replies cannot silently become general comments (0.7112ms)
✔ guest-shaped and missing Factory projections do not establish Direct origin (0.9369ms)
✔ a mission older than the 500-item Factory window remains origin-unknown (0.4704ms)
✔ a positively matched visible Factory item retains its issue attribution (0.2199ms)
✔ known publication/recovery linkage is generic when intake details are unavailable (0.5568ms)
✔ projection helpers preserve the authoritative input and do not retain hidden origin data (0.3773ms)
✔ the UI uses the tested projection and submission helpers on both discussion entry paths (18.6607ms)
✔ scope requires every explicit identity and repository and freezes the view generation (4.8933ms)
✔ the exact scope object, not equal IDs or a prior A -> B -> A view, selects the load (0.6385ms)
✔ one encoded GET is uncached, abortable and body/header/credential free (11.8361ms)
✔ published DTO retains only bound result metadata and leaves raw input untouched (2.2756ms)
✔ only explicit null publication in a correctly scoped response is known absence (3.7661ms)
✔ item and publication scope mismatches never expose links or known absence (9.8909ms)
✔ publication source issue matches the work item without equating authorizer, revisions or checkpoint generations (1.6099ms)
✔ publication and artifact identity tuples plus full digests must all match (2.737ms)
✔ missing, duplicate and unrelated-first deliverables cannot substitute a result (1.0811ms)
✔ native provenance identity, source/target branches and digests are checked without retaining authority (5.0818ms)
✔ raw GitHub PR URLs allow native slash suffixes but retain exact repository and number checks (5.5142ms)
✔ owner/repository display case is preserved while full hex values compare by bytes (0.8646ms)
✔ PR state, exact head, owner, recorded metadata and phase cannot contradict each other (2.1594ms)
✔ download metadata rejects controls, external/native paths, malformed hashes and invalid sizes (9.8627ms)
✔ pending, PR-created, published and failed publication are distinct without claiming a live app (3.2803ms)
✔ only a different valid pinned run is a mismatch; same-run contradictions stay unavailable (1.066ms)
✔ loading, denied and stale contexts cannot become a result or known absence (3.0275ms)
✔ denials, missing endpoints and sync/async transport failures stay unavailable without raw errors (1.4945ms)
✔ timeout aborts and suppresses late successes and failures without retries (1.0414ms)
✔ queued timeout callbacks cannot overwrite a settled success, absence or denial (0.7129ms)
✔ cancellation before start issues no GET; in-flight cancellation publishes no late data (0.7011ms)
✔ new same-ID generation remains unavailable after denial despite a prior response completing later (0.7611ms)
✔ requester summary does not ask for a forbidden independent decision (4.368ms)
✔ wrong-role summary explains the existing role requirement (2.2296ms)
✔ eligible independent reviewer keeps the review invitation (1.7424ms)
✔ human gate without requester exclusion still allows the requester (1.8502ms)
✔ completed result does not inherit a pending-review restriction (1.8211ms)
✔ fresh human-only bootstrap can select a runner runtime before any crew exists (2.7503ms)
✔ retired and legacy identities neither enable nor suppress advertised runtimes (0.3252ms)
✔ studio requires the exact selected source on a connected runner, not another repository (0.5045ms)
✔ source repository and commit matching are case-insensitive but ref matching is exact (0.2969ms)
✔ unavailable runtimes and non-runtime capabilities are not mission options (1.3535ms)
✔ catalog merging prefers an enabled model without changing the source snapshot (0.5545ms)
✔ unscoped status and crew include ready connection-bound runtimes, but dispatch keeps its exact binding (0.9387ms)
✔ studio always selects Copilot even when another runtime was requested (0.1929ms)
✔ studio does not fall back to another provider or an unavailable Copilot runtime (0.402ms)
✔ solo selection and deterministic fixtures retain their runtime contracts (0.4006ms)
✔ a disappearing explicit runtime cannot silently switch provider with stale model settings (0.1945ms)
✔ studio uses enabled Copilot model settings or an explicit provider default (0.2359ms)
✔ fixtures ignore hidden provider model settings (0.1228ms)
✔ normal UI bootstrap opts out of seeded crew without changing fixture tooling (14.0768ms)
✔ runtime character descriptors match the shipped manifest, PNG dimensions, and original file bytes (54.5181ms)
✔ named characters and stable worker identities retain their appearance across reordered snapshots (0.989ms)
✔ numeric roster positions wrap without producing missing characters, and invalid numbers use the default (0.3232ms)
✔ walking uses the original three poses in a 0,1,2,1 cycle at the 150ms boundaries (0.6529ms)
✔ idle, typing, reading and facing use the actual source-sheet rows and columns (0.4462ms)
✔ invalid or negative animation time selects the first pose without invalid source coordinates (0.2598ms)
✔ every animation and direction remains inside a real sheet after long-running animation (0.5586ms)
✔ default floor distinguishes connected workers from offline and test registrations (2.5961ms)
✔ omitted and null retirement fields keep legacy and mission identities available (0.2281ms)
✔ every non-null retirement excludes an identity regardless of pin, date, or reported work (0.3816ms)
✔ retired identity remains resolvable in the unmodified historical snapshot (1.4144ms)
✔ retiring the selected agent falls back to current crew, including the empty-roster case (0.3298ms)
✔ pagination filters retirement before assigning seats without mutating order (0.5682ms)
✔ idle does not become working or reviewing from a stale station or pending run request (0.4124ms)
✔ working and blocked status still derive from exact server state and current-run requests (0.2535ms)
✔ #154: a selected worker on a later studio is located on initial mount and selection changes (0.4915ms)
✔ #154: studio lookup follows retirement repagination, not stale seat indexes (0.547ms)
✔ #154: manual paging survives snapshots, but another selected agent resets page and zoom (0.5472ms)
✔ #154: retirement moving the selected agent to a different page resets the camera (0.3056ms)
✔ #154: mounting or remounting the same starting run never fabricates an arrival (0.2598ms)
✔ #154: only an observed new active run can animate once, and reduced motion wins (0.2624ms)
✔ #154: blocked work takes recovery priority over both idle and ordinary active work (0.3516ms)
✔ #154: exact approvals keep priority, and only an unblocked empty floor offers new work (0.1925ms)
✔ history inspectors retain the full snapshot while the floor uses current identities (16.2213ms)
✔ Factory activity prioritizes the exact outcome review, then tool approval, before newer work (4.2971ms)
✔ selection ignores terminal, denied and foreign tool approvals without inventing a run (0.4282ms)
✔ terminal runs cannot become reviewable or active from dangling pending decision records (30.7955ms)
✔ live task, agent, control, timestamps and safe activity come from one scope without mutation (1.4494ms)
✔ a stale Running intake never claims that a cancelled provider is active (0.9782ms)
✔ pending exact-run outcome review is distinct from an active provider and completion (0.6544ms)
✔ tool authority and unavailable decision context do not become outcome approval (1.5607ms)
✔ a completed run is not automatically a completed mission or published application (1.0406ms)
✔ retained data cannot claim current execution: {"connection":"offline"} (0.8488ms)
✔ retained data cannot claim current execution: {"connection":"connecting"} (1.1453ms)
✔ retained data cannot claim current execution: {"snapshotFailed":true} (0.649ms)
✔ retained data cannot claim current execution: {"snapshotReceivedAt":null} (0.476ms)
✔ grace, offline and wrong-Corp runner records cannot establish provider liveness (2.1099ms)
✔ runner loss and uncertain teardown remain unknown until a positive termination receipt (1.4769ms)
✔ verifier-only runs never appear as a running model (0.7041ms)
✔ quarantine and protected stops stay prominent even with stale transport (1.7634ms)
✔ failed verification, cancelled work and unknown execution modes remain explicit (1.1552ms)
✔ missing, duplicate or foreign task context cannot fall back to another run (0.8288ms)
✔ activity is scoped, deduplicated, ordered, bounded and never reveals raw payloads (2.7514ms)
✔ missing start, invalid clocks and backwards timestamps do not invent a duration (1.006ms)
✔ expired leases and foreign attribution do not display an active controller (1.1351ms)
✔ actual React detail component reuses current classes, native disclosure and escaped text (20.172ms)
✔ the Factory integration uses the existing exact-run selector, scoped snapshot and old callbacks (3.2182ms)
✔ a burst of 1000 streamed events schedules one snapshot instead of 1000 requests (2.7365ms)
✔ events arriving during a request produce exactly one trailing snapshot (5.9498ms)
✔ the final event during the trailing request is not dropped (1.252ms)
✔ disposing before a scheduled refresh prevents any fetch (0.5943ms)
✔ disposing an actor/Corp scope aborts its request and drops trailing work (2.6268ms)
✔ refresh failures are handled and a later event can still refresh (1.2051ms)
✔ a disposed scope does not report an obsolete aborted read as a new UI error (1.128ms)
✔ websocket events use the coalescer and cleanup cancels its read scope (5.6635ms)
✔ initial connection is bounded, cancellable and offers retry rather than mission restart (5.1826ms)
✔ actual App presence polling only runs for open connection-dependent views, without reconnecting the event socket (271.7781ms)
✔ artifact defaults retain the current wire shape and do not share mutable values (3.2846ms)
✔ file defaults retain the current wire shape and do not share mutable values (0.2426ms)
✔ command defaults retain the current wire shape and do not share mutable values (0.3091ms)
✔ test defaults retain the current wire shape and do not share mutable values (0.2456ms)
✔ json_schema defaults retain the current wire shape and do not share mutable values (1.4067ms)
✔ screenshot defaults retain the current wire shape and do not share mutable values (0.1976ms)
✔ check summaries preserve paths, argument boundaries, byte floors, JSON keys, and rounded timeouts (24.3012ms)
✔ array summaries distinguish item boundaries and preserve exact argument and key values (0.5121ms)
✔ byte-counted summaries use singular byte only for the one-byte floor (0.4708ms)
✔ empty and oversized policies remain invalid, with the 16-check boundary accepted (0.7205ms)
✔ invalid byte floor 0 is reported for every byte-counted check (0.4863ms)
✔ invalid byte floor -1 is reported for every byte-counted check (0.1252ms)
✔ invalid byte floor NaN is reported for every byte-counted check (0.1709ms)
✔ invalid byte floor Infinity is reported for every byte-counted check (0.203ms)
✔ validation preserves check order and reports missing paths, programs, timeout bounds, and JSON keys (0.4895ms)
✔ manual gates require allowed roles without changing requester-exclusion semantics (0.3597ms)
✔ preserves the existing advisory-validator scope; server schema/path authorization remains authoritative (0.7316ms)
✔ check transformations create new drafts while retaining unchanged evidence checks and gate identity (0.3846ms)
✔ gate transitions preserve checks and retain current deliberate resets even when reselecting a gate type (0.2432ms)
✔ verification labels retain their current wording and fallback formatting (0.2875ms)
✔ WorkResultCard exposes its status and supplied content with metadata collapsed by default (16.5808ms)
✔ ready PR retains its exact URL and only an explicit download invokes the matching callback (15.9285ms)
✔ loading, unavailable and no-publication states do not fabricate a PR or perform actions (6.3546ms)
✔ a historical review mismatch changes selection only through explicit Go to delivered result (4.2402ms)
✔ an unavailable delivered-run target preserves the historical selection and only offers refresh (264.9075ms)
✔ a failed publication with a recorded PR remains inspectable without being labeled Published (8.2571ms)
✔ Published is not merged or deployed and its collapsed details never invent a running preview (9.7508ms)
✔ expired artifact retention does not hide an existing PR or replace server download validation (18.3164ms)
✔ actual hook hides prior result before cleanup and aborts on each exact scope change (54.4006ms)
✔ actual hook fences late success and failure before cleanup and after replacement (22.0842ms)
✔ actual hook close and reopen with identical IDs cannot revive old ready or pending data (25.8268ms)
✔ actual hook treats positive revision as one refresh hint and never retries failure on render (57.1861ms)
✔ actual App origin-unavailable branch offers manual Refresh work context with no PR CTA (16.6576ms)
✔ actual App first-hop retry exposes the authorized result without moving pinned evidence (32.9356ms)
✔ actual App fallback reports unavailable review details for an unresolved run or request (20.0661ms)
✔ actual work pickers retain a deep-linked historical mission outside the recent eight (119.5124ms)
✔ actual work pickers do not duplicate a recent selection or invent an absent mission (91.5706ms)
✔ related work includes the third mission, task, run and artifact (2.7714ms)
✔ work links name the actual work rather than presenting only opaque IDs (0.3336ms)
✔ related options deduplicate repeated snapshot references (0.3414ms)
✔ mission discussion retains nested replies, including out-of-order snapshots (2.9755ms)
✔ task, run and artifact comments inherit the owning mission only (0.4813ms)
✔ unlinked cycles and missing ancestors cannot manufacture mission context (0.382ms)
✔ context helpers leave authoritative messages and work objects unchanged (0.3859ms)
✔ work selection follows the owning authorized mission and rejects unknown links (0.464ms)
✔ human review and automated verification are not advertised as live model sessions (0.4895ms)
✔ enterprise task labels explain the legacy studio lane keys (0.5036ms)
✔ review eligibility explains requester exclusion without bypassing the policy (0.6632ms)
✔ a pending evidence review selects its run rather than a newer active worker (0.4103ms)
✔ a tool-approval wait cannot hide a different pending evidence review (0.1939ms)
✔ review selection rejects mismatched tasks, terminal runs and non-pending requests (0.3004ms)
✔ explicit evidence selection stays bound to that run and cannot inherit another review (0.3695ms)
✔ unselected evidence follows remaining reviews and retains snapshot order without mutation (0.3137ms)
✔ a decided run remains selected until the operator deliberately chooses the next review (0.1712ms)
✔ mission UI binds evidence and decisions and pins the target before submitting (17.7421ms)
✔ runner revision is stable for reordered equivalent records without sorting the input (3.7187ms)
✔ runner revision ignores heartbeat, display and capability churn (0.2545ms)
✔ runner revision changes only when lifecycle identity or presence records change (0.3008ms)
✔ offline presence requests revalidation without rewriting endpoint readiness (0.3434ms)
✔ reconnect mismatch remains a hint until the endpoint itself returns ready presence (0.3668ms)
✔ unknown presence is false and same-ID foreign runners cannot supply presence (1.0941ms)
✔ presence hints never promote or erase native sign-in and installation states (0.7477ms)
✔ revision and presence helpers leave source, models, identity and selection immutable (0.7124ms)
✔ saved choice and source remain present while its machine is offline (0.4247ms)
✔ ready metadata alone cannot borrow another connection or source for dispatch (0.5838ms)
✔ connection UI identity is scoped to actor and room (0.3094ms)
✔ native sign-in instructions cannot navigate to another host or credential-bearing URL (0.3771ms)
✔ accepts matching current contracts, aliases, CRLF and historical prose outside markers (94.3196ms)
✔ rejects added source validation command and reports expected and actual (83.9828ms)
✔ rejects removed source validation command and reports expected and actual (80.7272ms)
✔ rejects reordered source validation command and reports expected and actual (68.8658ms)
✔ rejects changed documented commands; correcting the documented sequence restores passing (121.8486ms)
✔ accepts quoted literal Node globs through aliases while preserving quoted versus shell-expanded arguments (123.8426ms)
✔ rejects a source SDK bump until both current compatibility docs are updated (94.2868ms)
✔ rejects a source CLI bump until both current compatibility docs are updated (100.2439ms)
✔ rejects missing opening marker instead of silently dropping a required documentation contract (72.7202ms)
✔ rejects missing closing marker instead of silently dropping a required documentation contract (76.0107ms)
✔ rejects duplicate block instead of silently dropping a required documentation contract (79.8596ms)
✔ rejects reversed markers instead of silently dropping a required documentation contract (74.2032ms)
✔ rejects inline marker instead of silently dropping a required documentation contract (68.0797ms)
✔ requires every current runtime contract and a single SDK and CLI claim inside each (68.4357ms)
✔ rejects missing root alias in the authoritative command sequence (85.1745ms)
✔ rejects cyclic root aliases in the authoritative command sequence (79.2688ms)
✔ rejects shell pipeline in the authoritative command sequence (72.796ms)
✔ rejects quoted shell expansion in the authoritative command sequence (74.2464ms)
✔ rejects empty command in the authoritative command sequence (74.0283ms)
✔ rejects unsupported alias arguments in the authoritative command sequence (83.9489ms)
✔ rejects unknown documented aliases and malformed command fences (71.0157ms)
✔ reports missing required documents and an invalid source manifest without silently skipping them (75.3935ms)
✔ fails closed for unconstrained SDK dependency (75.3239ms)
✔ fails closed for SDK pin in wrong table (68.4609ms)
✔ fails closed for duplicate SDK declaration (68.5889ms)
✔ fails closed for missing named runtime constant (88.4058ms)
✔ fails closed for duplicate runtime constant (81.1115ms)
✔ relocated CLI resolves its own repository, executes no documented command, and exits nonzero for drift (468.044ms)
✔ checkpoint fixture produces a complete, independently tested local application (479.819ms)
✔ read-only executable hashing accepts Cargo/Git hardlinks without relaxing source isolation (30.8774ms)
✔ exact terminal metadata produces actionable failure and missing-evidence findings using GET only (26.0069ms)
✔ listed artifact is run-scoped metadata and never establishes content or attempt verification (2.9469ms)
✔ refuses active parent (0.943ms)
✔ refuses wrong repository (0.5685ms)
✔ refuses foreign head repository (0.6806ms)
✔ refuses different workflow (0.5187ms)
✔ refuses different head (0.4915ms)
✔ refuses different attempt (0.4548ms)
✔ refuses job from other attempt (0.7933ms)
✔ refuses job from other head (1.0178ms)
✔ refuses duplicate job (0.7907ms)
✔ refuses unfinished job (0.6095ms)
✔ refuses foreign artifact (0.6817ms)
✔ refuses excess artifacts (1.9736ms)
✔ complete bounded job pagination is required and supported (13.5729ms)
✔ pagination total drift and final run drift refuse a completed observation (2.3518ms)
✔ expired artifacts and unexplained parent failure remain reviewable rather than passing (1.6507ms)
✔ same-source replay is a no-op; changed facts retain revisions and mark no-longer-observed findings (5.2534ms)
✔ previous hash tampering refuses before network reads (0.3822ms)
✔ forged previous findings fail integrity or semantic reconstruction; source changes require a new scope (4.7091ms)
✔ newer prior observations and attempts do not flow backward (4.8814ms)
✔ secret-bearing fields and supplied links never enter a receipt or executable Markdown (1.5137ms)
✔ native read budget rejects alternate endpoints, oversized metadata and late responses (1.5992ms)
✔ omitting all required jobs cannot turn one replacement success job into a complete maintenance result (1.1926ms)
✔ required skipped job needs review even when an earlier run artifact is listed (1.1419ms)
✔ required neutral job needs review even when an earlier run artifact is listed (0.9929ms)
✔ failed GETs consume the finite shared admission budget without retries (1.3766ms)
✔ CLI writes new bounded files and refuses output reuse; failures retain no raw API error (64.7366ms)
✔ hosted context binds default observer branch, event and exact parent; local mode makes no hosted claim (29.3296ms)
✔ CLI accepts only bounded exact selection and a complete prior pin (0.859ms)
✔ CI workflow: exact Windows runner failure produces a scoped read-only handoff (2.3905ms)
✔ CI workflow: complete successful jobs need only their own declared report artifacts (1.5706ms)
✔ CI workflow: required artifact-free jobs remain required and must execute (1.3663ms)
✔ Repository checks retains its published contract and previous-receipt no-op semantics (2.7806ms)
✔ CI completeness refuses skipped artifact-free required jobs (3.5997ms)
✔ CI completeness refuses neutral artifact-free required jobs (2.7459ms)
✔ CI completeness rejects replacement jobs and requires only CI report metadata (2.6038ms)
✔ CI observation is not a parent-pass claim and does not inspect diagnostic artifacts (1.5814ms)
✔ workflow profiles cannot reuse each other's receipts even at the same source (5.8716ms)
✔ CI identity refuses unknown workflow path (0.5043ms)
✔ CI identity refuses workflow-ID substitution (0.3962ms)
✔ CI identity refuses workflow-name substitution (0.6275ms)
✔ CI identity refuses workflow-path substitution (0.4095ms)
✔ CI identity refuses foreign repository (0.3376ms)
✔ CI identity refuses fork head repository (1.4906ms)
✔ CI identity refuses wrong source head (0.3394ms)
✔ CI identity refuses wrong attempt (0.3371ms)
✔ CI identity refuses active CI parent (0.3328ms)
✔ reader allowlist admits exactly the two workflow metadata routes (0.5865ms)
✔ hosted CI event binds workflow identity to the selected native parent (85.6888ms)
✔ workflow trigger keeps trusted observer checkout and read-only scopes for both producers (16.8142ms)
✔ consumer rereads native state using trusted routing and tolerates only observation timing changes (9.7581ms)
✔ consumer refuses task contract revision drift in a fresh observation (2.3403ms)
✔ consumer refuses source base commit drift in a fresh observation (2.5599ms)
✔ consumer refuses verifier digest drift in a fresh observation (2.2178ms)
✔ consumer refuses another actor scope drift in a fresh observation (2.1195ms)
✔ explicit run and mode selections fail before contacting a server (0.9682ms)
✔ denied or unavailable current data does not fall back to a previously passing receipt (0.5769ms)
✔ a matching failed native outcome cannot be consumed as accepted completion (0.9715ms)
✔ file consumption requires the exact expected byte hash and a bounded valid receipt (60.9877ms)
✔ receipt file reads accumulate short native reads before validating bytes (44.8086ms)
✔ receipt file truncate during short reads fails before parsing (9.143ms)
✔ receipt file grow during short reads fails before parsing (17.3371ms)
✔ framed stat metadata survives arbitrary chunk boundaries without payload disclosure (3.3316ms)
✔ unrelated RPCs and read-file contents are not recorded (1.6093ms)
✔ a response ID type change is visible without recording identifier values (0.5801ms)
✔ oversized frames are skipped without parsing nested payload text as requests (0.5838ms)
✔ optional wire observation forwards exact bytes and drains the child (800.215ms)
✔ a matching request needs a durable rejection and settled run (2.1653ms)
✔ terminal provider without permission is inconclusive, never a pass (2.7013ms)
✔ a rejected but unrelated permission does not satisfy the requested boundary (0.2761ms)
✔ approval acceptance, expiry or missing persisted decision cannot pass (0.4675ms)
✔ a decision or final run from another identity is rejected (0.3794ms)
✔ a provider that has not settled cannot pass the boundary (0.2684ms)
✔ all independent boundary results are required for complete coverage (1.8568ms)
✔ later passing cases remain visible after an earlier inconclusive case (0.422ms)
✔ duplicate, unknown and malformed results cannot manufacture complete coverage (1.9026ms)
✔ accepts an exact seed and credential-free children of the owned runner (6.8136ms)
✔ a marker elsewhere or an arbitrary GITHUB_TOKEN is not a proven seed (1.8667ms)
✔ absent, ambiguous or foreign runner seed records cannot establish the precondition (2.2672ms)
✔ runner seed booleans must be explicit, not truthy or absent (1.6743ms)
✔ missing spawn and undefined parent IDs cannot accidentally correlate (0.5468ms)
✔ runner spawn must be unique, current and tied to the owned observer (1.5321ms)
✔ a seed observed only after runner spawn cannot prove the launch precondition (0.4195ms)
✔ missing or foreign provider observations cannot satisfy the required count (1.6992ms)
✔ a wrong-parent provider is rejected rather than silently filtered out (0.6341ms)
✔ provider identity and absence booleans must be explicit and valid (1.988ms)
✔ missing ownership and zero or malformed minimums never allow a vacuous pass (1.0842ms)
✔ actual successful relative, absolute and round-trip view results are required (2.6845ms)
✔ provider self-report and final file existence are not native-read evidence (1.4624ms)
✔ a missing absolute read or readback cannot pass (1.5597ms)
✔ missing-file errors and successful-but-wrong content remain failures (0.7955ms)
✔ wrong-session or conflicting tool results cannot manufacture evidence (1.8335ms)
✔ an external path with the same filename is not the assigned seed (0.4448ms)
✔ an incomplete stream is explicitly incomplete, not successful empty coverage (0.3221ms)
✔ runner observation proves the synthetic credential was inherited (427.7343ms)
✔ a missing seed fails before starting a runner (203.4974ms)
✔ provider observation confirms removal before invoking the real binary (340.1147ms)
✔ an inherited provider credential fails before any provider execution (195.3842ms)
✔ a marker under another key cannot hide a missing runner GITHUB_TOKEN seed (205.5427ms)
✔ a different token plus an unrelated marker cannot manufacture an exact runner seed (189.7536ms)
✔ a provider token other than the canary is still rejected before child execution (185.7532ms)
✔ a provider canary under another key remains a failing credential boundary (175.1166ms)
✔ uninvoked production modules remain in the coverage denominator with zero hits (23.1754ms)
✔ missing production files cannot produce a passing partial coverage result (0.8711ms)
✔ duplicate and out-of-scope files cannot inflate the denominator (2.0853ms)
✔ missing, duplicate and impossible native counts are rejected (0.9945ms)
✔ truncated records are never accepted as completed coverage evidence (0.4329ms)
✔ zero available branches are reported as not applicable instead of fabricated 100 percent (0.4432ms)
✔ issue195 public receipt binds parent binaries, pinned runtime identity, and distinct task source (12.4495ms)
✔ explicit current fixture hash, suspend tokens, and missing-artifact switch normalize without disk reads (1.9591ms)
✔ rebuilt server/runner receipt hashes and an explicit rebuilt CLI hash remain valid and bound (6.7678ms)
✔ all required options are explicit; help is inert (2.4206ms)
✔ every duplicate value option and duplicate boolean switch fails closed (3.7843ms)
✔ unknown targets, positionals, missing operands, and equals-form options are rejected (1.3427ms)
✔ configuration rejects old issue190 (0.4122ms)
✔ configuration rejects string issue number (0.296ms)
✔ configuration rejects parent rather than candidate code (0.3553ms)
✔ configuration rejects runtime commit used as task source (0.6322ms)
✔ configuration rejects unpinned source ref (0.3696ms)
✔ configuration rejects another runner (0.2915ms)
✔ configuration rejects unowned receipt (0.7679ms)
✔ configuration rejects not-running supervisor (0.7171ms)
✔ configuration rejects missing owner (0.5857ms)
✔ configuration rejects invalid owner (0.495ms)
✔ configuration rejects changed code checkout (0.8147ms)
✔ configuration rejects changed source checkout (0.2419ms)
✔ configuration rejects changed worktree root (0.234ms)
✔ configuration rejects invalid server digest (0.3744ms)
✔ configuration rejects invalid runner digest (0.4849ms)
✔ configuration rejects executable substitution (0.5934ms)
✔ configuration rejects binary outside owned bin (0.5486ms)
✔ configuration rejects missing public process (0.3877ms)
✔ configuration rejects wrong process role (0.607ms)
✔ configuration rejects wrong process workspace (0.6922ms)
✔ configuration rejects invalid process pid (0.6844ms)
✔ configuration rejects invalid process start (0.582ms)
✔ synthetic VerifyRun evidence distinguishes awaiting independent review from accepted completion (19.7871ms)
✔ forced commit_branch export rejection is a named failure, never archive bypass or approval (4.8377ms)
✔ missing-required-provider-Artifact negative shares the native checks without inventing bytes (5.3089ms)
✔ assessRecovery refuses original usage rewritten (5.0338ms)
✔ assessRecovery refuses original output history changed (4.4094ms)
✔ assessRecovery refuses provider-attempt counter reset (4.006ms)
✔ assessRecovery refuses provider-attempt maximum changed (3.0638ms)
✔ assessRecovery refuses source incident changed (3.9224ms)
✔ assessRecovery refuses checkpoint authority absent (4.1651ms)
✔ assessRecovery refuses different context source (3.5266ms)
✔ assessRecovery refuses budget reset hidden in context (3.0164ms)
✔ assessRecovery refuses another native recovery (3.1363ms)
✔ assessRecovery refuses source-correction instead of verification (3.9756ms)
✔ assessRecovery refuses recovery contract revision (3.6825ms)
✔ assessRecovery refuses changed recovery reason (2.7385ms)
✔ assessRecovery refuses weakened replacement policy (2.9461ms)
✔ assessRecovery refuses new provider session (3.4867ms)
✔ assessRecovery refuses allocated model tokens (3.9418ms)
✔ assessRecovery refuses allocated model cost (3.66ms)
✔ assessRecovery refuses consumed input tokens (2.9553ms)
✔ assessRecovery refuses consumed output tokens (3.9012ms)
✔ assessRecovery refuses consumed model cost (4.1781ms)
✔ assessRecovery refuses different workspace root run (3.1152ms)
✔ assessRecovery refuses replacement workspace not preserved (3.1098ms)
✔ assessRecovery refuses replacement fingerprint changed (3.281ms)
✔ assessRecovery refuses invented provider artifact (4.295ms)
✔ assessRecovery refuses provider event outside snapshot window (3.7436ms)
✔ assessRecovery refuses native command acknowledgment missing (3.8009ms)
✔ assessRecovery refuses missing native app check (3.1437ms)
✔ assessRecovery refuses evidence kind mismatch (3.8988ms)
✔ assessRecovery refuses independent-review self-approval (3.5308ms)
✔ assessRecovery refuses accepted run before gate decision (5.0135ms)
✔ assessRecovery refuses missing factory completion event (4.0746ms)
✔ assessRecovery refuses empty source deliverable (5.6449ms)
✔ assessRecovery refuses wrong deliverable provenance (4.0479ms)
✔ download validation uses in-memory bytes and checks payload digests without claiming a browser test (4.8356ms)
✔ configuration refuses target http://localhost:18574 (0.3514ms)
✔ configuration refuses target https://127.0.0.1:18574 (0.1206ms)
✔ configuration refuses target http://127.0.0.1:18574/ (0.1059ms)
✔ configuration refuses target http://127.0.0.1:18575 (0.096ms)
✔ configuration refuses target http://127.0.0.1:8791 (0.1664ms)
✔ configuration refuses target http://127.0.0.1:18574/api (0.2041ms)
✔ configuration refuses target http://127.0.0.1:18574?x=1 (0.2372ms)
✔ configuration refuses target http://example.invalid:18574 (0.186ms)
✔ configuration refuses target http://user:password@127.0.0.1:18574 (0.1762ms)
✔ configuration refuses target http://[::1]:18574 (0.1726ms)
✔ absolute path and owned-output boundaries reject aliases, devices, UNC, ADS, and root reuse (4.5986ms)
✔ explicit independent reviewer, valid digest, and bounded numeric options are mandatory (6.9705ms)
✔ reports expose hashes and constrained identity, never receipt metadata or provider output (2.3877ms)
✔ saved report cannot adopt changed authority, extra fields, or identities without prior intent (6.7069ms)
✔ baseline and journal never consult the bounded snapshot.events window (40.9049ms)
✔ baseline preserves every pre-existing missions record (1.9229ms)
✔ baseline preserves every pre-existing tasks record (1.1062ms)
✔ baseline preserves every pre-existing runs record (1.0953ms)
✔ baseline preserves every pre-existing factory_work_items record (1.4181ms)
✔ baseline preserves every pre-existing factory_verification_recoveries record (1.1927ms)
✔ baseline preserves every pre-existing verification_evidence record (1.1004ms)
✔ baseline preserves every pre-existing verification_requests record (1.4903ms)
✔ baseline preserves every pre-existing source_deliverables record (1.3346ms)
✔ baseline preserves every pre-existing mission_contract_revisions record (2.0105ms)
✔ baseline preserves every pre-existing mission_budget_revisions record (1.3722ms)
✔ baseline preserves every pre-existing action_approvals record (1.4858ms)
✔ baseline preserves every pre-existing circuit_breaker_incidents record (1.7429ms)
✔ baseline permits additive rows and events while forbidding live work and missing history tables (2.968ms)
✔ journal requires exact Ready watermark, ordered unique same-Corp events, and bounded count (1.2777ms)
✔ buildPlan is deterministic, fresh, output-owned, and mirrors one ready synthetic issue (1.879ms)
✔ factory argv remains pinned and recovery only appends the exact checkpoint mode and recorded reason (2.2453ms)
✔ persisted app, base-file, exact hash command and independent-review checks cannot be replaced by Artifact (10.7165ms)
✔ checkpoint digests use Rust field order, preserve app policy, and retain forced commit_branch authority (1.1451ms)
✔ invokeFactory uses only injected child I/O, a bounded timeout, and a non-inherited environment (1.3495ms)
✔ invokeFactory never retries an uncertain execution or logs raw stdout/stderr (2.7505ms)
✔ explicit Windows assessment preserves historical paths on every host (4.504ms)
✔ default host assessment still rejects foreign path namespaces (1.7954ms)
✔ assessOriginal binds native stop from full replay, not snapshot.events (2.1478ms)
✔ assessOriginal binds native suspend from full replay, not snapshot.events (2.8019ms)
✔ assessOriginal rejects provider attempt increment without accepting or replacing work (2.0275ms)
✔ assessOriginal rejects attempt ceiling revision without accepting or replacing work (1.2666ms)
✔ assessOriginal rejects current budget revision without accepting or replacing work (1.2396ms)
✔ assessOriginal rejects original budget rewrite without accepting or replacing work (1.1859ms)
✔ assessOriginal rejects persisted hash verifier removal without accepting or replacing work (1.2058ms)
✔ assessOriginal rejects manual gate weakening without accepting or replacing work (1.4514ms)
✔ assessOriginal rejects contract source replacement without accepting or replacing work (1.2512ms)
✔ assessOriginal rejects write scope replacement without accepting or replacing work (1.1926ms)
✔ assessOriginal rejects archive bypass of forced commit_branch without accepting or replacing work (1.2355ms)
✔ assessOriginal rejects provider secret authority without accepting or replacing work (1.2061ms)
✔ assessOriginal rejects extra provider run without accepting or replacing work (1.1663ms)
✔ assessOriginal rejects extra task without accepting or replacing work (1.7484ms)
✔ assessOriginal rejects changed factory owner without accepting or replacing work (0.9876ms)
✔ assessOriginal rejects changed issue revision without accepting or replacing work (1.0651ms)
✔ assessOriginal rejects wrong assigned runner without accepting or replacing work (1.206ms)
✔ assessOriginal rejects producer reviewing itself without accepting or replacing work (1.274ms)
✔ assessOriginal rejects source-checkout execution without accepting or replacing work (1.4312ms)
✔ assessOriginal rejects quarantined checkpoint without accepting or replacing work (1.2722ms)
✔ assessOriginal rejects loop-counter change without accepting or replacing work (1.2047ms)
✔ assessOriginal rejects rewritten usage without accepting or replacing work (1.3628ms)
✔ assessOriginal rejects invented provider artifact without accepting or replacing work (1.225ms)
✔ assessOriginal rejects checkpoint missing without accepting or replacing work (1.9256ms)
✔ assessOriginal rejects checkpoint policy digest changed without accepting or replacing work (1.4976ms)
✔ assessOriginal rejects provider still alive without accepting or replacing work (1.7275ms)
✔ assessOriginal rejects budget command not acknowledged without accepting or replacing work (1.5298ms)
✔ assessOriginal rejects budget incident missing without accepting or replacing work (1.4429ms)
✔ assessOriginal rejects previously recorded run missing without accepting or replacing work (1.3017ms)
✔ assessOriginal rejects accepted provider progress hidden before snapshot window without accepting or replacing work (1.1167ms)
✔ suite pauses for native browser review by default and only observes external approval on continuation (70.6842ms)
✔ suite retains native forced-commit export failure and performs no review, download, or policy bypass (27.6642ms)
✔ suite missing-Artifact negative is explicit rejection, not verified delivery or fabricated provider evidence (25.7386ms)
✔ --continue cannot create a baseline or begin an unrecorded mutation (11.1133ms)
✔ unknown create response is never retried; continuation times out without adopting replacement work (48.9575ms)
✔ lost create response reconciles the exact item/run, but --continue cannot authorize recovery (18.0421ms)
✔ lost recovery response binds the recorded replacement; continuation only pauses for its exact browser gate (38.2524ms)
✔ external browser approval completes exact recorded work without retries or erasing earlier failure history (70.8695ms)
✔ suite never mutates when independent reviewer is missing (6.9753ms)
✔ suite never mutates when independent reviewer is not human (7.147ms)
✔ suite never mutates when independent reviewer is unauthorized role (5.2511ms)
✔ suite never mutates when independent reviewer is guest (4.3587ms)
✔ suite never mutates when independent reviewer is wrong Corp (4.6528ms)
✔ failed intent persistence or changed parent inputs prevents the corresponding native effect (27.3293ms)
✔ a colliding synthetic item without saved create intent is never adopted or mutated (7.3005ms)
✔ wrong physical base bytes stop before recovery; tampered downloads stop without another attempt (57.8634ms)
✔ --continue fails closed when recorded work disappears, with no new mission or native retry (51.4356ms)
✔ explicit browser-review flag preserves the default two-step flow without a scripted-review mode (22.1727ms)
✔ browser-review pause cannot be continued with substituted gate identities or reviewer (17.2699ms)
✔ production I/O exposes no review POST and confines injected requests to exact GET routes (38.3017ms)
✔ runtime factory adapter never retries an ambiguous injected CLI call (1.6377ms)
✔ server-upgrade option is explicit, continue-only, and confined to the owned runtime directory (21.0954ms)
✔ server-only upgrade retains the original binding/failure and separately records server provenance read-only (39.0415ms)
✔ upgrade rejects runner/web/CLI changes, a mismatched old binding, and conflicting server provenance (22.7437ms)
✔ same-verifier native checkpoint re-attestation accepts a real run_id-only VerificationRequest (3.771ms)
✔ checkpoint re-attestation cannot target another run, duplicate an ACK, or permit provider usage (5.1907ms)
✔ strict phase parsing and explicit opt-in (7.0451ms)
✔ reject manual/default/aliased ports, credentials, ambiguous URLs and mismatched environment before API access (7.7756ms)
✔ verification is GET-only and no phase can call decision/reset/bootstrap/foreign-Corp routes (3.0429ms)
✔ prepare → newer approved → isolated replay observation → explicit older approval → automatic synthesis (122.7658ms)
✔ lost create response adopts exact marker without sending a second create (26.1668ms)
✔ unknown create that never arrived fails closed, never creates a replacement (3.6314ms)
✔ lost revision response replays the exact native UUID and preserves only two revisions (59.2045ms)
✔ lost launch response recovers exact root IDs by readback, never dispatches again (32.1264ms)
✔ wrong source/pinned staffing/non-quiescent fixture rejected before any POST (2.7644ms)
✔ cannot skip intermediate observation or approve the older run first (69.0807ms)
✔ exact reviewer attribution, artifact binding and no second decision are enforced (107.4701ms)
✔ duplicate decision event and journal rollover cannot pass as replay isolation (72.0697ms)
✔ checkpoint fixture mismatch and modified pre-existing rows are rejected (48.6399ms)
✔ failed artifact download is rechecked on prepare resume without more POSTs (25.8154ms)
✔ linux: native unavailable admission is a verified refusal, not provider success (409.3468ms)
✔ darwin: native unavailable admission is a verified refusal, not provider success (337.3294ms)
✔ Windows: an unavailable provider remains a failure (308.91ms)
✔ Unix: accidentally accepting an unsupported provider fails the contract (334.1994ms)
✔ Unix: an unrelated admission failure cannot stand in for containment refusal (386.9753ms)
✔ Unix: a refusal with a persisted run is rejected (388.1865ms)
✔ Unknown runner platforms fail before resetting a fixture (206.6794ms)
✔ A Linux expectation cannot conceal an unavailable Windows runner (238.0201ms)
✔ Unknown reported runner OS fails before creating provider work (259.2738ms)
✔ An owned child stuck on HTTP is reaped before fixture cleanup (2045.2464ms)
✔ explicit CLI and parent runtime receipt reuse retain owner/source/process binding (9.575ms)
✔ additive request changes only the fixture case, keeps native 5000 authority and no delivery/resume (0.9772ms)
✔ shared client sends exact additive create/launch bodies without retries or extra routes (38.4025ms)
✔ pure native trace accepts actual ACK before failure/termination without prescribing that order (9.6545ms)
✔ pure native trace accepts actual ACK between failure/termination without prescribing that order (3.946ms)
✔ pure native trace accepts actual ACK after failure/termination without prescribing that order (2.5454ms)
✔ pure evidence rejection: missing actual artifact rejection (2.1569ms)
✔ pure evidence rejection: unrelated failure (1.6513ms)
✔ pure evidence rejection: termination before failure is not the race (2.8509ms)
✔ pure evidence rejection: missing termination is not success (2.309ms)
✔ pure evidence rejection: missing ACK remains unproven (1.844ms)
✔ pure evidence rejection: wrong command correlation (1.7656ms)
✔ pure evidence rejection: wrong ACK runner (1.7516ms)
✔ pure evidence rejection: foreign session event scope (1.215ms)
✔ pure evidence rejection: non-native event attribution (2.3926ms)
✔ pure evidence rejection: wrong native event identity (1.2826ms)
✔ pure evidence rejection: rewritten failure summary (1.2928ms)
✔ pure evidence rejection: agent still assigned (1.1252ms)
✔ pure evidence rejection: task resurrected (1.1215ms)
✔ pure evidence rejection: mission resurrected (1.341ms)
✔ pure evidence rejection: accepted artifact metadata (1.2283ms)
✔ pure evidence rejection: late accepted completion even if snapshot says failed (1.2961ms)
✔ pure evidence rejection: accepted artifact even outside bounded snapshot.events (1.4516ms)
✔ pure evidence rejection: verification event is forbidden (1.1193ms)
✔ pure evidence rejection: uncertain teardown is forbidden (1.1902ms)
✔ pure evidence rejection: accepted evidence record (1.7204ms)
✔ pure evidence rejection: budget revision (1.0902ms)
✔ pure evidence rejection: replacement run (0.9056ms)
✔ pure evidence rejection: source substitution (0.5345ms)
✔ pure evidence rejection: verification-only execution cannot attest a provider (0.495ms)
✔ pure evidence rejection: usage must be exactly two 3000-token increments (1.2112ms)
✔ invalid native termination payload cannot pass (null) (1.0708ms)
✔ invalid native termination payload cannot pass ([]) (1.1262ms)
✔ invalid native termination payload cannot pass ({}) (1.0442ms)
✔ invalid native termination payload cannot pass ({"adapter":"other"}) (0.9958ms)
✔ invalid native termination payload cannot pass ({"provider_process_alive":true}) (1.1943ms)
✔ invalid native termination payload cannot pass ({"provider_process_alive":"false"}) (1.1612ms)
✔ invalid native termination payload cannot pass ({"outcome":"verified"}) (1.2202ms)
✔ invalid native termination payload cannot pass ({"message":""}) (1.0769ms)
✔ invalid native termination payload cannot pass ({"message":1}) (1.0136ms)
✔ invalid native termination payload cannot pass ({"message":"xxxxxxxxxxxxxxxxxxxxxxxxxxxxxxxxxxxxxxxxxxxxxxxx) (1.5269ms)
✔ invalid native termination payload cannot pass ({"message":"untrusted\ntext"}) (1.9407ms)
✔ invalid native termination payload cannot pass ({"message":"
"}) (1.1089ms)
✔ invalid native termination payload cannot pass ({"credential":"PRIVATE_PROVIDER_CONTENT_OR_ASSIGNMENT_TOKEN_) (0.8842ms)
✔ all native terminal outcomes and absent optional message are valid telemetry, not accepted completion (4.9065ms)
✔ one additive case checkpoints and announces intent/IDs, retains history, and waits for quiet readback (38.028ms)
✔ passed same-case continuation recomputes proof with zero further mutations (35.5393ms)
✔ createLost: failure preserves exact intent, continuation never retries an attempted POST (20.5249ms)
✔ createUnknown: failure preserves exact intent, continuation never retries an attempted POST (3.2675ms)
✔ launchLost: failure preserves exact intent, continuation never retries an attempted POST (18.3971ms)
✔ launchUnknown: failure preserves exact intent, continuation never retries an attempted POST (3.0023ms)
✔ bounded live failure leaves the original run live, IDs and intent intact, with no replacement (55.4646ms)
✔ missing late telemetry is a bounded failure with actual ACK order, not a race claim (32.7493ms)
✔ natural later telemetry/finalization can settle without rewriting terminal state or historical events (21.1931ms)
✔ settling cannot hide changed terminal run summary (8.3688ms)
✔ settling cannot hide changed terminal task (8.8848ms)
✔ settling cannot hide changed terminal mission (6.6932ms)
✔ settling cannot hide changed terminal agent (6.8735ms)
✔ settling cannot hide changed old run (8.2478ms)
✔ settling cannot hide changed old agent (7.0843ms)
✔ settling cannot hide changed old journal prefix (9.0139ms)
✔ settling cannot hide changed original failure event (7.1391ms)
✔ saved report cannot substitute receipt, native authority, source, or erase baseline after an effect (3.3993ms)
✔ report save uses exclusive lock, private synced temp and atomic rename; refuses implicit overwrite (3.8526ms)
✔ stale locks are never stolen and failed saves retain original report and orphaned temp (1.5896ms)
✔ report cannot replace receipt; bounded reads reject links, hardlinks and inode swaps before reading (1.6047ms)
✔ CLI is explicit, non-ambient, duplicate/unknown flags fail (6.6391ms)
✔ explicit parent runtime metadata aligns without opening any named process/log/source (5.5391ms)
✔ rejects protected/manual API port 5187 (0.5105ms)
✔ rejects protected/manual API port 5291 (0.2905ms)
✔ rejects protected/manual API port 8791 (0.3905ms)
✔ rejects protected/manual API port 8793 (0.295ms)
✔ rejects protected/manual API port 8991 (0.3011ms)
✔ rejects protected/manual API port 15191 (0.4266ms)
✔ rejects protected/manual API port 15193 (0.4196ms)
✔ rejects protected/manual API port 15491 (0.7489ms)
✔ rejects protected/manual API port 15493 (0.3748ms)
✔ rejects protected/manual API port 15496 (0.3201ms)
✔ rejects protected/manual API port 18961 (0.3228ms)
✔ rejects protected/manual API port 18962 (0.2937ms)
✔ rejects protected/manual API port 18963 (0.2341ms)
✔ rejects ambiguous or non-owned origin http://localhost:18574 (0.4859ms)
✔ rejects ambiguous or non-owned origin http://127.1:18574 (0.2971ms)
✔ rejects ambiguous or non-owned origin http://[::1]:18574 (0.5423ms)
✔ rejects ambiguous or non-owned origin https://127.0.0.1:18574 (0.3021ms)
✔ rejects ambiguous or non-owned origin http://127.0.0.1:18574/ (0.2693ms)
✔ rejects ambiguous or non-owned origin http://127.0.0.1:18574/api (0.2372ms)
✔ rejects ambiguous or non-owned origin http://127.0.0.1:18574?x=1 (0.3184ms)
✔ rejects ambiguous or non-owned origin http://redacted:redacted@127.0.0.1:18574 (0.6755ms)
✔ rejects ambiguous or non-owned origin http://example.com:18574 (0.314ms)
✔ receipt requires complete immutable source, no unknown authority or provider substitution (3.5326ms)
✔ native requests preserve single strategy, exact source, budget, File verifier, no deliverable (0.9834ms)
✔ Rust policy digest uses explicit declaration order, not JS/JSONB property order (1.0959ms)
✔ canonical containment handles Windows drive prefixes but rejects aliases/escapes (1.2618ms)
✔ POSIX containment rejects traversal, equality and sibling prefixes (0.8469ms)
✔ base.txt reads exactly five bytes, and all link/reparse/hardlink failures occur before open (12.7843ms)
✔ opened-file identity swaps fail closed without reading bytes (1.981ms)
✔ runners are top-level; nested-only, unavailable, foreign, ambiguous or different-source runners fail (1.535ms)
✔ suspend: actual usage -> breaker -> native teardown -> exact checkpoint -> terminal (3.8333ms)
✔ stop: actual usage -> breaker -> native teardown -> exact checkpoint -> terminal (1.5037ms)
✔ rejects missing checkpoint (1.7277ms)
✔ rejects foreign Corp proof (1.2946ms)
✔ rejects foreign mission proof (1.3645ms)
✔ rejects foreign task proof (1.3373ms)
✔ rejects foreign run proof (1.9783ms)
✔ rejects foreign agent proof (1.6228ms)
✔ rejects foreign runner proof (1.1467ms)
✔ rejects wrong original base (1.1611ms)
✔ rejects changed HEAD (1.0397ms)
✔ rejects changed fingerprint (1.0314ms)
✔ rejects arbitrary JS policy ordering (1.0426ms)
✔ rejects changed write digest (0.979ms)
✔ rejects changed deliverable digest (1.1181ms)
✔ rejects token in proof (1.5679ms)
✔ rejects live provider (0.9967ms)
✔ rejects wrong adapter (1.0571ms)
✔ rejects foreign event lineage (0.7973ms)
✔ rejects late checkpoint (0.9467ms)
✔ rejects missing usage (0.8411ms)
✔ rejects fake cumulative usage (0.7901ms)
✔ rejects wrong breaker metric (0.8493ms)
✔ rejects wrong command acknowledgement (1.0912ms)
✔ rejects accepted artifact (0.8386ms)
✔ rejects verification started (1.9053ms)
✔ rejects lost is not completion (0.7123ms)
✔ rejects agent still assigned (0.8147ms)
✔ rejects automatic retry (0.9296ms)
✔ rejects replacement task (0.7508ms)
✔ rejects resume lineage (0.6808ms)
✔ rejects budget override (0.5971ms)
✔ rejects write scope widening (0.6149ms)
✔ rejects policy weakening (0.6105ms)
✔ rejects path outside runner (1.2443ms)
✔ rejects unknown projection strings are not logged (0.6824ms)
✔ rejects non-native none breaker projection is rejected (0.7763ms)
✔ rejects accepted evidence row (0.7623ms)
✔ full replay, not the bounded snapshot, rejects earlier run.completed (1.0023ms)
✔ full replay, not the bounded snapshot, rejects earlier run.verification_started (1.4425ms)
✔ full replay, not the bounded snapshot, rejects earlier run.verification_evidence (0.8687ms)
✔ full replay, not the bounded snapshot, rejects earlier run.artifact (1.12ms)
✔ full replay, not the bounded snapshot, rejects earlier run.deliverable (0.9626ms)
✔ full replay, not the bounded snapshot, rejects earlier run.workspace_removed (0.9131ms)
✔ full replay, not the bounded snapshot, rejects earlier run.teardown_uncertain (1.029ms)
✔ visible history and original journal prefix are immutable; no whole-database inference (2.4647ms)
✔ journal bounds, strict ordering, non-contiguous visible sequences and Ready watermark (0.836ms)
✔ API requests allow only exact scoped snapshot/create/launch, never reset/policy/resume (47.6952ms)
✔ HTTP errors with sensitive bodies are not retried or exposed (1.573ms)
✔ oversized API responses fail at the byte bound, with no response body in the error (16.1394ms)
✔ native journal API requires a real Ready watermark and refuses partial replay (2.0598ms)
✔ two additive cases checkpoint intent/IDs, retain old history, and pass only after quiet observation (40.8205ms)
✔ baseline counts are dynamic, including completed prior browser-created missions (51.7524ms)
✔ completed checkpoint continuation is read-only and never re-launches either case (55.2352ms)
✔ timeout leaves a live run LIVE with its original ID and never starts a replacement/second case (40.8546ms)
✔ lost create response discovers exact original IDs; intentional continuation sends no duplicate (28.7748ms)
✔ uncertain create without an observable result blocks continuation, never replacement (2.7313ms)
✔ lost launch response discovers exact original IDs; intentional continuation sends no duplicate (39.8643ms)
✔ uncertain launch without an observable result blocks continuation, never replacement (4.0402ms)
✔ driver failure keeps IDs and failure report; late accepted verification cannot pass (11.8178ms)
✔ saved report cannot change receipt/source/runner/process scope or invent successful authority (1.9775ms)
✔ existing budget-stream keeps its original synthetic 6000-token contract (1267.4529ms)
✔ UI budget-stream uses the real 500K preset with explicit synthetic counters (1235.7423ms)
✔ native interrupt prevents later usage and completion in the UI fixture (360.4243ms)
✔ original budget-stream still interrupts before its second usage and scheduled completion (339.5355ms)
✔ queued completion emits exact usage and completed before a subsequent interrupt response (251.0421ms)
✔ actual queued fixture writes base then emits both usages and finish synchronously without timers (4.8365ms)
✔ User/Organization resolver verifies owner and project number without reading items (1787.8667ms)
✔ opaque paginated active-only discovery retains 1002 items and exact Issue source (3701.5312ms)
✔ empty pages, invalid cursors and archived cursors never silently restart pagination (2044.0675ms)
✔ quota-only probes accept include flags before/after endpoint and retain plain JSON (864.2881ms)
✔ exact items, memberships and publisher fields support metered and legacy plain callers (1807.5917ms)
✔ configured primary refusal exposes reset headers and recovers exactly at fixture reset (777.8552ms)
✔ secondary failures are finite per-query attempts even with interleaved probes (1148.5292ms)
✔ 503 failures expose Retry-After without spending quota or triggering source mutation (440.4937ms)
✔ source-drift hook remains shared across pages, legacy lists and exact reads only (1737.2557ms)
✔ legacy Project edits and publisher PR mutation/recovery semantics are preserved (1333.665ms)
✔ errors and observation logs never echo credentials, headers, query text or variables (883.12ms)
✔ invalid quota/failure configurations fail safely and event retention is bounded (1670.3438ms)
✔ parses HTTPS clone URL without resolving redirects (4.1741ms)
✔ parses HTTPS repository URL without resolving redirects (0.4329ms)
✔ parses HTTPS default port without resolving redirects (0.2107ms)
✔ parses SSH SCP URL without resolving redirects (0.3158ms)
✔ parses SSH URI without resolving redirects (0.22ms)
✔ parses SSH default port without resolving redirects (0.2356ms)
✔ parses SSH alternate port without resolving redirects (0.2591ms)
✔ parses case normalization without resolving redirects (0.2199ms)
✔ parses trailing slash without resolving redirects (5.8008ms)
✔ parses Git output newline without resolving redirects (0.6217ms)
✔ keeps old, transferred and deliberately wrong repositories distinct (0.5538ms)
✔ retains valid repository punctuation (0.1969ms)
✔ rejects missing without disclosing the origin (1.7316ms)
✔ rejects null without disclosing the origin (0.2126ms)
✔ rejects non-string without disclosing the origin (0.235ms)
✔ rejects empty without disclosing the origin (0.2291ms)
✔ rejects bare namespace without disclosing the origin (0.1907ms)
✔ rejects different host without disclosing the origin (0.17ms)
✔ rejects host suffix without disclosing the origin (0.1513ms)
✔ rejects HTTP without disclosing the origin (0.1351ms)
✔ rejects Git protocol without disclosing the origin (0.212ms)
✔ rejects HTTPS userinfo without disclosing the origin (0.2113ms)
✔ rejects HTTPS password without disclosing the origin (0.1807ms)
✔ rejects SSH password without disclosing the origin (0.2168ms)
✔ rejects non-Git SSH user without disclosing the origin (0.183ms)
✔ rejects SCP userinfo without disclosing the origin (0.1791ms)
✔ rejects SCP prefix not recognized by the runner without disclosing the origin (0.2013ms)
✔ rejects query without disclosing the origin (0.1648ms)
✔ rejects fragment without disclosing the origin (0.164ms)
✔ rejects extra path without disclosing the origin (0.2326ms)
✔ rejects traversal without disclosing the origin (0.2056ms)
✔ rejects dot owner without disclosing the origin (0.1887ms)
✔ rejects dot repository without disclosing the origin (0.1706ms)
✔ rejects empty repository without disclosing the origin (0.179ms)
✔ rejects encoded path without disclosing the origin (0.1779ms)
✔ rejects backslash without disclosing the origin (0.2222ms)
✔ rejects multiple origins without disclosing the origin (0.2221ms)
✔ rejects oversized origin without disclosing the origin (0.1509ms)
✔ reads only the selected checkout origin with bounded, piped Git output (0.497ms)
✔ Git failure discards message, cause, stdout and stderr without fallback (0.4171ms)
✔ a successful Git read cannot admit a credential-bearing origin (0.3385ms)
✔ imports actual-shaped retained native success and reproducible external rejection as a candidate only (174.1366ms)
✔ old oracle without physical digest remains explicitly weaker and prompt alignment remains unreviewed (144.3812ms)
✔ repeated captures and checker versions of one run do not create independent evidence identities (527.7179ms)
✔ local review digest cannot activate a candidate even with two distinct native runs (355.7216ms)
✔ refuses foreign Corp even with repinned retained files (161.6981ms)
✔ refuses foreign room even with repinned retained files (152.5965ms)
✔ refuses other source even with repinned retained files (158.3817ms)
✔ refuses changed contract source even with repinned retained files (153.8718ms)
✔ refuses missing native checks even with repinned retained files (168.3526ms)
✔ refuses failed test under passed native label even with repinned retained files (182.8541ms)
✔ refuses wrong oracle bytes even with repinned retained files (146.8144ms)
✔ refuses wrong resume identity even with repinned retained files (167.9065ms)
✔ refuses wrong resume ancestry even with repinned retained files (168.6646ms)
✔ refuses cancelled run even with repinned retained files (159.4282ms)
✔ refuses substituted before bytes even with repinned retained files (160.2454ms)
✔ refuses unknown checker even with repinned retained files (35.4255ms)
✔ hash pins, duplicate JSON keys and traversal are rejected before candidate output (155.1225ms)
✔ directory redirection and oversized files fail closed (235.3973ms)
✔ exact append handles LF and CRLF without normalizing changed source (0.8837ms)
✔ external rejection cannot be imported when exact output actually passes (157.5903ms)
✔ CLI reads pinned inputs and creates one new corpus without overwriting source files (501.5189ms)
✔ CLI has one aggregate read budget covering the request, corpus, manifests and retained files (517.7875ms)
▶ native source preflight ignores inherited Git redirects and trace writers
  ✔ baseline (3895.4763ms)
  ✔ repository redirect (1897.6333ms)
  ✔ GIT_TRACE (2018.0392ms)
  ✔ GIT_TRACE_PERFORMANCE (1936.982ms)
  ✔ GIT_TRACE_SETUP (1735.9766ms)
  ✔ GIT_TRACE2 (1850.9649ms)
  ✔ GIT_TRACE2_EVENT (1950.3448ms)
  ✔ GIT_TRACE2_PERF (1947.6819ms)
✔ native source preflight ignores inherited Git redirects and trace writers (19099.5138ms)
✔ local stack wrapper watchdog contract is bounded and suite-local (2.8356ms)
✖ local stack owned-process and state regression fixtures (300095.6045ms)
▶ local stack starter source guards
  ✔ starter has no unconditional stop invocation (0.2435ms)
  ✔ starter never passes a database URL as a command argument (0.2024ms)
  ✔ starter forwards the native runner startup-recovery opt-out unchanged (0.2023ms)
  ✔ startup never enrolls or bootstraps even when retained identity is absent (0.143ms)
  ✔ Factory policy paths are canonicalized against the checkout before persistence and launch (0.2233ms)
  ✔ Factory saved connection is retained and passed only as an explicit native option (0.2212ms)
  ✔ live source-ref changes use exact comparison for old and current records (0.2693ms)
  ✔ starter never deletes enrollment or credentials without an explicit reset/rotation guard (0.2797ms)
  ✔ startup has no implicit Compose provisioning and validation precedes restart or writes (0.1256ms)
  ✔ stopper does not rediscover or terminate a descendant tree from saved PIDs (0.1993ms)
✔ local stack starter source guards (2716.7054ms)
✔ one checkout serializes commands while another checkout remains usable (8192.0162ms)
✔ explicit restart nesting and failed operations release their native lock (6529.3457ms)
✔ an interrupted command does not leave a stale lock requiring manual cleanup (3959.6055ms)
✔ both supported entrypoints use the same operation boundary (30.0552ms)
✔ reported idle remains idle without a pending request (3.1941ms)
✔ reported starting remains starting without a pending request (0.3806ms)
✔ reported working remains working without a pending request (0.2033ms)
✔ reported blocked remains blocked without a pending request (0.214ms)
✔ reported reviewing remains reviewing without a pending request (0.2283ms)
✔ reported offline remains offline without a pending request (0.2231ms)
✔ working station "read" projects reading (0.3426ms)
✔ working station "search" projects reading (0.2252ms)
✔ working station " READ " projects reading (0.3182ms)
✔ working station "Search" projects reading (0.3813ms)
✔ working station "test" projects working (0.2205ms)
✔ working station "build" projects working (0.1736ms)
✔ working station "review" projects working (1.5276ms)
✔ working station "research" projects working (5.7042ms)
✔ working station "bread" projects working (0.2195ms)
✔ working station "break" projects working (0.133ms)
✔ working station "unknown-tool" projects working (0.1066ms)
✔ working station null projects working (0.16ms)
✔ a stale station does not invent activity for a non-working agent (0.492ms)
✔ a blocked agent needs an exact current-run approval match (0.2123ms)
✔ an exact current-run pending review is distinct from an action approval (0.224ms)
✔ unrelated and prior-run pending requests cannot affect the current agent (0.2382ms)
✔ an approval stops affecting an agent as soon as its current run changes (0.1813ms)
✔ null and empty current-run IDs cannot acquire pending request state (0.1976ms)
✔ offline wins even when the recorded current run has both pending requests (0.1818ms)
✔ exact action approval takes precedence over exact review (0.1623ms)
✔ explicit current-run requests do not depend on a blocked display status (0.225ms)
✔ projection does not mutate agents or request sets or infer state from identity text (1.5001ms)
✔ all eight states have distinct labels and factual descriptions (0.7071ms)
✔ roster ordering is stable by ID without mutating the source array (0.9324ms)
✔ renaming or changing activity does not move an existing roster to different seats (0.5574ms)
✔ 0 agents occupy exactly 0 studios without stacked seats (0.5595ms)
✔ 1 agents occupy exactly 1 studios without stacked seats (0.6862ms)
✔ 5 agents occupy exactly 1 studios without stacked seats (0.2129ms)
✔ 6 agents occupy exactly 1 studios without stacked seats (0.4627ms)
✔ 7 agents occupy exactly 2 studios without stacked seats (0.2907ms)
✔ 11 agents occupy exactly 2 studios without stacked seats (0.1925ms)
✔ 12 agents occupy exactly 2 studios without stacked seats (0.155ms)
✔ 13 agents occupy exactly 3 studios without stacked seats (0.1619ms)
✔ 17 agents occupy exactly 3 studios without stacked seats (0.1542ms)
✔ 18 agents occupy exactly 3 studios without stacked seats (0.1563ms)
✔ 19 agents occupy exactly 4 studios without stacked seats (0.1504ms)
✔ snapshot input reordering preserves page and seat assignment for 18 agents (0.4554ms)
✔ reordering across a partially filled page boundary preserves each agent seat (0.9689ms)
✔ studio dimensions and the six feet anchors match the renderer contract exactly (0.3459ms)
✔ desk access never wraps overflow or invalid indexes onto occupied seats (1.3544ms)
✔ all desk footprints stay above their chairs and never overlap another desk or decor (0.4347ms)
✔ desk 0 has one finite arrival route clear of every workstation (0.625ms)
✔ desk 1 has one finite arrival route clear of every workstation (0.2345ms)
✔ desk 2 has one finite arrival route clear of every workstation (0.1742ms)
✔ desk 3 has one finite arrival route clear of every workstation (0.2108ms)
✔ desk 4 has one finite arrival route clear of every workstation (0.1961ms)
✔ desk 5 has one finite arrival route clear of every workstation (0.1422ms)
✔ route and desk results do not expose shared mutable layout state (0.2327ms)
✔ pending native review distinguishes invalid artifact paths from invalid artifact IDs (110.0451ms)
✔ pending native intent survives acceptance changes and reviewed adoption replays one exact revision (80.6086ms)
✔ pending intent cannot apply and generic native approval cannot authorize exact feedback (39.0349ms)
✔ reviewed feedback refuses adopter as reviewer before a revision (35.8301ms)
✔ reviewed feedback refuses producer as reviewer before a revision (36.0616ms)
✔ reviewed feedback refuses source requester as reviewer before a revision (40.7951ms)
✔ reviewed feedback refuses rejected decision before a revision (39.0948ms)
✔ reviewed feedback refuses future decision before a revision (44.5563ms)
✔ reviewed feedback refuses decision before intent before a revision (37.8922ms)
✔ reviewed feedback refuses wrong note digest before a revision (40.8667ms)
✔ reviewed feedback refuses extra note prose before a revision (40.5296ms)
✔ reviewed feedback refuses ordinary human gate before a revision (31.1728ms)
✔ reviewed feedback refuses requester exclusion disabled before a revision (33.572ms)
✔ native approval cannot excuse changed target task (34.6472ms)
✔ native approval cannot excuse changed target version (36.6929ms)
✔ native approval cannot excuse changed source commit (36.1377ms)
✔ native approval cannot excuse changed artifact identity (35.5736ms)
✔ native approval cannot excuse changed corpus bytes digest (35.2606ms)
✔ native approval cannot excuse changed selected rule digest (40.8139ms)
✔ native approval cannot excuse changed selected guidance (39.5708ms)
✔ native approval cannot excuse changed adopter identity (38.0524ms)
✔ native approval cannot excuse changed replacement effect (46.8729ms)
✔ native approval cannot excuse changed unknown authority field (42.1556ms)
✔ persisted verifier policy and automated evidence drift invalidate the intent independently of acceptance (100.6098ms)
✔ missing or contradictory native rows and capture drift fail closed (38.8344ms)
✔ reviewed apply rechecks the actual decision and preserves ambiguous outcomes and idempotency (60.4886ms)
✔ reviewed apply rejects altered intent bytes and expired proposal without native effects (37.2646ms)
✔ a changed post-effect review remains uncertain and cannot assert a verified binding (50.2505ms)
✔ review intent time bounds are revalidated during accepted-source reconstruction (40.5101ms)
✔ CLI native-review preparation, exact intent selection and apply keep separate raw and canonical hashes (160.5002ms)
✔ prepare is read-only and exposes the exact reference-only change for review (22.3846ms)
✔ an unprefixed objective stays candidate because native composition would change it (34.5967ms)
✔ native normalization fixed points retain description and objective exactly (39.6538ms)
✔ public identifiers and digest selectors reject coercible arrays and objects before effects (24.0392ms)
✔ time, timeout and trusted routing fields require their declared primitive types (30.525ms)
✔ apply performs one native revision, preserves authority and never launches (30.0773ms)
✔ typed native file selection pins outer provenance and exact decoded corpus while preserving raw compatibility (53.0471ms)
✔ native typed unknown schema field is refused even with matching outer artifact digest (21.1503ms)
✔ native typed missing native schema field is refused even with matching outer artifact digest (20.3162ms)
✔ native typed coercible version is refused even with matching outer artifact digest (24.4824ms)
✔ native typed unsupported archive form is refused even with matching outer artifact digest (17.4615ms)
✔ native typed wrong base is refused even with matching outer artifact digest (18.5596ms)
✔ native typed wrong verifier is refused even with matching outer artifact digest (21.7838ms)
✔ native typed wrong head is refused even with matching outer artifact digest (27.7368ms)
✔ native typed bundle payload is refused even with matching outer artifact digest (19.0346ms)
✔ native typed patch checksum is refused even with matching outer artifact digest (21.309ms)
✔ native typed patch noncanonical base64 is refused even with matching outer artifact digest (18.304ms)
✔ native typed selected hash is refused even with matching outer artifact digest (21.0864ms)
✔ native typed selected byte count is refused even with matching outer artifact digest (28.4006ms)
✔ native typed selected file size bound is refused even with matching outer artifact digest (31.9608ms)
✔ native typed selected base64 is refused even with matching outer artifact digest (25.1958ms)
✔ native typed selected symlink is refused even with matching outer artifact digest (16.9867ms)
✔ native typed selected submodule is refused even with matching outer artifact digest (20.9434ms)
✔ native typed selected media is refused even with matching outer artifact digest (22.0647ms)
✔ native typed duplicate path is refused even with matching outer artifact digest (23.3429ms)
✔ native typed case alias is refused even with matching outer artifact digest (24.7266ms)
✔ native typed file directory conflict is refused even with matching outer artifact digest (22.0267ms)
✔ native typed traversal is refused even with matching outer artifact digest (21.9293ms)
✔ native typed absolute path is refused even with matching outer artifact digest (24.2003ms)
✔ native typed Windows stream is refused even with matching outer artifact digest (25.2636ms)
✔ native typed Windows device is refused even with matching outer artifact digest (23.6795ms)
✔ native typed trailing dot alias is refused even with matching outer artifact digest (26.0293ms)
✔ native typed coercible entry path is refused even with matching outer artifact digest (22.7805ms)
✔ native typed deleted selection is refused even with matching outer artifact digest (38.4996ms)
✔ typed path selection requires one exact safe file, source role and original outer bytes (35.9053ms)
✔ typed decoded corpus cannot substitute a different well-hashed file or retarget a reviewed proposal (46.2906ms)
✔ typed base64 padding bits are canonical even when permissive decoding preserves the correct bytes (27.5317ms)
✔ same byte-pinned proposal replays its native key without adding guidance or a second revision (35.0557ms)
✔ lost response stays unknown with no automatic retry; exact replay reconciles it (35.6821ms)
✔ an HTTP400 after persistence stays unknown and same-key replay confirms one revision (35.1258ms)
✔ live Corp drift refuses before a request (24.2621ms)
✔ live room drift refuses before a request (23.5866ms)
✔ live mission drift refuses before a request (28.1276ms)
✔ live task drift refuses before a request (19.4174ms)
✔ live run drift refuses before a request (23.952ms)
✔ live actor drift refuses before a request (27.6522ms)
✔ live source commit drift refuses before a request (22.2304ms)
✔ live verifier digest drift refuses before a request (22.9127ms)
✔ live artifact digest drift refuses before a request (25.7841ms)
✔ an accepted receipt with incomplete bounded evidence remains candidate (19.5725ms)
✔ an observed manual gate must retain its native decision and decider (32.755ms)
✔ missing native corpus evidence or mismatched actual bytes never borrows an unrelated accepted run (27.6716ms)
✔ typed envelopes, missing review bytes and requested independent review remain explicit candidates (25.6518ms)
✔ UTF-8 reference bounds do not silently truncate valid longer advisory guidance (22.2896ms)
✔ changed target ready status cannot be overwritten (24.0675ms)
✔ changed target existing run cannot be overwritten (23.1221ms)
✔ changed target contract version cannot be overwritten (31.9417ms)
✔ changed target budget cannot be overwritten (23.1605ms)
✔ changed target verifier cannot be overwritten (26.2964ms)
✔ changed target source cannot be overwritten (20.5819ms)
✔ changed target source connection cannot be overwritten (22.87ms)
✔ changed target tools cannot be overwritten (27.627ms)
✔ changed target Corp cannot be overwritten (28.6431ms)
✔ changed target room cannot be overwritten (17.9428ms)
✔ changed target origin cannot be overwritten (24.3018ms)
✔ repinned unauthorized proposal changes cannot alter anything except selected references (31.5575ms)
✔ wrong proposal hash, edited corpus/review/receipt, future or expired proposal fails before POST (18.3391ms)
✔ expired selected guidance is not rescued by the remaining proposal lifetime (27.1296ms)
✔ expiry crossing during live prechecks is repeated immediately before mutation (32.1917ms)
✔ one total operation deadline cannot be renewed by a slow target precheck (245.9233ms)
✔ duplicate-key or reformatted proposal JSON cannot masquerade as the prepared byte representation (30.7696ms)
✔ source drift after successful mutation is accurately retained as applied (32.6203ms)
✔ source access loss after mutation is never mislabeled refusal-before-effects (30.5079ms)
✔ an HTTP error after a request is unknown without transaction-stage evidence and is not retried (43.0428ms)
✔ a contradictory successful response or changed native readback stays unknown (49.9073ms)
✔ exact native target projection refuses filtered context and preserves whole scope (26.9681ms)
✔ file input requires selected exact bytes and fails closed on an oversized or malformed input (79.1764ms)
✔ feedback file reads accumulate short native reads before validating bytes (10.7344ms)
✔ feedback file truncate during short reads fails without a hash pin (15.3855ms)
✔ feedback file grow during short reads fails without a hash pin (13.1066ms)
✔ CLI preparation writes new review artifacts and an existing apply receipt refuses before network or effects (105.5458ms)
✔ CLI exits nonzero for refused adoption while preserving its JSON receipt (269.2576ms)
✔ CLI typed prepare explicitly selects the native file and apply has no path override (69.3878ms)
✔ retained native candidate cannot become saved-task guidance or a native revision (34.5482ms)
✔ forged locally activated native evidence cannot become saved-task guidance or a native revision (30.1418ms)
✔ native evidence mixed into an activated typed artifact cannot become saved-task guidance or a native revision (27.4762ms)
✔ receipt whitelists metadata and distinguishes persisted acceptance from optional verifier digests (8.9767ms)
✔ native runner, model and ref metadata preserves valid punctuation, spaces, Unicode and UTF-8 limits (4.4837ms)
✔ native metadata keeps bounded invalid text and malformed source tuples out of receipts (22.8242ms)
✔ native source identity accepts uppercase hexadecimal commits and full bounded repository components (1.1815ms)
✔ published native refs and native MIME token punctuation are observed without a custom identifier alphabet (1.4801ms)
✔ historical evidence never borrows the current task verifier policy count (1.8245ms)
✔ conflicting or invalid run-bound check counts remain unknown (3.5374ms)
✔ missing and duplicate check indices cannot establish completeness; malformed indices fail (0.9676ms)
✔ receipt rejects mismatched run Corp (0.4489ms)
✔ receipt rejects mismatched task Corp (0.5394ms)
✔ receipt rejects mismatched mission Corp (0.2924ms)
✔ receipt rejects mismatched room Corp (0.2152ms)
✔ receipt rejects mismatched exact actor (0.2239ms)
✔ receipt rejects mismatched exact room (0.2008ms)
✔ receipt rejects mismatched exact mission (0.2034ms)
✔ receipt rejects mismatched evidence task (0.346ms)
✔ receipt rejects mismatched event room (0.27ms)
✔ receipt rejects mismatched partial source (0.2037ms)
✔ current-run rejects later same-task runs and tied times, retaining nanosecond ordering (1.2598ms)
✔ typed resume lineage requires same task and producer, and records unavailable ancestors honestly (1.8434ms)
✔ exact recovery count is run-bound; private policy and notes are omitted (0.6231ms)
✔ published-result binds its exact source artifact and hashes opaque source revisions (0.7165ms)
✔ published-result accepts an exact historical publication despite a later same-task run (1.0911ms)
✔ published-result refuses mismatched Factory mission (0.4048ms)
✔ published-result refuses mismatched deliverable task (0.3801ms)
✔ published-result refuses mismatched deliverable source base (0.3285ms)
✔ published-result refuses mismatched run deliverable digest (0.2737ms)
✔ published-result refuses mismatched publication run (0.2818ms)
✔ published-result refuses mismatched provenance mission (0.4102ms)
✔ published-result refuses mismatched provenance source issue (0.3152ms)
✔ published-result refuses mismatched provenance target (0.3664ms)
✔ published-result refuses mismatched recorded PR head (0.5267ms)
✔ published-result refuses mismatched recorded PR repository (0.3865ms)
✔ published-result refuses mismatched recorded PR provenance (0.4394ms)
✔ byte verification rejects tampering and each missing or conflicting native response boundary (1.5934ms)
✔ receipt validator rejects extra content, contradictory acceptance, and mixed origin/artifact roles (4.9862ms)
✔ fingerprint tolerates observation timestamps and detects selected source, contract and artifact drift (3.237ms)
✔ compiled native MCP export performs two captures and downloads only selected-origin artifact IDs (985.8816ms)
✔ artifact retention selection is bounded before reading host configuration (1.0979ms)
✔ compiled native evidence retains only explicitly selected verified bytes and preserves public receipt schema (497.3286ms)
✔ compiled native evidence rejects an unowned artifact selection before any artifact download (94.1631ms)
✔ compiled native evidence never returns retained bytes from a tampered artifact or changed source (321.4696ms)
✔ compiled native exporter keeps opaque runner/model/ref metadata out of every request route (170.0899ms)
✔ compiled native export rejects state drift during its artifact read (171.4432ms)
✔ compiled native export rejects mismatched context before downloading artifacts (83.6339ms)
✔ compiled native export refuses artifact redirects without forwarding credentials (89.6771ms)
✔ compiled native export rejects oversized bodies and withholds HTTP error content (157.0447ms)
✔ compiled native export bounds a stalled exact-context body by its whole-operation timeout (1011.6532ms)
✔ receipt CLI writes a create-only metadata file and a compact redacted summary (901.7652ms)
✔ owned server requires matching executable, creation, endpoint, and workspace (3.5987ms)
✔ manual, remote, stale, or non-owned manifests never authorize restart (1.0482ms)
✔ Windows retains legacy timestamp tolerance and case-insensitive paths (0.4764ms)
✔ legacy Windows identity callers remain supported without weakening explicit checks (2.074ms)
✔ Linux requires the exact boot/PID/start-tick, executable, cwd/root, and socket binding (3.7825ms)
✔ Linux rejects malformed, legacy-Windows, and changed receipts (1.0347ms)
✔ every existing manual port remains denied on Windows and Linux and all loopback hosts (1.6069ms)
✔ remote, credentialed, missing-port, and malformed-scope endpoints fail closed (0.923ms)
✔ only a complete scoped JSON object is a process receipt (0.8143ms)
✔ proc stat parses the final comm parenthesis and preserves 64-bit start ticks (1.1025ms)
✔ proc stat rejects wrong PID, truncated fields, malformed state, and invalid ticks (0.5526ms)
✔ Linux listener proof intersects the exact port and LISTEN state with PID-owned inodes (1.8126ms)
✔ malformed or unavailable proc network input supplies no ownership authority (0.8822ms)
✔ artifact recovery overrides are child-only and match native numeric bounds (0.7452ms)
✔ probe requires explicit scope and forwards only its scoped credential environment (5.2807ms)
✔ probe summary contains collection counts, never snapshot data or private paths (0.9156ms)
✔ probe permits HTTP only for normalized canonical loopback origins and requires HTTPS elsewhere (10.5264ms)
✔ recovery probe reports only native metadata and never infers missing capability or exposes policy (0.8846ms)
✔ recovery probe rejects malformed work-item IDs before spawning any gateway (0.9988ms)
✔ compiled recovery probe rejects impossible native numeric metadata and preserves exhausted authority (582.1355ms)
✔ compiled recovery tool makes exactly the selected authorized GET in both modes (189.6539ms)
✔ compiled recovery probe selects one context without reading the broad snapshot or exposing private fields (96.9392ms)
✔ compiled recovery tool refuses malformed IDs, extra scope or effect arguments before HTTP (157.2939ms)
✔ compiled recovery tool rejects mismatched Corp or work-item responses (307.6788ms)
✔ compiled recovery probe preserves authorization and not-found failures without private diagnostics (238.5049ms)
✔ compiled recovery inspection never follows redirects in either gateway mode (149.1989ms)
✔ compiled recovery inspection caps HTTP bodies even in the legacy write-capable gateway mode (148.4214ms)
✔ compiled read-only MCP completes the real stdio handshake and makes only one scoped GET (89.4352ms)
✔ compiled MCP ignores notifications and denies mutating calls before HTTP while preserving the default catalog (142.6701ms)
✔ compiled MCP keeps malformed omitted-ID objects silent and effect-free (read-only) (70.355ms)
✔ compiled MCP keeps malformed omitted-ID objects silent and effect-free (unrestricted) (76.1951ms)
✔ compiled probe withholds API error content and enforces its whole-probe timeout (1109.5258ms)
✔ compiled read-only inspection rejects redirects without contacting a second origin (169.9029ms)
✔ compiled read-only startup requires every routing variable before serving even initialization (300.1119ms)
✔ compiled read-only flag rejects command-line tokens (split option, CLI only) (73.3612ms)
✔ compiled read-only flag rejects command-line tokens (split option, CLI plus environment) (67.6083ms)
✔ compiled read-only flag rejects command-line tokens (equals option, CLI only) (65.0209ms)
✔ compiled read-only flag rejects command-line tokens (equals option, CLI plus environment) (60.1231ms)
✔ compiled read-only flag accepts only the environment token and exposes the restricted catalog (64.6074ms)
✔ compiled read-only environment rejects command-line tokens (split option, CLI only) (70.3223ms)
✔ compiled read-only environment rejects command-line tokens (split option, CLI plus environment) (65.1996ms)
✔ compiled read-only environment rejects command-line tokens (equals option, CLI only) (73.5532ms)
✔ compiled read-only environment rejects command-line tokens (equals option, CLI plus environment) (66.1449ms)
✔ compiled read-only environment accepts only the environment token and exposes the restricted catalog (75.6347ms)
✔ compiled unrestricted MCP preserves legacy CLI token precedence (split option) (155.5461ms)
✔ compiled unrestricted MCP preserves legacy CLI token precedence (equals option) (169.3219ms)
✔ compiled native read-only HTTP body rejects oversized declared length before end (200) (99.2653ms)
✔ compiled native read-only HTTP body rejects streamed overflow before end (200) (143.9235ms)
✔ compiled native read-only HTTP body rejects oversized declared length before end (403) (77.4405ms)
✔ compiled native read-only HTTP body rejects streamed overflow before end (403) (117.3938ms)
✔ compiled native HTTP body accepts the inclusive read-only limit and preserves unrestricted transport (797.8056ms)
✔ compiled native HTTP body preserves small successful and error response behavior (476.2379ms)
✔ withholds all six source ACKs for each of two native automatic attempts (5.0171ms)
✔ holds all quality ACK duplicates to the same 8-second deadline, preserving bytes (1.5478ms)
✔ gameplay and integration pass source ACKs unchanged (0.4962ms)
✔ native resume passes ACKs and does not consume a third automatic attempt (0.3674ms)
✔ non-source ACK, heartbeat, credential rotation, approval and lifecycle are opaque passthrough (0.5506ms)
✔ rejects foreign or unproven run, Corp and hash before fault decisions (1.4634ms)
✔ assignment rebinding cannot swap a different task, scope or command kind (0.7963ms)
✔ late-ACK release sends one exact original old-run frame once without retagging (0.73ms)
✔ refuses manual-stack, wrong-repository and missing opt-in config (2.0975ms)
▶ real loopback WebSocket wiring: native schema, ordered forwarding, reconnection and redaction
  ▶ isolated concurrent fixture 1
    ✔ synthetic endpoints require live ownership without relaxing config guards (18.7219ms)
    ✔ persisted owner/name schema binds and stop cannot overtake a pending assignment (62.065ms)
    ✔ upload byte transparency, ACK withholding and metadata non-disclosure (54.2808ms)
    ✔ a stale snapshot/close callback cannot bind, send or close the replacement connection (162.0682ms)
  ✔ isolated concurrent fixture 1 (464.6372ms)
  ▶ isolated concurrent fixture 2
    ✔ synthetic endpoints require live ownership without relaxing config guards (14.8321ms)
    ✔ persisted owner/name schema binds and stop cannot overtake a pending assignment (50.5016ms)
    ✔ upload byte transparency, ACK withholding and metadata non-disclosure (54.0961ms)
    ✔ a stale snapshot/close callback cannot bind, send or close the replacement connection (165.016ms)
  ✔ isolated concurrent fixture 2 (429.4622ms)
✔ real loopback WebSocket wiring: native schema, ordered forwarding, reconnection and redaction (466.2354ms)
✔ relocated doctor checks declared tools through native version commands without leaking ambient secrets or installing (1794.066ms)
✔ wrong node version produces a failing CLI result (1559.1915ms)
✔ wrong pnpm version produces a failing CLI result (1500.3906ms)
✔ wrong rustc version produces a failing CLI result (1411.4448ms)
✔ wrong cargo version produces a failing CLI result (1467.0058ms)
✔ missing package manager fails without falling back to another host command (1277.5254ms)
✔ failed component probes suppress raw stdout and stderr (1443.6237ms)
✔ unrecognized version output is rejected without echoing the command response (1401.9561ms)
✔ an unavailable pinned rustup toolchain fails instead of installing or selecting stable (1425.6442ms)
✔ already selected direct Rust binaries can be verified without rustup (1447.5512ms)
✔ invalid .node-version declaration fails before any command runs (version) (216.3016ms)
✔ invalid package.json declaration fails before any command runs (version) (234.6096ms)
✔ invalid rust-toolchain.toml declaration fails before any command runs (floating Rust) (248.4755ms)
✔ invalid rust-toolchain.toml declaration fails before any command runs (component) (224.8086ms)
✔ unsupported CLI arguments fail before probing tools (205.1909ms)
ℹ tests 1243
ℹ suites 0
ℹ pass 1242
ℹ fail 1
ℹ cancelled 0
ℹ skipped 0
ℹ todo 0
ℹ duration_ms 341511.8068

✖ failing tests:

test at tools\local_stack_lifecycle.test.mjs:97:1
✖ local stack owned-process and state regression fixtures (300095.6045ms)
  AssertionError [ERR_ASSERTION]: ifError got unwanted exception: spawnSync pwsh.exe ETIMEDOUT
      at runSuite (file:///<reviewed-worktree>/tools/local_stack_lifecycle.test.mjs:43:10)
      at Object.spawnSync (node:internal/child_process:1160:20)
      at spawnSync (node:child_process:928:24)
      at runSuite (file:///<reviewed-worktree>/tools/local_stack_lifecycle.test.mjs:32:18)
      at TestContext.<anonymous> (file:///<reviewed-worktree>/tools/local_stack_lifecycle.test.mjs:98:16)
      at Test.runInAsyncScope (node:async_hooks:227:14)
      at Test.run (node:internal/test_runner/test:1402:25)
      at Test.processPendingSubtests (node:internal/test_runner/test:974:18)
      at Test.postRun (node:internal/test_runner/test:1542:19)
      at Test.run (node:internal/test_runner/test:1467:12)
      at async startSubtestAfterBootstrap (node:internal/test_runner/harness:387:3) {
    generatedMessage: false,
    code: 'ERR_ASSERTION',
    actual: Error: spawnSync pwsh.exe ETIMEDOUT
        at Object.spawnSync (node:internal/child_process:1160:20)
        at spawnSync (node:child_process:928:24)
        at runSuite (file:///<reviewed-worktree>/tools/local_stack_lifecycle.test.mjs:32:18)
        at TestContext.<anonymous> (file:///<reviewed-worktree>/tools/local_stack_lifecycle.test.mjs:98:16)
        at Test.runInAsyncScope (node:async_hooks:227:14)
        at Test.run (node:internal/test_runner/test:1402:25)
        at Test.processPendingSubtests (node:internal/test_runner/test:974:18)
        at Test.postRun (node:internal/test_runner/test:1542:19)
        at Test.run (node:internal/test_runner/test:1467:12)
        at async startSubtestAfterBootstrap (node:internal/test_runner/harness:387:3),
    expected: null,
    operator: 'ifError',
    diff: 'simple'
  }
[ELIFECYCLE] Command failed with exit code 1.
