$ node --test --test-concurrency=2 --test-timeout=180000 "apps/web/src/**/*.test.mjs" "tools/*.test.mjs"
✔ Pin/Unpin states use existing button styling and explicit retention copy (8.9517ms)
✔ active runs are not a reason to disable safe retention changes (1.643ms)
✔ non-operators and unknown versions cannot advertise a mutation (0.4983ms)
✔ retired historical identities have no resurrection button (0.199ms)
✔ Corp identity copy does not promise automatic retirement on unpin (0.7605ms)
✔ failed request leaves button usable after its pending state (0.8442ms)
✔ editor preserves its accessible control names, preview hook, and all six check choices (34.8849ms)
✔ switching check types resets their incompatible fields and retains the rest of the policy (6.684ms)
✔ every check-field callback retains the selected variant and unchanged checks (12.0287ms)
✔ adding and removing checks preserves tab selection, including external policy shrink and the empty state (11.123ms)
✔ the 16-check add button limit and oversized-policy feedback are retained (8.0089ms)
✔ manual-gate transitions retain default role ordering, requester exclusion, and explicit removal (9.604ms)
✔ preview keeps exact check order, manual-role labels, heading overrides, and requester-exclusion guidance (1.8319ms)
✔ Factory exact-run navigation replaces a remembered newer outcome before mission remount (4.4294ms)
✔ run navigation ignores the duplicate activity marker in a hidden Factory tab (11.7002ms)
✔ artifact navigation chooses its exact producer while mission-only navigation preserves the current choice (0.99ms)
✔ unavailable run/task/mission cannot overwrite remembered evidence or open another run (2.0822ms)
✔ storage failure or obsolete viewer fails closed before navigation (1.7361ms)
✔ explicit navigation writes only the selected viewer scope and only the run identity (0.9649ms)
✔ reload keeps the decided run instead of the other pending review or a newer worker (1.7241ms)
✔ remembered evidence is scoped to the API server, Corp, actor and mission (0.3034ms)
✔ missing remembered work never silently substitutes another visible review (0.2249ms)
✔ unreadable or malformed stored context requires explicit selection, not the next review (0.4045ms)
✔ a first visit is distinct from unreadable history; failed writes do not throw (0.316ms)
✔ only the selected run ID is stored; reviews and authority never enter browser persistence (0.954ms)
✔ MissionCard scopes remounts, pins initial evidence and fails closed when persistence fails (51.1712ms)
✔ issue210 only the explicit server flag adds correction to a native checkpoint (2.6621ms)
✔ issue210 verifier availability is independent of correction and missing availability preserves legacy behavior (1.3383ms)
✔ issue210 revision source is the exact server-selected verifier, with no cross-item fallback (0.8768ms)
✔ only native proof plus its cancellation marker exposes source-only checkpoint verification (0.3166ms)
✔ a running checkpoint needs no cancellation repair, and ordinary verification failure stays compatible (0.2921ms)
✔ missing/tampered source, checkpoint, head, active recovery or terminal outcome offers no new recovery (0.4157ms)
✔ context requests are not recovery grants and never depend on inferred mission spend/status (0.2855ms)
✔ copied command binding retains the saved connection and never falls back on malformed metadata (0.2404ms)
✔ actual presentation selects the endpoint source, not the newest visible run or mission cancellation (87.2382ms)
✔ issue210 presentation separates provider-free verification from a budgeted same-session fix (21.5828ms)
✔ issue210 source-only and unavailable checkpoint presentations never suggest generic recovery (33.003ms)
✔ actual context loader is GET-only and admits the exact item/version/mission checkpoint (42.1301ms)
✔ actual context loader rejects stale/cross-scope and malformed flags without snapshot fallback (190.977ms)
✔ issue210 actual loader accepts boolean correction flags and defaults missing legacy authority closed (50.936ms)
✔ issue210 exact loader retains true, false and missing checkpoint availability without granting another mode (42.5531ms)
✔ actual UI action copies only explicit checkpoint verification with the original scope/connection (188.4148ms)
✔ issue210 actual correction action retains the original CLI route, source and connection (255.6759ms)
✔ issue210 actual card drops correction authority immediately when item, version or actor changes (345.6787ms)
✔ issue210 actual contract submission uses the scoped verifier, not its provider ancestor (48.7379ms)
✔ issue210 editor loading, errors, stale context and denied correction cannot fall back or submit (243.0903ms)
✔ issue210 ordinary contract resume, redispatch and requester/role boundaries stay intact (107.7394ms)
✔ issue210 actual source-only context copies correction and revises the exact verifier; no-mode context does neither (245.4214ms)
✔ actual resume handler and rendered provider control respect native recovery blocking (5.8436ms)
✔ actual App Resume control survives an ineligible ordinary Factory recovery lookup and uses the native actor-bound POST (256.9051ms)
✔ issue221 explicit provider-correction permission permits null head without granting checkpoint or generic resume (1.1567ms)
✔ issue221 actual context reader retains null head/current provider proof and malformed heads remain non-actionable (360.5103ms)
✔ issue221 actual copy/revision actions use only source correction for the latest failed provider with null head (249.1192ms)
✔ wrong-first legacy Project 174 cannot displace the selected live lab controller (1.5603ms)
✔ every Project/repository/Corp component must match, even with an active-item pointer (0.3717ms)
✔ GitHub owner/repository case and surrounding whitespace normalize independently (0.204ms)
✔ missing/malformed scope is neutral rather than an empty-scope match (0.2156ms)
✔ the exact active item wins among live controllers in the same scope (0.2377ms)
✔ a current live scope match wins over a stale offline active-item pointer (0.2016ms)
✔ with only offline matches, retain the exact item rather than crossing scope (0.1952ms)
✔ without an item, prefer useful live intake in the current Corp (0.3011ms)
✔ empty/no-match and unavailable explicit selections never borrow another controller (0.3251ms)
✔ heartbeat freshness and stable ID break ties without using array order or mutating inputs (1.324ms)
✔ snapshot refresh and selected scope changes return the exact new ID/version object (0.2626ms)
✔ the actual FactoryPanel resolver feeds displayed state and both action callbacks (21.9731ms)
✔ the actual component guards controller actions, retains role gating and passes the same callback (12.8882ms)
✔ the actual API action handler targets the resolved controller ID and version for all actions (58.0936ms)
✔ the production handler preserves the existing ID-scoped idempotency/version on a lost response (20.2631ms)
✔ primary_rate_limit has a reader-facing reason and an automatic future retry (22.2147ms)
✔ secondary_rate_limit has a reader-facing reason and an automatic future retry (0.7137ms)
✔ graphql_quota has a reader-facing reason and an automatic future retry (0.6606ms)
✔ github_unavailable has a reader-facing reason and an automatic future retry (1.601ms)
✔ quota, cost and timestamps come from the snapshot, not derived or default budgets (1.153ms)
✔ equivalent offset timestamps have the same local retry time and boundary (0.9274ms)
✔ at or after the retry deadline, waiting is not presented as a successful retry (1.2409ms)
✔ zero remaining, limit, query cost and failures remain real zeros (0.5684ms)
✔ paused desired state wins without rewriting controller health or promising a retry (1.0744ms)
✔ offline health wins over polling metadata, including an elapsed retry (1.2791ms)
✔ paused and offline together retain both conditions and existing paused precedence (0.5656ms)
✔ absent legacy polling leaves the old strip intact and never fabricates a wait (0.2217ms)
✔ missing or malformed backoff data is unavailable, never zero or an invented deadline (0.3169ms)
✔ invalid values are not coerced to numbers or dates and unknown reasons are not rendered raw (1.6815ms)
✔ partial quota data preserves observed zeros while missing fields remain unavailable (0.3328ms)
✔ healthy telemetry does not infer a backoff from a zero quota or failure count (0.4382ms)
✔ UI integration remains read-only, accessible, and uses existing controller controls (15.367ms)
✔ line normalization preserves argument boundaries, literal punctuation, and duplicate values (1.9448ms)
✔ role entry supports commas and CRLF without silently deduplicating or authorizing roles (0.3296ms)
✔ mission projection retains exact task, runner and human control attribution (3.8527ms)
✔ foreign tasks and same-ID foreign-Corp runners cannot supply collaboration state (0.3046ms)
✔ offline retains work without advertising live control or termination (0.4306ms)
✔ connecting retains work without advertising live control or termination (0.3173ms)
✔ a failed snapshot refresh retains exact work without advertising live controls (0.4104ms)
✔ invalid snapshot receipt NaN cannot advertise live controls (0.2917ms)
✔ invalid snapshot receipt Infinity cannot advertise live controls (0.2929ms)
✔ invalid snapshot receipt 0 cannot advertise live controls (0.235ms)
✔ invalid snapshot receipt -1 cannot advertise live controls (0.3979ms)
✔ expired/malformed lease 2026-09-16T11:59:00Z cannot claim a controller (0.4822ms)
✔ expired/malformed lease 2026-09-16T12:00:00Z cannot claim a controller (0.3002ms)
✔ expired/malformed lease bad cannot claim a controller (0.1752ms)
✔ verifying has recorded evidence but no provider controls (0.3021ms)
✔ completed has recorded evidence but no provider controls (0.1486ms)
✔ lost has recorded evidence but no provider controls (0.1898ms)
✔ cancelled has recorded evidence but no provider controls (0.1472ms)
✔ a provider-free run and a superseded agent assignment expose no live controls (0.3948ms)
✔ runner grace and offline remain distinct; neither supplies human presence (0.2342ms)
✔ review links bind exact run/task and explain role and requester exclusion (0.5444ms)
✔ missing and historical identities never become fabricated named owners or current controllers (0.3237ms)
✔ draft cache survives surface remounts but never crosses Corp/actor/room/mission (0.35ms)
✔ actual component navigation only requests exact context; rendering sends no commands (14.8296ms)
✔ actual disconnected component retains readable evidence with an explicit warning (1.3617ms)
✔ actual failed-refresh component distinguishes stale data from a disconnected transport (0.9765ms)
✔ actual component rejects missing receipt freshness and restores controls after a successful refresh (4.2961ms)
✔ App preserves main snapshot metadata and exact-run navigation while passing numeric receipt freshness (7.8204ms)
✔ App embeds existing scoped discussion and pins evidence before exact-run navigation (2.7852ms)
✔ late completion notifies remounted composers without clearing a newer or same-text draft (0.7479ms)
✔ late operation acknowledgment cannot clear a replacement idempotency key (177.7404ms)
✔ actual App selection never substitutes another mission after the selected record disappears (99.8175ms)
✔ actual briefing navigation has a visible destination for legacy empty descriptions (65.5543ms)
✔ verification checks do not change launch intent (1.4654ms)
✔ review navigation cannot turn its click into a form submission (0.325ms)
✔ ordinary application setup cannot silently fall back to the fake runtime (0.4884ms)
✔ composer uses two clear steps and starts with an empty goal (0.246ms)
✔ advanced settings and detailed requirements are optional disclosures (0.835ms)
✔ closing setup preserves the draft and returns to existing mission context (0.705ms)
✔ explicit links to existing work reveal it without erasing an open draft (0.6319ms)
✔ native creation and explicit held-plan behavior remain unchanged (0.2657ms)
✔ review keeps the exact source and current server-derived allocation visible (0.403ms)
✔ scope requires four explicit bounded identities and cannot mutate after submission (2.3881ms)
✔ current origin binds the exact view instance, not just equal IDs (0.3269ms)
✔ read issues exactly one encoded, uncached GET with cancellation and no body (7.7653ms)
✔ Direct accepts only exact returned linkage and drops unexpected hidden fields (1.3123ms)
✔ Factory retains only the validated work item, repository, issue number and exact URL (87.1122ms)
✔ all four response identities must echo the bound request exactly (32.9488ms)
✔ missing, malformed and older origin responses never become Direct (2.5227ms)
✔ Factory fields are required and null or missing metadata is never partly accepted (2.5549ms)
✔ Factory rejects invalid work-item identities, repository paths and issue numbers (2.5912ms)
✔ only the raw HTTPS GitHub issue URL matching returned repository and number is accepted (3.7288ms)
✔ mixed-case owner/repository URLs match normalized identity and retain display case (1.2702ms)
✔ valid case-preserving repositories and positive safe issue numbers remain verbatim (0.8092ms)
✔ old endpoints, denied authorization and transport failures stay unavailable without raw errors (1.5206ms)
✔ a synchronous API failure is contained and clears the read timer (0.7611ms)
✔ timeout aborts an unsettled read and suppresses both late success and late failure (0.9701ms)
✔ a settled success or failure cannot be overwritten by an already queued timeout (0.9311ms)
✔ cancellation before the scheduled read prevents even the GET (0.937ms)
✔ in-flight cancellation ignores transports that resolve or reject after abort (0.9997ms)
✔ component reads once for a valid view and renders truthful Direct copy in one styled paragraph (14.5829ms)
✔ component links only a fully validated Factory response, not extra returned fields (2.7534ms)
✔ all four operating roles may read; guests, spectators and unknown roles never request context (7.3763ms)
✔ invalid or absent scope props render the conservative fallback without requesting (8.7812ms)
✔ failed exact reads preserve #185 positive or unknown fallback without inventing links or hiding failure (13.1192ms)
✔ a failed origin lookup can be retried explicitly without changing the work identities (3.3509ms)
✔ Corp, actor, room and mission changes hide old success and errors before effect cleanup (12.3997ms)
✔ late success and errors from a replaced request cannot update the current component (10.9442ms)
✔ leaving and returning to identical IDs cannot revive an earlier success or failure (3.594ms)
✔ same-ID reopened pending requests ignore the original response and error after current denial (4.7915ms)
✔ a guest transition revokes displayed source data and returning operators must read again (2.3334ms)
✔ operating-role and API changes also invalidate old privileged context (2.6101ms)
✔ unmount cancels the read and a fresh mount with identical IDs cannot inherit its outcome (2.7897ms)
✔ one builder preserves the complete current creation payload and retained settings (2.366ms)
✔ provider defaults, supported reasoning and commit-branch semantics match submission (1.3303ms)
✔ existing deterministic fixture semantics are not converted into provider settings (0.2936ms)
✔ scope freezes the exact serialized body and rejects an actor mismatch (0.5959ms)
✔ every request field, Corp and actor invalidate an earlier quote (0.8952ms)
✔ preview debounces, uses the exact creation body, and calls only the read-only preview POST (6.28ms)
✔ an edit or closing the composer before debounce starts no request (0.2961ms)
✔ an invalidated request is aborted and cannot publish a late successful quote (1.2614ms)
✔ late errors after actor/Corp change or unmount cannot replace the new preview (1.0406ms)
✔ editing away and back still requires a fresh request, not a revived quote (0.7065ms)
✔ allocations are displayed verbatim from the server, not a frontend Studio formula (0.6357ms)
✔ missing or mismatched quote fields never become a current allocation (1.2796ms)
✔ an absent preview endpoint gives a useful failure state without inventing allocations (1.1213ms)
✔ preview response is bounded to eight tasks without reallocating server budgets (0.7061ms)
✔ unknown, self, duplicate and oversized dependency references remain unknown allocations (0.7855ms)
✔ retry clears an old failure immediately and can accept a fresh quote (1.2263ms)
✔ timeout clears the quote, aborts the request and ignores a late response (0.7137ms)
✔ App shares the request body, invalidates keyed preview instances and retains native Launch (4.3953ms)
✔ mission selection and Discuss use the authoritative non-first owning room (1.4358ms)
✔ mission, task, run and artifact deep links resolve to the same owning room (0.48ms)
✔ an explicit room deep link and all-discussion view stay in that room (1.2419ms)
✔ stale, missing and older mission/room projections never fall back to the first room (0.2867ms)
✔ related work is limited to the selected room and mission, not a fixed item count (1.8837ms)
✔ messages are room-filtered before mission links and out-of-order reply ancestry (0.6491ms)
✔ valid room, mission and inherited reply submissions retain the same scope (0.6458ms)
✔ stale actor, Corp, room and mission scopes cannot submit or complete a newer draft (0.3146ms)
✔ a disappearing mission or owning room fences previously valid submissions (0.3412ms)
✔ foreign, missing or stale links and replies cannot silently become general comments (0.4993ms)
✔ guest-shaped and missing Factory projections do not establish Direct origin (0.5597ms)
✔ a mission older than the 500-item Factory window remains origin-unknown (0.3212ms)
✔ a positively matched visible Factory item retains its issue attribution (0.1412ms)
✔ known publication/recovery linkage is generic when intake details are unavailable (0.344ms)
✔ projection helpers preserve the authoritative input and do not retain hidden origin data (0.2725ms)
✔ the UI uses the tested projection and submission helpers on both discussion entry paths (12.9863ms)
✔ scope requires every explicit identity and repository and freezes the view generation (3.7918ms)
✔ the exact scope object, not equal IDs or a prior A -> B -> A view, selects the load (0.5404ms)
✔ one encoded GET is uncached, abortable and body/header/credential free (9.8211ms)
✔ published DTO retains only bound result metadata and leaves raw input untouched (2.065ms)
✔ only explicit null publication in a correctly scoped response is known absence (2.6796ms)
✔ item and publication scope mismatches never expose links or known absence (7.9608ms)
✔ publication source issue matches the work item without equating authorizer, revisions or checkpoint generations (1.1799ms)
✔ publication and artifact identity tuples plus full digests must all match (2.6958ms)
✔ missing, duplicate and unrelated-first deliverables cannot substitute a result (1.0958ms)
✔ native provenance identity, source/target branches and digests are checked without retaining authority (4.2752ms)
✔ raw GitHub PR URLs allow native slash suffixes but retain exact repository and number checks (5.3383ms)
✔ owner/repository display case is preserved while full hex values compare by bytes (0.6401ms)
✔ PR state, exact head, owner, recorded metadata and phase cannot contradict each other (2.0102ms)
✔ download metadata rejects controls, external/native paths, malformed hashes and invalid sizes (9.3175ms)
✔ pending, PR-created, published and failed publication are distinct without claiming a live app (1.5918ms)
✔ only a different valid pinned run is a mismatch; same-run contradictions stay unavailable (0.6387ms)
✔ loading, denied and stale contexts cannot become a result or known absence (0.5612ms)
✔ denials, missing endpoints and sync/async transport failures stay unavailable without raw errors (1.0351ms)
✔ timeout aborts and suppresses late successes and failures without retries (0.8485ms)
✔ queued timeout callbacks cannot overwrite a settled success, absence or denial (0.7034ms)
✔ cancellation before start issues no GET; in-flight cancellation publishes no late data (0.7502ms)
✔ new same-ID generation remains unavailable after denial despite a prior response completing later (0.5382ms)
✔ requester summary does not ask for a forbidden independent decision (3.0928ms)
✔ wrong-role summary explains the existing role requirement (1.4671ms)
✔ eligible independent reviewer keeps the review invitation (1.3182ms)
✔ human gate without requester exclusion still allows the requester (1.3443ms)
✔ completed result does not inherit a pending-review restriction (1.3255ms)
✔ fresh human-only bootstrap can select a runner runtime before any crew exists (2.7022ms)
✔ retired and legacy identities neither enable nor suppress advertised runtimes (0.4301ms)
✔ studio requires the exact selected source on a connected runner, not another repository (0.3854ms)
✔ source repository and commit matching are case-insensitive but ref matching is exact (0.2567ms)
✔ unavailable runtimes and non-runtime capabilities are not mission options (0.347ms)
✔ catalog merging prefers an enabled model without changing the source snapshot (1.6931ms)
✔ unscoped status and crew include ready connection-bound runtimes, but dispatch keeps its exact binding (0.9153ms)
✔ studio always selects Copilot even when another runtime was requested (0.1978ms)
✔ studio does not fall back to another provider or an unavailable Copilot runtime (0.4206ms)
✔ solo selection and deterministic fixtures retain their runtime contracts (0.5079ms)
✔ a disappearing explicit runtime cannot silently switch provider with stale model settings (0.2704ms)
✔ studio uses enabled Copilot model settings or an explicit provider default (0.2681ms)
✔ fixtures ignore hidden provider model settings (0.1777ms)
✔ normal UI bootstrap opts out of seeded crew without changing fixture tooling (13.122ms)
✔ runtime character descriptors match the shipped manifest, PNG dimensions, and original file bytes (30.3ms)
✔ named characters and stable worker identities retain their appearance across reordered snapshots (1.2401ms)
✔ numeric roster positions wrap without producing missing characters, and invalid numbers use the default (0.5488ms)
✔ walking uses the original three poses in a 0,1,2,1 cycle at the 150ms boundaries (1.033ms)
✔ idle, typing, reading and facing use the actual source-sheet rows and columns (0.7563ms)
✔ invalid or negative animation time selects the first pose without invalid source coordinates (0.4702ms)
✔ every animation and direction remains inside a real sheet after long-running animation (0.9872ms)
✔ default floor distinguishes connected workers from offline and test registrations (2.1778ms)
✔ omitted and null retirement fields keep legacy and mission identities available (0.2151ms)
✔ every non-null retirement excludes an identity regardless of pin, date, or reported work (0.3074ms)
✔ retired identity remains resolvable in the unmodified historical snapshot (0.2367ms)
✔ retiring the selected agent falls back to current crew, including the empty-roster case (0.2521ms)
✔ pagination filters retirement before assigning seats without mutating order (0.4125ms)
✔ idle does not become working or reviewing from a stale station or pending run request (0.327ms)
✔ working and blocked status still derive from exact server state and current-run requests (0.1959ms)
✔ #154: a selected worker on a later studio is located on initial mount and selection changes (0.4066ms)
✔ #154: studio lookup follows retirement repagination, not stale seat indexes (0.3684ms)
✔ #154: manual paging survives snapshots, but another selected agent resets page and zoom (0.409ms)
✔ #154: retirement moving the selected agent to a different page resets the camera (0.1964ms)
✔ #154: mounting or remounting the same starting run never fabricates an arrival (0.1935ms)
✔ #154: only an observed new active run can animate once, and reduced motion wins (0.2353ms)
✔ #154: blocked work takes recovery priority over both idle and ordinary active work (0.3558ms)
✔ #154: exact approvals keep priority, and only an unblocked empty floor offers new work (0.1498ms)
✔ history inspectors retain the full snapshot while the floor uses current identities (15.8094ms)
✔ Factory activity prioritizes the exact outcome review, then tool approval, before newer work (2.8864ms)
✔ selection ignores terminal, denied and foreign tool approvals without inventing a run (0.243ms)
✔ terminal runs cannot become reviewable or active from dangling pending decision records (23.1388ms)
✔ live task, agent, control, timestamps and safe activity come from one scope without mutation (1.6816ms)
✔ a stale Running intake never claims that a cancelled provider is active (1.7091ms)
✔ pending exact-run outcome review is distinct from an active provider and completion (0.8486ms)
✔ tool authority and unavailable decision context do not become outcome approval (1.8791ms)
✔ a completed run is not automatically a completed mission or published application (0.8075ms)
✔ retained data cannot claim current execution: {"connection":"offline"} (0.7971ms)
✔ retained data cannot claim current execution: {"connection":"connecting"} (0.9732ms)
✔ retained data cannot claim current execution: {"snapshotFailed":true} (0.632ms)
✔ retained data cannot claim current execution: {"snapshotReceivedAt":null} (0.4067ms)
✔ grace, offline and wrong-Corp runner records cannot establish provider liveness (2.6031ms)
✔ runner loss and uncertain teardown remain unknown until a positive termination receipt (1.0629ms)
✔ verifier-only runs never appear as a running model (0.6478ms)
✔ quarantine and protected stops stay prominent even with stale transport (1.1899ms)
✔ failed verification, cancelled work and unknown execution modes remain explicit (1.0605ms)
✔ missing, duplicate or foreign task context cannot fall back to another run (0.7624ms)
✔ activity is scoped, deduplicated, ordered, bounded and never reveals raw payloads (2.2033ms)
✔ missing start, invalid clocks and backwards timestamps do not invent a duration (0.9841ms)
✔ expired leases and foreign attribution do not display an active controller (0.8386ms)
✔ actual React detail component reuses current classes, native disclosure and escaped text (15.0069ms)
✔ the Factory integration uses the existing exact-run selector, scoped snapshot and old callbacks (3.0446ms)
✔ a burst of 1000 streamed events schedules one snapshot instead of 1000 requests (2.6425ms)
✔ events arriving during a request produce exactly one trailing snapshot (6.0084ms)
✔ the final event during the trailing request is not dropped (1.3275ms)
✔ disposing before a scheduled refresh prevents any fetch (0.4004ms)
✔ disposing an actor/Corp scope aborts its request and drops trailing work (2.1788ms)
✔ refresh failures are handled and a later event can still refresh (0.8057ms)
✔ a disposed scope does not report an obsolete aborted read as a new UI error (0.6551ms)
✔ websocket events use the coalescer and cleanup cancels its read scope (3.9263ms)
✔ initial connection is bounded, cancellable and offers retry rather than mission restart (5.1162ms)
✔ actual App presence polling only runs for open connection-dependent views, without reconnecting the event socket (230.2287ms)
✔ artifact defaults retain the current wire shape and do not share mutable values (2.4188ms)
✔ file defaults retain the current wire shape and do not share mutable values (0.1861ms)
✔ command defaults retain the current wire shape and do not share mutable values (0.2397ms)
✔ test defaults retain the current wire shape and do not share mutable values (1.1901ms)
✔ json_schema defaults retain the current wire shape and do not share mutable values (0.2661ms)
✔ screenshot defaults retain the current wire shape and do not share mutable values (0.1866ms)
✔ check summaries preserve paths, argument boundaries, byte floors, JSON keys, and rounded timeouts (20.2248ms)
✔ array summaries distinguish item boundaries and preserve exact argument and key values (0.5564ms)
✔ byte-counted summaries use singular byte only for the one-byte floor (0.3986ms)
✔ empty and oversized policies remain invalid, with the 16-check boundary accepted (0.5042ms)
✔ invalid byte floor 0 is reported for every byte-counted check (0.2867ms)
✔ invalid byte floor -1 is reported for every byte-counted check (0.1182ms)
✔ invalid byte floor NaN is reported for every byte-counted check (0.2153ms)
✔ invalid byte floor Infinity is reported for every byte-counted check (0.151ms)
✔ validation preserves check order and reports missing paths, programs, timeout bounds, and JSON keys (0.445ms)
✔ manual gates require allowed roles without changing requester-exclusion semantics (0.2465ms)
✔ preserves the existing advisory-validator scope; server schema/path authorization remains authoritative (0.787ms)
✔ check transformations create new drafts while retaining unchanged evidence checks and gate identity (0.4592ms)
✔ gate transitions preserve checks and retain current deliberate resets even when reselecting a gate type (0.3039ms)
✔ verification labels retain their current wording and fallback formatting (0.2427ms)
✔ WorkResultCard exposes its status and supplied content with metadata collapsed by default (13.9185ms)
✔ ready PR retains its exact URL and only an explicit download invokes the matching callback (19.5181ms)
✔ loading, unavailable and no-publication states do not fabricate a PR or perform actions (4.5268ms)
✔ a historical review mismatch changes selection only through explicit Go to delivered result (3.2212ms)
✔ an unavailable delivered-run target preserves the historical selection and only offers refresh (219.08ms)
✔ a failed publication with a recorded PR remains inspectable without being labeled Published (7.6985ms)
✔ Published is not merged or deployed and its collapsed details never invent a running preview (6.7379ms)
✔ expired artifact retention does not hide an existing PR or replace server download validation (11.8274ms)
✔ actual hook hides prior result before cleanup and aborts on each exact scope change (43.0933ms)
✔ actual hook fences late success and failure before cleanup and after replacement (16.5656ms)
✔ actual hook close and reopen with identical IDs cannot revive old ready or pending data (16.1435ms)
✔ actual hook treats positive revision as one refresh hint and never retries failure on render (47.1349ms)
✔ actual App origin-unavailable branch offers manual Refresh work context with no PR CTA (9.9374ms)
✔ actual App first-hop retry exposes the authorized result without moving pinned evidence (23.2827ms)
✔ actual App fallback reports unavailable review details for an unresolved run or request (16.4287ms)
✔ actual work pickers retain a deep-linked historical mission outside the recent eight (92.6013ms)
✔ actual work pickers do not duplicate a recent selection or invent an absent mission (68.938ms)
✔ related work includes the third mission, task, run and artifact (1.7668ms)
✔ work links name the actual work rather than presenting only opaque IDs (0.212ms)
✔ related options deduplicate repeated snapshot references (0.2053ms)
✔ mission discussion retains nested replies, including out-of-order snapshots (2.2561ms)
✔ task, run and artifact comments inherit the owning mission only (0.3695ms)
✔ unlinked cycles and missing ancestors cannot manufacture mission context (0.2658ms)
✔ context helpers leave authoritative messages and work objects unchanged (0.3117ms)
✔ work selection follows the owning authorized mission and rejects unknown links (0.3057ms)
✔ human review and automated verification are not advertised as live model sessions (0.2804ms)
✔ enterprise task labels explain the legacy studio lane keys (0.2879ms)
✔ review eligibility explains requester exclusion without bypassing the policy (0.5663ms)
✔ a pending evidence review selects its run rather than a newer active worker (0.3651ms)
✔ a tool-approval wait cannot hide a different pending evidence review (0.2417ms)
✔ review selection rejects mismatched tasks, terminal runs and non-pending requests (0.1842ms)
✔ explicit evidence selection stays bound to that run and cannot inherit another review (0.1642ms)
✔ unselected evidence follows remaining reviews and retains snapshot order without mutation (0.1825ms)
✔ a decided run remains selected until the operator deliberately chooses the next review (0.1289ms)
✔ mission UI binds evidence and decisions and pins the target before submitting (12.6266ms)
✔ runner revision is stable for reordered equivalent records without sorting the input (2.9145ms)
✔ runner revision ignores heartbeat, display and capability churn (0.2629ms)
✔ runner revision changes only when lifecycle identity or presence records change (0.2665ms)
✔ offline presence requests revalidation without rewriting endpoint readiness (0.2684ms)
✔ reconnect mismatch remains a hint until the endpoint itself returns ready presence (0.3477ms)
✔ unknown presence is false and same-ID foreign runners cannot supply presence (0.9968ms)
✔ presence hints never promote or erase native sign-in and installation states (0.5996ms)
✔ revision and presence helpers leave source, models, identity and selection immutable (0.6858ms)
✔ saved choice and source remain present while its machine is offline (0.272ms)
✔ ready metadata alone cannot borrow another connection or source for dispatch (0.5804ms)
✔ connection UI identity is scoped to actor and room (0.2803ms)
✔ native sign-in instructions cannot navigate to another host or credential-bearing URL (0.3505ms)
✔ accepts matching current contracts, aliases, CRLF and historical prose outside markers (86.1885ms)
✔ rejects added source validation command and reports expected and actual (68.0685ms)
✔ rejects removed source validation command and reports expected and actual (61.492ms)
✔ rejects reordered source validation command and reports expected and actual (57.1463ms)
✔ rejects changed documented commands; correcting the documented sequence restores passing (98.481ms)
✔ accepts quoted literal Node globs through aliases while preserving quoted versus shell-expanded arguments (103.3576ms)
✔ rejects a source SDK bump until both current compatibility docs are updated (76.6606ms)
✔ rejects a source CLI bump until both current compatibility docs are updated (68.3459ms)
✔ rejects missing opening marker instead of silently dropping a required documentation contract (48.3111ms)
✔ rejects missing closing marker instead of silently dropping a required documentation contract (52.4612ms)
✔ rejects duplicate block instead of silently dropping a required documentation contract (53.2607ms)
✔ rejects reversed markers instead of silently dropping a required documentation contract (56.7125ms)
✔ rejects inline marker instead of silently dropping a required documentation contract (56.1318ms)
✔ requires every current runtime contract and a single SDK and CLI claim inside each (57.4256ms)
✔ rejects missing root alias in the authoritative command sequence (63.9141ms)
✔ rejects cyclic root aliases in the authoritative command sequence (72.6492ms)
✔ rejects shell pipeline in the authoritative command sequence (62.7268ms)
✔ rejects quoted shell expansion in the authoritative command sequence (74.861ms)
✔ rejects empty command in the authoritative command sequence (69.5676ms)
✔ rejects unsupported alias arguments in the authoritative command sequence (57.369ms)
✔ rejects unknown documented aliases and malformed command fences (56.7891ms)
✔ reports missing required documents and an invalid source manifest without silently skipping them (55.4365ms)
✔ fails closed for unconstrained SDK dependency (63.0376ms)
✔ fails closed for SDK pin in wrong table (62.6309ms)
✔ fails closed for duplicate SDK declaration (62.0591ms)
✔ fails closed for missing named runtime constant (78.3518ms)
✔ fails closed for duplicate runtime constant (72.5465ms)
✔ relocated CLI resolves its own repository, executes no documented command, and exits nonzero for drift (345.3997ms)
✔ checkpoint fixture produces a complete, independently tested local application (400.0077ms)
✔ read-only executable hashing accepts Cargo/Git hardlinks without relaxing source isolation (31.9048ms)
✔ exact terminal metadata produces actionable failure and missing-evidence findings using GET only (19.1143ms)
✔ listed artifact is run-scoped metadata and never establishes content or attempt verification (2.2234ms)
✔ refuses active parent (0.8437ms)
✔ refuses wrong repository (0.4788ms)
✔ refuses foreign head repository (0.7013ms)
✔ refuses different workflow (0.5469ms)
✔ refuses different head (0.5196ms)
✔ refuses different attempt (0.4583ms)
✔ refuses job from other attempt (0.8274ms)
✔ refuses job from other head (1.1274ms)
✔ refuses duplicate job (1.0541ms)
✔ refuses unfinished job (0.5705ms)
✔ refuses foreign artifact (0.7337ms)
✔ refuses excess artifacts (0.8393ms)
✔ complete bounded job pagination is required and supported (13.4403ms)
✔ pagination total drift and final run drift refuse a completed observation (2.2428ms)
✔ expired artifacts and unexplained parent failure remain reviewable rather than passing (1.1541ms)
✔ same-source replay is a no-op; changed facts retain revisions and mark no-longer-observed findings (3.7686ms)
✔ previous hash tampering refuses before network reads (0.3492ms)
✔ forged previous findings fail integrity or semantic reconstruction; source changes require a new scope (3.6771ms)
✔ newer prior observations and attempts do not flow backward (3.9449ms)
✔ secret-bearing fields and supplied links never enter a receipt or executable Markdown (1.6427ms)
✔ native read budget rejects alternate endpoints, oversized metadata and late responses (1.5459ms)
✔ omitting all required jobs cannot turn one replacement success job into a complete maintenance result (1.0272ms)
✔ required skipped job needs review even when an earlier run artifact is listed (1.0212ms)
✔ required neutral job needs review even when an earlier run artifact is listed (0.8107ms)
✔ failed GETs consume the finite shared admission budget without retries (1.0394ms)
✔ CLI writes new bounded files and refuses output reuse; failures retain no raw API error (60.5929ms)
✔ hosted context binds default observer branch, event and exact parent; local mode makes no hosted claim (23.4485ms)
✔ CLI accepts only bounded exact selection and a complete prior pin (0.6919ms)
✔ CI workflow: exact Windows runner failure produces a scoped read-only handoff (2.4239ms)
✔ CI workflow: complete successful jobs need only their own declared report artifacts (1.3458ms)
✔ CI workflow: required artifact-free jobs remain required and must execute (1.1649ms)
✔ Repository checks retains its published contract and previous-receipt no-op semantics (2.0807ms)
✔ CI completeness refuses skipped artifact-free required jobs (1.0363ms)
✔ CI completeness refuses neutral artifact-free required jobs (1.7643ms)
✔ CI completeness rejects replacement jobs and requires only CI report metadata (1.812ms)
✔ CI observation is not a parent-pass claim and does not inspect diagnostic artifacts (1.6549ms)
✔ workflow profiles cannot reuse each other's receipts even at the same source (4.8576ms)
✔ CI identity refuses unknown workflow path (0.4197ms)
✔ CI identity refuses workflow-ID substitution (0.4329ms)
✔ CI identity refuses workflow-name substitution (0.2804ms)
✔ CI identity refuses workflow-path substitution (0.2771ms)
✔ CI identity refuses foreign repository (0.363ms)
✔ CI identity refuses fork head repository (0.2408ms)
✔ CI identity refuses wrong source head (0.2528ms)
✔ CI identity refuses wrong attempt (0.2337ms)
✔ CI identity refuses active CI parent (0.222ms)
✔ reader allowlist admits exactly the two workflow metadata routes (0.5197ms)
✔ hosted CI event binds workflow identity to the selected native parent (95.1201ms)
✔ workflow trigger keeps trusted observer checkout and read-only scopes for both producers (19.7958ms)
✔ consumer rereads native state using trusted routing and tolerates only observation timing changes (6.8784ms)
✔ consumer refuses task contract revision drift in a fresh observation (1.4394ms)
✔ consumer refuses source base commit drift in a fresh observation (0.8136ms)
✔ consumer refuses verifier digest drift in a fresh observation (0.9282ms)
✔ consumer refuses another actor scope drift in a fresh observation (1.6293ms)
✔ explicit run and mode selections fail before contacting a server (0.8634ms)
✔ denied or unavailable current data does not fall back to a previously passing receipt (0.4262ms)
✔ a matching failed native outcome cannot be consumed as accepted completion (0.6762ms)
✔ file consumption requires the exact expected byte hash and a bounded valid receipt (48.8167ms)
✔ receipt file reads accumulate short native reads before validating bytes (32.0393ms)
✔ receipt file truncate during short reads fails before parsing (6.697ms)
✔ receipt file grow during short reads fails before parsing (13.7976ms)
✔ framed stat metadata survives arbitrary chunk boundaries without payload disclosure (3.6928ms)
✔ unrelated RPCs and read-file contents are not recorded (1.2029ms)
✔ a response ID type change is visible without recording identifier values (0.4683ms)
✔ oversized frames are skipped without parsing nested payload text as requests (0.446ms)
✔ optional wire observation forwards exact bytes and drains the child (357.3238ms)
✔ a matching request needs a durable rejection and settled run (2.0207ms)
✔ terminal provider without permission is inconclusive, never a pass (1.2727ms)
✔ a rejected but unrelated permission does not satisfy the requested boundary (0.2246ms)
✔ approval acceptance, expiry or missing persisted decision cannot pass (0.2939ms)
✔ a decision or final run from another identity is rejected (0.2414ms)
✔ a provider that has not settled cannot pass the boundary (0.2257ms)
✔ all independent boundary results are required for complete coverage (1.3023ms)
✔ later passing cases remain visible after an earlier inconclusive case (0.3292ms)
✔ duplicate, unknown and malformed results cannot manufacture complete coverage (1.8018ms)
✔ accepts an exact seed and credential-free children of the owned runner (3.9551ms)
✔ a marker elsewhere or an arbitrary GITHUB_TOKEN is not a proven seed (1.3075ms)
✔ absent, ambiguous or foreign runner seed records cannot establish the precondition (0.8971ms)
✔ runner seed booleans must be explicit, not truthy or absent (1.1248ms)
✔ missing spawn and undefined parent IDs cannot accidentally correlate (0.4157ms)
✔ runner spawn must be unique, current and tied to the owned observer (0.7389ms)
✔ a seed observed only after runner spawn cannot prove the launch precondition (0.2921ms)
✔ missing or foreign provider observations cannot satisfy the required count (0.4227ms)
✔ a wrong-parent provider is rejected rather than silently filtered out (0.4796ms)
✔ provider identity and absence booleans must be explicit and valid (0.9556ms)
✔ missing ownership and zero or malformed minimums never allow a vacuous pass (0.687ms)
✔ actual successful relative, absolute and round-trip view results are required (2.3967ms)
✔ provider self-report and final file existence are not native-read evidence (1.1017ms)
✔ a missing absolute read or readback cannot pass (1.201ms)
✔ missing-file errors and successful-but-wrong content remain failures (0.5ms)
✔ wrong-session or conflicting tool results cannot manufacture evidence (1.5137ms)
✔ an external path with the same filename is not the assigned seed (0.3678ms)
✔ an incomplete stream is explicitly incomplete, not successful empty coverage (0.2079ms)
✔ runner observation proves the synthetic credential was inherited (295.5839ms)
✔ a missing seed fails before starting a runner (171.6517ms)
✔ provider observation confirms removal before invoking the real binary (287.1106ms)
✔ an inherited provider credential fails before any provider execution (166.5926ms)
✔ a marker under another key cannot hide a missing runner GITHUB_TOKEN seed (160.0401ms)
✔ a different token plus an unrelated marker cannot manufacture an exact runner seed (164.4636ms)
✔ a provider token other than the canary is still rejected before child execution (164.9198ms)
✔ a provider canary under another key remains a failing credential boundary (153.307ms)
✔ uninvoked production modules remain in the coverage denominator with zero hits (14.1929ms)
✔ missing production files cannot produce a passing partial coverage result (0.6786ms)
✔ duplicate and out-of-scope files cannot inflate the denominator (1.627ms)
✔ missing, duplicate and impossible native counts are rejected (0.5343ms)
✔ truncated records are never accepted as completed coverage evidence (0.2926ms)
✔ zero available branches are reported as not applicable instead of fabricated 100 percent (0.2997ms)
✔ native pin driver fails before writes without explicit opt-in and bounded phase (310.0187ms)
✔ native pin driver refuses external, inherited shared-port and credentialed origins (905.2118ms)
✔ native pin driver never invents missing output or source paths (245.0946ms)
✔ native pin driver rejects overlapping and aliased directories before any write in every phase (6274.0702ms)
✔ native pin driver rejects non-directory ancestors and dangling links before creating output (263.1534ms)
✔ issue195 public receipt binds parent binaries, pinned runtime identity, and distinct task source (11.634ms)
✔ explicit current fixture hash, suspend tokens, and missing-artifact switch normalize without disk reads (1.6063ms)
✔ rebuilt server/runner receipt hashes and an explicit rebuilt CLI hash remain valid and bound (5.4622ms)
✔ all required options are explicit; help is inert (2.4484ms)
✔ every duplicate value option and duplicate boolean switch fails closed (1.9828ms)
✔ unknown targets, positionals, missing operands, and equals-form options are rejected (0.8058ms)
✔ configuration rejects old issue190 (0.3052ms)
✔ configuration rejects string issue number (0.2127ms)
✔ configuration rejects parent rather than candidate code (0.2548ms)
✔ configuration rejects runtime commit used as task source (0.4483ms)
✔ configuration rejects unpinned source ref (0.2311ms)
✔ configuration rejects another runner (0.2357ms)
✔ configuration rejects unowned receipt (0.535ms)
✔ configuration rejects not-running supervisor (0.5284ms)
✔ configuration rejects missing owner (0.4831ms)
✔ configuration rejects invalid owner (0.8844ms)
✔ configuration rejects changed code checkout (0.2088ms)
✔ configuration rejects changed source checkout (0.192ms)
✔ configuration rejects changed worktree root (0.1923ms)
✔ configuration rejects invalid server digest (0.2154ms)
✔ configuration rejects invalid runner digest (0.2939ms)
✔ configuration rejects executable substitution (0.3935ms)
✔ configuration rejects binary outside owned bin (0.3564ms)
✔ configuration rejects missing public process (0.2268ms)
✔ configuration rejects wrong process role (0.3155ms)
✔ configuration rejects wrong process workspace (0.4441ms)
✔ configuration rejects invalid process pid (0.4689ms)
✔ configuration rejects invalid process start (0.3497ms)
✔ synthetic VerifyRun evidence distinguishes awaiting independent review from accepted completion (13.9232ms)
✔ forced commit_branch export rejection is a named failure, never archive bypass or approval (3.879ms)
✔ missing-required-provider-Artifact negative shares the native checks without inventing bytes (3.8805ms)
✔ assessRecovery refuses original usage rewritten (3.0255ms)
✔ assessRecovery refuses original output history changed (2.7899ms)
✔ assessRecovery refuses provider-attempt counter reset (2.2961ms)
✔ assessRecovery refuses provider-attempt maximum changed (2.1062ms)
✔ assessRecovery refuses source incident changed (2.7609ms)
✔ assessRecovery refuses checkpoint authority absent (3.4929ms)
✔ assessRecovery refuses different context source (2.5693ms)
✔ assessRecovery refuses budget reset hidden in context (2.2599ms)
✔ assessRecovery refuses another native recovery (2.2171ms)
✔ assessRecovery refuses source-correction instead of verification (2.5734ms)
✔ assessRecovery refuses recovery contract revision (1.8596ms)
✔ assessRecovery refuses changed recovery reason (1.8532ms)
✔ assessRecovery refuses weakened replacement policy (1.8484ms)
✔ assessRecovery refuses new provider session (2.6027ms)
✔ assessRecovery refuses allocated model tokens (2.2566ms)
✔ assessRecovery refuses allocated model cost (3.682ms)
✔ assessRecovery refuses consumed input tokens (2.4621ms)
✔ assessRecovery refuses consumed output tokens (2.4064ms)
✔ assessRecovery refuses consumed model cost (3.1973ms)
✔ assessRecovery refuses different workspace root run (2.3413ms)
✔ assessRecovery refuses replacement workspace not preserved (2.3597ms)
✔ assessRecovery refuses replacement fingerprint changed (2.8685ms)
✔ assessRecovery refuses invented provider artifact (4.0359ms)
✔ assessRecovery refuses provider event outside snapshot window (3.307ms)
✔ assessRecovery refuses native command acknowledgment missing (3.3941ms)
✔ assessRecovery refuses missing native app check (3.2003ms)
✔ assessRecovery refuses evidence kind mismatch (3.8813ms)
✔ assessRecovery refuses independent-review self-approval (3.5447ms)
✔ assessRecovery refuses accepted run before gate decision (3.3272ms)
✔ assessRecovery refuses missing factory completion event (2.0854ms)
✔ assessRecovery refuses empty source deliverable (2.9881ms)
✔ assessRecovery refuses wrong deliverable provenance (2.5729ms)
✔ download validation uses in-memory bytes and checks payload digests without claiming a browser test (3.8863ms)
✔ configuration refuses target http://localhost:18574 (0.3199ms)
✔ configuration refuses target https://127.0.0.1:18574 (0.1469ms)
✔ configuration refuses target http://127.0.0.1:18574/ (0.1282ms)
✔ configuration refuses target http://127.0.0.1:18575 (0.1151ms)
✔ configuration refuses target http://127.0.0.1:8791 (0.1581ms)
✔ configuration refuses target http://127.0.0.1:18574/api (0.1346ms)
✔ configuration refuses target http://127.0.0.1:18574?x=1 (0.1238ms)
✔ configuration refuses target http://example.invalid:18574 (0.1008ms)
✔ configuration refuses target http://user:password@127.0.0.1:18574 (0.1724ms)
✔ configuration refuses target http://[::1]:18574 (0.1138ms)
✔ absolute path and owned-output boundaries reject aliases, devices, UNC, ADS, and root reuse (4.4661ms)
✔ explicit independent reviewer, valid digest, and bounded numeric options are mandatory (8.6098ms)
✔ reports expose hashes and constrained identity, never receipt metadata or provider output (2.4038ms)
✔ saved report cannot adopt changed authority, extra fields, or identities without prior intent (7.7643ms)
✔ baseline and journal never consult the bounded snapshot.events window (38.2787ms)
✔ baseline preserves every pre-existing missions record (1.4851ms)
✔ baseline preserves every pre-existing tasks record (0.8375ms)
✔ baseline preserves every pre-existing runs record (1.5108ms)
✔ baseline preserves every pre-existing factory_work_items record (1.0655ms)
✔ baseline preserves every pre-existing factory_verification_recoveries record (0.8907ms)
✔ baseline preserves every pre-existing verification_evidence record (1.0354ms)
✔ baseline preserves every pre-existing verification_requests record (1.4718ms)
✔ baseline preserves every pre-existing source_deliverables record (2.7566ms)
✔ baseline preserves every pre-existing mission_contract_revisions record (1.0334ms)
✔ baseline preserves every pre-existing mission_budget_revisions record (1.5596ms)
✔ baseline preserves every pre-existing action_approvals record (2.1763ms)
✔ baseline preserves every pre-existing circuit_breaker_incidents record (2.2691ms)
✔ baseline permits additive rows and events while forbidding live work and missing history tables (3.1091ms)
✔ journal requires exact Ready watermark, ordered unique same-Corp events, and bounded count (1.4622ms)
✔ buildPlan is deterministic, fresh, output-owned, and mirrors one ready synthetic issue (2.6264ms)
✔ factory argv remains pinned and recovery only appends the exact checkpoint mode and recorded reason (2.5389ms)
✔ persisted app, base-file, exact hash command and independent-review checks cannot be replaced by Artifact (12.9868ms)
✔ checkpoint digests use Rust field order, preserve app policy, and retain forced commit_branch authority (1.0793ms)
✔ invokeFactory uses only injected child I/O, a bounded timeout, and a non-inherited environment (2.1466ms)
✔ invokeFactory never retries an uncertain execution or logs raw stdout/stderr (2.1717ms)
✔ explicit Windows assessment preserves historical paths on every host (4.1907ms)
✔ default host assessment still rejects foreign path namespaces (1.0033ms)
✔ assessOriginal binds native stop from full replay, not snapshot.events (1.7187ms)
✔ assessOriginal binds native suspend from full replay, not snapshot.events (2.7464ms)
✔ assessOriginal rejects provider attempt increment without accepting or replacing work (1.9721ms)
✔ assessOriginal rejects attempt ceiling revision without accepting or replacing work (1.1891ms)
✔ assessOriginal rejects current budget revision without accepting or replacing work (1.0457ms)
✔ assessOriginal rejects original budget rewrite without accepting or replacing work (1.0452ms)
✔ assessOriginal rejects persisted hash verifier removal without accepting or replacing work (1.3321ms)
✔ assessOriginal rejects manual gate weakening without accepting or replacing work (1.5284ms)
✔ assessOriginal rejects contract source replacement without accepting or replacing work (1.1915ms)
✔ assessOriginal rejects write scope replacement without accepting or replacing work (0.8288ms)
✔ assessOriginal rejects archive bypass of forced commit_branch without accepting or replacing work (0.8687ms)
✔ assessOriginal rejects provider secret authority without accepting or replacing work (0.9041ms)
✔ assessOriginal rejects extra provider run without accepting or replacing work (1.2412ms)
✔ assessOriginal rejects extra task without accepting or replacing work (0.8558ms)
✔ assessOriginal rejects changed factory owner without accepting or replacing work (0.6977ms)
✔ assessOriginal rejects changed issue revision without accepting or replacing work (0.7389ms)
✔ assessOriginal rejects wrong assigned runner without accepting or replacing work (0.7816ms)
✔ assessOriginal rejects producer reviewing itself without accepting or replacing work (0.807ms)
✔ assessOriginal rejects source-checkout execution without accepting or replacing work (0.9366ms)
✔ assessOriginal rejects quarantined checkpoint without accepting or replacing work (0.7614ms)
✔ assessOriginal rejects loop-counter change without accepting or replacing work (0.8703ms)
✔ assessOriginal rejects rewritten usage without accepting or replacing work (1.15ms)
✔ assessOriginal rejects invented provider artifact without accepting or replacing work (0.9709ms)
✔ assessOriginal rejects checkpoint missing without accepting or replacing work (1.6147ms)
✔ assessOriginal rejects checkpoint policy digest changed without accepting or replacing work (1.0874ms)
✔ assessOriginal rejects provider still alive without accepting or replacing work (1.0393ms)
✔ assessOriginal rejects budget command not acknowledged without accepting or replacing work (1.3079ms)
✔ assessOriginal rejects budget incident missing without accepting or replacing work (1.2193ms)
✔ assessOriginal rejects previously recorded run missing without accepting or replacing work (0.9421ms)
✔ assessOriginal rejects accepted provider progress hidden before snapshot window without accepting or replacing work (0.7678ms)
✔ suite pauses for native browser review by default and only observes external approval on continuation (67.7744ms)
✔ suite retains native forced-commit export failure and performs no review, download, or policy bypass (20.5291ms)
✔ suite missing-Artifact negative is explicit rejection, not verified delivery or fabricated provider evidence (25.5196ms)
✔ --continue cannot create a baseline or begin an unrecorded mutation (9.2879ms)
✔ unknown create response is never retried; continuation times out without adopting replacement work (40.5687ms)
✔ lost create response reconciles the exact item/run, but --continue cannot authorize recovery (17.7181ms)
✔ lost recovery response binds the recorded replacement; continuation only pauses for its exact browser gate (29.5847ms)
✔ external browser approval completes exact recorded work without retries or erasing earlier failure history (46.2345ms)
✔ suite never mutates when independent reviewer is missing (4.8362ms)
✔ suite never mutates when independent reviewer is not human (4.0116ms)
✔ suite never mutates when independent reviewer is unauthorized role (2.9505ms)
✔ suite never mutates when independent reviewer is guest (3.1886ms)
✔ suite never mutates when independent reviewer is wrong Corp (3.7242ms)
✔ failed intent persistence or changed parent inputs prevents the corresponding native effect (26.4745ms)
✔ a colliding synthetic item without saved create intent is never adopted or mutated (4.2307ms)
✔ wrong physical base bytes stop before recovery; tampered downloads stop without another attempt (35.4463ms)
✔ --continue fails closed when recorded work disappears, with no new mission or native retry (30.9103ms)
✔ explicit browser-review flag preserves the default two-step flow without a scripted-review mode (12.1356ms)
✔ browser-review pause cannot be continued with substituted gate identities or reviewer (13.0058ms)
✔ production I/O exposes no review POST and confines injected requests to exact GET routes (29.2126ms)
✔ runtime factory adapter never retries an ambiguous injected CLI call (0.9943ms)
✔ server-upgrade option is explicit, continue-only, and confined to the owned runtime directory (16.6982ms)
✔ server-only upgrade retains the original binding/failure and separately records server provenance read-only (27.2956ms)
✔ upgrade rejects runner/web/CLI changes, a mismatched old binding, and conflicting server provenance (13.8214ms)
✔ same-verifier native checkpoint re-attestation accepts a real run_id-only VerificationRequest (2.1241ms)
✔ checkpoint re-attestation cannot target another run, duplicate an ACK, or permit provider usage (3.005ms)
✔ strict phase parsing and explicit opt-in (4.9945ms)
✔ reject manual/default/aliased ports, credentials, ambiguous URLs and mismatched environment before API access (8.1449ms)
✔ verification is GET-only and no phase can call decision/reset/bootstrap/foreign-Corp routes (1.9455ms)
✔ prepare → newer approved → isolated replay observation → explicit older approval → automatic synthesis (99.229ms)
✔ lost create response adopts exact marker without sending a second create (17.9161ms)
✔ unknown create that never arrived fails closed, never creates a replacement (2.7784ms)
✔ lost revision response replays the exact native UUID and preserves only two revisions (49.5392ms)
✔ lost launch response recovers exact root IDs by readback, never dispatches again (22.1862ms)
✔ wrong source/pinned staffing/non-quiescent fixture rejected before any POST (2.7005ms)
✔ cannot skip intermediate observation or approve the older run first (46.069ms)
✔ exact reviewer attribution, artifact binding and no second decision are enforced (70.1951ms)
✔ duplicate decision event and journal rollover cannot pass as replay isolation (44.5821ms)
✔ checkpoint fixture mismatch and modified pre-existing rows are rejected (40.8193ms)
✔ failed artifact download is rechecked on prepare resume without more POSTs (23.1184ms)
✔ linux: native unavailable admission is a verified refusal, not provider success (322.5494ms)
✔ darwin: native unavailable admission is a verified refusal, not provider success (257.0203ms)
✔ Windows: an unavailable provider remains a failure (235.3963ms)
✔ Unix: accidentally accepting an unsupported provider fails the contract (240.1673ms)
✔ Unix: an unrelated admission failure cannot stand in for containment refusal (291.2343ms)
✔ Unix: a refusal with a persisted run is rejected (324.1155ms)
✔ Unknown runner platforms fail before resetting a fixture (159.8178ms)
✔ A Linux expectation cannot conceal an unavailable Windows runner (199.6622ms)
✔ Unknown reported runner OS fails before creating provider work (205.1939ms)
✔ An owned child stuck on HTTP is reaped before fixture cleanup (2037.6885ms)
✔ explicit CLI and parent runtime receipt reuse retain owner/source/process binding (7.7958ms)
✔ additive request changes only the fixture case, keeps native 5000 authority and no delivery/resume (0.7104ms)
✔ shared client sends exact additive create/launch bodies without retries or extra routes (27.1184ms)
✔ pure native trace accepts actual ACK before failure/termination without prescribing that order (6.2316ms)
✔ pure native trace accepts actual ACK between failure/termination without prescribing that order (3.2007ms)
✔ pure native trace accepts actual ACK after failure/termination without prescribing that order (1.4791ms)
✔ pure evidence rejection: missing actual artifact rejection (1.1892ms)
✔ pure evidence rejection: unrelated failure (0.9214ms)
✔ pure evidence rejection: termination before failure is not the race (1.0267ms)
✔ pure evidence rejection: missing termination is not success (1.9285ms)
✔ pure evidence rejection: missing ACK remains unproven (1.1655ms)
✔ pure evidence rejection: wrong command correlation (1.2039ms)
✔ pure evidence rejection: wrong ACK runner (1.1731ms)
✔ pure evidence rejection: foreign session event scope (0.8101ms)
✔ pure evidence rejection: non-native event attribution (1.0459ms)
✔ pure evidence rejection: wrong native event identity (0.9462ms)
✔ pure evidence rejection: rewritten failure summary (0.6954ms)
✔ pure evidence rejection: agent still assigned (0.6712ms)
✔ pure evidence rejection: task resurrected (0.6751ms)
✔ pure evidence rejection: mission resurrected (0.963ms)
✔ pure evidence rejection: accepted artifact metadata (1.2099ms)
✔ pure evidence rejection: late accepted completion even if snapshot says failed (1.1948ms)
✔ pure evidence rejection: accepted artifact even outside bounded snapshot.events (1.1794ms)
✔ pure evidence rejection: verification event is forbidden (0.7143ms)
✔ pure evidence rejection: uncertain teardown is forbidden (0.7466ms)
✔ pure evidence rejection: accepted evidence record (1.4368ms)
✔ pure evidence rejection: budget revision (0.7326ms)
✔ pure evidence rejection: replacement run (0.5146ms)
✔ pure evidence rejection: source substitution (0.6696ms)
✔ pure evidence rejection: verification-only execution cannot attest a provider (0.7317ms)
✔ pure evidence rejection: usage must be exactly two 3000-token increments (1.1855ms)
✔ invalid native termination payload cannot pass (null) (1.0938ms)
✔ invalid native termination payload cannot pass ([]) (1.0025ms)
✔ invalid native termination payload cannot pass ({}) (0.6717ms)
✔ invalid native termination payload cannot pass ({"adapter":"other"}) (0.7168ms)
✔ invalid native termination payload cannot pass ({"provider_process_alive":true}) (0.6896ms)
✔ invalid native termination payload cannot pass ({"provider_process_alive":"false"}) (0.7939ms)
✔ invalid native termination payload cannot pass ({"outcome":"verified"}) (0.916ms)
✔ invalid native termination payload cannot pass ({"message":""}) (0.7197ms)
✔ invalid native termination payload cannot pass ({"message":1}) (0.7351ms)
✔ invalid native termination payload cannot pass ({"message":"xxxxxxxxxxxxxxxxxxxxxxxxxxxxxxxxxxxxxxxxxxxxxxxx) (1.4001ms)
✔ invalid native termination payload cannot pass ({"message":"untrusted\ntext"}) (1.1477ms)
✔ invalid native termination payload cannot pass ({"message":"
"}) (0.626ms)
✔ invalid native termination payload cannot pass ({"credential":"PRIVATE_PROVIDER_CONTENT_OR_ASSIGNMENT_TOKEN_) (1.0894ms)
✔ all native terminal outcomes and absent optional message are valid telemetry, not accepted completion (4.4207ms)
✔ one additive case checkpoints and announces intent/IDs, retains history, and waits for quiet readback (29.7696ms)
✔ passed same-case continuation recomputes proof with zero further mutations (27.4736ms)
✔ createLost: failure preserves exact intent, continuation never retries an attempted POST (15.1486ms)
✔ createUnknown: failure preserves exact intent, continuation never retries an attempted POST (2.7154ms)
✔ launchLost: failure preserves exact intent, continuation never retries an attempted POST (12.8132ms)
✔ launchUnknown: failure preserves exact intent, continuation never retries an attempted POST (2.8194ms)
✔ bounded live failure leaves the original run live, IDs and intent intact, with no replacement (39.4813ms)
✔ missing late telemetry is a bounded failure with actual ACK order, not a race claim (28.8281ms)
✔ natural later telemetry/finalization can settle without rewriting terminal state or historical events (18.5578ms)
✔ settling cannot hide changed terminal run summary (7.6261ms)
✔ settling cannot hide changed terminal task (4.8558ms)
✔ settling cannot hide changed terminal mission (5.4772ms)
✔ settling cannot hide changed terminal agent (6.5826ms)
✔ settling cannot hide changed old run (4.2942ms)
✔ settling cannot hide changed old agent (5.5839ms)
✔ settling cannot hide changed old journal prefix (5.979ms)
✔ settling cannot hide changed original failure event (7.1677ms)
✔ saved report cannot substitute receipt, native authority, source, or erase baseline after an effect (2.8646ms)
✔ report save uses exclusive lock, private synced temp and atomic rename; refuses implicit overwrite (4.6227ms)
✔ stale locks are never stolen and failed saves retain original report and orphaned temp (1.0077ms)
✔ report cannot replace receipt; bounded reads reject links, hardlinks and inode swaps before reading (0.9976ms)
✔ CLI is explicit, non-ambient, duplicate/unknown flags fail (4.4657ms)
✔ explicit parent runtime metadata aligns without opening any named process/log/source (4.511ms)
✔ rejects protected/manual API port 5187 (0.2741ms)
✔ rejects protected/manual API port 5291 (0.1793ms)
✔ rejects protected/manual API port 8791 (0.2082ms)
✔ rejects protected/manual API port 8793 (0.2061ms)
✔ rejects protected/manual API port 8991 (0.1591ms)
✔ rejects protected/manual API port 15191 (0.2593ms)
✔ rejects protected/manual API port 15193 (0.2464ms)
✔ rejects protected/manual API port 15491 (0.3382ms)
✔ rejects protected/manual API port 15493 (0.1915ms)
✔ rejects protected/manual API port 15496 (0.2046ms)
✔ rejects protected/manual API port 18961 (0.2838ms)
✔ rejects protected/manual API port 18962 (0.1587ms)
✔ rejects protected/manual API port 18963 (0.1327ms)
✔ rejects ambiguous or non-owned origin http://localhost:18574 (0.2453ms)
✔ rejects ambiguous or non-owned origin http://127.1:18574 (0.187ms)
✔ rejects ambiguous or non-owned origin http://[::1]:18574 (0.1804ms)
✔ rejects ambiguous or non-owned origin https://127.0.0.1:18574 (0.1868ms)
✔ rejects ambiguous or non-owned origin http://127.0.0.1:18574/ (0.179ms)
✔ rejects ambiguous or non-owned origin http://127.0.0.1:18574/api (0.1919ms)
✔ rejects ambiguous or non-owned origin http://127.0.0.1:18574?x=1 (0.2367ms)
✔ rejects ambiguous or non-owned origin http://redacted:redacted@127.0.0.1:18574 (0.2104ms)
✔ rejects ambiguous or non-owned origin http://example.com:18574 (0.1274ms)
✔ receipt requires complete immutable source, no unknown authority or provider substitution (2.9302ms)
✔ native requests preserve single strategy, exact source, budget, File verifier, no deliverable (0.5973ms)
✔ Rust policy digest uses explicit declaration order, not JS/JSONB property order (0.6367ms)
✔ canonical containment handles Windows drive prefixes but rejects aliases/escapes (0.6355ms)
✔ POSIX containment rejects traversal, equality and sibling prefixes (0.5692ms)
✔ base.txt reads exactly five bytes, and all link/reparse/hardlink failures occur before open (10.2965ms)
✔ opened-file identity swaps fail closed without reading bytes (1.3499ms)
✔ runners are top-level; nested-only, unavailable, foreign, ambiguous or different-source runners fail (1.2425ms)
✔ suspend: actual usage -> breaker -> native teardown -> exact checkpoint -> terminal (2.5068ms)
✔ stop: actual usage -> breaker -> native teardown -> exact checkpoint -> terminal (0.9583ms)
✔ rejects missing checkpoint (0.9353ms)
✔ rejects foreign Corp proof (0.8167ms)
✔ rejects foreign mission proof (0.9045ms)
✔ rejects foreign task proof (1.3024ms)
✔ rejects foreign run proof (1.5175ms)
✔ rejects foreign agent proof (0.9131ms)
✔ rejects foreign runner proof (0.7153ms)
✔ rejects wrong original base (0.7438ms)
✔ rejects changed HEAD (0.6629ms)
✔ rejects changed fingerprint (0.6125ms)
✔ rejects arbitrary JS policy ordering (1.0525ms)
✔ rejects changed write digest (0.6244ms)
✔ rejects changed deliverable digest (0.7012ms)
✔ rejects token in proof (0.973ms)
✔ rejects live provider (0.597ms)
✔ rejects wrong adapter (1.0627ms)
✔ rejects foreign event lineage (0.8ms)
✔ rejects late checkpoint (0.9312ms)
✔ rejects missing usage (0.7566ms)
✔ rejects fake cumulative usage (0.7673ms)
✔ rejects wrong breaker metric (0.8169ms)
✔ rejects wrong command acknowledgement (0.8628ms)
✔ rejects accepted artifact (0.6294ms)
✔ rejects verification started (1.6887ms)
✔ rejects lost is not completion (0.8586ms)
✔ rejects agent still assigned (0.844ms)
✔ rejects automatic retry (0.8286ms)
✔ rejects replacement task (0.6627ms)
✔ rejects resume lineage (0.6808ms)
✔ rejects budget override (0.3665ms)
✔ rejects write scope widening (0.3701ms)
✔ rejects policy weakening (0.3533ms)
✔ rejects path outside runner (0.6546ms)
✔ rejects unknown projection strings are not logged (0.4989ms)
✔ rejects non-native none breaker projection is rejected (0.4623ms)
✔ rejects accepted evidence row (0.525ms)
✔ full replay, not the bounded snapshot, rejects earlier run.completed (0.7056ms)
✔ full replay, not the bounded snapshot, rejects earlier run.verification_started (1.1338ms)
✔ full replay, not the bounded snapshot, rejects earlier run.verification_evidence (0.5781ms)
✔ full replay, not the bounded snapshot, rejects earlier run.artifact (0.7815ms)
✔ full replay, not the bounded snapshot, rejects earlier run.deliverable (0.8497ms)
✔ full replay, not the bounded snapshot, rejects earlier run.workspace_removed (0.6006ms)
✔ full replay, not the bounded snapshot, rejects earlier run.teardown_uncertain (0.7459ms)
✔ visible history and original journal prefix are immutable; no whole-database inference (1.7978ms)
✔ journal bounds, strict ordering, non-contiguous visible sequences and Ready watermark (0.6832ms)
✔ API requests allow only exact scoped snapshot/create/launch, never reset/policy/resume (33.2668ms)
✔ HTTP errors with sensitive bodies are not retried or exposed (0.8622ms)
✔ oversized API responses fail at the byte bound, with no response body in the error (10.2018ms)
✔ native journal API requires a real Ready watermark and refuses partial replay (1.3645ms)
✔ two additive cases checkpoint intent/IDs, retain old history, and pass only after quiet observation (33.752ms)
✔ baseline counts are dynamic, including completed prior browser-created missions (34.4285ms)
✔ completed checkpoint continuation is read-only and never re-launches either case (32.8618ms)
✔ timeout leaves a live run LIVE with its original ID and never starts a replacement/second case (24.4803ms)
✔ lost create response discovers exact original IDs; intentional continuation sends no duplicate (22.4918ms)
✔ uncertain create without an observable result blocks continuation, never replacement (1.3861ms)
✔ lost launch response discovers exact original IDs; intentional continuation sends no duplicate (16.7865ms)
✔ uncertain launch without an observable result blocks continuation, never replacement (2.2109ms)
✔ driver failure keeps IDs and failure report; late accepted verification cannot pass (6.8203ms)
✔ saved report cannot change receipt/source/runner/process scope or invent successful authority (1.0146ms)
✔ existing budget-stream keeps its original synthetic 6000-token contract (1194.0495ms)
✔ UI budget-stream uses the real 500K preset with explicit synthetic counters (1163.5268ms)
✔ native interrupt prevents later usage and completion in the UI fixture (294.4062ms)
✔ original budget-stream still interrupts before its second usage and scheduled completion (279.479ms)
✔ queued completion emits exact usage and completed before a subsequent interrupt response (150.4683ms)
✔ actual queued fixture writes base then emits both usages and finish synchronously without timers (4.6329ms)
✔ User/Organization resolver verifies owner and project number without reading items (918.5592ms)
✔ opaque paginated active-only discovery retains 1002 items and exact Issue source (1999.1964ms)
✔ empty pages, invalid cursors and archived cursors never silently restart pagination (1243.5349ms)
✔ quota-only probes accept include flags before/after endpoint and retain plain JSON (616.7423ms)
✔ exact items, memberships and publisher fields support metered and legacy plain callers (1223.4145ms)
✔ configured primary refusal exposes reset headers and recovers exactly at fixture reset (464.1033ms)
✔ secondary failures are finite per-query attempts even with interleaved probes (737.0415ms)
✔ 503 failures expose Retry-After without spending quota or triggering source mutation (345.9401ms)
✔ source-drift hook remains shared across pages, legacy lists and exact reads only (1406.5562ms)
✔ legacy Project edits and publisher PR mutation/recovery semantics are preserved (930.1248ms)
✔ errors and observation logs never echo credentials, headers, query text or variables (610.425ms)
✔ invalid quota/failure configurations fail safely and event retention is bounded (1254.8345ms)
✔ parses HTTPS clone URL without resolving redirects (3.7837ms)
✔ parses HTTPS repository URL without resolving redirects (0.3513ms)
✔ parses HTTPS default port without resolving redirects (0.1496ms)
✔ parses SSH SCP URL without resolving redirects (0.3089ms)
✔ parses SSH URI without resolving redirects (0.2593ms)
✔ parses SSH default port without resolving redirects (0.3046ms)
✔ parses SSH alternate port without resolving redirects (0.2454ms)
✔ parses case normalization without resolving redirects (0.191ms)
✔ parses trailing slash without resolving redirects (1.1535ms)
✔ parses Git output newline without resolving redirects (0.3016ms)
✔ keeps old, transferred and deliberately wrong repositories distinct (0.5139ms)
✔ retains valid repository punctuation (0.163ms)
✔ rejects missing without disclosing the origin (0.7186ms)
✔ rejects null without disclosing the origin (0.1303ms)
✔ rejects non-string without disclosing the origin (0.1106ms)
✔ rejects empty without disclosing the origin (0.1154ms)
✔ rejects bare namespace without disclosing the origin (0.126ms)
✔ rejects different host without disclosing the origin (0.1155ms)
✔ rejects host suffix without disclosing the origin (0.1072ms)
✔ rejects HTTP without disclosing the origin (0.147ms)
✔ rejects Git protocol without disclosing the origin (0.1548ms)
✔ rejects HTTPS userinfo without disclosing the origin (0.2271ms)
✔ rejects HTTPS password without disclosing the origin (0.185ms)
✔ rejects SSH password without disclosing the origin (0.1244ms)
✔ rejects non-Git SSH user without disclosing the origin (0.1097ms)
✔ rejects SCP userinfo without disclosing the origin (0.1047ms)
✔ rejects SCP prefix not recognized by the runner without disclosing the origin (0.0998ms)
✔ rejects query without disclosing the origin (0.1003ms)
✔ rejects fragment without disclosing the origin (0.093ms)
✔ rejects extra path without disclosing the origin (0.1675ms)
✔ rejects traversal without disclosing the origin (0.1981ms)
✔ rejects dot owner without disclosing the origin (0.1242ms)
✔ rejects dot repository without disclosing the origin (0.0992ms)
✔ rejects empty repository without disclosing the origin (0.1029ms)
✔ rejects encoded path without disclosing the origin (0.0928ms)
✔ rejects backslash without disclosing the origin (0.1351ms)
✔ rejects multiple origins without disclosing the origin (0.1024ms)
✔ rejects oversized origin without disclosing the origin (0.1087ms)
✔ reads only the selected checkout origin with bounded, piped Git output (0.3529ms)
✔ Git failure discards message, cause, stdout and stderr without fallback (0.2458ms)
✔ a successful Git read cannot admit a credential-bearing origin (0.2492ms)
✔ imports actual-shaped retained native success and reproducible external rejection as a candidate only (121.0658ms)
✔ old oracle without physical digest remains explicitly weaker and prompt alignment remains unreviewed (106.0399ms)
✔ repeated captures and checker versions of one run do not create independent evidence identities (337.8222ms)
✔ local review digest cannot activate a candidate even with two distinct native runs (210.4798ms)
✔ refuses foreign Corp even with repinned retained files (92.4033ms)
✔ refuses foreign room even with repinned retained files (98.6519ms)
✔ refuses other source even with repinned retained files (98.7281ms)
✔ refuses changed contract source even with repinned retained files (109.8917ms)
✔ refuses missing native checks even with repinned retained files (91.1503ms)
✔ refuses failed test under passed native label even with repinned retained files (96.7349ms)
✔ refuses wrong oracle bytes even with repinned retained files (99.8896ms)
✔ refuses wrong resume identity even with repinned retained files (106.8618ms)
✔ refuses wrong resume ancestry even with repinned retained files (96.7556ms)
✔ refuses cancelled run even with repinned retained files (103.5784ms)
✔ refuses substituted before bytes even with repinned retained files (96.3345ms)
✔ refuses unknown checker even with repinned retained files (19.6307ms)
✔ hash pins, duplicate JSON keys and traversal are rejected before candidate output (94.7757ms)
✔ directory redirection and oversized files fail closed (131.865ms)
✔ exact append handles LF and CRLF without normalizing changed source (0.5287ms)
✔ external rejection cannot be imported when exact output actually passes (94.9332ms)
✔ CLI reads pinned inputs and creates one new corpus without overwriting source files (267.377ms)
✔ CLI has one aggregate read budget covering the request, corpus, manifests and retained files (311.3334ms)
▶ local stack owned-process and state regression fixtures
  ✔ identity comes from the live process and binds only the explicit workspace (2.8673ms)
  ✔ wrong timestamps, executable, workspace and malformed records fail closed (0.274ms)
  ✔ a stale creation record aimed at a live synthetic PID cannot stop it (0.2667ms)
  ✔ stopping the verified root leaves its descendant and an unrelated child alive (0.2367ms)
  ✔ Start accepts working and log directories containing spaces (0.2461ms)
  ✔ Start treats bracketed log directories as literal paths (0.2209ms)
  ✔ Start treats bracketed working directories as literal paths (0.2202ms)
  ✔ failed-start rollback results preserve the original error and require both success signals (0.2802ms)
  ✔ Start preserves literal arguments, spaces, child-only environment and redacted evidence (0.3592ms)
  ✔ repeated role launches retain earlier logs and allocate unique stdout/stderr files (0.4866ms)
  ✔ extracted Launch preserves ownership on save failure (verified rollback) (0.2384ms)
  ✔ extracted Launch preserves ownership on save failure (unverified rollback) (0.1472ms)
  ✔ v2 state round-trips nested records and read preserves exact bytes (0.152ms)
  ✔ corrupt, unsupported and differently scoped state is refused without deleting evidence (0.2652ms)
  ✔ state writes reject traversal, sibling-prefix paths and foreign workspace claims (0.2098ms)
  ✔ state writes reject reparse-point parent directories (0.1472ms)
  ✔ a failed atomic replacement preserves old bytes and removes its temporary file (1.6661ms)
  ✔ concurrent synthetic reader observes only complete atomic state generations (0.1297ms)
  ✔ legacy numeric state stays read-only and never authorizes stopping (0.2537ms)
  ✔ cleanup reaps only held synthetic handles and removes only its temporary tree (0.1248ms)
✔ local stack owned-process and state regression fixtures (10948.3653ms)
ℹ PowerShell 7.6.5; 14 synthetic processes reaped; no fixture tree remains
▶ local stack starter source guards
  ✔ starter has no unconditional stop invocation (0.2073ms)
  ✔ starter never passes a database URL as a command argument (0.115ms)
  ✔ starter forwards the native runner startup-recovery opt-out unchanged (0.0899ms)
  ✔ persisted runner IDs block automatic reenrollment even when offline (0.079ms)
  ✔ Factory policy paths are canonicalized against the checkout before persistence and launch (0.102ms)
  ✔ Factory saved connection is retained and passed only as an explicit native option (0.0799ms)
  ✔ live source-ref changes use exact comparison for old and current records (0.1175ms)
  ✔ starter never deletes enrollment or credentials without an explicit reset/rotation guard (0.0772ms)
  ✔ Compose operations are guarded by external-database selection (0.0755ms)
  ✔ stopper does not rediscover or terminate a descendant tree from saved PIDs (0.0867ms)
✔ local stack starter source guards (3602.8158ms)
✔ one checkout serializes commands while another checkout remains usable (6287.7594ms)
✔ explicit restart nesting and failed operations release their native lock (5583.9385ms)
✔ an interrupted command does not leave a stale lock requiring manual cleanup (3297.4575ms)
✔ both supported entrypoints use the same operation boundary (22.975ms)
✔ reported idle remains idle without a pending request (3.0606ms)
✔ reported starting remains starting without a pending request (0.1595ms)
✔ reported working remains working without a pending request (0.1205ms)
✔ reported blocked remains blocked without a pending request (0.2072ms)
✔ reported reviewing remains reviewing without a pending request (0.1227ms)
✔ reported offline remains offline without a pending request (0.1235ms)
✔ working station "read" projects reading (0.2435ms)
✔ working station "search" projects reading (0.2767ms)
✔ working station " READ " projects reading (0.3072ms)
✔ working station "Search" projects reading (0.2954ms)
✔ working station "test" projects working (0.1264ms)
✔ working station "build" projects working (0.1004ms)
✔ working station "review" projects working (0.1094ms)
✔ working station "research" projects working (0.1118ms)
✔ working station "bread" projects working (0.0738ms)
✔ working station "break" projects working (0.0737ms)
✔ working station "unknown-tool" projects working (0.0593ms)
✔ working station null projects working (0.0774ms)
✔ a stale station does not invent activity for a non-working agent (0.2086ms)
✔ a blocked agent needs an exact current-run approval match (0.1255ms)
✔ an exact current-run pending review is distinct from an action approval (0.1087ms)
✔ unrelated and prior-run pending requests cannot affect the current agent (0.1685ms)
✔ an approval stops affecting an agent as soon as its current run changes (0.1243ms)
✔ null and empty current-run IDs cannot acquire pending request state (0.1575ms)
✔ offline wins even when the recorded current run has both pending requests (0.113ms)
✔ exact action approval takes precedence over exact review (0.1505ms)
✔ explicit current-run requests do not depend on a blocked display status (0.1501ms)
✔ projection does not mutate agents or request sets or infer state from identity text (0.8807ms)
✔ all eight states have distinct labels and factual descriptions (0.4855ms)
✔ roster ordering is stable by ID without mutating the source array (0.3041ms)
✔ renaming or changing activity does not move an existing roster to different seats (0.3684ms)
✔ 0 agents occupy exactly 0 studios without stacked seats (0.2294ms)
✔ 1 agents occupy exactly 1 studios without stacked seats (0.2717ms)
✔ 5 agents occupy exactly 1 studios without stacked seats (0.1752ms)
✔ 6 agents occupy exactly 1 studios without stacked seats (0.2688ms)
✔ 7 agents occupy exactly 2 studios without stacked seats (0.2596ms)
✔ 11 agents occupy exactly 2 studios without stacked seats (0.1343ms)
✔ 12 agents occupy exactly 2 studios without stacked seats (0.0998ms)
✔ 13 agents occupy exactly 3 studios without stacked seats (0.1537ms)
✔ 17 agents occupy exactly 3 studios without stacked seats (0.1266ms)
✔ 18 agents occupy exactly 3 studios without stacked seats (0.1039ms)
✔ 19 agents occupy exactly 4 studios without stacked seats (0.0975ms)
✔ snapshot input reordering preserves page and seat assignment for 18 agents (0.3197ms)
✔ reordering across a partially filled page boundary preserves each agent seat (0.6312ms)
✔ studio dimensions and the six feet anchors match the renderer contract exactly (0.192ms)
✔ desk access never wraps overflow or invalid indexes onto occupied seats (1.1586ms)
✔ all desk footprints stay above their chairs and never overlap another desk or decor (0.2965ms)
✔ desk 0 has one finite arrival route clear of every workstation (0.5453ms)
✔ desk 1 has one finite arrival route clear of every workstation (0.3224ms)
✔ desk 2 has one finite arrival route clear of every workstation (0.189ms)
✔ desk 3 has one finite arrival route clear of every workstation (0.1539ms)
✔ desk 4 has one finite arrival route clear of every workstation (0.1609ms)
✔ desk 5 has one finite arrival route clear of every workstation (0.1472ms)
✔ route and desk results do not expose shared mutable layout state (0.2229ms)
✔ pending native review distinguishes invalid artifact paths from invalid artifact IDs (111.3703ms)
✔ pending native intent survives acceptance changes and reviewed adoption replays one exact revision (85.0168ms)
✔ pending intent cannot apply and generic native approval cannot authorize exact feedback (40.8135ms)
✔ reviewed feedback refuses adopter as reviewer before a revision (41.4739ms)
✔ reviewed feedback refuses producer as reviewer before a revision (40.7802ms)
✔ reviewed feedback refuses source requester as reviewer before a revision (34.9539ms)
✔ reviewed feedback refuses rejected decision before a revision (37.8911ms)
✔ reviewed feedback refuses future decision before a revision (37.9735ms)
✔ reviewed feedback refuses decision before intent before a revision (39.0876ms)
✔ reviewed feedback refuses wrong note digest before a revision (37.545ms)
✔ reviewed feedback refuses extra note prose before a revision (40.7514ms)
✔ reviewed feedback refuses ordinary human gate before a revision (33.25ms)
✔ reviewed feedback refuses requester exclusion disabled before a revision (30.5472ms)
✔ native approval cannot excuse changed target task (35.4849ms)
✔ native approval cannot excuse changed target version (38.8805ms)
✔ native approval cannot excuse changed source commit (44.436ms)
✔ native approval cannot excuse changed artifact identity (38.6845ms)
✔ native approval cannot excuse changed corpus bytes digest (61.0514ms)
✔ native approval cannot excuse changed selected rule digest (32.8957ms)
✔ native approval cannot excuse changed selected guidance (37.1305ms)
✔ native approval cannot excuse changed adopter identity (36.7889ms)
✔ native approval cannot excuse changed replacement effect (30.2474ms)
✔ native approval cannot excuse changed unknown authority field (36.0305ms)
✔ persisted verifier policy and automated evidence drift invalidate the intent independently of acceptance (92.5136ms)
✔ missing or contradictory native rows and capture drift fail closed (38.4554ms)
✔ reviewed apply rechecks the actual decision and preserves ambiguous outcomes and idempotency (58.4086ms)
✔ reviewed apply rejects altered intent bytes and expired proposal without native effects (27.5671ms)
✔ a changed post-effect review remains uncertain and cannot assert a verified binding (46.4062ms)
✔ review intent time bounds are revalidated during accepted-source reconstruction (24.6823ms)
✔ CLI native-review preparation, exact intent selection and apply keep separate raw and canonical hashes (165.8196ms)
✔ prepare is read-only and exposes the exact reference-only change for review (26.0263ms)
✔ an unprefixed objective stays candidate because native composition would change it (23.4645ms)
✔ native normalization fixed points retain description and objective exactly (38.9752ms)
✔ public identifiers and digest selectors reject coercible arrays and objects before effects (21.2841ms)
✔ time, timeout and trusted routing fields require their declared primitive types (31.3339ms)
✔ apply performs one native revision, preserves authority and never launches (32.0271ms)
✔ typed native file selection pins outer provenance and exact decoded corpus while preserving raw compatibility (60.0409ms)
✔ native typed unknown schema field is refused even with matching outer artifact digest (23.1466ms)
✔ native typed missing native schema field is refused even with matching outer artifact digest (27.6104ms)
✔ native typed coercible version is refused even with matching outer artifact digest (23.2322ms)
✔ native typed unsupported archive form is refused even with matching outer artifact digest (19.7307ms)
✔ native typed wrong base is refused even with matching outer artifact digest (22.77ms)
✔ native typed wrong verifier is refused even with matching outer artifact digest (25.0433ms)
✔ native typed wrong head is refused even with matching outer artifact digest (21.4634ms)
✔ native typed bundle payload is refused even with matching outer artifact digest (21.9088ms)
✔ native typed patch checksum is refused even with matching outer artifact digest (18.8428ms)
✔ native typed patch noncanonical base64 is refused even with matching outer artifact digest (20.5973ms)
✔ native typed selected hash is refused even with matching outer artifact digest (18.7437ms)
✔ native typed selected byte count is refused even with matching outer artifact digest (22.2395ms)
✔ native typed selected file size bound is refused even with matching outer artifact digest (21.9136ms)
✔ native typed selected base64 is refused even with matching outer artifact digest (16.3722ms)
✔ native typed selected symlink is refused even with matching outer artifact digest (18.554ms)
✔ native typed selected submodule is refused even with matching outer artifact digest (21.8293ms)
✔ native typed selected media is refused even with matching outer artifact digest (19.8953ms)
✔ native typed duplicate path is refused even with matching outer artifact digest (20.0151ms)
✔ native typed case alias is refused even with matching outer artifact digest (20.5385ms)
✔ native typed file directory conflict is refused even with matching outer artifact digest (18.1615ms)
✔ native typed traversal is refused even with matching outer artifact digest (16.7374ms)
✔ native typed absolute path is refused even with matching outer artifact digest (19.761ms)
✔ native typed Windows stream is refused even with matching outer artifact digest (18.3234ms)
✔ native typed Windows device is refused even with matching outer artifact digest (17.3298ms)
✔ native typed trailing dot alias is refused even with matching outer artifact digest (18.3839ms)
✔ native typed coercible entry path is refused even with matching outer artifact digest (13.1854ms)
✔ native typed deleted selection is refused even with matching outer artifact digest (16.121ms)
✔ typed path selection requires one exact safe file, source role and original outer bytes (21.0791ms)
✔ typed decoded corpus cannot substitute a different well-hashed file or retarget a reviewed proposal (39.8495ms)
✔ typed base64 padding bits are canonical even when permissive decoding preserves the correct bytes (14.6693ms)
✔ same byte-pinned proposal replays its native key without adding guidance or a second revision (27.6056ms)
✔ lost response stays unknown with no automatic retry; exact replay reconciles it (31.5311ms)
✔ an HTTP400 after persistence stays unknown and same-key replay confirms one revision (25.6131ms)
✔ live Corp drift refuses before a request (22.8404ms)
✔ live room drift refuses before a request (21.3626ms)
✔ live mission drift refuses before a request (21.5138ms)
✔ live task drift refuses before a request (21.0475ms)
✔ live run drift refuses before a request (25.0459ms)
✔ live actor drift refuses before a request (22.5791ms)
✔ live source commit drift refuses before a request (22.7686ms)
✔ live verifier digest drift refuses before a request (17.8541ms)
✔ live artifact digest drift refuses before a request (18.7876ms)
✔ an accepted receipt with incomplete bounded evidence remains candidate (17.273ms)
✔ an observed manual gate must retain its native decision and decider (15.36ms)
✔ missing native corpus evidence or mismatched actual bytes never borrows an unrelated accepted run (19.1105ms)
✔ typed envelopes, missing review bytes and requested independent review remain explicit candidates (16.3725ms)
✔ UTF-8 reference bounds do not silently truncate valid longer advisory guidance (14.618ms)
✔ changed target ready status cannot be overwritten (16.2255ms)
✔ changed target existing run cannot be overwritten (17.5364ms)
✔ changed target contract version cannot be overwritten (17.0991ms)
✔ changed target budget cannot be overwritten (18.2314ms)
✔ changed target verifier cannot be overwritten (22.3238ms)
✔ changed target source cannot be overwritten (21.4258ms)
✔ changed target source connection cannot be overwritten (19.4392ms)
✔ changed target tools cannot be overwritten (23.6461ms)
✔ changed target Corp cannot be overwritten (18.6603ms)
✔ changed target room cannot be overwritten (16.6417ms)
✔ changed target origin cannot be overwritten (18.8508ms)
✔ repinned unauthorized proposal changes cannot alter anything except selected references (31.5766ms)
✔ wrong proposal hash, edited corpus/review/receipt, future or expired proposal fails before POST (19.4598ms)
✔ expired selected guidance is not rescued by the remaining proposal lifetime (16.8007ms)
✔ expiry crossing during live prechecks is repeated immediately before mutation (18.3685ms)
✔ one total operation deadline cannot be renewed by a slow target precheck (239.9198ms)
✔ duplicate-key or reformatted proposal JSON cannot masquerade as the prepared byte representation (14.0897ms)
✔ source drift after successful mutation is accurately retained as applied (20.6744ms)
✔ source access loss after mutation is never mislabeled refusal-before-effects (19.0156ms)
✔ an HTTP error after a request is unknown without transaction-stage evidence and is not retried (17.8673ms)
✔ a contradictory successful response or changed native readback stays unknown (16.4242ms)
✔ exact native target projection refuses filtered context and preserves whole scope (13.7851ms)
✔ file input requires selected exact bytes and fails closed on an oversized or malformed input (32.2194ms)
✔ feedback file reads accumulate short native reads before validating bytes (6.2777ms)
✔ feedback file truncate during short reads fails without a hash pin (4.6874ms)
✔ feedback file grow during short reads fails without a hash pin (5.7336ms)
✔ CLI preparation writes new review artifacts and an existing apply receipt refuses before network or effects (67.1765ms)
✔ CLI exits nonzero for refused adoption while preserving its JSON receipt (237.3483ms)
✔ CLI typed prepare explicitly selects the native file and apply has no path override (68.3299ms)
✔ retained native candidate cannot become saved-task guidance or a native revision (29.6898ms)
✔ forged locally activated native evidence cannot become saved-task guidance or a native revision (19.6691ms)
✔ native evidence mixed into an activated typed artifact cannot become saved-task guidance or a native revision (19.3296ms)
✔ receipt whitelists metadata and distinguishes persisted acceptance from optional verifier digests (10.2397ms)
✔ native runner, model and ref metadata preserves valid punctuation, spaces, Unicode and UTF-8 limits (4.9007ms)
✔ native metadata keeps bounded invalid text and malformed source tuples out of receipts (16.8265ms)
✔ native source identity accepts uppercase hexadecimal commits and full bounded repository components (0.716ms)
✔ published native refs and native MIME token punctuation are observed without a custom identifier alphabet (1.1013ms)
✔ historical evidence never borrows the current task verifier policy count (1.5877ms)
✔ conflicting or invalid run-bound check counts remain unknown (3.2516ms)
✔ missing and duplicate check indices cannot establish completeness; malformed indices fail (1.0385ms)
✔ receipt rejects mismatched run Corp (0.5527ms)
✔ receipt rejects mismatched task Corp (0.4842ms)
✔ receipt rejects mismatched mission Corp (0.3519ms)
✔ receipt rejects mismatched room Corp (0.204ms)
✔ receipt rejects mismatched exact actor (0.1962ms)
✔ receipt rejects mismatched exact room (0.1854ms)
✔ receipt rejects mismatched exact mission (0.1848ms)
✔ receipt rejects mismatched evidence task (0.2366ms)
✔ receipt rejects mismatched event room (0.2282ms)
✔ receipt rejects mismatched partial source (0.1848ms)
✔ current-run rejects later same-task runs and tied times, retaining nanosecond ordering (1.3436ms)
✔ typed resume lineage requires same task and producer, and records unavailable ancestors honestly (2.3477ms)
✔ exact recovery count is run-bound; private policy and notes are omitted (0.9693ms)
✔ published-result binds its exact source artifact and hashes opaque source revisions (0.9797ms)
✔ published-result accepts an exact historical publication despite a later same-task run (1.0424ms)
✔ published-result refuses mismatched Factory mission (0.3537ms)
✔ published-result refuses mismatched deliverable task (0.3788ms)
✔ published-result refuses mismatched deliverable source base (0.2811ms)
✔ published-result refuses mismatched run deliverable digest (0.2447ms)
✔ published-result refuses mismatched publication run (0.2207ms)
✔ published-result refuses mismatched provenance mission (0.3055ms)
✔ published-result refuses mismatched provenance source issue (0.2757ms)
✔ published-result refuses mismatched provenance target (0.2355ms)
✔ published-result refuses mismatched recorded PR head (0.2448ms)
✔ published-result refuses mismatched recorded PR repository (0.2012ms)
✔ published-result refuses mismatched recorded PR provenance (0.2913ms)
✔ byte verification rejects tampering and each missing or conflicting native response boundary (0.9997ms)
✔ receipt validator rejects extra content, contradictory acceptance, and mixed origin/artifact roles (4.0625ms)
✔ fingerprint tolerates observation timestamps and detects selected source, contract and artifact drift (2.3655ms)
✔ compiled native MCP export performs two captures and downloads only selected-origin artifact IDs (742.5327ms)
✔ artifact retention selection is bounded before reading host configuration (0.756ms)
✔ compiled native evidence retains only explicitly selected verified bytes and preserves public receipt schema (471.4047ms)
✔ compiled native evidence rejects an unowned artifact selection before any artifact download (73.4078ms)
✔ compiled native evidence never returns retained bytes from a tampered artifact or changed source (234.4285ms)
✔ compiled native exporter keeps opaque runner/model/ref metadata out of every request route (166.607ms)
✔ compiled native export rejects state drift during its artifact read (160.4036ms)
✔ compiled native export rejects mismatched context before downloading artifacts (66.4623ms)
✔ compiled native export refuses artifact redirects without forwarding credentials (81.2575ms)
✔ compiled native export rejects oversized bodies and withholds HTTP error content (147.7736ms)
✔ compiled native export bounds a stalled exact-context body by its whole-operation timeout (1018.328ms)
✔ receipt CLI writes a create-only metadata file and a compact redacted summary (766.4164ms)
✔ owned server requires matching executable, creation, endpoint, and workspace (2.7162ms)
✔ manual, remote, stale, or non-owned manifests never authorize restart (0.6333ms)
✔ Windows retains legacy timestamp tolerance and case-insensitive paths (0.3324ms)
✔ legacy Windows identity callers remain supported without weakening explicit checks (1.2595ms)
✔ Linux requires the exact boot/PID/start-tick, executable, cwd/root, and socket binding (3.4844ms)
✔ Linux rejects malformed, legacy-Windows, and changed receipts (0.6959ms)
✔ every existing manual port remains denied on Windows and Linux and all loopback hosts (0.8812ms)
✔ remote, credentialed, missing-port, and malformed-scope endpoints fail closed (0.5829ms)
✔ only a complete scoped JSON object is a process receipt (0.6433ms)
✔ proc stat parses the final comm parenthesis and preserves 64-bit start ticks (1.1381ms)
✔ proc stat rejects wrong PID, truncated fields, malformed state, and invalid ticks (0.4475ms)
✔ Linux listener proof intersects the exact port and LISTEN state with PID-owned inodes (1.0702ms)
✔ malformed or unavailable proc network input supplies no ownership authority (0.4335ms)
✔ artifact recovery overrides are child-only and match native numeric bounds (0.6586ms)
✔ probe requires explicit scope and forwards only its scoped credential environment (4.613ms)
✔ probe summary contains collection counts, never snapshot data or private paths (0.7548ms)
✔ probe permits HTTP only for normalized canonical loopback origins and requires HTTPS elsewhere (13.0135ms)
✔ recovery probe reports only native metadata and never infers missing capability or exposes policy (1.1319ms)
✔ recovery probe rejects malformed work-item IDs before spawning any gateway (1.1317ms)
✔ compiled recovery probe rejects impossible native numeric metadata and preserves exhausted authority (481.9402ms)
✔ compiled recovery tool makes exactly the selected authorized GET in both modes (147.3502ms)
✔ compiled recovery probe selects one context without reading the broad snapshot or exposing private fields (63.3368ms)
✔ compiled recovery tool refuses malformed IDs, extra scope or effect arguments before HTTP (117.9218ms)
✔ compiled recovery tool rejects mismatched Corp or work-item responses (239.1993ms)
✔ compiled recovery probe preserves authorization and not-found failures without private diagnostics (202.2345ms)
✔ compiled recovery inspection never follows redirects in either gateway mode (142.9634ms)
✔ compiled recovery inspection caps HTTP bodies even in the legacy write-capable gateway mode (119.7498ms)
✔ compiled read-only MCP completes the real stdio handshake and makes only one scoped GET (79.6086ms)
✔ compiled MCP ignores notifications and denies mutating calls before HTTP while preserving the default catalog (119.581ms)
✔ compiled MCP keeps malformed omitted-ID objects silent and effect-free (read-only) (63.2648ms)
✔ compiled MCP keeps malformed omitted-ID objects silent and effect-free (unrestricted) (71.4272ms)
✔ compiled probe withholds API error content and enforces its whole-probe timeout (1105.8848ms)
✔ compiled read-only inspection rejects redirects without contacting a second origin (159.5555ms)
✔ compiled read-only startup requires every routing variable before serving even initialization (249.061ms)
✔ compiled read-only flag rejects command-line tokens (split option, CLI only) (68.0313ms)
✔ compiled read-only flag rejects command-line tokens (split option, CLI plus environment) (64.6707ms)
✔ compiled read-only flag rejects command-line tokens (equals option, CLI only) (71.012ms)
✔ compiled read-only flag rejects command-line tokens (equals option, CLI plus environment) (60.8347ms)
✔ compiled read-only flag accepts only the environment token and exposes the restricted catalog (80.9776ms)
✔ compiled read-only environment rejects command-line tokens (split option, CLI only) (70.5385ms)
✔ compiled read-only environment rejects command-line tokens (split option, CLI plus environment) (56.2533ms)
✔ compiled read-only environment rejects command-line tokens (equals option, CLI only) (62.9475ms)
✔ compiled read-only environment rejects command-line tokens (equals option, CLI plus environment) (60.5009ms)
✔ compiled read-only environment accepts only the environment token and exposes the restricted catalog (64.1504ms)
✔ compiled unrestricted MCP preserves legacy CLI token precedence (split option) (131.0983ms)
✔ compiled unrestricted MCP preserves legacy CLI token precedence (equals option) (138.1648ms)
✔ compiled native read-only HTTP body rejects oversized declared length before end (200) (70.2487ms)
✔ compiled native read-only HTTP body rejects streamed overflow before end (200) (116.1723ms)
✔ compiled native read-only HTTP body rejects oversized declared length before end (403) (76.0463ms)
✔ compiled native read-only HTTP body rejects streamed overflow before end (403) (110.5473ms)
✔ compiled native HTTP body accepts the inclusive read-only limit and preserves unrestricted transport (717.417ms)
✔ compiled native HTTP body preserves small successful and error response behavior (387.3345ms)
✔ withholds all six source ACKs for each of two native automatic attempts (4.8084ms)
✔ holds all quality ACK duplicates to the same 8-second deadline, preserving bytes (1.4721ms)
✔ gameplay and integration pass source ACKs unchanged (0.4923ms)
✔ native resume passes ACKs and does not consume a third automatic attempt (0.2927ms)
✔ non-source ACK, heartbeat, credential rotation, approval and lifecycle are opaque passthrough (0.479ms)
✔ rejects foreign or unproven run, Corp and hash before fault decisions (1.3123ms)
✔ assignment rebinding cannot swap a different task, scope or command kind (0.9374ms)
✔ late-ACK release sends one exact original old-run frame once without retagging (1.831ms)
✔ refuses manual-stack, wrong-repository and missing opt-in config (2.1557ms)
▶ real loopback WebSocket wiring: native schema, ordered forwarding, reconnection and redaction
  ▶ isolated concurrent fixture 1
    ✔ synthetic endpoints require live ownership without relaxing config guards (13.1888ms)
    ✔ persisted owner/name schema binds and stop cannot overtake a pending assignment (63.6558ms)
    ✔ upload byte transparency, ACK withholding and metadata non-disclosure (52.3732ms)
    ✔ a stale snapshot/close callback cannot bind, send or close the replacement connection (164.1325ms)
  ✔ isolated concurrent fixture 1 (826.7184ms)
  ▶ isolated concurrent fixture 2
    ✔ synthetic endpoints require live ownership without relaxing config guards (10.3774ms)
    ✔ persisted owner/name schema binds and stop cannot overtake a pending assignment (64.1225ms)
    ✔ upload byte transparency, ACK withholding and metadata non-disclosure (49.5274ms)
    ✔ a stale snapshot/close callback cannot bind, send or close the replacement connection (166.5073ms)
  ✔ isolated concurrent fixture 2 (419.7597ms)
✔ real loopback WebSocket wiring: native schema, ordered forwarding, reconnection and redaction (828.5161ms)
✔ relocated doctor checks declared tools through native version commands without leaking ambient secrets or installing (1442.6983ms)
✔ wrong node version produces a failing CLI result (1259.7947ms)
✔ wrong pnpm version produces a failing CLI result (1160.6792ms)
✔ wrong rustc version produces a failing CLI result (1159.2872ms)
✔ wrong cargo version produces a failing CLI result (1130.5817ms)
✔ missing package manager fails without falling back to another host command (951.9636ms)
✔ failed component probes suppress raw stdout and stderr (1537.3297ms)
✔ unrecognized version output is rejected without echoing the command response (1186.8145ms)
✔ an unavailable pinned rustup toolchain fails instead of installing or selecting stable (1264.6413ms)
✔ already selected direct Rust binaries can be verified without rustup (1171.1964ms)
✔ invalid .node-version declaration fails before any command runs (version) (190.2982ms)
✔ invalid package.json declaration fails before any command runs (version) (176.4659ms)
✔ invalid rust-toolchain.toml declaration fails before any command runs (floating Rust) (162.2698ms)
✔ invalid rust-toolchain.toml declaration fails before any command runs (component) (159.7935ms)
✔ unsupported CLI arguments fail before probing tools (172.6414ms)
ℹ tests 1264
ℹ suites 0
ℹ pass 1264
ℹ fail 0
ℹ cancelled 0
ℹ skipped 0
ℹ todo 0
ℹ duration_ms 63767.8204
