$ node --test --test-concurrency=2 --test-timeout=180000 "apps/web/src/**/*.test.mjs" "tools/*.test.mjs"
✔ editor preserves its accessible control names, preview hook, and all six check choices (50.3247ms)
✔ switching check types resets their incompatible fields and retains the rest of the policy (10.8679ms)
✔ every check-field callback retains the selected variant and unchanged checks (17.3003ms)
✔ adding and removing checks preserves tab selection, including external policy shrink and the empty state (17.7048ms)
✔ the 16-check add button limit and oversized-policy feedback are retained (14.4065ms)
✔ manual-gate transitions retain default role ordering, requester exclusion, and explicit removal (23.4009ms)
✔ preview keeps exact check order, manual-role labels, heading overrides, and requester-exclusion guidance (6.2365ms)
✔ Factory exact-run navigation replaces a remembered newer outcome before mission remount (4.8156ms)
✔ run navigation ignores the duplicate activity marker in a hidden Factory tab (16.3823ms)
✔ artifact navigation chooses its exact producer while mission-only navigation preserves the current choice (1.7835ms)
✔ unavailable run/task/mission cannot overwrite remembered evidence or open another run (3.2205ms)
✔ storage failure or obsolete viewer fails closed before navigation (2.6304ms)
✔ explicit navigation writes only the selected viewer scope and only the run identity (1.4002ms)
✔ reload keeps the decided run instead of the other pending review or a newer worker (2.5534ms)
✔ remembered evidence is scoped to the API server, Corp, actor and mission (0.558ms)
✔ missing remembered work never silently substitutes another visible review (0.3589ms)
✔ unreadable or malformed stored context requires explicit selection, not the next review (0.5812ms)
✔ a first visit is distinct from unreadable history; failed writes do not throw (0.427ms)
✔ only the selected run ID is stored; reviews and authority never enter browser persistence (1.8974ms)
✔ MissionCard scopes remounts, pins initial evidence and fails closed when persistence fails (12.7593ms)
✔ issue210 only the explicit server flag adds correction to a native checkpoint (3.7363ms)
✔ issue210 verifier availability is independent of correction and missing availability preserves legacy behavior (1.1749ms)
✔ issue210 revision source is the exact server-selected verifier, with no cross-item fallback (0.5152ms)
✔ only native proof plus its cancellation marker exposes source-only checkpoint verification (0.2824ms)
✔ a running checkpoint needs no cancellation repair, and ordinary verification failure stays compatible (0.2818ms)
✔ missing/tampered source, checkpoint, head, active recovery or terminal outcome offers no new recovery (0.3792ms)
✔ context requests are not recovery grants and never depend on inferred mission spend/status (0.2882ms)
✔ copied command binding retains the saved connection and never falls back on malformed metadata (0.2714ms)
✔ actual presentation selects the endpoint source, not the newest visible run or mission cancellation (146.3732ms)
✔ issue210 presentation separates provider-free verification from a budgeted same-session fix (33.8267ms)
✔ issue210 source-only and unavailable checkpoint presentations never suggest generic recovery (47.1191ms)
✔ actual context loader is GET-only and admits the exact item/version/mission checkpoint (60.8218ms)
✔ actual context loader rejects stale/cross-scope and malformed flags without snapshot fallback (257.1131ms)
✔ issue210 actual loader accepts boolean correction flags and defaults missing legacy authority closed (93.4376ms)
✔ issue210 exact loader retains true, false and missing checkpoint availability without granting another mode (75.4979ms)
✔ actual UI action copies only explicit checkpoint verification with the original scope/connection (289.8317ms)
✔ issue210 actual correction action retains the original CLI route, source and connection (483.8478ms)
✔ issue210 actual card drops correction authority immediately when item, version or actor changes (466.9591ms)
✔ issue210 actual contract submission uses the scoped verifier, not its provider ancestor (103.7803ms)
✔ issue210 editor loading, errors, stale context and denied correction cannot fall back or submit (414.4478ms)
✔ issue210 ordinary contract resume, redispatch and requester/role boundaries stay intact (142.9726ms)
✔ issue210 actual source-only context copies correction and revises the exact verifier; no-mode context does neither (276.9321ms)
✔ actual resume handler and rendered provider control respect native recovery blocking (10.109ms)
✔ actual App Resume control survives an ineligible ordinary Factory recovery lookup and uses the native actor-bound POST (418.1953ms)
✔ issue221 explicit provider-correction permission permits null head without granting checkpoint or generic resume (1.4968ms)
✔ issue221 actual context reader retains null head/current provider proof and malformed heads remain non-actionable (604.0747ms)
✔ issue221 actual copy/revision actions use only source correction for the latest failed provider with null head (362.5794ms)
✔ wrong-first legacy Project 174 cannot displace the selected live lab controller (2.6337ms)
✔ every Project/repository/Corp component must match, even with an active-item pointer (0.449ms)
✔ GitHub owner/repository case and surrounding whitespace normalize independently (0.3225ms)
✔ missing/malformed scope is neutral rather than an empty-scope match (0.3015ms)
✔ the exact active item wins among live controllers in the same scope (0.3118ms)
✔ a current live scope match wins over a stale offline active-item pointer (0.2375ms)
✔ with only offline matches, retain the exact item rather than crossing scope (0.2434ms)
✔ without an item, prefer useful live intake in the current Corp (0.3952ms)
✔ empty/no-match and unavailable explicit selections never borrow another controller (0.3225ms)
✔ heartbeat freshness and stable ID break ties without using array order or mutating inputs (2.1908ms)
✔ snapshot refresh and selected scope changes return the exact new ID/version object (0.4142ms)
✔ the actual FactoryPanel resolver feeds displayed state and both action callbacks (23.4128ms)
✔ the actual component guards controller actions, retains role gating and passes the same callback (15.916ms)
✔ the actual API action handler targets the resolved controller ID and version for all actions (98.3074ms)
✔ the production handler preserves the existing ID-scoped idempotency/version on a lost response (29.7249ms)
✔ primary_rate_limit has a reader-facing reason and an automatic future retry (42.2109ms)
✔ secondary_rate_limit has a reader-facing reason and an automatic future retry (1.1022ms)
✔ graphql_quota has a reader-facing reason and an automatic future retry (1.1151ms)
✔ github_unavailable has a reader-facing reason and an automatic future retry (0.9133ms)
✔ quota, cost and timestamps come from the snapshot, not derived or default budgets (2.0533ms)
✔ equivalent offset timestamps have the same local retry time and boundary (1.3836ms)
✔ at or after the retry deadline, waiting is not presented as a successful retry (2.0501ms)
✔ zero remaining, limit, query cost and failures remain real zeros (1.0494ms)
✔ paused desired state wins without rewriting controller health or promising a retry (3.7948ms)
✔ offline health wins over polling metadata, including an elapsed retry (1.8146ms)
✔ paused and offline together retain both conditions and existing paused precedence (1.0261ms)
✔ absent legacy polling leaves the old strip intact and never fabricates a wait (0.4894ms)
✔ missing or malformed backoff data is unavailable, never zero or an invented deadline (0.6213ms)
✔ invalid values are not coerced to numbers or dates and unknown reasons are not rendered raw (3.2083ms)
✔ partial quota data preserves observed zeros while missing fields remain unavailable (0.5756ms)
✔ healthy telemetry does not infer a backoff from a zero quota or failure count (0.6564ms)
✔ UI integration remains read-only, accessible, and uses existing controller controls (28.5509ms)
✔ line normalization preserves argument boundaries, literal punctuation, and duplicate values (3.3774ms)
✔ role entry supports commas and CRLF without silently deduplicating or authorizing roles (0.5474ms)
✔ mission projection retains exact task, runner and human control attribution (4.977ms)
✔ foreign tasks and same-ID foreign-Corp runners cannot supply collaboration state (0.4359ms)
✔ offline retains work without advertising live control or termination (0.4524ms)
✔ connecting retains work without advertising live control or termination (0.3283ms)
✔ a failed snapshot refresh retains exact work without advertising live controls (0.4707ms)
✔ invalid snapshot receipt NaN cannot advertise live controls (0.2867ms)
✔ invalid snapshot receipt Infinity cannot advertise live controls (0.2445ms)
✔ invalid snapshot receipt 0 cannot advertise live controls (0.2358ms)
✔ invalid snapshot receipt -1 cannot advertise live controls (0.2873ms)
✔ expired/malformed lease 2026-09-16T11:59:00Z cannot claim a controller (0.5159ms)
✔ expired/malformed lease 2026-09-16T12:00:00Z cannot claim a controller (0.2466ms)
✔ expired/malformed lease bad cannot claim a controller (0.1351ms)
✔ verifying has recorded evidence but no provider controls (0.2721ms)
✔ completed has recorded evidence but no provider controls (0.124ms)
✔ lost has recorded evidence but no provider controls (0.1691ms)
✔ cancelled has recorded evidence but no provider controls (0.1724ms)
✔ a provider-free run and a superseded agent assignment expose no live controls (0.2584ms)
✔ runner grace and offline remain distinct; neither supplies human presence (0.3398ms)
✔ review links bind exact run/task and explain role and requester exclusion (0.4857ms)
✔ missing and historical identities never become fabricated named owners or current controllers (0.2194ms)
✔ draft cache survives surface remounts but never crosses Corp/actor/room/mission (0.3275ms)
✔ actual component navigation only requests exact context; rendering sends no commands (16.384ms)
✔ actual disconnected component retains readable evidence with an explicit warning (1.6287ms)
✔ actual failed-refresh component distinguishes stale data from a disconnected transport (1.4193ms)
✔ actual component rejects missing receipt freshness and restores controls after a successful refresh (5.0195ms)
✔ App preserves main snapshot metadata and exact-run navigation while passing numeric receipt freshness (9.9341ms)
✔ App embeds existing scoped discussion and pins evidence before exact-run navigation (2.7775ms)
✔ late completion notifies remounted composers without clearing a newer or same-text draft (0.6428ms)
✔ late operation acknowledgment cannot clear a replacement idempotency key (223.0386ms)
✔ actual App selection never substitutes another mission after the selected record disappears (117.002ms)
✔ actual briefing navigation has a visible destination for legacy empty descriptions (96.7559ms)
✔ verification checks do not change launch intent (2.339ms)
✔ review navigation cannot turn its click into a form submission (0.4173ms)
✔ ordinary application setup cannot silently fall back to the fake runtime (0.6473ms)
✔ composer uses two clear steps and starts with an empty goal (0.431ms)
✔ advanced settings and detailed requirements are optional disclosures (1.0575ms)
✔ closing setup preserves the draft and returns to existing mission context (0.9714ms)
✔ explicit links to existing work reveal it without erasing an open draft (0.7501ms)
✔ native creation and explicit held-plan behavior remain unchanged (0.4036ms)
✔ review keeps the exact source and current server-derived allocation visible (0.7106ms)
✔ scope requires four explicit bounded identities and cannot mutate after submission (3.4799ms)
✔ current origin binds the exact view instance, not just equal IDs (0.4341ms)
✔ read issues exactly one encoded, uncached GET with cancellation and no body (13.6483ms)
✔ Direct accepts only exact returned linkage and drops unexpected hidden fields (120.6355ms)
✔ Factory retains only the validated work item, repository, issue number and exact URL (2.0477ms)
✔ all four response identities must echo the bound request exactly (9.3906ms)
✔ missing, malformed and older origin responses never become Direct (2.0291ms)
✔ Factory fields are required and null or missing metadata is never partly accepted (3.0072ms)
✔ Factory rejects invalid work-item identities, repository paths and issue numbers (28.8625ms)
✔ only the raw HTTPS GitHub issue URL matching returned repository and number is accepted (4.0399ms)
✔ mixed-case owner/repository URLs match normalized identity and retain display case (1.3852ms)
✔ valid case-preserving repositories and positive safe issue numbers remain verbatim (0.8815ms)
✔ old endpoints, denied authorization and transport failures stay unavailable without raw errors (1.9224ms)
✔ a synchronous API failure is contained and clears the read timer (0.8174ms)
✔ timeout aborts an unsettled read and suppresses both late success and late failure (1.083ms)
✔ a settled success or failure cannot be overwritten by an already queued timeout (0.9046ms)
✔ cancellation before the scheduled read prevents even the GET (1.0513ms)
✔ in-flight cancellation ignores transports that resolve or reject after abort (0.9841ms)
✔ component reads once for a valid view and renders truthful Direct copy in one styled paragraph (15.0535ms)
✔ component links only a fully validated Factory response, not extra returned fields (2.6008ms)
✔ all four operating roles may read; guests, spectators and unknown roles never request context (11.655ms)
✔ invalid or absent scope props render the conservative fallback without requesting (15.4475ms)
✔ failed exact reads preserve #185 positive or unknown fallback without inventing links or hiding failure (11.2413ms)
✔ a failed origin lookup can be retried explicitly without changing the work identities (4.3748ms)
✔ Corp, actor, room and mission changes hide old success and errors before effect cleanup (14.0086ms)
✔ late success and errors from a replaced request cannot update the current component (13.6251ms)
✔ leaving and returning to identical IDs cannot revive an earlier success or failure (4.0746ms)
✔ same-ID reopened pending requests ignore the original response and error after current denial (4.1721ms)
✔ a guest transition revokes displayed source data and returning operators must read again (2.6081ms)
✔ operating-role and API changes also invalidate old privileged context (3.0293ms)
✔ unmount cancels the read and a fresh mount with identical IDs cannot inherit its outcome (3.7152ms)
✔ one builder preserves the complete current creation payload and retained settings (2.323ms)
✔ provider defaults, supported reasoning and commit-branch semantics match submission (0.2571ms)
✔ existing deterministic fixture semantics are not converted into provider settings (0.2602ms)
✔ scope freezes the exact serialized body and rejects an actor mismatch (0.6601ms)
✔ every request field, Corp and actor invalidate an earlier quote (0.9109ms)
✔ preview debounces, uses the exact creation body, and calls only the read-only preview POST (9.5384ms)
✔ an edit or closing the composer before debounce starts no request (0.451ms)
✔ an invalidated request is aborted and cannot publish a late successful quote (1.6391ms)
✔ late errors after actor/Corp change or unmount cannot replace the new preview (1.3894ms)
✔ editing away and back still requires a fresh request, not a revived quote (1.2135ms)
✔ allocations are displayed verbatim from the server, not a frontend Studio formula (1.0568ms)
✔ missing or mismatched quote fields never become a current allocation (2.4337ms)
✔ an absent preview endpoint gives a useful failure state without inventing allocations (1.5678ms)
✔ preview response is bounded to eight tasks without reallocating server budgets (1.0901ms)
✔ unknown, self, duplicate and oversized dependency references remain unknown allocations (1.0469ms)
✔ retry clears an old failure immediately and can accept a fresh quote (2.0033ms)
✔ timeout clears the quote, aborts the request and ignores a late response (0.9791ms)
✔ App shares the request body, invalidates keyed preview instances and retains native Launch (4.8344ms)
✔ mission selection and Discuss use the authoritative non-first owning room (1.9506ms)
✔ mission, task, run and artifact deep links resolve to the same owning room (0.6593ms)
✔ an explicit room deep link and all-discussion view stay in that room (2.2355ms)
✔ stale, missing and older mission/room projections never fall back to the first room (0.4053ms)
✔ related work is limited to the selected room and mission, not a fixed item count (2.5031ms)
✔ messages are room-filtered before mission links and out-of-order reply ancestry (1.1602ms)
✔ valid room, mission and inherited reply submissions retain the same scope (0.8933ms)
✔ stale actor, Corp, room and mission scopes cannot submit or complete a newer draft (0.492ms)
✔ a disappearing mission or owning room fences previously valid submissions (0.5137ms)
✔ foreign, missing or stale links and replies cannot silently become general comments (0.826ms)
✔ guest-shaped and missing Factory projections do not establish Direct origin (0.6546ms)
✔ a mission older than the 500-item Factory window remains origin-unknown (0.5127ms)
✔ a positively matched visible Factory item retains its issue attribution (0.2041ms)
✔ known publication/recovery linkage is generic when intake details are unavailable (0.3454ms)
✔ projection helpers preserve the authoritative input and do not retain hidden origin data (0.3321ms)
✔ the UI uses the tested projection and submission helpers on both discussion entry paths (18.1769ms)
✔ scope requires every explicit identity and repository and freezes the view generation (5.7815ms)
✔ the exact scope object, not equal IDs or a prior A -> B -> A view, selects the load (0.9384ms)
✔ one encoded GET is uncached, abortable and body/header/credential free (11.7127ms)
✔ published DTO retains only bound result metadata and leaves raw input untouched (2.3855ms)
✔ only explicit null publication in a correctly scoped response is known absence (4.5685ms)
✔ item and publication scope mismatches never expose links or known absence (10.5433ms)
✔ publication source issue matches the work item without equating authorizer, revisions or checkpoint generations (1.9122ms)
✔ publication and artifact identity tuples plus full digests must all match (4.2958ms)
✔ missing, duplicate and unrelated-first deliverables cannot substitute a result (1.5287ms)
✔ native provenance identity, source/target branches and digests are checked without retaining authority (6.6462ms)
✔ raw GitHub PR URLs allow native slash suffixes but retain exact repository and number checks (6.1278ms)
✔ owner/repository display case is preserved while full hex values compare by bytes (1.3229ms)
✔ PR state, exact head, owner, recorded metadata and phase cannot contradict each other (3.1623ms)
✔ download metadata rejects controls, external/native paths, malformed hashes and invalid sizes (15.7933ms)
✔ pending, PR-created, published and failed publication are distinct without claiming a live app (2.6578ms)
✔ only a different valid pinned run is a mismatch; same-run contradictions stay unavailable (1.1421ms)
✔ loading, denied and stale contexts cannot become a result or known absence (0.8946ms)
✔ denials, missing endpoints and sync/async transport failures stay unavailable without raw errors (2.1522ms)
✔ timeout aborts and suppresses late successes and failures without retries (1.1089ms)
✔ queued timeout callbacks cannot overwrite a settled success, absence or denial (1.1728ms)
✔ cancellation before start issues no GET; in-flight cancellation publishes no late data (1.0689ms)
✔ new same-ID generation remains unavailable after denial despite a prior response completing later (1.0097ms)
✔ requester summary does not ask for a forbidden independent decision (3.9631ms)
✔ wrong-role summary explains the existing role requirement (1.9904ms)
✔ eligible independent reviewer keeps the review invitation (1.8821ms)
✔ human gate without requester exclusion still allows the requester (1.8092ms)
✔ completed result does not inherit a pending-review restriction (1.7946ms)
✔ fresh human-only bootstrap can select a runner runtime before any crew exists (3.7096ms)
✔ retired and legacy identities neither enable nor suppress advertised runtimes (0.3861ms)
✔ studio requires the exact selected source on a connected runner, not another repository (0.427ms)
✔ source repository and commit matching are case-insensitive but ref matching is exact (0.3118ms)
✔ unavailable runtimes and non-runtime capabilities are not mission options (1.3324ms)
✔ catalog merging prefers an enabled model without changing the source snapshot (0.5413ms)
✔ unscoped status and crew include ready connection-bound runtimes, but dispatch keeps its exact binding (1.0276ms)
✔ studio always selects Copilot even when another runtime was requested (0.26ms)
✔ studio does not fall back to another provider or an unavailable Copilot runtime (0.4534ms)
✔ solo selection and deterministic fixtures retain their runtime contracts (0.4676ms)
✔ a disappearing explicit runtime cannot silently switch provider with stale model settings (0.2465ms)
✔ studio uses enabled Copilot model settings or an explicit provider default (0.2975ms)
✔ fixtures ignore hidden provider model settings (0.1952ms)
✔ normal UI bootstrap opts out of seeded crew without changing fixture tooling (15.9765ms)
✔ runtime character descriptors match the shipped manifest, PNG dimensions, and original file bytes (54.5823ms)
✔ named characters and stable worker identities retain their appearance across reordered snapshots (1.0561ms)
✔ numeric roster positions wrap without producing missing characters, and invalid numbers use the default (0.403ms)
✔ walking uses the original three poses in a 0,1,2,1 cycle at the 150ms boundaries (0.7117ms)
✔ idle, typing, reading and facing use the actual source-sheet rows and columns (0.5872ms)
✔ invalid or negative animation time selects the first pose without invalid source coordinates (0.4772ms)
✔ every animation and direction remains inside a real sheet after long-running animation (0.7377ms)
✔ default floor distinguishes connected workers from offline and test registrations (2.4901ms)
✔ omitted and null retirement fields keep legacy and mission identities available (0.2351ms)
✔ every non-null retirement excludes an identity regardless of pin, date, or reported work (0.3756ms)
✔ retired identity remains resolvable in the unmodified historical snapshot (1.2252ms)
✔ retiring the selected agent falls back to current crew, including the empty-roster case (0.3089ms)
✔ pagination filters retirement before assigning seats without mutating order (0.4546ms)
✔ idle does not become working or reviewing from a stale station or pending run request (0.2669ms)
✔ working and blocked status still derive from exact server state and current-run requests (0.1909ms)
✔ #154: a selected worker on a later studio is located on initial mount and selection changes (0.3687ms)
✔ #154: studio lookup follows retirement repagination, not stale seat indexes (0.3695ms)
✔ #154: manual paging survives snapshots, but another selected agent resets page and zoom (0.4344ms)
✔ #154: retirement moving the selected agent to a different page resets the camera (0.1983ms)
✔ #154: mounting or remounting the same starting run never fabricates an arrival (0.1757ms)
✔ #154: only an observed new active run can animate once, and reduced motion wins (0.2873ms)
✔ #154: blocked work takes recovery priority over both idle and ordinary active work (0.3312ms)
✔ #154: exact approvals keep priority, and only an unblocked empty floor offers new work (0.1577ms)
✔ history inspectors retain the full snapshot while the floor uses current identities (16.5444ms)
✔ Factory activity prioritizes the exact outcome review, then tool approval, before newer work (4.624ms)
✔ selection ignores terminal, denied and foreign tool approvals without inventing a run (0.4589ms)
✔ terminal runs cannot become reviewable or active from dangling pending decision records (35.0075ms)
✔ live task, agent, control, timestamps and safe activity come from one scope without mutation (1.6366ms)
✔ a stale Running intake never claims that a cancelled provider is active (3.1712ms)
✔ pending exact-run outcome review is distinct from an active provider and completion (1.1147ms)
✔ tool authority and unavailable decision context do not become outcome approval (2.57ms)
✔ a completed run is not automatically a completed mission or published application (1.5398ms)
✔ retained data cannot claim current execution: {"connection":"offline"} (1.008ms)
✔ retained data cannot claim current execution: {"connection":"connecting"} (1.0693ms)
✔ retained data cannot claim current execution: {"snapshotFailed":true} (0.8078ms)
✔ retained data cannot claim current execution: {"snapshotReceivedAt":null} (0.5803ms)
✔ grace, offline and wrong-Corp runner records cannot establish provider liveness (1.9246ms)
✔ runner loss and uncertain teardown remain unknown until a positive termination receipt (3.4305ms)
✔ verifier-only runs never appear as a running model (0.8235ms)
✔ quarantine and protected stops stay prominent even with stale transport (1.8177ms)
✔ failed verification, cancelled work and unknown execution modes remain explicit (1.4435ms)
✔ missing, duplicate or foreign task context cannot fall back to another run (1.0127ms)
✔ activity is scoped, deduplicated, ordered, bounded and never reveals raw payloads (3.4126ms)
✔ missing start, invalid clocks and backwards timestamps do not invent a duration (1.5517ms)
✔ expired leases and foreign attribution do not display an active controller (1.3475ms)
✔ actual React detail component reuses current classes, native disclosure and escaped text (25.0725ms)
✔ the Factory integration uses the existing exact-run selector, scoped snapshot and old callbacks (6.3373ms)
✔ a burst of 1000 streamed events schedules one snapshot instead of 1000 requests (3.2593ms)
✔ events arriving during a request produce exactly one trailing snapshot (9.7482ms)
✔ the final event during the trailing request is not dropped (1.2644ms)
✔ disposing before a scheduled refresh prevents any fetch (0.5323ms)
✔ disposing an actor/Corp scope aborts its request and drops trailing work (3.0101ms)
✔ refresh failures are handled and a later event can still refresh (1.9524ms)
✔ a disposed scope does not report an obsolete aborted read as a new UI error (1.1673ms)
✔ websocket events use the coalescer and cleanup cancels its read scope (5.6736ms)
✔ initial connection is bounded, cancellable and offers retry rather than mission restart (5.0172ms)
✔ actual App presence polling only runs for open connection-dependent views, without reconnecting the event socket (279.484ms)
✔ artifact defaults retain the current wire shape and do not share mutable values (3.5587ms)
✔ file defaults retain the current wire shape and do not share mutable values (0.2194ms)
✔ command defaults retain the current wire shape and do not share mutable values (0.1767ms)
✔ test defaults retain the current wire shape and do not share mutable values (1.6311ms)
✔ json_schema defaults retain the current wire shape and do not share mutable values (0.3868ms)
✔ screenshot defaults retain the current wire shape and do not share mutable values (0.2317ms)
✔ check summaries preserve paths, argument boundaries, byte floors, JSON keys, and rounded timeouts (21.6405ms)
✔ array summaries distinguish item boundaries and preserve exact argument and key values (0.6589ms)
✔ byte-counted summaries use singular byte only for the one-byte floor (0.3472ms)
✔ empty and oversized policies remain invalid, with the 16-check boundary accepted (0.6925ms)
✔ invalid byte floor 0 is reported for every byte-counted check (0.3476ms)
✔ invalid byte floor -1 is reported for every byte-counted check (0.1191ms)
✔ invalid byte floor NaN is reported for every byte-counted check (0.1712ms)
✔ invalid byte floor Infinity is reported for every byte-counted check (0.0842ms)
✔ validation preserves check order and reports missing paths, programs, timeout bounds, and JSON keys (0.458ms)
✔ manual gates require allowed roles without changing requester-exclusion semantics (0.3945ms)
✔ preserves the existing advisory-validator scope; server schema/path authorization remains authoritative (0.8163ms)
✔ check transformations create new drafts while retaining unchanged evidence checks and gate identity (0.4485ms)
✔ gate transitions preserve checks and retain current deliberate resets even when reselecting a gate type (0.341ms)
✔ verification labels retain their current wording and fallback formatting (0.2747ms)
✔ WorkResultCard exposes its status and supplied content with metadata collapsed by default (16.1042ms)
✔ ready PR retains its exact URL and only an explicit download invokes the matching callback (22.317ms)
✔ loading, unavailable and no-publication states do not fabricate a PR or perform actions (7.1462ms)
✔ a historical review mismatch changes selection only through explicit Go to delivered result (4.2381ms)
✔ an unavailable delivered-run target preserves the historical selection and only offers refresh (265.8408ms)
✔ a failed publication with a recorded PR remains inspectable without being labeled Published (10.5188ms)
✔ Published is not merged or deployed and its collapsed details never invent a running preview (9.4007ms)
✔ expired artifact retention does not hide an existing PR or replace server download validation (14.4952ms)
✔ actual hook hides prior result before cleanup and aborts on each exact scope change (65.0888ms)
✔ actual hook fences late success and failure before cleanup and after replacement (26.1261ms)
✔ actual hook close and reopen with identical IDs cannot revive old ready or pending data (28.0392ms)
✔ actual hook treats positive revision as one refresh hint and never retries failure on render (42.0491ms)
✔ actual App origin-unavailable branch offers manual Refresh work context with no PR CTA (10.7966ms)
✔ actual App first-hop retry exposes the authorized result without moving pinned evidence (24.2756ms)
✔ actual App fallback reports unavailable review details for an unresolved run or request (18.9557ms)
✔ actual work pickers retain a deep-linked historical mission outside the recent eight (93.2013ms)
✔ actual work pickers do not duplicate a recent selection or invent an absent mission (79.7628ms)
✔ related work includes the third mission, task, run and artifact (2.7814ms)
✔ work links name the actual work rather than presenting only opaque IDs (0.2958ms)
✔ related options deduplicate repeated snapshot references (0.2928ms)
✔ mission discussion retains nested replies, including out-of-order snapshots (2.6096ms)
✔ task, run and artifact comments inherit the owning mission only (0.46ms)
✔ unlinked cycles and missing ancestors cannot manufacture mission context (0.2871ms)
✔ context helpers leave authoritative messages and work objects unchanged (0.3331ms)
✔ work selection follows the owning authorized mission and rejects unknown links (0.298ms)
✔ human review and automated verification are not advertised as live model sessions (0.3938ms)
✔ enterprise task labels explain the legacy studio lane keys (0.5113ms)
✔ review eligibility explains requester exclusion without bypassing the policy (0.5523ms)
✔ a pending evidence review selects its run rather than a newer active worker (0.3551ms)
✔ a tool-approval wait cannot hide a different pending evidence review (0.1966ms)
✔ review selection rejects mismatched tasks, terminal runs and non-pending requests (0.3346ms)
✔ explicit evidence selection stays bound to that run and cannot inherit another review (0.3191ms)
✔ unselected evidence follows remaining reviews and retains snapshot order without mutation (0.2492ms)
✔ a decided run remains selected until the operator deliberately chooses the next review (0.219ms)
✔ mission UI binds evidence and decisions and pins the target before submitting (16.3468ms)
✔ runner revision is stable for reordered equivalent records without sorting the input (3.4339ms)
✔ runner revision ignores heartbeat, display and capability churn (0.3442ms)
✔ runner revision changes only when lifecycle identity or presence records change (0.3899ms)
✔ offline presence requests revalidation without rewriting endpoint readiness (0.3976ms)
✔ reconnect mismatch remains a hint until the endpoint itself returns ready presence (0.3818ms)
✔ unknown presence is false and same-ID foreign runners cannot supply presence (1.4939ms)
✔ presence hints never promote or erase native sign-in and installation states (0.9079ms)
✔ revision and presence helpers leave source, models, identity and selection immutable (0.921ms)
✔ saved choice and source remain present while its machine is offline (0.3362ms)
✔ ready metadata alone cannot borrow another connection or source for dispatch (0.6076ms)
✔ connection UI identity is scoped to actor and room (0.2788ms)
✔ native sign-in instructions cannot navigate to another host or credential-bearing URL (0.3273ms)
✔ native GIT_TRACE isolation protects source bytes and candidate tree (4425.2025ms)
✔ native GIT_TRACE_PERFORMANCE isolation protects source bytes and candidate tree (4148.2787ms)
✔ native GIT_TRACE_SETUP isolation protects source bytes and candidate tree (4246.4761ms)
✔ native GIT_TRACE2 isolation protects source bytes and candidate tree (3938.833ms)
✔ native GIT_TRACE2_EVENT isolation protects source bytes and candidate tree (3692.081ms)
✔ native GIT_TRACE2_PERF isolation protects source bytes and candidate tree (3261.3804ms)
✔ native source-selection recipe is pinned; drift requires an explicit parity review (0.698ms)
✔ RED untracked whitespace escapes old diff, fails new command; GREEN clean file passes (7480.0665ms)
✔ checks tracked bytes that are present in the worktree (3934.1353ms)
✔ checks staged modification bytes that are present in the worktree (3906.2258ms)
✔ checks staged addition bytes that are present in the worktree (3859.0617ms)
✔ staged-only bad bytes are not exported when the worktree has clean replacement bytes (5730.2192ms)
✔ clean staged bytes cannot hide bad worktree bytes or revive staged-only deleted additions (4045.4067ms)
✔ assigned base, not current HEAD, determines committed changes, deletions and renamed source (4323.5164ms)
✔ conflicted real index is untouched; physical resolution is checked just like native export (9605.8341ms)
✔ literal selection, spaces, leading dash, Unicode and brackets do not become Git pathspecs (5532.0249ms)
✔ selected absent, explicitly ignored and magic/escaping paths fail rather than widen selection (9291.9845ms)
✔ ignored evidence and runner-internal files are absent; provider artifacts reset to base, not deletion (6068.7898ms)
✔ ignored files tracked by the seeded base remain selected; later ignored additions do not (6826.3966ms)
✔ CRLF conversion and attributes use Git blob bytes without rewriting source or index (5788.4662ms)
✔ Windows verified-head seeding retains modes and resets every unselected committed path (4101.2268ms)
✔ binary blobs use native Git diff behavior, not an independent text scanner (2935.0952ms)
✔ a missing real index is neither read nor recreated (2445.4692ms)
✔ linked worktree Git control files and real index are not modified (4609.0202ms)
✔ invalid base, routing override, nested root and in-worktree scratch fail closed (8149.1095ms)
✔ an inherited alternate index is not used or changed (2566.2115ms)
✔ whole-check timeout is a command error, never whitespace success (2140.7088ms)
✔ spawn, buffer, signal and Git failures cannot masquerade as whitespace results (9495.0419ms)
✔ unexpected scratch contents cause visible cleanup failure and are preserved (1336.6022ms)
✔ CLI rejects unknown, missing and unbounded arguments with exit 2 (6055.5149ms)
✔ F01 CLI reports unavailable revision without exposing arguments (2190.3928ms)
✔ F01 CLI reports missing literal selection without exposing arguments (2310.5641ms)
✔ F01 CLI reports ignored literal selection without exposing arguments (2357.342ms)
✔ F01 CLI retains safe native timeout classification (2720.8196ms)
✔ F01 CLI retains safe native output overflow classification (3373.1384ms)
✔ F01 CLI retains safe native spawn failure classification (2585.3079ms)
✔ F01 CLI retains safe signal classification (2790.7379ms)
✔ F01 CLI retains safe unrecognized filter failure classification (2213.9832ms)
✔ F01 CLI retains safe unknown child fields classification (2763.1566ms)
✔ F01 CLI retains safe timeout with whitespace-like output classification (2653.7789ms)
✔ F01 CLI retains safe overflow with whitespace-like output classification (2659.7434ms)
✔ F01 CLI separates cleanup failure from original failure (3008.6675ms)
✔ F01 CLI separates cleanup failure after successful check (2795.1393ms)
✔ F01 CLI suppresses unsafe parser/filesystem text and retains safe input guidance (3999.9386ms)
✔ F01 CLI correlates retained owned directories without revealing their sensitive root (3265.9127ms)
✔ F01 CLI recognizes a native required clean-filter failure, not a missing path (3517.7336ms)
✔ F02 native filter repeated delimiters (24000) cannot stall receipt or cleanup (4760.5069ms)
✔ F02 native filter repeated delimiters (349354) cannot stall receipt or cleanup (4030.0385ms)
✔ F02 final-line recognition handles hostile near-limit shapes without trusting their text (12256.7082ms)
✔ accepts matching current contracts, aliases, CRLF and historical prose outside markers (94.191ms)
✔ rejects added source validation command and reports expected and actual (61.9723ms)
✔ rejects removed source validation command and reports expected and actual (78.3418ms)
✔ rejects reordered source validation command and reports expected and actual (94.0277ms)
✔ rejects changed documented commands; correcting the documented sequence restores passing (217.0866ms)
✔ accepts quoted literal Node globs through aliases while preserving quoted versus shell-expanded arguments (113.1932ms)
✔ rejects a source SDK bump until both current compatibility docs are updated (92.9073ms)
✔ rejects a source CLI bump until both current compatibility docs are updated (91.7492ms)
✔ rejects missing opening marker instead of silently dropping a required documentation contract (65.1693ms)
✔ rejects missing closing marker instead of silently dropping a required documentation contract (63.3261ms)
✔ rejects duplicate block instead of silently dropping a required documentation contract (76.8667ms)
✔ rejects reversed markers instead of silently dropping a required documentation contract (68.926ms)
✔ rejects inline marker instead of silently dropping a required documentation contract (63.3458ms)
✔ requires every current runtime contract and a single SDK and CLI claim inside each (58.1752ms)
✔ rejects missing root alias in the authoritative command sequence (57.3925ms)
✔ rejects cyclic root aliases in the authoritative command sequence (63.3196ms)
✔ rejects shell pipeline in the authoritative command sequence (56.1928ms)
✔ rejects quoted shell expansion in the authoritative command sequence (66.4421ms)
✔ rejects empty command in the authoritative command sequence (54.3123ms)
✔ rejects unsupported alias arguments in the authoritative command sequence (52.4686ms)
✔ rejects unknown documented aliases and malformed command fences (50.761ms)
✔ reports missing required documents and an invalid source manifest without silently skipping them (51.6753ms)
✔ fails closed for unconstrained SDK dependency (42.1595ms)
✔ fails closed for SDK pin in wrong table (49.8731ms)
✔ fails closed for duplicate SDK declaration (52.986ms)
✔ fails closed for missing named runtime constant (56.2539ms)
✔ fails closed for duplicate runtime constant (52.3485ms)
✔ relocated CLI resolves its own repository, executes no documented command, and exits nonzero for drift (611.2474ms)
✔ checkpoint fixture produces a complete, independently tested local application (403.6653ms)
✔ read-only executable hashing accepts Cargo/Git hardlinks without relaxing source isolation (33.33ms)
✔ exact terminal metadata produces actionable failure and missing-evidence findings using GET only (32.8456ms)
✔ listed artifact is run-scoped metadata and never establishes content or attempt verification (3.8689ms)
✔ refuses active parent (1.1479ms)
✔ refuses wrong repository (0.4528ms)
✔ refuses foreign head repository (0.5776ms)
✔ refuses different workflow (0.4223ms)
✔ refuses different head (0.3735ms)
✔ refuses different attempt (0.389ms)
✔ refuses job from other attempt (0.7113ms)
✔ refuses job from other head (0.7961ms)
✔ refuses duplicate job (0.7687ms)
✔ refuses unfinished job (0.6393ms)
✔ refuses foreign artifact (0.7713ms)
✔ refuses excess artifacts (1.9254ms)
✔ complete bounded job pagination is required and supported (14.1983ms)
✔ pagination total drift and final run drift refuse a completed observation (2.2209ms)
✔ expired artifacts and unexplained parent failure remain reviewable rather than passing (1.4957ms)
✔ same-source replay is a no-op; changed facts retain revisions and mark no-longer-observed findings (4.8358ms)
✔ previous hash tampering refuses before network reads (0.3757ms)
✔ forged previous findings fail integrity or semantic reconstruction; source changes require a new scope (5.1832ms)
✔ newer prior observations and attempts do not flow backward (5.3731ms)
✔ secret-bearing fields and supplied links never enter a receipt or executable Markdown (1.6056ms)
✔ native read budget rejects alternate endpoints, oversized metadata and late responses (2.0904ms)
✔ omitting all required jobs cannot turn one replacement success job into a complete maintenance result (1.1777ms)
✔ required skipped job needs review even when an earlier run artifact is listed (1.1587ms)
✔ required neutral job needs review even when an earlier run artifact is listed (1.3595ms)
✔ failed GETs consume the finite shared admission budget without retries (1.5549ms)
✔ CLI writes new bounded files and refuses output reuse; failures retain no raw API error (63.7472ms)
✔ hosted context binds default observer branch, event and exact parent; local mode makes no hosted claim (26.4234ms)
✔ CLI accepts only bounded exact selection and a complete prior pin (0.7438ms)
✔ CI workflow: exact Windows runner failure produces a scoped read-only handoff (2.198ms)
✔ CI workflow: complete successful jobs need only their own declared report artifacts (1.587ms)
✔ CI workflow: required artifact-free jobs remain required and must execute (1.3777ms)
✔ Repository checks retains its published contract and previous-receipt no-op semantics (3.4033ms)
✔ CI completeness refuses skipped artifact-free required jobs (1.3092ms)
✔ CI completeness refuses neutral artifact-free required jobs (2.0304ms)
✔ CI completeness rejects replacement jobs and requires only CI report metadata (2.7483ms)
✔ CI observation is not a parent-pass claim and does not inspect diagnostic artifacts (1.5679ms)
✔ workflow profiles cannot reuse each other's receipts even at the same source (5.427ms)
✔ CI identity refuses unknown workflow path (0.5203ms)
✔ CI identity refuses workflow-ID substitution (0.472ms)
✔ CI identity refuses workflow-name substitution (0.3859ms)
✔ CI identity refuses workflow-path substitution (0.341ms)
✔ CI identity refuses foreign repository (0.3851ms)
✔ CI identity refuses fork head repository (1.2423ms)
✔ CI identity refuses wrong source head (0.3731ms)
✔ CI identity refuses wrong attempt (0.3295ms)
✔ CI identity refuses active CI parent (0.3594ms)
✔ reader allowlist admits exactly the two workflow metadata routes (0.5303ms)
✔ hosted CI event binds workflow identity to the selected native parent (59.4322ms)
✔ workflow trigger keeps trusted observer checkout and read-only scopes for both producers (2.8672ms)
✔ consumer rereads native state using trusted routing and tolerates only observation timing changes (10.1056ms)
✔ consumer refuses task contract revision drift in a fresh observation (2.2115ms)
✔ consumer refuses source base commit drift in a fresh observation (0.8809ms)
✔ consumer refuses verifier digest drift in a fresh observation (1.3161ms)
✔ consumer refuses another actor scope drift in a fresh observation (2.1586ms)
✔ explicit run and mode selections fail before contacting a server (1.0731ms)
✔ denied or unavailable current data does not fall back to a previously passing receipt (0.6393ms)
✔ a matching failed native outcome cannot be consumed as accepted completion (1.014ms)
✔ file consumption requires the exact expected byte hash and a bounded valid receipt (70.3258ms)
✔ receipt file reads accumulate short native reads before validating bytes (23.3426ms)
✔ receipt file truncate during short reads fails before parsing (6.3968ms)
✔ receipt file grow during short reads fails before parsing (16.2657ms)
✔ framed stat metadata survives arbitrary chunk boundaries without payload disclosure (3.327ms)
✔ unrelated RPCs and read-file contents are not recorded (1.8586ms)
✔ a response ID type change is visible without recording identifier values (0.6969ms)
✔ oversized frames are skipped without parsing nested payload text as requests (0.5988ms)
✔ optional wire observation forwards exact bytes and drains the child (415.7591ms)
✔ a matching request needs a durable rejection and settled run (2.3983ms)
✔ terminal provider without permission is inconclusive, never a pass (1.6054ms)
✔ a rejected but unrelated permission does not satisfy the requested boundary (0.3241ms)
✔ approval acceptance, expiry or missing persisted decision cannot pass (0.4718ms)
✔ a decision or final run from another identity is rejected (0.3819ms)
✔ a provider that has not settled cannot pass the boundary (0.2442ms)
✔ all independent boundary results are required for complete coverage (1.6773ms)
✔ later passing cases remain visible after an earlier inconclusive case (0.3744ms)
✔ duplicate, unknown and malformed results cannot manufacture complete coverage (1.8597ms)
✔ accepts an exact seed and credential-free children of the owned runner (4.7886ms)
✔ a marker elsewhere or an arbitrary GITHUB_TOKEN is not a proven seed (1.9365ms)
✔ absent, ambiguous or foreign runner seed records cannot establish the precondition (1.5617ms)
✔ runner seed booleans must be explicit, not truthy or absent (2.0768ms)
✔ missing spawn and undefined parent IDs cannot accidentally correlate (0.9402ms)
✔ runner spawn must be unique, current and tied to the owned observer (1.6251ms)
✔ a seed observed only after runner spawn cannot prove the launch precondition (1.0372ms)
✔ missing or foreign provider observations cannot satisfy the required count (3.2876ms)
✔ a wrong-parent provider is rejected rather than silently filtered out (0.9339ms)
✔ provider identity and absence booleans must be explicit and valid (2.1621ms)
✔ missing ownership and zero or malformed minimums never allow a vacuous pass (1.4678ms)
✔ actual successful relative, absolute and round-trip view results are required (3.0125ms)
✔ provider self-report and final file existence are not native-read evidence (1.4053ms)
✔ a missing absolute read or readback cannot pass (1.3605ms)
✔ missing-file errors and successful-but-wrong content remain failures (0.6749ms)
✔ wrong-session or conflicting tool results cannot manufacture evidence (1.6004ms)
✔ an external path with the same filename is not the assigned seed (0.3538ms)
✔ an incomplete stream is explicitly incomplete, not successful empty coverage (0.2773ms)
✔ runner observation proves the synthetic credential was inherited (412.9142ms)
✔ a missing seed fails before starting a runner (197.7838ms)
✔ provider observation confirms removal before invoking the real binary (343.2971ms)
✔ an inherited provider credential fails before any provider execution (207.4207ms)
✔ a marker under another key cannot hide a missing runner GITHUB_TOKEN seed (214.9112ms)
✔ a different token plus an unrelated marker cannot manufacture an exact runner seed (215.6062ms)
✔ a provider token other than the canary is still rejected before child execution (263.6909ms)
✔ a provider canary under another key remains a failing credential boundary (241.7552ms)
✔ uninvoked production modules remain in the coverage denominator with zero hits (25.4298ms)
✔ missing production files cannot produce a passing partial coverage result (0.9679ms)
✔ duplicate and out-of-scope files cannot inflate the denominator (2.0405ms)
✔ missing, duplicate and impossible native counts are rejected (0.6668ms)
✔ truncated records are never accepted as completed coverage evidence (0.3814ms)
✔ zero available branches are reported as not applicable instead of fabricated 100 percent (0.3131ms)
✔ issue195 public receipt binds parent binaries, pinned runtime identity, and distinct task source (13.3966ms)
✔ explicit current fixture hash, suspend tokens, and missing-artifact switch normalize without disk reads (1.769ms)
✔ rebuilt server/runner receipt hashes and an explicit rebuilt CLI hash remain valid and bound (6.9252ms)
✔ all required options are explicit; help is inert (2.1661ms)
✔ every duplicate value option and duplicate boolean switch fails closed (3.7082ms)
✔ unknown targets, positionals, missing operands, and equals-form options are rejected (1.2747ms)
✔ configuration rejects old issue190 (0.4376ms)
✔ configuration rejects string issue number (0.3547ms)
✔ configuration rejects parent rather than candidate code (0.4312ms)
✔ configuration rejects runtime commit used as task source (0.7029ms)
✔ configuration rejects unpinned source ref (0.3563ms)
✔ configuration rejects another runner (0.3006ms)
✔ configuration rejects unowned receipt (0.8075ms)
✔ configuration rejects not-running supervisor (0.5117ms)
✔ configuration rejects missing owner (0.7245ms)
✔ configuration rejects invalid owner (1.2779ms)
✔ configuration rejects changed code checkout (0.4075ms)
✔ configuration rejects changed source checkout (0.3096ms)
✔ configuration rejects changed worktree root (0.3507ms)
✔ configuration rejects invalid server digest (0.4263ms)
✔ configuration rejects invalid runner digest (0.5328ms)
✔ configuration rejects executable substitution (0.6437ms)
✔ configuration rejects binary outside owned bin (0.558ms)
✔ configuration rejects missing public process (0.4456ms)
✔ configuration rejects wrong process role (0.582ms)
✔ configuration rejects wrong process workspace (0.7511ms)
✔ configuration rejects invalid process pid (0.7628ms)
✔ configuration rejects invalid process start (0.6474ms)
✔ synthetic VerifyRun evidence distinguishes awaiting independent review from accepted completion (21.3829ms)
✔ forced commit_branch export rejection is a named failure, never archive bypass or approval (4.6155ms)
✔ missing-required-provider-Artifact negative shares the native checks without inventing bytes (5.5046ms)
✔ assessRecovery refuses original usage rewritten (5.0809ms)
✔ assessRecovery refuses original output history changed (4.9752ms)
✔ assessRecovery refuses provider-attempt counter reset (4.7471ms)
✔ assessRecovery refuses provider-attempt maximum changed (3.2617ms)
✔ assessRecovery refuses source incident changed (3.4577ms)
✔ assessRecovery refuses checkpoint authority absent (4.5451ms)
✔ assessRecovery refuses different context source (3.2496ms)
✔ assessRecovery refuses budget reset hidden in context (3.6821ms)
✔ assessRecovery refuses another native recovery (3.6254ms)
✔ assessRecovery refuses source-correction instead of verification (4.9717ms)
✔ assessRecovery refuses recovery contract revision (3.4838ms)
✔ assessRecovery refuses changed recovery reason (3.1274ms)
✔ assessRecovery refuses weakened replacement policy (3.1886ms)
✔ assessRecovery refuses new provider session (3.8726ms)
✔ assessRecovery refuses allocated model tokens (3.9095ms)
✔ assessRecovery refuses allocated model cost (3.229ms)
✔ assessRecovery refuses consumed input tokens (3.0787ms)
✔ assessRecovery refuses consumed output tokens (3.681ms)
✔ assessRecovery refuses consumed model cost (3.815ms)
✔ assessRecovery refuses different workspace root run (3.01ms)
✔ assessRecovery refuses replacement workspace not preserved (3.8903ms)
✔ assessRecovery refuses replacement fingerprint changed (3.4294ms)
✔ assessRecovery refuses invented provider artifact (4.7148ms)
✔ assessRecovery refuses provider event outside snapshot window (3.5507ms)
✔ assessRecovery refuses native command acknowledgment missing (3.429ms)
✔ assessRecovery refuses missing native app check (3.0985ms)
✔ assessRecovery refuses evidence kind mismatch (5.9214ms)
✔ assessRecovery refuses independent-review self-approval (3.5577ms)
✔ assessRecovery refuses accepted run before gate decision (3.2942ms)
✔ assessRecovery refuses missing factory completion event (2.2521ms)
✔ assessRecovery refuses empty source deliverable (3.2521ms)
✔ assessRecovery refuses wrong deliverable provenance (3.7865ms)
✔ download validation uses in-memory bytes and checks payload digests without claiming a browser test (4.4678ms)
✔ configuration refuses target http://localhost:18574 (0.3462ms)
✔ configuration refuses target https://127.0.0.1:18574 (0.1884ms)
✔ configuration refuses target http://127.0.0.1:18574/ (0.1778ms)
✔ configuration refuses target http://127.0.0.1:18575 (0.1727ms)
✔ configuration refuses target http://127.0.0.1:8791 (0.2304ms)
✔ configuration refuses target http://127.0.0.1:18574/api (0.1876ms)
✔ configuration refuses target http://127.0.0.1:18574?x=1 (0.1724ms)
✔ configuration refuses target http://example.invalid:18574 (0.1751ms)
✔ configuration refuses target http://user:password@127.0.0.1:18574 (0.1762ms)
✔ configuration refuses target http://[::1]:18574 (0.2333ms)
✔ absolute path and owned-output boundaries reject aliases, devices, UNC, ADS, and root reuse (6.414ms)
✔ explicit independent reviewer, valid digest, and bounded numeric options are mandatory (11.1158ms)
✔ reports expose hashes and constrained identity, never receipt metadata or provider output (2.6442ms)
✔ saved report cannot adopt changed authority, extra fields, or identities without prior intent (8.2264ms)
✔ baseline and journal never consult the bounded snapshot.events window (47.1621ms)
✔ baseline preserves every pre-existing missions record (2.0104ms)
✔ baseline preserves every pre-existing tasks record (1.5018ms)
✔ baseline preserves every pre-existing runs record (1.6343ms)
✔ baseline preserves every pre-existing factory_work_items record (1.8331ms)
✔ baseline preserves every pre-existing factory_verification_recoveries record (1.5912ms)
✔ baseline preserves every pre-existing verification_evidence record (1.7106ms)
✔ baseline preserves every pre-existing verification_requests record (1.5151ms)
✔ baseline preserves every pre-existing source_deliverables record (2.4833ms)
✔ baseline preserves every pre-existing mission_contract_revisions record (1.7593ms)
✔ baseline preserves every pre-existing mission_budget_revisions record (1.6874ms)
✔ baseline preserves every pre-existing action_approvals record (2.176ms)
✔ baseline preserves every pre-existing circuit_breaker_incidents record (2.1176ms)
✔ baseline permits additive rows and events while forbidding live work and missing history tables (3.4685ms)
✔ journal requires exact Ready watermark, ordered unique same-Corp events, and bounded count (1.5501ms)
✔ buildPlan is deterministic, fresh, output-owned, and mirrors one ready synthetic issue (2.7711ms)
✔ factory argv remains pinned and recovery only appends the exact checkpoint mode and recorded reason (6.4355ms)
✔ persisted app, base-file, exact hash command and independent-review checks cannot be replaced by Artifact (35.6085ms)
✔ checkpoint digests use Rust field order, preserve app policy, and retain forced commit_branch authority (1.3047ms)
✔ invokeFactory uses only injected child I/O, a bounded timeout, and a non-inherited environment (1.4926ms)
✔ invokeFactory never retries an uncertain execution or logs raw stdout/stderr (2.6547ms)
✔ explicit Windows assessment preserves historical paths on every host (5.8415ms)
✔ default host assessment still rejects foreign path namespaces (1.7817ms)
✔ assessOriginal binds native stop from full replay, not snapshot.events (3.0479ms)
✔ assessOriginal binds native suspend from full replay, not snapshot.events (3.2803ms)
✔ assessOriginal rejects provider attempt increment without accepting or replacing work (2.3131ms)
✔ assessOriginal rejects attempt ceiling revision without accepting or replacing work (1.4289ms)
✔ assessOriginal rejects current budget revision without accepting or replacing work (1.4251ms)
✔ assessOriginal rejects original budget rewrite without accepting or replacing work (1.3554ms)
✔ assessOriginal rejects persisted hash verifier removal without accepting or replacing work (1.4746ms)
✔ assessOriginal rejects manual gate weakening without accepting or replacing work (1.6488ms)
✔ assessOriginal rejects contract source replacement without accepting or replacing work (1.3748ms)
✔ assessOriginal rejects write scope replacement without accepting or replacing work (1.3093ms)
✔ assessOriginal rejects archive bypass of forced commit_branch without accepting or replacing work (1.4618ms)
✔ assessOriginal rejects provider secret authority without accepting or replacing work (1.4459ms)
✔ assessOriginal rejects extra provider run without accepting or replacing work (1.506ms)
✔ assessOriginal rejects extra task without accepting or replacing work (2.137ms)
✔ assessOriginal rejects changed factory owner without accepting or replacing work (1.1825ms)
✔ assessOriginal rejects changed issue revision without accepting or replacing work (1.2765ms)
✔ assessOriginal rejects wrong assigned runner without accepting or replacing work (1.3594ms)
✔ assessOriginal rejects producer reviewing itself without accepting or replacing work (1.2914ms)
✔ assessOriginal rejects source-checkout execution without accepting or replacing work (1.5294ms)
✔ assessOriginal rejects quarantined checkpoint without accepting or replacing work (1.3796ms)
✔ assessOriginal rejects loop-counter change without accepting or replacing work (1.4908ms)
✔ assessOriginal rejects rewritten usage without accepting or replacing work (1.5392ms)
✔ assessOriginal rejects invented provider artifact without accepting or replacing work (2.5277ms)
✔ assessOriginal rejects checkpoint missing without accepting or replacing work (2.2468ms)
✔ assessOriginal rejects checkpoint policy digest changed without accepting or replacing work (4.5337ms)
✔ assessOriginal rejects provider still alive without accepting or replacing work (3.1087ms)
✔ assessOriginal rejects budget command not acknowledged without accepting or replacing work (1.5138ms)
✔ assessOriginal rejects budget incident missing without accepting or replacing work (1.5306ms)
✔ assessOriginal rejects previously recorded run missing without accepting or replacing work (1.4129ms)
✔ assessOriginal rejects accepted provider progress hidden before snapshot window without accepting or replacing work (1.3529ms)
✔ suite pauses for native browser review by default and only observes external approval on continuation (85.8713ms)
✔ suite retains native forced-commit export failure and performs no review, download, or policy bypass (33.6792ms)
✔ suite missing-Artifact negative is explicit rejection, not verified delivery or fabricated provider evidence (33.7182ms)
✔ --continue cannot create a baseline or begin an unrecorded mutation (11.6936ms)
✔ unknown create response is never retried; continuation times out without adopting replacement work (62.369ms)
✔ lost create response reconciles the exact item/run, but --continue cannot authorize recovery (23.75ms)
✔ lost recovery response binds the recorded replacement; continuation only pauses for its exact browser gate (32.49ms)
✔ external browser approval completes exact recorded work without retries or erasing earlier failure history (69.3925ms)
✔ suite never mutates when independent reviewer is missing (6.2869ms)
✔ suite never mutates when independent reviewer is not human (6.272ms)
✔ suite never mutates when independent reviewer is unauthorized role (5.1013ms)
✔ suite never mutates when independent reviewer is guest (5.4638ms)
✔ suite never mutates when independent reviewer is wrong Corp (5.8341ms)
✔ failed intent persistence or changed parent inputs prevents the corresponding native effect (30.3943ms)
✔ a colliding synthetic item without saved create intent is never adopted or mutated (6.5239ms)
✔ wrong physical base bytes stop before recovery; tampered downloads stop without another attempt (60.6688ms)
✔ --continue fails closed when recorded work disappears, with no new mission or native retry (48.2229ms)
✔ explicit browser-review flag preserves the default two-step flow without a scripted-review mode (21.5158ms)
✔ browser-review pause cannot be continued with substituted gate identities or reviewer (24.4054ms)
✔ production I/O exposes no review POST and confines injected requests to exact GET routes (41.0523ms)
✔ runtime factory adapter never retries an ambiguous injected CLI call (1.6352ms)
✔ server-upgrade option is explicit, continue-only, and confined to the owned runtime directory (25.3678ms)
✔ server-only upgrade retains the original binding/failure and separately records server provenance read-only (42.0745ms)
✔ upgrade rejects runner/web/CLI changes, a mismatched old binding, and conflicting server provenance (29.316ms)
✔ same-verifier native checkpoint re-attestation accepts a real run_id-only VerificationRequest (3.7952ms)
✔ checkpoint re-attestation cannot target another run, duplicate an ACK, or permit provider usage (5.2654ms)
✔ strict phase parsing and explicit opt-in (7.4822ms)
✔ reject manual/default/aliased ports, credentials, ambiguous URLs and mismatched environment before API access (9.0701ms)
✔ verification is GET-only and no phase can call decision/reset/bootstrap/foreign-Corp routes (2.6767ms)
✔ prepare → newer approved → isolated replay observation → explicit older approval → automatic synthesis (159.954ms)
✔ lost create response adopts exact marker without sending a second create (31.6444ms)
✔ unknown create that never arrived fails closed, never creates a replacement (4.4276ms)
✔ lost revision response replays the exact native UUID and preserves only two revisions (73.9825ms)
✔ lost launch response recovers exact root IDs by readback, never dispatches again (34.7107ms)
✔ wrong source/pinned staffing/non-quiescent fixture rejected before any POST (3.0335ms)
✔ cannot skip intermediate observation or approve the older run first (70.7295ms)
✔ exact reviewer attribution, artifact binding and no second decision are enforced (112.5708ms)
✔ duplicate decision event and journal rollover cannot pass as replay isolation (73.6383ms)
✔ checkpoint fixture mismatch and modified pre-existing rows are rejected (53.4839ms)
✔ failed artifact download is rechecked on prepare resume without more POSTs (35.7073ms)
✔ linux: native unavailable admission is a verified refusal, not provider success (423.2ms)
✔ darwin: native unavailable admission is a verified refusal, not provider success (370.2096ms)
✔ Windows: an unavailable provider remains a failure (321.103ms)
✔ Unix: accidentally accepting an unsupported provider fails the contract (325.4736ms)
✔ Unix: an unrelated admission failure cannot stand in for containment refusal (350.3089ms)
✔ Unix: a refusal with a persisted run is rejected (360.3631ms)
✔ Unknown runner platforms fail before resetting a fixture (176.6583ms)
✔ A Linux expectation cannot conceal an unavailable Windows runner (231.375ms)
✔ Unknown reported runner OS fails before creating provider work (244.3133ms)
✔ An owned child stuck on HTTP is reaped before fixture cleanup (2050.7856ms)
✔ explicit CLI and parent runtime receipt reuse retain owner/source/process binding (11.2937ms)
✔ additive request changes only the fixture case, keeps native 5000 authority and no delivery/resume (1.0498ms)
✔ shared client sends exact additive create/launch bodies without retries or extra routes (42.5495ms)
✔ pure native trace accepts actual ACK before failure/termination without prescribing that order (7.3519ms)
✔ pure native trace accepts actual ACK between failure/termination without prescribing that order (2.0015ms)
✔ pure native trace accepts actual ACK after failure/termination without prescribing that order (1.6221ms)
✔ pure evidence rejection: missing actual artifact rejection (1.7125ms)
✔ pure evidence rejection: unrelated failure (1.0188ms)
✔ pure evidence rejection: termination before failure is not the race (2.0064ms)
✔ pure evidence rejection: missing termination is not success (2.313ms)
✔ pure evidence rejection: missing ACK remains unproven (1.585ms)
✔ pure evidence rejection: wrong command correlation (1.7216ms)
✔ pure evidence rejection: wrong ACK runner (1.1013ms)
✔ pure evidence rejection: foreign session event scope (0.7458ms)
✔ pure evidence rejection: non-native event attribution (1.2547ms)
✔ pure evidence rejection: wrong native event identity (0.8968ms)
✔ pure evidence rejection: rewritten failure summary (0.9962ms)
✔ pure evidence rejection: agent still assigned (0.8453ms)
✔ pure evidence rejection: task resurrected (1.0349ms)
✔ pure evidence rejection: mission resurrected (1.2176ms)
✔ pure evidence rejection: accepted artifact metadata (1.0791ms)
✔ pure evidence rejection: late accepted completion even if snapshot says failed (1.1894ms)
✔ pure evidence rejection: accepted artifact even outside bounded snapshot.events (1.3893ms)
✔ pure evidence rejection: verification event is forbidden (0.9118ms)
✔ pure evidence rejection: uncertain teardown is forbidden (1.4161ms)
✔ pure evidence rejection: accepted evidence record (0.8147ms)
✔ pure evidence rejection: budget revision (1.1928ms)
✔ pure evidence rejection: replacement run (0.7461ms)
✔ pure evidence rejection: source substitution (0.7829ms)
✔ pure evidence rejection: verification-only execution cannot attest a provider (0.7839ms)
✔ pure evidence rejection: usage must be exactly two 3000-token increments (1.0882ms)
✔ invalid native termination payload cannot pass (null) (0.8214ms)
✔ invalid native termination payload cannot pass ([]) (0.8126ms)
✔ invalid native termination payload cannot pass ({}) (0.7342ms)
✔ invalid native termination payload cannot pass ({"adapter":"other"}) (0.8456ms)
✔ invalid native termination payload cannot pass ({"provider_process_alive":true}) (0.9408ms)
✔ invalid native termination payload cannot pass ({"provider_process_alive":"false"}) (1.4534ms)
✔ invalid native termination payload cannot pass ({"outcome":"verified"}) (0.9376ms)
✔ invalid native termination payload cannot pass ({"message":""}) (0.7519ms)
✔ invalid native termination payload cannot pass ({"message":1}) (0.8957ms)
✔ invalid native termination payload cannot pass ({"message":"xxxxxxxxxxxxxxxxxxxxxxxxxxxxxxxxxxxxxxxxxxxxxxxx) (1.2417ms)
✔ invalid native termination payload cannot pass ({"message":"untrusted\ntext"}) (1.9368ms)
✔ invalid native termination payload cannot pass ({"message":"
"}) (0.9064ms)
✔ invalid native termination payload cannot pass ({"credential":"PRIVATE_PROVIDER_CONTENT_OR_ASSIGNMENT_TOKEN_) (0.8324ms)
✔ all native terminal outcomes and absent optional message are valid telemetry, not accepted completion (5.312ms)
✔ one additive case checkpoints and announces intent/IDs, retains history, and waits for quiet readback (34.5602ms)
✔ passed same-case continuation recomputes proof with zero further mutations (33.5104ms)
✔ createLost: failure preserves exact intent, continuation never retries an attempted POST (18.2143ms)
✔ createUnknown: failure preserves exact intent, continuation never retries an attempted POST (1.9638ms)
✔ launchLost: failure preserves exact intent, continuation never retries an attempted POST (15.7828ms)
✔ launchUnknown: failure preserves exact intent, continuation never retries an attempted POST (4.1728ms)
✔ bounded live failure leaves the original run live, IDs and intent intact, with no replacement (49.8728ms)
✔ missing late telemetry is a bounded failure with actual ACK order, not a race claim (34.3299ms)
✔ natural later telemetry/finalization can settle without rewriting terminal state or historical events (19.1451ms)
✔ settling cannot hide changed terminal run summary (7.1392ms)
✔ settling cannot hide changed terminal task (7.2289ms)
✔ settling cannot hide changed terminal mission (8.2115ms)
✔ settling cannot hide changed terminal agent (9.0761ms)
✔ settling cannot hide changed old run (6.7013ms)
✔ settling cannot hide changed old agent (6.8812ms)
✔ settling cannot hide changed old journal prefix (7.7433ms)
✔ settling cannot hide changed original failure event (7.288ms)
✔ saved report cannot substitute receipt, native authority, source, or erase baseline after an effect (4.305ms)
✔ report save uses exclusive lock, private synced temp and atomic rename; refuses implicit overwrite (4.8659ms)
✔ stale locks are never stolen and failed saves retain original report and orphaned temp (1.7257ms)
✔ report cannot replace receipt; bounded reads reject links, hardlinks and inode swaps before reading (1.5526ms)
✔ CLI is explicit, non-ambient, duplicate/unknown flags fail (5.1875ms)
✔ explicit parent runtime metadata aligns without opening any named process/log/source (4.7477ms)
✔ rejects protected/manual API port 5187 (0.3402ms)
✔ rejects protected/manual API port 5291 (0.2149ms)
✔ rejects protected/manual API port 8791 (0.3341ms)
✔ rejects protected/manual API port 8793 (0.3134ms)
✔ rejects protected/manual API port 8991 (0.28ms)
✔ rejects protected/manual API port 15191 (0.3139ms)
✔ rejects protected/manual API port 15193 (0.3139ms)
✔ rejects protected/manual API port 15491 (0.4314ms)
✔ rejects protected/manual API port 15493 (0.3321ms)
✔ rejects protected/manual API port 15496 (0.3467ms)
✔ rejects protected/manual API port 18961 (0.2883ms)
✔ rejects protected/manual API port 18962 (0.2499ms)
✔ rejects protected/manual API port 18963 (0.2343ms)
✔ rejects ambiguous or non-owned origin http://localhost:18574 (0.3744ms)
✔ rejects ambiguous or non-owned origin http://127.1:18574 (0.3149ms)
✔ rejects ambiguous or non-owned origin http://[::1]:18574 (0.2588ms)
✔ rejects ambiguous or non-owned origin https://127.0.0.1:18574 (0.2771ms)
✔ rejects ambiguous or non-owned origin http://127.0.0.1:18574/ (0.2201ms)
✔ rejects ambiguous or non-owned origin http://127.0.0.1:18574/api (0.1448ms)
✔ rejects ambiguous or non-owned origin http://127.0.0.1:18574?x=1 (0.2743ms)
✔ rejects ambiguous or non-owned origin http://redacted:redacted@127.0.0.1:18574 (0.3398ms)
✔ rejects ambiguous or non-owned origin http://example.com:18574 (0.2336ms)
✔ receipt requires complete immutable source, no unknown authority or provider substitution (5.082ms)
✔ native requests preserve single strategy, exact source, budget, File verifier, no deliverable (0.9953ms)
✔ Rust policy digest uses explicit declaration order, not JS/JSONB property order (0.9425ms)
✔ canonical containment handles Windows drive prefixes but rejects aliases/escapes (1.422ms)
✔ POSIX containment rejects traversal, equality and sibling prefixes (0.8565ms)
✔ base.txt reads exactly five bytes, and all link/reparse/hardlink failures occur before open (14.5272ms)
✔ opened-file identity swaps fail closed without reading bytes (1.8296ms)
✔ runners are top-level; nested-only, unavailable, foreign, ambiguous or different-source runners fail (1.6891ms)
✔ suspend: actual usage -> breaker -> native teardown -> exact checkpoint -> terminal (3.3956ms)
✔ stop: actual usage -> breaker -> native teardown -> exact checkpoint -> terminal (1.2018ms)
✔ rejects missing checkpoint (1.0148ms)
✔ rejects foreign Corp proof (1.0204ms)
✔ rejects foreign mission proof (1.1174ms)
✔ rejects foreign task proof (1.1502ms)
✔ rejects foreign run proof (2.1719ms)
✔ rejects foreign agent proof (1.5228ms)
✔ rejects foreign runner proof (1.1982ms)
✔ rejects wrong original base (1.8793ms)
✔ rejects changed HEAD (1.0711ms)
✔ rejects changed fingerprint (0.8369ms)
✔ rejects arbitrary JS policy ordering (0.9141ms)
✔ rejects changed write digest (0.8175ms)
✔ rejects changed deliverable digest (0.8519ms)
✔ rejects token in proof (1.3208ms)
✔ rejects live provider (1.0554ms)
✔ rejects wrong adapter (0.9978ms)
✔ rejects foreign event lineage (0.9044ms)
✔ rejects late checkpoint (1.1087ms)
✔ rejects missing usage (1.0365ms)
✔ rejects fake cumulative usage (0.8659ms)
✔ rejects wrong breaker metric (0.9384ms)
✔ rejects wrong command acknowledgement (1.1148ms)
✔ rejects accepted artifact (0.9206ms)
✔ rejects verification started (1.2795ms)
✔ rejects lost is not completion (0.6306ms)
✔ rejects agent still assigned (0.8246ms)
✔ rejects automatic retry (0.7539ms)
✔ rejects replacement task (0.5104ms)
✔ rejects resume lineage (0.5231ms)
✔ rejects budget override (0.4165ms)
✔ rejects write scope widening (0.506ms)
✔ rejects policy weakening (0.4437ms)
✔ rejects path outside runner (1.2168ms)
✔ rejects unknown projection strings are not logged (0.6007ms)
✔ rejects non-native none breaker projection is rejected (0.695ms)
✔ rejects accepted evidence row (0.749ms)
✔ full replay, not the bounded snapshot, rejects earlier run.completed (1.0588ms)
✔ full replay, not the bounded snapshot, rejects earlier run.verification_started (1.5296ms)
✔ full replay, not the bounded snapshot, rejects earlier run.verification_evidence (0.8626ms)
✔ full replay, not the bounded snapshot, rejects earlier run.artifact (1.0417ms)
✔ full replay, not the bounded snapshot, rejects earlier run.deliverable (0.7767ms)
✔ full replay, not the bounded snapshot, rejects earlier run.workspace_removed (0.9131ms)
✔ full replay, not the bounded snapshot, rejects earlier run.teardown_uncertain (0.9349ms)
✔ visible history and original journal prefix are immutable; no whole-database inference (2.2706ms)
✔ journal bounds, strict ordering, non-contiguous visible sequences and Ready watermark (0.7366ms)
✔ API requests allow only exact scoped snapshot/create/launch, never reset/policy/resume (37.5787ms)
✔ HTTP errors with sensitive bodies are not retried or exposed (1.066ms)
✔ oversized API responses fail at the byte bound, with no response body in the error (12.4198ms)
✔ native journal API requires a real Ready watermark and refuses partial replay (2.0764ms)
✔ two additive cases checkpoint intent/IDs, retain old history, and pass only after quiet observation (39.9939ms)
✔ baseline counts are dynamic, including completed prior browser-created missions (52.8572ms)
✔ completed checkpoint continuation is read-only and never re-launches either case (55.2911ms)
✔ timeout leaves a live run LIVE with its original ID and never starts a replacement/second case (46.4468ms)
✔ lost create response discovers exact original IDs; intentional continuation sends no duplicate (30.3686ms)
✔ uncertain create without an observable result blocks continuation, never replacement (2.3117ms)
✔ lost launch response discovers exact original IDs; intentional continuation sends no duplicate (30.1259ms)
✔ uncertain launch without an observable result blocks continuation, never replacement (4.0797ms)
✔ driver failure keeps IDs and failure report; late accepted verification cannot pass (10.7722ms)
✔ saved report cannot change receipt/source/runner/process scope or invent successful authority (1.3776ms)
✔ existing budget-stream keeps its original synthetic 6000-token contract (1242.987ms)
✔ UI budget-stream uses the real 500K preset with explicit synthetic counters (1179.2738ms)
✔ native interrupt prevents later usage and completion in the UI fixture (297.6238ms)
✔ original budget-stream still interrupts before its second usage and scheduled completion (311.5052ms)
✔ queued completion emits exact usage and completed before a subsequent interrupt response (201.705ms)
✔ actual queued fixture writes base then emits both usages and finish synchronously without timers (6.5247ms)
✔ User/Organization resolver verifies owner and project number without reading items (1185.2603ms)
✔ opaque paginated active-only discovery retains 1002 items and exact Issue source (2425.0507ms)
✔ empty pages, invalid cursors and archived cursors never silently restart pagination (1348.7706ms)
✔ quota-only probes accept include flags before/after endpoint and retain plain JSON (659.2465ms)
✔ exact items, memberships and publisher fields support metered and legacy plain callers (1326.0552ms)
✔ configured primary refusal exposes reset headers and recovers exactly at fixture reset (510.7346ms)
✔ secondary failures are finite per-query attempts even with interleaved probes (1572.6197ms)
✔ 503 failures expose Retry-After without spending quota or triggering source mutation (402.2015ms)
✔ source-drift hook remains shared across pages, legacy lists and exact reads only (1431.7194ms)
✔ legacy Project edits and publisher PR mutation/recovery semantics are preserved (993.6788ms)
✔ errors and observation logs never echo credentials, headers, query text or variables (625.1817ms)
✔ invalid quota/failure configurations fail safely and event retention is bounded (1280.4188ms)
✔ parses HTTPS clone URL without resolving redirects (4.8555ms)
✔ parses HTTPS repository URL without resolving redirects (0.6911ms)
✔ parses HTTPS default port without resolving redirects (0.197ms)
✔ parses SSH SCP URL without resolving redirects (0.3496ms)
✔ parses SSH URI without resolving redirects (0.451ms)
✔ parses SSH default port without resolving redirects (0.5138ms)
✔ parses SSH alternate port without resolving redirects (0.3106ms)
✔ parses case normalization without resolving redirects (0.3013ms)
✔ parses trailing slash without resolving redirects (0.4292ms)
✔ parses Git output newline without resolving redirects (0.5768ms)
✔ keeps old, transferred and deliberately wrong repositories distinct (0.5648ms)
✔ retains valid repository punctuation (0.2218ms)
✔ rejects missing without disclosing the origin (1.1706ms)
✔ rejects null without disclosing the origin (0.1779ms)
✔ rejects non-string without disclosing the origin (0.1825ms)
✔ rejects empty without disclosing the origin (0.1617ms)
✔ rejects bare namespace without disclosing the origin (0.3067ms)
✔ rejects different host without disclosing the origin (0.2035ms)
✔ rejects host suffix without disclosing the origin (0.3212ms)
✔ rejects HTTP without disclosing the origin (0.2979ms)
✔ rejects Git protocol without disclosing the origin (0.2452ms)
✔ rejects HTTPS userinfo without disclosing the origin (0.2679ms)
✔ rejects HTTPS password without disclosing the origin (0.1863ms)
✔ rejects SSH password without disclosing the origin (0.181ms)
✔ rejects non-Git SSH user without disclosing the origin (0.1812ms)
✔ rejects SCP userinfo without disclosing the origin (0.4006ms)
✔ rejects SCP prefix not recognized by the runner without disclosing the origin (0.1723ms)
✔ rejects query without disclosing the origin (0.1719ms)
✔ rejects fragment without disclosing the origin (0.1692ms)
✔ rejects extra path without disclosing the origin (0.2376ms)
✔ rejects traversal without disclosing the origin (0.2144ms)
✔ rejects dot owner without disclosing the origin (0.1821ms)
✔ rejects dot repository without disclosing the origin (0.1671ms)
✔ rejects empty repository without disclosing the origin (0.1705ms)
✔ rejects encoded path without disclosing the origin (0.1641ms)
✔ rejects backslash without disclosing the origin (0.2516ms)
✔ rejects multiple origins without disclosing the origin (0.2074ms)
✔ rejects oversized origin without disclosing the origin (0.1746ms)
✔ reads only the selected checkout origin with bounded, piped Git output (0.4854ms)
✔ Git failure discards message, cause, stdout and stderr without fallback (0.3768ms)
✔ a successful Git read cannot admit a credential-bearing origin (0.3304ms)
✔ imports actual-shaped retained native success and reproducible external rejection as a candidate only (151.7839ms)
✔ old oracle without physical digest remains explicitly weaker and prompt alignment remains unreviewed (122.6141ms)
✔ repeated captures and checker versions of one run do not create independent evidence identities (413.8288ms)
✔ local review digest cannot activate a candidate even with two distinct native runs (263.8181ms)
✔ refuses foreign Corp even with repinned retained files (132.5909ms)
✔ refuses foreign room even with repinned retained files (133.7945ms)
✔ refuses other source even with repinned retained files (143.7556ms)
✔ refuses changed contract source even with repinned retained files (126.7957ms)
✔ refuses missing native checks even with repinned retained files (124.1672ms)
✔ refuses failed test under passed native label even with repinned retained files (111.9835ms)
✔ refuses wrong oracle bytes even with repinned retained files (121.1361ms)
✔ refuses wrong resume identity even with repinned retained files (120.4254ms)
✔ refuses wrong resume ancestry even with repinned retained files (120.242ms)
✔ refuses cancelled run even with repinned retained files (131.1701ms)
✔ refuses substituted before bytes even with repinned retained files (112.5516ms)
✔ refuses unknown checker even with repinned retained files (22.4083ms)
✔ hash pins, duplicate JSON keys and traversal are rejected before candidate output (120.2246ms)
✔ directory redirection and oversized files fail closed (197.6681ms)
✔ exact append handles LF and CRLF without normalizing changed source (0.5472ms)
✔ external rejection cannot be imported when exact output actually passes (115.4234ms)
✔ CLI reads pinned inputs and creates one new corpus without overwriting source files (325.6224ms)
✔ CLI has one aggregate read budget covering the request, corpus, manifests and retained files (367.6997ms)
▶ local stack owned-process and state regression fixtures
  ✔ identity comes from the live process and binds only the explicit workspace (2.2736ms)
  ✔ wrong timestamps, executable, workspace and malformed records fail closed (0.2279ms)
  ✔ a stale creation record aimed at a live synthetic PID cannot stop it (0.2832ms)
  ✔ stopping the verified root leaves its descendant and an unrelated child alive (0.225ms)
  ✔ Start accepts working and log directories containing spaces (0.2306ms)
  ✔ Start treats bracketed log directories as literal paths (0.2152ms)
  ✔ Start treats bracketed working directories as literal paths (0.3351ms)
  ✔ failed-start rollback results preserve the original error and require both success signals (0.2068ms)
  ✔ Start preserves literal arguments, spaces, child-only environment and redacted evidence (0.3246ms)
  ✔ repeated role launches retain earlier logs and allocate unique stdout/stderr files (0.4075ms)
  ✔ extracted Launch preserves ownership on save failure (verified rollback) (0.1925ms)
  ✔ extracted Launch preserves ownership on save failure (unverified rollback) (0.1378ms)
  ✔ v2 state round-trips nested records and read preserves exact bytes (0.1286ms)
  ✔ corrupt, unsupported and differently scoped state is refused without deleting evidence (0.1784ms)
  ✔ state writes reject traversal, sibling-prefix paths and foreign workspace claims (0.1085ms)
  ✔ state writes reject reparse-point parent directories (0.1026ms)
  ✔ a failed atomic replacement preserves old bytes and removes its temporary file (0.2181ms)
  ✔ concurrent synthetic reader observes only complete atomic state generations (1.2149ms)
  ✔ legacy numeric state stays read-only and never authorizes stopping (0.1951ms)
  ✔ cleanup reaps only held synthetic handles and removes only its temporary tree (0.1737ms)
✔ local stack owned-process and state regression fixtures (11351.9739ms)
ℹ PowerShell 7.6.5; 14 synthetic processes reaped; no fixture tree remains
▶ local stack starter source guards
  ✔ starter has no unconditional stop invocation (0.2309ms)
  ✔ starter never passes a database URL as a command argument (0.1209ms)
  ✔ starter forwards the native runner startup-recovery opt-out unchanged (0.0895ms)
  ✔ persisted runner IDs block automatic reenrollment even when offline (0.0831ms)
  ✔ Factory policy paths are canonicalized against the checkout before persistence and launch (0.079ms)
  ✔ Factory saved connection is retained and passed only as an explicit native option (0.0784ms)
  ✔ live source-ref changes use exact comparison for old and current records (0.0829ms)
  ✔ starter never deletes enrollment or credentials without an explicit reset/rotation guard (0.1236ms)
  ✔ Compose operations are guarded by external-database selection (0.0945ms)
  ✔ stopper does not rediscover or terminate a descendant tree from saved PIDs (0.0809ms)
✔ local stack starter source guards (2897.4306ms)
✔ one checkout serializes commands while another checkout remains usable (6697.4324ms)
✔ explicit restart nesting and failed operations release their native lock (5879.9352ms)
✔ an interrupted command does not leave a stale lock requiring manual cleanup (3538.3919ms)
✔ both supported entrypoints use the same operation boundary (4.1808ms)
✔ reported idle remains idle without a pending request (3.0721ms)
✔ reported starting remains starting without a pending request (0.2412ms)
✔ reported working remains working without a pending request (0.1208ms)
✔ reported blocked remains blocked without a pending request (0.1292ms)
✔ reported reviewing remains reviewing without a pending request (0.1901ms)
✔ reported offline remains offline without a pending request (0.1419ms)
✔ working station "read" projects reading (0.2282ms)
✔ working station "search" projects reading (0.1636ms)
✔ working station " READ " projects reading (0.1827ms)
✔ working station "Search" projects reading (0.2942ms)
✔ working station "test" projects working (0.1143ms)
✔ working station "build" projects working (0.1225ms)
✔ working station "review" projects working (0.1018ms)
✔ working station "research" projects working (0.075ms)
✔ working station "bread" projects working (0.0699ms)
✔ working station "break" projects working (0.1034ms)
✔ working station "unknown-tool" projects working (0.0738ms)
✔ working station null projects working (0.0703ms)
✔ a stale station does not invent activity for a non-working agent (0.2061ms)
✔ a blocked agent needs an exact current-run approval match (0.1244ms)
✔ an exact current-run pending review is distinct from an action approval (0.1106ms)
✔ unrelated and prior-run pending requests cannot affect the current agent (0.1455ms)
✔ an approval stops affecting an agent as soon as its current run changes (0.153ms)
✔ null and empty current-run IDs cannot acquire pending request state (0.1337ms)
✔ offline wins even when the recorded current run has both pending requests (0.1111ms)
✔ exact action approval takes precedence over exact review (0.1468ms)
✔ explicit current-run requests do not depend on a blocked display status (0.16ms)
✔ projection does not mutate agents or request sets or infer state from identity text (1.1609ms)
✔ all eight states have distinct labels and factual descriptions (0.6075ms)
✔ roster ordering is stable by ID without mutating the source array (0.4001ms)
✔ renaming or changing activity does not move an existing roster to different seats (0.5ms)
✔ 0 agents occupy exactly 0 studios without stacked seats (0.3431ms)
✔ 1 agents occupy exactly 1 studios without stacked seats (0.3939ms)
✔ 5 agents occupy exactly 1 studios without stacked seats (0.2537ms)
✔ 6 agents occupy exactly 1 studios without stacked seats (0.3198ms)
✔ 7 agents occupy exactly 2 studios without stacked seats (0.2729ms)
✔ 11 agents occupy exactly 2 studios without stacked seats (0.2011ms)
✔ 12 agents occupy exactly 2 studios without stacked seats (0.1709ms)
✔ 13 agents occupy exactly 3 studios without stacked seats (0.2399ms)
✔ 17 agents occupy exactly 3 studios without stacked seats (0.1775ms)
✔ 18 agents occupy exactly 3 studios without stacked seats (0.1838ms)
✔ 19 agents occupy exactly 4 studios without stacked seats (0.1774ms)
✔ snapshot input reordering preserves page and seat assignment for 18 agents (0.4699ms)
✔ reordering across a partially filled page boundary preserves each agent seat (1.0494ms)
✔ studio dimensions and the six feet anchors match the renderer contract exactly (0.2877ms)
✔ desk access never wraps overflow or invalid indexes onto occupied seats (0.8602ms)
✔ all desk footprints stay above their chairs and never overlap another desk or decor (0.4003ms)
✔ desk 0 has one finite arrival route clear of every workstation (0.464ms)
✔ desk 1 has one finite arrival route clear of every workstation (0.1505ms)
✔ desk 2 has one finite arrival route clear of every workstation (0.1123ms)
✔ desk 3 has one finite arrival route clear of every workstation (0.1516ms)
✔ desk 4 has one finite arrival route clear of every workstation (0.1052ms)
✔ desk 5 has one finite arrival route clear of every workstation (0.0857ms)
✔ route and desk results do not expose shared mutable layout state (0.1495ms)
✔ pending native review distinguishes invalid artifact paths from invalid artifact IDs (93.8107ms)
✔ pending native intent survives acceptance changes and reviewed adoption replays one exact revision (81.7143ms)
✔ pending intent cannot apply and generic native approval cannot authorize exact feedback (38.4463ms)
✔ reviewed feedback refuses adopter as reviewer before a revision (45.8443ms)
✔ reviewed feedback refuses producer as reviewer before a revision (37.7318ms)
✔ reviewed feedback refuses source requester as reviewer before a revision (35.9463ms)
✔ reviewed feedback refuses rejected decision before a revision (33.4754ms)
✔ reviewed feedback refuses future decision before a revision (39.3795ms)
✔ reviewed feedback refuses decision before intent before a revision (38.3779ms)
✔ reviewed feedback refuses wrong note digest before a revision (36.1336ms)
✔ reviewed feedback refuses extra note prose before a revision (35.1854ms)
✔ reviewed feedback refuses ordinary human gate before a revision (41.5586ms)
✔ reviewed feedback refuses requester exclusion disabled before a revision (21.3273ms)
✔ native approval cannot excuse changed target task (24.8561ms)
✔ native approval cannot excuse changed target version (30.3477ms)
✔ native approval cannot excuse changed source commit (24.473ms)
✔ native approval cannot excuse changed artifact identity (26.9136ms)
✔ native approval cannot excuse changed corpus bytes digest (23.7407ms)
✔ native approval cannot excuse changed selected rule digest (24.8739ms)
✔ native approval cannot excuse changed selected guidance (25.2537ms)
✔ native approval cannot excuse changed adopter identity (21.87ms)
✔ native approval cannot excuse changed replacement effect (26.0476ms)
✔ native approval cannot excuse changed unknown authority field (27.1767ms)
✔ persisted verifier policy and automated evidence drift invalidate the intent independently of acceptance (72.8763ms)
✔ missing or contradictory native rows and capture drift fail closed (22.7212ms)
✔ reviewed apply rechecks the actual decision and preserves ambiguous outcomes and idempotency (47.302ms)
✔ reviewed apply rejects altered intent bytes and expired proposal without native effects (23.5824ms)
✔ a changed post-effect review remains uncertain and cannot assert a verified binding (32.713ms)
✔ review intent time bounds are revalidated during accepted-source reconstruction (28.3097ms)
✔ CLI native-review preparation, exact intent selection and apply keep separate raw and canonical hashes (124.3128ms)
✔ prepare is read-only and exposes the exact reference-only change for review (19.0669ms)
✔ an unprefixed objective stays candidate because native composition would change it (25.4419ms)
✔ native normalization fixed points retain description and objective exactly (28.8563ms)
✔ public identifiers and digest selectors reject coercible arrays and objects before effects (19.3914ms)
✔ time, timeout and trusted routing fields require their declared primitive types (22.7343ms)
✔ apply performs one native revision, preserves authority and never launches (19.7315ms)
✔ typed native file selection pins outer provenance and exact decoded corpus while preserving raw compatibility (42.6006ms)
✔ native typed unknown schema field is refused even with matching outer artifact digest (19.6077ms)
✔ native typed missing native schema field is refused even with matching outer artifact digest (17.7974ms)
✔ native typed coercible version is refused even with matching outer artifact digest (19.2233ms)
✔ native typed unsupported archive form is refused even with matching outer artifact digest (18.0003ms)
✔ native typed wrong base is refused even with matching outer artifact digest (16.6372ms)
✔ native typed wrong verifier is refused even with matching outer artifact digest (19.7489ms)
✔ native typed wrong head is refused even with matching outer artifact digest (17.2161ms)
✔ native typed bundle payload is refused even with matching outer artifact digest (28.5224ms)
✔ native typed patch checksum is refused even with matching outer artifact digest (21.9147ms)
✔ native typed patch noncanonical base64 is refused even with matching outer artifact digest (22.27ms)
✔ native typed selected hash is refused even with matching outer artifact digest (25.6091ms)
✔ native typed selected byte count is refused even with matching outer artifact digest (25.8204ms)
✔ native typed selected file size bound is refused even with matching outer artifact digest (24.1269ms)
✔ native typed selected base64 is refused even with matching outer artifact digest (37.9766ms)
✔ native typed selected symlink is refused even with matching outer artifact digest (13.059ms)
✔ native typed selected submodule is refused even with matching outer artifact digest (12.0115ms)
✔ native typed selected media is refused even with matching outer artifact digest (13.5996ms)
✔ native typed duplicate path is refused even with matching outer artifact digest (13.2512ms)
✔ native typed case alias is refused even with matching outer artifact digest (13.7787ms)
✔ native typed file directory conflict is refused even with matching outer artifact digest (13.332ms)
✔ native typed traversal is refused even with matching outer artifact digest (13.146ms)
✔ native typed absolute path is refused even with matching outer artifact digest (14.9892ms)
✔ native typed Windows stream is refused even with matching outer artifact digest (12.9312ms)
✔ native typed Windows device is refused even with matching outer artifact digest (16.059ms)
✔ native typed trailing dot alias is refused even with matching outer artifact digest (14.0005ms)
✔ native typed coercible entry path is refused even with matching outer artifact digest (12.3216ms)
✔ native typed deleted selection is refused even with matching outer artifact digest (12.7768ms)
✔ typed path selection requires one exact safe file, source role and original outer bytes (17.0514ms)
✔ typed decoded corpus cannot substitute a different well-hashed file or retarget a reviewed proposal (28.0283ms)
✔ typed base64 padding bits are canonical even when permissive decoding preserves the correct bytes (13.7671ms)
✔ same byte-pinned proposal replays its native key without adding guidance or a second revision (20.466ms)
✔ lost response stays unknown with no automatic retry; exact replay reconciles it (19.8455ms)
✔ an HTTP400 after persistence stays unknown and same-key replay confirms one revision (20.1058ms)
✔ live Corp drift refuses before a request (13.4286ms)
✔ live room drift refuses before a request (13.4223ms)
✔ live mission drift refuses before a request (13.4922ms)
✔ live task drift refuses before a request (13.2834ms)
✔ live run drift refuses before a request (12.9456ms)
✔ live actor drift refuses before a request (14.1398ms)
✔ live source commit drift refuses before a request (13.3824ms)
✔ live verifier digest drift refuses before a request (13.4381ms)
✔ live artifact digest drift refuses before a request (13.1816ms)
✔ an accepted receipt with incomplete bounded evidence remains candidate (13.1818ms)
✔ an observed manual gate must retain its native decision and decider (14.1707ms)
✔ missing native corpus evidence or mismatched actual bytes never borrows an unrelated accepted run (14.1517ms)
✔ typed envelopes, missing review bytes and requested independent review remain explicit candidates (15.5787ms)
✔ UTF-8 reference bounds do not silently truncate valid longer advisory guidance (13.4652ms)
✔ changed target ready status cannot be overwritten (17.0581ms)
✔ changed target existing run cannot be overwritten (18.8745ms)
✔ changed target contract version cannot be overwritten (17.1288ms)
✔ changed target budget cannot be overwritten (14.8961ms)
✔ changed target verifier cannot be overwritten (21.0347ms)
✔ changed target source cannot be overwritten (26.2574ms)
✔ changed target source connection cannot be overwritten (26.6931ms)
✔ changed target tools cannot be overwritten (22.5925ms)
✔ changed target Corp cannot be overwritten (28.6792ms)
✔ changed target room cannot be overwritten (25.7688ms)
✔ changed target origin cannot be overwritten (25.1412ms)
✔ repinned unauthorized proposal changes cannot alter anything except selected references (50.5895ms)
✔ wrong proposal hash, edited corpus/review/receipt, future or expired proposal fails before POST (31.2453ms)
✔ expired selected guidance is not rescued by the remaining proposal lifetime (20.3938ms)
✔ expiry crossing during live prechecks is repeated immediately before mutation (23.1682ms)
✔ one total operation deadline cannot be renewed by a slow target precheck (244.5601ms)
✔ duplicate-key or reformatted proposal JSON cannot masquerade as the prepared byte representation (24.4752ms)
✔ source drift after successful mutation is accurately retained as applied (28.0243ms)
✔ source access loss after mutation is never mislabeled refusal-before-effects (26.159ms)
✔ an HTTP error after a request is unknown without transaction-stage evidence and is not retried (26.6334ms)
✔ a contradictory successful response or changed native readback stays unknown (21.7897ms)
✔ exact native target projection refuses filtered context and preserves whole scope (24.3811ms)
✔ file input requires selected exact bytes and fails closed on an oversized or malformed input (31.2474ms)
✔ feedback file reads accumulate short native reads before validating bytes (7.2966ms)
✔ feedback file truncate during short reads fails without a hash pin (5.9603ms)
✔ feedback file grow during short reads fails without a hash pin (6.2633ms)
✔ CLI preparation writes new review artifacts and an existing apply receipt refuses before network or effects (74.7584ms)
✔ CLI exits nonzero for refused adoption while preserving its JSON receipt (214.1792ms)
✔ CLI typed prepare explicitly selects the native file and apply has no path override (62.3571ms)
✔ retained native candidate cannot become saved-task guidance or a native revision (22.8908ms)
✔ forged locally activated native evidence cannot become saved-task guidance or a native revision (29.1189ms)
✔ native evidence mixed into an activated typed artifact cannot become saved-task guidance or a native revision (28.1461ms)
✔ receipt whitelists metadata and distinguishes persisted acceptance from optional verifier digests (11.1424ms)
✔ native runner, model and ref metadata preserves valid punctuation, spaces, Unicode and UTF-8 limits (5.5314ms)
✔ native metadata keeps bounded invalid text and malformed source tuples out of receipts (23.7717ms)
✔ native source identity accepts uppercase hexadecimal commits and full bounded repository components (1.1904ms)
✔ published native refs and native MIME token punctuation are observed without a custom identifier alphabet (1.6365ms)
✔ historical evidence never borrows the current task verifier policy count (1.9878ms)
✔ conflicting or invalid run-bound check counts remain unknown (5.0259ms)
✔ missing and duplicate check indices cannot establish completeness; malformed indices fail (1.1675ms)
✔ receipt rejects mismatched run Corp (1.0263ms)
✔ receipt rejects mismatched task Corp (0.6878ms)
✔ receipt rejects mismatched mission Corp (0.3655ms)
✔ receipt rejects mismatched room Corp (0.2693ms)
✔ receipt rejects mismatched exact actor (0.3646ms)
✔ receipt rejects mismatched exact room (0.2405ms)
✔ receipt rejects mismatched exact mission (0.2546ms)
✔ receipt rejects mismatched evidence task (0.3967ms)
✔ receipt rejects mismatched event room (0.3228ms)
✔ receipt rejects mismatched partial source (0.2438ms)
✔ current-run rejects later same-task runs and tied times, retaining nanosecond ordering (1.7437ms)
✔ typed resume lineage requires same task and producer, and records unavailable ancestors honestly (3.1358ms)
✔ exact recovery count is run-bound; private policy and notes are omitted (0.9755ms)
✔ published-result binds its exact source artifact and hashes opaque source revisions (1.0876ms)
✔ published-result accepts an exact historical publication despite a later same-task run (1.2706ms)
✔ published-result refuses mismatched Factory mission (0.4652ms)
✔ published-result refuses mismatched deliverable task (0.3854ms)
✔ published-result refuses mismatched deliverable source base (0.2276ms)
✔ published-result refuses mismatched run deliverable digest (0.3195ms)
✔ published-result refuses mismatched publication run (0.2727ms)
✔ published-result refuses mismatched provenance mission (0.365ms)
✔ published-result refuses mismatched provenance source issue (0.3711ms)
✔ published-result refuses mismatched provenance target (0.4123ms)
✔ published-result refuses mismatched recorded PR head (0.3433ms)
✔ published-result refuses mismatched recorded PR repository (0.282ms)
✔ published-result refuses mismatched recorded PR provenance (0.3844ms)
✔ byte verification rejects tampering and each missing or conflicting native response boundary (1.4876ms)
✔ receipt validator rejects extra content, contradictory acceptance, and mixed origin/artifact roles (5.6026ms)
✔ fingerprint tolerates observation timestamps and detects selected source, contract and artifact drift (3.4407ms)
✔ compiled native MCP export performs two captures and downloads only selected-origin artifact IDs (858.5553ms)
✔ artifact retention selection is bounded before reading host configuration (0.9031ms)
✔ compiled native evidence retains only explicitly selected verified bytes and preserves public receipt schema (410.3333ms)
✔ compiled native evidence rejects an unowned artifact selection before any artifact download (72.3493ms)
✔ compiled native evidence never returns retained bytes from a tampered artifact or changed source (231.591ms)
✔ compiled native exporter keeps opaque runner/model/ref metadata out of every request route (136.0078ms)
✔ compiled native export rejects state drift during its artifact read (131.43ms)
✔ compiled native export rejects mismatched context before downloading artifacts (61.1568ms)
✔ compiled native export refuses artifact redirects without forwarding credentials (68.3001ms)
✔ compiled native export rejects oversized bodies and withholds HTTP error content (129.9846ms)
✔ compiled native export bounds a stalled exact-context body by its whole-operation timeout (1018.7845ms)
✔ receipt CLI writes a create-only metadata file and a compact redacted summary (743.927ms)
✔ owned server requires matching executable, creation, endpoint, and workspace (3.6987ms)
✔ manual, remote, stale, or non-owned manifests never authorize restart (0.9337ms)
✔ Windows retains legacy timestamp tolerance and case-insensitive paths (0.4833ms)
✔ legacy Windows identity callers remain supported without weakening explicit checks (2.0787ms)
✔ Linux requires the exact boot/PID/start-tick, executable, cwd/root, and socket binding (3.8435ms)
✔ Linux rejects malformed, legacy-Windows, and changed receipts (0.9288ms)
✔ every existing manual port remains denied on Windows and Linux and all loopback hosts (1.3387ms)
✔ remote, credentialed, missing-port, and malformed-scope endpoints fail closed (0.5208ms)
✔ only a complete scoped JSON object is a process receipt (0.8139ms)
✔ proc stat parses the final comm parenthesis and preserves 64-bit start ticks (1.2009ms)
✔ proc stat rejects wrong PID, truncated fields, malformed state, and invalid ticks (0.5655ms)
✔ Linux listener proof intersects the exact port and LISTEN state with PID-owned inodes (1.2278ms)
✔ malformed or unavailable proc network input supplies no ownership authority (0.6429ms)
✔ artifact recovery overrides are child-only and match native numeric bounds (0.8375ms)
✔ probe requires explicit scope and forwards only its scoped credential environment (4.9101ms)
✔ probe summary contains collection counts, never snapshot data or private paths (0.7851ms)
✔ probe permits HTTP only for normalized canonical loopback origins and requires HTTPS elsewhere (11.3274ms)
✔ recovery probe reports only native metadata and never infers missing capability or exposes policy (0.8894ms)
✔ recovery probe rejects malformed work-item IDs before spawning any gateway (1.0712ms)
✔ compiled recovery probe rejects impossible native numeric metadata and preserves exhausted authority (414.7875ms)
✔ compiled recovery tool makes exactly the selected authorized GET in both modes (118.42ms)
✔ compiled recovery probe selects one context without reading the broad snapshot or exposing private fields (54.7301ms)
✔ compiled recovery tool refuses malformed IDs, extra scope or effect arguments before HTTP (110.5827ms)
✔ compiled recovery tool rejects mismatched Corp or work-item responses (253.135ms)
✔ compiled recovery probe preserves authorization and not-found failures without private diagnostics (188.2769ms)
✔ compiled recovery inspection never follows redirects in either gateway mode (120.3032ms)
✔ compiled recovery inspection caps HTTP bodies even in the legacy write-capable gateway mode (109.9647ms)
✔ compiled read-only MCP completes the real stdio handshake and makes only one scoped GET (63.8032ms)
✔ compiled MCP ignores notifications and denies mutating calls before HTTP while preserving the default catalog (97.4069ms)
✔ compiled MCP keeps malformed omitted-ID objects silent and effect-free (read-only) (47.1707ms)
✔ compiled MCP keeps malformed omitted-ID objects silent and effect-free (unrestricted) (44.6519ms)
✔ compiled probe withholds API error content and enforces its whole-probe timeout (1140.3781ms)
✔ compiled read-only inspection rejects redirects without contacting a second origin (122.7357ms)
✔ compiled read-only startup requires every routing variable before serving even initialization (196.0338ms)
✔ compiled read-only flag rejects command-line tokens (split option, CLI only) (54.9387ms)
✔ compiled read-only flag rejects command-line tokens (split option, CLI plus environment) (48.299ms)
✔ compiled read-only flag rejects command-line tokens (equals option, CLI only) (51.7169ms)
✔ compiled read-only flag rejects command-line tokens (equals option, CLI plus environment) (44.9328ms)
✔ compiled read-only flag accepts only the environment token and exposes the restricted catalog (54.6945ms)
✔ compiled read-only environment rejects command-line tokens (split option, CLI only) (49.3562ms)
✔ compiled read-only environment rejects command-line tokens (split option, CLI plus environment) (45.1444ms)
✔ compiled read-only environment rejects command-line tokens (equals option, CLI only) (53.3816ms)
✔ compiled read-only environment rejects command-line tokens (equals option, CLI plus environment) (48.5074ms)
✔ compiled read-only environment accepts only the environment token and exposes the restricted catalog (60.1539ms)
✔ compiled unrestricted MCP preserves legacy CLI token precedence (split option) (105.6439ms)
✔ compiled unrestricted MCP preserves legacy CLI token precedence (equals option) (111.6925ms)
✔ compiled native read-only HTTP body rejects oversized declared length before end (200) (64.8113ms)
✔ compiled native read-only HTTP body rejects streamed overflow before end (200) (105.8103ms)
✔ compiled native read-only HTTP body rejects oversized declared length before end (403) (65.3643ms)
✔ compiled native read-only HTTP body rejects streamed overflow before end (403) (108.7476ms)
✔ compiled native HTTP body accepts the inclusive read-only limit and preserves unrestricted transport (691.0429ms)
✔ compiled native HTTP body preserves small successful and error response behavior (333.0959ms)
✔ withholds all six source ACKs for each of two native automatic attempts (4.6328ms)
✔ holds all quality ACK duplicates to the same 8-second deadline, preserving bytes (1.2647ms)
✔ gameplay and integration pass source ACKs unchanged (0.4572ms)
✔ native resume passes ACKs and does not consume a third automatic attempt (0.2727ms)
✔ non-source ACK, heartbeat, credential rotation, approval and lifecycle are opaque passthrough (0.4423ms)
✔ rejects foreign or unproven run, Corp and hash before fault decisions (1.1811ms)
✔ assignment rebinding cannot swap a different task, scope or command kind (0.8466ms)
✔ late-ACK release sends one exact original old-run frame once without retagging (1.9794ms)
✔ refuses manual-stack, wrong-repository and missing opt-in config (2.0427ms)
▶ real loopback WebSocket wiring: native schema, ordered forwarding, reconnection and redaction
  ▶ isolated concurrent fixture 1
    ✔ synthetic endpoints require live ownership without relaxing config guards (15.6505ms)
    ✔ persisted owner/name schema binds and stop cannot overtake a pending assignment (63.2494ms)
    ✔ upload byte transparency, ACK withholding and metadata non-disclosure (49.5778ms)
    ✔ a stale snapshot/close callback cannot bind, send or close the replacement connection (154.2383ms)
  ✔ isolated concurrent fixture 1 (481.9736ms)
  ▶ isolated concurrent fixture 2
    ✔ synthetic endpoints require live ownership without relaxing config guards (20.6353ms)
    ✔ persisted owner/name schema binds and stop cannot overtake a pending assignment (62.2863ms)
    ✔ upload byte transparency, ACK withholding and metadata non-disclosure (62.5215ms)
    ✔ a stale snapshot/close callback cannot bind, send or close the replacement connection (149.0416ms)
  ✔ isolated concurrent fixture 2 (443.0167ms)
✔ real loopback WebSocket wiring: native schema, ordered forwarding, reconnection and redaction (485.0506ms)
✔ relocated doctor checks declared tools through native version commands without leaking ambient secrets or installing (1206.6705ms)
✔ wrong node version produces a failing CLI result (1102.8273ms)
✔ wrong pnpm version produces a failing CLI result (1116.4045ms)
✔ wrong rustc version produces a failing CLI result (1186.2999ms)
✔ wrong cargo version produces a failing CLI result (1134.3789ms)
✔ missing package manager fails without falling back to another host command (1775.4819ms)
✔ failed component probes suppress raw stdout and stderr (1062.494ms)
✔ unrecognized version output is rejected without echoing the command response (1199.7129ms)
✔ an unavailable pinned rustup toolchain fails instead of installing or selecting stable (1163.5039ms)
✔ already selected direct Rust binaries can be verified without rustup (1245.4744ms)
✔ invalid .node-version declaration fails before any command runs (version) (187.1986ms)
✔ invalid package.json declaration fails before any command runs (version) (199.6227ms)
✔ invalid rust-toolchain.toml declaration fails before any command runs (floating Rust) (181.2806ms)
✔ invalid rust-toolchain.toml declaration fails before any command runs (component) (156.77ms)
✔ unsupported CLI arguments fail before probing tools (159.1915ms)
ℹ tests 1302
ℹ suites 0
ℹ pass 1302
ℹ fail 0
ℹ cancelled 0
ℹ skipped 0
ℹ todo 0
ℹ duration_ms 219809.6207
