$ node --test --test-concurrency=2 --test-timeout=180000 "apps/web/src/**/*.test.mjs" "tools/*.test.mjs"
✔ editor preserves its accessible control names, preview hook, and all six check choices (43.8901ms)
✔ switching check types resets their incompatible fields and retains the rest of the policy (7.5232ms)
✔ every check-field callback retains the selected variant and unchanged checks (14.6434ms)
✔ adding and removing checks preserves tab selection, including external policy shrink and the empty state (17.3223ms)
✔ the 16-check add button limit and oversized-policy feedback are retained (10.0148ms)
✔ manual-gate transitions retain default role ordering, requester exclusion, and explicit removal (12.5189ms)
✔ preview keeps exact check order, manual-role labels, heading overrides, and requester-exclusion guidance (2.5113ms)
✔ Factory exact-run navigation replaces a remembered newer outcome before mission remount (4.0894ms)
✔ run navigation ignores the duplicate activity marker in a hidden Factory tab (14.8764ms)
✔ artifact navigation chooses its exact producer while mission-only navigation preserves the current choice (1.4528ms)
✔ unavailable run/task/mission cannot overwrite remembered evidence or open another run (2.8943ms)
✔ storage failure or obsolete viewer fails closed before navigation (2.5929ms)
✔ explicit navigation writes only the selected viewer scope and only the run identity (1.1424ms)
✔ reload keeps the decided run instead of the other pending review or a newer worker (2.4574ms)
✔ remembered evidence is scoped to the API server, Corp, actor and mission (0.4227ms)
✔ missing remembered work never silently substitutes another visible review (0.3119ms)
✔ unreadable or malformed stored context requires explicit selection, not the next review (1.0238ms)
✔ a first visit is distinct from unreadable history; failed writes do not throw (0.4729ms)
✔ only the selected run ID is stored; reviews and authority never enter browser persistence (1.1685ms)
✔ MissionCard scopes remounts, pins initial evidence and fails closed when persistence fails (10.9519ms)
✔ issue210 only the explicit server flag adds correction to a native checkpoint (2.4993ms)
✔ issue210 verifier availability is independent of correction and missing availability preserves legacy behavior (1.0805ms)
✔ issue210 revision source is the exact server-selected verifier, with no cross-item fallback (0.5743ms)
✔ only native proof plus its cancellation marker exposes source-only checkpoint verification (0.3808ms)
✔ a running checkpoint needs no cancellation repair, and ordinary verification failure stays compatible (0.3047ms)
✔ missing/tampered source, checkpoint, head, active recovery or terminal outcome offers no new recovery (0.3515ms)
✔ context requests are not recovery grants and never depend on inferred mission spend/status (0.3074ms)
✔ copied command binding retains the saved connection and never falls back on malformed metadata (0.2638ms)
✔ actual presentation selects the endpoint source, not the newest visible run or mission cancellation (118.5976ms)
✔ issue210 presentation separates provider-free verification from a budgeted same-session fix (30.3407ms)
✔ issue210 source-only and unavailable checkpoint presentations never suggest generic recovery (42.9429ms)
✔ actual context loader is GET-only and admits the exact item/version/mission checkpoint (49.801ms)
✔ actual context loader rejects stale/cross-scope and malformed flags without snapshot fallback (187.1297ms)
✔ issue210 actual loader accepts boolean correction flags and defaults missing legacy authority closed (53.3767ms)
✔ issue210 exact loader retains true, false and missing checkpoint availability without granting another mode (47.5403ms)
✔ actual UI action copies only explicit checkpoint verification with the original scope/connection (184.3247ms)
✔ issue210 actual correction action retains the original CLI route, source and connection (285.6421ms)
✔ issue210 actual card drops correction authority immediately when item, version or actor changes (286.4893ms)
✔ issue210 actual contract submission uses the scoped verifier, not its provider ancestor (42.9537ms)
✔ issue210 editor loading, errors, stale context and denied correction cannot fall back or submit (265.8876ms)
✔ issue210 ordinary contract resume, redispatch and requester/role boundaries stay intact (109.5217ms)
✔ issue210 actual source-only context copies correction and revises the exact verifier; no-mode context does neither (219.0039ms)
✔ actual resume handler and rendered provider control respect native recovery blocking (5.664ms)
✔ actual App Resume control survives an ineligible ordinary Factory recovery lookup and uses the native actor-bound POST (232.1557ms)
✔ issue221 explicit provider-correction permission permits null head without granting checkpoint or generic resume (0.9188ms)
✔ issue221 actual context reader retains null head/current provider proof and malformed heads remain non-actionable (319.8803ms)
✔ issue221 actual copy/revision actions use only source correction for the latest failed provider with null head (332.5538ms)
✔ wrong-first legacy Project 174 cannot displace the selected live lab controller (1.756ms)
✔ every Project/repository/Corp component must match, even with an active-item pointer (0.3768ms)
✔ GitHub owner/repository case and surrounding whitespace normalize independently (0.206ms)
✔ missing/malformed scope is neutral rather than an empty-scope match (0.3391ms)
✔ the exact active item wins among live controllers in the same scope (0.2717ms)
✔ a current live scope match wins over a stale offline active-item pointer (0.2236ms)
✔ with only offline matches, retain the exact item rather than crossing scope (0.1735ms)
✔ without an item, prefer useful live intake in the current Corp (0.3305ms)
✔ empty/no-match and unavailable explicit selections never borrow another controller (0.3638ms)
✔ heartbeat freshness and stable ID break ties without using array order or mutating inputs (1.5436ms)
✔ snapshot refresh and selected scope changes return the exact new ID/version object (0.3386ms)
✔ the actual FactoryPanel resolver feeds displayed state and both action callbacks (18.8015ms)
✔ the actual component guards controller actions, retains role gating and passes the same callback (11.4647ms)
✔ the actual API action handler targets the resolved controller ID and version for all actions (61.4424ms)
✔ the production handler preserves the existing ID-scoped idempotency/version on a lost response (26.2034ms)
✔ primary_rate_limit has a reader-facing reason and an automatic future retry (22.644ms)
✔ secondary_rate_limit has a reader-facing reason and an automatic future retry (1.1073ms)
✔ graphql_quota has a reader-facing reason and an automatic future retry (2.05ms)
✔ github_unavailable has a reader-facing reason and an automatic future retry (0.6658ms)
✔ quota, cost and timestamps come from the snapshot, not derived or default budgets (1.2231ms)
✔ equivalent offset timestamps have the same local retry time and boundary (1.098ms)
✔ at or after the retry deadline, waiting is not presented as a successful retry (1.1867ms)
✔ zero remaining, limit, query cost and failures remain real zeros (0.6437ms)
✔ paused desired state wins without rewriting controller health or promising a retry (1.0077ms)
✔ offline health wins over polling metadata, including an elapsed retry (1.1279ms)
✔ paused and offline together retain both conditions and existing paused precedence (0.6293ms)
✔ absent legacy polling leaves the old strip intact and never fabricates a wait (0.2734ms)
✔ missing or malformed backoff data is unavailable, never zero or an invented deadline (0.3875ms)
✔ invalid values are not coerced to numbers or dates and unknown reasons are not rendered raw (2.196ms)
✔ partial quota data preserves observed zeros while missing fields remain unavailable (0.3998ms)
✔ healthy telemetry does not infer a backoff from a zero quota or failure count (0.5451ms)
✔ UI integration remains read-only, accessible, and uses existing controller controls (18.8223ms)
✔ line normalization preserves argument boundaries, literal punctuation, and duplicate values (2.1578ms)
✔ role entry supports commas and CRLF without silently deduplicating or authorizing roles (0.4207ms)
✔ mission projection retains exact task, runner and human control attribution (3.167ms)
✔ foreign tasks and same-ID foreign-Corp runners cannot supply collaboration state (0.3214ms)
✔ offline retains work without advertising live control or termination (0.3301ms)
✔ connecting retains work without advertising live control or termination (0.305ms)
✔ a failed snapshot refresh retains exact work without advertising live controls (0.351ms)
✔ invalid snapshot receipt NaN cannot advertise live controls (0.2166ms)
✔ invalid snapshot receipt Infinity cannot advertise live controls (0.1991ms)
✔ invalid snapshot receipt 0 cannot advertise live controls (0.1973ms)
✔ invalid snapshot receipt -1 cannot advertise live controls (0.2737ms)
✔ expired/malformed lease 2026-09-16T11:59:00Z cannot claim a controller (0.5941ms)
✔ expired/malformed lease 2026-09-16T12:00:00Z cannot claim a controller (0.2828ms)
✔ expired/malformed lease bad cannot claim a controller (0.1114ms)
✔ verifying has recorded evidence but no provider controls (0.2974ms)
✔ completed has recorded evidence but no provider controls (0.092ms)
✔ lost has recorded evidence but no provider controls (0.157ms)
✔ cancelled has recorded evidence but no provider controls (0.1383ms)
✔ a provider-free run and a superseded agent assignment expose no live controls (0.3353ms)
✔ runner grace and offline remain distinct; neither supplies human presence (0.2125ms)
✔ review links bind exact run/task and explain role and requester exclusion (0.3789ms)
✔ missing and historical identities never become fabricated named owners or current controllers (0.1837ms)
✔ draft cache survives surface remounts but never crosses Corp/actor/room/mission (0.3031ms)
✔ actual component navigation only requests exact context; rendering sends no commands (11.9376ms)
✔ actual disconnected component retains readable evidence with an explicit warning (1.3997ms)
✔ actual failed-refresh component distinguishes stale data from a disconnected transport (1.2896ms)
✔ actual component rejects missing receipt freshness and restores controls after a successful refresh (3.6706ms)
✔ App preserves main snapshot metadata and exact-run navigation while passing numeric receipt freshness (6.1908ms)
✔ App embeds existing scoped discussion and pins evidence before exact-run navigation (2.7678ms)
✔ late completion notifies remounted composers without clearing a newer or same-text draft (0.5959ms)
✔ late operation acknowledgment cannot clear a replacement idempotency key (160.3335ms)
✔ actual App selection never substitutes another mission after the selected record disappears (93.2306ms)
✔ actual briefing navigation has a visible destination for legacy empty descriptions (82.4249ms)
✔ verification checks do not change launch intent (1.2984ms)
✔ review navigation cannot turn its click into a form submission (0.2278ms)
✔ ordinary application setup cannot silently fall back to the fake runtime (0.5565ms)
✔ composer uses two clear steps and starts with an empty goal (0.2322ms)
✔ advanced settings and detailed requirements are optional disclosures (0.7884ms)
✔ closing setup preserves the draft and returns to existing mission context (0.7502ms)
✔ explicit links to existing work reveal it without erasing an open draft (0.5569ms)
✔ native creation and explicit held-plan behavior remain unchanged (0.2713ms)
✔ review keeps the exact source and current server-derived allocation visible (0.4953ms)
✔ scope requires four explicit bounded identities and cannot mutate after submission (3.4109ms)
✔ current origin binds the exact view instance, not just equal IDs (0.4683ms)
✔ read issues exactly one encoded, uncached GET with cancellation and no body (12.1168ms)
✔ Direct accepts only exact returned linkage and drops unexpected hidden fields (1.5055ms)
✔ Factory retains only the validated work item, repository, issue number and exact URL (99.8641ms)
✔ all four response identities must echo the bound request exactly (5.3908ms)
✔ missing, malformed and older origin responses never become Direct (1.6136ms)
✔ Factory fields are required and null or missing metadata is never partly accepted (2.4185ms)
✔ Factory rejects invalid work-item identities, repository paths and issue numbers (3.0779ms)
✔ only the raw HTTPS GitHub issue URL matching returned repository and number is accepted (4.3776ms)
✔ mixed-case owner/repository URLs match normalized identity and retain display case (21.0947ms)
✔ valid case-preserving repositories and positive safe issue numbers remain verbatim (0.583ms)
✔ old endpoints, denied authorization and transport failures stay unavailable without raw errors (1.2297ms)
✔ a synchronous API failure is contained and clears the read timer (0.5924ms)
✔ timeout aborts an unsettled read and suppresses both late success and late failure (0.656ms)
✔ a settled success or failure cannot be overwritten by an already queued timeout (0.659ms)
✔ cancellation before the scheduled read prevents even the GET (0.8004ms)
✔ in-flight cancellation ignores transports that resolve or reject after abort (0.7492ms)
✔ component reads once for a valid view and renders truthful Direct copy in one styled paragraph (14.7816ms)
✔ component links only a fully validated Factory response, not extra returned fields (2.5087ms)
✔ all four operating roles may read; guests, spectators and unknown roles never request context (11.6719ms)
✔ invalid or absent scope props render the conservative fallback without requesting (13.1352ms)
✔ failed exact reads preserve #185 positive or unknown fallback without inventing links or hiding failure (7.8795ms)
✔ a failed origin lookup can be retried explicitly without changing the work identities (2.7948ms)
✔ Corp, actor, room and mission changes hide old success and errors before effect cleanup (12.2286ms)
✔ late success and errors from a replaced request cannot update the current component (12.1123ms)
✔ leaving and returning to identical IDs cannot revive an earlier success or failure (3.1559ms)
✔ same-ID reopened pending requests ignore the original response and error after current denial (3.3792ms)
✔ a guest transition revokes displayed source data and returning operators must read again (1.3129ms)
✔ operating-role and API changes also invalidate old privileged context (1.7825ms)
✔ unmount cancels the read and a fresh mount with identical IDs cannot inherit its outcome (2.0216ms)
✔ one builder preserves the complete current creation payload and retained settings (2.3441ms)
✔ provider defaults, supported reasoning and commit-branch semantics match submission (0.2466ms)
✔ existing deterministic fixture semantics are not converted into provider settings (0.2033ms)
✔ scope freezes the exact serialized body and rejects an actor mismatch (0.6053ms)
✔ every request field, Corp and actor invalidate an earlier quote (0.7886ms)
✔ preview debounces, uses the exact creation body, and calls only the read-only preview POST (6.5292ms)
✔ an edit or closing the composer before debounce starts no request (0.377ms)
✔ an invalidated request is aborted and cannot publish a late successful quote (1.1965ms)
✔ late errors after actor/Corp change or unmount cannot replace the new preview (1.0596ms)
✔ editing away and back still requires a fresh request, not a revived quote (0.7213ms)
✔ allocations are displayed verbatim from the server, not a frontend Studio formula (0.6285ms)
✔ missing or mismatched quote fields never become a current allocation (1.5151ms)
✔ an absent preview endpoint gives a useful failure state without inventing allocations (1.0802ms)
✔ preview response is bounded to eight tasks without reallocating server budgets (0.799ms)
✔ unknown, self, duplicate and oversized dependency references remain unknown allocations (0.904ms)
✔ retry clears an old failure immediately and can accept a fresh quote (1.3414ms)
✔ timeout clears the quote, aborts the request and ignores a late response (0.9301ms)
✔ App shares the request body, invalidates keyed preview instances and retains native Launch (4.1433ms)
✔ mission selection and Discuss use the authoritative non-first owning room (1.6595ms)
✔ mission, task, run and artifact deep links resolve to the same owning room (0.391ms)
✔ an explicit room deep link and all-discussion view stay in that room (1.2217ms)
✔ stale, missing and older mission/room projections never fall back to the first room (0.2167ms)
✔ related work is limited to the selected room and mission, not a fixed item count (1.4593ms)
✔ messages are room-filtered before mission links and out-of-order reply ancestry (0.6365ms)
✔ valid room, mission and inherited reply submissions retain the same scope (0.5771ms)
✔ stale actor, Corp, room and mission scopes cannot submit or complete a newer draft (0.253ms)
✔ a disappearing mission or owning room fences previously valid submissions (0.3037ms)
✔ foreign, missing or stale links and replies cannot silently become general comments (0.4551ms)
✔ guest-shaped and missing Factory projections do not establish Direct origin (0.5466ms)
✔ a mission older than the 500-item Factory window remains origin-unknown (0.2768ms)
✔ a positively matched visible Factory item retains its issue attribution (0.1347ms)
✔ known publication/recovery linkage is generic when intake details are unavailable (0.3584ms)
✔ projection helpers preserve the authoritative input and do not retain hidden origin data (0.2569ms)
✔ the UI uses the tested projection and submission helpers on both discussion entry paths (15.1615ms)
✔ scope requires every explicit identity and repository and freezes the view generation (3.6096ms)
✔ the exact scope object, not equal IDs or a prior A -> B -> A view, selects the load (0.4625ms)
✔ one encoded GET is uncached, abortable and body/header/credential free (9.0463ms)
✔ published DTO retains only bound result metadata and leaves raw input untouched (1.8178ms)
✔ only explicit null publication in a correctly scoped response is known absence (2.5824ms)
✔ item and publication scope mismatches never expose links or known absence (6.9665ms)
✔ publication source issue matches the work item without equating authorizer, revisions or checkpoint generations (1.504ms)
✔ publication and artifact identity tuples plus full digests must all match (2.5763ms)
✔ missing, duplicate and unrelated-first deliverables cannot substitute a result (0.9829ms)
✔ native provenance identity, source/target branches and digests are checked without retaining authority (4.65ms)
✔ raw GitHub PR URLs allow native slash suffixes but retain exact repository and number checks (4.7517ms)
✔ owner/repository display case is preserved while full hex values compare by bytes (0.9757ms)
✔ PR state, exact head, owner, recorded metadata and phase cannot contradict each other (2.0257ms)
✔ download metadata rejects controls, external/native paths, malformed hashes and invalid sizes (10.0504ms)
✔ pending, PR-created, published and failed publication are distinct without claiming a live app (2.0549ms)
✔ only a different valid pinned run is a mismatch; same-run contradictions stay unavailable (0.6862ms)
✔ loading, denied and stale contexts cannot become a result or known absence (0.7056ms)
✔ denials, missing endpoints and sync/async transport failures stay unavailable without raw errors (0.9872ms)
✔ timeout aborts and suppresses late successes and failures without retries (0.8299ms)
✔ queued timeout callbacks cannot overwrite a settled success, absence or denial (0.5878ms)
✔ cancellation before start issues no GET; in-flight cancellation publishes no late data (0.6895ms)
✔ new same-ID generation remains unavailable after denial despite a prior response completing later (0.4662ms)
✔ requester summary does not ask for a forbidden independent decision (3.1502ms)
✔ wrong-role summary explains the existing role requirement (1.4828ms)
✔ eligible independent reviewer keeps the review invitation (1.4637ms)
✔ human gate without requester exclusion still allows the requester (1.3172ms)
✔ completed result does not inherit a pending-review restriction (1.3451ms)
✔ fresh human-only bootstrap can select a runner runtime before any crew exists (3.5802ms)
✔ retired and legacy identities neither enable nor suppress advertised runtimes (0.4274ms)
✔ studio requires the exact selected source on a connected runner, not another repository (0.5391ms)
✔ source repository and commit matching are case-insensitive but ref matching is exact (0.3553ms)
✔ unavailable runtimes and non-runtime capabilities are not mission options (1.5105ms)
✔ catalog merging prefers an enabled model without changing the source snapshot (0.7181ms)
✔ unscoped status and crew include ready connection-bound runtimes, but dispatch keeps its exact binding (1.1632ms)
✔ studio always selects Copilot even when another runtime was requested (0.2693ms)
✔ studio does not fall back to another provider or an unavailable Copilot runtime (0.5145ms)
✔ solo selection and deterministic fixtures retain their runtime contracts (0.4245ms)
✔ a disappearing explicit runtime cannot silently switch provider with stale model settings (0.2071ms)
✔ studio uses enabled Copilot model settings or an explicit provider default (0.265ms)
✔ fixtures ignore hidden provider model settings (0.1466ms)
✔ normal UI bootstrap opts out of seeded crew without changing fixture tooling (13.6097ms)
✔ runtime character descriptors match the shipped manifest, PNG dimensions, and original file bytes (80.4982ms)
✔ named characters and stable worker identities retain their appearance across reordered snapshots (0.9253ms)
✔ numeric roster positions wrap without producing missing characters, and invalid numbers use the default (0.3214ms)
✔ walking uses the original three poses in a 0,1,2,1 cycle at the 150ms boundaries (0.6953ms)
✔ idle, typing, reading and facing use the actual source-sheet rows and columns (0.5786ms)
✔ invalid or negative animation time selects the first pose without invalid source coordinates (0.2816ms)
✔ every animation and direction remains inside a real sheet after long-running animation (0.468ms)
✔ default floor distinguishes connected workers from offline and test registrations (2.1304ms)
✔ omitted and null retirement fields keep legacy and mission identities available (0.2153ms)
✔ every non-null retirement excludes an identity regardless of pin, date, or reported work (0.34ms)
✔ retired identity remains resolvable in the unmodified historical snapshot (0.2357ms)
✔ retiring the selected agent falls back to current crew, including the empty-roster case (0.2565ms)
✔ pagination filters retirement before assigning seats without mutating order (0.405ms)
✔ idle does not become working or reviewing from a stale station or pending run request (0.3235ms)
✔ working and blocked status still derive from exact server state and current-run requests (0.1769ms)
✔ #154: a selected worker on a later studio is located on initial mount and selection changes (0.359ms)
✔ #154: studio lookup follows retirement repagination, not stale seat indexes (0.6153ms)
✔ #154: manual paging survives snapshots, but another selected agent resets page and zoom (0.6678ms)
✔ #154: retirement moving the selected agent to a different page resets the camera (0.191ms)
✔ #154: mounting or remounting the same starting run never fabricates an arrival (0.1622ms)
✔ #154: only an observed new active run can animate once, and reduced motion wins (0.2195ms)
✔ #154: blocked work takes recovery priority over both idle and ordinary active work (0.3028ms)
✔ #154: exact approvals keep priority, and only an unblocked empty floor offers new work (0.1445ms)
✔ history inspectors retain the full snapshot while the floor uses current identities (13.4399ms)
✔ Factory activity prioritizes the exact outcome review, then tool approval, before newer work (3.1825ms)
✔ selection ignores terminal, denied and foreign tool approvals without inventing a run (0.2392ms)
✔ terminal runs cannot become reviewable or active from dangling pending decision records (22.1823ms)
✔ live task, agent, control, timestamps and safe activity come from one scope without mutation (1.132ms)
✔ a stale Running intake never claims that a cancelled provider is active (1.2449ms)
✔ pending exact-run outcome review is distinct from an active provider and completion (1.0066ms)
✔ tool authority and unavailable decision context do not become outcome approval (1.743ms)
✔ a completed run is not automatically a completed mission or published application (0.8298ms)
✔ retained data cannot claim current execution: {"connection":"offline"} (0.8745ms)
✔ retained data cannot claim current execution: {"connection":"connecting"} (0.8006ms)
✔ retained data cannot claim current execution: {"snapshotFailed":true} (0.5365ms)
✔ retained data cannot claim current execution: {"snapshotReceivedAt":null} (0.331ms)
✔ grace, offline and wrong-Corp runner records cannot establish provider liveness (2.5449ms)
✔ runner loss and uncertain teardown remain unknown until a positive termination receipt (1.6208ms)
✔ verifier-only runs never appear as a running model (0.7061ms)
✔ quarantine and protected stops stay prominent even with stale transport (1.7932ms)
✔ failed verification, cancelled work and unknown execution modes remain explicit (1.1791ms)
✔ missing, duplicate or foreign task context cannot fall back to another run (1.0728ms)
✔ activity is scoped, deduplicated, ordered, bounded and never reveals raw payloads (2.5352ms)
✔ missing start, invalid clocks and backwards timestamps do not invent a duration (1.5031ms)
✔ expired leases and foreign attribution do not display an active controller (1.127ms)
✔ actual React detail component reuses current classes, native disclosure and escaped text (16.9231ms)
✔ the Factory integration uses the existing exact-run selector, scoped snapshot and old callbacks (2.2001ms)
✔ a burst of 1000 streamed events schedules one snapshot instead of 1000 requests (1.9104ms)
✔ events arriving during a request produce exactly one trailing snapshot (4.3503ms)
✔ the final event during the trailing request is not dropped (1.0599ms)
✔ disposing before a scheduled refresh prevents any fetch (0.3289ms)
✔ disposing an actor/Corp scope aborts its request and drops trailing work (1.7942ms)
✔ refresh failures are handled and a later event can still refresh (0.7959ms)
✔ a disposed scope does not report an obsolete aborted read as a new UI error (0.8712ms)
✔ websocket events use the coalescer and cleanup cancels its read scope (3.1819ms)
✔ initial connection is bounded, cancellable and offers retry rather than mission restart (1.9853ms)
✔ actual App presence polling only runs for open connection-dependent views, without reconnecting the event socket (206.0914ms)
✔ artifact defaults retain the current wire shape and do not share mutable values (2.2476ms)
✔ file defaults retain the current wire shape and do not share mutable values (0.1775ms)
✔ command defaults retain the current wire shape and do not share mutable values (0.2149ms)
✔ test defaults retain the current wire shape and do not share mutable values (11.3467ms)
✔ json_schema defaults retain the current wire shape and do not share mutable values (0.3264ms)
✔ screenshot defaults retain the current wire shape and do not share mutable values (0.1749ms)
✔ check summaries preserve paths, argument boundaries, byte floors, JSON keys, and rounded timeouts (17.6466ms)
✔ array summaries distinguish item boundaries and preserve exact argument and key values (0.5144ms)
✔ byte-counted summaries use singular byte only for the one-byte floor (0.2651ms)
✔ empty and oversized policies remain invalid, with the 16-check boundary accepted (0.5763ms)
✔ invalid byte floor 0 is reported for every byte-counted check (0.4278ms)
✔ invalid byte floor -1 is reported for every byte-counted check (0.2163ms)
✔ invalid byte floor NaN is reported for every byte-counted check (0.1374ms)
✔ invalid byte floor Infinity is reported for every byte-counted check (0.1177ms)
✔ validation preserves check order and reports missing paths, programs, timeout bounds, and JSON keys (0.4566ms)
✔ manual gates require allowed roles without changing requester-exclusion semantics (0.3643ms)
✔ preserves the existing advisory-validator scope; server schema/path authorization remains authoritative (0.7251ms)
✔ check transformations create new drafts while retaining unchanged evidence checks and gate identity (0.3757ms)
✔ gate transitions preserve checks and retain current deliberate resets even when reselecting a gate type (0.2359ms)
✔ verification labels retain their current wording and fallback formatting (0.2047ms)
✔ WorkResultCard exposes its status and supplied content with metadata collapsed by default (11.5578ms)
✔ ready PR retains its exact URL and only an explicit download invokes the matching callback (11.9112ms)
✔ loading, unavailable and no-publication states do not fabricate a PR or perform actions (5.1057ms)
✔ a historical review mismatch changes selection only through explicit Go to delivered result (3.4323ms)
✔ an unavailable delivered-run target preserves the historical selection and only offers refresh (210.3845ms)
✔ a failed publication with a recorded PR remains inspectable without being labeled Published (5.9622ms)
✔ Published is not merged or deployed and its collapsed details never invent a running preview (6.5098ms)
✔ expired artifact retention does not hide an existing PR or replace server download validation (9.2438ms)
✔ actual hook hides prior result before cleanup and aborts on each exact scope change (44.4794ms)
✔ actual hook fences late success and failure before cleanup and after replacement (18.1585ms)
✔ actual hook close and reopen with identical IDs cannot revive old ready or pending data (22.6521ms)
✔ actual hook treats positive revision as one refresh hint and never retries failure on render (43.836ms)
✔ actual App origin-unavailable branch offers manual Refresh work context with no PR CTA (13.4012ms)
✔ actual App first-hop retry exposes the authorized result without moving pinned evidence (23.9426ms)
✔ actual App fallback reports unavailable review details for an unresolved run or request (13.8978ms)
✔ actual work pickers retain a deep-linked historical mission outside the recent eight (97.1028ms)
✔ actual work pickers do not duplicate a recent selection or invent an absent mission (64.4562ms)
✔ related work includes the third mission, task, run and artifact (1.8891ms)
✔ work links name the actual work rather than presenting only opaque IDs (0.3063ms)
✔ related options deduplicate repeated snapshot references (0.3595ms)
✔ mission discussion retains nested replies, including out-of-order snapshots (2.1632ms)
✔ task, run and artifact comments inherit the owning mission only (0.4113ms)
✔ unlinked cycles and missing ancestors cannot manufacture mission context (0.2597ms)
✔ context helpers leave authoritative messages and work objects unchanged (0.3397ms)
✔ work selection follows the owning authorized mission and rejects unknown links (0.401ms)
✔ human review and automated verification are not advertised as live model sessions (0.3067ms)
✔ enterprise task labels explain the legacy studio lane keys (0.3127ms)
✔ review eligibility explains requester exclusion without bypassing the policy (0.4559ms)
✔ a pending evidence review selects its run rather than a newer active worker (0.3585ms)
✔ a tool-approval wait cannot hide a different pending evidence review (0.1313ms)
✔ review selection rejects mismatched tasks, terminal runs and non-pending requests (0.2745ms)
✔ explicit evidence selection stays bound to that run and cannot inherit another review (0.271ms)
✔ unselected evidence follows remaining reviews and retains snapshot order without mutation (0.2109ms)
✔ a decided run remains selected until the operator deliberately chooses the next review (0.1321ms)
✔ mission UI binds evidence and decisions and pins the target before submitting (12.5673ms)
✔ runner revision is stable for reordered equivalent records without sorting the input (3.3939ms)
✔ runner revision ignores heartbeat, display and capability churn (0.359ms)
✔ runner revision changes only when lifecycle identity or presence records change (0.34ms)
✔ offline presence requests revalidation without rewriting endpoint readiness (0.359ms)
✔ reconnect mismatch remains a hint until the endpoint itself returns ready presence (0.369ms)
✔ unknown presence is false and same-ID foreign runners cannot supply presence (1.2225ms)
✔ presence hints never promote or erase native sign-in and installation states (0.763ms)
✔ revision and presence helpers leave source, models, identity and selection immutable (0.8914ms)
✔ saved choice and source remain present while its machine is offline (0.4577ms)
✔ ready metadata alone cannot borrow another connection or source for dispatch (0.5686ms)
✔ connection UI identity is scoped to actor and room (0.2413ms)
✔ native sign-in instructions cannot navigate to another host or credential-bearing URL (0.2782ms)
✔ accepts matching current contracts, aliases, CRLF and historical prose outside markers (77.5632ms)
✔ rejects added source validation command and reports expected and actual (58.8059ms)
✔ rejects removed source validation command and reports expected and actual (59.1188ms)
✔ rejects reordered source validation command and reports expected and actual (57.2359ms)
✔ rejects changed documented commands; correcting the documented sequence restores passing (101.8268ms)
✔ accepts quoted literal Node globs through aliases while preserving quoted versus shell-expanded arguments (92.8505ms)
✔ rejects a source SDK bump until both current compatibility docs are updated (68.7797ms)
✔ rejects a source CLI bump until both current compatibility docs are updated (78.1422ms)
✔ rejects missing opening marker instead of silently dropping a required documentation contract (49.2464ms)
✔ rejects missing closing marker instead of silently dropping a required documentation contract (56.7818ms)
✔ rejects duplicate block instead of silently dropping a required documentation contract (52.3748ms)
✔ rejects reversed markers instead of silently dropping a required documentation contract (54.6771ms)
✔ rejects inline marker instead of silently dropping a required documentation contract (62.3302ms)
✔ requires every current runtime contract and a single SDK and CLI claim inside each (55.7938ms)
✔ rejects missing root alias in the authoritative command sequence (61.4519ms)
✔ rejects cyclic root aliases in the authoritative command sequence (56.502ms)
✔ rejects shell pipeline in the authoritative command sequence (54.3811ms)
✔ rejects quoted shell expansion in the authoritative command sequence (66.5263ms)
✔ rejects empty command in the authoritative command sequence (71.9821ms)
✔ rejects unsupported alias arguments in the authoritative command sequence (61.8598ms)
✔ rejects unknown documented aliases and malformed command fences (55.3754ms)
✔ reports missing required documents and an invalid source manifest without silently skipping them (58.6574ms)
✔ fails closed for unconstrained SDK dependency (54.6494ms)
✔ fails closed for SDK pin in wrong table (53.5319ms)
✔ fails closed for duplicate SDK declaration (56.1894ms)
✔ fails closed for missing named runtime constant (70.4555ms)
✔ fails closed for duplicate runtime constant (60.4469ms)
✔ relocated CLI resolves its own repository, executes no documented command, and exits nonzero for drift (337.8207ms)
✔ checkpoint fixture produces a complete, independently tested local application (386.3865ms)
✔ read-only executable hashing accepts Cargo/Git hardlinks without relaxing source isolation (29.9981ms)
✔ exact terminal metadata produces actionable failure and missing-evidence findings using GET only (21.9574ms)
✔ listed artifact is run-scoped metadata and never establishes content or attempt verification (2.3ms)
✔ refuses active parent (0.9108ms)
✔ refuses wrong repository (0.4541ms)
✔ refuses foreign head repository (0.4529ms)
✔ refuses different workflow (0.3394ms)
✔ refuses different head (0.3054ms)
✔ refuses different attempt (0.3557ms)
✔ refuses job from other attempt (0.6827ms)
✔ refuses job from other head (0.8618ms)
✔ refuses duplicate job (0.6177ms)
✔ refuses unfinished job (0.4924ms)
✔ refuses foreign artifact (0.5675ms)
✔ refuses excess artifacts (0.6696ms)
✔ complete bounded job pagination is required and supported (10.2409ms)
✔ pagination total drift and final run drift refuse a completed observation (1.4318ms)
✔ expired artifacts and unexplained parent failure remain reviewable rather than passing (1.0295ms)
✔ same-source replay is a no-op; changed facts retain revisions and mark no-longer-observed findings (3.9018ms)
✔ previous hash tampering refuses before network reads (0.2576ms)
✔ forged previous findings fail integrity or semantic reconstruction; source changes require a new scope (3.0261ms)
✔ newer prior observations and attempts do not flow backward (3.4331ms)
✔ secret-bearing fields and supplied links never enter a receipt or executable Markdown (1.0117ms)
✔ native read budget rejects alternate endpoints, oversized metadata and late responses (1.2376ms)
✔ omitting all required jobs cannot turn one replacement success job into a complete maintenance result (0.8445ms)
✔ required skipped job needs review even when an earlier run artifact is listed (0.7038ms)
✔ required neutral job needs review even when an earlier run artifact is listed (0.6164ms)
✔ failed GETs consume the finite shared admission budget without retries (0.631ms)
✔ CLI writes new bounded files and refuses output reuse; failures retain no raw API error (50.9555ms)
✔ hosted context binds default observer branch, event and exact parent; local mode makes no hosted claim (20.651ms)
✔ CLI accepts only bounded exact selection and a complete prior pin (0.6894ms)
✔ CI workflow: exact Windows runner failure produces a scoped read-only handoff (1.8276ms)
✔ CI workflow: complete successful jobs need only their own declared report artifacts (1.0205ms)
✔ CI workflow: required artifact-free jobs remain required and must execute (0.8362ms)
✔ Repository checks retains its published contract and previous-receipt no-op semantics (1.5421ms)
✔ CI completeness refuses skipped artifact-free required jobs (0.921ms)
✔ CI completeness refuses neutral artifact-free required jobs (1.5868ms)
✔ CI completeness rejects replacement jobs and requires only CI report metadata (1.2474ms)
✔ CI observation is not a parent-pass claim and does not inspect diagnostic artifacts (1.1793ms)
✔ workflow profiles cannot reuse each other's receipts even at the same source (4.382ms)
✔ CI identity refuses unknown workflow path (0.5045ms)
✔ CI identity refuses workflow-ID substitution (0.4246ms)
✔ CI identity refuses workflow-name substitution (0.3424ms)
✔ CI identity refuses workflow-path substitution (0.3965ms)
✔ CI identity refuses foreign repository (0.3828ms)
✔ CI identity refuses fork head repository (0.4387ms)
✔ CI identity refuses wrong source head (0.2631ms)
✔ CI identity refuses wrong attempt (0.2127ms)
✔ CI identity refuses active CI parent (0.2077ms)
✔ reader allowlist admits exactly the two workflow metadata routes (0.411ms)
✔ hosted CI event binds workflow identity to the selected native parent (74.2517ms)
✔ workflow trigger keeps trusted observer checkout and read-only scopes for both producers (14.4236ms)
✔ consumer rereads native state using trusted routing and tolerates only observation timing changes (5.7204ms)
✔ consumer refuses task contract revision drift in a fresh observation (1.3708ms)
✔ consumer refuses source base commit drift in a fresh observation (0.6704ms)
✔ consumer refuses verifier digest drift in a fresh observation (0.7879ms)
✔ consumer refuses another actor scope drift in a fresh observation (1.1173ms)
✔ explicit run and mode selections fail before contacting a server (0.5845ms)
✔ denied or unavailable current data does not fall back to a previously passing receipt (0.3893ms)
✔ a matching failed native outcome cannot be consumed as accepted completion (0.6573ms)
✔ file consumption requires the exact expected byte hash and a bounded valid receipt (47.6275ms)
✔ receipt file reads accumulate short native reads before validating bytes (30.1444ms)
✔ receipt file truncate during short reads fails before parsing (6.3364ms)
✔ receipt file grow during short reads fails before parsing (13.8645ms)
✔ framed stat metadata survives arbitrary chunk boundaries without payload disclosure (3.3695ms)
✔ unrelated RPCs and read-file contents are not recorded (1.436ms)
✔ a response ID type change is visible without recording identifier values (0.6074ms)
✔ oversized frames are skipped without parsing nested payload text as requests (0.5809ms)
✔ optional wire observation forwards exact bytes and drains the child (324.9311ms)
✔ a matching request needs a durable rejection and settled run (1.4221ms)
✔ terminal provider without permission is inconclusive, never a pass (1.2793ms)
✔ a rejected but unrelated permission does not satisfy the requested boundary (0.1944ms)
✔ approval acceptance, expiry or missing persisted decision cannot pass (0.2847ms)
✔ a decision or final run from another identity is rejected (0.2095ms)
✔ a provider that has not settled cannot pass the boundary (0.1733ms)
✔ all independent boundary results are required for complete coverage (1.1377ms)
✔ later passing cases remain visible after an earlier inconclusive case (0.2586ms)
✔ duplicate, unknown and malformed results cannot manufacture complete coverage (1.396ms)
✔ accepts an exact seed and credential-free children of the owned runner (4.2468ms)
✔ a marker elsewhere or an arbitrary GITHUB_TOKEN is not a proven seed (1.5319ms)
✔ absent, ambiguous or foreign runner seed records cannot establish the precondition (1.2314ms)
✔ runner seed booleans must be explicit, not truthy or absent (1.8185ms)
✔ missing spawn and undefined parent IDs cannot accidentally correlate (0.4589ms)
✔ runner spawn must be unique, current and tied to the owned observer (0.7328ms)
✔ a seed observed only after runner spawn cannot prove the launch precondition (0.2918ms)
✔ missing or foreign provider observations cannot satisfy the required count (0.5ms)
✔ a wrong-parent provider is rejected rather than silently filtered out (0.361ms)
✔ provider identity and absence booleans must be explicit and valid (0.9941ms)
✔ missing ownership and zero or malformed minimums never allow a vacuous pass (0.5737ms)
✔ actual successful relative, absolute and round-trip view results are required (1.8828ms)
✔ provider self-report and final file existence are not native-read evidence (0.9345ms)
✔ a missing absolute read or readback cannot pass (1.105ms)
✔ missing-file errors and successful-but-wrong content remain failures (0.4799ms)
✔ wrong-session or conflicting tool results cannot manufacture evidence (1.3125ms)
✔ an external path with the same filename is not the assigned seed (0.2904ms)
✔ an incomplete stream is explicitly incomplete, not successful empty coverage (0.1783ms)
✔ runner observation proves the synthetic credential was inherited (266.868ms)
✔ a missing seed fails before starting a runner (134.488ms)
✔ provider observation confirms removal before invoking the real binary (252.3897ms)
✔ an inherited provider credential fails before any provider execution (156.7026ms)
✔ a marker under another key cannot hide a missing runner GITHUB_TOKEN seed (155.332ms)
✔ a different token plus an unrelated marker cannot manufacture an exact runner seed (166.0131ms)
✔ a provider token other than the canary is still rejected before child execution (140.8977ms)
✔ a provider canary under another key remains a failing credential boundary (146.1906ms)
✔ uninvoked production modules remain in the coverage denominator with zero hits (13.4644ms)
✔ missing production files cannot produce a passing partial coverage result (0.6127ms)
✔ duplicate and out-of-scope files cannot inflate the denominator (1.4249ms)
✔ missing, duplicate and impossible native counts are rejected (0.5187ms)
✔ truncated records are never accepted as completed coverage evidence (0.2743ms)
✔ zero available branches are reported as not applicable instead of fabricated 100 percent (0.3924ms)
✔ issue195 public receipt binds parent binaries, pinned runtime identity, and distinct task source (9.8504ms)
✔ explicit current fixture hash, suspend tokens, and missing-artifact switch normalize without disk reads (1.2543ms)
✔ rebuilt server/runner receipt hashes and an explicit rebuilt CLI hash remain valid and bound (4.6404ms)
✔ all required options are explicit; help is inert (2.1189ms)
✔ every duplicate value option and duplicate boolean switch fails closed (1.4173ms)
✔ unknown targets, positionals, missing operands, and equals-form options are rejected (0.7356ms)
✔ configuration rejects old issue190 (0.301ms)
✔ configuration rejects string issue number (0.2081ms)
✔ configuration rejects parent rather than candidate code (0.2473ms)
✔ configuration rejects runtime commit used as task source (0.4496ms)
✔ configuration rejects unpinned source ref (0.2956ms)
✔ configuration rejects another runner (0.1836ms)
✔ configuration rejects unowned receipt (0.491ms)
✔ configuration rejects not-running supervisor (0.3139ms)
✔ configuration rejects missing owner (0.4418ms)
✔ configuration rejects invalid owner (0.8232ms)
✔ configuration rejects changed code checkout (0.1896ms)
✔ configuration rejects changed source checkout (0.1831ms)
✔ configuration rejects changed worktree root (0.1891ms)
✔ configuration rejects invalid server digest (0.2168ms)
✔ configuration rejects invalid runner digest (0.288ms)
✔ configuration rejects executable substitution (0.4074ms)
✔ configuration rejects binary outside owned bin (0.3104ms)
✔ configuration rejects missing public process (0.2197ms)
✔ configuration rejects wrong process role (0.3029ms)
✔ configuration rejects wrong process workspace (0.38ms)
✔ configuration rejects invalid process pid (0.3647ms)
✔ configuration rejects invalid process start (0.3852ms)
✔ synthetic VerifyRun evidence distinguishes awaiting independent review from accepted completion (12.0886ms)
✔ forced commit_branch export rejection is a named failure, never archive bypass or approval (2.7296ms)
✔ missing-required-provider-Artifact negative shares the native checks without inventing bytes (3.1623ms)
✔ assessRecovery refuses original usage rewritten (3.7447ms)
✔ assessRecovery refuses original output history changed (3.1105ms)
✔ assessRecovery refuses provider-attempt counter reset (3.602ms)
✔ assessRecovery refuses provider-attempt maximum changed (1.9086ms)
✔ assessRecovery refuses source incident changed (2.1432ms)
✔ assessRecovery refuses checkpoint authority absent (2.2987ms)
✔ assessRecovery refuses different context source (1.9133ms)
✔ assessRecovery refuses budget reset hidden in context (1.8795ms)
✔ assessRecovery refuses another native recovery (2.1531ms)
✔ assessRecovery refuses source-correction instead of verification (2.2661ms)
✔ assessRecovery refuses recovery contract revision (1.6668ms)
✔ assessRecovery refuses changed recovery reason (1.7266ms)
✔ assessRecovery refuses weakened replacement policy (1.6386ms)
✔ assessRecovery refuses new provider session (2.4533ms)
✔ assessRecovery refuses allocated model tokens (1.8821ms)
✔ assessRecovery refuses allocated model cost (1.8036ms)
✔ assessRecovery refuses consumed input tokens (1.6313ms)
✔ assessRecovery refuses consumed output tokens (2.0823ms)
✔ assessRecovery refuses consumed model cost (2.1359ms)
✔ assessRecovery refuses different workspace root run (2.3741ms)
✔ assessRecovery refuses replacement workspace not preserved (3.1364ms)
✔ assessRecovery refuses replacement fingerprint changed (1.805ms)
✔ assessRecovery refuses invented provider artifact (2.348ms)
✔ assessRecovery refuses provider event outside snapshot window (2.1065ms)
✔ assessRecovery refuses native command acknowledgment missing (1.8132ms)
✔ assessRecovery refuses missing native app check (1.7742ms)
✔ assessRecovery refuses evidence kind mismatch (2.4341ms)
✔ assessRecovery refuses independent-review self-approval (2.972ms)
✔ assessRecovery refuses accepted run before gate decision (2.9302ms)
✔ assessRecovery refuses missing factory completion event (1.8882ms)
✔ assessRecovery refuses empty source deliverable (3.4082ms)
✔ assessRecovery refuses wrong deliverable provenance (2.7261ms)
✔ download validation uses in-memory bytes and checks payload digests without claiming a browser test (3.5204ms)
✔ configuration refuses target http://localhost:18574 (0.302ms)
✔ configuration refuses target https://127.0.0.1:18574 (0.1224ms)
✔ configuration refuses target http://127.0.0.1:18574/ (0.1046ms)
✔ configuration refuses target http://127.0.0.1:18575 (0.097ms)
✔ configuration refuses target http://127.0.0.1:8791 (0.1362ms)
✔ configuration refuses target http://127.0.0.1:18574/api (0.1331ms)
✔ configuration refuses target http://127.0.0.1:18574?x=1 (0.1244ms)
✔ configuration refuses target http://example.invalid:18574 (0.0973ms)
✔ configuration refuses target http://user:password@127.0.0.1:18574 (0.0989ms)
✔ configuration refuses target http://[::1]:18574 (0.1011ms)
✔ absolute path and owned-output boundaries reject aliases, devices, UNC, ADS, and root reuse (3.5323ms)
✔ explicit independent reviewer, valid digest, and bounded numeric options are mandatory (7.4627ms)
✔ reports expose hashes and constrained identity, never receipt metadata or provider output (1.8488ms)
✔ saved report cannot adopt changed authority, extra fields, or identities without prior intent (4.8695ms)
✔ baseline and journal never consult the bounded snapshot.events window (37.3627ms)
✔ baseline preserves every pre-existing missions record (1.8439ms)
✔ baseline preserves every pre-existing tasks record (1.1462ms)
✔ baseline preserves every pre-existing runs record (1.1488ms)
✔ baseline preserves every pre-existing factory_work_items record (0.9059ms)
✔ baseline preserves every pre-existing factory_verification_recoveries record (0.8214ms)
✔ baseline preserves every pre-existing verification_evidence record (0.8402ms)
✔ baseline preserves every pre-existing verification_requests record (1.0921ms)
✔ baseline preserves every pre-existing source_deliverables record (1.5759ms)
✔ baseline preserves every pre-existing mission_contract_revisions record (0.833ms)
✔ baseline preserves every pre-existing mission_budget_revisions record (0.8731ms)
✔ baseline preserves every pre-existing action_approvals record (1.5564ms)
✔ baseline preserves every pre-existing circuit_breaker_incidents record (0.9496ms)
✔ baseline permits additive rows and events while forbidding live work and missing history tables (1.6782ms)
✔ journal requires exact Ready watermark, ordered unique same-Corp events, and bounded count (0.8205ms)
✔ buildPlan is deterministic, fresh, output-owned, and mirrors one ready synthetic issue (1.4911ms)
✔ factory argv remains pinned and recovery only appends the exact checkpoint mode and recorded reason (2.8025ms)
✔ persisted app, base-file, exact hash command and independent-review checks cannot be replaced by Artifact (8.6046ms)
✔ checkpoint digests use Rust field order, preserve app policy, and retain forced commit_branch authority (0.6947ms)
✔ invokeFactory uses only injected child I/O, a bounded timeout, and a non-inherited environment (1.5566ms)
✔ invokeFactory never retries an uncertain execution or logs raw stdout/stderr (1.5137ms)
✔ explicit Windows assessment preserves historical paths on every host (3.8182ms)
✔ default host assessment still rejects foreign path namespaces (0.9733ms)
✔ assessOriginal binds native stop from full replay, not snapshot.events (1.9928ms)
✔ assessOriginal binds native suspend from full replay, not snapshot.events (2.798ms)
✔ assessOriginal rejects provider attempt increment without accepting or replacing work (2.5864ms)
✔ assessOriginal rejects attempt ceiling revision without accepting or replacing work (1.2255ms)
✔ assessOriginal rejects current budget revision without accepting or replacing work (1.192ms)
✔ assessOriginal rejects original budget rewrite without accepting or replacing work (1.0962ms)
✔ assessOriginal rejects persisted hash verifier removal without accepting or replacing work (1.3379ms)
✔ assessOriginal rejects manual gate weakening without accepting or replacing work (1.4397ms)
✔ assessOriginal rejects contract source replacement without accepting or replacing work (1.1404ms)
✔ assessOriginal rejects write scope replacement without accepting or replacing work (1.1948ms)
✔ assessOriginal rejects archive bypass of forced commit_branch without accepting or replacing work (1.155ms)
✔ assessOriginal rejects provider secret authority without accepting or replacing work (1.2262ms)
✔ assessOriginal rejects extra provider run without accepting or replacing work (1.8466ms)
✔ assessOriginal rejects extra task without accepting or replacing work (1.136ms)
✔ assessOriginal rejects changed factory owner without accepting or replacing work (0.7124ms)
✔ assessOriginal rejects changed issue revision without accepting or replacing work (1.024ms)
✔ assessOriginal rejects wrong assigned runner without accepting or replacing work (1.1672ms)
✔ assessOriginal rejects producer reviewing itself without accepting or replacing work (1.2974ms)
✔ assessOriginal rejects source-checkout execution without accepting or replacing work (1.4378ms)
✔ assessOriginal rejects quarantined checkpoint without accepting or replacing work (0.8475ms)
✔ assessOriginal rejects loop-counter change without accepting or replacing work (1.2714ms)
✔ assessOriginal rejects rewritten usage without accepting or replacing work (1.2248ms)
✔ assessOriginal rejects invented provider artifact without accepting or replacing work (1.1361ms)
✔ assessOriginal rejects checkpoint missing without accepting or replacing work (1.7055ms)
✔ assessOriginal rejects checkpoint policy digest changed without accepting or replacing work (0.8264ms)
✔ assessOriginal rejects provider still alive without accepting or replacing work (0.8813ms)
✔ assessOriginal rejects budget command not acknowledged without accepting or replacing work (0.8563ms)
✔ assessOriginal rejects budget incident missing without accepting or replacing work (0.8174ms)
✔ assessOriginal rejects previously recorded run missing without accepting or replacing work (0.8359ms)
✔ assessOriginal rejects accepted provider progress hidden before snapshot window without accepting or replacing work (0.7574ms)
✔ suite pauses for native browser review by default and only observes external approval on continuation (57.3705ms)
✔ suite retains native forced-commit export failure and performs no review, download, or policy bypass (19.2981ms)
✔ suite missing-Artifact negative is explicit rejection, not verified delivery or fabricated provider evidence (22.8687ms)
✔ --continue cannot create a baseline or begin an unrecorded mutation (7.4184ms)
✔ unknown create response is never retried; continuation times out without adopting replacement work (36.8808ms)
✔ lost create response reconciles the exact item/run, but --continue cannot authorize recovery (13.4338ms)
✔ lost recovery response binds the recorded replacement; continuation only pauses for its exact browser gate (22.5524ms)
✔ external browser approval completes exact recorded work without retries or erasing earlier failure history (37.694ms)
✔ suite never mutates when independent reviewer is missing (3.6878ms)
✔ suite never mutates when independent reviewer is not human (4.0284ms)
✔ suite never mutates when independent reviewer is unauthorized role (2.9388ms)
✔ suite never mutates when independent reviewer is guest (3.2984ms)
✔ suite never mutates when independent reviewer is wrong Corp (3.2704ms)
✔ failed intent persistence or changed parent inputs prevents the corresponding native effect (18.9296ms)
✔ a colliding synthetic item without saved create intent is never adopted or mutated (6.0149ms)
✔ wrong physical base bytes stop before recovery; tampered downloads stop without another attempt (46.317ms)
✔ --continue fails closed when recorded work disappears, with no new mission or native retry (34.8842ms)
✔ explicit browser-review flag preserves the default two-step flow without a scripted-review mode (14.8471ms)
✔ browser-review pause cannot be continued with substituted gate identities or reviewer (16.1663ms)
✔ production I/O exposes no review POST and confines injected requests to exact GET routes (33.4891ms)
✔ runtime factory adapter never retries an ambiguous injected CLI call (1.4884ms)
✔ server-upgrade option is explicit, continue-only, and confined to the owned runtime directory (17.4745ms)
✔ server-only upgrade retains the original binding/failure and separately records server provenance read-only (24.7118ms)
✔ upgrade rejects runner/web/CLI changes, a mismatched old binding, and conflicting server provenance (14.5562ms)
✔ same-verifier native checkpoint re-attestation accepts a real run_id-only VerificationRequest (2.2318ms)
✔ checkpoint re-attestation cannot target another run, duplicate an ACK, or permit provider usage (3.1098ms)
✔ strict phase parsing and explicit opt-in (5.5081ms)
✔ reject manual/default/aliased ports, credentials, ambiguous URLs and mismatched environment before API access (8.4687ms)
✔ verification is GET-only and no phase can call decision/reset/bootstrap/foreign-Corp routes (3.1542ms)
✔ prepare → newer approved → isolated replay observation → explicit older approval → automatic synthesis (113.999ms)
✔ lost create response adopts exact marker without sending a second create (17.6506ms)
✔ unknown create that never arrived fails closed, never creates a replacement (2.872ms)
✔ lost revision response replays the exact native UUID and preserves only two revisions (42.9519ms)
✔ lost launch response recovers exact root IDs by readback, never dispatches again (23.453ms)
✔ wrong source/pinned staffing/non-quiescent fixture rejected before any POST (2.4503ms)
✔ cannot skip intermediate observation or approve the older run first (45.6836ms)
✔ exact reviewer attribution, artifact binding and no second decision are enforced (63.0101ms)
✔ duplicate decision event and journal rollover cannot pass as replay isolation (42.1293ms)
✔ checkpoint fixture mismatch and modified pre-existing rows are rejected (31.4642ms)
✔ failed artifact download is rechecked on prepare resume without more POSTs (22.7877ms)
✔ linux: native unavailable admission is a verified refusal, not provider success (332.8194ms)
✔ darwin: native unavailable admission is a verified refusal, not provider success (250.5583ms)
✔ Windows: an unavailable provider remains a failure (248.8437ms)
✔ Unix: accidentally accepting an unsupported provider fails the contract (266.6537ms)
✔ Unix: an unrelated admission failure cannot stand in for containment refusal (261.4484ms)
✔ Unix: a refusal with a persisted run is rejected (297.5477ms)
✔ Unknown runner platforms fail before resetting a fixture (130.923ms)
✔ A Linux expectation cannot conceal an unavailable Windows runner (177.6851ms)
✔ Unknown reported runner OS fails before creating provider work (164.079ms)
✔ An owned child stuck on HTTP is reaped before fixture cleanup (2029.1428ms)
✔ explicit CLI and parent runtime receipt reuse retain owner/source/process binding (8.9806ms)
✔ additive request changes only the fixture case, keeps native 5000 authority and no delivery/resume (1.1004ms)
✔ shared client sends exact additive create/launch bodies without retries or extra routes (42.3098ms)
✔ pure native trace accepts actual ACK before failure/termination without prescribing that order (6.8682ms)
✔ pure native trace accepts actual ACK between failure/termination without prescribing that order (1.6808ms)
✔ pure native trace accepts actual ACK after failure/termination without prescribing that order (1.5162ms)
✔ pure evidence rejection: missing actual artifact rejection (1.1998ms)
✔ pure evidence rejection: unrelated failure (0.994ms)
✔ pure evidence rejection: termination before failure is not the race (2.2873ms)
✔ pure evidence rejection: missing termination is not success (1.657ms)
✔ pure evidence rejection: missing ACK remains unproven (0.9572ms)
✔ pure evidence rejection: wrong command correlation (1.0569ms)
✔ pure evidence rejection: wrong ACK runner (1.0098ms)
✔ pure evidence rejection: foreign session event scope (0.6826ms)
✔ pure evidence rejection: non-native event attribution (0.9634ms)
✔ pure evidence rejection: wrong native event identity (0.8979ms)
✔ pure evidence rejection: rewritten failure summary (0.8579ms)
✔ pure evidence rejection: agent still assigned (0.6803ms)
✔ pure evidence rejection: task resurrected (0.6979ms)
✔ pure evidence rejection: mission resurrected (0.8807ms)
✔ pure evidence rejection: accepted artifact metadata (0.7691ms)
✔ pure evidence rejection: late accepted completion even if snapshot says failed (0.8342ms)
✔ pure evidence rejection: accepted artifact even outside bounded snapshot.events (0.8804ms)
✔ pure evidence rejection: verification event is forbidden (0.6911ms)
✔ pure evidence rejection: uncertain teardown is forbidden (1.2724ms)
✔ pure evidence rejection: accepted evidence record (0.7505ms)
✔ pure evidence rejection: budget revision (0.7013ms)
✔ pure evidence rejection: replacement run (0.5125ms)
✔ pure evidence rejection: source substitution (0.5097ms)
✔ pure evidence rejection: verification-only execution cannot attest a provider (0.5192ms)
✔ pure evidence rejection: usage must be exactly two 3000-token increments (0.7738ms)
✔ invalid native termination payload cannot pass (null) (0.7774ms)
✔ invalid native termination payload cannot pass ([]) (0.821ms)
✔ invalid native termination payload cannot pass ({}) (0.6552ms)
✔ invalid native termination payload cannot pass ({"adapter":"other"}) (0.6799ms)
✔ invalid native termination payload cannot pass ({"provider_process_alive":true}) (0.7654ms)
✔ invalid native termination payload cannot pass ({"provider_process_alive":"false"}) (0.951ms)
✔ invalid native termination payload cannot pass ({"outcome":"verified"}) (0.7721ms)
✔ invalid native termination payload cannot pass ({"message":""}) (0.6565ms)
✔ invalid native termination payload cannot pass ({"message":1}) (0.7513ms)
✔ invalid native termination payload cannot pass ({"message":"xxxxxxxxxxxxxxxxxxxxxxxxxxxxxxxxxxxxxxxxxxxxxxxx) (1.0478ms)
✔ invalid native termination payload cannot pass ({"message":"untrusted\ntext"}) (1.2703ms)
✔ invalid native termination payload cannot pass ({"message":"
"}) (0.6824ms)
✔ invalid native termination payload cannot pass ({"credential":"PRIVATE_PROVIDER_CONTENT_OR_ASSIGNMENT_TOKEN_) (0.7144ms)
✔ all native terminal outcomes and absent optional message are valid telemetry, not accepted completion (2.919ms)
✔ one additive case checkpoints and announces intent/IDs, retains history, and waits for quiet readback (28.6598ms)
✔ passed same-case continuation recomputes proof with zero further mutations (24.3392ms)
✔ createLost: failure preserves exact intent, continuation never retries an attempted POST (13.7439ms)
✔ createUnknown: failure preserves exact intent, continuation never retries an attempted POST (2.5855ms)
✔ launchLost: failure preserves exact intent, continuation never retries an attempted POST (14.801ms)
✔ launchUnknown: failure preserves exact intent, continuation never retries an attempted POST (4.4222ms)
✔ bounded live failure leaves the original run live, IDs and intent intact, with no replacement (52.5357ms)
✔ missing late telemetry is a bounded failure with actual ACK order, not a race claim (24.7737ms)
✔ natural later telemetry/finalization can settle without rewriting terminal state or historical events (15.8239ms)
✔ settling cannot hide changed terminal run summary (7.6408ms)
✔ settling cannot hide changed terminal task (6.8273ms)
✔ settling cannot hide changed terminal mission (5.9366ms)
✔ settling cannot hide changed terminal agent (6.5472ms)
✔ settling cannot hide changed old run (3.9045ms)
✔ settling cannot hide changed old agent (4.1385ms)
✔ settling cannot hide changed old journal prefix (4.229ms)
✔ settling cannot hide changed original failure event (5.623ms)
✔ saved report cannot substitute receipt, native authority, source, or erase baseline after an effect (2.3561ms)
✔ report save uses exclusive lock, private synced temp and atomic rename; refuses implicit overwrite (3.6371ms)
✔ stale locks are never stolen and failed saves retain original report and orphaned temp (0.9503ms)
✔ report cannot replace receipt; bounded reads reject links, hardlinks and inode swaps before reading (0.8869ms)
✔ CLI is explicit, non-ambient, duplicate/unknown flags fail (4.0623ms)
✔ explicit parent runtime metadata aligns without opening any named process/log/source (4.8491ms)
✔ rejects protected/manual API port 5187 (0.3554ms)
✔ rejects protected/manual API port 5291 (0.2602ms)
✔ rejects protected/manual API port 8791 (0.2643ms)
✔ rejects protected/manual API port 8793 (0.2817ms)
✔ rejects protected/manual API port 8991 (0.2058ms)
✔ rejects protected/manual API port 15191 (0.2439ms)
✔ rejects protected/manual API port 15193 (0.3222ms)
✔ rejects protected/manual API port 15491 (0.4573ms)
✔ rejects protected/manual API port 15493 (0.3158ms)
✔ rejects protected/manual API port 15496 (0.3217ms)
✔ rejects protected/manual API port 18961 (0.2552ms)
✔ rejects protected/manual API port 18962 (0.2028ms)
✔ rejects protected/manual API port 18963 (0.1799ms)
✔ rejects ambiguous or non-owned origin http://localhost:18574 (0.3183ms)
✔ rejects ambiguous or non-owned origin http://127.1:18574 (0.2586ms)
✔ rejects ambiguous or non-owned origin http://[::1]:18574 (0.3029ms)
✔ rejects ambiguous or non-owned origin https://127.0.0.1:18574 (0.3737ms)
✔ rejects ambiguous or non-owned origin http://127.0.0.1:18574/ (0.2748ms)
✔ rejects ambiguous or non-owned origin http://127.0.0.1:18574/api (0.2321ms)
✔ rejects ambiguous or non-owned origin http://127.0.0.1:18574?x=1 (0.284ms)
✔ rejects ambiguous or non-owned origin http://redacted:redacted@127.0.0.1:18574 (0.3345ms)
✔ rejects ambiguous or non-owned origin http://example.com:18574 (0.2571ms)
✔ receipt requires complete immutable source, no unknown authority or provider substitution (5.4373ms)
✔ native requests preserve single strategy, exact source, budget, File verifier, no deliverable (0.8996ms)
✔ Rust policy digest uses explicit declaration order, not JS/JSONB property order (0.9112ms)
✔ canonical containment handles Windows drive prefixes but rejects aliases/escapes (1.1069ms)
✔ POSIX containment rejects traversal, equality and sibling prefixes (0.8863ms)
✔ base.txt reads exactly five bytes, and all link/reparse/hardlink failures occur before open (11.3278ms)
✔ opened-file identity swaps fail closed without reading bytes (1.7561ms)
✔ runners are top-level; nested-only, unavailable, foreign, ambiguous or different-source runners fail (1.098ms)
✔ suspend: actual usage -> breaker -> native teardown -> exact checkpoint -> terminal (3.2531ms)
✔ stop: actual usage -> breaker -> native teardown -> exact checkpoint -> terminal (1.5082ms)
✔ rejects missing checkpoint (1.4588ms)
✔ rejects foreign Corp proof (1.1566ms)
✔ rejects foreign mission proof (1.2779ms)
✔ rejects foreign task proof (1.1452ms)
✔ rejects foreign run proof (1.9681ms)
✔ rejects foreign agent proof (1.248ms)
✔ rejects foreign runner proof (1.0647ms)
✔ rejects wrong original base (1.0812ms)
✔ rejects changed HEAD (1.0229ms)
✔ rejects changed fingerprint (0.9653ms)
✔ rejects arbitrary JS policy ordering (1.0123ms)
✔ rejects changed write digest (0.8592ms)
✔ rejects changed deliverable digest (1.0114ms)
✔ rejects token in proof (1.4457ms)
✔ rejects live provider (0.6278ms)
✔ rejects wrong adapter (0.6712ms)
✔ rejects foreign event lineage (0.6009ms)
✔ rejects late checkpoint (1.0175ms)
✔ rejects missing usage (0.9206ms)
✔ rejects fake cumulative usage (0.5736ms)
✔ rejects wrong breaker metric (0.7539ms)
✔ rejects wrong command acknowledgement (0.7878ms)
✔ rejects accepted artifact (0.5909ms)
✔ rejects verification started (1.4058ms)
✔ rejects lost is not completion (0.7589ms)
✔ rejects agent still assigned (0.6433ms)
✔ rejects automatic retry (0.5712ms)
✔ rejects replacement task (0.5474ms)
✔ rejects resume lineage (0.4499ms)
✔ rejects budget override (0.4028ms)
✔ rejects write scope widening (0.3628ms)
✔ rejects policy weakening (0.4559ms)
✔ rejects path outside runner (1.0824ms)
✔ rejects unknown projection strings are not logged (0.6739ms)
✔ rejects non-native none breaker projection is rejected (0.6787ms)
✔ rejects accepted evidence row (0.6881ms)
✔ full replay, not the bounded snapshot, rejects earlier run.completed (0.6275ms)
✔ full replay, not the bounded snapshot, rejects earlier run.verification_started (1.1046ms)
✔ full replay, not the bounded snapshot, rejects earlier run.verification_evidence (0.5246ms)
✔ full replay, not the bounded snapshot, rejects earlier run.artifact (1.089ms)
✔ full replay, not the bounded snapshot, rejects earlier run.deliverable (0.7127ms)
✔ full replay, not the bounded snapshot, rejects earlier run.workspace_removed (0.5981ms)
✔ full replay, not the bounded snapshot, rejects earlier run.teardown_uncertain (0.9631ms)
✔ visible history and original journal prefix are immutable; no whole-database inference (2.2239ms)
✔ journal bounds, strict ordering, non-contiguous visible sequences and Ready watermark (0.6469ms)
✔ API requests allow only exact scoped snapshot/create/launch, never reset/policy/resume (32.5228ms)
✔ HTTP errors with sensitive bodies are not retried or exposed (0.6822ms)
✔ oversized API responses fail at the byte bound, with no response body in the error (11.8161ms)
✔ native journal API requires a real Ready watermark and refuses partial replay (2.4224ms)
✔ two additive cases checkpoint intent/IDs, retain old history, and pass only after quiet observation (34.0543ms)
✔ baseline counts are dynamic, including completed prior browser-created missions (38.4904ms)
✔ completed checkpoint continuation is read-only and never re-launches either case (35.2271ms)
✔ timeout leaves a live run LIVE with its original ID and never starts a replacement/second case (24.1841ms)
✔ lost create response discovers exact original IDs; intentional continuation sends no duplicate (19.5379ms)
✔ uncertain create without an observable result blocks continuation, never replacement (2.2118ms)
✔ lost launch response discovers exact original IDs; intentional continuation sends no duplicate (18.8833ms)
✔ uncertain launch without an observable result blocks continuation, never replacement (2.2563ms)
✔ driver failure keeps IDs and failure report; late accepted verification cannot pass (8.9839ms)
✔ saved report cannot change receipt/source/runner/process scope or invent successful authority (1.4014ms)
✔ existing budget-stream keeps its original synthetic 6000-token contract (1177.2962ms)
✔ UI budget-stream uses the real 500K preset with explicit synthetic counters (1148.2422ms)
✔ native interrupt prevents later usage and completion in the UI fixture (266.7539ms)
✔ original budget-stream still interrupts before its second usage and scheduled completion (282.8852ms)
✔ queued completion emits exact usage and completed before a subsequent interrupt response (155.3251ms)
✔ actual queued fixture writes base then emits both usages and finish synchronously without timers (4.3058ms)
✔ User/Organization resolver verifies owner and project number without reading items (949.7002ms)
✔ opaque paginated active-only discovery retains 1002 items and exact Issue source (2209.8832ms)
✔ empty pages, invalid cursors and archived cursors never silently restart pagination (1263.8407ms)
✔ quota-only probes accept include flags before/after endpoint and retain plain JSON (615.0604ms)
✔ exact items, memberships and publisher fields support metered and legacy plain callers (1269.7864ms)
✔ configured primary refusal exposes reset headers and recovers exactly at fixture reset (503.3631ms)
✔ secondary failures are finite per-query attempts even with interleaved probes (747.097ms)
✔ 503 failures expose Retry-After without spending quota or triggering source mutation (348.4386ms)
✔ source-drift hook remains shared across pages, legacy lists and exact reads only (1266.2208ms)
✔ legacy Project edits and publisher PR mutation/recovery semantics are preserved (1071.0595ms)
✔ errors and observation logs never echo credentials, headers, query text or variables (647.887ms)
✔ invalid quota/failure configurations fail safely and event retention is bounded (1259.5897ms)
✔ parses HTTPS clone URL without resolving redirects (3.4916ms)
✔ parses HTTPS repository URL without resolving redirects (0.4129ms)
✔ parses HTTPS default port without resolving redirects (0.1828ms)
✔ parses SSH SCP URL without resolving redirects (0.3203ms)
✔ parses SSH URI without resolving redirects (0.2519ms)
✔ parses SSH default port without resolving redirects (0.2271ms)
✔ parses SSH alternate port without resolving redirects (0.3238ms)
✔ parses case normalization without resolving redirects (0.1598ms)
✔ parses trailing slash without resolving redirects (0.1997ms)
✔ parses Git output newline without resolving redirects (0.4661ms)
✔ keeps old, transferred and deliberately wrong repositories distinct (0.4884ms)
✔ retains valid repository punctuation (0.1741ms)
✔ rejects missing without disclosing the origin (0.7801ms)
✔ rejects null without disclosing the origin (0.1255ms)
✔ rejects non-string without disclosing the origin (0.1399ms)
✔ rejects empty without disclosing the origin (0.1218ms)
✔ rejects bare namespace without disclosing the origin (0.1034ms)
✔ rejects different host without disclosing the origin (0.1028ms)
✔ rejects host suffix without disclosing the origin (0.1017ms)
✔ rejects HTTP without disclosing the origin (0.1048ms)
✔ rejects Git protocol without disclosing the origin (0.139ms)
✔ rejects HTTPS userinfo without disclosing the origin (0.1699ms)
✔ rejects HTTPS password without disclosing the origin (0.1652ms)
✔ rejects SSH password without disclosing the origin (0.1136ms)
✔ rejects non-Git SSH user without disclosing the origin (0.1087ms)
✔ rejects SCP userinfo without disclosing the origin (0.1008ms)
✔ rejects SCP prefix not recognized by the runner without disclosing the origin (0.1455ms)
✔ rejects query without disclosing the origin (0.0997ms)
✔ rejects fragment without disclosing the origin (0.0984ms)
✔ rejects extra path without disclosing the origin (0.1574ms)
✔ rejects traversal without disclosing the origin (0.209ms)
✔ rejects dot owner without disclosing the origin (0.1171ms)
✔ rejects dot repository without disclosing the origin (0.1053ms)
✔ rejects empty repository without disclosing the origin (0.1567ms)
✔ rejects encoded path without disclosing the origin (0.113ms)
✔ rejects backslash without disclosing the origin (0.221ms)
✔ rejects multiple origins without disclosing the origin (0.198ms)
✔ rejects oversized origin without disclosing the origin (0.1068ms)
✔ reads only the selected checkout origin with bounded, piped Git output (0.2834ms)
✔ Git failure discards message, cause, stdout and stderr without fallback (0.2439ms)
✔ a successful Git read cannot admit a credential-bearing origin (0.2285ms)
✔ imports actual-shaped retained native success and reproducible external rejection as a candidate only (122.2559ms)
✔ old oracle without physical digest remains explicitly weaker and prompt alignment remains unreviewed (111.1286ms)
✔ repeated captures and checker versions of one run do not create independent evidence identities (413.9826ms)
✔ local review digest cannot activate a candidate even with two distinct native runs (224.5511ms)
✔ refuses foreign Corp even with repinned retained files (110.9799ms)
✔ refuses foreign room even with repinned retained files (112.2765ms)
✔ refuses other source even with repinned retained files (108.3164ms)
✔ refuses changed contract source even with repinned retained files (89.0843ms)
✔ refuses missing native checks even with repinned retained files (97.1872ms)
✔ refuses failed test under passed native label even with repinned retained files (106.6734ms)
✔ refuses wrong oracle bytes even with repinned retained files (115.2162ms)
✔ refuses wrong resume identity even with repinned retained files (104.9528ms)
✔ refuses wrong resume ancestry even with repinned retained files (113.7538ms)
✔ refuses cancelled run even with repinned retained files (109.4334ms)
✔ refuses substituted before bytes even with repinned retained files (106.6478ms)
✔ refuses unknown checker even with repinned retained files (22.0685ms)
✔ hash pins, duplicate JSON keys and traversal are rejected before candidate output (103.6793ms)
✔ directory redirection and oversized files fail closed (149.8254ms)
✔ exact append handles LF and CRLF without normalizing changed source (0.62ms)
✔ external rejection cannot be imported when exact output actually passes (97.3354ms)
✔ CLI reads pinned inputs and creates one new corpus without overwriting source files (265.7141ms)
✔ CLI has one aggregate read budget covering the request, corpus, manifests and retained files (322.1566ms)
▶ local stack owned-process and state regression fixtures
  ✔ identity comes from the live process and binds only the explicit workspace (1.9136ms)
  ✔ wrong timestamps, executable, workspace and malformed records fail closed (0.245ms)
  ✔ a stale creation record aimed at a live synthetic PID cannot stop it (0.2347ms)
  ✔ stopping the verified root leaves its descendant and an unrelated child alive (0.2117ms)
  ✔ Start accepts working and log directories containing spaces (0.2138ms)
  ✔ Start treats bracketed log directories as literal paths (0.1925ms)
  ✔ Start treats bracketed working directories as literal paths (0.174ms)
  ✔ failed-start rollback results preserve the original error and require both success signals (0.2085ms)
  ✔ Start preserves literal arguments, spaces, child-only environment and redacted evidence (0.237ms)
  ✔ repeated role launches retain earlier logs and allocate unique stdout/stderr files (0.5139ms)
  ✔ extracted Launch preserves ownership on save failure (verified rollback) (0.1372ms)
  ✔ extracted Launch preserves ownership on save failure (unverified rollback) (0.0855ms)
  ✔ v2 state round-trips nested records and read preserves exact bytes (0.0826ms)
  ✔ corrupt, unsupported and differently scoped state is refused without deleting evidence (0.1342ms)
  ✔ state writes reject traversal, sibling-prefix paths and foreign workspace claims (0.0799ms)
  ✔ state writes reject reparse-point parent directories (0.0708ms)
  ✔ a failed atomic replacement preserves old bytes and removes its temporary file (0.2145ms)
  ✔ concurrent synthetic reader observes only complete atomic state generations (0.1005ms)
  ✔ legacy numeric state stays read-only and never authorizes stopping (0.2128ms)
  ✔ cleanup reaps only held synthetic handles and removes only its temporary tree (0.1202ms)
✔ local stack owned-process and state regression fixtures (10278.4481ms)
ℹ PowerShell 7.6.5; 14 synthetic processes reaped; no fixture tree remains
▶ local stack starter source guards
  ✔ starter has no unconditional stop invocation (0.1694ms)
  ✔ starter never passes a database URL as a command argument (0.087ms)
  ✔ starter forwards the native runner startup-recovery opt-out unchanged (0.0659ms)
  ✔ persisted runner IDs block automatic reenrollment even when offline (0.0624ms)
  ✔ Factory policy paths are canonicalized against the checkout before persistence and launch (0.0609ms)
  ✔ Factory saved connection is retained and passed only as an explicit native option (0.0624ms)
  ✔ live source-ref changes use exact comparison for old and current records (0.0597ms)
  ✔ starter never deletes enrollment or credentials without an explicit reset/rotation guard (0.08ms)
  ✔ Compose operations are guarded by external-database selection (0.1073ms)
  ✔ stopper does not rediscover or terminate a descendant tree from saved PIDs (0.0736ms)
✔ local stack starter source guards (2536.3368ms)
✔ one checkout serializes commands while another checkout remains usable (6181.4978ms)
✔ explicit restart nesting and failed operations release their native lock (5035.0505ms)
✔ an interrupted command does not leave a stale lock requiring manual cleanup (3213.2019ms)
✔ both supported entrypoints use the same operation boundary (19.6863ms)
✔ reported idle remains idle without a pending request (2.018ms)
✔ reported starting remains starting without a pending request (0.1551ms)
✔ reported working remains working without a pending request (0.1544ms)
✔ reported blocked remains blocked without a pending request (0.2571ms)
✔ reported reviewing remains reviewing without a pending request (0.2468ms)
✔ reported offline remains offline without a pending request (0.2164ms)
✔ working station "read" projects reading (0.3007ms)
✔ working station "search" projects reading (0.3347ms)
✔ working station " READ " projects reading (0.2504ms)
✔ working station "Search" projects reading (0.4502ms)
✔ working station "test" projects working (0.2111ms)
✔ working station "build" projects working (0.146ms)
✔ working station "review" projects working (0.0765ms)
✔ working station "research" projects working (0.065ms)
✔ working station "bread" projects working (0.0617ms)
✔ working station "break" projects working (0.0669ms)
✔ working station "unknown-tool" projects working (0.0568ms)
✔ working station null projects working (0.0551ms)
✔ a stale station does not invent activity for a non-working agent (0.2092ms)
✔ a blocked agent needs an exact current-run approval match (0.1552ms)
✔ an exact current-run pending review is distinct from an action approval (0.1159ms)
✔ unrelated and prior-run pending requests cannot affect the current agent (0.1468ms)
✔ an approval stops affecting an agent as soon as its current run changes (0.2014ms)
✔ null and empty current-run IDs cannot acquire pending request state (0.1508ms)
✔ offline wins even when the recorded current run has both pending requests (0.1218ms)
✔ exact action approval takes precedence over exact review (0.1145ms)
✔ explicit current-run requests do not depend on a blocked display status (0.1795ms)
✔ projection does not mutate agents or request sets or infer state from identity text (1.2999ms)
✔ all eight states have distinct labels and factual descriptions (0.5651ms)
✔ roster ordering is stable by ID without mutating the source array (0.4019ms)
✔ renaming or changing activity does not move an existing roster to different seats (0.4856ms)
✔ 0 agents occupy exactly 0 studios without stacked seats (0.43ms)
✔ 1 agents occupy exactly 1 studios without stacked seats (0.3862ms)
✔ 5 agents occupy exactly 1 studios without stacked seats (0.2388ms)
✔ 6 agents occupy exactly 1 studios without stacked seats (0.2898ms)
✔ 7 agents occupy exactly 2 studios without stacked seats (0.2524ms)
✔ 11 agents occupy exactly 2 studios without stacked seats (0.197ms)
✔ 12 agents occupy exactly 2 studios without stacked seats (0.2057ms)
✔ 13 agents occupy exactly 3 studios without stacked seats (0.1836ms)
✔ 17 agents occupy exactly 3 studios without stacked seats (0.1671ms)
✔ 18 agents occupy exactly 3 studios without stacked seats (0.1736ms)
✔ 19 agents occupy exactly 4 studios without stacked seats (0.1742ms)
✔ snapshot input reordering preserves page and seat assignment for 18 agents (0.4303ms)
✔ reordering across a partially filled page boundary preserves each agent seat (0.9096ms)
✔ studio dimensions and the six feet anchors match the renderer contract exactly (0.3068ms)
✔ desk access never wraps overflow or invalid indexes onto occupied seats (1.2312ms)
✔ all desk footprints stay above their chairs and never overlap another desk or decor (0.4349ms)
✔ desk 0 has one finite arrival route clear of every workstation (0.5928ms)
✔ desk 1 has one finite arrival route clear of every workstation (0.2263ms)
✔ desk 2 has one finite arrival route clear of every workstation (0.1796ms)
✔ desk 3 has one finite arrival route clear of every workstation (0.1471ms)
✔ desk 4 has one finite arrival route clear of every workstation (0.1873ms)
✔ desk 5 has one finite arrival route clear of every workstation (0.1537ms)
✔ route and desk results do not expose shared mutable layout state (0.2349ms)
✔ pending native review distinguishes invalid artifact paths from invalid artifact IDs (81.1663ms)
✔ pending native intent survives acceptance changes and reviewed adoption replays one exact revision (54.0429ms)
✔ pending intent cannot apply and generic native approval cannot authorize exact feedback (32.3428ms)
✔ reviewed feedback refuses adopter as reviewer before a revision (29.1021ms)
✔ reviewed feedback refuses producer as reviewer before a revision (29.5049ms)
✔ reviewed feedback refuses source requester as reviewer before a revision (23.6174ms)
✔ reviewed feedback refuses rejected decision before a revision (19.5241ms)
✔ reviewed feedback refuses future decision before a revision (28.3744ms)
✔ reviewed feedback refuses decision before intent before a revision (29.9121ms)
✔ reviewed feedback refuses wrong note digest before a revision (31.1975ms)
✔ reviewed feedback refuses extra note prose before a revision (29.0691ms)
✔ reviewed feedback refuses ordinary human gate before a revision (24.8904ms)
✔ reviewed feedback refuses requester exclusion disabled before a revision (25.9418ms)
✔ native approval cannot excuse changed target task (23.8461ms)
✔ native approval cannot excuse changed target version (24.7057ms)
✔ native approval cannot excuse changed source commit (23.0416ms)
✔ native approval cannot excuse changed artifact identity (22.995ms)
✔ native approval cannot excuse changed corpus bytes digest (31.8741ms)
✔ native approval cannot excuse changed selected rule digest (26.0123ms)
✔ native approval cannot excuse changed selected guidance (28.5135ms)
✔ native approval cannot excuse changed adopter identity (25.1811ms)
✔ native approval cannot excuse changed replacement effect (29.2299ms)
✔ native approval cannot excuse changed unknown authority field (28.274ms)
✔ persisted verifier policy and automated evidence drift invalidate the intent independently of acceptance (75.1397ms)
✔ missing or contradictory native rows and capture drift fail closed (38.4416ms)
✔ reviewed apply rechecks the actual decision and preserves ambiguous outcomes and idempotency (48.4152ms)
✔ reviewed apply rejects altered intent bytes and expired proposal without native effects (22.8256ms)
✔ a changed post-effect review remains uncertain and cannot assert a verified binding (31.3906ms)
✔ review intent time bounds are revalidated during accepted-source reconstruction (22.1928ms)
✔ CLI native-review preparation, exact intent selection and apply keep separate raw and canonical hashes (131.1899ms)
✔ prepare is read-only and exposes the exact reference-only change for review (18.9375ms)
✔ an unprefixed objective stays candidate because native composition would change it (22.6477ms)
✔ native normalization fixed points retain description and objective exactly (30.6465ms)
✔ public identifiers and digest selectors reject coercible arrays and objects before effects (19.9638ms)
✔ time, timeout and trusted routing fields require their declared primitive types (26.0541ms)
✔ apply performs one native revision, preserves authority and never launches (18.8769ms)
✔ typed native file selection pins outer provenance and exact decoded corpus while preserving raw compatibility (36.9054ms)
✔ native typed unknown schema field is refused even with matching outer artifact digest (14.8674ms)
✔ native typed missing native schema field is refused even with matching outer artifact digest (15.1768ms)
✔ native typed coercible version is refused even with matching outer artifact digest (16.3006ms)
✔ native typed unsupported archive form is refused even with matching outer artifact digest (12.9561ms)
✔ native typed wrong base is refused even with matching outer artifact digest (14.8295ms)
✔ native typed wrong verifier is refused even with matching outer artifact digest (15.6982ms)
✔ native typed wrong head is refused even with matching outer artifact digest (15.323ms)
✔ native typed bundle payload is refused even with matching outer artifact digest (15.7722ms)
✔ native typed patch checksum is refused even with matching outer artifact digest (16.4766ms)
✔ native typed patch noncanonical base64 is refused even with matching outer artifact digest (12.8837ms)
✔ native typed selected hash is refused even with matching outer artifact digest (12.0921ms)
✔ native typed selected byte count is refused even with matching outer artifact digest (15.3379ms)
✔ native typed selected file size bound is refused even with matching outer artifact digest (17.0458ms)
✔ native typed selected base64 is refused even with matching outer artifact digest (13.1775ms)
✔ native typed selected symlink is refused even with matching outer artifact digest (14.7811ms)
✔ native typed selected submodule is refused even with matching outer artifact digest (14.6242ms)
✔ native typed selected media is refused even with matching outer artifact digest (15.1438ms)
✔ native typed duplicate path is refused even with matching outer artifact digest (13.088ms)
✔ native typed case alias is refused even with matching outer artifact digest (12.5271ms)
✔ native typed file directory conflict is refused even with matching outer artifact digest (15.5265ms)
✔ native typed traversal is refused even with matching outer artifact digest (17.2278ms)
✔ native typed absolute path is refused even with matching outer artifact digest (16.141ms)
✔ native typed Windows stream is refused even with matching outer artifact digest (17.5852ms)
✔ native typed Windows device is refused even with matching outer artifact digest (17.6624ms)
✔ native typed trailing dot alias is refused even with matching outer artifact digest (19.0951ms)
✔ native typed coercible entry path is refused even with matching outer artifact digest (15.3295ms)
✔ native typed deleted selection is refused even with matching outer artifact digest (14.1723ms)
✔ typed path selection requires one exact safe file, source role and original outer bytes (18.0364ms)
✔ typed decoded corpus cannot substitute a different well-hashed file or retarget a reviewed proposal (44.7929ms)
✔ typed base64 padding bits are canonical even when permissive decoding preserves the correct bytes (15.693ms)
✔ same byte-pinned proposal replays its native key without adding guidance or a second revision (26.3066ms)
✔ lost response stays unknown with no automatic retry; exact replay reconciles it (23.5048ms)
✔ an HTTP400 after persistence stays unknown and same-key replay confirms one revision (23.5126ms)
✔ live Corp drift refuses before a request (18.1573ms)
✔ live room drift refuses before a request (16.1764ms)
✔ live mission drift refuses before a request (16.2649ms)
✔ live task drift refuses before a request (16.5579ms)
✔ live run drift refuses before a request (15.1382ms)
✔ live actor drift refuses before a request (18.9551ms)
✔ live source commit drift refuses before a request (16.2706ms)
✔ live verifier digest drift refuses before a request (15.209ms)
✔ live artifact digest drift refuses before a request (16.1871ms)
✔ an accepted receipt with incomplete bounded evidence remains candidate (16.1419ms)
✔ an observed manual gate must retain its native decision and decider (18.8218ms)
✔ missing native corpus evidence or mismatched actual bytes never borrows an unrelated accepted run (21.7669ms)
✔ typed envelopes, missing review bytes and requested independent review remain explicit candidates (20.0987ms)
✔ UTF-8 reference bounds do not silently truncate valid longer advisory guidance (21.8259ms)
✔ changed target ready status cannot be overwritten (18.9123ms)
✔ changed target existing run cannot be overwritten (17.2071ms)
✔ changed target contract version cannot be overwritten (16.5909ms)
✔ changed target budget cannot be overwritten (16.3103ms)
✔ changed target verifier cannot be overwritten (19.6381ms)
✔ changed target source cannot be overwritten (15.9172ms)
✔ changed target source connection cannot be overwritten (16.5406ms)
✔ changed target tools cannot be overwritten (17.7765ms)
✔ changed target Corp cannot be overwritten (20.062ms)
✔ changed target room cannot be overwritten (16.4772ms)
✔ changed target origin cannot be overwritten (18.9873ms)
✔ repinned unauthorized proposal changes cannot alter anything except selected references (37.7899ms)
✔ wrong proposal hash, edited corpus/review/receipt, future or expired proposal fails before POST (19.3457ms)
✔ expired selected guidance is not rescued by the remaining proposal lifetime (16.0525ms)
✔ expiry crossing during live prechecks is repeated immediately before mutation (21.5752ms)
✔ one total operation deadline cannot be renewed by a slow target precheck (250.1653ms)
✔ duplicate-key or reformatted proposal JSON cannot masquerade as the prepared byte representation (18.5004ms)
✔ source drift after successful mutation is accurately retained as applied (18.5377ms)
✔ source access loss after mutation is never mislabeled refusal-before-effects (19.8698ms)
✔ an HTTP error after a request is unknown without transaction-stage evidence and is not retried (17.6024ms)
✔ a contradictory successful response or changed native readback stays unknown (24.1078ms)
✔ exact native target projection refuses filtered context and preserves whole scope (18.1998ms)
✔ file input requires selected exact bytes and fails closed on an oversized or malformed input (39.677ms)
✔ feedback file reads accumulate short native reads before validating bytes (7.3981ms)
✔ feedback file truncate during short reads fails without a hash pin (6.4748ms)
✔ feedback file grow during short reads fails without a hash pin (5.9913ms)
✔ CLI preparation writes new review artifacts and an existing apply receipt refuses before network or effects (76.6936ms)
✔ CLI exits nonzero for refused adoption while preserving its JSON receipt (236.8758ms)
✔ CLI typed prepare explicitly selects the native file and apply has no path override (54.131ms)
✔ retained native candidate cannot become saved-task guidance or a native revision (24.2021ms)
✔ forged locally activated native evidence cannot become saved-task guidance or a native revision (19.3803ms)
✔ native evidence mixed into an activated typed artifact cannot become saved-task guidance or a native revision (19.547ms)
✔ receipt whitelists metadata and distinguishes persisted acceptance from optional verifier digests (7.4044ms)
✔ native runner, model and ref metadata preserves valid punctuation, spaces, Unicode and UTF-8 limits (5.0255ms)
✔ native metadata keeps bounded invalid text and malformed source tuples out of receipts (15.0662ms)
✔ native source identity accepts uppercase hexadecimal commits and full bounded repository components (0.797ms)
✔ published native refs and native MIME token punctuation are observed without a custom identifier alphabet (1.0096ms)
✔ historical evidence never borrows the current task verifier policy count (1.3866ms)
✔ conflicting or invalid run-bound check counts remain unknown (2.9957ms)
✔ missing and duplicate check indices cannot establish completeness; malformed indices fail (0.9215ms)
✔ receipt rejects mismatched run Corp (0.4592ms)
✔ receipt rejects mismatched task Corp (0.5015ms)
✔ receipt rejects mismatched mission Corp (0.2409ms)
✔ receipt rejects mismatched room Corp (0.2173ms)
✔ receipt rejects mismatched exact actor (0.2315ms)
✔ receipt rejects mismatched exact room (0.1918ms)
✔ receipt rejects mismatched exact mission (0.2027ms)
✔ receipt rejects mismatched evidence task (0.2019ms)
✔ receipt rejects mismatched event room (0.1903ms)
✔ receipt rejects mismatched partial source (0.1533ms)
✔ current-run rejects later same-task runs and tied times, retaining nanosecond ordering (0.9443ms)
✔ typed resume lineage requires same task and producer, and records unavailable ancestors honestly (1.9077ms)
✔ exact recovery count is run-bound; private policy and notes are omitted (0.7364ms)
✔ published-result binds its exact source artifact and hashes opaque source revisions (0.8782ms)
✔ published-result accepts an exact historical publication despite a later same-task run (1.0256ms)
✔ published-result refuses mismatched Factory mission (0.3401ms)
✔ published-result refuses mismatched deliverable task (0.3507ms)
✔ published-result refuses mismatched deliverable source base (0.2764ms)
✔ published-result refuses mismatched run deliverable digest (0.2359ms)
✔ published-result refuses mismatched publication run (0.2988ms)
✔ published-result refuses mismatched provenance mission (0.3843ms)
✔ published-result refuses mismatched provenance source issue (0.2539ms)
✔ published-result refuses mismatched provenance target (0.6509ms)
✔ published-result refuses mismatched recorded PR head (0.3842ms)
✔ published-result refuses mismatched recorded PR repository (0.3379ms)
✔ published-result refuses mismatched recorded PR provenance (0.367ms)
✔ byte verification rejects tampering and each missing or conflicting native response boundary (1.5133ms)
✔ receipt validator rejects extra content, contradictory acceptance, and mixed origin/artifact roles (5.6374ms)
✔ fingerprint tolerates observation timestamps and detects selected source, contract and artifact drift (3.6318ms)
✔ compiled native MCP export performs two captures and downloads only selected-origin artifact IDs (756.5913ms)
✔ artifact retention selection is bounded before reading host configuration (1.0255ms)
✔ compiled native evidence retains only explicitly selected verified bytes and preserves public receipt schema (463.0676ms)
✔ compiled native evidence rejects an unowned artifact selection before any artifact download (73.1492ms)
✔ compiled native evidence never returns retained bytes from a tampered artifact or changed source (204.5504ms)
✔ compiled native exporter keeps opaque runner/model/ref metadata out of every request route (121.4843ms)
✔ compiled native export rejects state drift during its artifact read (121.4088ms)
✔ compiled native export rejects mismatched context before downloading artifacts (67.194ms)
✔ compiled native export refuses artifact redirects without forwarding credentials (71.9053ms)
✔ compiled native export rejects oversized bodies and withholds HTTP error content (137.958ms)
✔ compiled native export bounds a stalled exact-context body by its whole-operation timeout (1007.3658ms)
✔ receipt CLI writes a create-only metadata file and a compact redacted summary (755.0265ms)
✔ owned server requires matching executable, creation, endpoint, and workspace (3.384ms)
✔ manual, remote, stale, or non-owned manifests never authorize restart (0.8374ms)
✔ Windows retains legacy timestamp tolerance and case-insensitive paths (0.3942ms)
✔ legacy Windows identity callers remain supported without weakening explicit checks (1.4745ms)
✔ Linux requires the exact boot/PID/start-tick, executable, cwd/root, and socket binding (3.4986ms)
✔ Linux rejects malformed, legacy-Windows, and changed receipts (0.9886ms)
✔ every existing manual port remains denied on Windows and Linux and all loopback hosts (1.3549ms)
✔ remote, credentialed, missing-port, and malformed-scope endpoints fail closed (0.6479ms)
✔ only a complete scoped JSON object is a process receipt (0.7262ms)
✔ proc stat parses the final comm parenthesis and preserves 64-bit start ticks (1.0603ms)
✔ proc stat rejects wrong PID, truncated fields, malformed state, and invalid ticks (0.6952ms)
✔ Linux listener proof intersects the exact port and LISTEN state with PID-owned inodes (1.6773ms)
✔ malformed or unavailable proc network input supplies no ownership authority (0.8406ms)
✔ artifact recovery overrides are child-only and match native numeric bounds (2.5762ms)
✔ probe requires explicit scope and forwards only its scoped credential environment (4.7648ms)
✔ probe summary contains collection counts, never snapshot data or private paths (0.5525ms)
✔ probe permits HTTP only for normalized canonical loopback origins and requires HTTPS elsewhere (8.1178ms)
✔ recovery probe reports only native metadata and never infers missing capability or exposes policy (0.877ms)
✔ recovery probe rejects malformed work-item IDs before spawning any gateway (0.8726ms)
✔ compiled recovery probe rejects impossible native numeric metadata and preserves exhausted authority (478.1225ms)
✔ compiled recovery tool makes exactly the selected authorized GET in both modes (129.1968ms)
✔ compiled recovery probe selects one context without reading the broad snapshot or exposing private fields (67.2008ms)
✔ compiled recovery tool refuses malformed IDs, extra scope or effect arguments before HTTP (105.2815ms)
✔ compiled recovery tool rejects mismatched Corp or work-item responses (240.2921ms)
✔ compiled recovery probe preserves authorization and not-found failures without private diagnostics (191.2501ms)
✔ compiled recovery inspection never follows redirects in either gateway mode (126.1731ms)
✔ compiled recovery inspection caps HTTP bodies even in the legacy write-capable gateway mode (122.9469ms)
✔ compiled read-only MCP completes the real stdio handshake and makes only one scoped GET (60.6477ms)
✔ compiled MCP ignores notifications and denies mutating calls before HTTP while preserving the default catalog (115.7653ms)
✔ compiled MCP keeps malformed omitted-ID objects silent and effect-free (read-only) (55.7415ms)
✔ compiled MCP keeps malformed omitted-ID objects silent and effect-free (unrestricted) (57.7101ms)
✔ compiled probe withholds API error content and enforces its whole-probe timeout (1081.4818ms)
✔ compiled read-only inspection rejects redirects without contacting a second origin (143.4776ms)
✔ compiled read-only startup requires every routing variable before serving even initialization (242.2882ms)
✔ compiled read-only flag rejects command-line tokens (split option, CLI only) (67.729ms)
✔ compiled read-only flag rejects command-line tokens (split option, CLI plus environment) (56.1274ms)
✔ compiled read-only flag rejects command-line tokens (equals option, CLI only) (58.2246ms)
✔ compiled read-only flag rejects command-line tokens (equals option, CLI plus environment) (55.8239ms)
✔ compiled read-only flag accepts only the environment token and exposes the restricted catalog (68.7022ms)
✔ compiled read-only environment rejects command-line tokens (split option, CLI only) (62.9984ms)
✔ compiled read-only environment rejects command-line tokens (split option, CLI plus environment) (54.9095ms)
✔ compiled read-only environment rejects command-line tokens (equals option, CLI only) (62.5926ms)
✔ compiled read-only environment rejects command-line tokens (equals option, CLI plus environment) (58.7108ms)
✔ compiled read-only environment accepts only the environment token and exposes the restricted catalog (58.1612ms)
✔ compiled unrestricted MCP preserves legacy CLI token precedence (split option) (133.6306ms)
✔ compiled unrestricted MCP preserves legacy CLI token precedence (equals option) (136.3645ms)
✔ compiled native read-only HTTP body rejects oversized declared length before end (200) (68.7ms)
✔ compiled native read-only HTTP body rejects streamed overflow before end (200) (119.0347ms)
✔ compiled native read-only HTTP body rejects oversized declared length before end (403) (66.4152ms)
✔ compiled native read-only HTTP body rejects streamed overflow before end (403) (103.1495ms)
✔ compiled native HTTP body accepts the inclusive read-only limit and preserves unrestricted transport (693.0994ms)
✔ compiled native HTTP body preserves small successful and error response behavior (397.1322ms)
✔ withholds all six source ACKs for each of two native automatic attempts (3.2644ms)
✔ holds all quality ACK duplicates to the same 8-second deadline, preserving bytes (0.988ms)
✔ gameplay and integration pass source ACKs unchanged (0.3265ms)
✔ native resume passes ACKs and does not consume a third automatic attempt (0.2578ms)
✔ non-source ACK, heartbeat, credential rotation, approval and lifecycle are opaque passthrough (0.344ms)
✔ rejects foreign or unproven run, Corp and hash before fault decisions (0.9284ms)
✔ assignment rebinding cannot swap a different task, scope or command kind (0.6027ms)
✔ late-ACK release sends one exact original old-run frame once without retagging (1.2129ms)
✔ refuses manual-stack, wrong-repository and missing opt-in config (1.4538ms)
▶ real loopback WebSocket wiring: native schema, ordered forwarding, reconnection and redaction
  ▶ isolated concurrent fixture 1
    ✔ synthetic endpoints require live ownership without relaxing config guards (12.3586ms)
    ✔ persisted owner/name schema binds and stop cannot overtake a pending assignment (63.3992ms)
    ✔ upload byte transparency, ACK withholding and metadata non-disclosure (52.8847ms)
    ✔ a stale snapshot/close callback cannot bind, send or close the replacement connection (162.9265ms)
  ✔ isolated concurrent fixture 1 (446.3278ms)
  ▶ isolated concurrent fixture 2
    ✔ synthetic endpoints require live ownership without relaxing config guards (15.935ms)
    ✔ persisted owner/name schema binds and stop cannot overtake a pending assignment (63.0267ms)
    ✔ upload byte transparency, ACK withholding and metadata non-disclosure (53.2955ms)
    ✔ a stale snapshot/close callback cannot bind, send or close the replacement connection (165.1673ms)
  ✔ isolated concurrent fixture 2 (420.9112ms)
✔ real loopback WebSocket wiring: native schema, ordered forwarding, reconnection and redaction (448.347ms)
✔ relocated doctor checks declared tools through native version commands without leaking ambient secrets or installing (1320.6473ms)
✔ wrong node version produces a failing CLI result (1216.4318ms)
✔ wrong pnpm version produces a failing CLI result (1225.0747ms)
✔ wrong rustc version produces a failing CLI result (1129.9285ms)
✔ wrong cargo version produces a failing CLI result (1106.1764ms)
✔ missing package manager fails without falling back to another host command (906.4437ms)
✔ failed component probes suppress raw stdout and stderr (1104.0806ms)
✔ unrecognized version output is rejected without echoing the command response (1153.0628ms)
✔ an unavailable pinned rustup toolchain fails instead of installing or selecting stable (1082.3535ms)
✔ already selected direct Rust binaries can be verified without rustup (1110.4906ms)
✔ invalid .node-version declaration fails before any command runs (version) (164.7302ms)
✔ invalid package.json declaration fails before any command runs (version) (167.4614ms)
✔ invalid rust-toolchain.toml declaration fails before any command runs (floating Rust) (168.7697ms)
✔ invalid rust-toolchain.toml declaration fails before any command runs (component) (184.342ms)
✔ unsupported CLI arguments fail before probing tools (172.563ms)
ℹ tests 1253
ℹ suites 0
ℹ pass 1253
ℹ fail 0
ℹ cancelled 0
ℹ skipped 0
ℹ todo 0
ℹ duration_ms 55820.9851
