$ node --test --test-concurrency=2 --test-timeout=180000 "apps/web/src/**/*.test.mjs" "tools/*.test.mjs"
✔ editor preserves its accessible control names, preview hook, and all six check choices (29.6999ms)
✔ switching check types resets their incompatible fields and retains the rest of the policy (6.0388ms)
✔ every check-field callback retains the selected variant and unchanged checks (10.5439ms)
✔ adding and removing checks preserves tab selection, including external policy shrink and the empty state (10.4021ms)
✔ the 16-check add button limit and oversized-policy feedback are retained (6.9208ms)
✔ manual-gate transitions retain default role ordering, requester exclusion, and explicit removal (8.3674ms)
✔ preview keeps exact check order, manual-role labels, heading overrides, and requester-exclusion guidance (1.4814ms)
✔ Factory exact-run navigation replaces a remembered newer outcome before mission remount (3.4788ms)
✔ run navigation ignores the duplicate activity marker in a hidden Factory tab (11.0325ms)
✔ artifact navigation chooses its exact producer while mission-only navigation preserves the current choice (1.0228ms)
✔ unavailable run/task/mission cannot overwrite remembered evidence or open another run (2.0745ms)
✔ storage failure or obsolete viewer fails closed before navigation (1.7045ms)
✔ explicit navigation writes only the selected viewer scope and only the run identity (0.9139ms)
✔ reload keeps the decided run instead of the other pending review or a newer worker (1.5204ms)
✔ remembered evidence is scoped to the API server, Corp, actor and mission (0.3055ms)
✔ missing remembered work never silently substitutes another visible review (0.2334ms)
✔ unreadable or malformed stored context requires explicit selection, not the next review (0.3826ms)
✔ a first visit is distinct from unreadable history; failed writes do not throw (0.2614ms)
✔ only the selected run ID is stored; reviews and authority never enter browser persistence (0.8433ms)
✔ MissionCard scopes remounts, pins initial evidence and fails closed when persistence fails (8.2856ms)
✔ issue210 only the explicit server flag adds correction to a native checkpoint (2.4982ms)
✔ issue210 verifier availability is independent of correction and missing availability preserves legacy behavior (1.1916ms)
✔ issue210 revision source is the exact server-selected verifier, with no cross-item fallback (0.4848ms)
✔ only native proof plus its cancellation marker exposes source-only checkpoint verification (0.2607ms)
✔ a running checkpoint needs no cancellation repair, and ordinary verification failure stays compatible (0.2553ms)
✔ missing/tampered source, checkpoint, head, active recovery or terminal outcome offers no new recovery (0.3473ms)
✔ context requests are not recovery grants and never depend on inferred mission spend/status (0.2312ms)
✔ copied command binding retains the saved connection and never falls back on malformed metadata (0.2494ms)
✔ actual presentation selects the endpoint source, not the newest visible run or mission cancellation (96.8409ms)
✔ issue210 presentation separates provider-free verification from a budgeted same-session fix (21.05ms)
✔ issue210 source-only and unavailable checkpoint presentations never suggest generic recovery (30.0028ms)
✔ actual context loader is GET-only and admits the exact item/version/mission checkpoint (34.3745ms)
✔ actual context loader rejects stale/cross-scope and malformed flags without snapshot fallback (140.1602ms)
✔ issue210 actual loader accepts boolean correction flags and defaults missing legacy authority closed (43.8132ms)
✔ issue210 exact loader retains true, false and missing checkpoint availability without granting another mode (41.0146ms)
✔ actual UI action copies only explicit checkpoint verification with the original scope/connection (142.8762ms)
✔ issue210 actual correction action retains the original CLI route, source and connection (230.6022ms)
✔ issue210 actual card drops correction authority immediately when item, version or actor changes (240.5416ms)
✔ issue210 actual contract submission uses the scoped verifier, not its provider ancestor (35.7586ms)
✔ issue210 editor loading, errors, stale context and denied correction cannot fall back or submit (213.1012ms)
✔ issue210 ordinary contract resume, redispatch and requester/role boundaries stay intact (82.0677ms)
✔ issue210 actual source-only context copies correction and revises the exact verifier; no-mode context does neither (153.1945ms)
✔ actual resume handler and rendered provider control respect native recovery blocking (5.4491ms)
✔ actual App Resume control survives an ineligible ordinary Factory recovery lookup and uses the native actor-bound POST (199.5109ms)
✔ issue221 explicit provider-correction permission permits null head without granting checkpoint or generic resume (0.886ms)
✔ issue221 actual context reader retains null head/current provider proof and malformed heads remain non-actionable (253.8257ms)
✔ issue221 actual copy/revision actions use only source correction for the latest failed provider with null head (203.6557ms)
✔ wrong-first legacy Project 174 cannot displace the selected live lab controller (1.8484ms)
✔ every Project/repository/Corp component must match, even with an active-item pointer (0.4724ms)
✔ GitHub owner/repository case and surrounding whitespace normalize independently (0.2399ms)
✔ missing/malformed scope is neutral rather than an empty-scope match (0.2852ms)
✔ the exact active item wins among live controllers in the same scope (0.2629ms)
✔ a current live scope match wins over a stale offline active-item pointer (0.2187ms)
✔ with only offline matches, retain the exact item rather than crossing scope (0.1735ms)
✔ without an item, prefer useful live intake in the current Corp (0.3341ms)
✔ empty/no-match and unavailable explicit selections never borrow another controller (0.2791ms)
✔ heartbeat freshness and stable ID break ties without using array order or mutating inputs (1.1694ms)
✔ snapshot refresh and selected scope changes return the exact new ID/version object (0.2807ms)
✔ the actual FactoryPanel resolver feeds displayed state and both action callbacks (16.0126ms)
✔ the actual component guards controller actions, retains role gating and passes the same callback (12.5958ms)
✔ the actual API action handler targets the resolved controller ID and version for all actions (62.488ms)
✔ the production handler preserves the existing ID-scoped idempotency/version on a lost response (19.3269ms)
✔ primary_rate_limit has a reader-facing reason and an automatic future retry (23.971ms)
✔ secondary_rate_limit has a reader-facing reason and an automatic future retry (0.6547ms)
✔ graphql_quota has a reader-facing reason and an automatic future retry (0.7563ms)
✔ github_unavailable has a reader-facing reason and an automatic future retry (1.3071ms)
✔ quota, cost and timestamps come from the snapshot, not derived or default budgets (1.0979ms)
✔ equivalent offset timestamps have the same local retry time and boundary (0.9322ms)
✔ at or after the retry deadline, waiting is not presented as a successful retry (1.094ms)
✔ zero remaining, limit, query cost and failures remain real zeros (0.5578ms)
✔ paused desired state wins without rewriting controller health or promising a retry (1.0734ms)
✔ offline health wins over polling metadata, including an elapsed retry (0.9922ms)
✔ paused and offline together retain both conditions and existing paused precedence (0.5682ms)
✔ absent legacy polling leaves the old strip intact and never fabricates a wait (0.2513ms)
✔ missing or malformed backoff data is unavailable, never zero or an invented deadline (0.3477ms)
✔ invalid values are not coerced to numbers or dates and unknown reasons are not rendered raw (1.6766ms)
✔ partial quota data preserves observed zeros while missing fields remain unavailable (0.3083ms)
✔ healthy telemetry does not infer a backoff from a zero quota or failure count (0.4333ms)
✔ UI integration remains read-only, accessible, and uses existing controller controls (17.862ms)
✔ line normalization preserves argument boundaries, literal punctuation, and duplicate values (1.6596ms)
✔ role entry supports commas and CRLF without silently deduplicating or authorizing roles (0.3149ms)
✔ mission projection retains exact task, runner and human control attribution (3.0061ms)
✔ foreign tasks and same-ID foreign-Corp runners cannot supply collaboration state (0.2518ms)
✔ offline retains work without advertising live control or termination (0.3182ms)
✔ connecting retains work without advertising live control or termination (0.2982ms)
✔ a failed snapshot refresh retains exact work without advertising live controls (0.372ms)
✔ invalid snapshot receipt NaN cannot advertise live controls (0.2071ms)
✔ invalid snapshot receipt Infinity cannot advertise live controls (0.2043ms)
✔ invalid snapshot receipt 0 cannot advertise live controls (0.1374ms)
✔ invalid snapshot receipt -1 cannot advertise live controls (0.1947ms)
✔ expired/malformed lease 2026-09-16T11:59:00Z cannot claim a controller (0.4027ms)
✔ expired/malformed lease 2026-09-16T12:00:00Z cannot claim a controller (0.1827ms)
✔ expired/malformed lease bad cannot claim a controller (0.1054ms)
✔ verifying has recorded evidence but no provider controls (0.2121ms)
✔ completed has recorded evidence but no provider controls (0.0779ms)
✔ lost has recorded evidence but no provider controls (0.1079ms)
✔ cancelled has recorded evidence but no provider controls (0.081ms)
✔ a provider-free run and a superseded agent assignment expose no live controls (0.2316ms)
✔ runner grace and offline remain distinct; neither supplies human presence (0.172ms)
✔ review links bind exact run/task and explain role and requester exclusion (0.3018ms)
✔ missing and historical identities never become fabricated named owners or current controllers (0.143ms)
✔ draft cache survives surface remounts but never crosses Corp/actor/room/mission (0.2446ms)
✔ actual component navigation only requests exact context; rendering sends no commands (11.2517ms)
✔ actual disconnected component retains readable evidence with an explicit warning (1.2742ms)
✔ actual failed-refresh component distinguishes stale data from a disconnected transport (0.998ms)
✔ actual component rejects missing receipt freshness and restores controls after a successful refresh (3.5745ms)
✔ App preserves main snapshot metadata and exact-run navigation while passing numeric receipt freshness (5.6454ms)
✔ App embeds existing scoped discussion and pins evidence before exact-run navigation (2.0866ms)
✔ late completion notifies remounted composers without clearing a newer or same-text draft (0.4973ms)
✔ late operation acknowledgment cannot clear a replacement idempotency key (120.7271ms)
✔ actual App selection never substitutes another mission after the selected record disappears (78.7459ms)
✔ actual briefing navigation has a visible destination for legacy empty descriptions (53.6634ms)
✔ verification checks do not change launch intent (1.6361ms)
✔ review navigation cannot turn its click into a form submission (0.2258ms)
✔ ordinary application setup cannot silently fall back to the fake runtime (0.4623ms)
✔ composer uses two clear steps and starts with an empty goal (0.2231ms)
✔ advanced settings and detailed requirements are optional disclosures (0.7936ms)
✔ closing setup preserves the draft and returns to existing mission context (0.6592ms)
✔ explicit links to existing work reveal it without erasing an open draft (0.5788ms)
✔ native creation and explicit held-plan behavior remain unchanged (0.224ms)
✔ review keeps the exact source and current server-derived allocation visible (0.453ms)
✔ scope requires four explicit bounded identities and cannot mutate after submission (2.406ms)
✔ current origin binds the exact view instance, not just equal IDs (0.4821ms)
✔ read issues exactly one encoded, uncached GET with cancellation and no body (7.2161ms)
✔ Direct accepts only exact returned linkage and drops unexpected hidden fields (1.3768ms)
✔ Factory retains only the validated work item, repository, issue number and exact URL (74.6ms)
✔ all four response identities must echo the bound request exactly (4.3605ms)
✔ missing, malformed and older origin responses never become Direct (4.2767ms)
✔ Factory fields are required and null or missing metadata is never partly accepted (4.1616ms)
✔ Factory rejects invalid work-item identities, repository paths and issue numbers (26.9829ms)
✔ only the raw HTTPS GitHub issue URL matching returned repository and number is accepted (3.1792ms)
✔ mixed-case owner/repository URLs match normalized identity and retain display case (1.28ms)
✔ valid case-preserving repositories and positive safe issue numbers remain verbatim (0.5382ms)
✔ old endpoints, denied authorization and transport failures stay unavailable without raw errors (1.0585ms)
✔ a synchronous API failure is contained and clears the read timer (0.5286ms)
✔ timeout aborts an unsettled read and suppresses both late success and late failure (0.6639ms)
✔ a settled success or failure cannot be overwritten by an already queued timeout (0.5969ms)
✔ cancellation before the scheduled read prevents even the GET (0.6596ms)
✔ in-flight cancellation ignores transports that resolve or reject after abort (0.5962ms)
✔ component reads once for a valid view and renders truthful Direct copy in one styled paragraph (11.5361ms)
✔ component links only a fully validated Factory response, not extra returned fields (2.2242ms)
✔ all four operating roles may read; guests, spectators and unknown roles never request context (7.0673ms)
✔ invalid or absent scope props render the conservative fallback without requesting (10.2345ms)
✔ failed exact reads preserve #185 positive or unknown fallback without inventing links or hiding failure (9.6602ms)
✔ a failed origin lookup can be retried explicitly without changing the work identities (2.8337ms)
✔ Corp, actor, room and mission changes hide old success and errors before effect cleanup (8.716ms)
✔ late success and errors from a replaced request cannot update the current component (8.5216ms)
✔ leaving and returning to identical IDs cannot revive an earlier success or failure (4.2362ms)
✔ same-ID reopened pending requests ignore the original response and error after current denial (3.1052ms)
✔ a guest transition revokes displayed source data and returning operators must read again (1.3582ms)
✔ operating-role and API changes also invalidate old privileged context (1.8602ms)
✔ unmount cancels the read and a fresh mount with identical IDs cannot inherit its outcome (1.7435ms)
✔ one builder preserves the complete current creation payload and retained settings (2.943ms)
✔ provider defaults, supported reasoning and commit-branch semantics match submission (0.2997ms)
✔ existing deterministic fixture semantics are not converted into provider settings (0.3327ms)
✔ scope freezes the exact serialized body and rejects an actor mismatch (0.5638ms)
✔ every request field, Corp and actor invalidate an earlier quote (0.7712ms)
✔ preview debounces, uses the exact creation body, and calls only the read-only preview POST (6.6503ms)
✔ an edit or closing the composer before debounce starts no request (0.3774ms)
✔ an invalidated request is aborted and cannot publish a late successful quote (1.5304ms)
✔ late errors after actor/Corp change or unmount cannot replace the new preview (0.9759ms)
✔ editing away and back still requires a fresh request, not a revived quote (0.8348ms)
✔ allocations are displayed verbatim from the server, not a frontend Studio formula (0.84ms)
✔ missing or mismatched quote fields never become a current allocation (1.8452ms)
✔ an absent preview endpoint gives a useful failure state without inventing allocations (1.1417ms)
✔ preview response is bounded to eight tasks without reallocating server budgets (0.793ms)
✔ unknown, self, duplicate and oversized dependency references remain unknown allocations (1.846ms)
✔ retry clears an old failure immediately and can accept a fresh quote (0.6011ms)
✔ timeout clears the quote, aborts the request and ignores a late response (0.6549ms)
✔ App shares the request body, invalidates keyed preview instances and retains native Launch (4.2298ms)
✔ mission selection and Discuss use the authoritative non-first owning room (1.469ms)
✔ mission, task, run and artifact deep links resolve to the same owning room (0.3088ms)
✔ an explicit room deep link and all-discussion view stay in that room (1.0298ms)
✔ stale, missing and older mission/room projections never fall back to the first room (0.2187ms)
✔ related work is limited to the selected room and mission, not a fixed item count (1.3684ms)
✔ messages are room-filtered before mission links and out-of-order reply ancestry (0.6615ms)
✔ valid room, mission and inherited reply submissions retain the same scope (0.5266ms)
✔ stale actor, Corp, room and mission scopes cannot submit or complete a newer draft (0.3096ms)
✔ a disappearing mission or owning room fences previously valid submissions (0.3352ms)
✔ foreign, missing or stale links and replies cannot silently become general comments (0.4904ms)
✔ guest-shaped and missing Factory projections do not establish Direct origin (0.5608ms)
✔ a mission older than the 500-item Factory window remains origin-unknown (0.272ms)
✔ a positively matched visible Factory item retains its issue attribution (0.1311ms)
✔ known publication/recovery linkage is generic when intake details are unavailable (0.3674ms)
✔ projection helpers preserve the authoritative input and do not retain hidden origin data (0.2833ms)
✔ the UI uses the tested projection and submission helpers on both discussion entry paths (11.4513ms)
✔ scope requires every explicit identity and repository and freezes the view generation (3.3552ms)
✔ the exact scope object, not equal IDs or a prior A -> B -> A view, selects the load (0.4529ms)
✔ one encoded GET is uncached, abortable and body/header/credential free (8.0451ms)
✔ published DTO retains only bound result metadata and leaves raw input untouched (1.6068ms)
✔ only explicit null publication in a correctly scoped response is known absence (2.4145ms)
✔ item and publication scope mismatches never expose links or known absence (6.2636ms)
✔ publication source issue matches the work item without equating authorizer, revisions or checkpoint generations (1.3002ms)
✔ publication and artifact identity tuples plus full digests must all match (3.0472ms)
✔ missing, duplicate and unrelated-first deliverables cannot substitute a result (0.9406ms)
✔ native provenance identity, source/target branches and digests are checked without retaining authority (4.0198ms)
✔ raw GitHub PR URLs allow native slash suffixes but retain exact repository and number checks (4.006ms)
✔ owner/repository display case is preserved while full hex values compare by bytes (0.6641ms)
✔ PR state, exact head, owner, recorded metadata and phase cannot contradict each other (2.003ms)
✔ download metadata rejects controls, external/native paths, malformed hashes and invalid sizes (9.2747ms)
✔ pending, PR-created, published and failed publication are distinct without claiming a live app (1.7251ms)
✔ only a different valid pinned run is a mismatch; same-run contradictions stay unavailable (0.6095ms)
✔ loading, denied and stale contexts cannot become a result or known absence (0.5643ms)
✔ denials, missing endpoints and sync/async transport failures stay unavailable without raw errors (0.939ms)
✔ timeout aborts and suppresses late successes and failures without retries (0.7315ms)
✔ queued timeout callbacks cannot overwrite a settled success, absence or denial (0.659ms)
✔ cancellation before start issues no GET; in-flight cancellation publishes no late data (0.6129ms)
✔ new same-ID generation remains unavailable after denial despite a prior response completing later (0.5251ms)
✔ requester summary does not ask for a forbidden independent decision (2.9128ms)
✔ wrong-role summary explains the existing role requirement (1.551ms)
✔ eligible independent reviewer keeps the review invitation (1.3968ms)
✔ human gate without requester exclusion still allows the requester (1.2952ms)
✔ completed result does not inherit a pending-review restriction (1.3161ms)
✔ fresh human-only bootstrap can select a runner runtime before any crew exists (2.6387ms)
✔ retired and legacy identities neither enable nor suppress advertised runtimes (0.5774ms)
✔ studio requires the exact selected source on a connected runner, not another repository (0.4803ms)
✔ source repository and commit matching are case-insensitive but ref matching is exact (0.4348ms)
✔ unavailable runtimes and non-runtime capabilities are not mission options (0.4022ms)
✔ catalog merging prefers an enabled model without changing the source snapshot (1.6201ms)
✔ unscoped status and crew include ready connection-bound runtimes, but dispatch keeps its exact binding (0.8577ms)
✔ studio always selects Copilot even when another runtime was requested (0.2121ms)
✔ studio does not fall back to another provider or an unavailable Copilot runtime (0.5146ms)
✔ solo selection and deterministic fixtures retain their runtime contracts (0.413ms)
✔ a disappearing explicit runtime cannot silently switch provider with stale model settings (0.202ms)
✔ studio uses enabled Copilot model settings or an explicit provider default (0.23ms)
✔ fixtures ignore hidden provider model settings (0.1186ms)
✔ normal UI bootstrap opts out of seeded crew without changing fixture tooling (13.0835ms)
✔ runtime character descriptors match the shipped manifest, PNG dimensions, and original file bytes (29.1394ms)
✔ named characters and stable worker identities retain their appearance across reordered snapshots (0.6854ms)
✔ numeric roster positions wrap without producing missing characters, and invalid numbers use the default (0.224ms)
✔ walking uses the original three poses in a 0,1,2,1 cycle at the 150ms boundaries (0.4207ms)
✔ idle, typing, reading and facing use the actual source-sheet rows and columns (0.3211ms)
✔ invalid or negative animation time selects the first pose without invalid source coordinates (0.1823ms)
✔ every animation and direction remains inside a real sheet after long-running animation (0.4011ms)
✔ default floor distinguishes connected workers from offline and test registrations (2.1453ms)
✔ omitted and null retirement fields keep legacy and mission identities available (0.2062ms)
✔ every non-null retirement excludes an identity regardless of pin, date, or reported work (0.3185ms)
✔ retired identity remains resolvable in the unmodified historical snapshot (0.2343ms)
✔ retiring the selected agent falls back to current crew, including the empty-roster case (0.2458ms)
✔ pagination filters retirement before assigning seats without mutating order (0.4445ms)
✔ idle does not become working or reviewing from a stale station or pending run request (0.2779ms)
✔ working and blocked status still derive from exact server state and current-run requests (0.1723ms)
✔ #154: a selected worker on a later studio is located on initial mount and selection changes (0.4974ms)
✔ #154: studio lookup follows retirement repagination, not stale seat indexes (0.3964ms)
✔ #154: manual paging survives snapshots, but another selected agent resets page and zoom (0.4476ms)
✔ #154: retirement moving the selected agent to a different page resets the camera (0.1935ms)
✔ #154: mounting or remounting the same starting run never fabricates an arrival (0.1618ms)
✔ #154: only an observed new active run can animate once, and reduced motion wins (0.2925ms)
✔ #154: blocked work takes recovery priority over both idle and ordinary active work (0.3152ms)
✔ #154: exact approvals keep priority, and only an unblocked empty floor offers new work (0.1792ms)
✔ history inspectors retain the full snapshot while the floor uses current identities (12.0314ms)
✔ Factory activity prioritizes the exact outcome review, then tool approval, before newer work (2.9979ms)
✔ selection ignores terminal, denied and foreign tool approvals without inventing a run (0.2401ms)
✔ terminal runs cannot become reviewable or active from dangling pending decision records (20.1706ms)
✔ live task, agent, control, timestamps and safe activity come from one scope without mutation (1.0677ms)
✔ a stale Running intake never claims that a cancelled provider is active (0.8581ms)
✔ pending exact-run outcome review is distinct from an active provider and completion (0.598ms)
✔ tool authority and unavailable decision context do not become outcome approval (1.4627ms)
✔ a completed run is not automatically a completed mission or published application (0.8153ms)
✔ retained data cannot claim current execution: {"connection":"offline"} (0.6322ms)
✔ retained data cannot claim current execution: {"connection":"connecting"} (0.6399ms)
✔ retained data cannot claim current execution: {"snapshotFailed":true} (0.5079ms)
✔ retained data cannot claim current execution: {"snapshotReceivedAt":null} (0.3183ms)
✔ grace, offline and wrong-Corp runner records cannot establish provider liveness (2.3193ms)
✔ runner loss and uncertain teardown remain unknown until a positive termination receipt (1.2908ms)
✔ verifier-only runs never appear as a running model (0.5277ms)
✔ quarantine and protected stops stay prominent even with stale transport (1.2025ms)
✔ failed verification, cancelled work and unknown execution modes remain explicit (1.0042ms)
✔ missing, duplicate or foreign task context cannot fall back to another run (0.6463ms)
✔ activity is scoped, deduplicated, ordered, bounded and never reveals raw payloads (2.1083ms)
✔ missing start, invalid clocks and backwards timestamps do not invent a duration (0.9176ms)
✔ expired leases and foreign attribution do not display an active controller (0.8488ms)
✔ actual React detail component reuses current classes, native disclosure and escaped text (13.4124ms)
✔ the Factory integration uses the existing exact-run selector, scoped snapshot and old callbacks (2.0113ms)
✔ a burst of 1000 streamed events schedules one snapshot instead of 1000 requests (1.7137ms)
✔ events arriving during a request produce exactly one trailing snapshot (3.9737ms)
✔ the final event during the trailing request is not dropped (0.877ms)
✔ disposing before a scheduled refresh prevents any fetch (0.3131ms)
✔ disposing an actor/Corp scope aborts its request and drops trailing work (1.7239ms)
✔ refresh failures are handled and a later event can still refresh (0.8325ms)
✔ a disposed scope does not report an obsolete aborted read as a new UI error (0.904ms)
✔ websocket events use the coalescer and cleanup cancels its read scope (3.5942ms)
✔ initial connection is bounded, cancellable and offers retry rather than mission restart (2.2557ms)
✔ actual App presence polling only runs for open connection-dependent views, without reconnecting the event socket (178.8246ms)
✔ artifact defaults retain the current wire shape and do not share mutable values (2.2233ms)
✔ file defaults retain the current wire shape and do not share mutable values (0.17ms)
✔ command defaults retain the current wire shape and do not share mutable values (0.1807ms)
✔ test defaults retain the current wire shape and do not share mutable values (1.0147ms)
✔ json_schema defaults retain the current wire shape and do not share mutable values (0.2282ms)
✔ screenshot defaults retain the current wire shape and do not share mutable values (0.1457ms)
✔ check summaries preserve paths, argument boundaries, byte floors, JSON keys, and rounded timeouts (20.2219ms)
✔ array summaries distinguish item boundaries and preserve exact argument and key values (0.4881ms)
✔ byte-counted summaries use singular byte only for the one-byte floor (0.2753ms)
✔ empty and oversized policies remain invalid, with the 16-check boundary accepted (0.5317ms)
✔ invalid byte floor 0 is reported for every byte-counted check (0.2568ms)
✔ invalid byte floor -1 is reported for every byte-counted check (0.1585ms)
✔ invalid byte floor NaN is reported for every byte-counted check (0.1266ms)
✔ invalid byte floor Infinity is reported for every byte-counted check (0.0867ms)
✔ validation preserves check order and reports missing paths, programs, timeout bounds, and JSON keys (0.4245ms)
✔ manual gates require allowed roles without changing requester-exclusion semantics (0.2679ms)
✔ preserves the existing advisory-validator scope; server schema/path authorization remains authoritative (0.6424ms)
✔ check transformations create new drafts while retaining unchanged evidence checks and gate identity (0.3528ms)
✔ gate transitions preserve checks and retain current deliberate resets even when reselecting a gate type (0.2303ms)
✔ verification labels retain their current wording and fallback formatting (0.2107ms)
✔ WorkResultCard exposes its status and supplied content with metadata collapsed by default (10.7318ms)
✔ ready PR retains its exact URL and only an explicit download invokes the matching callback (13.5821ms)
✔ loading, unavailable and no-publication states do not fabricate a PR or perform actions (4.5931ms)
✔ a historical review mismatch changes selection only through explicit Go to delivered result (2.5101ms)
✔ an unavailable delivered-run target preserves the historical selection and only offers refresh (191.9033ms)
✔ a failed publication with a recorded PR remains inspectable without being labeled Published (5.6392ms)
✔ Published is not merged or deployed and its collapsed details never invent a running preview (5.4052ms)
✔ expired artifact retention does not hide an existing PR or replace server download validation (10.5949ms)
✔ actual hook hides prior result before cleanup and aborts on each exact scope change (37.8562ms)
✔ actual hook fences late success and failure before cleanup and after replacement (16.7125ms)
✔ actual hook close and reopen with identical IDs cannot revive old ready or pending data (18.8589ms)
✔ actual hook treats positive revision as one refresh hint and never retries failure on render (36.635ms)
✔ actual App origin-unavailable branch offers manual Refresh work context with no PR CTA (10.8983ms)
✔ actual App first-hop retry exposes the authorized result without moving pinned evidence (26.9952ms)
✔ actual App fallback reports unavailable review details for an unresolved run or request (19.5844ms)
✔ actual work pickers retain a deep-linked historical mission outside the recent eight (75.1415ms)
✔ actual work pickers do not duplicate a recent selection or invent an absent mission (57.2553ms)
✔ related work includes the third mission, task, run and artifact (1.7062ms)
✔ work links name the actual work rather than presenting only opaque IDs (0.1877ms)
✔ related options deduplicate repeated snapshot references (0.1955ms)
✔ mission discussion retains nested replies, including out-of-order snapshots (1.6315ms)
✔ task, run and artifact comments inherit the owning mission only (0.3432ms)
✔ unlinked cycles and missing ancestors cannot manufacture mission context (0.2427ms)
✔ context helpers leave authoritative messages and work objects unchanged (0.3217ms)
✔ work selection follows the owning authorized mission and rejects unknown links (0.2806ms)
✔ human review and automated verification are not advertised as live model sessions (0.2815ms)
✔ enterprise task labels explain the legacy studio lane keys (0.307ms)
✔ review eligibility explains requester exclusion without bypassing the policy (0.4446ms)
✔ a pending evidence review selects its run rather than a newer active worker (0.267ms)
✔ a tool-approval wait cannot hide a different pending evidence review (0.1282ms)
✔ review selection rejects mismatched tasks, terminal runs and non-pending requests (0.1708ms)
✔ explicit evidence selection stays bound to that run and cannot inherit another review (0.1639ms)
✔ unselected evidence follows remaining reviews and retains snapshot order without mutation (0.178ms)
✔ a decided run remains selected until the operator deliberately chooses the next review (0.1271ms)
✔ mission UI binds evidence and decisions and pins the target before submitting (11.005ms)
✔ runner revision is stable for reordered equivalent records without sorting the input (2.3755ms)
✔ runner revision ignores heartbeat, display and capability churn (0.2279ms)
✔ runner revision changes only when lifecycle identity or presence records change (0.3249ms)
✔ offline presence requests revalidation without rewriting endpoint readiness (0.2823ms)
✔ reconnect mismatch remains a hint until the endpoint itself returns ready presence (0.3657ms)
✔ unknown presence is false and same-ID foreign runners cannot supply presence (1.002ms)
✔ presence hints never promote or erase native sign-in and installation states (0.6203ms)
✔ revision and presence helpers leave source, models, identity and selection immutable (0.5965ms)
✔ saved choice and source remain present while its machine is offline (0.2759ms)
✔ ready metadata alone cannot borrow another connection or source for dispatch (0.4064ms)
✔ connection UI identity is scoped to actor and room (0.2114ms)
✔ native sign-in instructions cannot navigate to another host or credential-bearing URL (0.324ms)
✔ accepts matching current contracts, aliases, CRLF and historical prose outside markers (79.0183ms)
✔ rejects added source validation command and reports expected and actual (51.9141ms)
✔ rejects removed source validation command and reports expected and actual (53.5803ms)
✔ rejects reordered source validation command and reports expected and actual (56.6232ms)
✔ rejects changed documented commands; correcting the documented sequence restores passing (84.0052ms)
✔ accepts quoted literal Node globs through aliases while preserving quoted versus shell-expanded arguments (87.4488ms)
✔ rejects a source SDK bump until both current compatibility docs are updated (66.2892ms)
✔ rejects a source CLI bump until both current compatibility docs are updated (70.2655ms)
✔ rejects missing opening marker instead of silently dropping a required documentation contract (49.3372ms)
✔ rejects missing closing marker instead of silently dropping a required documentation contract (47.9086ms)
✔ rejects duplicate block instead of silently dropping a required documentation contract (46.4235ms)
✔ rejects reversed markers instead of silently dropping a required documentation contract (53.8723ms)
✔ rejects inline marker instead of silently dropping a required documentation contract (46.5804ms)
✔ requires every current runtime contract and a single SDK and CLI claim inside each (41.8854ms)
✔ rejects missing root alias in the authoritative command sequence (51.8717ms)
✔ rejects cyclic root aliases in the authoritative command sequence (49.9595ms)
✔ rejects shell pipeline in the authoritative command sequence (55.2332ms)
✔ rejects quoted shell expansion in the authoritative command sequence (52.2314ms)
✔ rejects empty command in the authoritative command sequence (53.5601ms)
✔ rejects unsupported alias arguments in the authoritative command sequence (53.7362ms)
✔ rejects unknown documented aliases and malformed command fences (50.1378ms)
✔ reports missing required documents and an invalid source manifest without silently skipping them (56.1816ms)
✔ fails closed for unconstrained SDK dependency (55.2502ms)
✔ fails closed for SDK pin in wrong table (50.8479ms)
✔ fails closed for duplicate SDK declaration (49.0226ms)
✔ fails closed for missing named runtime constant (56.9825ms)
✔ fails closed for duplicate runtime constant (52.0676ms)
✔ relocated CLI resolves its own repository, executes no documented command, and exits nonzero for drift (302.8358ms)
✔ checkpoint fixture produces a complete, independently tested local application (316.9879ms)
✔ read-only executable hashing accepts Cargo/Git hardlinks without relaxing source isolation (25.7944ms)
✔ exact terminal metadata produces actionable failure and missing-evidence findings using GET only (19.7924ms)
✔ listed artifact is run-scoped metadata and never establishes content or attempt verification (1.8781ms)
✔ refuses active parent (0.8501ms)
✔ refuses wrong repository (0.5014ms)
✔ refuses foreign head repository (0.6137ms)
✔ refuses different workflow (0.5178ms)
✔ refuses different head (0.4275ms)
✔ refuses different attempt (0.3224ms)
✔ refuses job from other attempt (0.5607ms)
✔ refuses job from other head (0.6736ms)
✔ refuses duplicate job (0.5507ms)
✔ refuses unfinished job (0.3882ms)
✔ refuses foreign artifact (0.4522ms)
✔ refuses excess artifacts (0.5928ms)
✔ complete bounded job pagination is required and supported (8.7825ms)
✔ pagination total drift and final run drift refuse a completed observation (1.43ms)
✔ expired artifacts and unexplained parent failure remain reviewable rather than passing (0.9631ms)
✔ same-source replay is a no-op; changed facts retain revisions and mark no-longer-observed findings (3.3306ms)
✔ previous hash tampering refuses before network reads (0.2664ms)
✔ forged previous findings fail integrity or semantic reconstruction; source changes require a new scope (2.9228ms)
✔ newer prior observations and attempts do not flow backward (3.0932ms)
✔ secret-bearing fields and supplied links never enter a receipt or executable Markdown (0.9881ms)
✔ native read budget rejects alternate endpoints, oversized metadata and late responses (1.1027ms)
✔ omitting all required jobs cannot turn one replacement success job into a complete maintenance result (0.7741ms)
✔ required skipped job needs review even when an earlier run artifact is listed (0.7675ms)
✔ required neutral job needs review even when an earlier run artifact is listed (0.5421ms)
✔ failed GETs consume the finite shared admission budget without retries (0.5736ms)
✔ CLI writes new bounded files and refuses output reuse; failures retain no raw API error (52.6833ms)
✔ hosted context binds default observer branch, event and exact parent; local mode makes no hosted claim (18.636ms)
✔ CLI accepts only bounded exact selection and a complete prior pin (0.5591ms)
✔ CI workflow: exact Windows runner failure produces a scoped read-only handoff (1.4323ms)
✔ CI workflow: complete successful jobs need only their own declared report artifacts (1.1466ms)
✔ CI workflow: required artifact-free jobs remain required and must execute (0.7933ms)
✔ Repository checks retains its published contract and previous-receipt no-op semantics (1.5555ms)
✔ CI completeness refuses skipped artifact-free required jobs (0.8498ms)
✔ CI completeness refuses neutral artifact-free required jobs (1.2517ms)
✔ CI completeness rejects replacement jobs and requires only CI report metadata (1.4524ms)
✔ CI observation is not a parent-pass claim and does not inspect diagnostic artifacts (1.1232ms)
✔ workflow profiles cannot reuse each other's receipts even at the same source (4.5272ms)
✔ CI identity refuses unknown workflow path (0.3233ms)
✔ CI identity refuses workflow-ID substitution (0.2881ms)
✔ CI identity refuses workflow-name substitution (0.2837ms)
✔ CI identity refuses workflow-path substitution (0.2203ms)
✔ CI identity refuses foreign repository (0.2263ms)
✔ CI identity refuses fork head repository (0.2615ms)
✔ CI identity refuses wrong source head (1.2062ms)
✔ CI identity refuses wrong attempt (0.3236ms)
✔ CI identity refuses active CI parent (0.287ms)
✔ reader allowlist admits exactly the two workflow metadata routes (0.3512ms)
✔ hosted CI event binds workflow identity to the selected native parent (65.341ms)
✔ workflow trigger keeps trusted observer checkout and read-only scopes for both producers (11.9066ms)
✔ consumer rereads native state using trusted routing and tolerates only observation timing changes (6.1844ms)
✔ consumer refuses task contract revision drift in a fresh observation (1.4697ms)
✔ consumer refuses source base commit drift in a fresh observation (0.6906ms)
✔ consumer refuses verifier digest drift in a fresh observation (0.7137ms)
✔ consumer refuses another actor scope drift in a fresh observation (1.2038ms)
✔ explicit run and mode selections fail before contacting a server (0.5833ms)
✔ denied or unavailable current data does not fall back to a previously passing receipt (0.4344ms)
✔ a matching failed native outcome cannot be consumed as accepted completion (0.6472ms)
✔ file consumption requires the exact expected byte hash and a bounded valid receipt (45.6738ms)
✔ receipt file reads accumulate short native reads before validating bytes (27.6194ms)
✔ receipt file truncate during short reads fails before parsing (5.6263ms)
✔ receipt file grow during short reads fails before parsing (11.8195ms)
✔ framed stat metadata survives arbitrary chunk boundaries without payload disclosure (2.5769ms)
✔ unrelated RPCs and read-file contents are not recorded (0.977ms)
✔ a response ID type change is visible without recording identifier values (0.3954ms)
✔ oversized frames are skipped without parsing nested payload text as requests (0.3957ms)
✔ optional wire observation forwards exact bytes and drains the child (277.4523ms)
✔ a matching request needs a durable rejection and settled run (1.3254ms)
✔ terminal provider without permission is inconclusive, never a pass (1.047ms)
✔ a rejected but unrelated permission does not satisfy the requested boundary (0.1842ms)
✔ approval acceptance, expiry or missing persisted decision cannot pass (0.2757ms)
✔ a decision or final run from another identity is rejected (0.2059ms)
✔ a provider that has not settled cannot pass the boundary (0.2204ms)
✔ all independent boundary results are required for complete coverage (1.0202ms)
✔ later passing cases remain visible after an earlier inconclusive case (0.2562ms)
✔ duplicate, unknown and malformed results cannot manufacture complete coverage (1.2812ms)
✔ accepts an exact seed and credential-free children of the owned runner (3.0931ms)
✔ a marker elsewhere or an arbitrary GITHUB_TOKEN is not a proven seed (1.1605ms)
✔ absent, ambiguous or foreign runner seed records cannot establish the precondition (0.8728ms)
✔ runner seed booleans must be explicit, not truthy or absent (1.0406ms)
✔ missing spawn and undefined parent IDs cannot accidentally correlate (0.3715ms)
✔ runner spawn must be unique, current and tied to the owned observer (0.7607ms)
✔ a seed observed only after runner spawn cannot prove the launch precondition (0.3265ms)
✔ missing or foreign provider observations cannot satisfy the required count (1.0959ms)
✔ a wrong-parent provider is rejected rather than silently filtered out (0.3698ms)
✔ provider identity and absence booleans must be explicit and valid (1.0343ms)
✔ missing ownership and zero or malformed minimums never allow a vacuous pass (0.6216ms)
✔ actual successful relative, absolute and round-trip view results are required (1.9108ms)
✔ provider self-report and final file existence are not native-read evidence (0.9227ms)
✔ a missing absolute read or readback cannot pass (0.9544ms)
✔ missing-file errors and successful-but-wrong content remain failures (0.4717ms)
✔ wrong-session or conflicting tool results cannot manufacture evidence (1.1656ms)
✔ an external path with the same filename is not the assigned seed (0.2802ms)
✔ an incomplete stream is explicitly incomplete, not successful empty coverage (0.1731ms)
✔ runner observation proves the synthetic credential was inherited (249.893ms)
✔ a missing seed fails before starting a runner (131.0959ms)
✔ provider observation confirms removal before invoking the real binary (239.8067ms)
✔ an inherited provider credential fails before any provider execution (136.7895ms)
✔ a marker under another key cannot hide a missing runner GITHUB_TOKEN seed (130.2163ms)
✔ a different token plus an unrelated marker cannot manufacture an exact runner seed (126.9875ms)
✔ a provider token other than the canary is still rejected before child execution (130.1133ms)
✔ a provider canary under another key remains a failing credential boundary (132.5299ms)
✔ uninvoked production modules remain in the coverage denominator with zero hits (12.7423ms)
✔ missing production files cannot produce a passing partial coverage result (0.5885ms)
✔ duplicate and out-of-scope files cannot inflate the denominator (1.296ms)
✔ missing, duplicate and impossible native counts are rejected (0.459ms)
✔ truncated records are never accepted as completed coverage evidence (0.2767ms)
✔ zero available branches are reported as not applicable instead of fabricated 100 percent (0.2626ms)
✔ issue195 public receipt binds parent binaries, pinned runtime identity, and distinct task source (7.8823ms)
✔ explicit current fixture hash, suspend tokens, and missing-artifact switch normalize without disk reads (1.2385ms)
✔ rebuilt server/runner receipt hashes and an explicit rebuilt CLI hash remain valid and bound (4.7543ms)
✔ all required options are explicit; help is inert (1.2365ms)
✔ every duplicate value option and duplicate boolean switch fails closed (2.3235ms)
✔ unknown targets, positionals, missing operands, and equals-form options are rejected (0.7428ms)
✔ configuration rejects old issue190 (0.3052ms)
✔ configuration rejects string issue number (0.2153ms)
✔ configuration rejects parent rather than candidate code (0.2526ms)
✔ configuration rejects runtime commit used as task source (0.4164ms)
✔ configuration rejects unpinned source ref (0.2663ms)
✔ configuration rejects another runner (0.1873ms)
✔ configuration rejects unowned receipt (0.4695ms)
✔ configuration rejects not-running supervisor (0.3037ms)
✔ configuration rejects missing owner (0.3862ms)
✔ configuration rejects invalid owner (0.7525ms)
✔ configuration rejects changed code checkout (0.1995ms)
✔ configuration rejects changed source checkout (0.1834ms)
✔ configuration rejects changed worktree root (0.1881ms)
✔ configuration rejects invalid server digest (0.2157ms)
✔ configuration rejects invalid runner digest (0.2869ms)
✔ configuration rejects executable substitution (0.3582ms)
✔ configuration rejects binary outside owned bin (0.3372ms)
✔ configuration rejects missing public process (0.4731ms)
✔ configuration rejects wrong process role (0.5524ms)
✔ configuration rejects wrong process workspace (0.4347ms)
✔ configuration rejects invalid process pid (0.381ms)
✔ configuration rejects invalid process start (0.3495ms)
✔ synthetic VerifyRun evidence distinguishes awaiting independent review from accepted completion (11.9524ms)
✔ forced commit_branch export rejection is a named failure, never archive bypass or approval (2.8791ms)
✔ missing-required-provider-Artifact negative shares the native checks without inventing bytes (2.9316ms)
✔ assessRecovery refuses original usage rewritten (3.377ms)
✔ assessRecovery refuses original output history changed (2.3093ms)
✔ assessRecovery refuses provider-attempt counter reset (3.223ms)
✔ assessRecovery refuses provider-attempt maximum changed (3.0028ms)
✔ assessRecovery refuses source incident changed (3.2507ms)
✔ assessRecovery refuses checkpoint authority absent (2.4175ms)
✔ assessRecovery refuses different context source (1.9662ms)
✔ assessRecovery refuses budget reset hidden in context (1.8548ms)
✔ assessRecovery refuses another native recovery (1.8729ms)
✔ assessRecovery refuses source-correction instead of verification (2.6936ms)
✔ assessRecovery refuses recovery contract revision (1.8827ms)
✔ assessRecovery refuses changed recovery reason (1.6514ms)
✔ assessRecovery refuses weakened replacement policy (1.7603ms)
✔ assessRecovery refuses new provider session (2.2297ms)
✔ assessRecovery refuses allocated model tokens (2.3545ms)
✔ assessRecovery refuses allocated model cost (2.0445ms)
✔ assessRecovery refuses consumed input tokens (1.7588ms)
✔ assessRecovery refuses consumed output tokens (2.0439ms)
✔ assessRecovery refuses consumed model cost (2.248ms)
✔ assessRecovery refuses different workspace root run (1.6219ms)
✔ assessRecovery refuses replacement workspace not preserved (1.9631ms)
✔ assessRecovery refuses replacement fingerprint changed (1.7693ms)
✔ assessRecovery refuses invented provider artifact (2.5136ms)
✔ assessRecovery refuses provider event outside snapshot window (2.0302ms)
✔ assessRecovery refuses native command acknowledgment missing (1.8256ms)
✔ assessRecovery refuses missing native app check (1.8592ms)
✔ assessRecovery refuses evidence kind mismatch (2.156ms)
✔ assessRecovery refuses independent-review self-approval (1.8492ms)
✔ assessRecovery refuses accepted run before gate decision (1.8026ms)
✔ assessRecovery refuses missing factory completion event (1.188ms)
✔ assessRecovery refuses empty source deliverable (1.9499ms)
✔ assessRecovery refuses wrong deliverable provenance (2.1312ms)
✔ download validation uses in-memory bytes and checks payload digests without claiming a browser test (3.1115ms)
✔ configuration refuses target http://localhost:18574 (0.2316ms)
✔ configuration refuses target https://127.0.0.1:18574 (0.1126ms)
✔ configuration refuses target http://127.0.0.1:18574/ (0.1027ms)
✔ configuration refuses target http://127.0.0.1:18575 (0.0964ms)
✔ configuration refuses target http://127.0.0.1:8791 (0.1541ms)
✔ configuration refuses target http://127.0.0.1:18574/api (0.1822ms)
✔ configuration refuses target http://127.0.0.1:18574?x=1 (0.1036ms)
✔ configuration refuses target http://example.invalid:18574 (0.1477ms)
✔ configuration refuses target http://user:password@127.0.0.1:18574 (0.0982ms)
✔ configuration refuses target http://[::1]:18574 (0.0957ms)
✔ absolute path and owned-output boundaries reject aliases, devices, UNC, ADS, and root reuse (3.1803ms)
✔ explicit independent reviewer, valid digest, and bounded numeric options are mandatory (5.6285ms)
✔ reports expose hashes and constrained identity, never receipt metadata or provider output (1.4623ms)
✔ saved report cannot adopt changed authority, extra fields, or identities without prior intent (4.8285ms)
✔ baseline and journal never consult the bounded snapshot.events window (27.0127ms)
✔ baseline preserves every pre-existing missions record (1.2303ms)
✔ baseline preserves every pre-existing tasks record (1.0048ms)
✔ baseline preserves every pre-existing runs record (0.8911ms)
✔ baseline preserves every pre-existing factory_work_items record (1.4881ms)
✔ baseline preserves every pre-existing factory_verification_recoveries record (0.943ms)
✔ baseline preserves every pre-existing verification_evidence record (0.8044ms)
✔ baseline preserves every pre-existing verification_requests record (0.7987ms)
✔ baseline preserves every pre-existing source_deliverables record (1.6133ms)
✔ baseline preserves every pre-existing mission_contract_revisions record (0.8709ms)
✔ baseline preserves every pre-existing mission_budget_revisions record (0.8635ms)
✔ baseline preserves every pre-existing action_approvals record (1.2245ms)
✔ baseline preserves every pre-existing circuit_breaker_incidents record (0.9748ms)
✔ baseline permits additive rows and events while forbidding live work and missing history tables (1.7273ms)
✔ journal requires exact Ready watermark, ordered unique same-Corp events, and bounded count (0.8034ms)
✔ buildPlan is deterministic, fresh, output-owned, and mirrors one ready synthetic issue (1.461ms)
✔ factory argv remains pinned and recovery only appends the exact checkpoint mode and recorded reason (1.4465ms)
✔ persisted app, base-file, exact hash command and independent-review checks cannot be replaced by Artifact (8.5955ms)
✔ checkpoint digests use Rust field order, preserve app policy, and retain forced commit_branch authority (0.7576ms)
✔ invokeFactory uses only injected child I/O, a bounded timeout, and a non-inherited environment (1.4531ms)
✔ invokeFactory never retries an uncertain execution or logs raw stdout/stderr (1.4934ms)
✔ explicit Windows assessment preserves historical paths on every host (3.2375ms)
✔ default host assessment still rejects foreign path namespaces (0.9984ms)
✔ assessOriginal binds native stop from full replay, not snapshot.events (1.6921ms)
✔ assessOriginal binds native suspend from full replay, not snapshot.events (1.8156ms)
✔ assessOriginal rejects provider attempt increment without accepting or replacing work (1.3589ms)
✔ assessOriginal rejects attempt ceiling revision without accepting or replacing work (0.8197ms)
✔ assessOriginal rejects current budget revision without accepting or replacing work (0.8848ms)
✔ assessOriginal rejects original budget rewrite without accepting or replacing work (0.7614ms)
✔ assessOriginal rejects persisted hash verifier removal without accepting or replacing work (0.813ms)
✔ assessOriginal rejects manual gate weakening without accepting or replacing work (0.966ms)
✔ assessOriginal rejects contract source replacement without accepting or replacing work (0.7206ms)
✔ assessOriginal rejects write scope replacement without accepting or replacing work (0.7906ms)
✔ assessOriginal rejects archive bypass of forced commit_branch without accepting or replacing work (0.7426ms)
✔ assessOriginal rejects provider secret authority without accepting or replacing work (0.7455ms)
✔ assessOriginal rejects extra provider run without accepting or replacing work (0.795ms)
✔ assessOriginal rejects extra task without accepting or replacing work (1.2084ms)
✔ assessOriginal rejects changed factory owner without accepting or replacing work (0.9715ms)
✔ assessOriginal rejects changed issue revision without accepting or replacing work (0.7434ms)
✔ assessOriginal rejects wrong assigned runner without accepting or replacing work (0.7299ms)
✔ assessOriginal rejects producer reviewing itself without accepting or replacing work (0.7324ms)
✔ assessOriginal rejects source-checkout execution without accepting or replacing work (0.8369ms)
✔ assessOriginal rejects quarantined checkpoint without accepting or replacing work (0.779ms)
✔ assessOriginal rejects loop-counter change without accepting or replacing work (0.7166ms)
✔ assessOriginal rejects rewritten usage without accepting or replacing work (0.8953ms)
✔ assessOriginal rejects invented provider artifact without accepting or replacing work (0.7445ms)
✔ assessOriginal rejects checkpoint missing without accepting or replacing work (1.334ms)
✔ assessOriginal rejects checkpoint policy digest changed without accepting or replacing work (0.8437ms)
✔ assessOriginal rejects provider still alive without accepting or replacing work (0.9241ms)
✔ assessOriginal rejects budget command not acknowledged without accepting or replacing work (0.8243ms)
✔ assessOriginal rejects budget incident missing without accepting or replacing work (0.8229ms)
✔ assessOriginal rejects previously recorded run missing without accepting or replacing work (0.7935ms)
✔ assessOriginal rejects accepted provider progress hidden before snapshot window without accepting or replacing work (0.7379ms)
✔ suite pauses for native browser review by default and only observes external approval on continuation (43.8214ms)
✔ suite retains native forced-commit export failure and performs no review, download, or policy bypass (18.0117ms)
✔ suite missing-Artifact negative is explicit rejection, not verified delivery or fabricated provider evidence (17.4378ms)
✔ --continue cannot create a baseline or begin an unrecorded mutation (7.9122ms)
✔ unknown create response is never retried; continuation times out without adopting replacement work (31.3065ms)
✔ lost create response reconciles the exact item/run, but --continue cannot authorize recovery (10.7474ms)
✔ lost recovery response binds the recorded replacement; continuation only pauses for its exact browser gate (18.2241ms)
✔ external browser approval completes exact recorded work without retries or erasing earlier failure history (39.4651ms)
✔ suite never mutates when independent reviewer is missing (3.3014ms)
✔ suite never mutates when independent reviewer is not human (3.863ms)
✔ suite never mutates when independent reviewer is unauthorized role (2.8663ms)
✔ suite never mutates when independent reviewer is guest (2.9817ms)
✔ suite never mutates when independent reviewer is wrong Corp (3.0231ms)
✔ failed intent persistence or changed parent inputs prevents the corresponding native effect (16.4177ms)
✔ a colliding synthetic item without saved create intent is never adopted or mutated (4.2869ms)
✔ wrong physical base bytes stop before recovery; tampered downloads stop without another attempt (33.3555ms)
✔ --continue fails closed when recorded work disappears, with no new mission or native retry (26.2002ms)
✔ explicit browser-review flag preserves the default two-step flow without a scripted-review mode (16.7001ms)
✔ browser-review pause cannot be continued with substituted gate identities or reviewer (12.761ms)
✔ production I/O exposes no review POST and confines injected requests to exact GET routes (23.8015ms)
✔ runtime factory adapter never retries an ambiguous injected CLI call (1.0265ms)
✔ server-upgrade option is explicit, continue-only, and confined to the owned runtime directory (15.3769ms)
✔ server-only upgrade retains the original binding/failure and separately records server provenance read-only (23.1657ms)
✔ upgrade rejects runner/web/CLI changes, a mismatched old binding, and conflicting server provenance (13.5671ms)
✔ same-verifier native checkpoint re-attestation accepts a real run_id-only VerificationRequest (2.1481ms)
✔ checkpoint re-attestation cannot target another run, duplicate an ACK, or permit provider usage (2.9685ms)
✔ strict phase parsing and explicit opt-in (4.647ms)
✔ reject manual/default/aliased ports, credentials, ambiguous URLs and mismatched environment before API access (6.4643ms)
✔ verification is GET-only and no phase can call decision/reset/bootstrap/foreign-Corp routes (1.8791ms)
✔ prepare → newer approved → isolated replay observation → explicit older approval → automatic synthesis (97.3441ms)
✔ lost create response adopts exact marker without sending a second create (19.9293ms)
✔ unknown create that never arrived fails closed, never creates a replacement (3.1006ms)
✔ lost revision response replays the exact native UUID and preserves only two revisions (37.4801ms)
✔ lost launch response recovers exact root IDs by readback, never dispatches again (20.63ms)
✔ wrong source/pinned staffing/non-quiescent fixture rejected before any POST (1.8953ms)
✔ cannot skip intermediate observation or approve the older run first (40.0935ms)
✔ exact reviewer attribution, artifact binding and no second decision are enforced (60.2438ms)
✔ duplicate decision event and journal rollover cannot pass as replay isolation (40.2358ms)
✔ checkpoint fixture mismatch and modified pre-existing rows are rejected (32.5829ms)
✔ failed artifact download is rechecked on prepare resume without more POSTs (19.6313ms)
✔ linux: native unavailable admission is a verified refusal, not provider success (296.8396ms)
✔ darwin: native unavailable admission is a verified refusal, not provider success (228.8622ms)
✔ Windows: an unavailable provider remains a failure (209.3544ms)
✔ Unix: accidentally accepting an unsupported provider fails the contract (222.4013ms)
✔ Unix: an unrelated admission failure cannot stand in for containment refusal (242.2024ms)
✔ Unix: a refusal with a persisted run is rejected (236.9045ms)
✔ Unknown runner platforms fail before resetting a fixture (119.738ms)
✔ A Linux expectation cannot conceal an unavailable Windows runner (164.5351ms)
✔ Unknown reported runner OS fails before creating provider work (161.6139ms)
✔ An owned child stuck on HTTP is reaped before fixture cleanup (2030.1583ms)
✔ explicit CLI and parent runtime receipt reuse retain owner/source/process binding (7.7232ms)
✔ additive request changes only the fixture case, keeps native 5000 authority and no delivery/resume (0.6563ms)
✔ shared client sends exact additive create/launch bodies without retries or extra routes (26.8502ms)
✔ pure native trace accepts actual ACK before failure/termination without prescribing that order (10.4031ms)
✔ pure native trace accepts actual ACK between failure/termination without prescribing that order (1.7211ms)
✔ pure native trace accepts actual ACK after failure/termination without prescribing that order (1.8138ms)
✔ pure evidence rejection: missing actual artifact rejection (1.657ms)
✔ pure evidence rejection: unrelated failure (0.8485ms)
✔ pure evidence rejection: termination before failure is not the race (1.7202ms)
✔ pure evidence rejection: missing termination is not success (1.5578ms)
✔ pure evidence rejection: missing ACK remains unproven (0.9465ms)
✔ pure evidence rejection: wrong command correlation (1.4658ms)
✔ pure evidence rejection: wrong ACK runner (1.1991ms)
✔ pure evidence rejection: foreign session event scope (0.6861ms)
✔ pure evidence rejection: non-native event attribution (0.9063ms)
✔ pure evidence rejection: wrong native event identity (0.851ms)
✔ pure evidence rejection: rewritten failure summary (0.6934ms)
✔ pure evidence rejection: agent still assigned (0.7414ms)
✔ pure evidence rejection: task resurrected (0.6587ms)
✔ pure evidence rejection: mission resurrected (0.7677ms)
✔ pure evidence rejection: accepted artifact metadata (0.9613ms)
✔ pure evidence rejection: late accepted completion even if snapshot says failed (0.8595ms)
✔ pure evidence rejection: accepted artifact even outside bounded snapshot.events (1.1326ms)
✔ pure evidence rejection: verification event is forbidden (1.0414ms)
✔ pure evidence rejection: uncertain teardown is forbidden (1.3939ms)
✔ pure evidence rejection: accepted evidence record (1.0371ms)
✔ pure evidence rejection: budget revision (0.6869ms)
✔ pure evidence rejection: replacement run (0.5233ms)
✔ pure evidence rejection: source substitution (0.5667ms)
✔ pure evidence rejection: verification-only execution cannot attest a provider (0.5146ms)
✔ pure evidence rejection: usage must be exactly two 3000-token increments (0.8224ms)
✔ invalid native termination payload cannot pass (null) (0.8002ms)
✔ invalid native termination payload cannot pass ([]) (0.8044ms)
✔ invalid native termination payload cannot pass ({}) (0.7285ms)
✔ invalid native termination payload cannot pass ({"adapter":"other"}) (0.6938ms)
✔ invalid native termination payload cannot pass ({"provider_process_alive":true}) (0.6815ms)
✔ invalid native termination payload cannot pass ({"provider_process_alive":"false"}) (0.8972ms)
✔ invalid native termination payload cannot pass ({"outcome":"verified"}) (1.1459ms)
✔ invalid native termination payload cannot pass ({"message":""}) (0.9351ms)
✔ invalid native termination payload cannot pass ({"message":1}) (0.796ms)
✔ invalid native termination payload cannot pass ({"message":"xxxxxxxxxxxxxxxxxxxxxxxxxxxxxxxxxxxxxxxxxxxxxxxx) (1.5242ms)
✔ invalid native termination payload cannot pass ({"message":"untrusted\ntext"}) (1.662ms)
✔ invalid native termination payload cannot pass ({"message":"
"}) (0.6307ms)
✔ invalid native termination payload cannot pass ({"credential":"PRIVATE_PROVIDER_CONTENT_OR_ASSIGNMENT_TOKEN_) (0.9944ms)
✔ all native terminal outcomes and absent optional message are valid telemetry, not accepted completion (2.9702ms)
✔ one additive case checkpoints and announces intent/IDs, retains history, and waits for quiet readback (24.5824ms)
✔ passed same-case continuation recomputes proof with zero further mutations (22.4161ms)
✔ createLost: failure preserves exact intent, continuation never retries an attempted POST (12.3429ms)
✔ createUnknown: failure preserves exact intent, continuation never retries an attempted POST (1.747ms)
✔ launchLost: failure preserves exact intent, continuation never retries an attempted POST (11.8587ms)
✔ launchUnknown: failure preserves exact intent, continuation never retries an attempted POST (3.3452ms)
✔ bounded live failure leaves the original run live, IDs and intent intact, with no replacement (36.8632ms)
✔ missing late telemetry is a bounded failure with actual ACK order, not a race claim (24.2653ms)
✔ natural later telemetry/finalization can settle without rewriting terminal state or historical events (14.0469ms)
✔ settling cannot hide changed terminal run summary (4.3213ms)
✔ settling cannot hide changed terminal task (4.3163ms)
✔ settling cannot hide changed terminal mission (4.2785ms)
✔ settling cannot hide changed terminal agent (5.8654ms)
✔ settling cannot hide changed old run (4.3701ms)
✔ settling cannot hide changed old agent (3.9974ms)
✔ settling cannot hide changed old journal prefix (4.058ms)
✔ settling cannot hide changed original failure event (4.4967ms)
✔ saved report cannot substitute receipt, native authority, source, or erase baseline after an effect (2.5663ms)
✔ report save uses exclusive lock, private synced temp and atomic rename; refuses implicit overwrite (2.895ms)
✔ stale locks are never stolen and failed saves retain original report and orphaned temp (0.9556ms)
✔ report cannot replace receipt; bounded reads reject links, hardlinks and inode swaps before reading (0.9068ms)
✔ CLI is explicit, non-ambient, duplicate/unknown flags fail (3.652ms)
✔ explicit parent runtime metadata aligns without opening any named process/log/source (3.6632ms)
✔ rejects protected/manual API port 5187 (0.2398ms)
✔ rejects protected/manual API port 5291 (0.1714ms)
✔ rejects protected/manual API port 8791 (0.2506ms)
✔ rejects protected/manual API port 8793 (0.1711ms)
✔ rejects protected/manual API port 8991 (0.1654ms)
✔ rejects protected/manual API port 15191 (0.1885ms)
✔ rejects protected/manual API port 15193 (0.2311ms)
✔ rejects protected/manual API port 15491 (0.3286ms)
✔ rejects protected/manual API port 15493 (0.23ms)
✔ rejects protected/manual API port 15496 (0.2636ms)
✔ rejects protected/manual API port 18961 (0.1932ms)
✔ rejects protected/manual API port 18962 (0.1657ms)
✔ rejects protected/manual API port 18963 (0.1325ms)
✔ rejects ambiguous or non-owned origin http://localhost:18574 (0.2437ms)
✔ rejects ambiguous or non-owned origin http://127.1:18574 (0.1559ms)
✔ rejects ambiguous or non-owned origin http://[::1]:18574 (0.1586ms)
✔ rejects ambiguous or non-owned origin https://127.0.0.1:18574 (0.1846ms)
✔ rejects ambiguous or non-owned origin http://127.0.0.1:18574/ (0.1748ms)
✔ rejects ambiguous or non-owned origin http://127.0.0.1:18574/api (0.1271ms)
✔ rejects ambiguous or non-owned origin http://127.0.0.1:18574?x=1 (0.2109ms)
✔ rejects ambiguous or non-owned origin http://redacted:redacted@127.0.0.1:18574 (0.1772ms)
✔ rejects ambiguous or non-owned origin http://example.com:18574 (0.8148ms)
✔ receipt requires complete immutable source, no unknown authority or provider substitution (2.0176ms)
✔ native requests preserve single strategy, exact source, budget, File verifier, no deliverable (0.5902ms)
✔ Rust policy digest uses explicit declaration order, not JS/JSONB property order (0.6483ms)
✔ canonical containment handles Windows drive prefixes but rejects aliases/escapes (0.7454ms)
✔ POSIX containment rejects traversal, equality and sibling prefixes (0.5174ms)
✔ base.txt reads exactly five bytes, and all link/reparse/hardlink failures occur before open (10.6802ms)
✔ opened-file identity swaps fail closed without reading bytes (1.0463ms)
✔ runners are top-level; nested-only, unavailable, foreign, ambiguous or different-source runners fail (0.9697ms)
✔ suspend: actual usage -> breaker -> native teardown -> exact checkpoint -> terminal (2.3787ms)
✔ stop: actual usage -> breaker -> native teardown -> exact checkpoint -> terminal (0.8903ms)
✔ rejects missing checkpoint (0.898ms)
✔ rejects foreign Corp proof (0.7923ms)
✔ rejects foreign mission proof (0.883ms)
✔ rejects foreign task proof (0.798ms)
✔ rejects foreign run proof (1.2185ms)
✔ rejects foreign agent proof (0.8668ms)
✔ rejects foreign runner proof (0.7283ms)
✔ rejects wrong original base (0.7389ms)
✔ rejects changed HEAD (0.7368ms)
✔ rejects changed fingerprint (0.5965ms)
✔ rejects arbitrary JS policy ordering (0.6641ms)
✔ rejects changed write digest (0.6406ms)
✔ rejects changed deliverable digest (0.6476ms)
✔ rejects token in proof (0.9505ms)
✔ rejects live provider (0.6014ms)
✔ rejects wrong adapter (0.6256ms)
✔ rejects foreign event lineage (0.5711ms)
✔ rejects late checkpoint (0.6846ms)
✔ rejects missing usage (0.6954ms)
✔ rejects fake cumulative usage (0.5641ms)
✔ rejects wrong breaker metric (0.6584ms)
✔ rejects wrong command acknowledgement (1.0659ms)
✔ rejects accepted artifact (0.862ms)
✔ rejects verification started (1.1134ms)
✔ rejects lost is not completion (0.7484ms)
✔ rejects agent still assigned (0.9093ms)
✔ rejects automatic retry (0.8334ms)
✔ rejects replacement task (0.5565ms)
✔ rejects resume lineage (0.5402ms)
✔ rejects budget override (0.3523ms)
✔ rejects write scope widening (0.3881ms)
✔ rejects policy weakening (0.3755ms)
✔ rejects path outside runner (0.6278ms)
✔ rejects unknown projection strings are not logged (0.4663ms)
✔ rejects non-native none breaker projection is rejected (0.4916ms)
✔ rejects accepted evidence row (0.4938ms)
✔ full replay, not the bounded snapshot, rejects earlier run.completed (0.6063ms)
✔ full replay, not the bounded snapshot, rejects earlier run.verification_started (0.9082ms)
✔ full replay, not the bounded snapshot, rejects earlier run.verification_evidence (0.5619ms)
✔ full replay, not the bounded snapshot, rejects earlier run.artifact (0.6883ms)
✔ full replay, not the bounded snapshot, rejects earlier run.deliverable (0.6791ms)
✔ full replay, not the bounded snapshot, rejects earlier run.workspace_removed (0.4934ms)
✔ full replay, not the bounded snapshot, rejects earlier run.teardown_uncertain (0.7124ms)
✔ visible history and original journal prefix are immutable; no whole-database inference (1.5135ms)
✔ journal bounds, strict ordering, non-contiguous visible sequences and Ready watermark (0.5737ms)
✔ API requests allow only exact scoped snapshot/create/launch, never reset/policy/resume (24.7928ms)
✔ HTTP errors with sensitive bodies are not retried or exposed (0.7195ms)
✔ oversized API responses fail at the byte bound, with no response body in the error (11.0334ms)
✔ native journal API requires a real Ready watermark and refuses partial replay (1.3441ms)
✔ two additive cases checkpoint intent/IDs, retain old history, and pass only after quiet observation (25.2579ms)
✔ baseline counts are dynamic, including completed prior browser-created missions (31.366ms)
✔ completed checkpoint continuation is read-only and never re-launches either case (32.5176ms)
✔ timeout leaves a live run LIVE with its original ID and never starts a replacement/second case (26.4544ms)
✔ lost create response discovers exact original IDs; intentional continuation sends no duplicate (17.2956ms)
✔ uncertain create without an observable result blocks continuation, never replacement (1.5792ms)
✔ lost launch response discovers exact original IDs; intentional continuation sends no duplicate (17.5166ms)
✔ uncertain launch without an observable result blocks continuation, never replacement (2.8172ms)
✔ driver failure keeps IDs and failure report; late accepted verification cannot pass (9.4962ms)
✔ saved report cannot change receipt/source/runner/process scope or invent successful authority (1.6818ms)
✔ existing budget-stream keeps its original synthetic 6000-token contract (1173.5636ms)
✔ UI budget-stream uses the real 500K preset with explicit synthetic counters (1137.6006ms)
✔ native interrupt prevents later usage and completion in the UI fixture (264.0572ms)
✔ original budget-stream still interrupts before its second usage and scheduled completion (268.8917ms)
✔ queued completion emits exact usage and completed before a subsequent interrupt response (141.9384ms)
✔ actual queued fixture writes base then emits both usages and finish synchronously without timers (3.7171ms)
✔ User/Organization resolver verifies owner and project number without reading items (825.5004ms)
✔ opaque paginated active-only discovery retains 1002 items and exact Issue source (1926.3838ms)
✔ empty pages, invalid cursors and archived cursors never silently restart pagination (1077.8884ms)
✔ quota-only probes accept include flags before/after endpoint and retain plain JSON (525.313ms)
✔ exact items, memberships and publisher fields support metered and legacy plain callers (1087.2282ms)
✔ configured primary refusal exposes reset headers and recovers exactly at fixture reset (399.5813ms)
✔ secondary failures are finite per-query attempts even with interleaved probes (678.0802ms)
✔ 503 failures expose Retry-After without spending quota or triggering source mutation (284.4555ms)
✔ source-drift hook remains shared across pages, legacy lists and exact reads only (1061.1185ms)
✔ legacy Project edits and publisher PR mutation/recovery semantics are preserved (840.9489ms)
✔ errors and observation logs never echo credentials, headers, query text or variables (565.5492ms)
✔ invalid quota/failure configurations fail safely and event retention is bounded (1124.8091ms)
✔ parses HTTPS clone URL without resolving redirects (2.6427ms)
✔ parses HTTPS repository URL without resolving redirects (0.2966ms)
✔ parses HTTPS default port without resolving redirects (0.1389ms)
✔ parses SSH SCP URL without resolving redirects (0.2662ms)
✔ parses SSH URI without resolving redirects (0.1934ms)
✔ parses SSH default port without resolving redirects (0.1775ms)
✔ parses SSH alternate port without resolving redirects (0.2092ms)
✔ parses case normalization without resolving redirects (0.1496ms)
✔ parses trailing slash without resolving redirects (0.169ms)
✔ parses Git output newline without resolving redirects (0.3087ms)
✔ keeps old, transferred and deliberately wrong repositories distinct (0.3726ms)
✔ retains valid repository punctuation (0.1633ms)
✔ rejects missing without disclosing the origin (0.7623ms)
✔ rejects null without disclosing the origin (0.2283ms)
✔ rejects non-string without disclosing the origin (0.1498ms)
✔ rejects empty without disclosing the origin (0.1533ms)
✔ rejects bare namespace without disclosing the origin (0.1791ms)
✔ rejects different host without disclosing the origin (0.1513ms)
✔ rejects host suffix without disclosing the origin (0.107ms)
✔ rejects HTTP without disclosing the origin (0.1017ms)
✔ rejects Git protocol without disclosing the origin (0.1372ms)
✔ rejects HTTPS userinfo without disclosing the origin (0.1327ms)
✔ rejects HTTPS password without disclosing the origin (0.1366ms)
✔ rejects SSH password without disclosing the origin (0.1054ms)
✔ rejects non-Git SSH user without disclosing the origin (0.1019ms)
✔ rejects SCP userinfo without disclosing the origin (0.0935ms)
✔ rejects SCP prefix not recognized by the runner without disclosing the origin (0.1034ms)
✔ rejects query without disclosing the origin (0.0926ms)
✔ rejects fragment without disclosing the origin (0.0916ms)
✔ rejects extra path without disclosing the origin (0.1337ms)
✔ rejects traversal without disclosing the origin (0.152ms)
✔ rejects dot owner without disclosing the origin (0.1155ms)
✔ rejects dot repository without disclosing the origin (0.1084ms)
✔ rejects empty repository without disclosing the origin (0.1005ms)
✔ rejects encoded path without disclosing the origin (0.0931ms)
✔ rejects backslash without disclosing the origin (0.1369ms)
✔ rejects multiple origins without disclosing the origin (0.1349ms)
✔ rejects oversized origin without disclosing the origin (0.126ms)
✔ reads only the selected checkout origin with bounded, piped Git output (0.2731ms)
✔ Git failure discards message, cause, stdout and stderr without fallback (0.2365ms)
✔ a successful Git read cannot admit a credential-bearing origin (0.2433ms)
✔ imports actual-shaped retained native success and reproducible external rejection as a candidate only (98.6883ms)
✔ old oracle without physical digest remains explicitly weaker and prompt alignment remains unreviewed (87.3227ms)
✔ repeated captures and checker versions of one run do not create independent evidence identities (289.6888ms)
✔ local review digest cannot activate a candidate even with two distinct native runs (187.9472ms)
✔ refuses foreign Corp even with repinned retained files (89.0434ms)
✔ refuses foreign room even with repinned retained files (95.4438ms)
✔ refuses other source even with repinned retained files (83.6107ms)
✔ refuses changed contract source even with repinned retained files (85.6432ms)
✔ refuses missing native checks even with repinned retained files (84.4308ms)
✔ refuses failed test under passed native label even with repinned retained files (82.857ms)
✔ refuses wrong oracle bytes even with repinned retained files (85.5009ms)
✔ refuses wrong resume identity even with repinned retained files (82.3655ms)
✔ refuses wrong resume ancestry even with repinned retained files (91.4912ms)
✔ refuses cancelled run even with repinned retained files (87.9855ms)
✔ refuses substituted before bytes even with repinned retained files (86.3593ms)
✔ refuses unknown checker even with repinned retained files (17.8319ms)
✔ hash pins, duplicate JSON keys and traversal are rejected before candidate output (82.8385ms)
✔ directory redirection and oversized files fail closed (126.3806ms)
✔ exact append handles LF and CRLF without normalizing changed source (0.6569ms)
✔ external rejection cannot be imported when exact output actually passes (81.0746ms)
✔ CLI reads pinned inputs and creates one new corpus without overwriting source files (227.4505ms)
✔ CLI has one aggregate read budget covering the request, corpus, manifests and retained files (245.7556ms)
▶ local stack owned-process and state regression fixtures
  ✔ identity comes from the live process and binds only the explicit workspace (1.6898ms)
  ✔ wrong timestamps, executable, workspace and malformed records fail closed (0.1648ms)
  ✔ a stale creation record aimed at a live synthetic PID cannot stop it (0.1772ms)
  ✔ stopping the verified root leaves its descendant and an unrelated child alive (0.132ms)
  ✔ Start accepts working and log directories containing spaces (0.1303ms)
  ✔ Start treats bracketed log directories as literal paths (0.1233ms)
  ✔ Start treats bracketed working directories as literal paths (0.1173ms)
  ✔ failed-start rollback results preserve the original error and require both success signals (0.1269ms)
  ✔ Start preserves literal arguments, spaces, child-only environment and redacted evidence (0.2608ms)
  ✔ repeated role launches retain earlier logs and allocate unique stdout/stderr files (0.2533ms)
  ✔ extracted Launch preserves ownership on save failure (verified rollback) (0.1721ms)
  ✔ extracted Launch preserves ownership on save failure (unverified rollback) (0.0826ms)
  ✔ v2 state round-trips nested records and read preserves exact bytes (0.0869ms)
  ✔ corrupt, unsupported and differently scoped state is refused without deleting evidence (0.1189ms)
  ✔ state writes reject traversal, sibling-prefix paths and foreign workspace claims (0.0842ms)
  ✔ state writes reject reparse-point parent directories (0.0683ms)
  ✔ a failed atomic replacement preserves old bytes and removes its temporary file (0.2191ms)
  ✔ concurrent synthetic reader observes only complete atomic state generations (0.0917ms)
  ✔ legacy numeric state stays read-only and never authorizes stopping (0.1445ms)
  ✔ cleanup reaps only held synthetic handles and removes only its temporary tree (0.1009ms)
✔ local stack owned-process and state regression fixtures (9535.0802ms)
ℹ PowerShell 7.6.5; 14 synthetic processes reaped; no fixture tree remains
▶ local stack starter source guards
  ✔ starter has no unconditional stop invocation (0.1689ms)
  ✔ starter never passes a database URL as a command argument (0.0896ms)
  ✔ starter forwards the native runner startup-recovery opt-out unchanged (0.0672ms)
  ✔ persisted runner IDs block automatic reenrollment even when offline (0.0684ms)
  ✔ Factory policy paths are canonicalized against the checkout before persistence and launch (0.0613ms)
  ✔ Factory saved connection is retained and passed only as an explicit native option (0.0589ms)
  ✔ live source-ref changes use exact comparison for old and current records (0.0624ms)
  ✔ starter never deletes enrollment or credentials without an explicit reset/rotation guard (0.0575ms)
  ✔ Compose operations are guarded by external-database selection (0.0587ms)
  ✔ stopper does not rediscover or terminate a descendant tree from saved PIDs (0.0578ms)
✔ local stack starter source guards (2969.9255ms)
✔ one checkout serializes commands while another checkout remains usable (5600.3251ms)
✔ explicit restart nesting and failed operations release their native lock (4596.6116ms)
✔ an interrupted command does not leave a stale lock requiring manual cleanup (2882.5563ms)
✔ both supported entrypoints use the same operation boundary (15.7254ms)
✔ reported idle remains idle without a pending request (1.8731ms)
✔ reported starting remains starting without a pending request (0.1451ms)
✔ reported working remains working without a pending request (0.1497ms)
✔ reported blocked remains blocked without a pending request (0.1288ms)
✔ reported reviewing remains reviewing without a pending request (0.1204ms)
✔ reported offline remains offline without a pending request (0.1144ms)
✔ working station "read" projects reading (0.1922ms)
✔ working station "search" projects reading (0.1614ms)
✔ working station " READ " projects reading (0.2264ms)
✔ working station "Search" projects reading (0.2129ms)
✔ working station "test" projects working (0.1092ms)
✔ working station "build" projects working (0.1282ms)
✔ working station "review" projects working (0.1185ms)
✔ working station "research" projects working (0.0775ms)
✔ working station "bread" projects working (0.0636ms)
✔ working station "break" projects working (0.0653ms)
✔ working station "unknown-tool" projects working (0.1061ms)
✔ working station null projects working (0.0622ms)
✔ a stale station does not invent activity for a non-working agent (0.2314ms)
✔ a blocked agent needs an exact current-run approval match (0.1216ms)
✔ an exact current-run pending review is distinct from an action approval (0.1917ms)
✔ unrelated and prior-run pending requests cannot affect the current agent (0.1574ms)
✔ an approval stops affecting an agent as soon as its current run changes (0.1532ms)
✔ null and empty current-run IDs cannot acquire pending request state (0.1217ms)
✔ offline wins even when the recorded current run has both pending requests (0.1076ms)
✔ exact action approval takes precedence over exact review (0.1513ms)
✔ explicit current-run requests do not depend on a blocked display status (0.1143ms)
✔ projection does not mutate agents or request sets or infer state from identity text (0.8841ms)
✔ all eight states have distinct labels and factual descriptions (0.427ms)
✔ roster ordering is stable by ID without mutating the source array (0.2708ms)
✔ renaming or changing activity does not move an existing roster to different seats (0.3103ms)
✔ 0 agents occupy exactly 0 studios without stacked seats (0.2222ms)
✔ 1 agents occupy exactly 1 studios without stacked seats (0.2518ms)
✔ 5 agents occupy exactly 1 studios without stacked seats (0.2023ms)
✔ 6 agents occupy exactly 1 studios without stacked seats (0.2439ms)
✔ 7 agents occupy exactly 2 studios without stacked seats (0.1707ms)
✔ 11 agents occupy exactly 2 studios without stacked seats (0.1679ms)
✔ 12 agents occupy exactly 2 studios without stacked seats (0.1034ms)
✔ 13 agents occupy exactly 3 studios without stacked seats (0.0974ms)
✔ 17 agents occupy exactly 3 studios without stacked seats (0.1386ms)
✔ 18 agents occupy exactly 3 studios without stacked seats (0.1167ms)
✔ 19 agents occupy exactly 4 studios without stacked seats (0.0947ms)
✔ snapshot input reordering preserves page and seat assignment for 18 agents (0.2718ms)
✔ reordering across a partially filled page boundary preserves each agent seat (0.6162ms)
✔ studio dimensions and the six feet anchors match the renderer contract exactly (0.2891ms)
✔ desk access never wraps overflow or invalid indexes onto occupied seats (0.7563ms)
✔ all desk footprints stay above their chairs and never overlap another desk or decor (0.2859ms)
✔ desk 0 has one finite arrival route clear of every workstation (0.3859ms)
✔ desk 1 has one finite arrival route clear of every workstation (0.2065ms)
✔ desk 2 has one finite arrival route clear of every workstation (0.1081ms)
✔ desk 3 has one finite arrival route clear of every workstation (0.1006ms)
✔ desk 4 has one finite arrival route clear of every workstation (0.0965ms)
✔ desk 5 has one finite arrival route clear of every workstation (0.0892ms)
✔ route and desk results do not expose shared mutable layout state (0.1347ms)
✔ pending native review distinguishes invalid artifact paths from invalid artifact IDs (71.6268ms)
✔ pending native intent survives acceptance changes and reviewed adoption replays one exact revision (51.2291ms)
✔ pending intent cannot apply and generic native approval cannot authorize exact feedback (24.4896ms)
✔ reviewed feedback refuses adopter as reviewer before a revision (23.2631ms)
✔ reviewed feedback refuses producer as reviewer before a revision (22.2804ms)
✔ reviewed feedback refuses source requester as reviewer before a revision (21.0843ms)
✔ reviewed feedback refuses rejected decision before a revision (19.3564ms)
✔ reviewed feedback refuses future decision before a revision (25.5275ms)
✔ reviewed feedback refuses decision before intent before a revision (25.0561ms)
✔ reviewed feedback refuses wrong note digest before a revision (23.3384ms)
✔ reviewed feedback refuses extra note prose before a revision (27.0566ms)
✔ reviewed feedback refuses ordinary human gate before a revision (19.5562ms)
✔ reviewed feedback refuses requester exclusion disabled before a revision (18.1637ms)
✔ native approval cannot excuse changed target task (22.658ms)
✔ native approval cannot excuse changed target version (25.3304ms)
✔ native approval cannot excuse changed source commit (19.8346ms)
✔ native approval cannot excuse changed artifact identity (19.2794ms)
✔ native approval cannot excuse changed corpus bytes digest (19.7072ms)
✔ native approval cannot excuse changed selected rule digest (21.0866ms)
✔ native approval cannot excuse changed selected guidance (21.3828ms)
✔ native approval cannot excuse changed adopter identity (20.2559ms)
✔ native approval cannot excuse changed replacement effect (20.0026ms)
✔ native approval cannot excuse changed unknown authority field (20.1366ms)
✔ persisted verifier policy and automated evidence drift invalidate the intent independently of acceptance (57.2556ms)
✔ missing or contradictory native rows and capture drift fail closed (20.5396ms)
✔ reviewed apply rechecks the actual decision and preserves ambiguous outcomes and idempotency (34.8375ms)
✔ reviewed apply rejects altered intent bytes and expired proposal without native effects (21.1994ms)
✔ a changed post-effect review remains uncertain and cannot assert a verified binding (26.2001ms)
✔ review intent time bounds are revalidated during accepted-source reconstruction (20.1265ms)
✔ CLI native-review preparation, exact intent selection and apply keep separate raw and canonical hashes (122.5744ms)
✔ prepare is read-only and exposes the exact reference-only change for review (16.6165ms)
✔ an unprefixed objective stays candidate because native composition would change it (17.4723ms)
✔ native normalization fixed points retain description and objective exactly (24.1843ms)
✔ public identifiers and digest selectors reject coercible arrays and objects before effects (14.9134ms)
✔ time, timeout and trusted routing fields require their declared primitive types (17.7305ms)
✔ apply performs one native revision, preserves authority and never launches (19.0443ms)
✔ typed native file selection pins outer provenance and exact decoded corpus while preserving raw compatibility (32.3989ms)
✔ native typed unknown schema field is refused even with matching outer artifact digest (12.7635ms)
✔ native typed missing native schema field is refused even with matching outer artifact digest (12.4401ms)
✔ native typed coercible version is refused even with matching outer artifact digest (13.3156ms)
✔ native typed unsupported archive form is refused even with matching outer artifact digest (14.5143ms)
✔ native typed wrong base is refused even with matching outer artifact digest (12.6005ms)
✔ native typed wrong verifier is refused even with matching outer artifact digest (15.6381ms)
✔ native typed wrong head is refused even with matching outer artifact digest (14.5685ms)
✔ native typed bundle payload is refused even with matching outer artifact digest (12.6159ms)
✔ native typed patch checksum is refused even with matching outer artifact digest (12.7902ms)
✔ native typed patch noncanonical base64 is refused even with matching outer artifact digest (13.1372ms)
✔ native typed selected hash is refused even with matching outer artifact digest (14.7928ms)
✔ native typed selected byte count is refused even with matching outer artifact digest (15.3216ms)
✔ native typed selected file size bound is refused even with matching outer artifact digest (13.6665ms)
✔ native typed selected base64 is refused even with matching outer artifact digest (12.774ms)
✔ native typed selected symlink is refused even with matching outer artifact digest (16.3131ms)
✔ native typed selected submodule is refused even with matching outer artifact digest (14.3228ms)
✔ native typed selected media is refused even with matching outer artifact digest (13.6775ms)
✔ native typed duplicate path is refused even with matching outer artifact digest (13.8228ms)
✔ native typed case alias is refused even with matching outer artifact digest (12.8271ms)
✔ native typed file directory conflict is refused even with matching outer artifact digest (12.3447ms)
✔ native typed traversal is refused even with matching outer artifact digest (12.6276ms)
✔ native typed absolute path is refused even with matching outer artifact digest (13.1378ms)
✔ native typed Windows stream is refused even with matching outer artifact digest (13.039ms)
✔ native typed Windows device is refused even with matching outer artifact digest (17.3376ms)
✔ native typed trailing dot alias is refused even with matching outer artifact digest (14.1257ms)
✔ native typed coercible entry path is refused even with matching outer artifact digest (12.9319ms)
✔ native typed deleted selection is refused even with matching outer artifact digest (14.1458ms)
✔ typed path selection requires one exact safe file, source role and original outer bytes (18.1982ms)
✔ typed decoded corpus cannot substitute a different well-hashed file or retarget a reviewed proposal (28.8693ms)
✔ typed base64 padding bits are canonical even when permissive decoding preserves the correct bytes (14.2538ms)
✔ same byte-pinned proposal replays its native key without adding guidance or a second revision (21.9881ms)
✔ lost response stays unknown with no automatic retry; exact replay reconciles it (23.0858ms)
✔ an HTTP400 after persistence stays unknown and same-key replay confirms one revision (23.7199ms)
✔ live Corp drift refuses before a request (14.7744ms)
✔ live room drift refuses before a request (18.9765ms)
✔ live mission drift refuses before a request (14.3013ms)
✔ live task drift refuses before a request (15.0164ms)
✔ live run drift refuses before a request (13.518ms)
✔ live actor drift refuses before a request (14.1187ms)
✔ live source commit drift refuses before a request (15.0205ms)
✔ live verifier digest drift refuses before a request (14.0099ms)
✔ live artifact digest drift refuses before a request (13.2371ms)
✔ an accepted receipt with incomplete bounded evidence remains candidate (13.3269ms)
✔ an observed manual gate must retain its native decision and decider (13.3622ms)
✔ missing native corpus evidence or mismatched actual bytes never borrows an unrelated accepted run (14.1062ms)
✔ typed envelopes, missing review bytes and requested independent review remain explicit candidates (14.1964ms)
✔ UTF-8 reference bounds do not silently truncate valid longer advisory guidance (12.5512ms)
✔ changed target ready status cannot be overwritten (15.116ms)
✔ changed target existing run cannot be overwritten (14.7742ms)
✔ changed target contract version cannot be overwritten (14.6954ms)
✔ changed target budget cannot be overwritten (13.9205ms)
✔ changed target verifier cannot be overwritten (15.2788ms)
✔ changed target source cannot be overwritten (14.668ms)
✔ changed target source connection cannot be overwritten (14.1906ms)
✔ changed target tools cannot be overwritten (16.3938ms)
✔ changed target Corp cannot be overwritten (15.5544ms)
✔ changed target room cannot be overwritten (14.8615ms)
✔ changed target origin cannot be overwritten (14.2667ms)
✔ repinned unauthorized proposal changes cannot alter anything except selected references (27.0176ms)
✔ wrong proposal hash, edited corpus/review/receipt, future or expired proposal fails before POST (15.2829ms)
✔ expired selected guidance is not rescued by the remaining proposal lifetime (14.993ms)
✔ expiry crossing during live prechecks is repeated immediately before mutation (15.7541ms)
✔ one total operation deadline cannot be renewed by a slow target precheck (229.9511ms)
✔ duplicate-key or reformatted proposal JSON cannot masquerade as the prepared byte representation (15.9178ms)
✔ source drift after successful mutation is accurately retained as applied (16.1975ms)
✔ source access loss after mutation is never mislabeled refusal-before-effects (15.9944ms)
✔ an HTTP error after a request is unknown without transaction-stage evidence and is not retried (16.3123ms)
✔ a contradictory successful response or changed native readback stays unknown (15.5622ms)
✔ exact native target projection refuses filtered context and preserves whole scope (12.2337ms)
✔ file input requires selected exact bytes and fails closed on an oversized or malformed input (29.6264ms)
✔ feedback file reads accumulate short native reads before validating bytes (6.1527ms)
✔ feedback file truncate during short reads fails without a hash pin (5.0902ms)
✔ feedback file grow during short reads fails without a hash pin (5.7377ms)
✔ CLI preparation writes new review artifacts and an existing apply receipt refuses before network or effects (60.1194ms)
✔ CLI exits nonzero for refused adoption while preserving its JSON receipt (191.389ms)
✔ CLI typed prepare explicitly selects the native file and apply has no path override (49.187ms)
✔ retained native candidate cannot become saved-task guidance or a native revision (23.0771ms)
✔ forged locally activated native evidence cannot become saved-task guidance or a native revision (18.9849ms)
✔ native evidence mixed into an activated typed artifact cannot become saved-task guidance or a native revision (24.9252ms)
✔ receipt whitelists metadata and distinguishes persisted acceptance from optional verifier digests (7.0386ms)
✔ native runner, model and ref metadata preserves valid punctuation, spaces, Unicode and UTF-8 limits (3.377ms)
✔ native metadata keeps bounded invalid text and malformed source tuples out of receipts (14.8774ms)
✔ native source identity accepts uppercase hexadecimal commits and full bounded repository components (0.6488ms)
✔ published native refs and native MIME token punctuation are observed without a custom identifier alphabet (0.9131ms)
✔ historical evidence never borrows the current task verifier policy count (1.5884ms)
✔ conflicting or invalid run-bound check counts remain unknown (2.7425ms)
✔ missing and duplicate check indices cannot establish completeness; malformed indices fail (0.9241ms)
✔ receipt rejects mismatched run Corp (0.3748ms)
✔ receipt rejects mismatched task Corp (0.3366ms)
✔ receipt rejects mismatched mission Corp (0.2074ms)
✔ receipt rejects mismatched room Corp (0.1555ms)
✔ receipt rejects mismatched exact actor (0.1805ms)
✔ receipt rejects mismatched exact room (0.1842ms)
✔ receipt rejects mismatched exact mission (0.1479ms)
✔ receipt rejects mismatched evidence task (0.1854ms)
✔ receipt rejects mismatched event room (0.1838ms)
✔ receipt rejects mismatched partial source (0.1446ms)
✔ current-run rejects later same-task runs and tied times, retaining nanosecond ordering (0.9148ms)
✔ typed resume lineage requires same task and producer, and records unavailable ancestors honestly (1.8317ms)
✔ exact recovery count is run-bound; private policy and notes are omitted (0.6316ms)
✔ published-result binds its exact source artifact and hashes opaque source revisions (0.5812ms)
✔ published-result accepts an exact historical publication despite a later same-task run (0.7684ms)
✔ published-result refuses mismatched Factory mission (0.3152ms)
✔ published-result refuses mismatched deliverable task (0.2444ms)
✔ published-result refuses mismatched deliverable source base (0.2034ms)
✔ published-result refuses mismatched run deliverable digest (0.1808ms)
✔ published-result refuses mismatched publication run (0.1672ms)
✔ published-result refuses mismatched provenance mission (0.2787ms)
✔ published-result refuses mismatched provenance source issue (0.1952ms)
✔ published-result refuses mismatched provenance target (0.2208ms)
✔ published-result refuses mismatched recorded PR head (0.2662ms)
✔ published-result refuses mismatched recorded PR repository (0.2106ms)
✔ published-result refuses mismatched recorded PR provenance (0.2608ms)
✔ byte verification rejects tampering and each missing or conflicting native response boundary (1.2333ms)
✔ receipt validator rejects extra content, contradictory acceptance, and mixed origin/artifact roles (3.5468ms)
✔ fingerprint tolerates observation timestamps and detects selected source, contract and artifact drift (2.3268ms)
✔ compiled native MCP export performs two captures and downloads only selected-origin artifact IDs (648.6997ms)
✔ artifact retention selection is bounded before reading host configuration (0.7565ms)
✔ compiled native evidence retains only explicitly selected verified bytes and preserves public receipt schema (375.2171ms)
✔ compiled native evidence rejects an unowned artifact selection before any artifact download (63.8908ms)
✔ compiled native evidence never returns retained bytes from a tampered artifact or changed source (191.8812ms)
✔ compiled native exporter keeps opaque runner/model/ref metadata out of every request route (126.5019ms)
✔ compiled native export rejects state drift during its artifact read (122.6818ms)
✔ compiled native export rejects mismatched context before downloading artifacts (62.1847ms)
✔ compiled native export refuses artifact redirects without forwarding credentials (71.794ms)
✔ compiled native export rejects oversized bodies and withholds HTTP error content (120.4549ms)
✔ compiled native export bounds a stalled exact-context body by its whole-operation timeout (1015.9327ms)
✔ receipt CLI writes a create-only metadata file and a compact redacted summary (634.4105ms)
✔ owned server requires matching executable, creation, endpoint, and workspace (3.8408ms)
✔ manual, remote, stale, or non-owned manifests never authorize restart (0.9409ms)
✔ Windows retains legacy timestamp tolerance and case-insensitive paths (0.4901ms)
✔ legacy Windows identity callers remain supported without weakening explicit checks (1.5236ms)
✔ Linux requires the exact boot/PID/start-tick, executable, cwd/root, and socket binding (3.1358ms)
✔ Linux rejects malformed, legacy-Windows, and changed receipts (0.9333ms)
✔ every existing manual port remains denied on Windows and Linux and all loopback hosts (1.2185ms)
✔ remote, credentialed, missing-port, and malformed-scope endpoints fail closed (0.822ms)
✔ only a complete scoped JSON object is a process receipt (0.8156ms)
✔ proc stat parses the final comm parenthesis and preserves 64-bit start ticks (1.1732ms)
✔ proc stat rejects wrong PID, truncated fields, malformed state, and invalid ticks (0.6193ms)
✔ Linux listener proof intersects the exact port and LISTEN state with PID-owned inodes (1.5282ms)
✔ malformed or unavailable proc network input supplies no ownership authority (0.6204ms)
✔ artifact recovery overrides are child-only and match native numeric bounds (0.7875ms)
✔ probe requires explicit scope and forwards only its scoped credential environment (3.2538ms)
✔ probe summary contains collection counts, never snapshot data or private paths (0.5455ms)
✔ probe permits HTTP only for normalized canonical loopback origins and requires HTTPS elsewhere (7.9283ms)
✔ recovery probe reports only native metadata and never infers missing capability or exposes policy (0.8196ms)
✔ recovery probe rejects malformed work-item IDs before spawning any gateway (0.7103ms)
✔ compiled recovery probe rejects impossible native numeric metadata and preserves exhausted authority (432.4595ms)
✔ compiled recovery tool makes exactly the selected authorized GET in both modes (119.9776ms)
✔ compiled recovery probe selects one context without reading the broad snapshot or exposing private fields (70.5538ms)
✔ compiled recovery tool refuses malformed IDs, extra scope or effect arguments before HTTP (110.5378ms)
✔ compiled recovery tool rejects mismatched Corp or work-item responses (220.064ms)
✔ compiled recovery probe preserves authorization and not-found failures without private diagnostics (176.2603ms)
✔ compiled recovery inspection never follows redirects in either gateway mode (109.966ms)
✔ compiled recovery inspection caps HTTP bodies even in the legacy write-capable gateway mode (107.8388ms)
✔ compiled read-only MCP completes the real stdio handshake and makes only one scoped GET (58.0184ms)
✔ compiled MCP ignores notifications and denies mutating calls before HTTP while preserving the default catalog (109.0694ms)
✔ compiled MCP keeps malformed omitted-ID objects silent and effect-free (read-only) (58.2792ms)
✔ compiled MCP keeps malformed omitted-ID objects silent and effect-free (unrestricted) (55.6844ms)
✔ compiled probe withholds API error content and enforces its whole-probe timeout (1070.1072ms)
✔ compiled read-only inspection rejects redirects without contacting a second origin (118.866ms)
✔ compiled read-only startup requires every routing variable before serving even initialization (206.3197ms)
✔ compiled read-only flag rejects command-line tokens (split option, CLI only) (56.9697ms)
✔ compiled read-only flag rejects command-line tokens (split option, CLI plus environment) (59.3195ms)
✔ compiled read-only flag rejects command-line tokens (equals option, CLI only) (57.5373ms)
✔ compiled read-only flag rejects command-line tokens (equals option, CLI plus environment) (48.4743ms)
✔ compiled read-only flag accepts only the environment token and exposes the restricted catalog (55.2414ms)
✔ compiled read-only environment rejects command-line tokens (split option, CLI only) (54.2088ms)
✔ compiled read-only environment rejects command-line tokens (split option, CLI plus environment) (53.5136ms)
✔ compiled read-only environment rejects command-line tokens (equals option, CLI only) (51.7924ms)
✔ compiled read-only environment rejects command-line tokens (equals option, CLI plus environment) (50.4173ms)
✔ compiled read-only environment accepts only the environment token and exposes the restricted catalog (61.3917ms)
✔ compiled unrestricted MCP preserves legacy CLI token precedence (split option) (111.2386ms)
✔ compiled unrestricted MCP preserves legacy CLI token precedence (equals option) (110.7839ms)
✔ compiled native read-only HTTP body rejects oversized declared length before end (200) (56.9871ms)
✔ compiled native read-only HTTP body rejects streamed overflow before end (200) (91.006ms)
✔ compiled native read-only HTTP body rejects oversized declared length before end (403) (54.5083ms)
✔ compiled native read-only HTTP body rejects streamed overflow before end (403) (100.3746ms)
✔ compiled native HTTP body accepts the inclusive read-only limit and preserves unrestricted transport (638.5013ms)
✔ compiled native HTTP body preserves small successful and error response behavior (337.603ms)
✔ withholds all six source ACKs for each of two native automatic attempts (3.5882ms)
✔ holds all quality ACK duplicates to the same 8-second deadline, preserving bytes (1.1378ms)
✔ gameplay and integration pass source ACKs unchanged (0.3775ms)
✔ native resume passes ACKs and does not consume a third automatic attempt (0.294ms)
✔ non-source ACK, heartbeat, credential rotation, approval and lifecycle are opaque passthrough (0.5283ms)
✔ rejects foreign or unproven run, Corp and hash before fault decisions (1.0063ms)
✔ assignment rebinding cannot swap a different task, scope or command kind (1.5329ms)
✔ late-ACK release sends one exact original old-run frame once without retagging (0.5728ms)
✔ refuses manual-stack, wrong-repository and missing opt-in config (1.5249ms)
▶ real loopback WebSocket wiring: native schema, ordered forwarding, reconnection and redaction
  ▶ isolated concurrent fixture 1
    ✔ synthetic endpoints require live ownership without relaxing config guards (9.309ms)
    ✔ persisted owner/name schema binds and stop cannot overtake a pending assignment (62.9826ms)
    ✔ upload byte transparency, ACK withholding and metadata non-disclosure (52.0529ms)
    ✔ a stale snapshot/close callback cannot bind, send or close the replacement connection (164.7708ms)
  ✔ isolated concurrent fixture 1 (729.4954ms)
  ▶ isolated concurrent fixture 2
    ✔ synthetic endpoints require live ownership without relaxing config guards (12.5809ms)
    ✔ persisted owner/name schema binds and stop cannot overtake a pending assignment (62.3901ms)
    ✔ upload byte transparency, ACK withholding and metadata non-disclosure (52.2475ms)
    ✔ a stale snapshot/close callback cannot bind, send or close the replacement connection (167.0448ms)
  ✔ isolated concurrent fixture 2 (405.5781ms)
✔ real loopback WebSocket wiring: native schema, ordered forwarding, reconnection and redaction (730.8219ms)
✔ relocated doctor checks declared tools through native version commands without leaking ambient secrets or installing (1149.3911ms)
✔ wrong node version produces a failing CLI result (1085.314ms)
✔ wrong pnpm version produces a failing CLI result (1059.906ms)
✔ wrong rustc version produces a failing CLI result (1031.8528ms)
✔ wrong cargo version produces a failing CLI result (1026.0237ms)
✔ missing package manager fails without falling back to another host command (861.2237ms)
✔ failed component probes suppress raw stdout and stderr (1060.7498ms)
✔ unrecognized version output is rejected without echoing the command response (1024.5213ms)
✔ an unavailable pinned rustup toolchain fails instead of installing or selecting stable (1043.0359ms)
✔ already selected direct Rust binaries can be verified without rustup (1042.3359ms)
✔ invalid .node-version declaration fails before any command runs (version) (155.8568ms)
✔ invalid package.json declaration fails before any command runs (version) (153.1907ms)
✔ invalid rust-toolchain.toml declaration fails before any command runs (floating Rust) (154.0634ms)
✔ invalid rust-toolchain.toml declaration fails before any command runs (component) (159.9104ms)
✔ unsupported CLI arguments fail before probing tools (150.085ms)
ℹ tests 1253
ℹ suites 0
ℹ pass 1253
ℹ fail 0
ℹ cancelled 0
ℹ skipped 0
ℹ todo 0
ℹ duration_ms 50470.5824
