$ node --test --test-concurrency=2 --test-timeout=180000 "apps/web/src/**/*.test.mjs" "tools/*.test.mjs"
✔ editor preserves its accessible control names, preview hook, and all six check choices (50.7482ms)
✔ switching check types resets their incompatible fields and retains the rest of the policy (10.9259ms)
✔ every check-field callback retains the selected variant and unchanged checks (20.173ms)
✔ adding and removing checks preserves tab selection, including external policy shrink and the empty state (24.0663ms)
✔ the 16-check add button limit and oversized-policy feedback are retained (16.0806ms)
✔ manual-gate transitions retain default role ordering, requester exclusion, and explicit removal (12.241ms)
✔ preview keeps exact check order, manual-role labels, heading overrides, and requester-exclusion guidance (2.3277ms)
✔ Factory exact-run navigation replaces a remembered newer outcome before mission remount (3.83ms)
✔ run navigation ignores the duplicate activity marker in a hidden Factory tab (13.3819ms)
✔ artifact navigation chooses its exact producer while mission-only navigation preserves the current choice (1.1318ms)
✔ unavailable run/task/mission cannot overwrite remembered evidence or open another run (2.0919ms)
✔ storage failure or obsolete viewer fails closed before navigation (3.2665ms)
✔ explicit navigation writes only the selected viewer scope and only the run identity (1.427ms)
✔ reload keeps the decided run instead of the other pending review or a newer worker (2.8273ms)
✔ remembered evidence is scoped to the API server, Corp, actor and mission (0.7108ms)
✔ missing remembered work never silently substitutes another visible review (0.3955ms)
✔ unreadable or malformed stored context requires explicit selection, not the next review (0.719ms)
✔ a first visit is distinct from unreadable history; failed writes do not throw (0.3824ms)
✔ only the selected run ID is stored; reviews and authority never enter browser persistence (1.2292ms)
✔ MissionCard scopes remounts, pins initial evidence and fails closed when persistence fails (14.6057ms)
✔ issue210 only the explicit server flag adds correction to a native checkpoint (2.6585ms)
✔ issue210 verifier availability is independent of correction and missing availability preserves legacy behavior (1.1227ms)
✔ issue210 revision source is the exact server-selected verifier, with no cross-item fallback (0.5806ms)
✔ only native proof plus its cancellation marker exposes source-only checkpoint verification (0.2697ms)
✔ a running checkpoint needs no cancellation repair, and ordinary verification failure stays compatible (0.3155ms)
✔ missing/tampered source, checkpoint, head, active recovery or terminal outcome offers no new recovery (0.3906ms)
✔ context requests are not recovery grants and never depend on inferred mission spend/status (0.2754ms)
✔ copied command binding retains the saved connection and never falls back on malformed metadata (0.3142ms)
✔ actual presentation selects the endpoint source, not the newest visible run or mission cancellation (115.5842ms)
✔ issue210 presentation separates provider-free verification from a budgeted same-session fix (25.4597ms)
✔ issue210 source-only and unavailable checkpoint presentations never suggest generic recovery (35.7481ms)
✔ actual context loader is GET-only and admits the exact item/version/mission checkpoint (46.2839ms)
✔ actual context loader rejects stale/cross-scope and malformed flags without snapshot fallback (174.708ms)
✔ issue210 actual loader accepts boolean correction flags and defaults missing legacy authority closed (49.8853ms)
✔ issue210 exact loader retains true, false and missing checkpoint availability without granting another mode (45.224ms)
✔ actual UI action copies only explicit checkpoint verification with the original scope/connection (167.295ms)
✔ issue210 actual correction action retains the original CLI route, source and connection (296.214ms)
✔ issue210 actual card drops correction authority immediately when item, version or actor changes (283.5113ms)
✔ issue210 actual contract submission uses the scoped verifier, not its provider ancestor (45.6407ms)
✔ issue210 editor loading, errors, stale context and denied correction cannot fall back or submit (274.6703ms)
✔ issue210 ordinary contract resume, redispatch and requester/role boundaries stay intact (97.7137ms)
✔ issue210 actual source-only context copies correction and revises the exact verifier; no-mode context does neither (182.9602ms)
✔ actual resume handler and rendered provider control respect native recovery blocking (7.7807ms)
✔ actual App Resume control survives an ineligible ordinary Factory recovery lookup and uses the native actor-bound POST (238.2389ms)
✔ issue221 explicit provider-correction permission permits null head without granting checkpoint or generic resume (1.0228ms)
✔ issue221 actual context reader retains null head/current provider proof and malformed heads remain non-actionable (328.6267ms)
✔ issue221 actual copy/revision actions use only source correction for the latest failed provider with null head (251.5649ms)
✔ wrong-first legacy Project 174 cannot displace the selected live lab controller (2.2451ms)
✔ every Project/repository/Corp component must match, even with an active-item pointer (0.3271ms)
✔ GitHub owner/repository case and surrounding whitespace normalize independently (0.2205ms)
✔ missing/malformed scope is neutral rather than an empty-scope match (0.2478ms)
✔ the exact active item wins among live controllers in the same scope (0.2567ms)
✔ a current live scope match wins over a stale offline active-item pointer (0.2563ms)
✔ with only offline matches, retain the exact item rather than crossing scope (0.1852ms)
✔ without an item, prefer useful live intake in the current Corp (0.3306ms)
✔ empty/no-match and unavailable explicit selections never borrow another controller (0.3498ms)
✔ heartbeat freshness and stable ID break ties without using array order or mutating inputs (1.4138ms)
✔ snapshot refresh and selected scope changes return the exact new ID/version object (0.2712ms)
✔ the actual FactoryPanel resolver feeds displayed state and both action callbacks (20.6461ms)
✔ the actual component guards controller actions, retains role gating and passes the same callback (13.7ms)
✔ the actual API action handler targets the resolved controller ID and version for all actions (67.8278ms)
✔ the production handler preserves the existing ID-scoped idempotency/version on a lost response (27.2904ms)
✔ primary_rate_limit has a reader-facing reason and an automatic future retry (24.4005ms)
✔ secondary_rate_limit has a reader-facing reason and an automatic future retry (0.8216ms)
✔ graphql_quota has a reader-facing reason and an automatic future retry (0.816ms)
✔ github_unavailable has a reader-facing reason and an automatic future retry (1.4651ms)
✔ quota, cost and timestamps come from the snapshot, not derived or default budgets (1.061ms)
✔ equivalent offset timestamps have the same local retry time and boundary (1.0126ms)
✔ at or after the retry deadline, waiting is not presented as a successful retry (1.1941ms)
✔ zero remaining, limit, query cost and failures remain real zeros (0.6376ms)
✔ paused desired state wins without rewriting controller health or promising a retry (1.6966ms)
✔ offline health wins over polling metadata, including an elapsed retry (1.1791ms)
✔ paused and offline together retain both conditions and existing paused precedence (0.6561ms)
✔ absent legacy polling leaves the old strip intact and never fabricates a wait (0.221ms)
✔ missing or malformed backoff data is unavailable, never zero or an invented deadline (0.3855ms)
✔ invalid values are not coerced to numbers or dates and unknown reasons are not rendered raw (1.7753ms)
✔ partial quota data preserves observed zeros while missing fields remain unavailable (0.3056ms)
✔ healthy telemetry does not infer a backoff from a zero quota or failure count (0.4295ms)
✔ UI integration remains read-only, accessible, and uses existing controller controls (15.3525ms)
✔ line normalization preserves argument boundaries, literal punctuation, and duplicate values (2.5601ms)
✔ role entry supports commas and CRLF without silently deduplicating or authorizing roles (0.4331ms)
✔ mission projection retains exact task, runner and human control attribution (3.8246ms)
✔ foreign tasks and same-ID foreign-Corp runners cannot supply collaboration state (0.307ms)
✔ offline retains work without advertising live control or termination (0.4021ms)
✔ connecting retains work without advertising live control or termination (0.4737ms)
✔ a failed snapshot refresh retains exact work without advertising live controls (0.3701ms)
✔ invalid snapshot receipt NaN cannot advertise live controls (0.2847ms)
✔ invalid snapshot receipt Infinity cannot advertise live controls (0.1939ms)
✔ invalid snapshot receipt 0 cannot advertise live controls (0.1892ms)
✔ invalid snapshot receipt -1 cannot advertise live controls (0.2853ms)
✔ expired/malformed lease 2026-09-16T11:59:00Z cannot claim a controller (0.4702ms)
✔ expired/malformed lease 2026-09-16T12:00:00Z cannot claim a controller (0.2048ms)
✔ expired/malformed lease bad cannot claim a controller (0.1385ms)
✔ verifying has recorded evidence but no provider controls (0.2389ms)
✔ completed has recorded evidence but no provider controls (0.1619ms)
✔ lost has recorded evidence but no provider controls (0.1549ms)
✔ cancelled has recorded evidence but no provider controls (0.1283ms)
✔ a provider-free run and a superseded agent assignment expose no live controls (0.2581ms)
✔ runner grace and offline remain distinct; neither supplies human presence (0.2354ms)
✔ review links bind exact run/task and explain role and requester exclusion (0.3501ms)
✔ missing and historical identities never become fabricated named owners or current controllers (0.2207ms)
✔ draft cache survives surface remounts but never crosses Corp/actor/room/mission (1.787ms)
✔ actual component navigation only requests exact context; rendering sends no commands (14.909ms)
✔ actual disconnected component retains readable evidence with an explicit warning (1.8703ms)
✔ actual failed-refresh component distinguishes stale data from a disconnected transport (1.8554ms)
✔ actual component rejects missing receipt freshness and restores controls after a successful refresh (6.0013ms)
✔ App preserves main snapshot metadata and exact-run navigation while passing numeric receipt freshness (4.4834ms)
✔ App embeds existing scoped discussion and pins evidence before exact-run navigation (4.9465ms)
✔ late completion notifies remounted composers without clearing a newer or same-text draft (0.5837ms)
✔ late operation acknowledgment cannot clear a replacement idempotency key (159.9079ms)
✔ actual App selection never substitutes another mission after the selected record disappears (98.8832ms)
✔ actual briefing navigation has a visible destination for legacy empty descriptions (61.2024ms)
✔ verification checks do not change launch intent (1.2433ms)
✔ review navigation cannot turn its click into a form submission (0.226ms)
✔ ordinary application setup cannot silently fall back to the fake runtime (0.5597ms)
✔ composer uses two clear steps and starts with an empty goal (0.2349ms)
✔ advanced settings and detailed requirements are optional disclosures (0.8593ms)
✔ closing setup preserves the draft and returns to existing mission context (0.9507ms)
✔ explicit links to existing work reveal it without erasing an open draft (0.7032ms)
✔ native creation and explicit held-plan behavior remain unchanged (0.3788ms)
✔ review keeps the exact source and current server-derived allocation visible (0.5526ms)
✔ scope requires four explicit bounded identities and cannot mutate after submission (2.894ms)
✔ current origin binds the exact view instance, not just equal IDs (0.5392ms)
✔ read issues exactly one encoded, uncached GET with cancellation and no body (11.8759ms)
✔ Direct accepts only exact returned linkage and drops unexpected hidden fields (1.4366ms)
✔ Factory retains only the validated work item, repository, issue number and exact URL (86.391ms)
✔ all four response identities must echo the bound request exactly (25.8532ms)
✔ missing, malformed and older origin responses never become Direct (2.2197ms)
✔ Factory fields are required and null or missing metadata is never partly accepted (2.075ms)
✔ Factory rejects invalid work-item identities, repository paths and issue numbers (2.5213ms)
✔ only the raw HTTPS GitHub issue URL matching returned repository and number is accepted (2.6956ms)
✔ mixed-case owner/repository URLs match normalized identity and retain display case (1.1562ms)
✔ valid case-preserving repositories and positive safe issue numbers remain verbatim (0.5777ms)
✔ old endpoints, denied authorization and transport failures stay unavailable without raw errors (1.1648ms)
✔ a synchronous API failure is contained and clears the read timer (0.7797ms)
✔ timeout aborts an unsettled read and suppresses both late success and late failure (0.928ms)
✔ a settled success or failure cannot be overwritten by an already queued timeout (0.5415ms)
✔ cancellation before the scheduled read prevents even the GET (0.6768ms)
✔ in-flight cancellation ignores transports that resolve or reject after abort (0.7779ms)
✔ component reads once for a valid view and renders truthful Direct copy in one styled paragraph (13.5692ms)
✔ component links only a fully validated Factory response, not extra returned fields (2.7138ms)
✔ all four operating roles may read; guests, spectators and unknown roles never request context (11.2778ms)
✔ invalid or absent scope props render the conservative fallback without requesting (11.1994ms)
✔ failed exact reads preserve #185 positive or unknown fallback without inventing links or hiding failure (9.96ms)
✔ a failed origin lookup can be retried explicitly without changing the work identities (4.8208ms)
✔ Corp, actor, room and mission changes hide old success and errors before effect cleanup (12.6193ms)
✔ late success and errors from a replaced request cannot update the current component (10.8743ms)
✔ leaving and returning to identical IDs cannot revive an earlier success or failure (3.7764ms)
✔ same-ID reopened pending requests ignore the original response and error after current denial (2.9461ms)
✔ a guest transition revokes displayed source data and returning operators must read again (1.9328ms)
✔ operating-role and API changes also invalidate old privileged context (1.8237ms)
✔ unmount cancels the read and a fresh mount with identical IDs cannot inherit its outcome (2.3634ms)
✔ one builder preserves the complete current creation payload and retained settings (3.0335ms)
✔ provider defaults, supported reasoning and commit-branch semantics match submission (1.2711ms)
✔ existing deterministic fixture semantics are not converted into provider settings (0.2691ms)
✔ scope freezes the exact serialized body and rejects an actor mismatch (0.5811ms)
✔ every request field, Corp and actor invalidate an earlier quote (0.8577ms)
✔ preview debounces, uses the exact creation body, and calls only the read-only preview POST (9.5544ms)
✔ an edit or closing the composer before debounce starts no request (0.4178ms)
✔ an invalidated request is aborted and cannot publish a late successful quote (1.828ms)
✔ late errors after actor/Corp change or unmount cannot replace the new preview (1.1024ms)
✔ editing away and back still requires a fresh request, not a revived quote (1.1016ms)
✔ allocations are displayed verbatim from the server, not a frontend Studio formula (0.97ms)
✔ missing or mismatched quote fields never become a current allocation (1.823ms)
✔ an absent preview endpoint gives a useful failure state without inventing allocations (1.1816ms)
✔ preview response is bounded to eight tasks without reallocating server budgets (1.1987ms)
✔ unknown, self, duplicate and oversized dependency references remain unknown allocations (1.1034ms)
✔ retry clears an old failure immediately and can accept a fresh quote (2.193ms)
✔ timeout clears the quote, aborts the request and ignores a late response (0.8457ms)
✔ App shares the request body, invalidates keyed preview instances and retains native Launch (5.3454ms)
✔ mission selection and Discuss use the authoritative non-first owning room (1.93ms)
✔ mission, task, run and artifact deep links resolve to the same owning room (0.4366ms)
✔ an explicit room deep link and all-discussion view stay in that room (0.2955ms)
✔ stale, missing and older mission/room projections never fall back to the first room (1.4189ms)
✔ related work is limited to the selected room and mission, not a fixed item count (1.883ms)
✔ messages are room-filtered before mission links and out-of-order reply ancestry (0.8254ms)
✔ valid room, mission and inherited reply submissions retain the same scope (0.7934ms)
✔ stale actor, Corp, room and mission scopes cannot submit or complete a newer draft (0.3819ms)
✔ a disappearing mission or owning room fences previously valid submissions (0.3988ms)
✔ foreign, missing or stale links and replies cannot silently become general comments (0.7451ms)
✔ guest-shaped and missing Factory projections do not establish Direct origin (0.6608ms)
✔ a mission older than the 500-item Factory window remains origin-unknown (0.4272ms)
✔ a positively matched visible Factory item retains its issue attribution (0.1811ms)
✔ known publication/recovery linkage is generic when intake details are unavailable (0.5077ms)
✔ projection helpers preserve the authoritative input and do not retain hidden origin data (0.3593ms)
✔ the UI uses the tested projection and submission helpers on both discussion entry paths (15.245ms)
✔ scope requires every explicit identity and repository and freezes the view generation (3.6876ms)
✔ the exact scope object, not equal IDs or a prior A -> B -> A view, selects the load (0.4987ms)
✔ one encoded GET is uncached, abortable and body/header/credential free (7.9029ms)
✔ published DTO retains only bound result metadata and leaves raw input untouched (1.5634ms)
✔ only explicit null publication in a correctly scoped response is known absence (2.5922ms)
✔ item and publication scope mismatches never expose links or known absence (6.5661ms)
✔ publication source issue matches the work item without equating authorizer, revisions or checkpoint generations (1.367ms)
✔ publication and artifact identity tuples plus full digests must all match (2.9673ms)
✔ missing, duplicate and unrelated-first deliverables cannot substitute a result (1.2419ms)
✔ native provenance identity, source/target branches and digests are checked without retaining authority (4.3643ms)
✔ raw GitHub PR URLs allow native slash suffixes but retain exact repository and number checks (3.9467ms)
✔ owner/repository display case is preserved while full hex values compare by bytes (0.6007ms)
✔ PR state, exact head, owner, recorded metadata and phase cannot contradict each other (1.8937ms)
✔ download metadata rejects controls, external/native paths, malformed hashes and invalid sizes (12.7492ms)
✔ pending, PR-created, published and failed publication are distinct without claiming a live app (1.6231ms)
✔ only a different valid pinned run is a mismatch; same-run contradictions stay unavailable (0.6877ms)
✔ loading, denied and stale contexts cannot become a result or known absence (0.4983ms)
✔ denials, missing endpoints and sync/async transport failures stay unavailable without raw errors (1.0349ms)
✔ timeout aborts and suppresses late successes and failures without retries (0.8471ms)
✔ queued timeout callbacks cannot overwrite a settled success, absence or denial (0.6374ms)
✔ cancellation before start issues no GET; in-flight cancellation publishes no late data (0.6032ms)
✔ new same-ID generation remains unavailable after denial despite a prior response completing later (0.4773ms)
✔ requester summary does not ask for a forbidden independent decision (3.5653ms)
✔ wrong-role summary explains the existing role requirement (1.96ms)
✔ eligible independent reviewer keeps the review invitation (2.1846ms)
✔ human gate without requester exclusion still allows the requester (1.8728ms)
✔ completed result does not inherit a pending-review restriction (1.8534ms)
✔ fresh human-only bootstrap can select a runner runtime before any crew exists (3.523ms)
✔ retired and legacy identities neither enable nor suppress advertised runtimes (0.5046ms)
✔ studio requires the exact selected source on a connected runner, not another repository (0.674ms)
✔ source repository and commit matching are case-insensitive but ref matching is exact (0.3532ms)
✔ unavailable runtimes and non-runtime capabilities are not mission options (1.5247ms)
✔ catalog merging prefers an enabled model without changing the source snapshot (0.729ms)
✔ unscoped status and crew include ready connection-bound runtimes, but dispatch keeps its exact binding (1.1246ms)
✔ studio always selects Copilot even when another runtime was requested (0.2578ms)
✔ studio does not fall back to another provider or an unavailable Copilot runtime (0.5167ms)
✔ solo selection and deterministic fixtures retain their runtime contracts (0.3337ms)
✔ a disappearing explicit runtime cannot silently switch provider with stale model settings (0.1677ms)
✔ studio uses enabled Copilot model settings or an explicit provider default (0.2537ms)
✔ fixtures ignore hidden provider model settings (0.1252ms)
✔ normal UI bootstrap opts out of seeded crew without changing fixture tooling (13.8753ms)
✔ runtime character descriptors match the shipped manifest, PNG dimensions, and original file bytes (27.6305ms)
✔ named characters and stable worker identities retain their appearance across reordered snapshots (0.8544ms)
✔ numeric roster positions wrap without producing missing characters, and invalid numbers use the default (0.2967ms)
✔ walking uses the original three poses in a 0,1,2,1 cycle at the 150ms boundaries (0.5285ms)
✔ idle, typing, reading and facing use the actual source-sheet rows and columns (0.3511ms)
✔ invalid or negative animation time selects the first pose without invalid source coordinates (0.268ms)
✔ every animation and direction remains inside a real sheet after long-running animation (0.6617ms)
✔ default floor distinguishes connected workers from offline and test registrations (2.4538ms)
✔ omitted and null retirement fields keep legacy and mission identities available (0.2124ms)
✔ every non-null retirement excludes an identity regardless of pin, date, or reported work (0.3948ms)
✔ retired identity remains resolvable in the unmodified historical snapshot (1.3475ms)
✔ retiring the selected agent falls back to current crew, including the empty-roster case (0.3219ms)
✔ pagination filters retirement before assigning seats without mutating order (0.5431ms)
✔ idle does not become working or reviewing from a stale station or pending run request (0.3469ms)
✔ working and blocked status still derive from exact server state and current-run requests (0.1817ms)
✔ #154: a selected worker on a later studio is located on initial mount and selection changes (0.4405ms)
✔ #154: studio lookup follows retirement repagination, not stale seat indexes (0.5296ms)
✔ #154: manual paging survives snapshots, but another selected agent resets page and zoom (0.5359ms)
✔ #154: retirement moving the selected agent to a different page resets the camera (0.2304ms)
✔ #154: mounting or remounting the same starting run never fabricates an arrival (0.205ms)
✔ #154: only an observed new active run can animate once, and reduced motion wins (0.2931ms)
✔ #154: blocked work takes recovery priority over both idle and ordinary active work (0.5288ms)
✔ #154: exact approvals keep priority, and only an unblocked empty floor offers new work (0.2029ms)
✔ history inspectors retain the full snapshot while the floor uses current identities (16.6828ms)
✔ Factory activity prioritizes the exact outcome review, then tool approval, before newer work (3.0195ms)
✔ selection ignores terminal, denied and foreign tool approvals without inventing a run (0.5182ms)
✔ terminal runs cannot become reviewable or active from dangling pending decision records (20.7172ms)
✔ live task, agent, control, timestamps and safe activity come from one scope without mutation (1.3539ms)
✔ a stale Running intake never claims that a cancelled provider is active (1.0737ms)
✔ pending exact-run outcome review is distinct from an active provider and completion (0.8476ms)
✔ tool authority and unavailable decision context do not become outcome approval (2.0863ms)
✔ a completed run is not automatically a completed mission or published application (0.7496ms)
✔ retained data cannot claim current execution: {"connection":"offline"} (0.8228ms)
✔ retained data cannot claim current execution: {"connection":"connecting"} (1.0405ms)
✔ retained data cannot claim current execution: {"snapshotFailed":true} (0.5602ms)
✔ retained data cannot claim current execution: {"snapshotReceivedAt":null} (2.4118ms)
✔ grace, offline and wrong-Corp runner records cannot establish provider liveness (1.4448ms)
✔ runner loss and uncertain teardown remain unknown until a positive termination receipt (1.1046ms)
✔ verifier-only runs never appear as a running model (0.5759ms)
✔ quarantine and protected stops stay prominent even with stale transport (1.4049ms)
✔ failed verification, cancelled work and unknown execution modes remain explicit (0.9977ms)
✔ missing, duplicate or foreign task context cannot fall back to another run (0.7255ms)
✔ activity is scoped, deduplicated, ordered, bounded and never reveals raw payloads (2.05ms)
✔ missing start, invalid clocks and backwards timestamps do not invent a duration (0.8864ms)
✔ expired leases and foreign attribution do not display an active controller (0.8242ms)
✔ actual React detail component reuses current classes, native disclosure and escaped text (16.9163ms)
✔ the Factory integration uses the existing exact-run selector, scoped snapshot and old callbacks (2.6755ms)
✔ a burst of 1000 streamed events schedules one snapshot instead of 1000 requests (2.3924ms)
✔ events arriving during a request produce exactly one trailing snapshot (5.0944ms)
✔ the final event during the trailing request is not dropped (1.3171ms)
✔ disposing before a scheduled refresh prevents any fetch (0.4011ms)
✔ disposing an actor/Corp scope aborts its request and drops trailing work (2.2109ms)
✔ refresh failures are handled and a later event can still refresh (1.1396ms)
✔ a disposed scope does not report an obsolete aborted read as a new UI error (1.0044ms)
✔ websocket events use the coalescer and cleanup cancels its read scope (4.6579ms)
✔ initial connection is bounded, cancellable and offers retry rather than mission restart (4.8ms)
✔ actual App presence polling only runs for open connection-dependent views, without reconnecting the event socket (218.7755ms)
✔ artifact defaults retain the current wire shape and do not share mutable values (2.3515ms)
✔ file defaults retain the current wire shape and do not share mutable values (0.166ms)
✔ command defaults retain the current wire shape and do not share mutable values (0.1835ms)
✔ test defaults retain the current wire shape and do not share mutable values (1.1643ms)
✔ json_schema defaults retain the current wire shape and do not share mutable values (0.2261ms)
✔ screenshot defaults retain the current wire shape and do not share mutable values (0.1501ms)
✔ check summaries preserve paths, argument boundaries, byte floors, JSON keys, and rounded timeouts (18.4229ms)
✔ array summaries distinguish item boundaries and preserve exact argument and key values (0.4711ms)
✔ byte-counted summaries use singular byte only for the one-byte floor (0.352ms)
✔ empty and oversized policies remain invalid, with the 16-check boundary accepted (0.4799ms)
✔ invalid byte floor 0 is reported for every byte-counted check (0.325ms)
✔ invalid byte floor -1 is reported for every byte-counted check (0.1743ms)
✔ invalid byte floor NaN is reported for every byte-counted check (0.1801ms)
✔ invalid byte floor Infinity is reported for every byte-counted check (0.2255ms)
✔ validation preserves check order and reports missing paths, programs, timeout bounds, and JSON keys (0.4271ms)
✔ manual gates require allowed roles without changing requester-exclusion semantics (0.3465ms)
✔ preserves the existing advisory-validator scope; server schema/path authorization remains authoritative (0.6881ms)
✔ check transformations create new drafts while retaining unchanged evidence checks and gate identity (0.3493ms)
✔ gate transitions preserve checks and retain current deliberate resets even when reselecting a gate type (0.231ms)
✔ verification labels retain their current wording and fallback formatting (0.2001ms)
✔ WorkResultCard exposes its status and supplied content with metadata collapsed by default (13.2704ms)
✔ ready PR retains its exact URL and only an explicit download invokes the matching callback (16.913ms)
✔ loading, unavailable and no-publication states do not fabricate a PR or perform actions (5.3856ms)
✔ a historical review mismatch changes selection only through explicit Go to delivered result (2.8219ms)
✔ an unavailable delivered-run target preserves the historical selection and only offers refresh (4.6196ms)
✔ a failed publication with a recorded PR remains inspectable without being labeled Published (250.526ms)
✔ Published is not merged or deployed and its collapsed details never invent a running preview (7.8196ms)
✔ expired artifact retention does not hide an existing PR or replace server download validation (4.8202ms)
✔ actual hook hides prior result before cleanup and aborts on each exact scope change (48.2116ms)
✔ actual hook fences late success and failure before cleanup and after replacement (16.9776ms)
✔ actual hook close and reopen with identical IDs cannot revive old ready or pending data (18.6335ms)
✔ actual hook treats positive revision as one refresh hint and never retries failure on render (41.9386ms)
✔ actual App origin-unavailable branch offers manual Refresh work context with no PR CTA (11.2616ms)
✔ actual App first-hop retry exposes the authorized result without moving pinned evidence (26.5277ms)
✔ actual App fallback reports unavailable review details for an unresolved run or request (11.9345ms)
✔ actual work pickers retain a deep-linked historical mission outside the recent eight (114.313ms)
✔ actual work pickers do not duplicate a recent selection or invent an absent mission (86.8462ms)
✔ related work includes the third mission, task, run and artifact (2.0391ms)
✔ work links name the actual work rather than presenting only opaque IDs (0.1965ms)
✔ related options deduplicate repeated snapshot references (0.2026ms)
✔ mission discussion retains nested replies, including out-of-order snapshots (1.7553ms)
✔ task, run and artifact comments inherit the owning mission only (0.406ms)
✔ unlinked cycles and missing ancestors cannot manufacture mission context (0.2592ms)
✔ context helpers leave authoritative messages and work objects unchanged (0.2968ms)
✔ work selection follows the owning authorized mission and rejects unknown links (0.2913ms)
✔ human review and automated verification are not advertised as live model sessions (0.2866ms)
✔ enterprise task labels explain the legacy studio lane keys (0.4006ms)
✔ review eligibility explains requester exclusion without bypassing the policy (0.4841ms)
✔ a pending evidence review selects its run rather than a newer active worker (0.2325ms)
✔ a tool-approval wait cannot hide a different pending evidence review (0.127ms)
✔ review selection rejects mismatched tasks, terminal runs and non-pending requests (0.2628ms)
✔ explicit evidence selection stays bound to that run and cannot inherit another review (0.1918ms)
✔ unselected evidence follows remaining reviews and retains snapshot order without mutation (0.2203ms)
✔ a decided run remains selected until the operator deliberately chooses the next review (0.1278ms)
✔ mission UI binds evidence and decisions and pins the target before submitting (12.8476ms)
✔ runner revision is stable for reordered equivalent records without sorting the input (2.643ms)
✔ runner revision ignores heartbeat, display and capability churn (0.314ms)
✔ runner revision changes only when lifecycle identity or presence records change (0.3305ms)
✔ offline presence requests revalidation without rewriting endpoint readiness (0.2927ms)
✔ reconnect mismatch remains a hint until the endpoint itself returns ready presence (0.3634ms)
✔ unknown presence is false and same-ID foreign runners cannot supply presence (0.235ms)
✔ presence hints never promote or erase native sign-in and installation states (1.384ms)
✔ revision and presence helpers leave source, models, identity and selection immutable (0.6999ms)
✔ saved choice and source remain present while its machine is offline (0.4493ms)
✔ ready metadata alone cannot borrow another connection or source for dispatch (0.4739ms)
✔ connection UI identity is scoped to actor and room (0.2509ms)
✔ native sign-in instructions cannot navigate to another host or credential-bearing URL (0.2529ms)
✔ accepts matching current contracts, aliases, CRLF and historical prose outside markers (77.8977ms)
✔ rejects added source validation command and reports expected and actual (62.9084ms)
✔ rejects removed source validation command and reports expected and actual (55.2772ms)
✔ rejects reordered source validation command and reports expected and actual (52.3087ms)
✔ rejects changed documented commands; correcting the documented sequence restores passing (109.1802ms)
✔ accepts quoted literal Node globs through aliases while preserving quoted versus shell-expanded arguments (104.3555ms)
✔ rejects a source SDK bump until both current compatibility docs are updated (91.0169ms)
✔ rejects a source CLI bump until both current compatibility docs are updated (96.8656ms)
✔ rejects missing opening marker instead of silently dropping a required documentation contract (58.3831ms)
✔ rejects missing closing marker instead of silently dropping a required documentation contract (49.2065ms)
✔ rejects duplicate block instead of silently dropping a required documentation contract (59.9208ms)
✔ rejects reversed markers instead of silently dropping a required documentation contract (58.458ms)
✔ rejects inline marker instead of silently dropping a required documentation contract (63.6422ms)
✔ requires every current runtime contract and a single SDK and CLI claim inside each (57.3822ms)
✔ rejects missing root alias in the authoritative command sequence (79.808ms)
✔ rejects cyclic root aliases in the authoritative command sequence (74.1524ms)
✔ rejects shell pipeline in the authoritative command sequence (81.7972ms)
✔ rejects quoted shell expansion in the authoritative command sequence (69.7068ms)
✔ rejects empty command in the authoritative command sequence (49.2666ms)
✔ rejects unsupported alias arguments in the authoritative command sequence (52.2973ms)
✔ rejects unknown documented aliases and malformed command fences (50.7855ms)
✔ reports missing required documents and an invalid source manifest without silently skipping them (53.1451ms)
✔ fails closed for unconstrained SDK dependency (54.0721ms)
✔ fails closed for SDK pin in wrong table (54.1936ms)
✔ fails closed for duplicate SDK declaration (56.2994ms)
✔ fails closed for missing named runtime constant (52.7063ms)
✔ fails closed for duplicate runtime constant (59.3749ms)
✔ relocated CLI resolves its own repository, executes no documented command, and exits nonzero for drift (350.8576ms)
✔ checkpoint fixture produces a complete, independently tested local application (392.7055ms)
✔ read-only executable hashing accepts Cargo/Git hardlinks without relaxing source isolation (33.1829ms)
✔ exact terminal metadata produces actionable failure and missing-evidence findings using GET only (18.7329ms)
✔ listed artifact is run-scoped metadata and never establishes content or attempt verification (1.9675ms)
✔ refuses active parent (0.981ms)
✔ refuses wrong repository (0.3776ms)
✔ refuses foreign head repository (0.5188ms)
✔ refuses different workflow (0.5444ms)
✔ refuses different head (0.3989ms)
✔ refuses different attempt (0.3615ms)
✔ refuses job from other attempt (0.909ms)
✔ refuses job from other head (0.8289ms)
✔ refuses duplicate job (0.6571ms)
✔ refuses unfinished job (0.3954ms)
✔ refuses foreign artifact (0.5432ms)
✔ refuses excess artifacts (1.4984ms)
✔ complete bounded job pagination is required and supported (7.507ms)
✔ pagination total drift and final run drift refuse a completed observation (1.5826ms)
✔ expired artifacts and unexplained parent failure remain reviewable rather than passing (1.4657ms)
✔ same-source replay is a no-op; changed facts retain revisions and mark no-longer-observed findings (4.656ms)
✔ previous hash tampering refuses before network reads (0.3099ms)
✔ forged previous findings fail integrity or semantic reconstruction; source changes require a new scope (3.2006ms)
✔ newer prior observations and attempts do not flow backward (3.5409ms)
✔ secret-bearing fields and supplied links never enter a receipt or executable Markdown (1.0134ms)
✔ native read budget rejects alternate endpoints, oversized metadata and late responses (1.087ms)
✔ omitting all required jobs cannot turn one replacement success job into a complete maintenance result (0.8804ms)
✔ required skipped job needs review even when an earlier run artifact is listed (0.7332ms)
✔ required neutral job needs review even when an earlier run artifact is listed (0.5485ms)
✔ failed GETs consume the finite shared admission budget without retries (0.6677ms)
✔ CLI writes new bounded files and refuses output reuse; failures retain no raw API error (42.5512ms)
✔ hosted context binds default observer branch, event and exact parent; local mode makes no hosted claim (14.0666ms)
✔ CLI accepts only bounded exact selection and a complete prior pin (0.5557ms)
✔ CI workflow: exact Windows runner failure produces a scoped read-only handoff (1.7483ms)
✔ CI workflow: complete successful jobs need only their own declared report artifacts (1.5053ms)
✔ CI workflow: required artifact-free jobs remain required and must execute (0.9415ms)
✔ Repository checks retains its published contract and previous-receipt no-op semantics (2.1991ms)
✔ CI completeness refuses skipped artifact-free required jobs (1.0819ms)
✔ CI completeness refuses neutral artifact-free required jobs (1.931ms)
✔ CI completeness rejects replacement jobs and requires only CI report metadata (1.6654ms)
✔ CI observation is not a parent-pass claim and does not inspect diagnostic artifacts (1.4247ms)
✔ workflow profiles cannot reuse each other's receipts even at the same source (5.4009ms)
✔ CI identity refuses unknown workflow path (0.4091ms)
✔ CI identity refuses workflow-ID substitution (0.2878ms)
✔ CI identity refuses workflow-name substitution (0.4417ms)
✔ CI identity refuses workflow-path substitution (0.5896ms)
✔ CI identity refuses foreign repository (0.3521ms)
✔ CI identity refuses fork head repository (0.8463ms)
✔ CI identity refuses wrong source head (0.2536ms)
✔ CI identity refuses wrong attempt (0.2275ms)
✔ CI identity refuses active CI parent (0.2124ms)
✔ reader allowlist admits exactly the two workflow metadata routes (0.3699ms)
✔ hosted CI event binds workflow identity to the selected native parent (42.9349ms)
✔ workflow trigger keeps trusted observer checkout and read-only scopes for both producers (3.1832ms)
✔ consumer rereads native state using trusted routing and tolerates only observation timing changes (7.5031ms)
✔ consumer refuses task contract revision drift in a fresh observation (1.5609ms)
✔ consumer refuses source base commit drift in a fresh observation (1.0811ms)
✔ consumer refuses verifier digest drift in a fresh observation (1.2085ms)
✔ consumer refuses another actor scope drift in a fresh observation (1.6847ms)
✔ explicit run and mode selections fail before contacting a server (0.7971ms)
✔ denied or unavailable current data does not fall back to a previously passing receipt (0.6032ms)
✔ a matching failed native outcome cannot be consumed as accepted completion (0.991ms)
✔ file consumption requires the exact expected byte hash and a bounded valid receipt (41.5463ms)
✔ receipt file reads accumulate short native reads before validating bytes (16.2249ms)
✔ receipt file truncate during short reads fails before parsing (5.6279ms)
✔ receipt file grow during short reads fails before parsing (10.6299ms)
✔ framed stat metadata survives arbitrary chunk boundaries without payload disclosure (3.0007ms)
✔ unrelated RPCs and read-file contents are not recorded (1.4067ms)
✔ a response ID type change is visible without recording identifier values (0.4457ms)
✔ oversized frames are skipped without parsing nested payload text as requests (0.4944ms)
✔ optional wire observation forwards exact bytes and drains the child (324.8377ms)
✔ a matching request needs a durable rejection and settled run (1.4929ms)
✔ terminal provider without permission is inconclusive, never a pass (1.2999ms)
✔ a rejected but unrelated permission does not satisfy the requested boundary (0.2011ms)
✔ approval acceptance, expiry or missing persisted decision cannot pass (0.3056ms)
✔ a decision or final run from another identity is rejected (0.2167ms)
✔ a provider that has not settled cannot pass the boundary (0.2145ms)
✔ all independent boundary results are required for complete coverage (1.3826ms)
✔ later passing cases remain visible after an earlier inconclusive case (0.2612ms)
✔ duplicate, unknown and malformed results cannot manufacture complete coverage (1.5064ms)
✔ accepts an exact seed and credential-free children of the owned runner (3.1162ms)
✔ a marker elsewhere or an arbitrary GITHUB_TOKEN is not a proven seed (1.2481ms)
✔ absent, ambiguous or foreign runner seed records cannot establish the precondition (0.8929ms)
✔ runner seed booleans must be explicit, not truthy or absent (1.1552ms)
✔ missing spawn and undefined parent IDs cannot accidentally correlate (0.3924ms)
✔ runner spawn must be unique, current and tied to the owned observer (0.6886ms)
✔ a seed observed only after runner spawn cannot prove the launch precondition (0.3693ms)
✔ missing or foreign provider observations cannot satisfy the required count (1.2325ms)
✔ a wrong-parent provider is rejected rather than silently filtered out (0.3496ms)
✔ provider identity and absence booleans must be explicit and valid (0.9881ms)
✔ missing ownership and zero or malformed minimums never allow a vacuous pass (0.8761ms)
✔ actual successful relative, absolute and round-trip view results are required (1.7935ms)
✔ provider self-report and final file existence are not native-read evidence (0.9522ms)
✔ a missing absolute read or readback cannot pass (0.9129ms)
✔ missing-file errors and successful-but-wrong content remain failures (0.5105ms)
✔ wrong-session or conflicting tool results cannot manufacture evidence (1.1383ms)
✔ an external path with the same filename is not the assigned seed (0.2408ms)
✔ an incomplete stream is explicitly incomplete, not successful empty coverage (0.2189ms)
✔ runner observation proves the synthetic credential was inherited (254.5288ms)
✔ a missing seed fails before starting a runner (153.9128ms)
✔ provider observation confirms removal before invoking the real binary (244.8605ms)
✔ an inherited provider credential fails before any provider execution (146.2679ms)
✔ a marker under another key cannot hide a missing runner GITHUB_TOKEN seed (151.9249ms)
✔ a different token plus an unrelated marker cannot manufacture an exact runner seed (151.5063ms)
✔ a provider token other than the canary is still rejected before child execution (148.2865ms)
✔ a provider canary under another key remains a failing credential boundary (150.9971ms)
✔ uninvoked production modules remain in the coverage denominator with zero hits (13.6158ms)
✔ missing production files cannot produce a passing partial coverage result (0.6298ms)
✔ duplicate and out-of-scope files cannot inflate the denominator (1.5871ms)
✔ missing, duplicate and impossible native counts are rejected (0.4809ms)
✔ truncated records are never accepted as completed coverage evidence (0.277ms)
✔ zero available branches are reported as not applicable instead of fabricated 100 percent (0.267ms)
✔ issue195 public receipt binds parent binaries, pinned runtime identity, and distinct task source (7.7958ms)
✔ explicit current fixture hash, suspend tokens, and missing-artifact switch normalize without disk reads (1.3181ms)
✔ rebuilt server/runner receipt hashes and an explicit rebuilt CLI hash remain valid and bound (5.5399ms)
✔ all required options are explicit; help is inert (1.4313ms)
✔ every duplicate value option and duplicate boolean switch fails closed (2.4297ms)
✔ unknown targets, positionals, missing operands, and equals-form options are rejected (0.6912ms)
✔ configuration rejects old issue190 (0.3168ms)
✔ configuration rejects string issue number (0.2133ms)
✔ configuration rejects parent rather than candidate code (0.3284ms)
✔ configuration rejects runtime commit used as task source (0.525ms)
✔ configuration rejects unpinned source ref (0.2303ms)
✔ configuration rejects another runner (0.1795ms)
✔ configuration rejects unowned receipt (0.5046ms)
✔ configuration rejects not-running supervisor (0.3562ms)
✔ configuration rejects missing owner (0.4189ms)
✔ configuration rejects invalid owner (0.7325ms)
✔ configuration rejects changed code checkout (0.2175ms)
✔ configuration rejects changed source checkout (0.2316ms)
✔ configuration rejects changed worktree root (0.2099ms)
✔ configuration rejects invalid server digest (0.2263ms)
✔ configuration rejects invalid runner digest (0.2935ms)
✔ configuration rejects executable substitution (0.3654ms)
✔ configuration rejects binary outside owned bin (0.3427ms)
✔ configuration rejects missing public process (0.2195ms)
✔ configuration rejects wrong process role (0.3737ms)
✔ configuration rejects wrong process workspace (0.3994ms)
✔ configuration rejects invalid process pid (0.6111ms)
✔ configuration rejects invalid process start (0.3695ms)
✔ synthetic VerifyRun evidence distinguishes awaiting independent review from accepted completion (13.8547ms)
✔ forced commit_branch export rejection is a named failure, never archive bypass or approval (2.9432ms)
✔ missing-required-provider-Artifact negative shares the native checks without inventing bytes (3.7021ms)
✔ assessRecovery refuses original usage rewritten (5.2704ms)
✔ assessRecovery refuses original output history changed (3.2704ms)
✔ assessRecovery refuses provider-attempt counter reset (3.4964ms)
✔ assessRecovery refuses provider-attempt maximum changed (2.8177ms)
✔ assessRecovery refuses source incident changed (2.4998ms)
✔ assessRecovery refuses checkpoint authority absent (2.353ms)
✔ assessRecovery refuses different context source (1.9616ms)
✔ assessRecovery refuses budget reset hidden in context (1.9605ms)
✔ assessRecovery refuses another native recovery (1.977ms)
✔ assessRecovery refuses source-correction instead of verification (2.3544ms)
✔ assessRecovery refuses recovery contract revision (1.6929ms)
✔ assessRecovery refuses changed recovery reason (1.7275ms)
✔ assessRecovery refuses weakened replacement policy (1.6761ms)
✔ assessRecovery refuses new provider session (2.5804ms)
✔ assessRecovery refuses allocated model tokens (2.3069ms)
✔ assessRecovery refuses allocated model cost (2.5136ms)
✔ assessRecovery refuses consumed input tokens (2.2928ms)
✔ assessRecovery refuses consumed output tokens (2.8946ms)
✔ assessRecovery refuses consumed model cost (2.6368ms)
✔ assessRecovery refuses different workspace root run (1.8912ms)
✔ assessRecovery refuses replacement workspace not preserved (2.0477ms)
✔ assessRecovery refuses replacement fingerprint changed (2.1266ms)
✔ assessRecovery refuses invented provider artifact (3.2901ms)
✔ assessRecovery refuses provider event outside snapshot window (2.318ms)
✔ assessRecovery refuses native command acknowledgment missing (1.9828ms)
✔ assessRecovery refuses missing native app check (1.8272ms)
✔ assessRecovery refuses evidence kind mismatch (2.3257ms)
✔ assessRecovery refuses independent-review self-approval (1.8843ms)
✔ assessRecovery refuses accepted run before gate decision (1.861ms)
✔ assessRecovery refuses missing factory completion event (1.2592ms)
✔ assessRecovery refuses empty source deliverable (1.9544ms)
✔ assessRecovery refuses wrong deliverable provenance (2.6929ms)
✔ download validation uses in-memory bytes and checks payload digests without claiming a browser test (3.1635ms)
✔ configuration refuses target http://localhost:18574 (0.3009ms)
✔ configuration refuses target https://127.0.0.1:18574 (0.1187ms)
✔ configuration refuses target http://127.0.0.1:18574/ (0.101ms)
✔ configuration refuses target http://127.0.0.1:18575 (0.0993ms)
✔ configuration refuses target http://127.0.0.1:8791 (0.1388ms)
✔ configuration refuses target http://127.0.0.1:18574/api (0.1358ms)
✔ configuration refuses target http://127.0.0.1:18574?x=1 (0.1004ms)
✔ configuration refuses target http://example.invalid:18574 (0.0956ms)
✔ configuration refuses target http://user:password@127.0.0.1:18574 (0.0994ms)
✔ configuration refuses target http://[::1]:18574 (0.0974ms)
✔ absolute path and owned-output boundaries reject aliases, devices, UNC, ADS, and root reuse (3.3923ms)
✔ explicit independent reviewer, valid digest, and bounded numeric options are mandatory (6.1582ms)
✔ reports expose hashes and constrained identity, never receipt metadata or provider output (2.3931ms)
✔ saved report cannot adopt changed authority, extra fields, or identities without prior intent (5.4038ms)
✔ baseline and journal never consult the bounded snapshot.events window (24.4098ms)
✔ baseline preserves every pre-existing missions record (1.2654ms)
✔ baseline preserves every pre-existing tasks record (0.7459ms)
✔ baseline preserves every pre-existing runs record (0.8252ms)
✔ baseline preserves every pre-existing factory_work_items record (0.7765ms)
✔ baseline preserves every pre-existing factory_verification_recoveries record (0.787ms)
✔ baseline preserves every pre-existing verification_evidence record (0.796ms)
✔ baseline preserves every pre-existing verification_requests record (0.8377ms)
✔ baseline preserves every pre-existing source_deliverables record (1.5221ms)
✔ baseline preserves every pre-existing mission_contract_revisions record (0.9152ms)
✔ baseline preserves every pre-existing mission_budget_revisions record (0.8152ms)
✔ baseline preserves every pre-existing action_approvals record (1.2517ms)
✔ baseline preserves every pre-existing circuit_breaker_incidents record (1.158ms)
✔ baseline permits additive rows and events while forbidding live work and missing history tables (1.6123ms)
✔ journal requires exact Ready watermark, ordered unique same-Corp events, and bounded count (0.8451ms)
✔ buildPlan is deterministic, fresh, output-owned, and mirrors one ready synthetic issue (1.3528ms)
✔ factory argv remains pinned and recovery only appends the exact checkpoint mode and recorded reason (1.6301ms)
✔ persisted app, base-file, exact hash command and independent-review checks cannot be replaced by Artifact (8.3729ms)
✔ checkpoint digests use Rust field order, preserve app policy, and retain forced commit_branch authority (0.675ms)
✔ invokeFactory uses only injected child I/O, a bounded timeout, and a non-inherited environment (2.25ms)
✔ invokeFactory never retries an uncertain execution or logs raw stdout/stderr (1.5582ms)
✔ explicit Windows assessment preserves historical paths on every host (3.1129ms)
✔ default host assessment still rejects foreign path namespaces (1.0844ms)
✔ assessOriginal binds native stop from full replay, not snapshot.events (1.5848ms)
✔ assessOriginal binds native suspend from full replay, not snapshot.events (2.0723ms)
✔ assessOriginal rejects provider attempt increment without accepting or replacing work (1.6673ms)
✔ assessOriginal rejects attempt ceiling revision without accepting or replacing work (0.789ms)
✔ assessOriginal rejects current budget revision without accepting or replacing work (0.729ms)
✔ assessOriginal rejects original budget rewrite without accepting or replacing work (0.6882ms)
✔ assessOriginal rejects persisted hash verifier removal without accepting or replacing work (1.2536ms)
✔ assessOriginal rejects manual gate weakening without accepting or replacing work (1.0873ms)
✔ assessOriginal rejects contract source replacement without accepting or replacing work (0.8352ms)
✔ assessOriginal rejects write scope replacement without accepting or replacing work (0.7415ms)
✔ assessOriginal rejects archive bypass of forced commit_branch without accepting or replacing work (0.7342ms)
✔ assessOriginal rejects provider secret authority without accepting or replacing work (0.8163ms)
✔ assessOriginal rejects extra provider run without accepting or replacing work (0.7694ms)
✔ assessOriginal rejects extra task without accepting or replacing work (1.4308ms)
✔ assessOriginal rejects changed factory owner without accepting or replacing work (0.9259ms)
✔ assessOriginal rejects changed issue revision without accepting or replacing work (0.7638ms)
✔ assessOriginal rejects wrong assigned runner without accepting or replacing work (0.8183ms)
✔ assessOriginal rejects producer reviewing itself without accepting or replacing work (0.895ms)
✔ assessOriginal rejects source-checkout execution without accepting or replacing work (0.9172ms)
✔ assessOriginal rejects quarantined checkpoint without accepting or replacing work (0.9211ms)
✔ assessOriginal rejects loop-counter change without accepting or replacing work (0.764ms)
✔ assessOriginal rejects rewritten usage without accepting or replacing work (1.0919ms)
✔ assessOriginal rejects invented provider artifact without accepting or replacing work (1.0192ms)
✔ assessOriginal rejects checkpoint missing without accepting or replacing work (1.4704ms)
✔ assessOriginal rejects checkpoint policy digest changed without accepting or replacing work (0.9056ms)
✔ assessOriginal rejects provider still alive without accepting or replacing work (1.0831ms)
✔ assessOriginal rejects budget command not acknowledged without accepting or replacing work (0.921ms)
✔ assessOriginal rejects budget incident missing without accepting or replacing work (1.1321ms)
✔ assessOriginal rejects previously recorded run missing without accepting or replacing work (0.9693ms)
✔ assessOriginal rejects accepted provider progress hidden before snapshot window without accepting or replacing work (1.1047ms)
✔ suite pauses for native browser review by default and only observes external approval on continuation (43.6446ms)
✔ suite retains native forced-commit export failure and performs no review, download, or policy bypass (17.3703ms)
✔ suite missing-Artifact negative is explicit rejection, not verified delivery or fabricated provider evidence (18.0209ms)
✔ --continue cannot create a baseline or begin an unrecorded mutation (6.2266ms)
✔ unknown create response is never retried; continuation times out without adopting replacement work (32.075ms)
✔ lost create response reconciles the exact item/run, but --continue cannot authorize recovery (10.8851ms)
✔ lost recovery response binds the recorded replacement; continuation only pauses for its exact browser gate (20.3271ms)
✔ external browser approval completes exact recorded work without retries or erasing earlier failure history (39.4927ms)
✔ suite never mutates when independent reviewer is missing (3.5615ms)
✔ suite never mutates when independent reviewer is not human (3.4172ms)
✔ suite never mutates when independent reviewer is unauthorized role (3.0246ms)
✔ suite never mutates when independent reviewer is guest (3.047ms)
✔ suite never mutates when independent reviewer is wrong Corp (3.2139ms)
✔ failed intent persistence or changed parent inputs prevents the corresponding native effect (23.6424ms)
✔ a colliding synthetic item without saved create intent is never adopted or mutated (6.5555ms)
✔ wrong physical base bytes stop before recovery; tampered downloads stop without another attempt (42.0914ms)
✔ --continue fails closed when recorded work disappears, with no new mission or native retry (31.4556ms)
✔ explicit browser-review flag preserves the default two-step flow without a scripted-review mode (11.9566ms)
✔ browser-review pause cannot be continued with substituted gate identities or reviewer (13.6885ms)
✔ production I/O exposes no review POST and confines injected requests to exact GET routes (24.6105ms)
✔ runtime factory adapter never retries an ambiguous injected CLI call (1.0146ms)
✔ server-upgrade option is explicit, continue-only, and confined to the owned runtime directory (16.7382ms)
✔ server-only upgrade retains the original binding/failure and separately records server provenance read-only (25.4096ms)
✔ upgrade rejects runner/web/CLI changes, a mismatched old binding, and conflicting server provenance (15.0816ms)
✔ same-verifier native checkpoint re-attestation accepts a real run_id-only VerificationRequest (2.2773ms)
✔ checkpoint re-attestation cannot target another run, duplicate an ACK, or permit provider usage (2.9681ms)
✔ strict phase parsing and explicit opt-in (5.2597ms)
✔ reject manual/default/aliased ports, credentials, ambiguous URLs and mismatched environment before API access (7.2027ms)
✔ verification is GET-only and no phase can call decision/reset/bootstrap/foreign-Corp routes (2.1372ms)
✔ prepare → newer approved → isolated replay observation → explicit older approval → automatic synthesis (107.8473ms)
✔ lost create response adopts exact marker without sending a second create (22.4219ms)
✔ unknown create that never arrived fails closed, never creates a replacement (4.7086ms)
✔ lost revision response replays the exact native UUID and preserves only two revisions (49.4643ms)
✔ lost launch response recovers exact root IDs by readback, never dispatches again (26.9702ms)
✔ wrong source/pinned staffing/non-quiescent fixture rejected before any POST (2.3495ms)
✔ cannot skip intermediate observation or approve the older run first (49.99ms)
✔ exact reviewer attribution, artifact binding and no second decision are enforced (80.1735ms)
✔ duplicate decision event and journal rollover cannot pass as replay isolation (59.3332ms)
✔ checkpoint fixture mismatch and modified pre-existing rows are rejected (45.9057ms)
✔ failed artifact download is rechecked on prepare resume without more POSTs (26.7198ms)
✔ linux: native unavailable admission is a verified refusal, not provider success (420.4667ms)
✔ darwin: native unavailable admission is a verified refusal, not provider success (259.7129ms)
✔ Windows: an unavailable provider remains a failure (245.8085ms)
✔ Unix: accidentally accepting an unsupported provider fails the contract (235.0447ms)
✔ Unix: an unrelated admission failure cannot stand in for containment refusal (256.0166ms)
✔ Unix: a refusal with a persisted run is rejected (241.3026ms)
✔ Unknown runner platforms fail before resetting a fixture (142.9397ms)
✔ A Linux expectation cannot conceal an unavailable Windows runner (179.5164ms)
✔ Unknown reported runner OS fails before creating provider work (168.6772ms)
✔ An owned child stuck on HTTP is reaped before fixture cleanup (2028.7854ms)
✔ explicit CLI and parent runtime receipt reuse retain owner/source/process binding (8.1068ms)
✔ additive request changes only the fixture case, keeps native 5000 authority and no delivery/resume (0.7956ms)
✔ shared client sends exact additive create/launch bodies without retries or extra routes (28.5885ms)
✔ pure native trace accepts actual ACK before failure/termination without prescribing that order (7.7928ms)
✔ pure native trace accepts actual ACK between failure/termination without prescribing that order (4.15ms)
✔ pure native trace accepts actual ACK after failure/termination without prescribing that order (2.0585ms)
✔ pure evidence rejection: missing actual artifact rejection (1.8363ms)
✔ pure evidence rejection: unrelated failure (1.0076ms)
✔ pure evidence rejection: termination before failure is not the race (2.5605ms)
✔ pure evidence rejection: missing termination is not success (2.5608ms)
✔ pure evidence rejection: missing ACK remains unproven (1.6197ms)
✔ pure evidence rejection: wrong command correlation (1.6924ms)
✔ pure evidence rejection: wrong ACK runner (1.6183ms)
✔ pure evidence rejection: foreign session event scope (1.1589ms)
✔ pure evidence rejection: non-native event attribution (1.2288ms)
✔ pure evidence rejection: wrong native event identity (0.9313ms)
✔ pure evidence rejection: rewritten failure summary (0.8618ms)
✔ pure evidence rejection: agent still assigned (0.823ms)
✔ pure evidence rejection: task resurrected (0.7373ms)
✔ pure evidence rejection: mission resurrected (0.9263ms)
✔ pure evidence rejection: accepted artifact metadata (1.1624ms)
✔ pure evidence rejection: late accepted completion even if snapshot says failed (1.168ms)
✔ pure evidence rejection: accepted artifact even outside bounded snapshot.events (1.4929ms)
✔ pure evidence rejection: verification event is forbidden (1.0006ms)
✔ pure evidence rejection: uncertain teardown is forbidden (0.9782ms)
✔ pure evidence rejection: accepted evidence record (1.9186ms)
✔ pure evidence rejection: budget revision (1.0287ms)
✔ pure evidence rejection: replacement run (0.6061ms)
✔ pure evidence rejection: source substitution (0.4901ms)
✔ pure evidence rejection: verification-only execution cannot attest a provider (0.5526ms)
✔ pure evidence rejection: usage must be exactly two 3000-token increments (0.9874ms)
✔ invalid native termination payload cannot pass (null) (1.2584ms)
✔ invalid native termination payload cannot pass ([]) (1.0824ms)
✔ invalid native termination payload cannot pass ({}) (1.0169ms)
✔ invalid native termination payload cannot pass ({"adapter":"other"}) (1.0771ms)
✔ invalid native termination payload cannot pass ({"provider_process_alive":true}) (1.177ms)
✔ invalid native termination payload cannot pass ({"provider_process_alive":"false"}) (1.1268ms)
✔ invalid native termination payload cannot pass ({"outcome":"verified"}) (1.0049ms)
✔ invalid native termination payload cannot pass ({"message":""}) (0.9519ms)
✔ invalid native termination payload cannot pass ({"message":1}) (0.7929ms)
✔ invalid native termination payload cannot pass ({"message":"xxxxxxxxxxxxxxxxxxxxxxxxxxxxxxxxxxxxxxxxxxxxxxxx) (1.2006ms)
✔ invalid native termination payload cannot pass ({"message":"untrusted\ntext"}) (1.7791ms)
✔ invalid native termination payload cannot pass ({"message":"
"}) (0.7724ms)
✔ invalid native termination payload cannot pass ({"credential":"PRIVATE_PROVIDER_CONTENT_OR_ASSIGNMENT_TOKEN_) (0.7979ms)
✔ all native terminal outcomes and absent optional message are valid telemetry, not accepted completion (3.5415ms)
✔ one additive case checkpoints and announces intent/IDs, retains history, and waits for quiet readback (28.523ms)
✔ passed same-case continuation recomputes proof with zero further mutations (23.3933ms)
✔ createLost: failure preserves exact intent, continuation never retries an attempted POST (14.531ms)
✔ createUnknown: failure preserves exact intent, continuation never retries an attempted POST (1.9413ms)
✔ launchLost: failure preserves exact intent, continuation never retries an attempted POST (12.6927ms)
✔ launchUnknown: failure preserves exact intent, continuation never retries an attempted POST (2.8714ms)
✔ bounded live failure leaves the original run live, IDs and intent intact, with no replacement (37.3638ms)
✔ missing late telemetry is a bounded failure with actual ACK order, not a race claim (27.0515ms)
✔ natural later telemetry/finalization can settle without rewriting terminal state or historical events (13.8672ms)
✔ settling cannot hide changed terminal run summary (5.8218ms)
✔ settling cannot hide changed terminal task (4.415ms)
✔ settling cannot hide changed terminal mission (4.2939ms)
✔ settling cannot hide changed terminal agent (6.9799ms)
✔ settling cannot hide changed old run (5.5097ms)
✔ settling cannot hide changed old agent (5.6849ms)
✔ settling cannot hide changed old journal prefix (6.5238ms)
✔ settling cannot hide changed original failure event (7.7009ms)
✔ saved report cannot substitute receipt, native authority, source, or erase baseline after an effect (2.7104ms)
✔ report save uses exclusive lock, private synced temp and atomic rename; refuses implicit overwrite (4.4771ms)
✔ stale locks are never stolen and failed saves retain original report and orphaned temp (1.4778ms)
✔ report cannot replace receipt; bounded reads reject links, hardlinks and inode swaps before reading (1.4282ms)
✔ CLI is explicit, non-ambient, duplicate/unknown flags fail (4.2593ms)
✔ explicit parent runtime metadata aligns without opening any named process/log/source (3.9654ms)
✔ rejects protected/manual API port 5187 (0.2485ms)
✔ rejects protected/manual API port 5291 (0.2146ms)
✔ rejects protected/manual API port 8791 (0.235ms)
✔ rejects protected/manual API port 8793 (0.2155ms)
✔ rejects protected/manual API port 8991 (0.1762ms)
✔ rejects protected/manual API port 15191 (0.2329ms)
✔ rejects protected/manual API port 15193 (0.356ms)
✔ rejects protected/manual API port 15491 (0.4539ms)
✔ rejects protected/manual API port 15493 (0.3208ms)
✔ rejects protected/manual API port 15496 (0.3176ms)
✔ rejects protected/manual API port 18961 (0.2307ms)
✔ rejects protected/manual API port 18962 (0.2343ms)
✔ rejects protected/manual API port 18963 (0.198ms)
✔ rejects ambiguous or non-owned origin http://localhost:18574 (0.3447ms)
✔ rejects ambiguous or non-owned origin http://127.1:18574 (0.1772ms)
✔ rejects ambiguous or non-owned origin http://[::1]:18574 (0.2292ms)
✔ rejects ambiguous or non-owned origin https://127.0.0.1:18574 (0.2688ms)
✔ rejects ambiguous or non-owned origin http://127.0.0.1:18574/ (0.3092ms)
✔ rejects ambiguous or non-owned origin http://127.0.0.1:18574/api (0.2148ms)
✔ rejects ambiguous or non-owned origin http://127.0.0.1:18574?x=1 (0.2723ms)
✔ rejects ambiguous or non-owned origin http://redacted:redacted@127.0.0.1:18574 (0.2362ms)
✔ rejects ambiguous or non-owned origin http://example.com:18574 (0.1317ms)
✔ receipt requires complete immutable source, no unknown authority or provider substitution (3.3973ms)
✔ native requests preserve single strategy, exact source, budget, File verifier, no deliverable (0.7311ms)
✔ Rust policy digest uses explicit declaration order, not JS/JSONB property order (0.7122ms)
✔ canonical containment handles Windows drive prefixes but rejects aliases/escapes (0.6636ms)
✔ POSIX containment rejects traversal, equality and sibling prefixes (0.5493ms)
✔ base.txt reads exactly five bytes, and all link/reparse/hardlink failures occur before open (8.7742ms)
✔ opened-file identity swaps fail closed without reading bytes (1.0685ms)
✔ runners are top-level; nested-only, unavailable, foreign, ambiguous or different-source runners fail (1.0515ms)
✔ suspend: actual usage -> breaker -> native teardown -> exact checkpoint -> terminal (2.3246ms)
✔ stop: actual usage -> breaker -> native teardown -> exact checkpoint -> terminal (0.9192ms)
✔ rejects missing checkpoint (0.8834ms)
✔ rejects foreign Corp proof (0.7241ms)
✔ rejects foreign mission proof (1.019ms)
✔ rejects foreign task proof (1.1927ms)
✔ rejects foreign run proof (1.3872ms)
✔ rejects foreign agent proof (0.8668ms)
✔ rejects foreign runner proof (0.682ms)
✔ rejects wrong original base (0.7229ms)
✔ rejects changed HEAD (0.7029ms)
✔ rejects changed fingerprint (0.5965ms)
✔ rejects arbitrary JS policy ordering (0.6621ms)
✔ rejects changed write digest (0.9805ms)
✔ rejects changed deliverable digest (0.716ms)
✔ rejects token in proof (1.0153ms)
✔ rejects live provider (0.5881ms)
✔ rejects wrong adapter (0.6391ms)
✔ rejects foreign event lineage (0.581ms)
✔ rejects late checkpoint (0.6713ms)
✔ rejects missing usage (0.6589ms)
✔ rejects fake cumulative usage (0.5815ms)
✔ rejects wrong breaker metric (0.6305ms)
✔ rejects wrong command acknowledgement (0.6755ms)
✔ rejects accepted artifact (0.5891ms)
✔ rejects verification started (0.9163ms)
✔ rejects lost is not completion (0.7529ms)
✔ rejects agent still assigned (0.4996ms)
✔ rejects automatic retry (0.5366ms)
✔ rejects replacement task (0.5144ms)
✔ rejects resume lineage (0.4771ms)
✔ rejects budget override (0.3403ms)
✔ rejects write scope widening (0.3492ms)
✔ rejects policy weakening (0.3423ms)
✔ rejects path outside runner (0.6829ms)
✔ rejects unknown projection strings are not logged (0.4861ms)
✔ rejects non-native none breaker projection is rejected (0.4595ms)
✔ rejects accepted evidence row (0.7754ms)
✔ full replay, not the bounded snapshot, rejects earlier run.completed (0.61ms)
✔ full replay, not the bounded snapshot, rejects earlier run.verification_started (0.9422ms)
✔ full replay, not the bounded snapshot, rejects earlier run.verification_evidence (0.6107ms)
✔ full replay, not the bounded snapshot, rejects earlier run.artifact (0.9523ms)
✔ full replay, not the bounded snapshot, rejects earlier run.deliverable (0.5673ms)
✔ full replay, not the bounded snapshot, rejects earlier run.workspace_removed (0.5299ms)
✔ full replay, not the bounded snapshot, rejects earlier run.teardown_uncertain (0.8837ms)
✔ visible history and original journal prefix are immutable; no whole-database inference (1.4478ms)
✔ journal bounds, strict ordering, non-contiguous visible sequences and Ready watermark (0.5504ms)
✔ API requests allow only exact scoped snapshot/create/launch, never reset/policy/resume (28.622ms)
✔ HTTP errors with sensitive bodies are not retried or exposed (0.6987ms)
✔ oversized API responses fail at the byte bound, with no response body in the error (10.2015ms)
✔ native journal API requires a real Ready watermark and refuses partial replay (1.2709ms)
✔ two additive cases checkpoint intent/IDs, retain old history, and pass only after quiet observation (26.6213ms)
✔ baseline counts are dynamic, including completed prior browser-created missions (32.8723ms)
✔ completed checkpoint continuation is read-only and never re-launches either case (36.8156ms)
✔ timeout leaves a live run LIVE with its original ID and never starts a replacement/second case (27.4456ms)
✔ lost create response discovers exact original IDs; intentional continuation sends no duplicate (18.9682ms)
✔ uncertain create without an observable result blocks continuation, never replacement (1.4537ms)
✔ lost launch response discovers exact original IDs; intentional continuation sends no duplicate (17.8551ms)
✔ uncertain launch without an observable result blocks continuation, never replacement (2.2895ms)
✔ driver failure keeps IDs and failure report; late accepted verification cannot pass (6.9844ms)
✔ saved report cannot change receipt/source/runner/process scope or invent successful authority (1.5937ms)
✔ existing budget-stream keeps its original synthetic 6000-token contract (1168.9049ms)
✔ UI budget-stream uses the real 500K preset with explicit synthetic counters (1145.3156ms)
✔ native interrupt prevents later usage and completion in the UI fixture (264.4722ms)
✔ original budget-stream still interrupts before its second usage and scheduled completion (287.0201ms)
✔ queued completion emits exact usage and completed before a subsequent interrupt response (155.2082ms)
✔ actual queued fixture writes base then emits both usages and finish synchronously without timers (3.2808ms)
✔ User/Organization resolver verifies owner and project number without reading items (873.6819ms)
✔ opaque paginated active-only discovery retains 1002 items and exact Issue source (2087.3794ms)
✔ empty pages, invalid cursors and archived cursors never silently restart pagination (1182.9571ms)
✔ quota-only probes accept include flags before/after endpoint and retain plain JSON (581.8287ms)
✔ exact items, memberships and publisher fields support metered and legacy plain callers (1219.3199ms)
✔ configured primary refusal exposes reset headers and recovers exactly at fixture reset (439.0652ms)
✔ secondary failures are finite per-query attempts even with interleaved probes (721.819ms)
✔ 503 failures expose Retry-After without spending quota or triggering source mutation (302.3004ms)
✔ source-drift hook remains shared across pages, legacy lists and exact reads only (1251.8616ms)
✔ legacy Project edits and publisher PR mutation/recovery semantics are preserved (977.8694ms)
✔ errors and observation logs never echo credentials, headers, query text or variables (628.088ms)
✔ invalid quota/failure configurations fail safely and event retention is bounded (1263.6972ms)
✔ parses HTTPS clone URL without resolving redirects (2.6332ms)
✔ parses HTTPS repository URL without resolving redirects (0.2687ms)
✔ parses HTTPS default port without resolving redirects (0.1334ms)
✔ parses SSH SCP URL without resolving redirects (0.2651ms)
✔ parses SSH URI without resolving redirects (0.237ms)
✔ parses SSH default port without resolving redirects (0.2069ms)
✔ parses SSH alternate port without resolving redirects (0.2088ms)
✔ parses case normalization without resolving redirects (0.1548ms)
✔ parses trailing slash without resolving redirects (1.0483ms)
✔ parses Git output newline without resolving redirects (0.3101ms)
✔ keeps old, transferred and deliberately wrong repositories distinct (0.4173ms)
✔ retains valid repository punctuation (0.1626ms)
✔ rejects missing without disclosing the origin (0.7667ms)
✔ rejects null without disclosing the origin (0.1279ms)
✔ rejects non-string without disclosing the origin (0.1102ms)
✔ rejects empty without disclosing the origin (0.1504ms)
✔ rejects bare namespace without disclosing the origin (0.1036ms)
✔ rejects different host without disclosing the origin (0.1028ms)
✔ rejects host suffix without disclosing the origin (0.1003ms)
✔ rejects HTTP without disclosing the origin (0.1019ms)
✔ rejects Git protocol without disclosing the origin (0.147ms)
✔ rejects HTTPS userinfo without disclosing the origin (0.1398ms)
✔ rejects HTTPS password without disclosing the origin (0.1098ms)
✔ rejects SSH password without disclosing the origin (0.0997ms)
✔ rejects non-Git SSH user without disclosing the origin (0.0998ms)
✔ rejects SCP userinfo without disclosing the origin (0.1084ms)
✔ rejects SCP prefix not recognized by the runner without disclosing the origin (0.1507ms)
✔ rejects query without disclosing the origin (0.1026ms)
✔ rejects fragment without disclosing the origin (0.0942ms)
✔ rejects extra path without disclosing the origin (0.1388ms)
✔ rejects traversal without disclosing the origin (0.1641ms)
✔ rejects dot owner without disclosing the origin (0.1442ms)
✔ rejects dot repository without disclosing the origin (0.1582ms)
✔ rejects empty repository without disclosing the origin (0.1567ms)
✔ rejects encoded path without disclosing the origin (0.1231ms)
✔ rejects backslash without disclosing the origin (0.1694ms)
✔ rejects multiple origins without disclosing the origin (0.1031ms)
✔ rejects oversized origin without disclosing the origin (0.1031ms)
✔ reads only the selected checkout origin with bounded, piped Git output (0.337ms)
✔ Git failure discards message, cause, stdout and stderr without fallback (0.2492ms)
✔ a successful Git read cannot admit a credential-bearing origin (0.2083ms)
✔ imports actual-shaped retained native success and reproducible external rejection as a candidate only (112.5836ms)
✔ old oracle without physical digest remains explicitly weaker and prompt alignment remains unreviewed (92.6521ms)
✔ repeated captures and checker versions of one run do not create independent evidence identities (326.3578ms)
✔ local review digest cannot activate a candidate even with two distinct native runs (245.1708ms)
✔ refuses foreign Corp even with repinned retained files (104.0274ms)
✔ refuses foreign room even with repinned retained files (92.9313ms)
✔ refuses other source even with repinned retained files (89.4064ms)
✔ refuses changed contract source even with repinned retained files (85.7084ms)
✔ refuses missing native checks even with repinned retained files (96.5568ms)
✔ refuses failed test under passed native label even with repinned retained files (102.7111ms)
✔ refuses wrong oracle bytes even with repinned retained files (100.9884ms)
✔ refuses wrong resume identity even with repinned retained files (103.8038ms)
✔ refuses wrong resume ancestry even with repinned retained files (95.401ms)
✔ refuses cancelled run even with repinned retained files (96.1776ms)
✔ refuses substituted before bytes even with repinned retained files (94.4042ms)
✔ refuses unknown checker even with repinned retained files (20.8122ms)
✔ hash pins, duplicate JSON keys and traversal are rejected before candidate output (107.1973ms)
✔ directory redirection and oversized files fail closed (149.4986ms)
✔ exact append handles LF and CRLF without normalizing changed source (0.6936ms)
✔ external rejection cannot be imported when exact output actually passes (98.9869ms)
✔ CLI reads pinned inputs and creates one new corpus without overwriting source files (265.9488ms)
✔ CLI has one aggregate read budget covering the request, corpus, manifests and retained files (302.0715ms)
▶ local stack owned-process and state regression fixtures
  ✔ identity comes from the live process and binds only the explicit workspace (2.6192ms)
  ✔ wrong timestamps, executable, workspace and malformed records fail closed (0.1721ms)
  ✔ a stale creation record aimed at a live synthetic PID cannot stop it (0.208ms)
  ✔ stopping the verified root leaves its descendant and an unrelated child alive (0.2092ms)
  ✔ Start accepts working and log directories containing spaces (0.1597ms)
  ✔ Start treats bracketed log directories as literal paths (0.1229ms)
  ✔ Start treats bracketed working directories as literal paths (0.1742ms)
  ✔ failed-start rollback results preserve the original error and require both success signals (0.1275ms)
  ✔ Start preserves literal arguments, spaces, child-only environment and redacted evidence (0.258ms)
  ✔ repeated role launches retain earlier logs and allocate unique stdout/stderr files (0.4176ms)
  ✔ extracted Launch preserves ownership on save failure (verified rollback) (0.1976ms)
  ✔ extracted Launch preserves ownership on save failure (unverified rollback) (0.1293ms)
  ✔ v2 state round-trips nested records and read preserves exact bytes (0.0923ms)
  ✔ corrupt, unsupported and differently scoped state is refused without deleting evidence (0.1515ms)
  ✔ state writes reject traversal, sibling-prefix paths and foreign workspace claims (0.1422ms)
  ✔ state writes reject reparse-point parent directories (0.1251ms)
  ✔ a failed atomic replacement preserves old bytes and removes its temporary file (0.2739ms)
  ✔ concurrent synthetic reader observes only complete atomic state generations (0.087ms)
  ✔ legacy numeric state stays read-only and never authorizes stopping (0.2162ms)
  ✔ cleanup reaps only held synthetic handles and removes only its temporary tree (0.133ms)
✔ local stack owned-process and state regression fixtures (10000.725ms)
ℹ PowerShell 7.6.5; 14 synthetic processes reaped; no fixture tree remains
▶ local stack starter source guards
  ✔ starter has no unconditional stop invocation (0.2425ms)
  ✔ starter never passes a database URL as a command argument (0.1358ms)
  ✔ starter forwards the native runner startup-recovery opt-out unchanged (0.1052ms)
  ✔ persisted runner IDs block automatic reenrollment even when offline (0.092ms)
  ✔ Factory policy paths are canonicalized against the checkout before persistence and launch (0.0826ms)
  ✔ Factory saved connection is retained and passed only as an explicit native option (0.1304ms)
  ✔ live source-ref changes use exact comparison for old and current records (0.0756ms)
  ✔ starter never deletes enrollment or credentials without an explicit reset/rotation guard (0.078ms)
  ✔ Compose operations are guarded by external-database selection (0.0996ms)
  ✔ stopper does not rediscover or terminate a descendant tree from saved PIDs (0.108ms)
✔ local stack starter source guards (2592.3216ms)
✔ one checkout serializes commands while another checkout remains usable (6173.1361ms)
✔ explicit restart nesting and failed operations release their native lock (4879.6898ms)
✔ an interrupted command does not leave a stale lock requiring manual cleanup (3260.8969ms)
✔ both supported entrypoints use the same operation boundary (5.7561ms)
✔ reported idle remains idle without a pending request (2.1764ms)
✔ reported starting remains starting without a pending request (0.1444ms)
✔ reported working remains working without a pending request (0.1484ms)
✔ reported blocked remains blocked without a pending request (0.1444ms)
✔ reported reviewing remains reviewing without a pending request (0.1561ms)
✔ reported offline remains offline without a pending request (0.1163ms)
✔ working station "read" projects reading (0.1987ms)
✔ working station "search" projects reading (0.1819ms)
✔ working station " READ " projects reading (0.2329ms)
✔ working station "Search" projects reading (0.2268ms)
✔ working station "test" projects working (0.1198ms)
✔ working station "build" projects working (0.1548ms)
✔ working station "review" projects working (0.1102ms)
✔ working station "research" projects working (0.0723ms)
✔ working station "bread" projects working (0.0978ms)
✔ working station "break" projects working (0.0752ms)
✔ working station "unknown-tool" projects working (0.0634ms)
✔ working station null projects working (0.0654ms)
✔ a stale station does not invent activity for a non-working agent (0.2557ms)
✔ a blocked agent needs an exact current-run approval match (0.2002ms)
✔ an exact current-run pending review is distinct from an action approval (0.1712ms)
✔ unrelated and prior-run pending requests cannot affect the current agent (0.2255ms)
✔ an approval stops affecting an agent as soon as its current run changes (0.1706ms)
✔ null and empty current-run IDs cannot acquire pending request state (0.2407ms)
✔ offline wins even when the recorded current run has both pending requests (0.1792ms)
✔ exact action approval takes precedence over exact review (0.194ms)
✔ explicit current-run requests do not depend on a blocked display status (0.1626ms)
✔ projection does not mutate agents or request sets or infer state from identity text (1.1318ms)
✔ all eight states have distinct labels and factual descriptions (0.543ms)
✔ roster ordering is stable by ID without mutating the source array (0.3578ms)
✔ renaming or changing activity does not move an existing roster to different seats (0.4168ms)
✔ 0 agents occupy exactly 0 studios without stacked seats (0.288ms)
✔ 1 agents occupy exactly 1 studios without stacked seats (0.3115ms)
✔ 5 agents occupy exactly 1 studios without stacked seats (0.2249ms)
✔ 6 agents occupy exactly 1 studios without stacked seats (0.3409ms)
✔ 7 agents occupy exactly 2 studios without stacked seats (0.2634ms)
✔ 11 agents occupy exactly 2 studios without stacked seats (0.1568ms)
✔ 12 agents occupy exactly 2 studios without stacked seats (0.1016ms)
✔ 13 agents occupy exactly 3 studios without stacked seats (0.1073ms)
✔ 17 agents occupy exactly 3 studios without stacked seats (0.0961ms)
✔ 18 agents occupy exactly 3 studios without stacked seats (0.0983ms)
✔ 19 agents occupy exactly 4 studios without stacked seats (0.0923ms)
✔ snapshot input reordering preserves page and seat assignment for 18 agents (0.2817ms)
✔ reordering across a partially filled page boundary preserves each agent seat (0.6248ms)
✔ studio dimensions and the six feet anchors match the renderer contract exactly (0.1902ms)
✔ desk access never wraps overflow or invalid indexes onto occupied seats (0.7869ms)
✔ all desk footprints stay above their chairs and never overlap another desk or decor (0.2752ms)
✔ desk 0 has one finite arrival route clear of every workstation (0.4107ms)
✔ desk 1 has one finite arrival route clear of every workstation (0.1393ms)
✔ desk 2 has one finite arrival route clear of every workstation (0.106ms)
✔ desk 3 has one finite arrival route clear of every workstation (0.0968ms)
✔ desk 4 has one finite arrival route clear of every workstation (0.1299ms)
✔ desk 5 has one finite arrival route clear of every workstation (0.0829ms)
✔ route and desk results do not expose shared mutable layout state (0.1839ms)
✔ pending native review distinguishes invalid artifact paths from invalid artifact IDs (80.7886ms)
✔ pending native intent survives acceptance changes and reviewed adoption replays one exact revision (59.6347ms)
✔ pending intent cannot apply and generic native approval cannot authorize exact feedback (35.537ms)
✔ reviewed feedback refuses adopter as reviewer before a revision (27.91ms)
✔ reviewed feedback refuses producer as reviewer before a revision (22.9907ms)
✔ reviewed feedback refuses source requester as reviewer before a revision (22.5061ms)
✔ reviewed feedback refuses rejected decision before a revision (19.1571ms)
✔ reviewed feedback refuses future decision before a revision (24.2126ms)
✔ reviewed feedback refuses decision before intent before a revision (23.9119ms)
✔ reviewed feedback refuses wrong note digest before a revision (25.0646ms)
✔ reviewed feedback refuses extra note prose before a revision (20.7796ms)
✔ reviewed feedback refuses ordinary human gate before a revision (19.9802ms)
✔ reviewed feedback refuses requester exclusion disabled before a revision (18.9547ms)
✔ native approval cannot excuse changed target task (21.1945ms)
✔ native approval cannot excuse changed target version (23.6154ms)
✔ native approval cannot excuse changed source commit (20.0426ms)
✔ native approval cannot excuse changed artifact identity (25.9233ms)
✔ native approval cannot excuse changed corpus bytes digest (25.3204ms)
✔ native approval cannot excuse changed selected rule digest (22.1406ms)
✔ native approval cannot excuse changed selected guidance (25.002ms)
✔ native approval cannot excuse changed adopter identity (24.5531ms)
✔ native approval cannot excuse changed replacement effect (27.1826ms)
✔ native approval cannot excuse changed unknown authority field (28.3828ms)
✔ persisted verifier policy and automated evidence drift invalidate the intent independently of acceptance (89.1313ms)
✔ missing or contradictory native rows and capture drift fail closed (33.3306ms)
✔ reviewed apply rechecks the actual decision and preserves ambiguous outcomes and idempotency (45.4056ms)
✔ reviewed apply rejects altered intent bytes and expired proposal without native effects (24.7057ms)
✔ a changed post-effect review remains uncertain and cannot assert a verified binding (29.7096ms)
✔ review intent time bounds are revalidated during accepted-source reconstruction (24.5975ms)
✔ CLI native-review preparation, exact intent selection and apply keep separate raw and canonical hashes (127.6229ms)
✔ prepare is read-only and exposes the exact reference-only change for review (25.3319ms)
✔ an unprefixed objective stays candidate because native composition would change it (25.0746ms)
✔ native normalization fixed points retain description and objective exactly (26.6878ms)
✔ public identifiers and digest selectors reject coercible arrays and objects before effects (20.439ms)
✔ time, timeout and trusted routing fields require their declared primitive types (26.8989ms)
✔ apply performs one native revision, preserves authority and never launches (25.1736ms)
✔ typed native file selection pins outer provenance and exact decoded corpus while preserving raw compatibility (37.1863ms)
✔ native typed unknown schema field is refused even with matching outer artifact digest (16.593ms)
✔ native typed missing native schema field is refused even with matching outer artifact digest (18.3098ms)
✔ native typed coercible version is refused even with matching outer artifact digest (16.1095ms)
✔ native typed unsupported archive form is refused even with matching outer artifact digest (13.7364ms)
✔ native typed wrong base is refused even with matching outer artifact digest (15.11ms)
✔ native typed wrong verifier is refused even with matching outer artifact digest (14.2297ms)
✔ native typed wrong head is refused even with matching outer artifact digest (13.4648ms)
✔ native typed bundle payload is refused even with matching outer artifact digest (13.5708ms)
✔ native typed patch checksum is refused even with matching outer artifact digest (16.7187ms)
✔ native typed patch noncanonical base64 is refused even with matching outer artifact digest (15.8553ms)
✔ native typed selected hash is refused even with matching outer artifact digest (15.5616ms)
✔ native typed selected byte count is refused even with matching outer artifact digest (13.128ms)
✔ native typed selected file size bound is refused even with matching outer artifact digest (20.0328ms)
✔ native typed selected base64 is refused even with matching outer artifact digest (17.761ms)
✔ native typed selected symlink is refused even with matching outer artifact digest (13.2258ms)
✔ native typed selected submodule is refused even with matching outer artifact digest (13.4319ms)
✔ native typed selected media is refused even with matching outer artifact digest (14.8759ms)
✔ native typed duplicate path is refused even with matching outer artifact digest (12.9668ms)
✔ native typed case alias is refused even with matching outer artifact digest (13.4878ms)
✔ native typed file directory conflict is refused even with matching outer artifact digest (12.8883ms)
✔ native typed traversal is refused even with matching outer artifact digest (15.3318ms)
✔ native typed absolute path is refused even with matching outer artifact digest (15.3071ms)
✔ native typed Windows stream is refused even with matching outer artifact digest (13.5804ms)
✔ native typed Windows device is refused even with matching outer artifact digest (14.7179ms)
✔ native typed trailing dot alias is refused even with matching outer artifact digest (16.3112ms)
✔ native typed coercible entry path is refused even with matching outer artifact digest (12.6285ms)
✔ native typed deleted selection is refused even with matching outer artifact digest (15.4636ms)
✔ typed path selection requires one exact safe file, source role and original outer bytes (18.366ms)
✔ typed decoded corpus cannot substitute a different well-hashed file or retarget a reviewed proposal (28.6438ms)
✔ typed base64 padding bits are canonical even when permissive decoding preserves the correct bytes (20.8812ms)
✔ same byte-pinned proposal replays its native key without adding guidance or a second revision (21.3048ms)
✔ lost response stays unknown with no automatic retry; exact replay reconciles it (23.113ms)
✔ an HTTP400 after persistence stays unknown and same-key replay confirms one revision (23.5128ms)
✔ live Corp drift refuses before a request (16.838ms)
✔ live room drift refuses before a request (14.9405ms)
✔ live mission drift refuses before a request (18.7795ms)
✔ live task drift refuses before a request (21.1634ms)
✔ live run drift refuses before a request (14.4846ms)
✔ live actor drift refuses before a request (16.2615ms)
✔ live source commit drift refuses before a request (15.5673ms)
✔ live verifier digest drift refuses before a request (16.0884ms)
✔ live artifact digest drift refuses before a request (13.4793ms)
✔ an accepted receipt with incomplete bounded evidence remains candidate (16.898ms)
✔ an observed manual gate must retain its native decision and decider (20.821ms)
✔ missing native corpus evidence or mismatched actual bytes never borrows an unrelated accepted run (17.4996ms)
✔ typed envelopes, missing review bytes and requested independent review remain explicit candidates (22.229ms)
✔ UTF-8 reference bounds do not silently truncate valid longer advisory guidance (14.5459ms)
✔ changed target ready status cannot be overwritten (24.454ms)
✔ changed target existing run cannot be overwritten (20.3378ms)
✔ changed target contract version cannot be overwritten (19.2485ms)
✔ changed target budget cannot be overwritten (17.6411ms)
✔ changed target verifier cannot be overwritten (16.7624ms)
✔ changed target source cannot be overwritten (19.0877ms)
✔ changed target source connection cannot be overwritten (16.7376ms)
✔ changed target tools cannot be overwritten (16.815ms)
✔ changed target Corp cannot be overwritten (22.186ms)
✔ changed target room cannot be overwritten (18.834ms)
✔ changed target origin cannot be overwritten (16.2108ms)
✔ repinned unauthorized proposal changes cannot alter anything except selected references (31.6511ms)
✔ wrong proposal hash, edited corpus/review/receipt, future or expired proposal fails before POST (18.762ms)
✔ expired selected guidance is not rescued by the remaining proposal lifetime (23.9422ms)
✔ expiry crossing during live prechecks is repeated immediately before mutation (18.8148ms)
✔ one total operation deadline cannot be renewed by a slow target precheck (230.1935ms)
✔ duplicate-key or reformatted proposal JSON cannot masquerade as the prepared byte representation (18.6308ms)
✔ source drift after successful mutation is accurately retained as applied (19.6114ms)
✔ source access loss after mutation is never mislabeled refusal-before-effects (18.0314ms)
✔ an HTTP error after a request is unknown without transaction-stage evidence and is not retried (20.9042ms)
✔ a contradictory successful response or changed native readback stays unknown (20.7461ms)
✔ exact native target projection refuses filtered context and preserves whole scope (14.564ms)
✔ file input requires selected exact bytes and fails closed on an oversized or malformed input (35.124ms)
✔ feedback file reads accumulate short native reads before validating bytes (18.505ms)
✔ feedback file truncate during short reads fails without a hash pin (5.5646ms)
✔ feedback file grow during short reads fails without a hash pin (6.1894ms)
✔ CLI preparation writes new review artifacts and an existing apply receipt refuses before network or effects (55.1091ms)
✔ CLI exits nonzero for refused adoption while preserving its JSON receipt (196.6154ms)
✔ CLI typed prepare explicitly selects the native file and apply has no path override (46.8806ms)
✔ retained native candidate cannot become saved-task guidance or a native revision (20.9864ms)
✔ forged locally activated native evidence cannot become saved-task guidance or a native revision (25.3999ms)
✔ native evidence mixed into an activated typed artifact cannot become saved-task guidance or a native revision (24.1886ms)
✔ receipt whitelists metadata and distinguishes persisted acceptance from optional verifier digests (11.5437ms)
✔ native runner, model and ref metadata preserves valid punctuation, spaces, Unicode and UTF-8 limits (3.5406ms)
✔ native metadata keeps bounded invalid text and malformed source tuples out of receipts (20.117ms)
✔ native source identity accepts uppercase hexadecimal commits and full bounded repository components (1.0829ms)
✔ published native refs and native MIME token punctuation are observed without a custom identifier alphabet (1.0905ms)
✔ historical evidence never borrows the current task verifier policy count (1.5224ms)
✔ conflicting or invalid run-bound check counts remain unknown (3.4758ms)
✔ missing and duplicate check indices cannot establish completeness; malformed indices fail (0.8646ms)
✔ receipt rejects mismatched run Corp (0.5777ms)
✔ receipt rejects mismatched task Corp (0.4416ms)
✔ receipt rejects mismatched mission Corp (0.3273ms)
✔ receipt rejects mismatched room Corp (0.1695ms)
✔ receipt rejects mismatched exact actor (0.1726ms)
✔ receipt rejects mismatched exact room (0.1498ms)
✔ receipt rejects mismatched exact mission (0.2057ms)
✔ receipt rejects mismatched evidence task (0.2125ms)
✔ receipt rejects mismatched event room (0.2062ms)
✔ receipt rejects mismatched partial source (0.1509ms)
✔ current-run rejects later same-task runs and tied times, retaining nanosecond ordering (1.4231ms)
✔ typed resume lineage requires same task and producer, and records unavailable ancestors honestly (1.9867ms)
✔ exact recovery count is run-bound; private policy and notes are omitted (0.6269ms)
✔ published-result binds its exact source artifact and hashes opaque source revisions (0.6451ms)
✔ published-result accepts an exact historical publication despite a later same-task run (0.8093ms)
✔ published-result refuses mismatched Factory mission (0.3293ms)
✔ published-result refuses mismatched deliverable task (0.2804ms)
✔ published-result refuses mismatched deliverable source base (0.222ms)
✔ published-result refuses mismatched run deliverable digest (0.1739ms)
✔ published-result refuses mismatched publication run (0.1799ms)
✔ published-result refuses mismatched provenance mission (0.2937ms)
✔ published-result refuses mismatched provenance source issue (0.1973ms)
✔ published-result refuses mismatched provenance target (0.2249ms)
✔ published-result refuses mismatched recorded PR head (0.2464ms)
✔ published-result refuses mismatched recorded PR repository (0.2004ms)
✔ published-result refuses mismatched recorded PR provenance (0.2478ms)
✔ byte verification rejects tampering and each missing or conflicting native response boundary (1.02ms)
✔ receipt validator rejects extra content, contradictory acceptance, and mixed origin/artifact roles (4.36ms)
✔ fingerprint tolerates observation timestamps and detects selected source, contract and artifact drift (3.1135ms)
✔ compiled native MCP export performs two captures and downloads only selected-origin artifact IDs (763.7373ms)
✔ artifact retention selection is bounded before reading host configuration (0.6633ms)
✔ compiled native evidence retains only explicitly selected verified bytes and preserves public receipt schema (447.6109ms)
✔ compiled native evidence rejects an unowned artifact selection before any artifact download (76.9952ms)
✔ compiled native evidence never returns retained bytes from a tampered artifact or changed source (202.5379ms)
✔ compiled native exporter keeps opaque runner/model/ref metadata out of every request route (136.2131ms)
✔ compiled native export rejects state drift during its artifact read (136.5284ms)
✔ compiled native export rejects mismatched context before downloading artifacts (72.0979ms)
✔ compiled native export refuses artifact redirects without forwarding credentials (73.2279ms)
✔ compiled native export rejects oversized bodies and withholds HTTP error content (129.7808ms)
✔ compiled native export bounds a stalled exact-context body by its whole-operation timeout (1009.2588ms)
✔ receipt CLI writes a create-only metadata file and a compact redacted summary (710.1742ms)
✔ owned server requires matching executable, creation, endpoint, and workspace (2.9678ms)
✔ manual, remote, stale, or non-owned manifests never authorize restart (0.82ms)
✔ Windows retains legacy timestamp tolerance and case-insensitive paths (0.5855ms)
✔ legacy Windows identity callers remain supported without weakening explicit checks (2.1298ms)
✔ Linux requires the exact boot/PID/start-tick, executable, cwd/root, and socket binding (3.7197ms)
✔ Linux rejects malformed, legacy-Windows, and changed receipts (0.8496ms)
✔ every existing manual port remains denied on Windows and Linux and all loopback hosts (1.2623ms)
✔ remote, credentialed, missing-port, and malformed-scope endpoints fail closed (0.6691ms)
✔ only a complete scoped JSON object is a process receipt (0.767ms)
✔ proc stat parses the final comm parenthesis and preserves 64-bit start ticks (1.0362ms)
✔ proc stat rejects wrong PID, truncated fields, malformed state, and invalid ticks (0.5267ms)
✔ Linux listener proof intersects the exact port and LISTEN state with PID-owned inodes (1.3434ms)
✔ malformed or unavailable proc network input supplies no ownership authority (0.5469ms)
✔ artifact recovery overrides are child-only and match native numeric bounds (0.7742ms)
✔ probe requires explicit scope and forwards only its scoped credential environment (4.2438ms)
✔ probe summary contains collection counts, never snapshot data or private paths (0.6125ms)
✔ probe permits HTTP only for normalized canonical loopback origins and requires HTTPS elsewhere (9.5155ms)
✔ recovery probe reports only native metadata and never infers missing capability or exposes policy (1.4928ms)
✔ recovery probe rejects malformed work-item IDs before spawning any gateway (1.1773ms)
✔ compiled recovery probe rejects impossible native numeric metadata and preserves exhausted authority (463.8638ms)
✔ compiled recovery tool makes exactly the selected authorized GET in both modes (151.5793ms)
✔ compiled recovery probe selects one context without reading the broad snapshot or exposing private fields (75.6399ms)
✔ compiled recovery tool refuses malformed IDs, extra scope or effect arguments before HTTP (130.9273ms)
✔ compiled recovery tool rejects mismatched Corp or work-item responses (311.8652ms)
✔ compiled recovery probe preserves authorization and not-found failures without private diagnostics (228.2286ms)
✔ compiled recovery inspection never follows redirects in either gateway mode (134.5326ms)
✔ compiled recovery inspection caps HTTP bodies even in the legacy write-capable gateway mode (115.8481ms)
✔ compiled read-only MCP completes the real stdio handshake and makes only one scoped GET (61.9392ms)
✔ compiled MCP ignores notifications and denies mutating calls before HTTP while preserving the default catalog (115.0693ms)
✔ compiled MCP keeps malformed omitted-ID objects silent and effect-free (read-only) (59.3714ms)
✔ compiled MCP keeps malformed omitted-ID objects silent and effect-free (unrestricted) (60.7685ms)
✔ compiled probe withholds API error content and enforces its whole-probe timeout (1094.0317ms)
✔ compiled read-only inspection rejects redirects without contacting a second origin (146.468ms)
✔ compiled read-only startup requires every routing variable before serving even initialization (247.8102ms)
✔ compiled read-only flag rejects command-line tokens (split option, CLI only) (72.3675ms)
✔ compiled read-only flag rejects command-line tokens (split option, CLI plus environment) (64.3978ms)
✔ compiled read-only flag rejects command-line tokens (equals option, CLI only) (72.1914ms)
✔ compiled read-only flag rejects command-line tokens (equals option, CLI plus environment) (69.2772ms)
✔ compiled read-only flag accepts only the environment token and exposes the restricted catalog (86.2544ms)
✔ compiled read-only environment rejects command-line tokens (split option, CLI only) (68.1403ms)
✔ compiled read-only environment rejects command-line tokens (split option, CLI plus environment) (65.315ms)
✔ compiled read-only environment rejects command-line tokens (equals option, CLI only) (81.8304ms)
✔ compiled read-only environment rejects command-line tokens (equals option, CLI plus environment) (65.9002ms)
✔ compiled read-only environment accepts only the environment token and exposes the restricted catalog (61.4669ms)
✔ compiled unrestricted MCP preserves legacy CLI token precedence (split option) (115.5001ms)
✔ compiled unrestricted MCP preserves legacy CLI token precedence (equals option) (121.1785ms)
✔ compiled native read-only HTTP body rejects oversized declared length before end (200) (70.5366ms)
✔ compiled native read-only HTTP body rejects streamed overflow before end (200) (120.5207ms)
✔ compiled native read-only HTTP body rejects oversized declared length before end (403) (67.5366ms)
✔ compiled native read-only HTTP body rejects streamed overflow before end (403) (109.1345ms)
✔ compiled native HTTP body accepts the inclusive read-only limit and preserves unrestricted transport (702.2046ms)
✔ compiled native HTTP body preserves small successful and error response behavior (383.7867ms)
✔ withholds all six source ACKs for each of two native automatic attempts (5.3501ms)
✔ holds all quality ACK duplicates to the same 8-second deadline, preserving bytes (1.7205ms)
✔ gameplay and integration pass source ACKs unchanged (0.5438ms)
✔ native resume passes ACKs and does not consume a third automatic attempt (0.3431ms)
✔ non-source ACK, heartbeat, credential rotation, approval and lifecycle are opaque passthrough (0.578ms)
✔ rejects foreign or unproven run, Corp and hash before fault decisions (1.6021ms)
✔ assignment rebinding cannot swap a different task, scope or command kind (0.907ms)
✔ late-ACK release sends one exact original old-run frame once without retagging (1.4702ms)
✔ refuses manual-stack, wrong-repository and missing opt-in config (1.7228ms)
▶ real loopback WebSocket wiring: native schema, ordered forwarding, reconnection and redaction
  ▶ isolated concurrent fixture 1
    ✔ synthetic endpoints require live ownership without relaxing config guards (15.8462ms)
    ✔ persisted owner/name schema binds and stop cannot overtake a pending assignment (61.0298ms)
    ✔ upload byte transparency, ACK withholding and metadata non-disclosure (52.6494ms)
    ✔ a stale snapshot/close callback cannot bind, send or close the replacement connection (166.5972ms)
  ✔ isolated concurrent fixture 1 (467.8085ms)
  ▶ isolated concurrent fixture 2
    ✔ synthetic endpoints require live ownership without relaxing config guards (11.6763ms)
    ✔ persisted owner/name schema binds and stop cannot overtake a pending assignment (61.452ms)
    ✔ upload byte transparency, ACK withholding and metadata non-disclosure (52.6756ms)
    ✔ a stale snapshot/close callback cannot bind, send or close the replacement connection (164.3438ms)
  ✔ isolated concurrent fixture 2 (421.1011ms)
✔ real loopback WebSocket wiring: native schema, ordered forwarding, reconnection and redaction (468.9121ms)
✔ relocated doctor checks declared tools through native version commands without leaking ambient secrets or installing (1322.6033ms)
✔ wrong node version produces a failing CLI result (1265.1236ms)
✔ wrong pnpm version produces a failing CLI result (1163.6743ms)
✔ wrong rustc version produces a failing CLI result (1098.665ms)
✔ wrong cargo version produces a failing CLI result (1104.8689ms)
✔ missing package manager fails without falling back to another host command (928.9282ms)
✔ failed component probes suppress raw stdout and stderr (1114.5148ms)
✔ unrecognized version output is rejected without echoing the command response (1109.0949ms)
✔ an unavailable pinned rustup toolchain fails instead of installing or selecting stable (1097.0597ms)
✔ already selected direct Rust binaries can be verified without rustup (1122.3649ms)
✔ invalid .node-version declaration fails before any command runs (version) (175.0967ms)
✔ invalid package.json declaration fails before any command runs (version) (170.943ms)
✔ invalid rust-toolchain.toml declaration fails before any command runs (floating Rust) (160.2457ms)
✔ invalid rust-toolchain.toml declaration fails before any command runs (component) (170.2849ms)
✔ unsupported CLI arguments fail before probing tools (171.9314ms)
ℹ tests 1253
ℹ suites 0
ℹ pass 1253
ℹ fail 0
ℹ cancelled 0
ℹ skipped 0
ℹ todo 0
ℹ duration_ms 55246.1622
