$ node --test --test-concurrency=2 --test-timeout=180000 "apps/web/src/**/*.test.mjs" "tools/*.test.mjs"
✔ editor preserves its accessible control names, preview hook, and all six check choices (43.6804ms)
✔ switching check types resets their incompatible fields and retains the rest of the policy (8.7553ms)
✔ every check-field callback retains the selected variant and unchanged checks (20.746ms)
✔ adding and removing checks preserves tab selection, including external policy shrink and the empty state (18.8588ms)
✔ the 16-check add button limit and oversized-policy feedback are retained (11.7059ms)
✔ manual-gate transitions retain default role ordering, requester exclusion, and explicit removal (14.194ms)
✔ preview keeps exact check order, manual-role labels, heading overrides, and requester-exclusion guidance (2.3076ms)
✔ Factory exact-run navigation replaces a remembered newer outcome before mission remount (5.1322ms)
✔ run navigation ignores the duplicate activity marker in a hidden Factory tab (15.993ms)
✔ artifact navigation chooses its exact producer while mission-only navigation preserves the current choice (1.5248ms)
✔ unavailable run/task/mission cannot overwrite remembered evidence or open another run (3.2078ms)
✔ storage failure or obsolete viewer fails closed before navigation (2.5741ms)
✔ explicit navigation writes only the selected viewer scope and only the run identity (1.389ms)
✔ reload keeps the decided run instead of the other pending review or a newer worker (2.6119ms)
✔ remembered evidence is scoped to the API server, Corp, actor and mission (0.4775ms)
✔ missing remembered work never silently substitutes another visible review (0.3824ms)
✔ unreadable or malformed stored context requires explicit selection, not the next review (0.5079ms)
✔ a first visit is distinct from unreadable history; failed writes do not throw (0.3753ms)
✔ only the selected run ID is stored; reviews and authority never enter browser persistence (1.381ms)
✔ MissionCard scopes remounts, pins initial evidence and fails closed when persistence fails (11.0071ms)
✔ issue210 only the explicit server flag adds correction to a native checkpoint (4.3108ms)
✔ issue210 verifier availability is independent of correction and missing availability preserves legacy behavior (1.7877ms)
✔ issue210 revision source is the exact server-selected verifier, with no cross-item fallback (0.718ms)
✔ only native proof plus its cancellation marker exposes source-only checkpoint verification (0.4113ms)
✔ a running checkpoint needs no cancellation repair, and ordinary verification failure stays compatible (0.3224ms)
✔ missing/tampered source, checkpoint, head, active recovery or terminal outcome offers no new recovery (0.5392ms)
✔ context requests are not recovery grants and never depend on inferred mission spend/status (0.3847ms)
✔ copied command binding retains the saved connection and never falls back on malformed metadata (0.4227ms)
✔ actual presentation selects the endpoint source, not the newest visible run or mission cancellation (152.6108ms)
✔ issue210 presentation separates provider-free verification from a budgeted same-session fix (31.9061ms)
✔ issue210 source-only and unavailable checkpoint presentations never suggest generic recovery (53.547ms)
✔ actual context loader is GET-only and admits the exact item/version/mission checkpoint (56.7573ms)
✔ actual context loader rejects stale/cross-scope and malformed flags without snapshot fallback (211.3968ms)
✔ issue210 actual loader accepts boolean correction flags and defaults missing legacy authority closed (52.4274ms)
✔ issue210 exact loader retains true, false and missing checkpoint availability without granting another mode (45.7481ms)
✔ actual UI action copies only explicit checkpoint verification with the original scope/connection (204.1238ms)
✔ issue210 actual correction action retains the original CLI route, source and connection (369.1608ms)
✔ issue210 actual card drops correction authority immediately when item, version or actor changes (390.4372ms)
✔ issue210 actual contract submission uses the scoped verifier, not its provider ancestor (51.0072ms)
✔ issue210 editor loading, errors, stale context and denied correction cannot fall back or submit (285.5712ms)
✔ issue210 ordinary contract resume, redispatch and requester/role boundaries stay intact (104.4746ms)
✔ issue210 actual source-only context copies correction and revises the exact verifier; no-mode context does neither (242.3719ms)
✔ actual resume handler and rendered provider control respect native recovery blocking (9.4284ms)
✔ actual App Resume control survives an ineligible ordinary Factory recovery lookup and uses the native actor-bound POST (316.1677ms)
✔ issue221 explicit provider-correction permission permits null head without granting checkpoint or generic resume (1.3078ms)
✔ issue221 actual context reader retains null head/current provider proof and malformed heads remain non-actionable (475.3882ms)
✔ issue221 actual copy/revision actions use only source correction for the latest failed provider with null head (336.4307ms)
✔ wrong-first legacy Project 174 cannot displace the selected live lab controller (2.5305ms)
✔ every Project/repository/Corp component must match, even with an active-item pointer (0.7301ms)
✔ GitHub owner/repository case and surrounding whitespace normalize independently (0.3465ms)
✔ missing/malformed scope is neutral rather than an empty-scope match (0.3218ms)
✔ the exact active item wins among live controllers in the same scope (0.3947ms)
✔ a current live scope match wins over a stale offline active-item pointer (0.2618ms)
✔ with only offline matches, retain the exact item rather than crossing scope (0.2555ms)
✔ without an item, prefer useful live intake in the current Corp (0.4931ms)
✔ empty/no-match and unavailable explicit selections never borrow another controller (0.4302ms)
✔ heartbeat freshness and stable ID break ties without using array order or mutating inputs (2.4852ms)
✔ snapshot refresh and selected scope changes return the exact new ID/version object (0.3527ms)
✔ the actual FactoryPanel resolver feeds displayed state and both action callbacks (21.3353ms)
✔ the actual component guards controller actions, retains role gating and passes the same callback (12.2387ms)
✔ the actual API action handler targets the resolved controller ID and version for all actions (75.8018ms)
✔ the production handler preserves the existing ID-scoped idempotency/version on a lost response (27.9028ms)
✔ primary_rate_limit has a reader-facing reason and an automatic future retry (30.161ms)
✔ secondary_rate_limit has a reader-facing reason and an automatic future retry (1.0406ms)
✔ graphql_quota has a reader-facing reason and an automatic future retry (1.0455ms)
✔ github_unavailable has a reader-facing reason and an automatic future retry (1.8296ms)
✔ quota, cost and timestamps come from the snapshot, not derived or default budgets (1.1991ms)
✔ equivalent offset timestamps have the same local retry time and boundary (1.0129ms)
✔ at or after the retry deadline, waiting is not presented as a successful retry (1.1951ms)
✔ zero remaining, limit, query cost and failures remain real zeros (0.5959ms)
✔ paused desired state wins without rewriting controller health or promising a retry (1.067ms)
✔ offline health wins over polling metadata, including an elapsed retry (1.3318ms)
✔ paused and offline together retain both conditions and existing paused precedence (0.7399ms)
✔ absent legacy polling leaves the old strip intact and never fabricates a wait (0.2991ms)
✔ missing or malformed backoff data is unavailable, never zero or an invented deadline (0.4716ms)
✔ invalid values are not coerced to numbers or dates and unknown reasons are not rendered raw (1.8409ms)
✔ partial quota data preserves observed zeros while missing fields remain unavailable (0.3912ms)
✔ healthy telemetry does not infer a backoff from a zero quota or failure count (0.4806ms)
✔ UI integration remains read-only, accessible, and uses existing controller controls (25.0677ms)
✔ line normalization preserves argument boundaries, literal punctuation, and duplicate values (2.8459ms)
✔ role entry supports commas and CRLF without silently deduplicating or authorizing roles (0.5244ms)
✔ mission projection retains exact task, runner and human control attribution (4.7036ms)
✔ foreign tasks and same-ID foreign-Corp runners cannot supply collaboration state (0.4109ms)
✔ offline retains work without advertising live control or termination (0.5789ms)
✔ connecting retains work without advertising live control or termination (0.3444ms)
✔ a failed snapshot refresh retains exact work without advertising live controls (0.446ms)
✔ invalid snapshot receipt NaN cannot advertise live controls (0.287ms)
✔ invalid snapshot receipt Infinity cannot advertise live controls (0.2755ms)
✔ invalid snapshot receipt 0 cannot advertise live controls (0.241ms)
✔ invalid snapshot receipt -1 cannot advertise live controls (0.3269ms)
✔ expired/malformed lease 2026-09-16T11:59:00Z cannot claim a controller (0.5539ms)
✔ expired/malformed lease 2026-09-16T12:00:00Z cannot claim a controller (0.2435ms)
✔ expired/malformed lease bad cannot claim a controller (0.1486ms)
✔ verifying has recorded evidence but no provider controls (0.2331ms)
✔ completed has recorded evidence but no provider controls (0.0897ms)
✔ lost has recorded evidence but no provider controls (0.1778ms)
✔ cancelled has recorded evidence but no provider controls (0.1336ms)
✔ a provider-free run and a superseded agent assignment expose no live controls (0.3182ms)
✔ runner grace and offline remain distinct; neither supplies human presence (0.1816ms)
✔ review links bind exact run/task and explain role and requester exclusion (0.4346ms)
✔ missing and historical identities never become fabricated named owners or current controllers (0.2002ms)
✔ draft cache survives surface remounts but never crosses Corp/actor/room/mission (0.2531ms)
✔ actual component navigation only requests exact context; rendering sends no commands (13.2944ms)
✔ actual disconnected component retains readable evidence with an explicit warning (1.1721ms)
✔ actual failed-refresh component distinguishes stale data from a disconnected transport (0.959ms)
✔ actual component rejects missing receipt freshness and restores controls after a successful refresh (3.5731ms)
✔ App preserves main snapshot metadata and exact-run navigation while passing numeric receipt freshness (6.3341ms)
✔ App embeds existing scoped discussion and pins evidence before exact-run navigation (2.6544ms)
✔ late completion notifies remounted composers without clearing a newer or same-text draft (0.5961ms)
✔ late operation acknowledgment cannot clear a replacement idempotency key (171.5252ms)
✔ actual App selection never substitutes another mission after the selected record disappears (105.4773ms)
✔ actual briefing navigation has a visible destination for legacy empty descriptions (76.5277ms)
✔ verification checks do not change launch intent (2.2024ms)
✔ review navigation cannot turn its click into a form submission (0.4369ms)
✔ ordinary application setup cannot silently fall back to the fake runtime (0.6559ms)
✔ composer uses two clear steps and starts with an empty goal (0.4259ms)
✔ advanced settings and detailed requirements are optional disclosures (1.053ms)
✔ closing setup preserves the draft and returns to existing mission context (0.8484ms)
✔ explicit links to existing work reveal it without erasing an open draft (0.6674ms)
✔ native creation and explicit held-plan behavior remain unchanged (0.3613ms)
✔ review keeps the exact source and current server-derived allocation visible (0.4485ms)
✔ scope requires four explicit bounded identities and cannot mutate after submission (3.8775ms)
✔ current origin binds the exact view instance, not just equal IDs (0.4789ms)
✔ read issues exactly one encoded, uncached GET with cancellation and no body (12.7176ms)
✔ Direct accepts only exact returned linkage and drops unexpected hidden fields (1.6651ms)
✔ Factory retains only the validated work item, repository, issue number and exact URL (117.6829ms)
✔ all four response identities must echo the bound request exactly (7.9291ms)
✔ missing, malformed and older origin responses never become Direct (3.3618ms)
✔ Factory fields are required and null or missing metadata is never partly accepted (4.0079ms)
✔ Factory rejects invalid work-item identities, repository paths and issue numbers (30.2758ms)
✔ only the raw HTTPS GitHub issue URL matching returned repository and number is accepted (4.1988ms)
✔ mixed-case owner/repository URLs match normalized identity and retain display case (1.508ms)
✔ valid case-preserving repositories and positive safe issue numbers remain verbatim (1.0327ms)
✔ old endpoints, denied authorization and transport failures stay unavailable without raw errors (1.8091ms)
✔ a synchronous API failure is contained and clears the read timer (0.8067ms)
✔ timeout aborts an unsettled read and suppresses both late success and late failure (1.0201ms)
✔ a settled success or failure cannot be overwritten by an already queued timeout (1.1105ms)
✔ cancellation before the scheduled read prevents even the GET (1.1237ms)
✔ in-flight cancellation ignores transports that resolve or reject after abort (1.0006ms)
✔ component reads once for a valid view and renders truthful Direct copy in one styled paragraph (18.6021ms)
✔ component links only a fully validated Factory response, not extra returned fields (3.7714ms)
✔ all four operating roles may read; guests, spectators and unknown roles never request context (17.2104ms)
✔ invalid or absent scope props render the conservative fallback without requesting (13.7389ms)
✔ failed exact reads preserve #185 positive or unknown fallback without inventing links or hiding failure (9.3545ms)
✔ a failed origin lookup can be retried explicitly without changing the work identities (3.9699ms)
✔ Corp, actor, room and mission changes hide old success and errors before effect cleanup (13.5132ms)
✔ late success and errors from a replaced request cannot update the current component (14.5468ms)
✔ leaving and returning to identical IDs cannot revive an earlier success or failure (4.1708ms)
✔ same-ID reopened pending requests ignore the original response and error after current denial (4.419ms)
✔ a guest transition revokes displayed source data and returning operators must read again (2.4825ms)
✔ operating-role and API changes also invalidate old privileged context (3.3827ms)
✔ unmount cancels the read and a fresh mount with identical IDs cannot inherit its outcome (2.6627ms)
✔ one builder preserves the complete current creation payload and retained settings (3.7641ms)
✔ provider defaults, supported reasoning and commit-branch semantics match submission (0.4151ms)
✔ existing deterministic fixture semantics are not converted into provider settings (0.3758ms)
✔ scope freezes the exact serialized body and rejects an actor mismatch (0.9094ms)
✔ every request field, Corp and actor invalidate an earlier quote (1.5229ms)
✔ preview debounces, uses the exact creation body, and calls only the read-only preview POST (9.5667ms)
✔ an edit or closing the composer before debounce starts no request (0.4547ms)
✔ an invalidated request is aborted and cannot publish a late successful quote (2.0359ms)
✔ late errors after actor/Corp change or unmount cannot replace the new preview (1.4982ms)
✔ editing away and back still requires a fresh request, not a revived quote (1.2074ms)
✔ allocations are displayed verbatim from the server, not a frontend Studio formula (0.9948ms)
✔ missing or mismatched quote fields never become a current allocation (2.5002ms)
✔ an absent preview endpoint gives a useful failure state without inventing allocations (1.4075ms)
✔ preview response is bounded to eight tasks without reallocating server budgets (1.0727ms)
✔ unknown, self, duplicate and oversized dependency references remain unknown allocations (1.3506ms)
✔ retry clears an old failure immediately and can accept a fresh quote (2.1619ms)
✔ timeout clears the quote, aborts the request and ignores a late response (1.2496ms)
✔ App shares the request body, invalidates keyed preview instances and retains native Launch (5.4498ms)
✔ mission selection and Discuss use the authoritative non-first owning room (1.5622ms)
✔ mission, task, run and artifact deep links resolve to the same owning room (1.3323ms)
✔ an explicit room deep link and all-discussion view stay in that room (0.2588ms)
✔ stale, missing and older mission/room projections never fall back to the first room (0.2309ms)
✔ related work is limited to the selected room and mission, not a fixed item count (1.954ms)
✔ messages are room-filtered before mission links and out-of-order reply ancestry (0.9316ms)
✔ valid room, mission and inherited reply submissions retain the same scope (0.7592ms)
✔ stale actor, Corp, room and mission scopes cannot submit or complete a newer draft (0.364ms)
✔ a disappearing mission or owning room fences previously valid submissions (0.5076ms)
✔ foreign, missing or stale links and replies cannot silently become general comments (0.7133ms)
✔ guest-shaped and missing Factory projections do not establish Direct origin (0.7327ms)
✔ a mission older than the 500-item Factory window remains origin-unknown (0.5047ms)
✔ a positively matched visible Factory item retains its issue attribution (0.216ms)
✔ known publication/recovery linkage is generic when intake details are unavailable (0.4795ms)
✔ projection helpers preserve the authoritative input and do not retain hidden origin data (0.4029ms)
✔ the UI uses the tested projection and submission helpers on both discussion entry paths (21.4063ms)
✔ scope requires every explicit identity and repository and freezes the view generation (5.5846ms)
✔ the exact scope object, not equal IDs or a prior A -> B -> A view, selects the load (0.7619ms)
✔ one encoded GET is uncached, abortable and body/header/credential free (11.6308ms)
✔ published DTO retains only bound result metadata and leaves raw input untouched (2.3541ms)
✔ only explicit null publication in a correctly scoped response is known absence (5.8725ms)
✔ item and publication scope mismatches never expose links or known absence (12.6978ms)
✔ publication source issue matches the work item without equating authorizer, revisions or checkpoint generations (1.9228ms)
✔ publication and artifact identity tuples plus full digests must all match (4.2021ms)
✔ missing, duplicate and unrelated-first deliverables cannot substitute a result (1.3032ms)
✔ native provenance identity, source/target branches and digests are checked without retaining authority (6.7203ms)
✔ raw GitHub PR URLs allow native slash suffixes but retain exact repository and number checks (9.3881ms)
✔ owner/repository display case is preserved while full hex values compare by bytes (1.0597ms)
✔ PR state, exact head, owner, recorded metadata and phase cannot contradict each other (3.0821ms)
✔ download metadata rejects controls, external/native paths, malformed hashes and invalid sizes (16.454ms)
✔ pending, PR-created, published and failed publication are distinct without claiming a live app (2.8005ms)
✔ only a different valid pinned run is a mismatch; same-run contradictions stay unavailable (1.1353ms)
✔ loading, denied and stale contexts cannot become a result or known absence (1.6237ms)
✔ denials, missing endpoints and sync/async transport failures stay unavailable without raw errors (1.7455ms)
✔ timeout aborts and suppresses late successes and failures without retries (1.8739ms)
✔ queued timeout callbacks cannot overwrite a settled success, absence or denial (0.8493ms)
✔ cancellation before start issues no GET; in-flight cancellation publishes no late data (1.3059ms)
✔ new same-ID generation remains unavailable after denial despite a prior response completing later (0.9468ms)
✔ fresh human-only bootstrap can select a runner runtime before any crew exists (7.9792ms)
✔ retired and legacy identities neither enable nor suppress advertised runtimes (1.0847ms)
✔ studio requires the exact selected source on a connected runner, not another repository (0.9288ms)
✔ source repository and commit matching are case-insensitive but ref matching is exact (0.3687ms)
✔ unavailable runtimes and non-runtime capabilities are not mission options (1.9317ms)
✔ catalog merging prefers an enabled model without changing the source snapshot (0.8624ms)
✔ unscoped status and crew include ready connection-bound runtimes, but dispatch keeps its exact binding (1.3153ms)
✔ studio always selects Copilot even when another runtime was requested (0.2851ms)
✔ studio does not fall back to another provider or an unavailable Copilot runtime (0.6015ms)
✔ solo selection and deterministic fixtures retain their runtime contracts (0.5946ms)
✔ a disappearing explicit runtime cannot silently switch provider with stale model settings (0.3064ms)
✔ studio uses enabled Copilot model settings or an explicit provider default (0.3588ms)
✔ fixtures ignore hidden provider model settings (0.204ms)
✔ normal UI bootstrap opts out of seeded crew without changing fixture tooling (13.9796ms)
✔ runtime character descriptors match the shipped manifest, PNG dimensions, and original file bytes (116.6139ms)
✔ named characters and stable worker identities retain their appearance across reordered snapshots (1.1133ms)
✔ numeric roster positions wrap without producing missing characters, and invalid numbers use the default (0.4001ms)
✔ walking uses the original three poses in a 0,1,2,1 cycle at the 150ms boundaries (0.8724ms)
✔ idle, typing, reading and facing use the actual source-sheet rows and columns (0.9837ms)
✔ invalid or negative animation time selects the first pose without invalid source coordinates (0.4564ms)
✔ every animation and direction remains inside a real sheet after long-running animation (0.9219ms)
✔ default floor distinguishes connected workers from offline and test registrations (3.1243ms)
✔ omitted and null retirement fields keep legacy and mission identities available (0.3023ms)
✔ every non-null retirement excludes an identity regardless of pin, date, or reported work (0.4978ms)
✔ retired identity remains resolvable in the unmodified historical snapshot (0.3433ms)
✔ retiring the selected agent falls back to current crew, including the empty-roster case (0.3785ms)
✔ pagination filters retirement before assigning seats without mutating order (1.896ms)
✔ idle does not become working or reviewing from a stale station or pending run request (0.3856ms)
✔ working and blocked status still derive from exact server state and current-run requests (0.2724ms)
✔ #154: a selected worker on a later studio is located on initial mount and selection changes (0.5533ms)
✔ #154: studio lookup follows retirement repagination, not stale seat indexes (0.5687ms)
✔ #154: manual paging survives snapshots, but another selected agent resets page and zoom (0.669ms)
✔ #154: retirement moving the selected agent to a different page resets the camera (0.2834ms)
✔ #154: mounting or remounting the same starting run never fabricates an arrival (0.2726ms)
✔ #154: only an observed new active run can animate once, and reduced motion wins (0.2603ms)
✔ #154: blocked work takes recovery priority over both idle and ordinary active work (0.3803ms)
✔ #154: exact approvals keep priority, and only an unblocked empty floor offers new work (0.209ms)
✔ history inspectors retain the full snapshot while the floor uses current identities (17.7887ms)
✔ Factory activity prioritizes the exact outcome review, then tool approval, before newer work (4.3182ms)
✔ selection ignores terminal, denied and foreign tool approvals without inventing a run (0.4419ms)
✔ terminal runs cannot become reviewable or active from dangling pending decision records (38.7415ms)
✔ live task, agent, control, timestamps and safe activity come from one scope without mutation (1.748ms)
✔ a stale Running intake never claims that a cancelled provider is active (1.3848ms)
✔ pending exact-run outcome review is distinct from an active provider and completion (0.9325ms)
✔ tool authority and unavailable decision context do not become outcome approval (2.3325ms)
✔ a completed run is not automatically a completed mission or published application (1.2015ms)
✔ retained data cannot claim current execution: {"connection":"offline"} (0.9628ms)
✔ retained data cannot claim current execution: {"connection":"connecting"} (1.0443ms)
✔ retained data cannot claim current execution: {"snapshotFailed":true} (0.7312ms)
✔ retained data cannot claim current execution: {"snapshotReceivedAt":null} (0.4895ms)
✔ grace, offline and wrong-Corp runner records cannot establish provider liveness (1.7965ms)
✔ runner loss and uncertain teardown remain unknown until a positive termination receipt (2.1133ms)
✔ verifier-only runs never appear as a running model (1.1158ms)
✔ quarantine and protected stops stay prominent even with stale transport (1.8732ms)
✔ failed verification, cancelled work and unknown execution modes remain explicit (1.6035ms)
✔ missing, duplicate or foreign task context cannot fall back to another run (1.2405ms)
✔ activity is scoped, deduplicated, ordered, bounded and never reveals raw payloads (3.2202ms)
✔ missing start, invalid clocks and backwards timestamps do not invent a duration (1.5772ms)
✔ expired leases and foreign attribution do not display an active controller (1.3813ms)
✔ actual React detail component reuses current classes, native disclosure and escaped text (22.5067ms)
✔ the Factory integration uses the existing exact-run selector, scoped snapshot and old callbacks (3.2854ms)
✔ a burst of 1000 streamed events schedules one snapshot instead of 1000 requests (3.2883ms)
✔ events arriving during a request produce exactly one trailing snapshot (6.5152ms)
✔ the final event during the trailing request is not dropped (1.3725ms)
✔ disposing before a scheduled refresh prevents any fetch (0.6185ms)
✔ disposing an actor/Corp scope aborts its request and drops trailing work (4.9678ms)
✔ refresh failures are handled and a later event can still refresh (1.9359ms)
✔ a disposed scope does not report an obsolete aborted read as a new UI error (1.2657ms)
✔ websocket events use the coalescer and cleanup cancels its read scope (5.5377ms)
✔ initial connection is bounded, cancellable and offers retry rather than mission restart (5.8487ms)
✔ actual App presence polling only runs for open connection-dependent views, without reconnecting the event socket (315.6156ms)
✔ artifact defaults retain the current wire shape and do not share mutable values (3.5071ms)
✔ file defaults retain the current wire shape and do not share mutable values (0.338ms)
✔ command defaults retain the current wire shape and do not share mutable values (0.2814ms)
✔ test defaults retain the current wire shape and do not share mutable values (0.3251ms)
✔ json_schema defaults retain the current wire shape and do not share mutable values (1.4848ms)
✔ screenshot defaults retain the current wire shape and do not share mutable values (0.2178ms)
✔ check summaries preserve paths, argument boundaries, byte floors, JSON keys, and rounded timeouts (30.4184ms)
✔ array summaries distinguish item boundaries and preserve exact argument and key values (0.7858ms)
✔ byte-counted summaries use singular byte only for the one-byte floor (0.4374ms)
✔ empty and oversized policies remain invalid, with the 16-check boundary accepted (0.7658ms)
✔ invalid byte floor 0 is reported for every byte-counted check (2.1785ms)
✔ invalid byte floor -1 is reported for every byte-counted check (0.2212ms)
✔ invalid byte floor NaN is reported for every byte-counted check (0.3081ms)
✔ invalid byte floor Infinity is reported for every byte-counted check (0.2632ms)
✔ validation preserves check order and reports missing paths, programs, timeout bounds, and JSON keys (0.8489ms)
✔ manual gates require allowed roles without changing requester-exclusion semantics (0.545ms)
✔ preserves the existing advisory-validator scope; server schema/path authorization remains authoritative (1.6394ms)
✔ check transformations create new drafts while retaining unchanged evidence checks and gate identity (0.5955ms)
✔ gate transitions preserve checks and retain current deliberate resets even when reselecting a gate type (0.3977ms)
✔ verification labels retain their current wording and fallback formatting (0.3606ms)
✔ WorkResultCard exposes its status and supplied content with metadata collapsed by default (18.5957ms)
✔ ready PR retains its exact URL and only an explicit download invokes the matching callback (19.3839ms)
✔ loading, unavailable and no-publication states do not fabricate a PR or perform actions (7.0896ms)
✔ a historical review mismatch changes selection only through explicit Go to delivered result (4.4491ms)
✔ an unavailable delivered-run target preserves the historical selection and only offers refresh (286.4718ms)
✔ a failed publication with a recorded PR remains inspectable without being labeled Published (10.1163ms)
✔ Published is not merged or deployed and its collapsed details never invent a running preview (9.8913ms)
✔ expired artifact retention does not hide an existing PR or replace server download validation (17.671ms)
✔ actual hook hides prior result before cleanup and aborts on each exact scope change (66.6374ms)
✔ actual hook fences late success and failure before cleanup and after replacement (26.3531ms)
✔ actual hook close and reopen with identical IDs cannot revive old ready or pending data (30.8158ms)
✔ actual hook treats positive revision as one refresh hint and never retries failure on render (62.8651ms)
✔ actual App origin-unavailable branch offers manual Refresh work context with no PR CTA (15.5446ms)
✔ actual App first-hop retry exposes the authorized result without moving pinned evidence (33.3502ms)
✔ actual App fallback reports unavailable review details for an unresolved run or request (19.2586ms)
✔ actual work pickers retain a deep-linked historical mission outside the recent eight (101.9916ms)
✔ actual work pickers do not duplicate a recent selection or invent an absent mission (88.6832ms)
✔ related work includes the third mission, task, run and artifact (2.5423ms)
✔ work links name the actual work rather than presenting only opaque IDs (0.3318ms)
✔ related options deduplicate repeated snapshot references (0.2725ms)
✔ mission discussion retains nested replies, including out-of-order snapshots (2.6369ms)
✔ task, run and artifact comments inherit the owning mission only (0.4191ms)
✔ unlinked cycles and missing ancestors cannot manufacture mission context (0.3873ms)
✔ context helpers leave authoritative messages and work objects unchanged (0.4026ms)
✔ work selection follows the owning authorized mission and rejects unknown links (0.4879ms)
✔ human review and automated verification are not advertised as live model sessions (0.4461ms)
✔ enterprise task labels explain the legacy studio lane keys (0.5023ms)
✔ review eligibility explains requester exclusion without bypassing the policy (0.6177ms)
✔ a pending evidence review selects its run rather than a newer active worker (0.3266ms)
✔ a tool-approval wait cannot hide a different pending evidence review (0.1799ms)
✔ review selection rejects mismatched tasks, terminal runs and non-pending requests (0.3282ms)
✔ explicit evidence selection stays bound to that run and cannot inherit another review (0.2089ms)
✔ unselected evidence follows remaining reviews and retains snapshot order without mutation (0.2437ms)
✔ a decided run remains selected until the operator deliberately chooses the next review (0.1721ms)
✔ mission UI binds evidence and decisions and pins the target before submitting (16.1659ms)
✔ runner revision is stable for reordered equivalent records without sorting the input (3.9895ms)
✔ runner revision ignores heartbeat, display and capability churn (0.4163ms)
✔ runner revision changes only when lifecycle identity or presence records change (0.437ms)
✔ offline presence requests revalidation without rewriting endpoint readiness (0.5741ms)
✔ reconnect mismatch remains a hint until the endpoint itself returns ready presence (0.8351ms)
✔ unknown presence is false and same-ID foreign runners cannot supply presence (1.7858ms)
✔ presence hints never promote or erase native sign-in and installation states (1.0601ms)
✔ revision and presence helpers leave source, models, identity and selection immutable (1.0538ms)
✔ saved choice and source remain present while its machine is offline (0.3652ms)
✔ ready metadata alone cannot borrow another connection or source for dispatch (0.6539ms)
✔ connection UI identity is scoped to actor and room (0.3437ms)
✔ native sign-in instructions cannot navigate to another host or credential-bearing URL (0.3764ms)
✔ accepts matching current contracts, aliases, CRLF and historical prose outside markers (108.0627ms)
✔ rejects added source validation command and reports expected and actual (73.1371ms)
✔ rejects removed source validation command and reports expected and actual (128.2573ms)
✔ rejects reordered source validation command and reports expected and actual (121.6486ms)
✔ rejects changed documented commands; correcting the documented sequence restores passing (125.6813ms)
✔ accepts quoted literal Node globs through aliases while preserving quoted versus shell-expanded arguments (109.9985ms)
✔ rejects a source SDK bump until both current compatibility docs are updated (77.0111ms)
✔ rejects a source CLI bump until both current compatibility docs are updated (82.5889ms)
✔ rejects missing opening marker instead of silently dropping a required documentation contract (57.924ms)
✔ rejects missing closing marker instead of silently dropping a required documentation contract (58.9826ms)
✔ rejects duplicate block instead of silently dropping a required documentation contract (62.1069ms)
✔ rejects reversed markers instead of silently dropping a required documentation contract (57.3866ms)
✔ rejects inline marker instead of silently dropping a required documentation contract (60.1961ms)
✔ requires every current runtime contract and a single SDK and CLI claim inside each (60.1983ms)
✔ rejects missing root alias in the authoritative command sequence (60.9784ms)
✔ rejects cyclic root aliases in the authoritative command sequence (83.2029ms)
✔ rejects shell pipeline in the authoritative command sequence (66.0092ms)
✔ rejects quoted shell expansion in the authoritative command sequence (84.1153ms)
✔ rejects empty command in the authoritative command sequence (70.6803ms)
✔ rejects unsupported alias arguments in the authoritative command sequence (80.0788ms)
✔ rejects unknown documented aliases and malformed command fences (273.5323ms)
✔ reports missing required documents and an invalid source manifest without silently skipping them (71.4007ms)
✔ fails closed for unconstrained SDK dependency (52.9143ms)
✔ fails closed for SDK pin in wrong table (58.1836ms)
✔ fails closed for duplicate SDK declaration (62.3871ms)
✔ fails closed for missing named runtime constant (58.8552ms)
✔ fails closed for duplicate runtime constant (73.408ms)
✔ relocated CLI resolves its own repository, executes no documented command, and exits nonzero for drift (420.9465ms)
✔ checkpoint fixture produces a complete, independently tested local application (444.4381ms)
✔ read-only executable hashing accepts Cargo/Git hardlinks without relaxing source isolation (33.7866ms)
✔ exact terminal metadata produces actionable failure and missing-evidence findings using GET only (28.6334ms)
✔ listed artifact is run-scoped metadata and never establishes content or attempt verification (2.9462ms)
✔ refuses active parent (1.4972ms)
✔ refuses wrong repository (0.6798ms)
✔ refuses foreign head repository (0.6835ms)
✔ refuses different workflow (0.3655ms)
✔ refuses different head (0.4184ms)
✔ refuses different attempt (0.3488ms)
✔ refuses job from other attempt (0.851ms)
✔ refuses job from other head (1.1336ms)
✔ refuses duplicate job (0.8741ms)
✔ refuses unfinished job (0.6226ms)
✔ refuses foreign artifact (0.6117ms)
✔ refuses excess artifacts (1.7617ms)
✔ complete bounded job pagination is required and supported (11.6819ms)
✔ pagination total drift and final run drift refuse a completed observation (2.1704ms)
✔ expired artifacts and unexplained parent failure remain reviewable rather than passing (1.4504ms)
✔ same-source replay is a no-op; changed facts retain revisions and mark no-longer-observed findings (4.7829ms)
✔ previous hash tampering refuses before network reads (0.3881ms)
✔ forged previous findings fail integrity or semantic reconstruction; source changes require a new scope (4.2134ms)
✔ newer prior observations and attempts do not flow backward (4.8455ms)
✔ secret-bearing fields and supplied links never enter a receipt or executable Markdown (1.3241ms)
✔ native read budget rejects alternate endpoints, oversized metadata and late responses (1.2311ms)
✔ omitting all required jobs cannot turn one replacement success job into a complete maintenance result (1.1639ms)
✔ required skipped job needs review even when an earlier run artifact is listed (1.1915ms)
✔ required neutral job needs review even when an earlier run artifact is listed (0.9156ms)
✔ failed GETs consume the finite shared admission budget without retries (0.9272ms)
✔ CLI writes new bounded files and refuses output reuse; failures retain no raw API error (62.3625ms)
✔ hosted context binds default observer branch, event and exact parent; local mode makes no hosted claim (15.0455ms)
✔ CLI accepts only bounded exact selection and a complete prior pin (0.735ms)
✔ CI workflow: exact Windows runner failure produces a scoped read-only handoff (1.6259ms)
✔ CI workflow: complete successful jobs need only their own declared report artifacts (1.2941ms)
✔ CI workflow: required artifact-free jobs remain required and must execute (1.2301ms)
✔ Repository checks retains its published contract and previous-receipt no-op semantics (2.4889ms)
✔ CI completeness refuses skipped artifact-free required jobs (1.4058ms)
✔ CI completeness refuses neutral artifact-free required jobs (1.1234ms)
✔ CI completeness rejects replacement jobs and requires only CI report metadata (3.4325ms)
✔ CI observation is not a parent-pass claim and does not inspect diagnostic artifacts (1.8614ms)
✔ workflow profiles cannot reuse each other's receipts even at the same source (5.895ms)
✔ CI identity refuses unknown workflow path (0.5939ms)
✔ CI identity refuses workflow-ID substitution (0.3389ms)
✔ CI identity refuses workflow-name substitution (0.2762ms)
✔ CI identity refuses workflow-path substitution (0.2667ms)
✔ CI identity refuses foreign repository (0.2732ms)
✔ CI identity refuses fork head repository (0.3275ms)
✔ CI identity refuses wrong source head (0.2956ms)
✔ CI identity refuses wrong attempt (1.0152ms)
✔ CI identity refuses active CI parent (0.2224ms)
✔ reader allowlist admits exactly the two workflow metadata routes (0.3327ms)
✔ hosted CI event binds workflow identity to the selected native parent (57.5822ms)
✔ workflow trigger keeps trusted observer checkout and read-only scopes for both producers (17.1482ms)
✔ consumer rereads native state using trusted routing and tolerates only observation timing changes (8.0184ms)
✔ consumer refuses task contract revision drift in a fresh observation (1.8137ms)
✔ consumer refuses source base commit drift in a fresh observation (1.0437ms)
✔ consumer refuses verifier digest drift in a fresh observation (1.1301ms)
✔ consumer refuses another actor scope drift in a fresh observation (1.7532ms)
✔ explicit run and mode selections fail before contacting a server (0.6542ms)
✔ denied or unavailable current data does not fall back to a previously passing receipt (0.4566ms)
✔ a matching failed native outcome cannot be consumed as accepted completion (0.9337ms)
✔ file consumption requires the exact expected byte hash and a bounded valid receipt (45.6758ms)
✔ receipt file reads accumulate short native reads before validating bytes (26.9778ms)
✔ receipt file truncate during short reads fails before parsing (7.5639ms)
✔ receipt file grow during short reads fails before parsing (21.1782ms)
✔ framed stat metadata survives arbitrary chunk boundaries without payload disclosure (3.2978ms)
✔ unrelated RPCs and read-file contents are not recorded (1.6627ms)
✔ a response ID type change is visible without recording identifier values (0.6904ms)
✔ oversized frames are skipped without parsing nested payload text as requests (0.6376ms)
✔ optional wire observation forwards exact bytes and drains the child (402.6583ms)
✔ a matching request needs a durable rejection and settled run (1.9129ms)
✔ terminal provider without permission is inconclusive, never a pass (1.2935ms)
✔ a rejected but unrelated permission does not satisfy the requested boundary (0.2587ms)
✔ approval acceptance, expiry or missing persisted decision cannot pass (0.447ms)
✔ a decision or final run from another identity is rejected (0.3534ms)
✔ a provider that has not settled cannot pass the boundary (0.3014ms)
✔ all independent boundary results are required for complete coverage (1.5105ms)
✔ later passing cases remain visible after an earlier inconclusive case (0.4039ms)
✔ duplicate, unknown and malformed results cannot manufacture complete coverage (2.0295ms)
✔ accepts an exact seed and credential-free children of the owned runner (4.4391ms)
✔ a marker elsewhere or an arbitrary GITHUB_TOKEN is not a proven seed (1.8063ms)
✔ absent, ambiguous or foreign runner seed records cannot establish the precondition (1.3362ms)
✔ runner seed booleans must be explicit, not truthy or absent (1.6903ms)
✔ missing spawn and undefined parent IDs cannot accidentally correlate (0.6168ms)
✔ runner spawn must be unique, current and tied to the owned observer (1.1038ms)
✔ a seed observed only after runner spawn cannot prove the launch precondition (0.4192ms)
✔ missing or foreign provider observations cannot satisfy the required count (1.5766ms)
✔ a wrong-parent provider is rejected rather than silently filtered out (0.5042ms)
✔ provider identity and absence booleans must be explicit and valid (1.3612ms)
✔ missing ownership and zero or malformed minimums never allow a vacuous pass (0.967ms)
✔ actual successful relative, absolute and round-trip view results are required (2.5178ms)
✔ provider self-report and final file existence are not native-read evidence (1.2033ms)
✔ a missing absolute read or readback cannot pass (1.3742ms)
✔ missing-file errors and successful-but-wrong content remain failures (0.7972ms)
✔ wrong-session or conflicting tool results cannot manufacture evidence (1.5114ms)
✔ an external path with the same filename is not the assigned seed (0.3627ms)
✔ an incomplete stream is explicitly incomplete, not successful empty coverage (0.22ms)
✔ runner observation proves the synthetic credential was inherited (343.7148ms)
✔ a missing seed fails before starting a runner (180.6757ms)
✔ provider observation confirms removal before invoking the real binary (332.737ms)
✔ an inherited provider credential fails before any provider execution (183.3559ms)
✔ a marker under another key cannot hide a missing runner GITHUB_TOKEN seed (187.5964ms)
✔ a different token plus an unrelated marker cannot manufacture an exact runner seed (176.8021ms)
✔ a provider token other than the canary is still rejected before child execution (181.3713ms)
✔ a provider canary under another key remains a failing credential boundary (179.9664ms)
✔ uninvoked production modules remain in the coverage denominator with zero hits (19.629ms)
✔ missing production files cannot produce a passing partial coverage result (0.9324ms)
✔ duplicate and out-of-scope files cannot inflate the denominator (2.1289ms)
✔ missing, duplicate and impossible native counts are rejected (1.0595ms)
✔ truncated records are never accepted as completed coverage evidence (0.457ms)
✔ zero available branches are reported as not applicable instead of fabricated 100 percent (0.4675ms)
✔ issue195 public receipt binds parent binaries, pinned runtime identity, and distinct task source (12.4233ms)
✔ explicit current fixture hash, suspend tokens, and missing-artifact switch normalize without disk reads (2.1763ms)
✔ rebuilt server/runner receipt hashes and an explicit rebuilt CLI hash remain valid and bound (7.4839ms)
✔ all required options are explicit; help is inert (2.2381ms)
✔ every duplicate value option and duplicate boolean switch fails closed (3.1881ms)
✔ unknown targets, positionals, missing operands, and equals-form options are rejected (1.1238ms)
✔ configuration rejects old issue190 (0.4263ms)
✔ configuration rejects string issue number (0.2692ms)
✔ configuration rejects parent rather than candidate code (0.3924ms)
✔ configuration rejects runtime commit used as task source (0.6515ms)
✔ configuration rejects unpinned source ref (0.29ms)
✔ configuration rejects another runner (0.2009ms)
✔ configuration rejects unowned receipt (0.5687ms)
✔ configuration rejects not-running supervisor (0.5954ms)
✔ configuration rejects missing owner (0.6443ms)
✔ configuration rejects invalid owner (0.4616ms)
✔ configuration rejects changed code checkout (0.3623ms)
✔ configuration rejects changed source checkout (0.2972ms)
✔ configuration rejects changed worktree root (0.3319ms)
✔ configuration rejects invalid server digest (0.3993ms)
✔ configuration rejects invalid runner digest (0.5076ms)
✔ configuration rejects executable substitution (0.6312ms)
✔ configuration rejects binary outside owned bin (0.6292ms)
✔ configuration rejects missing public process (0.269ms)
✔ configuration rejects wrong process role (0.4464ms)
✔ configuration rejects wrong process workspace (0.4853ms)
✔ configuration rejects invalid process pid (0.7234ms)
✔ configuration rejects invalid process start (0.6752ms)
✔ synthetic VerifyRun evidence distinguishes awaiting independent review from accepted completion (19.999ms)
✔ forced commit_branch export rejection is a named failure, never archive bypass or approval (4.6277ms)
✔ missing-required-provider-Artifact negative shares the native checks without inventing bytes (4.1786ms)
✔ assessRecovery refuses original usage rewritten (4.7082ms)
✔ assessRecovery refuses original output history changed (3.9377ms)
✔ assessRecovery refuses provider-attempt counter reset (3.876ms)
✔ assessRecovery refuses provider-attempt maximum changed (3.2783ms)
✔ assessRecovery refuses source incident changed (3.9322ms)
✔ assessRecovery refuses checkpoint authority absent (4.1398ms)
✔ assessRecovery refuses different context source (3.4063ms)
✔ assessRecovery refuses budget reset hidden in context (3.2623ms)
✔ assessRecovery refuses another native recovery (3.6685ms)
✔ assessRecovery refuses source-correction instead of verification (3.8604ms)
✔ assessRecovery refuses recovery contract revision (2.7628ms)
✔ assessRecovery refuses changed recovery reason (2.5609ms)
✔ assessRecovery refuses weakened replacement policy (2.8254ms)
✔ assessRecovery refuses new provider session (3.9045ms)
✔ assessRecovery refuses allocated model tokens (3.9284ms)
✔ assessRecovery refuses allocated model cost (3.163ms)
✔ assessRecovery refuses consumed input tokens (3.0413ms)
✔ assessRecovery refuses consumed output tokens (2.9785ms)
✔ assessRecovery refuses consumed model cost (3.3726ms)
✔ assessRecovery refuses different workspace root run (3.2533ms)
✔ assessRecovery refuses replacement workspace not preserved (3.6848ms)
✔ assessRecovery refuses replacement fingerprint changed (3.5046ms)
✔ assessRecovery refuses invented provider artifact (4.086ms)
✔ assessRecovery refuses provider event outside snapshot window (3.2124ms)
✔ assessRecovery refuses native command acknowledgment missing (3.5336ms)
✔ assessRecovery refuses missing native app check (3.4372ms)
✔ assessRecovery refuses evidence kind mismatch (4.2521ms)
✔ assessRecovery refuses independent-review self-approval (3.401ms)
✔ assessRecovery refuses accepted run before gate decision (3.8156ms)
✔ assessRecovery refuses missing factory completion event (2.6268ms)
✔ assessRecovery refuses empty source deliverable (4.1348ms)
✔ assessRecovery refuses wrong deliverable provenance (3.563ms)
✔ download validation uses in-memory bytes and checks payload digests without claiming a browser test (4.5895ms)
✔ configuration refuses target http://localhost:18574 (0.332ms)
✔ configuration refuses target https://127.0.0.1:18574 (0.1518ms)
✔ configuration refuses target http://127.0.0.1:18574/ (0.1368ms)
✔ configuration refuses target http://127.0.0.1:18575 (0.1315ms)
✔ configuration refuses target http://127.0.0.1:8791 (0.1484ms)
✔ configuration refuses target http://127.0.0.1:18574/api (0.1812ms)
✔ configuration refuses target http://127.0.0.1:18574?x=1 (0.1266ms)
✔ configuration refuses target http://example.invalid:18574 (0.1234ms)
✔ configuration refuses target http://user:password@127.0.0.1:18574 (0.141ms)
✔ configuration refuses target http://[::1]:18574 (0.1365ms)
✔ absolute path and owned-output boundaries reject aliases, devices, UNC, ADS, and root reuse (7.1984ms)
✔ explicit independent reviewer, valid digest, and bounded numeric options are mandatory (9.3568ms)
✔ reports expose hashes and constrained identity, never receipt metadata or provider output (2.5946ms)
✔ saved report cannot adopt changed authority, extra fields, or identities without prior intent (8.2821ms)
✔ baseline and journal never consult the bounded snapshot.events window (47.3667ms)
✔ baseline preserves every pre-existing missions record (2.0871ms)
✔ baseline preserves every pre-existing tasks record (1.47ms)
✔ baseline preserves every pre-existing runs record (1.5506ms)
✔ baseline preserves every pre-existing factory_work_items record (1.5926ms)
✔ baseline preserves every pre-existing factory_verification_recoveries record (1.6171ms)
✔ baseline preserves every pre-existing verification_evidence record (1.5952ms)
✔ baseline preserves every pre-existing verification_requests record (1.6196ms)
✔ baseline preserves every pre-existing source_deliverables record (3.8084ms)
✔ baseline preserves every pre-existing mission_contract_revisions record (1.6407ms)
✔ baseline preserves every pre-existing mission_budget_revisions record (1.6854ms)
✔ baseline preserves every pre-existing action_approvals record (1.9636ms)
✔ baseline preserves every pre-existing circuit_breaker_incidents record (1.6623ms)
✔ baseline permits additive rows and events while forbidding live work and missing history tables (2.6768ms)
✔ journal requires exact Ready watermark, ordered unique same-Corp events, and bounded count (1.3915ms)
✔ buildPlan is deterministic, fresh, output-owned, and mirrors one ready synthetic issue (2.9161ms)
✔ factory argv remains pinned and recovery only appends the exact checkpoint mode and recorded reason (2.3834ms)
✔ persisted app, base-file, exact hash command and independent-review checks cannot be replaced by Artifact (13.948ms)
✔ checkpoint digests use Rust field order, preserve app policy, and retain forced commit_branch authority (1.1953ms)
✔ invokeFactory uses only injected child I/O, a bounded timeout, and a non-inherited environment (2.3341ms)
✔ invokeFactory never retries an uncertain execution or logs raw stdout/stderr (2.5501ms)
✔ explicit Windows assessment preserves historical paths on every host (4.9482ms)
✔ default host assessment still rejects foreign path namespaces (1.5636ms)
✔ assessOriginal binds native stop from full replay, not snapshot.events (2.6725ms)
✔ assessOriginal binds native suspend from full replay, not snapshot.events (2.6928ms)
✔ assessOriginal rejects provider attempt increment without accepting or replacing work (2.5048ms)
✔ assessOriginal rejects attempt ceiling revision without accepting or replacing work (1.3131ms)
✔ assessOriginal rejects current budget revision without accepting or replacing work (1.1863ms)
✔ assessOriginal rejects original budget rewrite without accepting or replacing work (1.2695ms)
✔ assessOriginal rejects persisted hash verifier removal without accepting or replacing work (1.4112ms)
✔ assessOriginal rejects manual gate weakening without accepting or replacing work (1.2555ms)
✔ assessOriginal rejects contract source replacement without accepting or replacing work (1.1423ms)
✔ assessOriginal rejects write scope replacement without accepting or replacing work (1.227ms)
✔ assessOriginal rejects archive bypass of forced commit_branch without accepting or replacing work (1.2376ms)
✔ assessOriginal rejects provider secret authority without accepting or replacing work (1.2087ms)
✔ assessOriginal rejects extra provider run without accepting or replacing work (1.1437ms)
✔ assessOriginal rejects extra task without accepting or replacing work (1.6819ms)
✔ assessOriginal rejects changed factory owner without accepting or replacing work (2.7507ms)
✔ assessOriginal rejects changed issue revision without accepting or replacing work (1.5962ms)
✔ assessOriginal rejects wrong assigned runner without accepting or replacing work (1.4236ms)
✔ assessOriginal rejects producer reviewing itself without accepting or replacing work (1.3724ms)
✔ assessOriginal rejects source-checkout execution without accepting or replacing work (1.3581ms)
✔ assessOriginal rejects quarantined checkpoint without accepting or replacing work (1.3011ms)
✔ assessOriginal rejects loop-counter change without accepting or replacing work (1.4294ms)
✔ assessOriginal rejects rewritten usage without accepting or replacing work (1.507ms)
✔ assessOriginal rejects invented provider artifact without accepting or replacing work (1.2601ms)
✔ assessOriginal rejects checkpoint missing without accepting or replacing work (2.3684ms)
✔ assessOriginal rejects checkpoint policy digest changed without accepting or replacing work (1.719ms)
✔ assessOriginal rejects provider still alive without accepting or replacing work (1.6685ms)
✔ assessOriginal rejects budget command not acknowledged without accepting or replacing work (1.3532ms)
✔ assessOriginal rejects budget incident missing without accepting or replacing work (1.2695ms)
✔ assessOriginal rejects previously recorded run missing without accepting or replacing work (1.2824ms)
✔ assessOriginal rejects accepted provider progress hidden before snapshot window without accepting or replacing work (1.454ms)
✔ suite pauses for native browser review by default and only observes external approval on continuation (76.3145ms)
✔ suite retains native forced-commit export failure and performs no review, download, or policy bypass (28.5417ms)
✔ suite missing-Artifact negative is explicit rejection, not verified delivery or fabricated provider evidence (24.2046ms)
✔ --continue cannot create a baseline or begin an unrecorded mutation (9.4438ms)
✔ unknown create response is never retried; continuation times out without adopting replacement work (46.6097ms)
✔ lost create response reconciles the exact item/run, but --continue cannot authorize recovery (16.7433ms)
✔ lost recovery response binds the recorded replacement; continuation only pauses for its exact browser gate (27.8385ms)
✔ external browser approval completes exact recorded work without retries or erasing earlier failure history (52.6263ms)
✔ suite never mutates when independent reviewer is missing (5.798ms)
✔ suite never mutates when independent reviewer is not human (4.1394ms)
✔ suite never mutates when independent reviewer is unauthorized role (2.9084ms)
✔ suite never mutates when independent reviewer is guest (3.6274ms)
✔ suite never mutates when independent reviewer is wrong Corp (5.4492ms)
✔ failed intent persistence or changed parent inputs prevents the corresponding native effect (27.4607ms)
✔ a colliding synthetic item without saved create intent is never adopted or mutated (6.9891ms)
✔ wrong physical base bytes stop before recovery; tampered downloads stop without another attempt (55.8281ms)
✔ --continue fails closed when recorded work disappears, with no new mission or native retry (42.8695ms)
✔ explicit browser-review flag preserves the default two-step flow without a scripted-review mode (22.0479ms)
✔ browser-review pause cannot be continued with substituted gate identities or reviewer (20.612ms)
✔ production I/O exposes no review POST and confines injected requests to exact GET routes (33.3139ms)
✔ runtime factory adapter never retries an ambiguous injected CLI call (1.498ms)
✔ server-upgrade option is explicit, continue-only, and confined to the owned runtime directory (27.1555ms)
✔ server-only upgrade retains the original binding/failure and separately records server provenance read-only (42.1384ms)
✔ upgrade rejects runner/web/CLI changes, a mismatched old binding, and conflicting server provenance (25.3057ms)
✔ same-verifier native checkpoint re-attestation accepts a real run_id-only VerificationRequest (2.9686ms)
✔ checkpoint re-attestation cannot target another run, duplicate an ACK, or permit provider usage (3.4013ms)
✔ strict phase parsing and explicit opt-in (6.8958ms)
✔ reject manual/default/aliased ports, credentials, ambiguous URLs and mismatched environment before API access (10.7959ms)
✔ verification is GET-only and no phase can call decision/reset/bootstrap/foreign-Corp routes (3.0449ms)
✔ prepare → newer approved → isolated replay observation → explicit older approval → automatic synthesis (155.1027ms)
✔ lost create response adopts exact marker without sending a second create (26.764ms)
✔ unknown create that never arrived fails closed, never creates a replacement (4.3969ms)
✔ lost revision response replays the exact native UUID and preserves only two revisions (64.3395ms)
✔ lost launch response recovers exact root IDs by readback, never dispatches again (39.1519ms)
✔ wrong source/pinned staffing/non-quiescent fixture rejected before any POST (2.8695ms)
✔ cannot skip intermediate observation or approve the older run first (69.1363ms)
✔ exact reviewer attribution, artifact binding and no second decision are enforced (88.0931ms)
✔ duplicate decision event and journal rollover cannot pass as replay isolation (59.6025ms)
✔ checkpoint fixture mismatch and modified pre-existing rows are rejected (43.1145ms)
✔ failed artifact download is rechecked on prepare resume without more POSTs (29.8495ms)
✔ linux: native unavailable admission is a verified refusal, not provider success (422.0718ms)
✔ darwin: native unavailable admission is a verified refusal, not provider success (310.2646ms)
✔ Windows: an unavailable provider remains a failure (318.2325ms)
✔ Unix: accidentally accepting an unsupported provider fails the contract (314.0968ms)
✔ Unix: an unrelated admission failure cannot stand in for containment refusal (316.8549ms)
✔ Unix: a refusal with a persisted run is rejected (293.8057ms)
✔ Unknown runner platforms fail before resetting a fixture (157.5247ms)
✔ A Linux expectation cannot conceal an unavailable Windows runner (230.0128ms)
✔ Unknown reported runner OS fails before creating provider work (238.2535ms)
✔ An owned child stuck on HTTP is reaped before fixture cleanup (2042.3726ms)
✔ explicit CLI and parent runtime receipt reuse retain owner/source/process binding (11.7912ms)
✔ additive request changes only the fixture case, keeps native 5000 authority and no delivery/resume (1.0769ms)
✔ shared client sends exact additive create/launch bodies without retries or extra routes (36.4553ms)
✔ pure native trace accepts actual ACK before failure/termination without prescribing that order (8.6076ms)
✔ pure native trace accepts actual ACK between failure/termination without prescribing that order (4.2342ms)
✔ pure native trace accepts actual ACK after failure/termination without prescribing that order (2.7408ms)
✔ pure evidence rejection: missing actual artifact rejection (2.1181ms)
✔ pure evidence rejection: unrelated failure (1.3617ms)
✔ pure evidence rejection: termination before failure is not the race (2.633ms)
✔ pure evidence rejection: missing termination is not success (2.4959ms)
✔ pure evidence rejection: missing ACK remains unproven (1.7049ms)
✔ pure evidence rejection: wrong command correlation (1.9004ms)
✔ pure evidence rejection: wrong ACK runner (1.8134ms)
✔ pure evidence rejection: foreign session event scope (1.2357ms)
✔ pure evidence rejection: non-native event attribution (1.5847ms)
✔ pure evidence rejection: wrong native event identity (1.5063ms)
✔ pure evidence rejection: rewritten failure summary (1.8075ms)
✔ pure evidence rejection: agent still assigned (1.4527ms)
✔ pure evidence rejection: task resurrected (1.3223ms)
✔ pure evidence rejection: mission resurrected (1.5414ms)
✔ pure evidence rejection: accepted artifact metadata (1.3307ms)
✔ pure evidence rejection: late accepted completion even if snapshot says failed (1.552ms)
✔ pure evidence rejection: accepted artifact even outside bounded snapshot.events (1.4496ms)
✔ pure evidence rejection: verification event is forbidden (1.3425ms)
✔ pure evidence rejection: uncertain teardown is forbidden (2.0432ms)
✔ pure evidence rejection: accepted evidence record (2.6941ms)
✔ pure evidence rejection: budget revision (1.4727ms)
✔ pure evidence rejection: replacement run (1.0058ms)
✔ pure evidence rejection: source substitution (0.9921ms)
✔ pure evidence rejection: verification-only execution cannot attest a provider (0.901ms)
✔ pure evidence rejection: usage must be exactly two 3000-token increments (1.5653ms)
✔ invalid native termination payload cannot pass (null) (1.3724ms)
✔ invalid native termination payload cannot pass ([]) (1.3011ms)
✔ invalid native termination payload cannot pass ({}) (1.1614ms)
✔ invalid native termination payload cannot pass ({"adapter":"other"}) (1.263ms)
✔ invalid native termination payload cannot pass ({"provider_process_alive":true}) (1.1572ms)
✔ invalid native termination payload cannot pass ({"provider_process_alive":"false"}) (1.2709ms)
✔ invalid native termination payload cannot pass ({"outcome":"verified"}) (1.4617ms)
✔ invalid native termination payload cannot pass ({"message":""}) (1.2771ms)
✔ invalid native termination payload cannot pass ({"message":1}) (1.1826ms)
✔ invalid native termination payload cannot pass ({"message":"xxxxxxxxxxxxxxxxxxxxxxxxxxxxxxxxxxxxxxxxxxxxxxxx) (1.8178ms)
✔ invalid native termination payload cannot pass ({"message":"untrusted\ntext"}) (1.7695ms)
✔ invalid native termination payload cannot pass ({"message":"
"}) (1.0331ms)
✔ invalid native termination payload cannot pass ({"credential":"PRIVATE_PROVIDER_CONTENT_OR_ASSIGNMENT_TOKEN_) (0.8913ms)
✔ all native terminal outcomes and absent optional message are valid telemetry, not accepted completion (4.3979ms)
✔ one additive case checkpoints and announces intent/IDs, retains history, and waits for quiet readback (35.8793ms)
✔ passed same-case continuation recomputes proof with zero further mutations (32.6154ms)
✔ createLost: failure preserves exact intent, continuation never retries an attempted POST (17.0553ms)
✔ createUnknown: failure preserves exact intent, continuation never retries an attempted POST (2.1375ms)
✔ launchLost: failure preserves exact intent, continuation never retries an attempted POST (17.5054ms)
✔ launchUnknown: failure preserves exact intent, continuation never retries an attempted POST (2.9761ms)
✔ bounded live failure leaves the original run live, IDs and intent intact, with no replacement (58.0305ms)
✔ missing late telemetry is a bounded failure with actual ACK order, not a race claim (35.6624ms)
✔ natural later telemetry/finalization can settle without rewriting terminal state or historical events (17.5954ms)
✔ settling cannot hide changed terminal run summary (6.7489ms)
✔ settling cannot hide changed terminal task (6.4479ms)
✔ settling cannot hide changed terminal mission (5.8096ms)
✔ settling cannot hide changed terminal agent (6.2106ms)
✔ settling cannot hide changed old run (8.3385ms)
✔ settling cannot hide changed old agent (6.9859ms)
✔ settling cannot hide changed old journal prefix (7.4953ms)
✔ settling cannot hide changed original failure event (7.4275ms)
✔ saved report cannot substitute receipt, native authority, source, or erase baseline after an effect (2.761ms)
✔ report save uses exclusive lock, private synced temp and atomic rename; refuses implicit overwrite (4.5307ms)
✔ stale locks are never stolen and failed saves retain original report and orphaned temp (1.5801ms)
✔ report cannot replace receipt; bounded reads reject links, hardlinks and inode swaps before reading (1.3147ms)
✔ CLI is explicit, non-ambient, duplicate/unknown flags fail (6.6413ms)
✔ explicit parent runtime metadata aligns without opening any named process/log/source (5.6005ms)
✔ rejects protected/manual API port 5187 (0.4595ms)
✔ rejects protected/manual API port 5291 (0.3318ms)
✔ rejects protected/manual API port 8791 (0.3227ms)
✔ rejects protected/manual API port 8793 (0.2441ms)
✔ rejects protected/manual API port 8991 (0.2848ms)
✔ rejects protected/manual API port 15191 (0.282ms)
✔ rejects protected/manual API port 15193 (0.4581ms)
✔ rejects protected/manual API port 15491 (0.5565ms)
✔ rejects protected/manual API port 15493 (0.3288ms)
✔ rejects protected/manual API port 15496 (0.3219ms)
✔ rejects protected/manual API port 18961 (0.2621ms)
✔ rejects protected/manual API port 18962 (0.2735ms)
✔ rejects protected/manual API port 18963 (0.1835ms)
✔ rejects ambiguous or non-owned origin http://localhost:18574 (0.3317ms)
✔ rejects ambiguous or non-owned origin http://127.1:18574 (0.2268ms)
✔ rejects ambiguous or non-owned origin http://[::1]:18574 (0.2224ms)
✔ rejects ambiguous or non-owned origin https://127.0.0.1:18574 (0.2409ms)
✔ rejects ambiguous or non-owned origin http://127.0.0.1:18574/ (0.212ms)
✔ rejects ambiguous or non-owned origin http://127.0.0.1:18574/api (0.2116ms)
✔ rejects ambiguous or non-owned origin http://127.0.0.1:18574?x=1 (0.2275ms)
✔ rejects ambiguous or non-owned origin http://redacted:redacted@127.0.0.1:18574 (0.256ms)
✔ rejects ambiguous or non-owned origin http://example.com:18574 (0.1667ms)
✔ receipt requires complete immutable source, no unknown authority or provider substitution (4.7731ms)
✔ native requests preserve single strategy, exact source, budget, File verifier, no deliverable (1.0276ms)
✔ Rust policy digest uses explicit declaration order, not JS/JSONB property order (1.0844ms)
✔ canonical containment handles Windows drive prefixes but rejects aliases/escapes (1.4415ms)
✔ POSIX containment rejects traversal, equality and sibling prefixes (0.7674ms)
✔ base.txt reads exactly five bytes, and all link/reparse/hardlink failures occur before open (13.6629ms)
✔ opened-file identity swaps fail closed without reading bytes (1.8251ms)
✔ runners are top-level; nested-only, unavailable, foreign, ambiguous or different-source runners fail (1.5298ms)
✔ suspend: actual usage -> breaker -> native teardown -> exact checkpoint -> terminal (3.9577ms)
✔ stop: actual usage -> breaker -> native teardown -> exact checkpoint -> terminal (1.7489ms)
✔ rejects missing checkpoint (1.8448ms)
✔ rejects foreign Corp proof (1.0738ms)
✔ rejects foreign mission proof (1.5179ms)
✔ rejects foreign task proof (2.1319ms)
✔ rejects foreign run proof (2.1005ms)
✔ rejects foreign agent proof (1.4947ms)
✔ rejects foreign runner proof (1.2512ms)
✔ rejects wrong original base (1.2677ms)
✔ rejects changed HEAD (1.1721ms)
✔ rejects changed fingerprint (0.9763ms)
✔ rejects arbitrary JS policy ordering (1.1661ms)
✔ rejects changed write digest (1.0603ms)
✔ rejects changed deliverable digest (1.1703ms)
✔ rejects token in proof (1.6722ms)
✔ rejects live provider (1.1089ms)
✔ rejects wrong adapter (1.0844ms)
✔ rejects foreign event lineage (0.9289ms)
✔ rejects late checkpoint (1.2476ms)
✔ rejects missing usage (1.1524ms)
✔ rejects fake cumulative usage (0.9653ms)
✔ rejects wrong breaker metric (1.287ms)
✔ rejects wrong command acknowledgement (1.2573ms)
✔ rejects accepted artifact (0.9532ms)
✔ rejects verification started (1.3219ms)
✔ rejects lost is not completion (0.7356ms)
✔ rejects agent still assigned (0.9554ms)
✔ rejects automatic retry (1.0098ms)
✔ rejects replacement task (0.8059ms)
✔ rejects resume lineage (0.8288ms)
✔ rejects budget override (0.6227ms)
✔ rejects write scope widening (0.6088ms)
✔ rejects policy weakening (0.6351ms)
✔ rejects path outside runner (1.1631ms)
✔ rejects unknown projection strings are not logged (0.8148ms)
✔ rejects non-native none breaker projection is rejected (0.7622ms)
✔ rejects accepted evidence row (0.9161ms)
✔ full replay, not the bounded snapshot, rejects earlier run.completed (1.0579ms)
✔ full replay, not the bounded snapshot, rejects earlier run.verification_started (1.5759ms)
✔ full replay, not the bounded snapshot, rejects earlier run.verification_evidence (0.8717ms)
✔ full replay, not the bounded snapshot, rejects earlier run.artifact (1.3617ms)
✔ full replay, not the bounded snapshot, rejects earlier run.deliverable (0.925ms)
✔ full replay, not the bounded snapshot, rejects earlier run.workspace_removed (1.0083ms)
✔ full replay, not the bounded snapshot, rejects earlier run.teardown_uncertain (1.1949ms)
✔ visible history and original journal prefix are immutable; no whole-database inference (2.4537ms)
✔ journal bounds, strict ordering, non-contiguous visible sequences and Ready watermark (0.9494ms)
✔ API requests allow only exact scoped snapshot/create/launch, never reset/policy/resume (39.7082ms)
✔ HTTP errors with sensitive bodies are not retried or exposed (0.8896ms)
✔ oversized API responses fail at the byte bound, with no response body in the error (12.5132ms)
✔ native journal API requires a real Ready watermark and refuses partial replay (2.3117ms)
✔ two additive cases checkpoint intent/IDs, retain old history, and pass only after quiet observation (39.0258ms)
✔ baseline counts are dynamic, including completed prior browser-created missions (43.0176ms)
✔ completed checkpoint continuation is read-only and never re-launches either case (42.8215ms)
✔ timeout leaves a live run LIVE with its original ID and never starts a replacement/second case (35.7444ms)
✔ lost create response discovers exact original IDs; intentional continuation sends no duplicate (26.1935ms)
✔ uncertain create without an observable result blocks continuation, never replacement (2.9192ms)
✔ lost launch response discovers exact original IDs; intentional continuation sends no duplicate (26.3382ms)
✔ uncertain launch without an observable result blocks continuation, never replacement (3.975ms)
✔ driver failure keeps IDs and failure report; late accepted verification cannot pass (10.6551ms)
✔ saved report cannot change receipt/source/runner/process scope or invent successful authority (1.1316ms)
✔ existing budget-stream keeps its original synthetic 6000-token contract (1243.7011ms)
✔ UI budget-stream uses the real 500K preset with explicit synthetic counters (1177.7763ms)
✔ native interrupt prevents later usage and completion in the UI fixture (298.1761ms)
✔ original budget-stream still interrupts before its second usage and scheduled completion (311.7409ms)
✔ queued completion emits exact usage and completed before a subsequent interrupt response (187.248ms)
✔ actual queued fixture writes base then emits both usages and finish synchronously without timers (4.5569ms)
✔ User/Organization resolver verifies owner and project number without reading items (1094.8687ms)
✔ opaque paginated active-only discovery retains 1002 items and exact Issue source (2599.8319ms)
✔ empty pages, invalid cursors and archived cursors never silently restart pagination (1413.7956ms)
✔ quota-only probes accept include flags before/after endpoint and retain plain JSON (688.5248ms)
✔ exact items, memberships and publisher fields support metered and legacy plain callers (1447.3644ms)
✔ configured primary refusal exposes reset headers and recovers exactly at fixture reset (499.2709ms)
✔ secondary failures are finite per-query attempts even with interleaved probes (891.6369ms)
✔ 503 failures expose Retry-After without spending quota or triggering source mutation (344.427ms)
✔ source-drift hook remains shared across pages, legacy lists and exact reads only (1362.7614ms)
✔ legacy Project edits and publisher PR mutation/recovery semantics are preserved (1075.6274ms)
✔ errors and observation logs never echo credentials, headers, query text or variables (640.6174ms)
✔ invalid quota/failure configurations fail safely and event retention is bounded (1429.5551ms)
✔ parses HTTPS clone URL without resolving redirects (4.308ms)
✔ parses HTTPS repository URL without resolving redirects (0.502ms)
✔ parses HTTPS default port without resolving redirects (0.3551ms)
✔ parses SSH SCP URL without resolving redirects (0.3637ms)
✔ parses SSH URI without resolving redirects (0.3977ms)
✔ parses SSH default port without resolving redirects (0.5409ms)
✔ parses SSH alternate port without resolving redirects (0.6709ms)
✔ parses case normalization without resolving redirects (0.3878ms)
✔ parses trailing slash without resolving redirects (1.4757ms)
✔ parses Git output newline without resolving redirects (0.4387ms)
✔ keeps old, transferred and deliberately wrong repositories distinct (0.4937ms)
✔ retains valid repository punctuation (0.2572ms)
✔ rejects missing without disclosing the origin (1.0078ms)
✔ rejects null without disclosing the origin (0.1938ms)
✔ rejects non-string without disclosing the origin (0.2235ms)
✔ rejects empty without disclosing the origin (0.1837ms)
✔ rejects bare namespace without disclosing the origin (0.1427ms)
✔ rejects different host without disclosing the origin (0.1332ms)
✔ rejects host suffix without disclosing the origin (0.137ms)
✔ rejects HTTP without disclosing the origin (0.1843ms)
✔ rejects Git protocol without disclosing the origin (0.1849ms)
✔ rejects HTTPS userinfo without disclosing the origin (0.3882ms)
✔ rejects HTTPS password without disclosing the origin (0.3942ms)
✔ rejects SSH password without disclosing the origin (0.2134ms)
✔ rejects non-Git SSH user without disclosing the origin (0.4222ms)
✔ rejects SCP userinfo without disclosing the origin (0.2958ms)
✔ rejects SCP prefix not recognized by the runner without disclosing the origin (1.0799ms)
✔ rejects query without disclosing the origin (0.183ms)
✔ rejects fragment without disclosing the origin (0.1672ms)
✔ rejects extra path without disclosing the origin (0.2316ms)
✔ rejects traversal without disclosing the origin (0.2012ms)
✔ rejects dot owner without disclosing the origin (0.2127ms)
✔ rejects dot repository without disclosing the origin (0.2454ms)
✔ rejects empty repository without disclosing the origin (0.1794ms)
✔ rejects encoded path without disclosing the origin (0.1604ms)
✔ rejects backslash without disclosing the origin (0.2539ms)
✔ rejects multiple origins without disclosing the origin (0.2105ms)
✔ rejects oversized origin without disclosing the origin (0.166ms)
✔ reads only the selected checkout origin with bounded, piped Git output (0.5419ms)
✔ Git failure discards message, cause, stdout and stderr without fallback (0.3924ms)
✔ a successful Git read cannot admit a credential-bearing origin (0.3374ms)
✔ imports actual-shaped retained native success and reproducible external rejection as a candidate only (145.8796ms)
✔ old oracle without physical digest remains explicitly weaker and prompt alignment remains unreviewed (123.7233ms)
✔ repeated captures and checker versions of one run do not create independent evidence identities (406.029ms)
✔ local review digest cannot activate a candidate even with two distinct native runs (292.2697ms)
✔ refuses foreign Corp even with repinned retained files (136.7366ms)
✔ refuses foreign room even with repinned retained files (141.0994ms)
✔ refuses other source even with repinned retained files (133.3514ms)
✔ refuses changed contract source even with repinned retained files (128.1752ms)
✔ refuses missing native checks even with repinned retained files (144.4565ms)
✔ refuses failed test under passed native label even with repinned retained files (141.0618ms)
✔ refuses wrong oracle bytes even with repinned retained files (138.2675ms)
✔ refuses wrong resume identity even with repinned retained files (120.0107ms)
✔ refuses wrong resume ancestry even with repinned retained files (139.236ms)
✔ refuses cancelled run even with repinned retained files (153.0653ms)
✔ refuses substituted before bytes even with repinned retained files (124.9262ms)
✔ refuses unknown checker even with repinned retained files (22.2887ms)
✔ hash pins, duplicate JSON keys and traversal are rejected before candidate output (109.0866ms)
✔ directory redirection and oversized files fail closed (165.7288ms)
✔ exact append handles LF and CRLF without normalizing changed source (0.5411ms)
✔ external rejection cannot be imported when exact output actually passes (112.8573ms)
✔ CLI reads pinned inputs and creates one new corpus without overwriting source files (337.7029ms)
✔ CLI has one aggregate read budget covering the request, corpus, manifests and retained files (358.8668ms)
▶ local stack owned-process and state regression fixtures
  ✔ identity comes from the live process and binds only the explicit workspace (2.4672ms)
  ✔ wrong timestamps, executable, workspace and malformed records fail closed (0.2781ms)
  ✔ a stale creation record aimed at a live synthetic PID cannot stop it (0.2712ms)
  ✔ stopping the verified root leaves its descendant and an unrelated child alive (0.1964ms)
  ✔ Start accepts working and log directories containing spaces (0.2324ms)
  ✔ Start treats bracketed log directories as literal paths (0.227ms)
  ✔ Start treats bracketed working directories as literal paths (0.1928ms)
  ✔ failed-start rollback results preserve the original error and require both success signals (0.2009ms)
  ✔ Start preserves literal arguments, spaces, child-only environment and redacted evidence (0.3294ms)
  ✔ repeated role launches retain earlier logs and allocate unique stdout/stderr files (0.5737ms)
  ✔ extracted Launch preserves ownership on save failure (verified rollback) (0.2186ms)
  ✔ extracted Launch preserves ownership on save failure (unverified rollback) (0.131ms)
  ✔ v2 state round-trips nested records and read preserves exact bytes (0.1378ms)
  ✔ corrupt, unsupported and differently scoped state is refused without deleting evidence (0.1893ms)
  ✔ state writes reject traversal, sibling-prefix paths and foreign workspace claims (0.1232ms)
  ✔ state writes reject reparse-point parent directories (0.1334ms)
  ✔ a failed atomic replacement preserves old bytes and removes its temporary file (0.2173ms)
  ✔ concurrent synthetic reader observes only complete atomic state generations (1.1081ms)
  ✔ legacy numeric state stays read-only and never authorizes stopping (0.1936ms)
  ✔ cleanup reaps only held synthetic handles and removes only its temporary tree (0.123ms)
✔ local stack owned-process and state regression fixtures (10869.129ms)
ℹ PowerShell 7.6.5; 14 synthetic processes reaped; no fixture tree remains
▶ local stack starter source guards
  ✔ starter has no unconditional stop invocation (0.2178ms)
  ✔ starter never passes a database URL as a command argument (0.1118ms)
  ✔ starter forwards the native runner startup-recovery opt-out unchanged (0.0893ms)
  ✔ persisted runner IDs block automatic reenrollment even when offline (0.1013ms)
  ✔ Factory policy paths are canonicalized against the checkout before persistence and launch (0.0844ms)
  ✔ Factory saved connection is retained and passed only as an explicit native option (0.0895ms)
  ✔ live source-ref changes use exact comparison for old and current records (0.1174ms)
  ✔ starter never deletes enrollment or credentials without an explicit reset/rotation guard (0.0964ms)
  ✔ Compose operations are guarded by external-database selection (0.1585ms)
  ✔ stopper does not rediscover or terminate a descendant tree from saved PIDs (0.0943ms)
✔ local stack starter source guards (3051.2223ms)
✔ one checkout serializes commands while another checkout remains usable (6944.9178ms)
✔ explicit restart nesting and failed operations release their native lock (5702.5022ms)
✔ an interrupted command does not leave a stale lock requiring manual cleanup (3787.0403ms)
✔ both supported entrypoints use the same operation boundary (25.6817ms)
✔ reported idle remains idle without a pending request (3.2362ms)
✔ reported starting remains starting without a pending request (0.2193ms)
✔ reported working remains working without a pending request (0.1976ms)
✔ reported blocked remains blocked without a pending request (0.1987ms)
✔ reported reviewing remains reviewing without a pending request (0.2013ms)
✔ reported offline remains offline without a pending request (0.1896ms)
✔ working station "read" projects reading (0.3276ms)
✔ working station "search" projects reading (0.2667ms)
✔ working station " READ " projects reading (0.2702ms)
✔ working station "Search" projects reading (0.3714ms)
✔ working station "test" projects working (0.2073ms)
✔ working station "build" projects working (0.1443ms)
✔ working station "review" projects working (0.1545ms)
✔ working station "research" projects working (0.1071ms)
✔ working station "bread" projects working (0.0981ms)
✔ working station "break" projects working (0.113ms)
✔ working station "unknown-tool" projects working (0.0984ms)
✔ working station null projects working (0.088ms)
✔ a stale station does not invent activity for a non-working agent (0.3045ms)
✔ a blocked agent needs an exact current-run approval match (0.1795ms)
✔ an exact current-run pending review is distinct from an action approval (0.1722ms)
✔ unrelated and prior-run pending requests cannot affect the current agent (0.2168ms)
✔ an approval stops affecting an agent as soon as its current run changes (0.2147ms)
✔ null and empty current-run IDs cannot acquire pending request state (0.1869ms)
✔ offline wins even when the recorded current run has both pending requests (0.1664ms)
✔ exact action approval takes precedence over exact review (0.158ms)
✔ explicit current-run requests do not depend on a blocked display status (0.195ms)
✔ projection does not mutate agents or request sets or infer state from identity text (1.3582ms)
✔ all eight states have distinct labels and factual descriptions (0.5772ms)
✔ roster ordering is stable by ID without mutating the source array (0.4171ms)
✔ renaming or changing activity does not move an existing roster to different seats (0.554ms)
✔ 0 agents occupy exactly 0 studios without stacked seats (0.3368ms)
✔ 1 agents occupy exactly 1 studios without stacked seats (0.3811ms)
✔ 5 agents occupy exactly 1 studios without stacked seats (0.2599ms)
✔ 6 agents occupy exactly 1 studios without stacked seats (0.3076ms)
✔ 7 agents occupy exactly 2 studios without stacked seats (0.26ms)
✔ 11 agents occupy exactly 2 studios without stacked seats (0.2386ms)
✔ 12 agents occupy exactly 2 studios without stacked seats (0.1668ms)
✔ 13 agents occupy exactly 3 studios without stacked seats (0.1618ms)
✔ 17 agents occupy exactly 3 studios without stacked seats (0.1548ms)
✔ 18 agents occupy exactly 3 studios without stacked seats (0.1617ms)
✔ 19 agents occupy exactly 4 studios without stacked seats (0.1613ms)
✔ snapshot input reordering preserves page and seat assignment for 18 agents (0.4654ms)
✔ reordering across a partially filled page boundary preserves each agent seat (0.807ms)
✔ studio dimensions and the six feet anchors match the renderer contract exactly (0.2969ms)
✔ desk access never wraps overflow or invalid indexes onto occupied seats (1.1121ms)
✔ all desk footprints stay above their chairs and never overlap another desk or decor (0.3616ms)
✔ desk 0 has one finite arrival route clear of every workstation (0.5753ms)
✔ desk 1 has one finite arrival route clear of every workstation (0.2139ms)
✔ desk 2 has one finite arrival route clear of every workstation (0.16ms)
✔ desk 3 has one finite arrival route clear of every workstation (0.168ms)
✔ desk 4 has one finite arrival route clear of every workstation (0.1993ms)
✔ desk 5 has one finite arrival route clear of every workstation (0.1303ms)
✔ route and desk results do not expose shared mutable layout state (0.1942ms)
✔ pending native review distinguishes invalid artifact paths from invalid artifact IDs (117.5332ms)
✔ pending native intent survives acceptance changes and reviewed adoption replays one exact revision (68.8016ms)
✔ pending intent cannot apply and generic native approval cannot authorize exact feedback (26.7907ms)
✔ reviewed feedback refuses adopter as reviewer before a revision (30.9233ms)
✔ reviewed feedback refuses producer as reviewer before a revision (38.1077ms)
✔ reviewed feedback refuses source requester as reviewer before a revision (34.0495ms)
✔ reviewed feedback refuses rejected decision before a revision (30.4208ms)
✔ reviewed feedback refuses future decision before a revision (35.8992ms)
✔ reviewed feedback refuses decision before intent before a revision (35.4148ms)
✔ reviewed feedback refuses wrong note digest before a revision (37.739ms)
✔ reviewed feedback refuses extra note prose before a revision (33.3625ms)
✔ reviewed feedback refuses ordinary human gate before a revision (32.8ms)
✔ reviewed feedback refuses requester exclusion disabled before a revision (39.3079ms)
✔ native approval cannot excuse changed target task (33.733ms)
✔ native approval cannot excuse changed target version (29.8255ms)
✔ native approval cannot excuse changed source commit (32.5526ms)
✔ native approval cannot excuse changed artifact identity (33.2676ms)
✔ native approval cannot excuse changed corpus bytes digest (28.0565ms)
✔ native approval cannot excuse changed selected rule digest (25.2565ms)
✔ native approval cannot excuse changed selected guidance (26.4455ms)
✔ native approval cannot excuse changed adopter identity (32.7376ms)
✔ native approval cannot excuse changed replacement effect (35.7985ms)
✔ native approval cannot excuse changed unknown authority field (29.6513ms)
✔ persisted verifier policy and automated evidence drift invalidate the intent independently of acceptance (95.7999ms)
✔ missing or contradictory native rows and capture drift fail closed (35.3849ms)
✔ reviewed apply rechecks the actual decision and preserves ambiguous outcomes and idempotency (47.4667ms)
✔ reviewed apply rejects altered intent bytes and expired proposal without native effects (33.7452ms)
✔ a changed post-effect review remains uncertain and cannot assert a verified binding (46.3538ms)
✔ review intent time bounds are revalidated during accepted-source reconstruction (37.0053ms)
✔ CLI native-review preparation, exact intent selection and apply keep separate raw and canonical hashes (167.4849ms)
✔ prepare is read-only and exposes the exact reference-only change for review (29.7682ms)
✔ an unprefixed objective stays candidate because native composition would change it (32.2113ms)
✔ native normalization fixed points retain description and objective exactly (35.4499ms)
✔ public identifiers and digest selectors reject coercible arrays and objects before effects (19.034ms)
✔ time, timeout and trusted routing fields require their declared primitive types (29.3509ms)
✔ apply performs one native revision, preserves authority and never launches (22.7769ms)
✔ typed native file selection pins outer provenance and exact decoded corpus while preserving raw compatibility (41.2881ms)
✔ native typed unknown schema field is refused even with matching outer artifact digest (20.79ms)
✔ native typed missing native schema field is refused even with matching outer artifact digest (20.0359ms)
✔ native typed coercible version is refused even with matching outer artifact digest (22.4834ms)
✔ native typed unsupported archive form is refused even with matching outer artifact digest (23.4835ms)
✔ native typed wrong base is refused even with matching outer artifact digest (15.6858ms)
✔ native typed wrong verifier is refused even with matching outer artifact digest (17.7383ms)
✔ native typed wrong head is refused even with matching outer artifact digest (21.0686ms)
✔ native typed bundle payload is refused even with matching outer artifact digest (20.3582ms)
✔ native typed patch checksum is refused even with matching outer artifact digest (16.3178ms)
✔ native typed patch noncanonical base64 is refused even with matching outer artifact digest (21.0498ms)
✔ native typed selected hash is refused even with matching outer artifact digest (23.5113ms)
✔ native typed selected byte count is refused even with matching outer artifact digest (20.1715ms)
✔ native typed selected file size bound is refused even with matching outer artifact digest (20.1643ms)
✔ native typed selected base64 is refused even with matching outer artifact digest (22.3167ms)
✔ native typed selected symlink is refused even with matching outer artifact digest (19.9032ms)
✔ native typed selected submodule is refused even with matching outer artifact digest (21.6422ms)
✔ native typed selected media is refused even with matching outer artifact digest (18.5565ms)
✔ native typed duplicate path is refused even with matching outer artifact digest (21.9197ms)
✔ native typed case alias is refused even with matching outer artifact digest (14.5371ms)
✔ native typed file directory conflict is refused even with matching outer artifact digest (15.622ms)
✔ native typed traversal is refused even with matching outer artifact digest (25.1412ms)
✔ native typed absolute path is refused even with matching outer artifact digest (20.9935ms)
✔ native typed Windows stream is refused even with matching outer artifact digest (18.4308ms)
✔ native typed Windows device is refused even with matching outer artifact digest (20.9466ms)
✔ native typed trailing dot alias is refused even with matching outer artifact digest (19.9954ms)
✔ native typed coercible entry path is refused even with matching outer artifact digest (16.5162ms)
✔ native typed deleted selection is refused even with matching outer artifact digest (16.9269ms)
✔ typed path selection requires one exact safe file, source role and original outer bytes (25.8132ms)
✔ typed decoded corpus cannot substitute a different well-hashed file or retarget a reviewed proposal (40.4794ms)
✔ typed base64 padding bits are canonical even when permissive decoding preserves the correct bytes (23.4425ms)
✔ same byte-pinned proposal replays its native key without adding guidance or a second revision (31.1803ms)
✔ lost response stays unknown with no automatic retry; exact replay reconciles it (33.088ms)
✔ an HTTP400 after persistence stays unknown and same-key replay confirms one revision (32.4049ms)
✔ live Corp drift refuses before a request (22.5927ms)
✔ live room drift refuses before a request (23.8936ms)
✔ live mission drift refuses before a request (21.1401ms)
✔ live task drift refuses before a request (23.6348ms)
✔ live run drift refuses before a request (25.6ms)
✔ live actor drift refuses before a request (23.0063ms)
✔ live source commit drift refuses before a request (24.7263ms)
✔ live verifier digest drift refuses before a request (26.7302ms)
✔ live artifact digest drift refuses before a request (25.6545ms)
✔ an accepted receipt with incomplete bounded evidence remains candidate (25.6557ms)
✔ an observed manual gate must retain its native decision and decider (32.3253ms)
✔ missing native corpus evidence or mismatched actual bytes never borrows an unrelated accepted run (28.416ms)
✔ typed envelopes, missing review bytes and requested independent review remain explicit candidates (26.6853ms)
✔ UTF-8 reference bounds do not silently truncate valid longer advisory guidance (23.1958ms)
✔ changed target ready status cannot be overwritten (30.8833ms)
✔ changed target existing run cannot be overwritten (31.9246ms)
✔ changed target contract version cannot be overwritten (28.5484ms)
✔ changed target budget cannot be overwritten (30.3491ms)
✔ changed target verifier cannot be overwritten (29.2819ms)
✔ changed target source cannot be overwritten (28.6764ms)
✔ changed target source connection cannot be overwritten (23.286ms)
✔ changed target tools cannot be overwritten (17.8357ms)
✔ changed target Corp cannot be overwritten (24.7683ms)
✔ changed target room cannot be overwritten (25.0403ms)
✔ changed target origin cannot be overwritten (24.5534ms)
✔ repinned unauthorized proposal changes cannot alter anything except selected references (40.4696ms)
✔ wrong proposal hash, edited corpus/review/receipt, future or expired proposal fails before POST (23.2015ms)
✔ expired selected guidance is not rescued by the remaining proposal lifetime (26.0238ms)
✔ expiry crossing during live prechecks is repeated immediately before mutation (20.4661ms)
✔ one total operation deadline cannot be renewed by a slow target precheck (233.9139ms)
✔ duplicate-key or reformatted proposal JSON cannot masquerade as the prepared byte representation (25.6024ms)
✔ source drift after successful mutation is accurately retained as applied (22.8495ms)
✔ source access loss after mutation is never mislabeled refusal-before-effects (23.8469ms)
✔ an HTTP error after a request is unknown without transaction-stage evidence and is not retried (20.9448ms)
✔ a contradictory successful response or changed native readback stays unknown (23.0644ms)
✔ exact native target projection refuses filtered context and preserves whole scope (17.0173ms)
✔ file input requires selected exact bytes and fails closed on an oversized or malformed input (27.3176ms)
✔ feedback file reads accumulate short native reads before validating bytes (8.202ms)
✔ feedback file truncate during short reads fails without a hash pin (6.5012ms)
✔ feedback file grow during short reads fails without a hash pin (6.368ms)
✔ CLI preparation writes new review artifacts and an existing apply receipt refuses before network or effects (64.3104ms)
✔ CLI exits nonzero for refused adoption while preserving its JSON receipt (261.6509ms)
✔ CLI typed prepare explicitly selects the native file and apply has no path override (74.7926ms)
✔ retained native candidate cannot become saved-task guidance or a native revision (38.4628ms)
✔ forged locally activated native evidence cannot become saved-task guidance or a native revision (30.3348ms)
✔ native evidence mixed into an activated typed artifact cannot become saved-task guidance or a native revision (31.009ms)
✔ receipt whitelists metadata and distinguishes persisted acceptance from optional verifier digests (10.0405ms)
✔ native runner, model and ref metadata preserves valid punctuation, spaces, Unicode and UTF-8 limits (4.5849ms)
✔ native metadata keeps bounded invalid text and malformed source tuples out of receipts (24.1094ms)
✔ native source identity accepts uppercase hexadecimal commits and full bounded repository components (1.065ms)
✔ published native refs and native MIME token punctuation are observed without a custom identifier alphabet (1.3991ms)
✔ historical evidence never borrows the current task verifier policy count (1.4578ms)
✔ conflicting or invalid run-bound check counts remain unknown (3.847ms)
✔ missing and duplicate check indices cannot establish completeness; malformed indices fail (1.3941ms)
✔ receipt rejects mismatched run Corp (0.7592ms)
✔ receipt rejects mismatched task Corp (0.5565ms)
✔ receipt rejects mismatched mission Corp (0.3283ms)
✔ receipt rejects mismatched room Corp (0.18ms)
✔ receipt rejects mismatched exact actor (0.2134ms)
✔ receipt rejects mismatched exact room (0.1574ms)
✔ receipt rejects mismatched exact mission (0.1467ms)
✔ receipt rejects mismatched evidence task (0.1986ms)
✔ receipt rejects mismatched event room (0.3827ms)
✔ receipt rejects mismatched partial source (0.264ms)
✔ current-run rejects later same-task runs and tied times, retaining nanosecond ordering (1.4665ms)
✔ typed resume lineage requires same task and producer, and records unavailable ancestors honestly (3.3806ms)
✔ exact recovery count is run-bound; private policy and notes are omitted (0.9472ms)
✔ published-result binds its exact source artifact and hashes opaque source revisions (1.0491ms)
✔ published-result accepts an exact historical publication despite a later same-task run (1.3264ms)
✔ published-result refuses mismatched Factory mission (0.4756ms)
✔ published-result refuses mismatched deliverable task (0.4234ms)
✔ published-result refuses mismatched deliverable source base (0.3498ms)
✔ published-result refuses mismatched run deliverable digest (0.3419ms)
✔ published-result refuses mismatched publication run (0.2429ms)
✔ published-result refuses mismatched provenance mission (0.3841ms)
✔ published-result refuses mismatched provenance source issue (0.43ms)
✔ published-result refuses mismatched provenance target (0.4069ms)
✔ published-result refuses mismatched recorded PR head (0.3252ms)
✔ published-result refuses mismatched recorded PR repository (0.2965ms)
✔ published-result refuses mismatched recorded PR provenance (0.3516ms)
✔ byte verification rejects tampering and each missing or conflicting native response boundary (1.497ms)
✔ receipt validator rejects extra content, contradictory acceptance, and mixed origin/artifact roles (6.3024ms)
✔ fingerprint tolerates observation timestamps and detects selected source, contract and artifact drift (4.1546ms)
✔ compiled native MCP export performs two captures and downloads only selected-origin artifact IDs (286.4074ms)
✔ artifact retention selection is bounded before reading host configuration (1.2107ms)
✔ compiled native evidence retains only explicitly selected verified bytes and preserves public receipt schema (526.099ms)
✔ compiled native evidence rejects an unowned artifact selection before any artifact download (94.0657ms)
✔ compiled native evidence never returns retained bytes from a tampered artifact or changed source (262.6102ms)
✔ compiled native exporter keeps opaque runner/model/ref metadata out of every request route (161.8175ms)
✔ compiled native export rejects state drift during its artifact read (166.5946ms)
✔ compiled native export rejects mismatched context before downloading artifacts (88.5372ms)
✔ compiled native export refuses artifact redirects without forwarding credentials (89.1442ms)
✔ compiled native export rejects oversized bodies and withholds HTTP error content (175.7374ms)
✔ compiled native export bounds a stalled exact-context body by its whole-operation timeout (1019.3388ms)
✔ receipt CLI writes a create-only metadata file and a compact redacted summary (840.3941ms)
✔ owned server requires matching executable, creation, endpoint, and workspace (4.0833ms)
✔ manual, remote, stale, or non-owned manifests never authorize restart (0.9744ms)
✔ Windows retains legacy timestamp tolerance and case-insensitive paths (0.561ms)
✔ legacy Windows identity callers remain supported without weakening explicit checks (1.9322ms)
✔ Linux requires the exact boot/PID/start-tick, executable, cwd/root, and socket binding (3.3229ms)
✔ Linux rejects malformed, legacy-Windows, and changed receipts (0.7115ms)
✔ every existing manual port remains denied on Windows and Linux and all loopback hosts (1.2041ms)
✔ remote, credentialed, missing-port, and malformed-scope endpoints fail closed (0.7019ms)
✔ only a complete scoped JSON object is a process receipt (0.7933ms)
✔ proc stat parses the final comm parenthesis and preserves 64-bit start ticks (1.2526ms)
✔ proc stat rejects wrong PID, truncated fields, malformed state, and invalid ticks (0.5934ms)
✔ Linux listener proof intersects the exact port and LISTEN state with PID-owned inodes (1.5825ms)
✔ malformed or unavailable proc network input supplies no ownership authority (0.6348ms)
✔ artifact recovery overrides are child-only and match native numeric bounds (0.8885ms)
✔ probe requires explicit scope and forwards only its scoped credential environment (5.4389ms)
✔ probe summary contains collection counts, never snapshot data or private paths (0.9566ms)
✔ probe permits HTTP only for normalized canonical loopback origins and requires HTTPS elsewhere (14.2904ms)
✔ recovery probe reports only native metadata and never infers missing capability or exposes policy (1.4056ms)
✔ recovery probe rejects malformed work-item IDs before spawning any gateway (0.9672ms)
✔ compiled recovery probe rejects impossible native numeric metadata and preserves exhausted authority (574.9064ms)
✔ compiled recovery tool makes exactly the selected authorized GET in both modes (169.3906ms)
✔ compiled recovery probe selects one context without reading the broad snapshot or exposing private fields (84.6933ms)
✔ compiled recovery tool refuses malformed IDs, extra scope or effect arguments before HTTP (208.9756ms)
✔ compiled recovery tool rejects mismatched Corp or work-item responses (320.111ms)
✔ compiled recovery probe preserves authorization and not-found failures without private diagnostics (243.8123ms)
✔ compiled recovery inspection never follows redirects in either gateway mode (172.8776ms)
✔ compiled recovery inspection caps HTTP bodies even in the legacy write-capable gateway mode (173.6989ms)
✔ compiled read-only MCP completes the real stdio handshake and makes only one scoped GET (87.7253ms)
✔ compiled MCP ignores notifications and denies mutating calls before HTTP while preserving the default catalog (164.755ms)
✔ compiled MCP keeps malformed omitted-ID objects silent and effect-free (read-only) (73.3648ms)
✔ compiled MCP keeps malformed omitted-ID objects silent and effect-free (unrestricted) (74.2005ms)
✔ compiled probe withholds API error content and enforces its whole-probe timeout (1113.5802ms)
✔ compiled read-only inspection rejects redirects without contacting a second origin (182.0323ms)
✔ compiled read-only startup requires every routing variable before serving even initialization (276.8371ms)
✔ compiled read-only flag rejects command-line tokens (split option, CLI only) (73.7356ms)
✔ compiled read-only flag rejects command-line tokens (split option, CLI plus environment) (67.2624ms)
✔ compiled read-only flag rejects command-line tokens (equals option, CLI only) (72.5976ms)
✔ compiled read-only flag rejects command-line tokens (equals option, CLI plus environment) (66.5818ms)
✔ compiled read-only flag accepts only the environment token and exposes the restricted catalog (75.8359ms)
✔ compiled read-only environment rejects command-line tokens (split option, CLI only) (73.214ms)
✔ compiled read-only environment rejects command-line tokens (split option, CLI plus environment) (67.2301ms)
✔ compiled read-only environment rejects command-line tokens (equals option, CLI only) (76.2979ms)
✔ compiled read-only environment rejects command-line tokens (equals option, CLI plus environment) (75.9607ms)
✔ compiled read-only environment accepts only the environment token and exposes the restricted catalog (80.8449ms)
✔ compiled unrestricted MCP preserves legacy CLI token precedence (split option) (160.464ms)
✔ compiled unrestricted MCP preserves legacy CLI token precedence (equals option) (175.9123ms)
✔ compiled native read-only HTTP body rejects oversized declared length before end (200) (77.2101ms)
✔ compiled native read-only HTTP body rejects streamed overflow before end (200) (140.314ms)
✔ compiled native read-only HTTP body rejects oversized declared length before end (403) (93.3046ms)
✔ compiled native read-only HTTP body rejects streamed overflow before end (403) (132.2298ms)
✔ compiled native HTTP body accepts the inclusive read-only limit and preserves unrestricted transport (846.2586ms)
✔ compiled native HTTP body preserves small successful and error response behavior (484.6375ms)
✔ withholds all six source ACKs for each of two native automatic attempts (4.4655ms)
✔ holds all quality ACK duplicates to the same 8-second deadline, preserving bytes (1.5872ms)
✔ gameplay and integration pass source ACKs unchanged (0.4536ms)
✔ native resume passes ACKs and does not consume a third automatic attempt (0.3227ms)
✔ non-source ACK, heartbeat, credential rotation, approval and lifecycle are opaque passthrough (0.5326ms)
✔ rejects foreign or unproven run, Corp and hash before fault decisions (1.7355ms)
✔ assignment rebinding cannot swap a different task, scope or command kind (0.8337ms)
✔ late-ACK release sends one exact original old-run frame once without retagging (0.5741ms)
✔ refuses manual-stack, wrong-repository and missing opt-in config (1.5941ms)
▶ real loopback WebSocket wiring: native schema, ordered forwarding, reconnection and redaction
  ▶ isolated concurrent fixture 1
    ✔ synthetic endpoints require live ownership without relaxing config guards (14.0931ms)
    ✔ persisted owner/name schema binds and stop cannot overtake a pending assignment (76.411ms)
    ✔ upload byte transparency, ACK withholding and metadata non-disclosure (55.8898ms)
    ✔ a stale snapshot/close callback cannot bind, send or close the replacement connection (181.0791ms)
  ✔ isolated concurrent fixture 1 (495.3706ms)
  ▶ isolated concurrent fixture 2
    ✔ synthetic endpoints require live ownership without relaxing config guards (10.4312ms)
    ✔ persisted owner/name schema binds and stop cannot overtake a pending assignment (77.3972ms)
    ✔ upload byte transparency, ACK withholding and metadata non-disclosure (55.658ms)
    ✔ a stale snapshot/close callback cannot bind, send or close the replacement connection (178.4154ms)
  ✔ isolated concurrent fixture 2 (462.9659ms)
✔ real loopback WebSocket wiring: native schema, ordered forwarding, reconnection and redaction (496.6103ms)
✔ relocated doctor checks declared tools through native version commands without leaking ambient secrets or installing (1446.5471ms)
✔ wrong node version produces a failing CLI result (1474.8002ms)
✔ wrong pnpm version produces a failing CLI result (1347.4352ms)
✔ wrong rustc version produces a failing CLI result (1392.6088ms)
✔ wrong cargo version produces a failing CLI result (1410.8115ms)
✔ missing package manager fails without falling back to another host command (1151.0263ms)
✔ failed component probes suppress raw stdout and stderr (1327.2168ms)
✔ unrecognized version output is rejected without echoing the command response (1364.3889ms)
✔ an unavailable pinned rustup toolchain fails instead of installing or selecting stable (1371.3282ms)
✔ already selected direct Rust binaries can be verified without rustup (1387.4202ms)
✔ invalid .node-version declaration fails before any command runs (version) (207.0639ms)
✔ invalid package.json declaration fails before any command runs (version) (217.9605ms)
✔ invalid rust-toolchain.toml declaration fails before any command runs (floating Rust) (204.9622ms)
✔ invalid rust-toolchain.toml declaration fails before any command runs (component) (224.4878ms)
✔ unsupported CLI arguments fail before probing tools (206.3169ms)
ℹ tests 1248
ℹ suites 0
ℹ pass 1248
ℹ fail 0
ℹ cancelled 0
ℹ skipped 0
ℹ todo 0
ℹ duration_ms 64976.637
