$ node --test --test-concurrency=2 --test-timeout=180000 "apps/web/src/**/*.test.mjs" "tools/*.test.mjs"
✔ editor preserves its accessible control names, preview hook, and all six check choices (38.7131ms)
✔ switching check types resets their incompatible fields and retains the rest of the policy (10.7318ms)
✔ every check-field callback retains the selected variant and unchanged checks (16.7965ms)
✔ adding and removing checks preserves tab selection, including external policy shrink and the empty state (15.7589ms)
✔ the 16-check add button limit and oversized-policy feedback are retained (12.2937ms)
✔ manual-gate transitions retain default role ordering, requester exclusion, and explicit removal (8.0863ms)
✔ preview keeps exact check order, manual-role labels, heading overrides, and requester-exclusion guidance (1.7255ms)
✔ Factory exact-run navigation replaces a remembered newer outcome before mission remount (4.8825ms)
✔ run navigation ignores the duplicate activity marker in a hidden Factory tab (16.6447ms)
✔ artifact navigation chooses its exact producer while mission-only navigation preserves the current choice (1.5177ms)
✔ unavailable run/task/mission cannot overwrite remembered evidence or open another run (2.4315ms)
✔ storage failure or obsolete viewer fails closed before navigation (2.044ms)
✔ explicit navigation writes only the selected viewer scope and only the run identity (1.0849ms)
✔ reload keeps the decided run instead of the other pending review or a newer worker (2.6496ms)
✔ remembered evidence is scoped to the API server, Corp, actor and mission (0.4869ms)
✔ missing remembered work never silently substitutes another visible review (0.3861ms)
✔ unreadable or malformed stored context requires explicit selection, not the next review (0.6162ms)
✔ a first visit is distinct from unreadable history; failed writes do not throw (0.4529ms)
✔ only the selected run ID is stored; reviews and authority never enter browser persistence (1.4051ms)
✔ MissionCard scopes remounts, pins initial evidence and fails closed when persistence fails (12.6718ms)
✔ issue210 only the explicit server flag adds correction to a native checkpoint (3.6759ms)
✔ issue210 verifier availability is independent of correction and missing availability preserves legacy behavior (1.5879ms)
✔ issue210 revision source is the exact server-selected verifier, with no cross-item fallback (0.7896ms)
✔ only native proof plus its cancellation marker exposes source-only checkpoint verification (0.5177ms)
✔ a running checkpoint needs no cancellation repair, and ordinary verification failure stays compatible (0.5195ms)
✔ missing/tampered source, checkpoint, head, active recovery or terminal outcome offers no new recovery (0.6159ms)
✔ context requests are not recovery grants and never depend on inferred mission spend/status (0.3461ms)
✔ copied command binding retains the saved connection and never falls back on malformed metadata (0.3367ms)
✔ actual presentation selects the endpoint source, not the newest visible run or mission cancellation (143.0703ms)
✔ issue210 presentation separates provider-free verification from a budgeted same-session fix (30.9637ms)
✔ issue210 source-only and unavailable checkpoint presentations never suggest generic recovery (43.226ms)
✔ actual context loader is GET-only and admits the exact item/version/mission checkpoint (54.9442ms)
✔ actual context loader rejects stale/cross-scope and malformed flags without snapshot fallback (227.9089ms)
✔ issue210 actual loader accepts boolean correction flags and defaults missing legacy authority closed (57.3341ms)
✔ issue210 exact loader retains true, false and missing checkpoint availability without granting another mode (57.601ms)
✔ actual UI action copies only explicit checkpoint verification with the original scope/connection (245.2757ms)
✔ issue210 actual correction action retains the original CLI route, source and connection (349.4853ms)
✔ issue210 actual card drops correction authority immediately when item, version or actor changes (463.4734ms)
✔ issue210 actual contract submission uses the scoped verifier, not its provider ancestor (61.0571ms)
✔ issue210 editor loading, errors, stale context and denied correction cannot fall back or submit (332.5136ms)
✔ issue210 ordinary contract resume, redispatch and requester/role boundaries stay intact (113.5852ms)
✔ issue210 actual source-only context copies correction and revises the exact verifier; no-mode context does neither (247.7416ms)
✔ actual resume handler and rendered provider control respect native recovery blocking (10.4959ms)
✔ actual App Resume control survives an ineligible ordinary Factory recovery lookup and uses the native actor-bound POST (339.9152ms)
✔ issue221 explicit provider-correction permission permits null head without granting checkpoint or generic resume (1.6072ms)
✔ issue221 actual context reader retains null head/current provider proof and malformed heads remain non-actionable (421.1001ms)
✔ issue221 actual copy/revision actions use only source correction for the latest failed provider with null head (312.9279ms)
✔ wrong-first legacy Project 174 cannot displace the selected live lab controller (2.8679ms)
✔ every Project/repository/Corp component must match, even with an active-item pointer (0.5958ms)
✔ GitHub owner/repository case and surrounding whitespace normalize independently (0.332ms)
✔ missing/malformed scope is neutral rather than an empty-scope match (0.3935ms)
✔ the exact active item wins among live controllers in the same scope (0.3587ms)
✔ a current live scope match wins over a stale offline active-item pointer (0.3154ms)
✔ with only offline matches, retain the exact item rather than crossing scope (0.2661ms)
✔ without an item, prefer useful live intake in the current Corp (0.4004ms)
✔ empty/no-match and unavailable explicit selections never borrow another controller (0.3956ms)
✔ heartbeat freshness and stable ID break ties without using array order or mutating inputs (1.8464ms)
✔ snapshot refresh and selected scope changes return the exact new ID/version object (0.3879ms)
✔ the actual FactoryPanel resolver feeds displayed state and both action callbacks (20.0191ms)
✔ the actual component guards controller actions, retains role gating and passes the same callback (14.3753ms)
✔ the actual API action handler targets the resolved controller ID and version for all actions (80.5584ms)
✔ the production handler preserves the existing ID-scoped idempotency/version on a lost response (30.9306ms)
✔ primary_rate_limit has a reader-facing reason and an automatic future retry (32.7773ms)
✔ secondary_rate_limit has a reader-facing reason and an automatic future retry (0.8831ms)
✔ graphql_quota has a reader-facing reason and an automatic future retry (1.0471ms)
✔ github_unavailable has a reader-facing reason and an automatic future retry (0.8965ms)
✔ quota, cost and timestamps come from the snapshot, not derived or default budgets (3.1581ms)
✔ equivalent offset timestamps have the same local retry time and boundary (1.4062ms)
✔ at or after the retry deadline, waiting is not presented as a successful retry (1.999ms)
✔ zero remaining, limit, query cost and failures remain real zeros (0.9764ms)
✔ paused desired state wins without rewriting controller health or promising a retry (1.7982ms)
✔ offline health wins over polling metadata, including an elapsed retry (1.8745ms)
✔ paused and offline together retain both conditions and existing paused precedence (0.8838ms)
✔ absent legacy polling leaves the old strip intact and never fabricates a wait (0.4443ms)
✔ missing or malformed backoff data is unavailable, never zero or an invented deadline (0.592ms)
✔ invalid values are not coerced to numbers or dates and unknown reasons are not rendered raw (2.3536ms)
✔ partial quota data preserves observed zeros while missing fields remain unavailable (0.3971ms)
✔ healthy telemetry does not infer a backoff from a zero quota or failure count (0.5272ms)
✔ UI integration remains read-only, accessible, and uses existing controller controls (17.794ms)
✔ line normalization preserves argument boundaries, literal punctuation, and duplicate values (2.3082ms)
✔ role entry supports commas and CRLF without silently deduplicating or authorizing roles (0.4716ms)
✔ mission projection retains exact task, runner and human control attribution (4.6395ms)
✔ foreign tasks and same-ID foreign-Corp runners cannot supply collaboration state (0.4101ms)
✔ offline retains work without advertising live control or termination (0.5426ms)
✔ connecting retains work without advertising live control or termination (0.3871ms)
✔ a failed snapshot refresh retains exact work without advertising live controls (0.5181ms)
✔ invalid snapshot receipt NaN cannot advertise live controls (0.3378ms)
✔ invalid snapshot receipt Infinity cannot advertise live controls (0.3329ms)
✔ invalid snapshot receipt 0 cannot advertise live controls (0.2206ms)
✔ invalid snapshot receipt -1 cannot advertise live controls (0.3988ms)
✔ expired/malformed lease 2026-09-16T11:59:00Z cannot claim a controller (0.5427ms)
✔ expired/malformed lease 2026-09-16T12:00:00Z cannot claim a controller (0.3263ms)
✔ expired/malformed lease bad cannot claim a controller (0.1674ms)
✔ verifying has recorded evidence but no provider controls (0.2483ms)
✔ completed has recorded evidence but no provider controls (0.2137ms)
✔ lost has recorded evidence but no provider controls (0.2084ms)
✔ cancelled has recorded evidence but no provider controls (0.1666ms)
✔ a provider-free run and a superseded agent assignment expose no live controls (0.3823ms)
✔ runner grace and offline remain distinct; neither supplies human presence (0.1885ms)
✔ review links bind exact run/task and explain role and requester exclusion (0.4986ms)
✔ missing and historical identities never become fabricated named owners or current controllers (0.2933ms)
✔ draft cache survives surface remounts but never crosses Corp/actor/room/mission (0.396ms)
✔ actual component navigation only requests exact context; rendering sends no commands (15.9977ms)
✔ actual disconnected component retains readable evidence with an explicit warning (2.4678ms)
✔ actual failed-refresh component distinguishes stale data from a disconnected transport (2.2676ms)
✔ actual component rejects missing receipt freshness and restores controls after a successful refresh (11.8835ms)
✔ App preserves main snapshot metadata and exact-run navigation while passing numeric receipt freshness (5.3066ms)
✔ App embeds existing scoped discussion and pins evidence before exact-run navigation (2.9021ms)
✔ late completion notifies remounted composers without clearing a newer or same-text draft (0.8748ms)
✔ late operation acknowledgment cannot clear a replacement idempotency key (181.1643ms)
✔ actual App selection never substitutes another mission after the selected record disappears (104.5581ms)
✔ actual briefing navigation has a visible destination for legacy empty descriptions (96.7862ms)
✔ verification checks do not change launch intent (2.087ms)
✔ review navigation cannot turn its click into a form submission (0.2872ms)
✔ ordinary application setup cannot silently fall back to the fake runtime (0.5292ms)
✔ composer uses two clear steps and starts with an empty goal (0.2967ms)
✔ advanced settings and detailed requirements are optional disclosures (0.8971ms)
✔ closing setup preserves the draft and returns to existing mission context (0.7161ms)
✔ explicit links to existing work reveal it without erasing an open draft (0.6154ms)
✔ native creation and explicit held-plan behavior remain unchanged (0.2873ms)
✔ review keeps the exact source and current server-derived allocation visible (0.5157ms)
✔ scope requires four explicit bounded identities and cannot mutate after submission (3.7341ms)
✔ current origin binds the exact view instance, not just equal IDs (0.6268ms)
✔ read issues exactly one encoded, uncached GET with cancellation and no body (13.8006ms)
✔ Direct accepts only exact returned linkage and drops unexpected hidden fields (2.012ms)
✔ Factory retains only the validated work item, repository, issue number and exact URL (124.1651ms)
✔ all four response identities must echo the bound request exactly (34.927ms)
✔ missing, malformed and older origin responses never become Direct (3.6003ms)
✔ Factory fields are required and null or missing metadata is never partly accepted (3.1253ms)
✔ Factory rejects invalid work-item identities, repository paths and issue numbers (4.2602ms)
✔ only the raw HTTPS GitHub issue URL matching returned repository and number is accepted (4.5485ms)
✔ mixed-case owner/repository URLs match normalized identity and retain display case (1.1578ms)
✔ valid case-preserving repositories and positive safe issue numbers remain verbatim (0.9213ms)
✔ old endpoints, denied authorization and transport failures stay unavailable without raw errors (1.7528ms)
✔ a synchronous API failure is contained and clears the read timer (0.7593ms)
✔ timeout aborts an unsettled read and suppresses both late success and late failure (0.9788ms)
✔ a settled success or failure cannot be overwritten by an already queued timeout (0.8332ms)
✔ cancellation before the scheduled read prevents even the GET (0.9206ms)
✔ in-flight cancellation ignores transports that resolve or reject after abort (0.8477ms)
✔ component reads once for a valid view and renders truthful Direct copy in one styled paragraph (14.1997ms)
✔ component links only a fully validated Factory response, not extra returned fields (3.0883ms)
✔ all four operating roles may read; guests, spectators and unknown roles never request context (16.4425ms)
✔ invalid or absent scope props render the conservative fallback without requesting (14.3564ms)
✔ failed exact reads preserve #185 positive or unknown fallback without inventing links or hiding failure (9.5117ms)
✔ a failed origin lookup can be retried explicitly without changing the work identities (3.9448ms)
✔ Corp, actor, room and mission changes hide old success and errors before effect cleanup (13.4035ms)
✔ late success and errors from a replaced request cannot update the current component (12.4204ms)
✔ leaving and returning to identical IDs cannot revive an earlier success or failure (2.9504ms)
✔ same-ID reopened pending requests ignore the original response and error after current denial (3.0566ms)
✔ a guest transition revokes displayed source data and returning operators must read again (2.1613ms)
✔ operating-role and API changes also invalidate old privileged context (3.0283ms)
✔ unmount cancels the read and a fresh mount with identical IDs cannot inherit its outcome (2.5071ms)
✔ one builder preserves the complete current creation payload and retained settings (3.6053ms)
✔ provider defaults, supported reasoning and commit-branch semantics match submission (0.2822ms)
✔ existing deterministic fixture semantics are not converted into provider settings (0.2696ms)
✔ scope freezes the exact serialized body and rejects an actor mismatch (0.5683ms)
✔ every request field, Corp and actor invalidate an earlier quote (1.0269ms)
✔ preview debounces, uses the exact creation body, and calls only the read-only preview POST (10.0496ms)
✔ an edit or closing the composer before debounce starts no request (0.379ms)
✔ an invalidated request is aborted and cannot publish a late successful quote (1.4653ms)
✔ late errors after actor/Corp change or unmount cannot replace the new preview (1.2007ms)
✔ editing away and back still requires a fresh request, not a revived quote (1.3719ms)
✔ allocations are displayed verbatim from the server, not a frontend Studio formula (1.2028ms)
✔ missing or mismatched quote fields never become a current allocation (2.7062ms)
✔ an absent preview endpoint gives a useful failure state without inventing allocations (1.5639ms)
✔ preview response is bounded to eight tasks without reallocating server budgets (1.2456ms)
✔ unknown, self, duplicate and oversized dependency references remain unknown allocations (1.2585ms)
✔ retry clears an old failure immediately and can accept a fresh quote (2.1407ms)
✔ timeout clears the quote, aborts the request and ignores a late response (1.0624ms)
✔ App shares the request body, invalidates keyed preview instances and retains native Launch (5.0961ms)
✔ mission selection and Discuss use the authoritative non-first owning room (1.9688ms)
✔ mission, task, run and artifact deep links resolve to the same owning room (0.4513ms)
✔ an explicit room deep link and all-discussion view stay in that room (0.2886ms)
✔ stale, missing and older mission/room projections never fall back to the first room (1.9307ms)
✔ related work is limited to the selected room and mission, not a fixed item count (2.3702ms)
✔ messages are room-filtered before mission links and out-of-order reply ancestry (1.0151ms)
✔ valid room, mission and inherited reply submissions retain the same scope (0.774ms)
✔ stale actor, Corp, room and mission scopes cannot submit or complete a newer draft (0.4318ms)
✔ a disappearing mission or owning room fences previously valid submissions (0.4228ms)
✔ foreign, missing or stale links and replies cannot silently become general comments (0.7127ms)
✔ guest-shaped and missing Factory projections do not establish Direct origin (0.7637ms)
✔ a mission older than the 500-item Factory window remains origin-unknown (0.4105ms)
✔ a positively matched visible Factory item retains its issue attribution (0.1968ms)
✔ known publication/recovery linkage is generic when intake details are unavailable (0.7813ms)
✔ projection helpers preserve the authoritative input and do not retain hidden origin data (0.3972ms)
✔ the UI uses the tested projection and submission helpers on both discussion entry paths (17.6918ms)
✔ scope requires every explicit identity and repository and freezes the view generation (5.0684ms)
✔ the exact scope object, not equal IDs or a prior A -> B -> A view, selects the load (0.7208ms)
✔ one encoded GET is uncached, abortable and body/header/credential free (12.0287ms)
✔ published DTO retains only bound result metadata and leaves raw input untouched (2.7239ms)
✔ only explicit null publication in a correctly scoped response is known absence (4.0996ms)
✔ item and publication scope mismatches never expose links or known absence (11.185ms)
✔ publication source issue matches the work item without equating authorizer, revisions or checkpoint generations (1.7924ms)
✔ publication and artifact identity tuples plus full digests must all match (4.9453ms)
✔ missing, duplicate and unrelated-first deliverables cannot substitute a result (1.6012ms)
✔ native provenance identity, source/target branches and digests are checked without retaining authority (7.35ms)
✔ raw GitHub PR URLs allow native slash suffixes but retain exact repository and number checks (6.8579ms)
✔ owner/repository display case is preserved while full hex values compare by bytes (0.9413ms)
✔ PR state, exact head, owner, recorded metadata and phase cannot contradict each other (2.8559ms)
✔ download metadata rejects controls, external/native paths, malformed hashes and invalid sizes (12.4549ms)
✔ pending, PR-created, published and failed publication are distinct without claiming a live app (3.1122ms)
✔ only a different valid pinned run is a mismatch; same-run contradictions stay unavailable (1.05ms)
✔ loading, denied and stale contexts cannot become a result or known absence (3.2689ms)
✔ denials, missing endpoints and sync/async transport failures stay unavailable without raw errors (1.8108ms)
✔ timeout aborts and suppresses late successes and failures without retries (1.1699ms)
✔ queued timeout callbacks cannot overwrite a settled success, absence or denial (1.043ms)
✔ cancellation before start issues no GET; in-flight cancellation publishes no late data (0.9523ms)
✔ new same-ID generation remains unavailable after denial despite a prior response completing later (0.795ms)
✔ fresh human-only bootstrap can select a runner runtime before any crew exists (4.2563ms)
✔ retired and legacy identities neither enable nor suppress advertised runtimes (0.4601ms)
✔ studio requires the exact selected source on a connected runner, not another repository (0.5624ms)
✔ source repository and commit matching are case-insensitive but ref matching is exact (0.3391ms)
✔ unavailable runtimes and non-runtime capabilities are not mission options (0.4401ms)
✔ catalog merging prefers an enabled model without changing the source snapshot (2.2613ms)
✔ unscoped status and crew include ready connection-bound runtimes, but dispatch keeps its exact binding (1.1793ms)
✔ studio always selects Copilot even when another runtime was requested (0.2924ms)
✔ studio does not fall back to another provider or an unavailable Copilot runtime (0.5885ms)
✔ solo selection and deterministic fixtures retain their runtime contracts (0.4393ms)
✔ a disappearing explicit runtime cannot silently switch provider with stale model settings (0.2322ms)
✔ studio uses enabled Copilot model settings or an explicit provider default (0.3144ms)
✔ fixtures ignore hidden provider model settings (0.178ms)
✔ normal UI bootstrap opts out of seeded crew without changing fixture tooling (15.3539ms)
✔ runtime character descriptors match the shipped manifest, PNG dimensions, and original file bytes (35.0365ms)
✔ named characters and stable worker identities retain their appearance across reordered snapshots (1.1737ms)
✔ numeric roster positions wrap without producing missing characters, and invalid numbers use the default (0.5472ms)
✔ walking uses the original three poses in a 0,1,2,1 cycle at the 150ms boundaries (1.6942ms)
✔ idle, typing, reading and facing use the actual source-sheet rows and columns (0.6483ms)
✔ invalid or negative animation time selects the first pose without invalid source coordinates (0.3854ms)
✔ every animation and direction remains inside a real sheet after long-running animation (0.6573ms)
✔ default floor distinguishes connected workers from offline and test registrations (3.6031ms)
✔ omitted and null retirement fields keep legacy and mission identities available (0.3436ms)
✔ every non-null retirement excludes an identity regardless of pin, date, or reported work (0.506ms)
✔ retired identity remains resolvable in the unmodified historical snapshot (0.3707ms)
✔ retiring the selected agent falls back to current crew, including the empty-roster case (1.5983ms)
✔ pagination filters retirement before assigning seats without mutating order (0.7294ms)
✔ idle does not become working or reviewing from a stale station or pending run request (0.3973ms)
✔ working and blocked status still derive from exact server state and current-run requests (0.2895ms)
✔ #154: a selected worker on a later studio is located on initial mount and selection changes (0.7077ms)
✔ #154: studio lookup follows retirement repagination, not stale seat indexes (0.6013ms)
✔ #154: manual paging survives snapshots, but another selected agent resets page and zoom (0.6799ms)
✔ #154: retirement moving the selected agent to a different page resets the camera (0.6464ms)
✔ #154: mounting or remounting the same starting run never fabricates an arrival (0.3535ms)
✔ #154: only an observed new active run can animate once, and reduced motion wins (0.2313ms)
✔ #154: blocked work takes recovery priority over both idle and ordinary active work (0.4042ms)
✔ #154: exact approvals keep priority, and only an unblocked empty floor offers new work (0.1915ms)
✔ history inspectors retain the full snapshot while the floor uses current identities (16.3951ms)
✔ Factory activity prioritizes the exact outcome review, then tool approval, before newer work (4.7344ms)
✔ selection ignores terminal, denied and foreign tool approvals without inventing a run (0.3722ms)
✔ terminal runs cannot become reviewable or active from dangling pending decision records (31.3971ms)
✔ live task, agent, control, timestamps and safe activity come from one scope without mutation (1.4688ms)
✔ a stale Running intake never claims that a cancelled provider is active (1.3207ms)
✔ pending exact-run outcome review is distinct from an active provider and completion (1.2222ms)
✔ tool authority and unavailable decision context do not become outcome approval (2.2033ms)
✔ a completed run is not automatically a completed mission or published application (1.2732ms)
✔ retained data cannot claim current execution: {"connection":"offline"} (1.0714ms)
✔ retained data cannot claim current execution: {"connection":"connecting"} (1.4046ms)
✔ retained data cannot claim current execution: {"snapshotFailed":true} (0.815ms)
✔ retained data cannot claim current execution: {"snapshotReceivedAt":null} (0.5153ms)
✔ grace, offline and wrong-Corp runner records cannot establish provider liveness (1.724ms)
✔ runner loss and uncertain teardown remain unknown until a positive termination receipt (1.9095ms)
✔ verifier-only runs never appear as a running model (1.0415ms)
✔ quarantine and protected stops stay prominent even with stale transport (2.2293ms)
✔ failed verification, cancelled work and unknown execution modes remain explicit (2.1634ms)
✔ missing, duplicate or foreign task context cannot fall back to another run (1.1166ms)
✔ activity is scoped, deduplicated, ordered, bounded and never reveals raw payloads (3.1612ms)
✔ missing start, invalid clocks and backwards timestamps do not invent a duration (1.3632ms)
✔ expired leases and foreign attribution do not display an active controller (1.3389ms)
✔ actual React detail component reuses current classes, native disclosure and escaped text (23.9552ms)
✔ the Factory integration uses the existing exact-run selector, scoped snapshot and old callbacks (4.8331ms)
✔ a burst of 1000 streamed events schedules one snapshot instead of 1000 requests (2.7949ms)
✔ events arriving during a request produce exactly one trailing snapshot (6.6108ms)
✔ the final event during the trailing request is not dropped (1.4422ms)
✔ disposing before a scheduled refresh prevents any fetch (0.4863ms)
✔ disposing an actor/Corp scope aborts its request and drops trailing work (2.7968ms)
✔ refresh failures are handled and a later event can still refresh (1.3177ms)
✔ a disposed scope does not report an obsolete aborted read as a new UI error (1.0678ms)
✔ websocket events use the coalescer and cleanup cancels its read scope (6.2878ms)
✔ initial connection is bounded, cancellable and offers retry rather than mission restart (5.4282ms)
✔ actual App presence polling only runs for open connection-dependent views, without reconnecting the event socket (282.1787ms)
✔ artifact defaults retain the current wire shape and do not share mutable values (3.9531ms)
✔ file defaults retain the current wire shape and do not share mutable values (0.2971ms)
✔ command defaults retain the current wire shape and do not share mutable values (0.2857ms)
✔ test defaults retain the current wire shape and do not share mutable values (0.5068ms)
✔ json_schema defaults retain the current wire shape and do not share mutable values (0.4292ms)
✔ screenshot defaults retain the current wire shape and do not share mutable values (0.2244ms)
✔ check summaries preserve paths, argument boundaries, byte floors, JSON keys, and rounded timeouts (30.6135ms)
✔ array summaries distinguish item boundaries and preserve exact argument and key values (0.7186ms)
✔ byte-counted summaries use singular byte only for the one-byte floor (0.6351ms)
✔ empty and oversized policies remain invalid, with the 16-check boundary accepted (0.702ms)
✔ invalid byte floor 0 is reported for every byte-counted check (0.4179ms)
✔ invalid byte floor -1 is reported for every byte-counted check (0.2197ms)
✔ invalid byte floor NaN is reported for every byte-counted check (0.1682ms)
✔ invalid byte floor Infinity is reported for every byte-counted check (0.1383ms)
✔ validation preserves check order and reports missing paths, programs, timeout bounds, and JSON keys (1.0135ms)
✔ manual gates require allowed roles without changing requester-exclusion semantics (0.6528ms)
✔ preserves the existing advisory-validator scope; server schema/path authorization remains authoritative (0.932ms)
✔ check transformations create new drafts while retaining unchanged evidence checks and gate identity (0.4654ms)
✔ gate transitions preserve checks and retain current deliberate resets even when reselecting a gate type (0.3384ms)
✔ verification labels retain their current wording and fallback formatting (0.2618ms)
✔ WorkResultCard exposes its status and supplied content with metadata collapsed by default (19.9169ms)
✔ ready PR retains its exact URL and only an explicit download invokes the matching callback (20.1688ms)
✔ loading, unavailable and no-publication states do not fabricate a PR or perform actions (9.1113ms)
✔ a historical review mismatch changes selection only through explicit Go to delivered result (4.7756ms)
✔ an unavailable delivered-run target preserves the historical selection and only offers refresh (9.3538ms)
✔ a failed publication with a recorded PR remains inspectable without being labeled Published (294.9265ms)
✔ Published is not merged or deployed and its collapsed details never invent a running preview (12.3604ms)
✔ expired artifact retention does not hide an existing PR or replace server download validation (6.8689ms)
✔ actual hook hides prior result before cleanup and aborts on each exact scope change (78.906ms)
✔ actual hook fences late success and failure before cleanup and after replacement (24.8323ms)
✔ actual hook close and reopen with identical IDs cannot revive old ready or pending data (26.586ms)
✔ actual hook treats positive revision as one refresh hint and never retries failure on render (64.1434ms)
✔ actual App origin-unavailable branch offers manual Refresh work context with no PR CTA (17.3051ms)
✔ actual App first-hop retry exposes the authorized result without moving pinned evidence (43.2527ms)
✔ actual App fallback reports unavailable review details for an unresolved run or request (17.0703ms)
✔ actual work pickers retain a deep-linked historical mission outside the recent eight (102.0713ms)
✔ actual work pickers do not duplicate a recent selection or invent an absent mission (94.9862ms)
✔ related work includes the third mission, task, run and artifact (1.9612ms)
✔ work links name the actual work rather than presenting only opaque IDs (0.1816ms)
✔ related options deduplicate repeated snapshot references (0.1974ms)
✔ mission discussion retains nested replies, including out-of-order snapshots (3.2919ms)
✔ task, run and artifact comments inherit the owning mission only (0.4444ms)
✔ unlinked cycles and missing ancestors cannot manufacture mission context (0.3783ms)
✔ context helpers leave authoritative messages and work objects unchanged (0.3673ms)
✔ work selection follows the owning authorized mission and rejects unknown links (0.3822ms)
✔ human review and automated verification are not advertised as live model sessions (0.3493ms)
✔ enterprise task labels explain the legacy studio lane keys (0.5142ms)
✔ review eligibility explains requester exclusion without bypassing the policy (0.6975ms)
✔ a pending evidence review selects its run rather than a newer active worker (0.3356ms)
✔ a tool-approval wait cannot hide a different pending evidence review (0.1795ms)
✔ review selection rejects mismatched tasks, terminal runs and non-pending requests (0.3077ms)
✔ explicit evidence selection stays bound to that run and cannot inherit another review (0.2348ms)
✔ unselected evidence follows remaining reviews and retains snapshot order without mutation (0.2726ms)
✔ a decided run remains selected until the operator deliberately chooses the next review (0.1812ms)
✔ mission UI binds evidence and decisions and pins the target before submitting (18.3078ms)
✔ runner revision is stable for reordered equivalent records without sorting the input (3.6404ms)
✔ runner revision ignores heartbeat, display and capability churn (0.3505ms)
✔ runner revision changes only when lifecycle identity or presence records change (0.4322ms)
✔ offline presence requests revalidation without rewriting endpoint readiness (0.3999ms)
✔ reconnect mismatch remains a hint until the endpoint itself returns ready presence (0.4176ms)
✔ unknown presence is false and same-ID foreign runners cannot supply presence (1.739ms)
✔ presence hints never promote or erase native sign-in and installation states (0.8386ms)
✔ revision and presence helpers leave source, models, identity and selection immutable (0.7834ms)
✔ saved choice and source remain present while its machine is offline (0.344ms)
✔ ready metadata alone cannot borrow another connection or source for dispatch (0.5559ms)
✔ connection UI identity is scoped to actor and room (0.2976ms)
✔ native sign-in instructions cannot navigate to another host or credential-bearing URL (0.3538ms)
✔ accepts matching current contracts, aliases, CRLF and historical prose outside markers (110.7968ms)
✔ rejects added source validation command and reports expected and actual (86.5146ms)
✔ rejects removed source validation command and reports expected and actual (93.4196ms)
✔ rejects reordered source validation command and reports expected and actual (83.262ms)
✔ rejects changed documented commands; correcting the documented sequence restores passing (104.8324ms)
✔ accepts quoted literal Node globs through aliases while preserving quoted versus shell-expanded arguments (106.3418ms)
✔ rejects a source SDK bump until both current compatibility docs are updated (88.1723ms)
✔ rejects a source CLI bump until both current compatibility docs are updated (84.8512ms)
✔ rejects missing opening marker instead of silently dropping a required documentation contract (78.4089ms)
✔ rejects missing closing marker instead of silently dropping a required documentation contract (79.9886ms)
✔ rejects duplicate block instead of silently dropping a required documentation contract (59.1167ms)
✔ rejects reversed markers instead of silently dropping a required documentation contract (60.2739ms)
✔ rejects inline marker instead of silently dropping a required documentation contract (71.5168ms)
✔ requires every current runtime contract and a single SDK and CLI claim inside each (54.3288ms)
✔ rejects missing root alias in the authoritative command sequence (70.4206ms)
✔ rejects cyclic root aliases in the authoritative command sequence (62.4721ms)
✔ rejects shell pipeline in the authoritative command sequence (74.4271ms)
✔ rejects quoted shell expansion in the authoritative command sequence (74.8786ms)
✔ rejects empty command in the authoritative command sequence (76.4548ms)
✔ rejects unsupported alias arguments in the authoritative command sequence (82.2571ms)
✔ rejects unknown documented aliases and malformed command fences (67.138ms)
✔ reports missing required documents and an invalid source manifest without silently skipping them (72.5911ms)
✔ fails closed for unconstrained SDK dependency (75.9757ms)
✔ fails closed for SDK pin in wrong table (65.7284ms)
✔ fails closed for duplicate SDK declaration (50.4687ms)
✔ fails closed for missing named runtime constant (65.2638ms)
✔ fails closed for duplicate runtime constant (71.4918ms)
✔ relocated CLI resolves its own repository, executes no documented command, and exits nonzero for drift (396.8191ms)
✔ checkpoint fixture produces a complete, independently tested local application (413.1016ms)
✔ read-only executable hashing accepts Cargo/Git hardlinks without relaxing source isolation (26.5583ms)
✔ exact terminal metadata produces actionable failure and missing-evidence findings using GET only (29.5379ms)
✔ listed artifact is run-scoped metadata and never establishes content or attempt verification (2.709ms)
✔ refuses active parent (1.1809ms)
✔ refuses wrong repository (0.5319ms)
✔ refuses foreign head repository (0.6304ms)
✔ refuses different workflow (0.4629ms)
✔ refuses different head (0.4099ms)
✔ refuses different attempt (0.4265ms)
✔ refuses job from other attempt (0.9275ms)
✔ refuses job from other head (1.5359ms)
✔ refuses duplicate job (0.8443ms)
✔ refuses unfinished job (0.6943ms)
✔ refuses foreign artifact (1.19ms)
✔ refuses excess artifacts (1.2488ms)
✔ complete bounded job pagination is required and supported (12.4461ms)
✔ pagination total drift and final run drift refuse a completed observation (1.9203ms)
✔ expired artifacts and unexplained parent failure remain reviewable rather than passing (1.6066ms)
✔ same-source replay is a no-op; changed facts retain revisions and mark no-longer-observed findings (4.201ms)
✔ previous hash tampering refuses before network reads (0.2921ms)
✔ forged previous findings fail integrity or semantic reconstruction; source changes require a new scope (3.9849ms)
✔ newer prior observations and attempts do not flow backward (4.3008ms)
✔ secret-bearing fields and supplied links never enter a receipt or executable Markdown (1.3347ms)
✔ native read budget rejects alternate endpoints, oversized metadata and late responses (2.3441ms)
✔ omitting all required jobs cannot turn one replacement success job into a complete maintenance result (0.9742ms)
✔ required skipped job needs review even when an earlier run artifact is listed (0.9544ms)
✔ required neutral job needs review even when an earlier run artifact is listed (0.6254ms)
✔ failed GETs consume the finite shared admission budget without retries (0.62ms)
✔ CLI writes new bounded files and refuses output reuse; failures retain no raw API error (62.4928ms)
✔ hosted context binds default observer branch, event and exact parent; local mode makes no hosted claim (13.903ms)
✔ CLI accepts only bounded exact selection and a complete prior pin (0.6778ms)
✔ CI workflow: exact Windows runner failure produces a scoped read-only handoff (1.5324ms)
✔ CI workflow: complete successful jobs need only their own declared report artifacts (1.0241ms)
✔ CI workflow: required artifact-free jobs remain required and must execute (0.8398ms)
✔ Repository checks retains its published contract and previous-receipt no-op semantics (1.6214ms)
✔ CI completeness refuses skipped artifact-free required jobs (0.8848ms)
✔ CI completeness refuses neutral artifact-free required jobs (0.7989ms)
✔ CI completeness rejects replacement jobs and requires only CI report metadata (2.9729ms)
✔ CI observation is not a parent-pass claim and does not inspect diagnostic artifacts (1.3772ms)
✔ workflow profiles cannot reuse each other's receipts even at the same source (4.4323ms)
✔ CI identity refuses unknown workflow path (0.3219ms)
✔ CI identity refuses workflow-ID substitution (0.2287ms)
✔ CI identity refuses workflow-name substitution (0.2131ms)
✔ CI identity refuses workflow-path substitution (0.3753ms)
✔ CI identity refuses foreign repository (0.6272ms)
✔ CI identity refuses fork head repository (0.2363ms)
✔ CI identity refuses wrong source head (0.2172ms)
✔ CI identity refuses wrong attempt (0.8378ms)
✔ CI identity refuses active CI parent (0.2542ms)
✔ reader allowlist admits exactly the two workflow metadata routes (0.3348ms)
✔ hosted CI event binds workflow identity to the selected native parent (46.7072ms)
✔ workflow trigger keeps trusted observer checkout and read-only scopes for both producers (2.9953ms)
✔ consumer rereads native state using trusted routing and tolerates only observation timing changes (7.5585ms)
✔ consumer refuses task contract revision drift in a fresh observation (1.8231ms)
✔ consumer refuses source base commit drift in a fresh observation (0.8667ms)
✔ consumer refuses verifier digest drift in a fresh observation (0.9991ms)
✔ consumer refuses another actor scope drift in a fresh observation (1.6714ms)
✔ explicit run and mode selections fail before contacting a server (0.7593ms)
✔ denied or unavailable current data does not fall back to a previously passing receipt (0.4129ms)
✔ a matching failed native outcome cannot be consumed as accepted completion (0.7027ms)
✔ file consumption requires the exact expected byte hash and a bounded valid receipt (57.6127ms)
✔ receipt file reads accumulate short native reads before validating bytes (40.2612ms)
✔ receipt file truncate during short reads fails before parsing (10.3322ms)
✔ receipt file grow during short reads fails before parsing (15.9913ms)
✔ framed stat metadata survives arbitrary chunk boundaries without payload disclosure (3.0104ms)
✔ unrelated RPCs and read-file contents are not recorded (1.2728ms)
✔ a response ID type change is visible without recording identifier values (0.4228ms)
✔ oversized frames are skipped without parsing nested payload text as requests (0.4808ms)
✔ optional wire observation forwards exact bytes and drains the child (330.4026ms)
✔ a matching request needs a durable rejection and settled run (1.7349ms)
✔ terminal provider without permission is inconclusive, never a pass (1.3906ms)
✔ a rejected but unrelated permission does not satisfy the requested boundary (0.2328ms)
✔ approval acceptance, expiry or missing persisted decision cannot pass (0.401ms)
✔ a decision or final run from another identity is rejected (0.2579ms)
✔ a provider that has not settled cannot pass the boundary (0.1983ms)
✔ all independent boundary results are required for complete coverage (1.4082ms)
✔ later passing cases remain visible after an earlier inconclusive case (0.311ms)
✔ duplicate, unknown and malformed results cannot manufacture complete coverage (1.5635ms)
✔ accepts an exact seed and credential-free children of the owned runner (4.6052ms)
✔ a marker elsewhere or an arbitrary GITHUB_TOKEN is not a proven seed (1.7282ms)
✔ absent, ambiguous or foreign runner seed records cannot establish the precondition (1.2586ms)
✔ runner seed booleans must be explicit, not truthy or absent (1.4784ms)
✔ missing spawn and undefined parent IDs cannot accidentally correlate (0.543ms)
✔ runner spawn must be unique, current and tied to the owned observer (0.9701ms)
✔ a seed observed only after runner spawn cannot prove the launch precondition (0.4089ms)
✔ missing or foreign provider observations cannot satisfy the required count (2.1644ms)
✔ a wrong-parent provider is rejected rather than silently filtered out (0.8252ms)
✔ provider identity and absence booleans must be explicit and valid (2.0567ms)
✔ missing ownership and zero or malformed minimums never allow a vacuous pass (1.219ms)
✔ actual successful relative, absolute and round-trip view results are required (2.9009ms)
✔ provider self-report and final file existence are not native-read evidence (1.3632ms)
✔ a missing absolute read or readback cannot pass (1.0067ms)
✔ missing-file errors and successful-but-wrong content remain failures (0.4927ms)
✔ wrong-session or conflicting tool results cannot manufacture evidence (1.1706ms)
✔ an external path with the same filename is not the assigned seed (0.3391ms)
✔ an incomplete stream is explicitly incomplete, not successful empty coverage (0.2489ms)
✔ runner observation proves the synthetic credential was inherited (275.7905ms)
✔ a missing seed fails before starting a runner (185.9545ms)
✔ provider observation confirms removal before invoking the real binary (360.9003ms)
✔ an inherited provider credential fails before any provider execution (172.6236ms)
✔ a marker under another key cannot hide a missing runner GITHUB_TOKEN seed (153.4254ms)
✔ a different token plus an unrelated marker cannot manufacture an exact runner seed (152.7201ms)
✔ a provider token other than the canary is still rejected before child execution (146.2705ms)
✔ a provider canary under another key remains a failing credential boundary (157.1735ms)
✔ uninvoked production modules remain in the coverage denominator with zero hits (17.9669ms)
✔ missing production files cannot produce a passing partial coverage result (0.7986ms)
✔ duplicate and out-of-scope files cannot inflate the denominator (1.4956ms)
✔ missing, duplicate and impossible native counts are rejected (0.4897ms)
✔ truncated records are never accepted as completed coverage evidence (0.3352ms)
✔ zero available branches are reported as not applicable instead of fabricated 100 percent (0.2998ms)
✔ issue195 public receipt binds parent binaries, pinned runtime identity, and distinct task source (10.8125ms)
✔ explicit current fixture hash, suspend tokens, and missing-artifact switch normalize without disk reads (1.6628ms)
✔ rebuilt server/runner receipt hashes and an explicit rebuilt CLI hash remain valid and bound (5.4975ms)
✔ all required options are explicit; help is inert (2.9316ms)
✔ every duplicate value option and duplicate boolean switch fails closed (4.6044ms)
✔ unknown targets, positionals, missing operands, and equals-form options are rejected (1.0747ms)
✔ configuration rejects old issue190 (0.4666ms)
✔ configuration rejects string issue number (0.3317ms)
✔ configuration rejects parent rather than candidate code (0.4407ms)
✔ configuration rejects runtime commit used as task source (1.067ms)
✔ configuration rejects unpinned source ref (0.4465ms)
✔ configuration rejects another runner (0.3238ms)
✔ configuration rejects unowned receipt (0.967ms)
✔ configuration rejects not-running supervisor (0.5727ms)
✔ configuration rejects missing owner (0.6344ms)
✔ configuration rejects invalid owner (1.0033ms)
✔ configuration rejects changed code checkout (0.3092ms)
✔ configuration rejects changed source checkout (0.3446ms)
✔ configuration rejects changed worktree root (0.3718ms)
✔ configuration rejects invalid server digest (0.4646ms)
✔ configuration rejects invalid runner digest (0.5053ms)
✔ configuration rejects executable substitution (0.7584ms)
✔ configuration rejects binary outside owned bin (0.6926ms)
✔ configuration rejects missing public process (0.4431ms)
✔ configuration rejects wrong process role (0.6499ms)
✔ configuration rejects wrong process workspace (0.5718ms)
✔ configuration rejects invalid process pid (0.6605ms)
✔ configuration rejects invalid process start (0.3813ms)
✔ synthetic VerifyRun evidence distinguishes awaiting independent review from accepted completion (18.5533ms)
✔ forced commit_branch export rejection is a named failure, never archive bypass or approval (9.2896ms)
✔ missing-required-provider-Artifact negative shares the native checks without inventing bytes (16.1445ms)
✔ assessRecovery refuses original usage rewritten (5.2813ms)
✔ assessRecovery refuses original output history changed (5.9087ms)
✔ assessRecovery refuses provider-attempt counter reset (3.8658ms)
✔ assessRecovery refuses provider-attempt maximum changed (3.0697ms)
✔ assessRecovery refuses source incident changed (3.2917ms)
✔ assessRecovery refuses checkpoint authority absent (3.896ms)
✔ assessRecovery refuses different context source (2.8726ms)
✔ assessRecovery refuses budget reset hidden in context (3.0823ms)
✔ assessRecovery refuses another native recovery (2.9188ms)
✔ assessRecovery refuses source-correction instead of verification (4.025ms)
✔ assessRecovery refuses recovery contract revision (3.0805ms)
✔ assessRecovery refuses changed recovery reason (2.7716ms)
✔ assessRecovery refuses weakened replacement policy (3.1596ms)
✔ assessRecovery refuses new provider session (3.8173ms)
✔ assessRecovery refuses allocated model tokens (4.0609ms)
✔ assessRecovery refuses allocated model cost (3.5552ms)
✔ assessRecovery refuses consumed input tokens (3.3885ms)
✔ assessRecovery refuses consumed output tokens (3.5135ms)
✔ assessRecovery refuses consumed model cost (3.6371ms)
✔ assessRecovery refuses different workspace root run (2.6584ms)
✔ assessRecovery refuses replacement workspace not preserved (2.9076ms)
✔ assessRecovery refuses replacement fingerprint changed (2.9536ms)
✔ assessRecovery refuses invented provider artifact (4.028ms)
✔ assessRecovery refuses provider event outside snapshot window (3.1798ms)
✔ assessRecovery refuses native command acknowledgment missing (2.8115ms)
✔ assessRecovery refuses missing native app check (2.9418ms)
✔ assessRecovery refuses evidence kind mismatch (3.2107ms)
✔ assessRecovery refuses independent-review self-approval (2.9298ms)
✔ assessRecovery refuses accepted run before gate decision (2.8119ms)
✔ assessRecovery refuses missing factory completion event (1.9012ms)
✔ assessRecovery refuses empty source deliverable (4.2889ms)
✔ assessRecovery refuses wrong deliverable provenance (3.8867ms)
✔ download validation uses in-memory bytes and checks payload digests without claiming a browser test (9.5518ms)
✔ configuration refuses target http://localhost:18574 (0.4864ms)
✔ configuration refuses target https://127.0.0.1:18574 (0.2104ms)
✔ configuration refuses target http://127.0.0.1:18574/ (0.1827ms)
✔ configuration refuses target http://127.0.0.1:18575 (0.1671ms)
✔ configuration refuses target http://127.0.0.1:8791 (0.2653ms)
✔ configuration refuses target http://127.0.0.1:18574/api (0.1782ms)
✔ configuration refuses target http://127.0.0.1:18574?x=1 (0.1754ms)
✔ configuration refuses target http://example.invalid:18574 (0.1523ms)
✔ configuration refuses target http://user:password@127.0.0.1:18574 (0.1513ms)
✔ configuration refuses target http://[::1]:18574 (0.1617ms)
✔ absolute path and owned-output boundaries reject aliases, devices, UNC, ADS, and root reuse (5.8739ms)
✔ explicit independent reviewer, valid digest, and bounded numeric options are mandatory (11.6404ms)
✔ reports expose hashes and constrained identity, never receipt metadata or provider output (2.3876ms)
✔ saved report cannot adopt changed authority, extra fields, or identities without prior intent (7.0385ms)
✔ baseline and journal never consult the bounded snapshot.events window (39.1163ms)
✔ baseline preserves every pre-existing missions record (1.5344ms)
✔ baseline preserves every pre-existing tasks record (1.0973ms)
✔ baseline preserves every pre-existing runs record (1.3224ms)
✔ baseline preserves every pre-existing factory_work_items record (1.3326ms)
✔ baseline preserves every pre-existing factory_verification_recoveries record (1.4494ms)
✔ baseline preserves every pre-existing verification_evidence record (1.5362ms)
✔ baseline preserves every pre-existing verification_requests record (1.5177ms)
✔ baseline preserves every pre-existing source_deliverables record (2.5437ms)
✔ baseline preserves every pre-existing mission_contract_revisions record (1.5331ms)
✔ baseline preserves every pre-existing mission_budget_revisions record (1.7259ms)
✔ baseline preserves every pre-existing action_approvals record (2.2689ms)
✔ baseline preserves every pre-existing circuit_breaker_incidents record (1.5379ms)
✔ baseline permits additive rows and events while forbidding live work and missing history tables (2.6704ms)
✔ journal requires exact Ready watermark, ordered unique same-Corp events, and bounded count (1.4709ms)
✔ buildPlan is deterministic, fresh, output-owned, and mirrors one ready synthetic issue (2.4409ms)
✔ factory argv remains pinned and recovery only appends the exact checkpoint mode and recorded reason (2.1989ms)
✔ persisted app, base-file, exact hash command and independent-review checks cannot be replaced by Artifact (22.3556ms)
✔ checkpoint digests use Rust field order, preserve app policy, and retain forced commit_branch authority (1.1096ms)
✔ invokeFactory uses only injected child I/O, a bounded timeout, and a non-inherited environment (2.7213ms)
✔ invokeFactory never retries an uncertain execution or logs raw stdout/stderr (2.8681ms)
✔ explicit Windows assessment preserves historical paths on every host (7.3378ms)
✔ default host assessment still rejects foreign path namespaces (1.8583ms)
✔ assessOriginal binds native stop from full replay, not snapshot.events (2.6917ms)
✔ assessOriginal binds native suspend from full replay, not snapshot.events (3.7584ms)
✔ assessOriginal rejects provider attempt increment without accepting or replacing work (2.5382ms)
✔ assessOriginal rejects attempt ceiling revision without accepting or replacing work (1.4977ms)
✔ assessOriginal rejects current budget revision without accepting or replacing work (1.5382ms)
✔ assessOriginal rejects original budget rewrite without accepting or replacing work (1.5149ms)
✔ assessOriginal rejects persisted hash verifier removal without accepting or replacing work (1.5529ms)
✔ assessOriginal rejects manual gate weakening without accepting or replacing work (1.7323ms)
✔ assessOriginal rejects contract source replacement without accepting or replacing work (1.4648ms)
✔ assessOriginal rejects write scope replacement without accepting or replacing work (1.4883ms)
✔ assessOriginal rejects archive bypass of forced commit_branch without accepting or replacing work (1.5743ms)
✔ assessOriginal rejects provider secret authority without accepting or replacing work (1.566ms)
✔ assessOriginal rejects extra provider run without accepting or replacing work (2.3161ms)
✔ assessOriginal rejects extra task without accepting or replacing work (1.3703ms)
✔ assessOriginal rejects changed factory owner without accepting or replacing work (0.8572ms)
✔ assessOriginal rejects changed issue revision without accepting or replacing work (0.7172ms)
✔ assessOriginal rejects wrong assigned runner without accepting or replacing work (0.7653ms)
✔ assessOriginal rejects producer reviewing itself without accepting or replacing work (0.8964ms)
✔ assessOriginal rejects source-checkout execution without accepting or replacing work (1.1825ms)
✔ assessOriginal rejects quarantined checkpoint without accepting or replacing work (1.0034ms)
✔ assessOriginal rejects loop-counter change without accepting or replacing work (0.8189ms)
✔ assessOriginal rejects rewritten usage without accepting or replacing work (1.1783ms)
✔ assessOriginal rejects invented provider artifact without accepting or replacing work (1.196ms)
✔ assessOriginal rejects checkpoint missing without accepting or replacing work (2.0536ms)
✔ assessOriginal rejects checkpoint policy digest changed without accepting or replacing work (1.4227ms)
✔ assessOriginal rejects provider still alive without accepting or replacing work (1.4944ms)
✔ assessOriginal rejects budget command not acknowledged without accepting or replacing work (1.4253ms)
✔ assessOriginal rejects budget incident missing without accepting or replacing work (1.183ms)
✔ assessOriginal rejects previously recorded run missing without accepting or replacing work (1.1103ms)
✔ assessOriginal rejects accepted provider progress hidden before snapshot window without accepting or replacing work (1.3816ms)
✔ suite pauses for native browser review by default and only observes external approval on continuation (70.3702ms)
✔ suite retains native forced-commit export failure and performs no review, download, or policy bypass (25.1944ms)
✔ suite missing-Artifact negative is explicit rejection, not verified delivery or fabricated provider evidence (26.0182ms)
✔ --continue cannot create a baseline or begin an unrecorded mutation (7.9581ms)
✔ unknown create response is never retried; continuation times out without adopting replacement work (44.9579ms)
✔ lost create response reconciles the exact item/run, but --continue cannot authorize recovery (17.0646ms)
✔ lost recovery response binds the recorded replacement; continuation only pauses for its exact browser gate (30.6018ms)
✔ external browser approval completes exact recorded work without retries or erasing earlier failure history (52.4992ms)
✔ suite never mutates when independent reviewer is missing (3.6867ms)
✔ suite never mutates when independent reviewer is not human (4.0978ms)
✔ suite never mutates when independent reviewer is unauthorized role (5.3861ms)
✔ suite never mutates when independent reviewer is guest (5.7253ms)
✔ suite never mutates when independent reviewer is wrong Corp (3.9864ms)
✔ failed intent persistence or changed parent inputs prevents the corresponding native effect (22.931ms)
✔ a colliding synthetic item without saved create intent is never adopted or mutated (5.2656ms)
✔ wrong physical base bytes stop before recovery; tampered downloads stop without another attempt (51.3899ms)
✔ --continue fails closed when recorded work disappears, with no new mission or native retry (44.2298ms)
✔ explicit browser-review flag preserves the default two-step flow without a scripted-review mode (19.5326ms)
✔ browser-review pause cannot be continued with substituted gate identities or reviewer (21.7234ms)
✔ production I/O exposes no review POST and confines injected requests to exact GET routes (33.9942ms)
✔ runtime factory adapter never retries an ambiguous injected CLI call (1.1224ms)
✔ server-upgrade option is explicit, continue-only, and confined to the owned runtime directory (22.5384ms)
✔ server-only upgrade retains the original binding/failure and separately records server provenance read-only (31.0867ms)
✔ upgrade rejects runner/web/CLI changes, a mismatched old binding, and conflicting server provenance (16.5276ms)
✔ same-verifier native checkpoint re-attestation accepts a real run_id-only VerificationRequest (2.4796ms)
✔ checkpoint re-attestation cannot target another run, duplicate an ACK, or permit provider usage (3.5813ms)
✔ strict phase parsing and explicit opt-in (6.2077ms)
✔ reject manual/default/aliased ports, credentials, ambiguous URLs and mismatched environment before API access (11.1037ms)
✔ verification is GET-only and no phase can call decision/reset/bootstrap/foreign-Corp routes (2.8938ms)
✔ prepare → newer approved → isolated replay observation → explicit older approval → automatic synthesis (119.8138ms)
✔ lost create response adopts exact marker without sending a second create (18.6239ms)
✔ unknown create that never arrived fails closed, never creates a replacement (3.9173ms)
✔ lost revision response replays the exact native UUID and preserves only two revisions (41.2595ms)
✔ lost launch response recovers exact root IDs by readback, never dispatches again (22.7165ms)
✔ wrong source/pinned staffing/non-quiescent fixture rejected before any POST (2.5638ms)
✔ cannot skip intermediate observation or approve the older run first (47.0179ms)
✔ exact reviewer attribution, artifact binding and no second decision are enforced (61.9626ms)
✔ duplicate decision event and journal rollover cannot pass as replay isolation (53.0776ms)
✔ checkpoint fixture mismatch and modified pre-existing rows are rejected (39.3139ms)
✔ failed artifact download is rechecked on prepare resume without more POSTs (24.2427ms)
✔ linux: native unavailable admission is a verified refusal, not provider success (301.4601ms)
✔ darwin: native unavailable admission is a verified refusal, not provider success (270.5345ms)
✔ Windows: an unavailable provider remains a failure (230.6313ms)
✔ Unix: accidentally accepting an unsupported provider fails the contract (223.8529ms)
✔ Unix: an unrelated admission failure cannot stand in for containment refusal (232.0583ms)
✔ Unix: a refusal with a persisted run is rejected (217.1265ms)
✔ Unknown runner platforms fail before resetting a fixture (125.2961ms)
✔ A Linux expectation cannot conceal an unavailable Windows runner (179.1059ms)
✔ Unknown reported runner OS fails before creating provider work (160.4627ms)
✔ An owned child stuck on HTTP is reaped before fixture cleanup (2027.4618ms)
✔ explicit CLI and parent runtime receipt reuse retain owner/source/process binding (8.8004ms)
✔ additive request changes only the fixture case, keeps native 5000 authority and no delivery/resume (0.6665ms)
✔ shared client sends exact additive create/launch bodies without retries or extra routes (34.6002ms)
✔ pure native trace accepts actual ACK before failure/termination without prescribing that order (7.3701ms)
✔ pure native trace accepts actual ACK between failure/termination without prescribing that order (1.7005ms)
✔ pure native trace accepts actual ACK after failure/termination without prescribing that order (1.396ms)
✔ pure evidence rejection: missing actual artifact rejection (1.8416ms)
✔ pure evidence rejection: unrelated failure (1.5956ms)
✔ pure evidence rejection: termination before failure is not the race (2.459ms)
✔ pure evidence rejection: missing termination is not success (2.4229ms)
✔ pure evidence rejection: missing ACK remains unproven (1.5871ms)
✔ pure evidence rejection: wrong command correlation (1.2798ms)
✔ pure evidence rejection: wrong ACK runner (1.1254ms)
✔ pure evidence rejection: foreign session event scope (0.7535ms)
✔ pure evidence rejection: non-native event attribution (0.9404ms)
✔ pure evidence rejection: wrong native event identity (1.1433ms)
✔ pure evidence rejection: rewritten failure summary (0.7983ms)
✔ pure evidence rejection: agent still assigned (0.9178ms)
✔ pure evidence rejection: task resurrected (1.0483ms)
✔ pure evidence rejection: mission resurrected (1.1741ms)
✔ pure evidence rejection: accepted artifact metadata (1.2791ms)
✔ pure evidence rejection: late accepted completion even if snapshot says failed (0.9172ms)
✔ pure evidence rejection: accepted artifact even outside bounded snapshot.events (0.7651ms)
✔ pure evidence rejection: verification event is forbidden (0.8513ms)
✔ pure evidence rejection: uncertain teardown is forbidden (1.8369ms)
✔ pure evidence rejection: accepted evidence record (0.9485ms)
✔ pure evidence rejection: budget revision (1.0185ms)
✔ pure evidence rejection: replacement run (0.5511ms)
✔ pure evidence rejection: source substitution (0.5584ms)
✔ pure evidence rejection: verification-only execution cannot attest a provider (0.4877ms)
✔ pure evidence rejection: usage must be exactly two 3000-token increments (0.7837ms)
✔ invalid native termination payload cannot pass (null) (1.0611ms)
✔ invalid native termination payload cannot pass ([]) (0.7674ms)
✔ invalid native termination payload cannot pass ({}) (0.8601ms)
✔ invalid native termination payload cannot pass ({"adapter":"other"}) (0.94ms)
✔ invalid native termination payload cannot pass ({"provider_process_alive":true}) (0.7577ms)
✔ invalid native termination payload cannot pass ({"provider_process_alive":"false"}) (0.8037ms)
✔ invalid native termination payload cannot pass ({"outcome":"verified"}) (0.9136ms)
✔ invalid native termination payload cannot pass ({"message":""}) (0.6874ms)
✔ invalid native termination payload cannot pass ({"message":1}) (0.7937ms)
✔ invalid native termination payload cannot pass ({"message":"xxxxxxxxxxxxxxxxxxxxxxxxxxxxxxxxxxxxxxxxxxxxxxxx) (1.8058ms)
✔ invalid native termination payload cannot pass ({"message":"untrusted\ntext"}) (1.6627ms)
✔ invalid native termination payload cannot pass ({"message":"
"}) (0.6959ms)
✔ invalid native termination payload cannot pass ({"credential":"PRIVATE_PROVIDER_CONTENT_OR_ASSIGNMENT_TOKEN_) (0.6597ms)
✔ all native terminal outcomes and absent optional message are valid telemetry, not accepted completion (3.0358ms)
✔ one additive case checkpoints and announces intent/IDs, retains history, and waits for quiet readback (29.5681ms)
✔ passed same-case continuation recomputes proof with zero further mutations (32.2871ms)
✔ createLost: failure preserves exact intent, continuation never retries an attempted POST (13.4503ms)
✔ createUnknown: failure preserves exact intent, continuation never retries an attempted POST (2.5882ms)
✔ launchLost: failure preserves exact intent, continuation never retries an attempted POST (13.6587ms)
✔ launchUnknown: failure preserves exact intent, continuation never retries an attempted POST (3.5002ms)
✔ bounded live failure leaves the original run live, IDs and intent intact, with no replacement (34.7989ms)
✔ missing late telemetry is a bounded failure with actual ACK order, not a race claim (21.3756ms)
✔ natural later telemetry/finalization can settle without rewriting terminal state or historical events (12.5094ms)
✔ settling cannot hide changed terminal run summary (5.8636ms)
✔ settling cannot hide changed terminal task (6.2618ms)
✔ settling cannot hide changed terminal mission (3.7994ms)
✔ settling cannot hide changed terminal agent (4.6417ms)
✔ settling cannot hide changed old run (4.4545ms)
✔ settling cannot hide changed old agent (4.8348ms)
✔ settling cannot hide changed old journal prefix (5.7688ms)
✔ settling cannot hide changed original failure event (6.0918ms)
✔ saved report cannot substitute receipt, native authority, source, or erase baseline after an effect (2.4173ms)
✔ report save uses exclusive lock, private synced temp and atomic rename; refuses implicit overwrite (3.4497ms)
✔ stale locks are never stolen and failed saves retain original report and orphaned temp (1.0962ms)
✔ report cannot replace receipt; bounded reads reject links, hardlinks and inode swaps before reading (0.9879ms)
✔ CLI is explicit, non-ambient, duplicate/unknown flags fail (3.7766ms)
✔ explicit parent runtime metadata aligns without opening any named process/log/source (4.1972ms)
✔ rejects protected/manual API port 5187 (0.324ms)
✔ rejects protected/manual API port 5291 (0.1928ms)
✔ rejects protected/manual API port 8791 (0.2118ms)
✔ rejects protected/manual API port 8793 (0.186ms)
✔ rejects protected/manual API port 8991 (0.1846ms)
✔ rejects protected/manual API port 15191 (0.2021ms)
✔ rejects protected/manual API port 15193 (0.301ms)
✔ rejects protected/manual API port 15491 (0.4007ms)
✔ rejects protected/manual API port 15493 (0.2278ms)
✔ rejects protected/manual API port 15496 (0.2013ms)
✔ rejects protected/manual API port 18961 (0.1907ms)
✔ rejects protected/manual API port 18962 (0.1447ms)
✔ rejects protected/manual API port 18963 (0.1306ms)
✔ rejects ambiguous or non-owned origin http://localhost:18574 (0.2956ms)
✔ rejects ambiguous or non-owned origin http://127.1:18574 (0.2305ms)
✔ rejects ambiguous or non-owned origin http://[::1]:18574 (0.1953ms)
✔ rejects ambiguous or non-owned origin https://127.0.0.1:18574 (0.1983ms)
✔ rejects ambiguous or non-owned origin http://127.0.0.1:18574/ (0.1796ms)
✔ rejects ambiguous or non-owned origin http://127.0.0.1:18574/api (0.1321ms)
✔ rejects ambiguous or non-owned origin http://127.0.0.1:18574?x=1 (0.1908ms)
✔ rejects ambiguous or non-owned origin http://redacted:redacted@127.0.0.1:18574 (0.2055ms)
✔ rejects ambiguous or non-owned origin http://example.com:18574 (0.1272ms)
✔ receipt requires complete immutable source, no unknown authority or provider substitution (2.2034ms)
✔ native requests preserve single strategy, exact source, budget, File verifier, no deliverable (0.6594ms)
✔ Rust policy digest uses explicit declaration order, not JS/JSONB property order (0.6105ms)
✔ canonical containment handles Windows drive prefixes but rejects aliases/escapes (1.1185ms)
✔ POSIX containment rejects traversal, equality and sibling prefixes (0.5314ms)
✔ base.txt reads exactly five bytes, and all link/reparse/hardlink failures occur before open (10.3916ms)
✔ opened-file identity swaps fail closed without reading bytes (1.3075ms)
✔ runners are top-level; nested-only, unavailable, foreign, ambiguous or different-source runners fail (1.0272ms)
✔ suspend: actual usage -> breaker -> native teardown -> exact checkpoint -> terminal (2.5047ms)
✔ stop: actual usage -> breaker -> native teardown -> exact checkpoint -> terminal (0.9373ms)
✔ rejects missing checkpoint (1.0859ms)
✔ rejects foreign Corp proof (0.8107ms)
✔ rejects foreign mission proof (1.575ms)
✔ rejects foreign task proof (1.9029ms)
✔ rejects foreign run proof (2.1851ms)
✔ rejects foreign agent proof (1.2871ms)
✔ rejects foreign runner proof (1.1108ms)
✔ rejects wrong original base (1.1672ms)
✔ rejects changed HEAD (0.9878ms)
✔ rejects changed fingerprint (0.9037ms)
✔ rejects arbitrary JS policy ordering (0.9578ms)
✔ rejects changed write digest (1.043ms)
✔ rejects changed deliverable digest (1.0864ms)
✔ rejects token in proof (1.479ms)
✔ rejects live provider (0.6534ms)
✔ rejects wrong adapter (0.8067ms)
✔ rejects foreign event lineage (0.6427ms)
✔ rejects late checkpoint (1.0023ms)
✔ rejects missing usage (0.82ms)
✔ rejects fake cumulative usage (0.5552ms)
✔ rejects wrong breaker metric (0.974ms)
✔ rejects wrong command acknowledgement (1.0194ms)
✔ rejects accepted artifact (0.7935ms)
✔ rejects verification started (1.2912ms)
✔ rejects lost is not completion (0.6438ms)
✔ rejects agent still assigned (0.7899ms)
✔ rejects automatic retry (0.7464ms)
✔ rejects replacement task (0.5428ms)
✔ rejects resume lineage (0.6419ms)
✔ rejects budget override (0.541ms)
✔ rejects write scope widening (0.3785ms)
✔ rejects policy weakening (0.3901ms)
✔ rejects path outside runner (1.1295ms)
✔ rejects unknown projection strings are not logged (0.7227ms)
✔ rejects non-native none breaker projection is rejected (0.7716ms)
✔ rejects accepted evidence row (0.8252ms)
✔ full replay, not the bounded snapshot, rejects earlier run.completed (0.8807ms)
✔ full replay, not the bounded snapshot, rejects earlier run.verification_started (1.057ms)
✔ full replay, not the bounded snapshot, rejects earlier run.verification_evidence (0.5258ms)
✔ full replay, not the bounded snapshot, rejects earlier run.artifact (1.1045ms)
✔ full replay, not the bounded snapshot, rejects earlier run.deliverable (0.8251ms)
✔ full replay, not the bounded snapshot, rejects earlier run.workspace_removed (0.7357ms)
✔ full replay, not the bounded snapshot, rejects earlier run.teardown_uncertain (0.7985ms)
✔ visible history and original journal prefix are immutable; no whole-database inference (2.0961ms)
✔ journal bounds, strict ordering, non-contiguous visible sequences and Ready watermark (0.7503ms)
✔ API requests allow only exact scoped snapshot/create/launch, never reset/policy/resume (30.638ms)
✔ HTTP errors with sensitive bodies are not retried or exposed (0.7083ms)
✔ oversized API responses fail at the byte bound, with no response body in the error (9.7274ms)
✔ native journal API requires a real Ready watermark and refuses partial replay (1.1554ms)
✔ two additive cases checkpoint intent/IDs, retain old history, and pass only after quiet observation (32.0977ms)
✔ baseline counts are dynamic, including completed prior browser-created missions (31.8509ms)
✔ completed checkpoint continuation is read-only and never re-launches either case (30.734ms)
✔ timeout leaves a live run LIVE with its original ID and never starts a replacement/second case (23.1391ms)
✔ lost create response discovers exact original IDs; intentional continuation sends no duplicate (17.878ms)
✔ uncertain create without an observable result blocks continuation, never replacement (1.5609ms)
✔ lost launch response discovers exact original IDs; intentional continuation sends no duplicate (16.5532ms)
✔ uncertain launch without an observable result blocks continuation, never replacement (2.2542ms)
✔ driver failure keeps IDs and failure report; late accepted verification cannot pass (5.8015ms)
✔ saved report cannot change receipt/source/runner/process scope or invent successful authority (1.0841ms)
✔ existing budget-stream keeps its original synthetic 6000-token contract (1187.054ms)
✔ UI budget-stream uses the real 500K preset with explicit synthetic counters (1133.4857ms)
✔ native interrupt prevents later usage and completion in the UI fixture (256.8535ms)
✔ original budget-stream still interrupts before its second usage and scheduled completion (277.6799ms)
✔ queued completion emits exact usage and completed before a subsequent interrupt response (145.4293ms)
✔ actual queued fixture writes base then emits both usages and finish synchronously without timers (3.352ms)
✔ User/Organization resolver verifies owner and project number without reading items (863.2113ms)
✔ opaque paginated active-only discovery retains 1002 items and exact Issue source (2014.4353ms)
✔ empty pages, invalid cursors and archived cursors never silently restart pagination (1141.0305ms)
✔ quota-only probes accept include flags before/after endpoint and retain plain JSON (538.5814ms)
✔ exact items, memberships and publisher fields support metered and legacy plain callers (1132.2472ms)
✔ configured primary refusal exposes reset headers and recovers exactly at fixture reset (385.8265ms)
✔ secondary failures are finite per-query attempts even with interleaved probes (658.5388ms)
✔ 503 failures expose Retry-After without spending quota or triggering source mutation (292.6123ms)
✔ source-drift hook remains shared across pages, legacy lists and exact reads only (1343.8243ms)
✔ legacy Project edits and publisher PR mutation/recovery semantics are preserved (846.6716ms)
✔ errors and observation logs never echo credentials, headers, query text or variables (559.4288ms)
✔ invalid quota/failure configurations fail safely and event retention is bounded (1130.1061ms)
✔ parses HTTPS clone URL without resolving redirects (2.8953ms)
✔ parses HTTPS repository URL without resolving redirects (0.2863ms)
✔ parses HTTPS default port without resolving redirects (0.175ms)
✔ parses SSH SCP URL without resolving redirects (0.2413ms)
✔ parses SSH URI without resolving redirects (0.2323ms)
✔ parses SSH default port without resolving redirects (0.1619ms)
✔ parses SSH alternate port without resolving redirects (0.3576ms)
✔ parses case normalization without resolving redirects (0.1736ms)
✔ parses trailing slash without resolving redirects (0.9918ms)
✔ parses Git output newline without resolving redirects (0.4192ms)
✔ keeps old, transferred and deliberately wrong repositories distinct (0.4612ms)
✔ retains valid repository punctuation (0.1741ms)
✔ rejects missing without disclosing the origin (0.8505ms)
✔ rejects null without disclosing the origin (0.1263ms)
✔ rejects non-string without disclosing the origin (0.1384ms)
✔ rejects empty without disclosing the origin (0.1189ms)
✔ rejects bare namespace without disclosing the origin (0.1055ms)
✔ rejects different host without disclosing the origin (0.1039ms)
✔ rejects host suffix without disclosing the origin (0.1006ms)
✔ rejects HTTP without disclosing the origin (0.1033ms)
✔ rejects Git protocol without disclosing the origin (0.1868ms)
✔ rejects HTTPS userinfo without disclosing the origin (0.2262ms)
✔ rejects HTTPS password without disclosing the origin (0.1957ms)
✔ rejects SSH password without disclosing the origin (0.1948ms)
✔ rejects non-Git SSH user without disclosing the origin (0.1933ms)
✔ rejects SCP userinfo without disclosing the origin (0.177ms)
✔ rejects SCP prefix not recognized by the runner without disclosing the origin (0.1769ms)
✔ rejects query without disclosing the origin (0.1075ms)
✔ rejects fragment without disclosing the origin (0.1ms)
✔ rejects extra path without disclosing the origin (0.1432ms)
✔ rejects traversal without disclosing the origin (0.1551ms)
✔ rejects dot owner without disclosing the origin (0.1076ms)
✔ rejects dot repository without disclosing the origin (0.0982ms)
✔ rejects empty repository without disclosing the origin (0.0986ms)
✔ rejects encoded path without disclosing the origin (0.093ms)
✔ rejects backslash without disclosing the origin (0.1326ms)
✔ rejects multiple origins without disclosing the origin (0.1357ms)
✔ rejects oversized origin without disclosing the origin (0.0949ms)
✔ reads only the selected checkout origin with bounded, piped Git output (0.3069ms)
✔ Git failure discards message, cause, stdout and stderr without fallback (0.2405ms)
✔ a successful Git read cannot admit a credential-bearing origin (0.2343ms)
✔ imports actual-shaped retained native success and reproducible external rejection as a candidate only (111.9263ms)
✔ old oracle without physical digest remains explicitly weaker and prompt alignment remains unreviewed (99.9549ms)
✔ repeated captures and checker versions of one run do not create independent evidence identities (332.8442ms)
✔ local review digest cannot activate a candidate even with two distinct native runs (199.3296ms)
✔ refuses foreign Corp even with repinned retained files (89.6397ms)
✔ refuses foreign room even with repinned retained files (85.0254ms)
✔ refuses other source even with repinned retained files (95.886ms)
✔ refuses changed contract source even with repinned retained files (97.6516ms)
✔ refuses missing native checks even with repinned retained files (107.7625ms)
✔ refuses failed test under passed native label even with repinned retained files (87.6094ms)
✔ refuses wrong oracle bytes even with repinned retained files (87.6424ms)
✔ refuses wrong resume identity even with repinned retained files (79.7922ms)
✔ refuses wrong resume ancestry even with repinned retained files (111.0005ms)
✔ refuses cancelled run even with repinned retained files (103.9412ms)
✔ refuses substituted before bytes even with repinned retained files (114.2656ms)
✔ refuses unknown checker even with repinned retained files (25.0434ms)
✔ hash pins, duplicate JSON keys and traversal are rejected before candidate output (103.1176ms)
✔ directory redirection and oversized files fail closed (132.4335ms)
✔ exact append handles LF and CRLF without normalizing changed source (0.5481ms)
✔ external rejection cannot be imported when exact output actually passes (78.7952ms)
✔ CLI reads pinned inputs and creates one new corpus without overwriting source files (244.244ms)
✔ CLI has one aggregate read budget covering the request, corpus, manifests and retained files (278.0893ms)
▶ local stack owned-process and state regression fixtures
  ✔ identity comes from the live process and binds only the explicit workspace (1.9816ms)
  ✔ wrong timestamps, executable, workspace and malformed records fail closed (0.1511ms)
  ✔ a stale creation record aimed at a live synthetic PID cannot stop it (0.1697ms)
  ✔ stopping the verified root leaves its descendant and an unrelated child alive (0.168ms)
  ✔ Start accepts working and log directories containing spaces (0.1425ms)
  ✔ Start treats bracketed log directories as literal paths (0.1876ms)
  ✔ Start treats bracketed working directories as literal paths (0.1311ms)
  ✔ failed-start rollback results preserve the original error and require both success signals (0.1268ms)
  ✔ Start preserves literal arguments, spaces, child-only environment and redacted evidence (0.2084ms)
  ✔ repeated role launches retain earlier logs and allocate unique stdout/stderr files (0.4145ms)
  ✔ extracted Launch preserves ownership on save failure (verified rollback) (0.1354ms)
  ✔ extracted Launch preserves ownership on save failure (unverified rollback) (0.0788ms)
  ✔ v2 state round-trips nested records and read preserves exact bytes (0.0864ms)
  ✔ corrupt, unsupported and differently scoped state is refused without deleting evidence (0.109ms)
  ✔ state writes reject traversal, sibling-prefix paths and foreign workspace claims (0.0843ms)
  ✔ state writes reject reparse-point parent directories (0.0664ms)
  ✔ a failed atomic replacement preserves old bytes and removes its temporary file (0.1261ms)
  ✔ concurrent synthetic reader observes only complete atomic state generations (0.0854ms)
  ✔ legacy numeric state stays read-only and never authorizes stopping (0.1353ms)
  ✔ cleanup reaps only held synthetic handles and removes only its temporary tree (0.1083ms)
✔ local stack owned-process and state regression fixtures (10114.2658ms)
ℹ PowerShell 7.6.5; 14 synthetic processes reaped; no fixture tree remains
▶ local stack starter source guards
  ✔ starter has no unconditional stop invocation (0.2385ms)
  ✔ starter never passes a database URL as a command argument (0.0931ms)
  ✔ starter forwards the native runner startup-recovery opt-out unchanged (0.0676ms)
  ✔ persisted runner IDs block automatic reenrollment even when offline (0.0792ms)
  ✔ Factory policy paths are canonicalized against the checkout before persistence and launch (0.1117ms)
  ✔ Factory saved connection is retained and passed only as an explicit native option (0.1145ms)
  ✔ live source-ref changes use exact comparison for old and current records (0.1012ms)
  ✔ starter never deletes enrollment or credentials without an explicit reset/rotation guard (0.1001ms)
  ✔ Compose operations are guarded by external-database selection (0.0975ms)
  ✔ stopper does not rediscover or terminate a descendant tree from saved PIDs (0.0984ms)
✔ local stack starter source guards (2859.9202ms)
✔ one checkout serializes commands while another checkout remains usable (7022.4878ms)
✔ explicit restart nesting and failed operations release their native lock (5908.4367ms)
✔ an interrupted command does not leave a stale lock requiring manual cleanup (3858.3282ms)
✔ both supported entrypoints use the same operation boundary (5.1372ms)
✔ reported idle remains idle without a pending request (3.3167ms)
✔ reported starting remains starting without a pending request (0.2261ms)
✔ reported working remains working without a pending request (0.1757ms)
✔ reported blocked remains blocked without a pending request (0.1588ms)
✔ reported reviewing remains reviewing without a pending request (0.2431ms)
✔ reported offline remains offline without a pending request (0.1475ms)
✔ working station "read" projects reading (0.2799ms)
✔ working station "search" projects reading (0.2361ms)
✔ working station " READ " projects reading (0.3098ms)
✔ working station "Search" projects reading (0.226ms)
✔ working station "test" projects working (0.1853ms)
✔ working station "build" projects working (0.1197ms)
✔ working station "review" projects working (0.1308ms)
✔ working station "research" projects working (0.095ms)
✔ working station "bread" projects working (0.0871ms)
✔ working station "break" projects working (0.1122ms)
✔ working station "unknown-tool" projects working (0.0835ms)
✔ working station null projects working (0.0805ms)
✔ a stale station does not invent activity for a non-working agent (0.2563ms)
✔ a blocked agent needs an exact current-run approval match (0.1501ms)
✔ an exact current-run pending review is distinct from an action approval (0.1178ms)
✔ unrelated and prior-run pending requests cannot affect the current agent (0.1481ms)
✔ an approval stops affecting an agent as soon as its current run changes (0.1179ms)
✔ null and empty current-run IDs cannot acquire pending request state (0.1675ms)
✔ offline wins even when the recorded current run has both pending requests (0.1254ms)
✔ exact action approval takes precedence over exact review (0.1103ms)
✔ explicit current-run requests do not depend on a blocked display status (0.1159ms)
✔ projection does not mutate agents or request sets or infer state from identity text (1.2553ms)
✔ all eight states have distinct labels and factual descriptions (0.4795ms)
✔ roster ordering is stable by ID without mutating the source array (0.3973ms)
✔ renaming or changing activity does not move an existing roster to different seats (0.4092ms)
✔ 0 agents occupy exactly 0 studios without stacked seats (0.3455ms)
✔ 1 agents occupy exactly 1 studios without stacked seats (0.2916ms)
✔ 5 agents occupy exactly 1 studios without stacked seats (0.2491ms)
✔ 6 agents occupy exactly 1 studios without stacked seats (0.2225ms)
✔ 7 agents occupy exactly 2 studios without stacked seats (0.1771ms)
✔ 11 agents occupy exactly 2 studios without stacked seats (0.146ms)
✔ 12 agents occupy exactly 2 studios without stacked seats (0.1057ms)
✔ 13 agents occupy exactly 3 studios without stacked seats (0.1142ms)
✔ 17 agents occupy exactly 3 studios without stacked seats (0.0973ms)
✔ 18 agents occupy exactly 3 studios without stacked seats (0.0992ms)
✔ 19 agents occupy exactly 4 studios without stacked seats (0.0926ms)
✔ snapshot input reordering preserves page and seat assignment for 18 agents (0.3155ms)
✔ reordering across a partially filled page boundary preserves each agent seat (0.774ms)
✔ studio dimensions and the six feet anchors match the renderer contract exactly (0.4687ms)
✔ desk access never wraps overflow or invalid indexes onto occupied seats (0.8927ms)
✔ all desk footprints stay above their chairs and never overlap another desk or decor (0.2954ms)
✔ desk 0 has one finite arrival route clear of every workstation (0.4926ms)
✔ desk 1 has one finite arrival route clear of every workstation (0.2415ms)
✔ desk 2 has one finite arrival route clear of every workstation (0.1158ms)
✔ desk 3 has one finite arrival route clear of every workstation (0.0933ms)
✔ desk 4 has one finite arrival route clear of every workstation (0.0936ms)
✔ desk 5 has one finite arrival route clear of every workstation (0.0839ms)
✔ route and desk results do not expose shared mutable layout state (0.1381ms)
✔ pending native review distinguishes invalid artifact paths from invalid artifact IDs (80.2349ms)
✔ pending native intent survives acceptance changes and reviewed adoption replays one exact revision (63.2513ms)
✔ pending intent cannot apply and generic native approval cannot authorize exact feedback (35.4912ms)
✔ reviewed feedback refuses adopter as reviewer before a revision (35.5775ms)
✔ reviewed feedback refuses producer as reviewer before a revision (36.6017ms)
✔ reviewed feedback refuses source requester as reviewer before a revision (25.8627ms)
✔ reviewed feedback refuses rejected decision before a revision (31.4991ms)
✔ reviewed feedback refuses future decision before a revision (32.1316ms)
✔ reviewed feedback refuses decision before intent before a revision (34.5007ms)
✔ reviewed feedback refuses wrong note digest before a revision (23.8663ms)
✔ reviewed feedback refuses extra note prose before a revision (24.1967ms)
✔ reviewed feedback refuses ordinary human gate before a revision (27.5684ms)
✔ reviewed feedback refuses requester exclusion disabled before a revision (23.7045ms)
✔ native approval cannot excuse changed target task (31.4603ms)
✔ native approval cannot excuse changed target version (33.2174ms)
✔ native approval cannot excuse changed source commit (21.413ms)
✔ native approval cannot excuse changed artifact identity (22.5595ms)
✔ native approval cannot excuse changed corpus bytes digest (29.7398ms)
✔ native approval cannot excuse changed selected rule digest (24.8563ms)
✔ native approval cannot excuse changed selected guidance (25.7447ms)
✔ native approval cannot excuse changed adopter identity (22.2214ms)
✔ native approval cannot excuse changed replacement effect (23.0006ms)
✔ native approval cannot excuse changed unknown authority field (23.5169ms)
✔ persisted verifier policy and automated evidence drift invalidate the intent independently of acceptance (75.0323ms)
✔ missing or contradictory native rows and capture drift fail closed (29.3998ms)
✔ reviewed apply rechecks the actual decision and preserves ambiguous outcomes and idempotency (49.3676ms)
✔ reviewed apply rejects altered intent bytes and expired proposal without native effects (33.8852ms)
✔ a changed post-effect review remains uncertain and cannot assert a verified binding (33.0645ms)
✔ review intent time bounds are revalidated during accepted-source reconstruction (30.1856ms)
✔ CLI native-review preparation, exact intent selection and apply keep separate raw and canonical hashes (142.6777ms)
✔ prepare is read-only and exposes the exact reference-only change for review (21.0521ms)
✔ an unprefixed objective stays candidate because native composition would change it (20.7549ms)
✔ native normalization fixed points retain description and objective exactly (32.0345ms)
✔ public identifiers and digest selectors reject coercible arrays and objects before effects (20.1642ms)
✔ time, timeout and trusted routing fields require their declared primitive types (29.3302ms)
✔ apply performs one native revision, preserves authority and never launches (28.4652ms)
✔ typed native file selection pins outer provenance and exact decoded corpus while preserving raw compatibility (54.6308ms)
✔ native typed unknown schema field is refused even with matching outer artifact digest (22.5513ms)
✔ native typed missing native schema field is refused even with matching outer artifact digest (24.2223ms)
✔ native typed coercible version is refused even with matching outer artifact digest (19.5857ms)
✔ native typed unsupported archive form is refused even with matching outer artifact digest (27.1882ms)
✔ native typed wrong base is refused even with matching outer artifact digest (23.6979ms)
✔ native typed wrong verifier is refused even with matching outer artifact digest (17.5583ms)
✔ native typed wrong head is refused even with matching outer artifact digest (15.4067ms)
✔ native typed bundle payload is refused even with matching outer artifact digest (13.5151ms)
✔ native typed patch checksum is refused even with matching outer artifact digest (14.6185ms)
✔ native typed patch noncanonical base64 is refused even with matching outer artifact digest (14.55ms)
✔ native typed selected hash is refused even with matching outer artifact digest (13.7494ms)
✔ native typed selected byte count is refused even with matching outer artifact digest (13.731ms)
✔ native typed selected file size bound is refused even with matching outer artifact digest (14.6068ms)
✔ native typed selected base64 is refused even with matching outer artifact digest (14.5615ms)
✔ native typed selected symlink is refused even with matching outer artifact digest (14.1199ms)
✔ native typed selected submodule is refused even with matching outer artifact digest (14.1002ms)
✔ native typed selected media is refused even with matching outer artifact digest (15.2855ms)
✔ native typed duplicate path is refused even with matching outer artifact digest (14.5892ms)
✔ native typed case alias is refused even with matching outer artifact digest (14.0201ms)
✔ native typed file directory conflict is refused even with matching outer artifact digest (14.5699ms)
✔ native typed traversal is refused even with matching outer artifact digest (14.0256ms)
✔ native typed absolute path is refused even with matching outer artifact digest (15.9076ms)
✔ native typed Windows stream is refused even with matching outer artifact digest (16.7467ms)
✔ native typed Windows device is refused even with matching outer artifact digest (20.6692ms)
✔ native typed trailing dot alias is refused even with matching outer artifact digest (15.8805ms)
✔ native typed coercible entry path is refused even with matching outer artifact digest (14.7642ms)
✔ native typed deleted selection is refused even with matching outer artifact digest (14.8268ms)
✔ typed path selection requires one exact safe file, source role and original outer bytes (21.3927ms)
✔ typed decoded corpus cannot substitute a different well-hashed file or retarget a reviewed proposal (37.1772ms)
✔ typed base64 padding bits are canonical even when permissive decoding preserves the correct bytes (23.742ms)
✔ same byte-pinned proposal replays its native key without adding guidance or a second revision (40.3987ms)
✔ lost response stays unknown with no automatic retry; exact replay reconciles it (31.3752ms)
✔ an HTTP400 after persistence stays unknown and same-key replay confirms one revision (27.5547ms)
✔ live Corp drift refuses before a request (25.2464ms)
✔ live room drift refuses before a request (21.5508ms)
✔ live mission drift refuses before a request (24.0334ms)
✔ live task drift refuses before a request (21.9936ms)
✔ live run drift refuses before a request (23.7406ms)
✔ live actor drift refuses before a request (22.1557ms)
✔ live source commit drift refuses before a request (18.0207ms)
✔ live verifier digest drift refuses before a request (18.1309ms)
✔ live artifact digest drift refuses before a request (22.9447ms)
✔ an accepted receipt with incomplete bounded evidence remains candidate (23.8867ms)
✔ an observed manual gate must retain its native decision and decider (23.531ms)
✔ missing native corpus evidence or mismatched actual bytes never borrows an unrelated accepted run (17.1787ms)
✔ typed envelopes, missing review bytes and requested independent review remain explicit candidates (19.7942ms)
✔ UTF-8 reference bounds do not silently truncate valid longer advisory guidance (17.4928ms)
✔ changed target ready status cannot be overwritten (20.6658ms)
✔ changed target existing run cannot be overwritten (16.2781ms)
✔ changed target contract version cannot be overwritten (16.0458ms)
✔ changed target budget cannot be overwritten (16.2231ms)
✔ changed target verifier cannot be overwritten (19.8724ms)
✔ changed target source cannot be overwritten (17.1745ms)
✔ changed target source connection cannot be overwritten (25.9552ms)
✔ changed target tools cannot be overwritten (16.6676ms)
✔ changed target Corp cannot be overwritten (17.134ms)
✔ changed target room cannot be overwritten (18.1427ms)
✔ changed target origin cannot be overwritten (19.9093ms)
✔ repinned unauthorized proposal changes cannot alter anything except selected references (38.6041ms)
✔ wrong proposal hash, edited corpus/review/receipt, future or expired proposal fails before POST (21.9989ms)
✔ expired selected guidance is not rescued by the remaining proposal lifetime (24.6083ms)
✔ expiry crossing during live prechecks is repeated immediately before mutation (20.4389ms)
✔ one total operation deadline cannot be renewed by a slow target precheck (247.8012ms)
✔ duplicate-key or reformatted proposal JSON cannot masquerade as the prepared byte representation (18.6174ms)
✔ source drift after successful mutation is accurately retained as applied (17.9785ms)
✔ source access loss after mutation is never mislabeled refusal-before-effects (18.1308ms)
✔ an HTTP error after a request is unknown without transaction-stage evidence and is not retried (18.8643ms)
✔ a contradictory successful response or changed native readback stays unknown (20.4833ms)
✔ exact native target projection refuses filtered context and preserves whole scope (17.9925ms)
✔ file input requires selected exact bytes and fails closed on an oversized or malformed input (25.0209ms)
✔ feedback file reads accumulate short native reads before validating bytes (7.6386ms)
✔ feedback file truncate during short reads fails without a hash pin (5.4504ms)
✔ feedback file grow during short reads fails without a hash pin (5.1501ms)
✔ CLI preparation writes new review artifacts and an existing apply receipt refuses before network or effects (66.5028ms)
✔ CLI exits nonzero for refused adoption while preserving its JSON receipt (229.9781ms)
✔ CLI typed prepare explicitly selects the native file and apply has no path override (50.5033ms)
✔ retained native candidate cannot become saved-task guidance or a native revision (23.9278ms)
✔ forged locally activated native evidence cannot become saved-task guidance or a native revision (20.1299ms)
✔ native evidence mixed into an activated typed artifact cannot become saved-task guidance or a native revision (25.2739ms)
✔ receipt whitelists metadata and distinguishes persisted acceptance from optional verifier digests (7.5087ms)
✔ native runner, model and ref metadata preserves valid punctuation, spaces, Unicode and UTF-8 limits (3.5525ms)
✔ native metadata keeps bounded invalid text and malformed source tuples out of receipts (14.8389ms)
✔ native source identity accepts uppercase hexadecimal commits and full bounded repository components (0.702ms)
✔ published native refs and native MIME token punctuation are observed without a custom identifier alphabet (0.9785ms)
✔ historical evidence never borrows the current task verifier policy count (1.6191ms)
✔ conflicting or invalid run-bound check counts remain unknown (4.0873ms)
✔ missing and duplicate check indices cannot establish completeness; malformed indices fail (1.1381ms)
✔ receipt rejects mismatched run Corp (0.399ms)
✔ receipt rejects mismatched task Corp (0.3384ms)
✔ receipt rejects mismatched mission Corp (0.2834ms)
✔ receipt rejects mismatched room Corp (0.2275ms)
✔ receipt rejects mismatched exact actor (0.1736ms)
✔ receipt rejects mismatched exact room (0.1581ms)
✔ receipt rejects mismatched exact mission (0.1614ms)
✔ receipt rejects mismatched evidence task (0.1943ms)
✔ receipt rejects mismatched event room (0.1893ms)
✔ receipt rejects mismatched partial source (0.1667ms)
✔ current-run rejects later same-task runs and tied times, retaining nanosecond ordering (1.0128ms)
✔ typed resume lineage requires same task and producer, and records unavailable ancestors honestly (1.8844ms)
✔ exact recovery count is run-bound; private policy and notes are omitted (0.5986ms)
✔ published-result binds its exact source artifact and hashes opaque source revisions (0.5969ms)
✔ published-result accepts an exact historical publication despite a later same-task run (0.8709ms)
✔ published-result refuses mismatched Factory mission (0.2974ms)
✔ published-result refuses mismatched deliverable task (0.2536ms)
✔ published-result refuses mismatched deliverable source base (0.1963ms)
✔ published-result refuses mismatched run deliverable digest (0.1808ms)
✔ published-result refuses mismatched publication run (0.17ms)
✔ published-result refuses mismatched provenance mission (0.2869ms)
✔ published-result refuses mismatched provenance source issue (0.3182ms)
✔ published-result refuses mismatched provenance target (0.2319ms)
✔ published-result refuses mismatched recorded PR head (0.2069ms)
✔ published-result refuses mismatched recorded PR repository (0.1875ms)
✔ published-result refuses mismatched recorded PR provenance (0.318ms)
✔ byte verification rejects tampering and each missing or conflicting native response boundary (1.2998ms)
✔ receipt validator rejects extra content, contradictory acceptance, and mixed origin/artifact roles (3.9133ms)
✔ fingerprint tolerates observation timestamps and detects selected source, contract and artifact drift (2.6134ms)
✔ compiled native MCP export performs two captures and downloads only selected-origin artifact IDs (803.454ms)
✔ artifact retention selection is bounded before reading host configuration (0.8788ms)
✔ compiled native evidence retains only explicitly selected verified bytes and preserves public receipt schema (500.1667ms)
✔ compiled native evidence rejects an unowned artifact selection before any artifact download (88.0359ms)
✔ compiled native evidence never returns retained bytes from a tampered artifact or changed source (213.7209ms)
✔ compiled native exporter keeps opaque runner/model/ref metadata out of every request route (130.8393ms)
✔ compiled native export rejects state drift during its artifact read (136.4352ms)
✔ compiled native export rejects mismatched context before downloading artifacts (77.291ms)
✔ compiled native export refuses artifact redirects without forwarding credentials (81.5985ms)
✔ compiled native export rejects oversized bodies and withholds HTTP error content (152.8522ms)
✔ compiled native export bounds a stalled exact-context body by its whole-operation timeout (1011.7359ms)
✔ receipt CLI writes a create-only metadata file and a compact redacted summary (753.4217ms)
✔ owned server requires matching executable, creation, endpoint, and workspace (2.39ms)
✔ manual, remote, stale, or non-owned manifests never authorize restart (0.6199ms)
✔ Windows retains legacy timestamp tolerance and case-insensitive paths (0.3256ms)
✔ legacy Windows identity callers remain supported without weakening explicit checks (1.2674ms)
✔ Linux requires the exact boot/PID/start-tick, executable, cwd/root, and socket binding (3.7617ms)
✔ Linux rejects malformed, legacy-Windows, and changed receipts (0.7042ms)
✔ every existing manual port remains denied on Windows and Linux and all loopback hosts (0.9941ms)
✔ remote, credentialed, missing-port, and malformed-scope endpoints fail closed (0.5397ms)
✔ only a complete scoped JSON object is a process receipt (0.5991ms)
✔ proc stat parses the final comm parenthesis and preserves 64-bit start ticks (0.9127ms)
✔ proc stat rejects wrong PID, truncated fields, malformed state, and invalid ticks (0.4289ms)
✔ Linux listener proof intersects the exact port and LISTEN state with PID-owned inodes (1.0341ms)
✔ malformed or unavailable proc network input supplies no ownership authority (0.5671ms)
✔ artifact recovery overrides are child-only and match native numeric bounds (0.4989ms)
✔ probe requires explicit scope and forwards only its scoped credential environment (3.2403ms)
✔ probe summary contains collection counts, never snapshot data or private paths (0.5394ms)
✔ probe permits HTTP only for normalized canonical loopback origins and requires HTTPS elsewhere (8.3602ms)
✔ recovery probe reports only native metadata and never infers missing capability or exposes policy (1.1252ms)
✔ recovery probe rejects malformed work-item IDs before spawning any gateway (0.9931ms)
✔ compiled recovery probe rejects impossible native numeric metadata and preserves exhausted authority (539.3307ms)
✔ compiled recovery tool makes exactly the selected authorized GET in both modes (153.7959ms)
✔ compiled recovery probe selects one context without reading the broad snapshot or exposing private fields (61.4269ms)
✔ compiled recovery tool refuses malformed IDs, extra scope or effect arguments before HTTP (115.3073ms)
✔ compiled recovery tool rejects mismatched Corp or work-item responses (260.7529ms)
✔ compiled recovery probe preserves authorization and not-found failures without private diagnostics (189.4814ms)
✔ compiled recovery inspection never follows redirects in either gateway mode (123.0122ms)
✔ compiled recovery inspection caps HTTP bodies even in the legacy write-capable gateway mode (136.0877ms)
✔ compiled read-only MCP completes the real stdio handshake and makes only one scoped GET (76.3272ms)
✔ compiled MCP ignores notifications and denies mutating calls before HTTP while preserving the default catalog (148.9636ms)
✔ compiled MCP keeps malformed omitted-ID objects silent and effect-free (read-only) (68.3996ms)
✔ compiled MCP keeps malformed omitted-ID objects silent and effect-free (unrestricted) (72.0286ms)
✔ compiled probe withholds API error content and enforces its whole-probe timeout (1106.141ms)
✔ compiled read-only inspection rejects redirects without contacting a second origin (161.9177ms)
✔ compiled read-only startup requires every routing variable before serving even initialization (281.5207ms)
✔ compiled read-only flag rejects command-line tokens (split option, CLI only) (79.8992ms)
✔ compiled read-only flag rejects command-line tokens (split option, CLI plus environment) (68.858ms)
✔ compiled read-only flag rejects command-line tokens (equals option, CLI only) (74.9658ms)
✔ compiled read-only flag rejects command-line tokens (equals option, CLI plus environment) (71.0548ms)
✔ compiled read-only flag accepts only the environment token and exposes the restricted catalog (73.0173ms)
✔ compiled read-only environment rejects command-line tokens (split option, CLI only) (70.198ms)
✔ compiled read-only environment rejects command-line tokens (split option, CLI plus environment) (68.7786ms)
✔ compiled read-only environment rejects command-line tokens (equals option, CLI only) (69.0968ms)
✔ compiled read-only environment rejects command-line tokens (equals option, CLI plus environment) (69.2735ms)
✔ compiled read-only environment accepts only the environment token and exposes the restricted catalog (84.5796ms)
✔ compiled unrestricted MCP preserves legacy CLI token precedence (split option) (154.2548ms)
✔ compiled unrestricted MCP preserves legacy CLI token precedence (equals option) (151.5328ms)
✔ compiled native read-only HTTP body rejects oversized declared length before end (200) (84.5686ms)
✔ compiled native read-only HTTP body rejects streamed overflow before end (200) (156.7345ms)
✔ compiled native read-only HTTP body rejects oversized declared length before end (403) (82.0474ms)
✔ compiled native read-only HTTP body rejects streamed overflow before end (403) (127.2858ms)
✔ compiled native HTTP body accepts the inclusive read-only limit and preserves unrestricted transport (701.1428ms)
✔ compiled native HTTP body preserves small successful and error response behavior (392.8188ms)
✔ withholds all six source ACKs for each of two native automatic attempts (3.7507ms)
✔ holds all quality ACK duplicates to the same 8-second deadline, preserving bytes (1.0962ms)
✔ gameplay and integration pass source ACKs unchanged (0.3384ms)
✔ native resume passes ACKs and does not consume a third automatic attempt (0.2239ms)
✔ non-source ACK, heartbeat, credential rotation, approval and lifecycle are opaque passthrough (1.3842ms)
✔ rejects foreign or unproven run, Corp and hash before fault decisions (1.5112ms)
✔ assignment rebinding cannot swap a different task, scope or command kind (0.6955ms)
✔ late-ACK release sends one exact original old-run frame once without retagging (1.945ms)
✔ refuses manual-stack, wrong-repository and missing opt-in config (2.0379ms)
▶ real loopback WebSocket wiring: native schema, ordered forwarding, reconnection and redaction
  ▶ isolated concurrent fixture 1
    ✔ synthetic endpoints require live ownership without relaxing config guards (15.8634ms)
    ✔ persisted owner/name schema binds and stop cannot overtake a pending assignment (77.2473ms)
    ✔ upload byte transparency, ACK withholding and metadata non-disclosure (53.0903ms)
    ✔ a stale snapshot/close callback cannot bind, send or close the replacement connection (167.423ms)
  ✔ isolated concurrent fixture 1 (506.5807ms)
  ▶ isolated concurrent fixture 2
    ✔ synthetic endpoints require live ownership without relaxing config guards (12.1183ms)
    ✔ persisted owner/name schema binds and stop cannot overtake a pending assignment (77.9861ms)
    ✔ upload byte transparency, ACK withholding and metadata non-disclosure (49.2133ms)
    ✔ a stale snapshot/close callback cannot bind, send or close the replacement connection (168.6685ms)
  ✔ isolated concurrent fixture 2 (459.3546ms)
✔ real loopback WebSocket wiring: native schema, ordered forwarding, reconnection and redaction (507.8893ms)
✔ relocated doctor checks declared tools through native version commands without leaking ambient secrets or installing (1501.6786ms)
✔ wrong node version produces a failing CLI result (1273.1135ms)
✔ wrong pnpm version produces a failing CLI result (1165.9855ms)
✔ wrong rustc version produces a failing CLI result (1154.9423ms)
✔ wrong cargo version produces a failing CLI result (1141.865ms)
✔ missing package manager fails without falling back to another host command (939.2351ms)
✔ failed component probes suppress raw stdout and stderr (1180.7634ms)
✔ unrecognized version output is rejected without echoing the command response (1169.6522ms)
✔ an unavailable pinned rustup toolchain fails instead of installing or selecting stable (1205.6837ms)
✔ already selected direct Rust binaries can be verified without rustup (1175.8419ms)
✔ invalid .node-version declaration fails before any command runs (version) (176.2309ms)
✔ invalid package.json declaration fails before any command runs (version) (162.0593ms)
✔ invalid rust-toolchain.toml declaration fails before any command runs (floating Rust) (174.7472ms)
✔ invalid rust-toolchain.toml declaration fails before any command runs (component) (176.3293ms)
✔ unsupported CLI arguments fail before probing tools (167.0165ms)
ℹ tests 1248
ℹ suites 0
ℹ pass 1248
ℹ fail 0
ℹ cancelled 0
ℹ skipped 0
ℹ todo 0
ℹ duration_ms 59379.8299
