$ node --test --test-concurrency=2 --test-timeout=180000 "apps/web/src/**/*.test.mjs" "tools/*.test.mjs"
✔ editor preserves its accessible control names, preview hook, and all six check choices (31.3982ms)
✔ switching check types resets their incompatible fields and retains the rest of the policy (6.2177ms)
✔ every check-field callback retains the selected variant and unchanged checks (12.6818ms)
✔ adding and removing checks preserves tab selection, including external policy shrink and the empty state (12.0732ms)
✔ the 16-check add button limit and oversized-policy feedback are retained (7.6974ms)
✔ manual-gate transitions retain default role ordering, requester exclusion, and explicit removal (10.2561ms)
✔ preview keeps exact check order, manual-role labels, heading overrides, and requester-exclusion guidance (1.8473ms)
✔ Factory exact-run navigation replaces a remembered newer outcome before mission remount (3.4268ms)
✔ run navigation ignores the duplicate activity marker in a hidden Factory tab (16.2258ms)
✔ artifact navigation chooses its exact producer while mission-only navigation preserves the current choice (1.041ms)
✔ unavailable run/task/mission cannot overwrite remembered evidence or open another run (2.4304ms)
✔ storage failure or obsolete viewer fails closed before navigation (1.8878ms)
✔ explicit navigation writes only the selected viewer scope and only the run identity (0.9624ms)
✔ reload keeps the decided run instead of the other pending review or a newer worker (1.506ms)
✔ remembered evidence is scoped to the API server, Corp, actor and mission (0.3475ms)
✔ missing remembered work never silently substitutes another visible review (0.3119ms)
✔ unreadable or malformed stored context requires explicit selection, not the next review (0.4776ms)
✔ a first visit is distinct from unreadable history; failed writes do not throw (0.2807ms)
✔ only the selected run ID is stored; reviews and authority never enter browser persistence (0.8684ms)
✔ MissionCard scopes remounts, pins initial evidence and fails closed when persistence fails (11.5022ms)
✔ issue210 only the explicit server flag adds correction to a native checkpoint (3.5917ms)
✔ issue210 verifier availability is independent of correction and missing availability preserves legacy behavior (1.0139ms)
✔ issue210 revision source is the exact server-selected verifier, with no cross-item fallback (0.6294ms)
✔ only native proof plus its cancellation marker exposes source-only checkpoint verification (0.2667ms)
✔ a running checkpoint needs no cancellation repair, and ordinary verification failure stays compatible (0.2415ms)
✔ missing/tampered source, checkpoint, head, active recovery or terminal outcome offers no new recovery (0.3146ms)
✔ context requests are not recovery grants and never depend on inferred mission spend/status (0.2268ms)
✔ copied command binding retains the saved connection and never falls back on malformed metadata (0.2408ms)
✔ actual presentation selects the endpoint source, not the newest visible run or mission cancellation (126.6562ms)
✔ issue210 presentation separates provider-free verification from a budgeted same-session fix (29.5338ms)
✔ issue210 source-only and unavailable checkpoint presentations never suggest generic recovery (32.4208ms)
✔ actual context loader is GET-only and admits the exact item/version/mission checkpoint (51.6984ms)
✔ actual context loader rejects stale/cross-scope and malformed flags without snapshot fallback (178.1606ms)
✔ issue210 actual loader accepts boolean correction flags and defaults missing legacy authority closed (49.2352ms)
✔ issue210 exact loader retains true, false and missing checkpoint availability without granting another mode (40.6791ms)
✔ actual UI action copies only explicit checkpoint verification with the original scope/connection (165.3177ms)
✔ issue210 actual correction action retains the original CLI route, source and connection (269.0284ms)
✔ issue210 actual card drops correction authority immediately when item, version or actor changes (269.4004ms)
✔ issue210 actual contract submission uses the scoped verifier, not its provider ancestor (63.2707ms)
✔ issue210 editor loading, errors, stale context and denied correction cannot fall back or submit (228.8917ms)
✔ issue210 ordinary contract resume, redispatch and requester/role boundaries stay intact (101.0212ms)
✔ issue210 actual source-only context copies correction and revises the exact verifier; no-mode context does neither (189.6862ms)
✔ actual resume handler and rendered provider control respect native recovery blocking (5.784ms)
✔ actual App Resume control survives an ineligible ordinary Factory recovery lookup and uses the native actor-bound POST (218.5596ms)
✔ issue221 explicit provider-correction permission permits null head without granting checkpoint or generic resume (1.1469ms)
✔ issue221 actual context reader retains null head/current provider proof and malformed heads remain non-actionable (317.2579ms)
✔ issue221 actual copy/revision actions use only source correction for the latest failed provider with null head (251.0964ms)
✔ wrong-first legacy Project 174 cannot displace the selected live lab controller (1.8308ms)
✔ every Project/repository/Corp component must match, even with an active-item pointer (0.3347ms)
✔ GitHub owner/repository case and surrounding whitespace normalize independently (0.2078ms)
✔ missing/malformed scope is neutral rather than an empty-scope match (0.2212ms)
✔ the exact active item wins among live controllers in the same scope (0.266ms)
✔ a current live scope match wins over a stale offline active-item pointer (0.1914ms)
✔ with only offline matches, retain the exact item rather than crossing scope (0.1928ms)
✔ without an item, prefer useful live intake in the current Corp (0.3557ms)
✔ empty/no-match and unavailable explicit selections never borrow another controller (0.2683ms)
✔ heartbeat freshness and stable ID break ties without using array order or mutating inputs (1.1886ms)
✔ snapshot refresh and selected scope changes return the exact new ID/version object (0.2213ms)
✔ the actual FactoryPanel resolver feeds displayed state and both action callbacks (19.127ms)
✔ the actual component guards controller actions, retains role gating and passes the same callback (11.6938ms)
✔ the actual API action handler targets the resolved controller ID and version for all actions (62.3264ms)
✔ the production handler preserves the existing ID-scoped idempotency/version on a lost response (25.3604ms)
✔ primary_rate_limit has a reader-facing reason and an automatic future retry (21.9194ms)
✔ secondary_rate_limit has a reader-facing reason and an automatic future retry (0.8461ms)
✔ graphql_quota has a reader-facing reason and an automatic future retry (1.5694ms)
✔ github_unavailable has a reader-facing reason and an automatic future retry (0.5918ms)
✔ quota, cost and timestamps come from the snapshot, not derived or default budgets (1.1765ms)
✔ equivalent offset timestamps have the same local retry time and boundary (0.9172ms)
✔ at or after the retry deadline, waiting is not presented as a successful retry (1.2362ms)
✔ zero remaining, limit, query cost and failures remain real zeros (0.594ms)
✔ paused desired state wins without rewriting controller health or promising a retry (0.9964ms)
✔ offline health wins over polling metadata, including an elapsed retry (1.0147ms)
✔ paused and offline together retain both conditions and existing paused precedence (0.5929ms)
✔ absent legacy polling leaves the old strip intact and never fabricates a wait (0.2538ms)
✔ missing or malformed backoff data is unavailable, never zero or an invented deadline (0.3517ms)
✔ invalid values are not coerced to numbers or dates and unknown reasons are not rendered raw (1.7417ms)
✔ partial quota data preserves observed zeros while missing fields remain unavailable (0.3055ms)
✔ healthy telemetry does not infer a backoff from a zero quota or failure count (0.4363ms)
✔ UI integration remains read-only, accessible, and uses existing controller controls (11.1849ms)
✔ line normalization preserves argument boundaries, literal punctuation, and duplicate values (1.8386ms)
✔ role entry supports commas and CRLF without silently deduplicating or authorizing roles (0.3921ms)
✔ mission projection retains exact task, runner and human control attribution (4.1044ms)
✔ foreign tasks and same-ID foreign-Corp runners cannot supply collaboration state (0.394ms)
✔ offline retains work without advertising live control or termination (0.456ms)
✔ connecting retains work without advertising live control or termination (0.3817ms)
✔ a failed snapshot refresh retains exact work without advertising live controls (0.3923ms)
✔ invalid snapshot receipt NaN cannot advertise live controls (0.2887ms)
✔ invalid snapshot receipt Infinity cannot advertise live controls (0.224ms)
✔ invalid snapshot receipt 0 cannot advertise live controls (0.2145ms)
✔ invalid snapshot receipt -1 cannot advertise live controls (0.3533ms)
✔ expired/malformed lease 2026-09-16T11:59:00Z cannot claim a controller (0.5683ms)
✔ expired/malformed lease 2026-09-16T12:00:00Z cannot claim a controller (0.2254ms)
✔ expired/malformed lease bad cannot claim a controller (0.1756ms)
✔ verifying has recorded evidence but no provider controls (0.2925ms)
✔ completed has recorded evidence but no provider controls (0.1399ms)
✔ lost has recorded evidence but no provider controls (0.1768ms)
✔ cancelled has recorded evidence but no provider controls (0.1715ms)
✔ a provider-free run and a superseded agent assignment expose no live controls (0.2644ms)
✔ runner grace and offline remain distinct; neither supplies human presence (0.2234ms)
✔ review links bind exact run/task and explain role and requester exclusion (0.472ms)
✔ missing and historical identities never become fabricated named owners or current controllers (0.2313ms)
✔ draft cache survives surface remounts but never crosses Corp/actor/room/mission (0.2684ms)
✔ actual component navigation only requests exact context; rendering sends no commands (13.4976ms)
✔ actual disconnected component retains readable evidence with an explicit warning (1.5444ms)
✔ actual failed-refresh component distinguishes stale data from a disconnected transport (1.7587ms)
✔ actual component rejects missing receipt freshness and restores controls after a successful refresh (4.3143ms)
✔ App preserves main snapshot metadata and exact-run navigation while passing numeric receipt freshness (6.9725ms)
✔ App embeds existing scoped discussion and pins evidence before exact-run navigation (2.8399ms)
✔ late completion notifies remounted composers without clearing a newer or same-text draft (0.6206ms)
✔ late operation acknowledgment cannot clear a replacement idempotency key (150.5446ms)
✔ actual App selection never substitutes another mission after the selected record disappears (74.6586ms)
✔ actual briefing navigation has a visible destination for legacy empty descriptions (74.0532ms)
✔ verification checks do not change launch intent (1.3068ms)
✔ review navigation cannot turn its click into a form submission (0.2911ms)
✔ ordinary application setup cannot silently fall back to the fake runtime (0.6226ms)
✔ composer uses two clear steps and starts with an empty goal (0.3199ms)
✔ advanced settings and detailed requirements are optional disclosures (0.8209ms)
✔ closing setup preserves the draft and returns to existing mission context (0.6899ms)
✔ explicit links to existing work reveal it without erasing an open draft (0.5527ms)
✔ native creation and explicit held-plan behavior remain unchanged (0.2368ms)
✔ review keeps the exact source and current server-derived allocation visible (0.4484ms)
✔ scope requires four explicit bounded identities and cannot mutate after submission (2.3077ms)
✔ current origin binds the exact view instance, not just equal IDs (0.3193ms)
✔ read issues exactly one encoded, uncached GET with cancellation and no body (8.9255ms)
✔ Direct accepts only exact returned linkage and drops unexpected hidden fields (89.7753ms)
✔ Factory retains only the validated work item, repository, issue number and exact URL (2.0807ms)
✔ all four response identities must echo the bound request exactly (31.0411ms)
✔ missing, malformed and older origin responses never become Direct (2.7868ms)
✔ Factory fields are required and null or missing metadata is never partly accepted (2.4219ms)
✔ Factory rejects invalid work-item identities, repository paths and issue numbers (2.9351ms)
✔ only the raw HTTPS GitHub issue URL matching returned repository and number is accepted (3.4855ms)
✔ mixed-case owner/repository URLs match normalized identity and retain display case (1.1748ms)
✔ valid case-preserving repositories and positive safe issue numbers remain verbatim (0.831ms)
✔ old endpoints, denied authorization and transport failures stay unavailable without raw errors (1.2238ms)
✔ a synchronous API failure is contained and clears the read timer (0.5407ms)
✔ timeout aborts an unsettled read and suppresses both late success and late failure (0.8184ms)
✔ a settled success or failure cannot be overwritten by an already queued timeout (0.7945ms)
✔ cancellation before the scheduled read prevents even the GET (0.8042ms)
✔ in-flight cancellation ignores transports that resolve or reject after abort (0.8621ms)
✔ component reads once for a valid view and renders truthful Direct copy in one styled paragraph (15.2312ms)
✔ component links only a fully validated Factory response, not extra returned fields (3.1924ms)
✔ all four operating roles may read; guests, spectators and unknown roles never request context (6.9971ms)
✔ invalid or absent scope props render the conservative fallback without requesting (8.279ms)
✔ failed exact reads preserve #185 positive or unknown fallback without inventing links or hiding failure (11.2615ms)
✔ a failed origin lookup can be retried explicitly without changing the work identities (3.4687ms)
✔ Corp, actor, room and mission changes hide old success and errors before effect cleanup (9.7039ms)
✔ late success and errors from a replaced request cannot update the current component (12.4389ms)
✔ leaving and returning to identical IDs cannot revive an earlier success or failure (2.586ms)
✔ same-ID reopened pending requests ignore the original response and error after current denial (4.5565ms)
✔ a guest transition revokes displayed source data and returning operators must read again (1.4011ms)
✔ operating-role and API changes also invalidate old privileged context (1.6726ms)
✔ unmount cancels the read and a fresh mount with identical IDs cannot inherit its outcome (1.6978ms)
✔ one builder preserves the complete current creation payload and retained settings (3.092ms)
✔ provider defaults, supported reasoning and commit-branch semantics match submission (0.263ms)
✔ existing deterministic fixture semantics are not converted into provider settings (0.2665ms)
✔ scope freezes the exact serialized body and rejects an actor mismatch (0.8652ms)
✔ every request field, Corp and actor invalidate an earlier quote (1.3804ms)
✔ preview debounces, uses the exact creation body, and calls only the read-only preview POST (8.8655ms)
✔ an edit or closing the composer before debounce starts no request (0.5191ms)
✔ an invalidated request is aborted and cannot publish a late successful quote (2.3307ms)
✔ late errors after actor/Corp change or unmount cannot replace the new preview (1.456ms)
✔ editing away and back still requires a fresh request, not a revived quote (0.9122ms)
✔ allocations are displayed verbatim from the server, not a frontend Studio formula (0.6889ms)
✔ missing or mismatched quote fields never become a current allocation (1.4682ms)
✔ an absent preview endpoint gives a useful failure state without inventing allocations (1.5241ms)
✔ preview response is bounded to eight tasks without reallocating server budgets (1.2067ms)
✔ unknown, self, duplicate and oversized dependency references remain unknown allocations (1.0192ms)
✔ retry clears an old failure immediately and can accept a fresh quote (1.7978ms)
✔ timeout clears the quote, aborts the request and ignores a late response (0.6926ms)
✔ App shares the request body, invalidates keyed preview instances and retains native Launch (4.838ms)
✔ mission selection and Discuss use the authoritative non-first owning room (1.8396ms)
✔ mission, task, run and artifact deep links resolve to the same owning room (0.3749ms)
✔ an explicit room deep link and all-discussion view stay in that room (1.1944ms)
✔ stale, missing and older mission/room projections never fall back to the first room (0.2607ms)
✔ related work is limited to the selected room and mission, not a fixed item count (1.3849ms)
✔ messages are room-filtered before mission links and out-of-order reply ancestry (0.8698ms)
✔ valid room, mission and inherited reply submissions retain the same scope (0.5908ms)
✔ stale actor, Corp, room and mission scopes cannot submit or complete a newer draft (0.3126ms)
✔ a disappearing mission or owning room fences previously valid submissions (0.2946ms)
✔ foreign, missing or stale links and replies cannot silently become general comments (0.7268ms)
✔ guest-shaped and missing Factory projections do not establish Direct origin (0.6757ms)
✔ a mission older than the 500-item Factory window remains origin-unknown (0.2826ms)
✔ a positively matched visible Factory item retains its issue attribution (0.14ms)
✔ known publication/recovery linkage is generic when intake details are unavailable (0.3604ms)
✔ projection helpers preserve the authoritative input and do not retain hidden origin data (0.3007ms)
✔ the UI uses the tested projection and submission helpers on both discussion entry paths (13.9736ms)
✔ scope requires every explicit identity and repository and freezes the view generation (3.5764ms)
✔ the exact scope object, not equal IDs or a prior A -> B -> A view, selects the load (0.5106ms)
✔ one encoded GET is uncached, abortable and body/header/credential free (7.5034ms)
✔ published DTO retains only bound result metadata and leaves raw input untouched (1.6872ms)
✔ only explicit null publication in a correctly scoped response is known absence (2.667ms)
✔ item and publication scope mismatches never expose links or known absence (7.3895ms)
✔ publication source issue matches the work item without equating authorizer, revisions or checkpoint generations (1.1237ms)
✔ publication and artifact identity tuples plus full digests must all match (2.4134ms)
✔ missing, duplicate and unrelated-first deliverables cannot substitute a result (1.0077ms)
✔ native provenance identity, source/target branches and digests are checked without retaining authority (4.1298ms)
✔ raw GitHub PR URLs allow native slash suffixes but retain exact repository and number checks (3.9676ms)
✔ owner/repository display case is preserved while full hex values compare by bytes (0.4949ms)
✔ PR state, exact head, owner, recorded metadata and phase cannot contradict each other (1.8561ms)
✔ download metadata rejects controls, external/native paths, malformed hashes and invalid sizes (9.3366ms)
✔ pending, PR-created, published and failed publication are distinct without claiming a live app (2.6714ms)
✔ only a different valid pinned run is a mismatch; same-run contradictions stay unavailable (1.0091ms)
✔ loading, denied and stale contexts cannot become a result or known absence (2.4563ms)
✔ denials, missing endpoints and sync/async transport failures stay unavailable without raw errors (1.1006ms)
✔ timeout aborts and suppresses late successes and failures without retries (0.9047ms)
✔ queued timeout callbacks cannot overwrite a settled success, absence or denial (0.6577ms)
✔ cancellation before start issues no GET; in-flight cancellation publishes no late data (0.6653ms)
✔ new same-ID generation remains unavailable after denial despite a prior response completing later (0.5096ms)
✔ fresh human-only bootstrap can select a runner runtime before any crew exists (2.6023ms)
✔ retired and legacy identities neither enable nor suppress advertised runtimes (0.3036ms)
✔ studio requires the exact selected source on a connected runner, not another repository (0.3816ms)
✔ source repository and commit matching are case-insensitive but ref matching is exact (0.2493ms)
✔ unavailable runtimes and non-runtime capabilities are not mission options (1.1929ms)
✔ catalog merging prefers an enabled model without changing the source snapshot (0.5386ms)
✔ unscoped status and crew include ready connection-bound runtimes, but dispatch keeps its exact binding (0.8836ms)
✔ studio always selects Copilot even when another runtime was requested (0.2768ms)
✔ studio does not fall back to another provider or an unavailable Copilot runtime (0.4129ms)
✔ solo selection and deterministic fixtures retain their runtime contracts (0.3608ms)
✔ a disappearing explicit runtime cannot silently switch provider with stale model settings (0.1948ms)
✔ studio uses enabled Copilot model settings or an explicit provider default (0.2345ms)
✔ fixtures ignore hidden provider model settings (0.1223ms)
✔ normal UI bootstrap opts out of seeded crew without changing fixture tooling (9.8425ms)
✔ runtime character descriptors match the shipped manifest, PNG dimensions, and original file bytes (44.5382ms)
✔ named characters and stable worker identities retain their appearance across reordered snapshots (0.8194ms)
✔ numeric roster positions wrap without producing missing characters, and invalid numbers use the default (0.2852ms)
✔ walking uses the original three poses in a 0,1,2,1 cycle at the 150ms boundaries (0.573ms)
✔ idle, typing, reading and facing use the actual source-sheet rows and columns (0.4827ms)
✔ invalid or negative animation time selects the first pose without invalid source coordinates (0.2492ms)
✔ every animation and direction remains inside a real sheet after long-running animation (0.4971ms)
✔ default floor distinguishes connected workers from offline and test registrations (2.1871ms)
✔ omitted and null retirement fields keep legacy and mission identities available (0.2053ms)
✔ every non-null retirement excludes an identity regardless of pin, date, or reported work (0.3065ms)
✔ retired identity remains resolvable in the unmodified historical snapshot (1.5561ms)
✔ retiring the selected agent falls back to current crew, including the empty-roster case (0.4414ms)
✔ pagination filters retirement before assigning seats without mutating order (0.723ms)
✔ idle does not become working or reviewing from a stale station or pending run request (0.4193ms)
✔ working and blocked status still derive from exact server state and current-run requests (0.3062ms)
✔ #154: a selected worker on a later studio is located on initial mount and selection changes (0.5958ms)
✔ #154: studio lookup follows retirement repagination, not stale seat indexes (0.4699ms)
✔ #154: manual paging survives snapshots, but another selected agent resets page and zoom (0.424ms)
✔ #154: retirement moving the selected agent to a different page resets the camera (0.221ms)
✔ #154: mounting or remounting the same starting run never fabricates an arrival (0.2637ms)
✔ #154: only an observed new active run can animate once, and reduced motion wins (0.3637ms)
✔ #154: blocked work takes recovery priority over both idle and ordinary active work (0.4367ms)
✔ #154: exact approvals keep priority, and only an unblocked empty floor offers new work (0.2211ms)
✔ history inspectors retain the full snapshot while the floor uses current identities (13.3822ms)
✔ Factory activity prioritizes the exact outcome review, then tool approval, before newer work (3.223ms)
✔ selection ignores terminal, denied and foreign tool approvals without inventing a run (0.2624ms)
✔ terminal runs cannot become reviewable or active from dangling pending decision records (22.7063ms)
✔ live task, agent, control, timestamps and safe activity come from one scope without mutation (1.3635ms)
✔ a stale Running intake never claims that a cancelled provider is active (1.0746ms)
✔ pending exact-run outcome review is distinct from an active provider and completion (0.8003ms)
✔ tool authority and unavailable decision context do not become outcome approval (2.1906ms)
✔ a completed run is not automatically a completed mission or published application (1.1805ms)
✔ retained data cannot claim current execution: {"connection":"offline"} (0.9386ms)
✔ retained data cannot claim current execution: {"connection":"connecting"} (0.9701ms)
✔ retained data cannot claim current execution: {"snapshotFailed":true} (0.7541ms)
✔ retained data cannot claim current execution: {"snapshotReceivedAt":null} (0.4398ms)
✔ grace, offline and wrong-Corp runner records cannot establish provider liveness (1.2016ms)
✔ runner loss and uncertain teardown remain unknown until a positive termination receipt (1.222ms)
✔ verifier-only runs never appear as a running model (0.5913ms)
✔ quarantine and protected stops stay prominent even with stale transport (1.4168ms)
✔ failed verification, cancelled work and unknown execution modes remain explicit (1.3807ms)
✔ missing, duplicate or foreign task context cannot fall back to another run (0.7058ms)
✔ activity is scoped, deduplicated, ordered, bounded and never reveals raw payloads (2.185ms)
✔ missing start, invalid clocks and backwards timestamps do not invent a duration (1.2327ms)
✔ expired leases and foreign attribution do not display an active controller (1.3161ms)
✔ actual React detail component reuses current classes, native disclosure and escaped text (16.3779ms)
✔ the Factory integration uses the existing exact-run selector, scoped snapshot and old callbacks (2.4237ms)
✔ a burst of 1000 streamed events schedules one snapshot instead of 1000 requests (2.3943ms)
✔ events arriving during a request produce exactly one trailing snapshot (5.1715ms)
✔ the final event during the trailing request is not dropped (1.2887ms)
✔ disposing before a scheduled refresh prevents any fetch (0.3951ms)
✔ disposing an actor/Corp scope aborts its request and drops trailing work (2.2319ms)
✔ refresh failures are handled and a later event can still refresh (0.961ms)
✔ a disposed scope does not report an obsolete aborted read as a new UI error (1.0491ms)
✔ websocket events use the coalescer and cleanup cancels its read scope (4.8928ms)
✔ initial connection is bounded, cancellable and offers retry rather than mission restart (4.5042ms)
✔ actual App presence polling only runs for open connection-dependent views, without reconnecting the event socket (214.0332ms)
✔ artifact defaults retain the current wire shape and do not share mutable values (2.2249ms)
✔ file defaults retain the current wire shape and do not share mutable values (0.1821ms)
✔ command defaults retain the current wire shape and do not share mutable values (0.1871ms)
✔ test defaults retain the current wire shape and do not share mutable values (0.1715ms)
✔ json_schema defaults retain the current wire shape and do not share mutable values (0.2871ms)
✔ screenshot defaults retain the current wire shape and do not share mutable values (0.1576ms)
✔ check summaries preserve paths, argument boundaries, byte floors, JSON keys, and rounded timeouts (18.3585ms)
✔ array summaries distinguish item boundaries and preserve exact argument and key values (0.5652ms)
✔ byte-counted summaries use singular byte only for the one-byte floor (0.3283ms)
✔ empty and oversized policies remain invalid, with the 16-check boundary accepted (0.5378ms)
✔ invalid byte floor 0 is reported for every byte-counted check (0.5312ms)
✔ invalid byte floor -1 is reported for every byte-counted check (0.1456ms)
✔ invalid byte floor NaN is reported for every byte-counted check (0.1322ms)
✔ invalid byte floor Infinity is reported for every byte-counted check (0.1143ms)
✔ validation preserves check order and reports missing paths, programs, timeout bounds, and JSON keys (0.393ms)
✔ manual gates require allowed roles without changing requester-exclusion semantics (0.2441ms)
✔ preserves the existing advisory-validator scope; server schema/path authorization remains authoritative (0.6498ms)
✔ check transformations create new drafts while retaining unchanged evidence checks and gate identity (0.3433ms)
✔ gate transitions preserve checks and retain current deliberate resets even when reselecting a gate type (0.2499ms)
✔ verification labels retain their current wording and fallback formatting (0.2008ms)
✔ WorkResultCard exposes its status and supplied content with metadata collapsed by default (10.5571ms)
✔ ready PR retains its exact URL and only an explicit download invokes the matching callback (13.2434ms)
✔ loading, unavailable and no-publication states do not fabricate a PR or perform actions (6.039ms)
✔ a historical review mismatch changes selection only through explicit Go to delivered result (5.9368ms)
✔ an unavailable delivered-run target preserves the historical selection and only offers refresh (232.131ms)
✔ a failed publication with a recorded PR remains inspectable without being labeled Published (7.6795ms)
✔ Published is not merged or deployed and its collapsed details never invent a running preview (6.1414ms)
✔ expired artifact retention does not hide an existing PR or replace server download validation (12.2551ms)
✔ actual hook hides prior result before cleanup and aborts on each exact scope change (42.8014ms)
✔ actual hook fences late success and failure before cleanup and after replacement (17.1751ms)
✔ actual hook close and reopen with identical IDs cannot revive old ready or pending data (16.5403ms)
✔ actual hook treats positive revision as one refresh hint and never retries failure on render (39.2487ms)
✔ actual App origin-unavailable branch offers manual Refresh work context with no PR CTA (11.1661ms)
✔ actual App first-hop retry exposes the authorized result without moving pinned evidence (26.2022ms)
✔ actual App fallback reports unavailable review details for an unresolved run or request (14.1406ms)
✔ actual work pickers retain a deep-linked historical mission outside the recent eight (88.0281ms)
✔ actual work pickers do not duplicate a recent selection or invent an absent mission (75.6129ms)
✔ related work includes the third mission, task, run and artifact (2.7017ms)
✔ work links name the actual work rather than presenting only opaque IDs (0.2189ms)
✔ related options deduplicate repeated snapshot references (0.2112ms)
✔ mission discussion retains nested replies, including out-of-order snapshots (1.9062ms)
✔ task, run and artifact comments inherit the owning mission only (0.3204ms)
✔ unlinked cycles and missing ancestors cannot manufacture mission context (0.254ms)
✔ context helpers leave authoritative messages and work objects unchanged (0.2611ms)
✔ work selection follows the owning authorized mission and rejects unknown links (0.3387ms)
✔ human review and automated verification are not advertised as live model sessions (0.2955ms)
✔ enterprise task labels explain the legacy studio lane keys (0.3815ms)
✔ review eligibility explains requester exclusion without bypassing the policy (0.4386ms)
✔ a pending evidence review selects its run rather than a newer active worker (0.2537ms)
✔ a tool-approval wait cannot hide a different pending evidence review (0.2283ms)
✔ review selection rejects mismatched tasks, terminal runs and non-pending requests (0.2505ms)
✔ explicit evidence selection stays bound to that run and cannot inherit another review (0.2219ms)
✔ unselected evidence follows remaining reviews and retains snapshot order without mutation (0.272ms)
✔ a decided run remains selected until the operator deliberately chooses the next review (0.193ms)
✔ mission UI binds evidence and decisions and pins the target before submitting (15.8715ms)
✔ runner revision is stable for reordered equivalent records without sorting the input (2.8562ms)
✔ runner revision ignores heartbeat, display and capability churn (0.3606ms)
✔ runner revision changes only when lifecycle identity or presence records change (0.3834ms)
✔ offline presence requests revalidation without rewriting endpoint readiness (0.3352ms)
✔ reconnect mismatch remains a hint until the endpoint itself returns ready presence (0.4839ms)
✔ unknown presence is false and same-ID foreign runners cannot supply presence (1.4208ms)
✔ presence hints never promote or erase native sign-in and installation states (0.7376ms)
✔ revision and presence helpers leave source, models, identity and selection immutable (0.7565ms)
✔ saved choice and source remain present while its machine is offline (0.2708ms)
✔ ready metadata alone cannot borrow another connection or source for dispatch (0.3739ms)
✔ connection UI identity is scoped to actor and room (0.2508ms)
✔ native sign-in instructions cannot navigate to another host or credential-bearing URL (0.3752ms)
✔ accepts matching current contracts, aliases, CRLF and historical prose outside markers (76.3662ms)
✔ rejects added source validation command and reports expected and actual (57.5502ms)
✔ rejects removed source validation command and reports expected and actual (66.6658ms)
✔ rejects reordered source validation command and reports expected and actual (51.8727ms)
✔ rejects changed documented commands; correcting the documented sequence restores passing (93.7087ms)
✔ accepts quoted literal Node globs through aliases while preserving quoted versus shell-expanded arguments (95.2836ms)
✔ rejects a source SDK bump until both current compatibility docs are updated (77.1339ms)
✔ rejects a source CLI bump until both current compatibility docs are updated (63.0218ms)
✔ rejects missing opening marker instead of silently dropping a required documentation contract (46.49ms)
✔ rejects missing closing marker instead of silently dropping a required documentation contract (45.6814ms)
✔ rejects duplicate block instead of silently dropping a required documentation contract (42.6956ms)
✔ rejects reversed markers instead of silently dropping a required documentation contract (55.4442ms)
✔ rejects inline marker instead of silently dropping a required documentation contract (50.3621ms)
✔ requires every current runtime contract and a single SDK and CLI claim inside each (52.4811ms)
✔ rejects missing root alias in the authoritative command sequence (54.6335ms)
✔ rejects cyclic root aliases in the authoritative command sequence (54.9573ms)
✔ rejects shell pipeline in the authoritative command sequence (51.7332ms)
✔ rejects quoted shell expansion in the authoritative command sequence (74.7956ms)
✔ rejects empty command in the authoritative command sequence (50.6199ms)
✔ rejects unsupported alias arguments in the authoritative command sequence (65.2976ms)
✔ rejects unknown documented aliases and malformed command fences (49.9178ms)
✔ reports missing required documents and an invalid source manifest without silently skipping them (58.0832ms)
✔ fails closed for unconstrained SDK dependency (52.7858ms)
✔ fails closed for SDK pin in wrong table (54.8105ms)
✔ fails closed for duplicate SDK declaration (53.1172ms)
✔ fails closed for missing named runtime constant (55.2755ms)
✔ fails closed for duplicate runtime constant (64.2013ms)
✔ relocated CLI resolves its own repository, executes no documented command, and exits nonzero for drift (339.2483ms)
✔ checkpoint fixture produces a complete, independently tested local application (396.9584ms)
✔ read-only executable hashing accepts Cargo/Git hardlinks without relaxing source isolation (25.9047ms)
✔ exact terminal metadata produces actionable failure and missing-evidence findings using GET only (24.6553ms)
✔ listed artifact is run-scoped metadata and never establishes content or attempt verification (2.9446ms)
✔ refuses active parent (1.2307ms)
✔ refuses wrong repository (0.4174ms)
✔ refuses foreign head repository (0.5559ms)
✔ refuses different workflow (0.375ms)
✔ refuses different head (0.3484ms)
✔ refuses different attempt (0.3552ms)
✔ refuses job from other attempt (0.8595ms)
✔ refuses job from other head (0.958ms)
✔ refuses duplicate job (0.6376ms)
✔ refuses unfinished job (0.5165ms)
✔ refuses foreign artifact (0.641ms)
✔ refuses excess artifacts (1.8739ms)
✔ complete bounded job pagination is required and supported (9.1304ms)
✔ pagination total drift and final run drift refuse a completed observation (2.0518ms)
✔ expired artifacts and unexplained parent failure remain reviewable rather than passing (1.0658ms)
✔ same-source replay is a no-op; changed facts retain revisions and mark no-longer-observed findings (4.0673ms)
✔ previous hash tampering refuses before network reads (0.3219ms)
✔ forged previous findings fail integrity or semantic reconstruction; source changes require a new scope (3.1301ms)
✔ newer prior observations and attempts do not flow backward (2.9681ms)
✔ secret-bearing fields and supplied links never enter a receipt or executable Markdown (0.882ms)
✔ native read budget rejects alternate endpoints, oversized metadata and late responses (1.0912ms)
✔ omitting all required jobs cannot turn one replacement success job into a complete maintenance result (0.7486ms)
✔ required skipped job needs review even when an earlier run artifact is listed (0.6956ms)
✔ required neutral job needs review even when an earlier run artifact is listed (0.9782ms)
✔ failed GETs consume the finite shared admission budget without retries (0.64ms)
✔ CLI writes new bounded files and refuses output reuse; failures retain no raw API error (61.4924ms)
✔ hosted context binds default observer branch, event and exact parent; local mode makes no hosted claim (26.0929ms)
✔ CLI accepts only bounded exact selection and a complete prior pin (0.6229ms)
✔ CI workflow: exact Windows runner failure produces a scoped read-only handoff (1.5409ms)
✔ CI workflow: complete successful jobs need only their own declared report artifacts (1.2901ms)
✔ CI workflow: required artifact-free jobs remain required and must execute (1.4428ms)
✔ Repository checks retains its published contract and previous-receipt no-op semantics (1.6898ms)
✔ CI completeness refuses skipped artifact-free required jobs (0.8201ms)
✔ CI completeness refuses neutral artifact-free required jobs (1.1877ms)
✔ CI completeness rejects replacement jobs and requires only CI report metadata (2.0656ms)
✔ CI observation is not a parent-pass claim and does not inspect diagnostic artifacts (1.7137ms)
✔ workflow profiles cannot reuse each other's receipts even at the same source (4.1237ms)
✔ CI identity refuses unknown workflow path (0.3361ms)
✔ CI identity refuses workflow-ID substitution (0.2471ms)
✔ CI identity refuses workflow-name substitution (0.3122ms)
✔ CI identity refuses workflow-path substitution (0.2756ms)
✔ CI identity refuses foreign repository (0.2092ms)
✔ CI identity refuses fork head repository (0.8099ms)
✔ CI identity refuses wrong source head (0.2103ms)
✔ CI identity refuses wrong attempt (0.1962ms)
✔ CI identity refuses active CI parent (0.2013ms)
✔ reader allowlist admits exactly the two workflow metadata routes (0.3783ms)
✔ hosted CI event binds workflow identity to the selected native parent (49.793ms)
✔ workflow trigger keeps trusted observer checkout and read-only scopes for both producers (2.0356ms)
✔ consumer rereads native state using trusted routing and tolerates only observation timing changes (6.4808ms)
✔ consumer refuses task contract revision drift in a fresh observation (1.4298ms)
✔ consumer refuses source base commit drift in a fresh observation (0.8588ms)
✔ consumer refuses verifier digest drift in a fresh observation (0.8185ms)
✔ consumer refuses another actor scope drift in a fresh observation (1.2107ms)
✔ explicit run and mode selections fail before contacting a server (0.5611ms)
✔ denied or unavailable current data does not fall back to a previously passing receipt (0.4004ms)
✔ a matching failed native outcome cannot be consumed as accepted completion (0.653ms)
✔ file consumption requires the exact expected byte hash and a bounded valid receipt (34.3514ms)
✔ receipt file reads accumulate short native reads before validating bytes (19.3137ms)
✔ receipt file truncate during short reads fails before parsing (6.9263ms)
✔ receipt file grow during short reads fails before parsing (10.9607ms)
✔ framed stat metadata survives arbitrary chunk boundaries without payload disclosure (3.1318ms)
✔ unrelated RPCs and read-file contents are not recorded (1.1402ms)
✔ a response ID type change is visible without recording identifier values (0.4164ms)
✔ oversized frames are skipped without parsing nested payload text as requests (0.4039ms)
✔ optional wire observation forwards exact bytes and drains the child (318.7321ms)
✔ a matching request needs a durable rejection and settled run (1.7301ms)
✔ terminal provider without permission is inconclusive, never a pass (1.268ms)
✔ a rejected but unrelated permission does not satisfy the requested boundary (0.2959ms)
✔ approval acceptance, expiry or missing persisted decision cannot pass (0.3608ms)
✔ a decision or final run from another identity is rejected (0.2227ms)
✔ a provider that has not settled cannot pass the boundary (0.1767ms)
✔ all independent boundary results are required for complete coverage (1.3177ms)
✔ later passing cases remain visible after an earlier inconclusive case (0.3821ms)
✔ duplicate, unknown and malformed results cannot manufacture complete coverage (1.6679ms)
✔ accepts an exact seed and credential-free children of the owned runner (3.3811ms)
✔ a marker elsewhere or an arbitrary GITHUB_TOKEN is not a proven seed (1.4209ms)
✔ absent, ambiguous or foreign runner seed records cannot establish the precondition (0.9072ms)
✔ runner seed booleans must be explicit, not truthy or absent (1.2232ms)
✔ missing spawn and undefined parent IDs cannot accidentally correlate (0.4839ms)
✔ runner spawn must be unique, current and tied to the owned observer (0.7348ms)
✔ a seed observed only after runner spawn cannot prove the launch precondition (0.2922ms)
✔ missing or foreign provider observations cannot satisfy the required count (0.456ms)
✔ a wrong-parent provider is rejected rather than silently filtered out (0.5694ms)
✔ provider identity and absence booleans must be explicit and valid (1.1353ms)
✔ missing ownership and zero or malformed minimums never allow a vacuous pass (0.9306ms)
✔ actual successful relative, absolute and round-trip view results are required (2.0027ms)
✔ provider self-report and final file existence are not native-read evidence (1.0684ms)
✔ a missing absolute read or readback cannot pass (1.1629ms)
✔ missing-file errors and successful-but-wrong content remain failures (0.8024ms)
✔ wrong-session or conflicting tool results cannot manufacture evidence (1.689ms)
✔ an external path with the same filename is not the assigned seed (0.3483ms)
✔ an incomplete stream is explicitly incomplete, not successful empty coverage (0.2554ms)
✔ runner observation proves the synthetic credential was inherited (281.774ms)
✔ a missing seed fails before starting a runner (157.9877ms)
✔ provider observation confirms removal before invoking the real binary (259.483ms)
✔ an inherited provider credential fails before any provider execution (151.6541ms)
✔ a marker under another key cannot hide a missing runner GITHUB_TOKEN seed (155.7765ms)
✔ a different token plus an unrelated marker cannot manufacture an exact runner seed (154.7779ms)
✔ a provider token other than the canary is still rejected before child execution (154.1766ms)
✔ a provider canary under another key remains a failing credential boundary (156.5328ms)
✔ uninvoked production modules remain in the coverage denominator with zero hits (15.1666ms)
✔ missing production files cannot produce a passing partial coverage result (0.7033ms)
✔ duplicate and out-of-scope files cannot inflate the denominator (1.5371ms)
✔ missing, duplicate and impossible native counts are rejected (0.5254ms)
✔ truncated records are never accepted as completed coverage evidence (0.2686ms)
✔ zero available branches are reported as not applicable instead of fabricated 100 percent (0.2756ms)
✔ issue195 public receipt binds parent binaries, pinned runtime identity, and distinct task source (8.6425ms)
✔ explicit current fixture hash, suspend tokens, and missing-artifact switch normalize without disk reads (1.2151ms)
✔ rebuilt server/runner receipt hashes and an explicit rebuilt CLI hash remain valid and bound (5.0486ms)
✔ all required options are explicit; help is inert (1.5985ms)
✔ every duplicate value option and duplicate boolean switch fails closed (2.4081ms)
✔ unknown targets, positionals, missing operands, and equals-form options are rejected (0.7414ms)
✔ configuration rejects old issue190 (0.3142ms)
✔ configuration rejects string issue number (0.2104ms)
✔ configuration rejects parent rather than candidate code (0.3826ms)
✔ configuration rejects runtime commit used as task source (0.6622ms)
✔ configuration rejects unpinned source ref (0.2887ms)
✔ configuration rejects another runner (0.2166ms)
✔ configuration rejects unowned receipt (0.5821ms)
✔ configuration rejects not-running supervisor (0.5923ms)
✔ configuration rejects missing owner (0.5005ms)
✔ configuration rejects invalid owner (1.0364ms)
✔ configuration rejects changed code checkout (0.3477ms)
✔ configuration rejects changed source checkout (0.2836ms)
✔ configuration rejects changed worktree root (0.2948ms)
✔ configuration rejects invalid server digest (0.399ms)
✔ configuration rejects invalid runner digest (0.6218ms)
✔ configuration rejects executable substitution (0.6259ms)
✔ configuration rejects binary outside owned bin (0.4256ms)
✔ configuration rejects missing public process (0.275ms)
✔ configuration rejects wrong process role (0.3538ms)
✔ configuration rejects wrong process workspace (0.6315ms)
✔ configuration rejects invalid process pid (0.4292ms)
✔ configuration rejects invalid process start (0.3477ms)
✔ synthetic VerifyRun evidence distinguishes awaiting independent review from accepted completion (14.1169ms)
✔ forced commit_branch export rejection is a named failure, never archive bypass or approval (2.857ms)
✔ missing-required-provider-Artifact negative shares the native checks without inventing bytes (3.1505ms)
✔ assessRecovery refuses original usage rewritten (3.3166ms)
✔ assessRecovery refuses original output history changed (2.433ms)
✔ assessRecovery refuses provider-attempt counter reset (3.5258ms)
✔ assessRecovery refuses provider-attempt maximum changed (1.9253ms)
✔ assessRecovery refuses source incident changed (2.1104ms)
✔ assessRecovery refuses checkpoint authority absent (2.2265ms)
✔ assessRecovery refuses different context source (1.9036ms)
✔ assessRecovery refuses budget reset hidden in context (1.9806ms)
✔ assessRecovery refuses another native recovery (1.8768ms)
✔ assessRecovery refuses source-correction instead of verification (2.4615ms)
✔ assessRecovery refuses recovery contract revision (1.8184ms)
✔ assessRecovery refuses changed recovery reason (1.716ms)
✔ assessRecovery refuses weakened replacement policy (1.7392ms)
✔ assessRecovery refuses new provider session (2.1677ms)
✔ assessRecovery refuses allocated model tokens (2.2246ms)
✔ assessRecovery refuses allocated model cost (1.846ms)
✔ assessRecovery refuses consumed input tokens (1.6319ms)
✔ assessRecovery refuses consumed output tokens (2.3361ms)
✔ assessRecovery refuses consumed model cost (2.2521ms)
✔ assessRecovery refuses different workspace root run (1.7757ms)
✔ assessRecovery refuses replacement workspace not preserved (1.9676ms)
✔ assessRecovery refuses replacement fingerprint changed (1.8378ms)
✔ assessRecovery refuses invented provider artifact (2.9844ms)
✔ assessRecovery refuses provider event outside snapshot window (2.1151ms)
✔ assessRecovery refuses native command acknowledgment missing (2.7787ms)
✔ assessRecovery refuses missing native app check (2.6095ms)
✔ assessRecovery refuses evidence kind mismatch (3.2786ms)
✔ assessRecovery refuses independent-review self-approval (2.3369ms)
✔ assessRecovery refuses accepted run before gate decision (1.9919ms)
✔ assessRecovery refuses missing factory completion event (1.1967ms)
✔ assessRecovery refuses empty source deliverable (1.9917ms)
✔ assessRecovery refuses wrong deliverable provenance (3.0998ms)
✔ download validation uses in-memory bytes and checks payload digests without claiming a browser test (4.0154ms)
✔ configuration refuses target http://localhost:18574 (0.3686ms)
✔ configuration refuses target https://127.0.0.1:18574 (0.1247ms)
✔ configuration refuses target http://127.0.0.1:18574/ (0.1067ms)
✔ configuration refuses target http://127.0.0.1:18575 (0.0967ms)
✔ configuration refuses target http://127.0.0.1:8791 (0.146ms)
✔ configuration refuses target http://127.0.0.1:18574/api (0.1398ms)
✔ configuration refuses target http://127.0.0.1:18574?x=1 (0.1024ms)
✔ configuration refuses target http://example.invalid:18574 (0.1422ms)
✔ configuration refuses target http://user:password@127.0.0.1:18574 (0.1051ms)
✔ configuration refuses target http://[::1]:18574 (0.1129ms)
✔ absolute path and owned-output boundaries reject aliases, devices, UNC, ADS, and root reuse (3.3719ms)
✔ explicit independent reviewer, valid digest, and bounded numeric options are mandatory (5.9981ms)
✔ reports expose hashes and constrained identity, never receipt metadata or provider output (1.5243ms)
✔ saved report cannot adopt changed authority, extra fields, or identities without prior intent (4.9434ms)
✔ baseline and journal never consult the bounded snapshot.events window (25.8438ms)
✔ baseline preserves every pre-existing missions record (1.3539ms)
✔ baseline preserves every pre-existing tasks record (1.2504ms)
✔ baseline preserves every pre-existing runs record (0.8878ms)
✔ baseline preserves every pre-existing factory_work_items record (0.8926ms)
✔ baseline preserves every pre-existing factory_verification_recoveries record (0.7959ms)
✔ baseline preserves every pre-existing verification_evidence record (0.798ms)
✔ baseline preserves every pre-existing verification_requests record (0.8901ms)
✔ baseline preserves every pre-existing source_deliverables record (1.6102ms)
✔ baseline preserves every pre-existing mission_contract_revisions record (0.9008ms)
✔ baseline preserves every pre-existing mission_budget_revisions record (1.0838ms)
✔ baseline preserves every pre-existing action_approvals record (1.5599ms)
✔ baseline preserves every pre-existing circuit_breaker_incidents record (0.9846ms)
✔ baseline permits additive rows and events while forbidding live work and missing history tables (1.6953ms)
✔ journal requires exact Ready watermark, ordered unique same-Corp events, and bounded count (0.7925ms)
✔ buildPlan is deterministic, fresh, output-owned, and mirrors one ready synthetic issue (1.4389ms)
✔ factory argv remains pinned and recovery only appends the exact checkpoint mode and recorded reason (1.5502ms)
✔ persisted app, base-file, exact hash command and independent-review checks cannot be replaced by Artifact (8.6044ms)
✔ checkpoint digests use Rust field order, preserve app policy, and retain forced commit_branch authority (0.805ms)
✔ invokeFactory uses only injected child I/O, a bounded timeout, and a non-inherited environment (1.5463ms)
✔ invokeFactory never retries an uncertain execution or logs raw stdout/stderr (1.5457ms)
✔ explicit Windows assessment preserves historical paths on every host (3.5813ms)
✔ default host assessment still rejects foreign path namespaces (1.018ms)
✔ assessOriginal binds native stop from full replay, not snapshot.events (1.5539ms)
✔ assessOriginal binds native suspend from full replay, not snapshot.events (2.5131ms)
✔ assessOriginal rejects provider attempt increment without accepting or replacing work (2.0037ms)
✔ assessOriginal rejects attempt ceiling revision without accepting or replacing work (1.0118ms)
✔ assessOriginal rejects current budget revision without accepting or replacing work (1.2266ms)
✔ assessOriginal rejects original budget rewrite without accepting or replacing work (0.7582ms)
✔ assessOriginal rejects persisted hash verifier removal without accepting or replacing work (0.7912ms)
✔ assessOriginal rejects manual gate weakening without accepting or replacing work (1.2742ms)
✔ assessOriginal rejects contract source replacement without accepting or replacing work (0.8032ms)
✔ assessOriginal rejects write scope replacement without accepting or replacing work (0.7223ms)
✔ assessOriginal rejects archive bypass of forced commit_branch without accepting or replacing work (0.763ms)
✔ assessOriginal rejects provider secret authority without accepting or replacing work (0.7979ms)
✔ assessOriginal rejects extra provider run without accepting or replacing work (1.2294ms)
✔ assessOriginal rejects extra task without accepting or replacing work (0.7813ms)
✔ assessOriginal rejects changed factory owner without accepting or replacing work (0.7222ms)
✔ assessOriginal rejects changed issue revision without accepting or replacing work (0.7177ms)
✔ assessOriginal rejects wrong assigned runner without accepting or replacing work (0.7204ms)
✔ assessOriginal rejects producer reviewing itself without accepting or replacing work (0.7059ms)
✔ assessOriginal rejects source-checkout execution without accepting or replacing work (0.9115ms)
✔ assessOriginal rejects quarantined checkpoint without accepting or replacing work (0.7457ms)
✔ assessOriginal rejects loop-counter change without accepting or replacing work (0.8255ms)
✔ assessOriginal rejects rewritten usage without accepting or replacing work (0.839ms)
✔ assessOriginal rejects invented provider artifact without accepting or replacing work (0.7377ms)
✔ assessOriginal rejects checkpoint missing without accepting or replacing work (1.242ms)
✔ assessOriginal rejects checkpoint policy digest changed without accepting or replacing work (0.8679ms)
✔ assessOriginal rejects provider still alive without accepting or replacing work (0.9671ms)
✔ assessOriginal rejects budget command not acknowledged without accepting or replacing work (0.9222ms)
✔ assessOriginal rejects budget incident missing without accepting or replacing work (0.79ms)
✔ assessOriginal rejects previously recorded run missing without accepting or replacing work (0.7549ms)
✔ assessOriginal rejects accepted provider progress hidden before snapshot window without accepting or replacing work (0.848ms)
✔ suite pauses for native browser review by default and only observes external approval on continuation (49.6744ms)
✔ suite retains native forced-commit export failure and performs no review, download, or policy bypass (23.7654ms)
✔ suite missing-Artifact negative is explicit rejection, not verified delivery or fabricated provider evidence (19.3817ms)
✔ --continue cannot create a baseline or begin an unrecorded mutation (7.4703ms)
✔ unknown create response is never retried; continuation times out without adopting replacement work (32.6775ms)
✔ lost create response reconciles the exact item/run, but --continue cannot authorize recovery (11.7256ms)
✔ lost recovery response binds the recorded replacement; continuation only pauses for its exact browser gate (19.9885ms)
✔ external browser approval completes exact recorded work without retries or erasing earlier failure history (45.3869ms)
✔ suite never mutates when independent reviewer is missing (3.3689ms)
✔ suite never mutates when independent reviewer is not human (3.2635ms)
✔ suite never mutates when independent reviewer is unauthorized role (2.9516ms)
✔ suite never mutates when independent reviewer is guest (3.0067ms)
✔ suite never mutates when independent reviewer is wrong Corp (4.1644ms)
✔ failed intent persistence or changed parent inputs prevents the corresponding native effect (23.8298ms)
✔ a colliding synthetic item without saved create intent is never adopted or mutated (4.2713ms)
✔ wrong physical base bytes stop before recovery; tampered downloads stop without another attempt (44.5244ms)
✔ --continue fails closed when recorded work disappears, with no new mission or native retry (41.2431ms)
✔ explicit browser-review flag preserves the default two-step flow without a scripted-review mode (13.4032ms)
✔ browser-review pause cannot be continued with substituted gate identities or reviewer (16.6166ms)
✔ production I/O exposes no review POST and confines injected requests to exact GET routes (28.5407ms)
✔ runtime factory adapter never retries an ambiguous injected CLI call (2.0282ms)
✔ server-upgrade option is explicit, continue-only, and confined to the owned runtime directory (18.937ms)
✔ server-only upgrade retains the original binding/failure and separately records server provenance read-only (27.9345ms)
✔ upgrade rejects runner/web/CLI changes, a mismatched old binding, and conflicting server provenance (15.4749ms)
✔ same-verifier native checkpoint re-attestation accepts a real run_id-only VerificationRequest (2.2265ms)
✔ checkpoint re-attestation cannot target another run, duplicate an ACK, or permit provider usage (3.0726ms)
✔ strict phase parsing and explicit opt-in (4.7154ms)
✔ reject manual/default/aliased ports, credentials, ambiguous URLs and mismatched environment before API access (7.1871ms)
✔ verification is GET-only and no phase can call decision/reset/bootstrap/foreign-Corp routes (2.0987ms)
✔ prepare → newer approved → isolated replay observation → explicit older approval → automatic synthesis (107.3146ms)
✔ lost create response adopts exact marker without sending a second create (20.2815ms)
✔ unknown create that never arrived fails closed, never creates a replacement (3.2639ms)
✔ lost revision response replays the exact native UUID and preserves only two revisions (43.6657ms)
✔ lost launch response recovers exact root IDs by readback, never dispatches again (22.2369ms)
✔ wrong source/pinned staffing/non-quiescent fixture rejected before any POST (1.9464ms)
✔ cannot skip intermediate observation or approve the older run first (50.4619ms)
✔ exact reviewer attribution, artifact binding and no second decision are enforced (83.7318ms)
✔ duplicate decision event and journal rollover cannot pass as replay isolation (55.8561ms)
✔ checkpoint fixture mismatch and modified pre-existing rows are rejected (33.1802ms)
✔ failed artifact download is rechecked on prepare resume without more POSTs (21.2236ms)
✔ linux: native unavailable admission is a verified refusal, not provider success (299.8843ms)
✔ darwin: native unavailable admission is a verified refusal, not provider success (254.9883ms)
✔ Windows: an unavailable provider remains a failure (248.188ms)
✔ Unix: accidentally accepting an unsupported provider fails the contract (283.6108ms)
✔ Unix: an unrelated admission failure cannot stand in for containment refusal (293.9776ms)
✔ Unix: a refusal with a persisted run is rejected (252.3691ms)
✔ Unknown runner platforms fail before resetting a fixture (139.2249ms)
✔ A Linux expectation cannot conceal an unavailable Windows runner (197.5362ms)
✔ Unknown reported runner OS fails before creating provider work (184.756ms)
✔ An owned child stuck on HTTP is reaped before fixture cleanup (2033.9063ms)
✔ explicit CLI and parent runtime receipt reuse retain owner/source/process binding (8.4008ms)
✔ additive request changes only the fixture case, keeps native 5000 authority and no delivery/resume (0.6353ms)
✔ shared client sends exact additive create/launch bodies without retries or extra routes (29.4715ms)
✔ pure native trace accepts actual ACK before failure/termination without prescribing that order (6.7477ms)
✔ pure native trace accepts actual ACK between failure/termination without prescribing that order (2.5823ms)
✔ pure native trace accepts actual ACK after failure/termination without prescribing that order (1.3846ms)
✔ pure evidence rejection: missing actual artifact rejection (1.1104ms)
✔ pure evidence rejection: unrelated failure (0.9894ms)
✔ pure evidence rejection: termination before failure is not the race (1.6702ms)
✔ pure evidence rejection: missing termination is not success (1.4903ms)
✔ pure evidence rejection: missing ACK remains unproven (1.2326ms)
✔ pure evidence rejection: wrong command correlation (1.1141ms)
✔ pure evidence rejection: wrong ACK runner (1.0639ms)
✔ pure evidence rejection: foreign session event scope (0.7943ms)
✔ pure evidence rejection: non-native event attribution (1.5374ms)
✔ pure evidence rejection: wrong native event identity (0.909ms)
✔ pure evidence rejection: rewritten failure summary (0.7834ms)
✔ pure evidence rejection: agent still assigned (0.6906ms)
✔ pure evidence rejection: task resurrected (0.7311ms)
✔ pure evidence rejection: mission resurrected (0.8512ms)
✔ pure evidence rejection: accepted artifact metadata (0.947ms)
✔ pure evidence rejection: late accepted completion even if snapshot says failed (1.0167ms)
✔ pure evidence rejection: accepted artifact even outside bounded snapshot.events (1.0062ms)
✔ pure evidence rejection: verification event is forbidden (0.6865ms)
✔ pure evidence rejection: uncertain teardown is forbidden (1.3058ms)
✔ pure evidence rejection: accepted evidence record (0.8546ms)
✔ pure evidence rejection: budget revision (0.7707ms)
✔ pure evidence rejection: replacement run (0.7129ms)
✔ pure evidence rejection: source substitution (0.6876ms)
✔ pure evidence rejection: verification-only execution cannot attest a provider (0.9567ms)
✔ pure evidence rejection: usage must be exactly two 3000-token increments (1.2321ms)
✔ invalid native termination payload cannot pass (null) (0.9351ms)
✔ invalid native termination payload cannot pass ([]) (0.8163ms)
✔ invalid native termination payload cannot pass ({}) (0.7317ms)
✔ invalid native termination payload cannot pass ({"adapter":"other"}) (0.8618ms)
✔ invalid native termination payload cannot pass ({"provider_process_alive":true}) (0.6855ms)
✔ invalid native termination payload cannot pass ({"provider_process_alive":"false"}) (1.0334ms)
✔ invalid native termination payload cannot pass ({"outcome":"verified"}) (1.1767ms)
✔ invalid native termination payload cannot pass ({"message":""}) (1.0849ms)
✔ invalid native termination payload cannot pass ({"message":1}) (1.2235ms)
✔ invalid native termination payload cannot pass ({"message":"xxxxxxxxxxxxxxxxxxxxxxxxxxxxxxxxxxxxxxxxxxxxxxxx) (1.5665ms)
✔ invalid native termination payload cannot pass ({"message":"untrusted\ntext"}) (1.5323ms)
✔ invalid native termination payload cannot pass ({"message":"
"}) (0.8441ms)
✔ invalid native termination payload cannot pass ({"credential":"PRIVATE_PROVIDER_CONTENT_OR_ASSIGNMENT_TOKEN_) (1.0645ms)
✔ all native terminal outcomes and absent optional message are valid telemetry, not accepted completion (3.7784ms)
✔ one additive case checkpoints and announces intent/IDs, retains history, and waits for quiet readback (29.8968ms)
✔ passed same-case continuation recomputes proof with zero further mutations (26.8261ms)
✔ createLost: failure preserves exact intent, continuation never retries an attempted POST (18.6803ms)
✔ createUnknown: failure preserves exact intent, continuation never retries an attempted POST (2.6615ms)
✔ launchLost: failure preserves exact intent, continuation never retries an attempted POST (19.5826ms)
✔ launchUnknown: failure preserves exact intent, continuation never retries an attempted POST (3.4174ms)
✔ bounded live failure leaves the original run live, IDs and intent intact, with no replacement (38.3903ms)
✔ missing late telemetry is a bounded failure with actual ACK order, not a race claim (23.0182ms)
✔ natural later telemetry/finalization can settle without rewriting terminal state or historical events (13.2445ms)
✔ settling cannot hide changed terminal run summary (4.6629ms)
✔ settling cannot hide changed terminal task (5.1093ms)
✔ settling cannot hide changed terminal mission (3.7203ms)
✔ settling cannot hide changed terminal agent (4.3129ms)
✔ settling cannot hide changed old run (4.204ms)
✔ settling cannot hide changed old agent (5.3966ms)
✔ settling cannot hide changed old journal prefix (4.8708ms)
✔ settling cannot hide changed original failure event (4.4009ms)
✔ saved report cannot substitute receipt, native authority, source, or erase baseline after an effect (2.1305ms)
✔ report save uses exclusive lock, private synced temp and atomic rename; refuses implicit overwrite (2.9173ms)
✔ stale locks are never stolen and failed saves retain original report and orphaned temp (1.1452ms)
✔ report cannot replace receipt; bounded reads reject links, hardlinks and inode swaps before reading (0.9322ms)
✔ CLI is explicit, non-ambient, duplicate/unknown flags fail (4.1638ms)
✔ explicit parent runtime metadata aligns without opening any named process/log/source (4.2808ms)
✔ rejects protected/manual API port 5187 (0.2549ms)
✔ rejects protected/manual API port 5291 (0.2758ms)
✔ rejects protected/manual API port 8791 (0.2106ms)
✔ rejects protected/manual API port 8793 (0.1985ms)
✔ rejects protected/manual API port 8991 (0.1546ms)
✔ rejects protected/manual API port 15191 (0.2746ms)
✔ rejects protected/manual API port 15193 (0.3648ms)
✔ rejects protected/manual API port 15491 (0.5568ms)
✔ rejects protected/manual API port 15493 (0.3316ms)
✔ rejects protected/manual API port 15496 (0.3356ms)
✔ rejects protected/manual API port 18961 (0.2596ms)
✔ rejects protected/manual API port 18962 (0.1767ms)
✔ rejects protected/manual API port 18963 (0.1394ms)
✔ rejects ambiguous or non-owned origin http://localhost:18574 (0.2747ms)
✔ rejects ambiguous or non-owned origin http://127.1:18574 (0.2496ms)
✔ rejects ambiguous or non-owned origin http://[::1]:18574 (0.2058ms)
✔ rejects ambiguous or non-owned origin https://127.0.0.1:18574 (0.3198ms)
✔ rejects ambiguous or non-owned origin http://127.0.0.1:18574/ (0.1948ms)
✔ rejects ambiguous or non-owned origin http://127.0.0.1:18574/api (0.1426ms)
✔ rejects ambiguous or non-owned origin http://127.0.0.1:18574?x=1 (0.2074ms)
✔ rejects ambiguous or non-owned origin http://redacted:redacted@127.0.0.1:18574 (0.2076ms)
✔ rejects ambiguous or non-owned origin http://example.com:18574 (0.1265ms)
✔ receipt requires complete immutable source, no unknown authority or provider substitution (3.8621ms)
✔ native requests preserve single strategy, exact source, budget, File verifier, no deliverable (0.626ms)
✔ Rust policy digest uses explicit declaration order, not JS/JSONB property order (0.6468ms)
✔ canonical containment handles Windows drive prefixes but rejects aliases/escapes (0.8141ms)
✔ POSIX containment rejects traversal, equality and sibling prefixes (0.5126ms)
✔ base.txt reads exactly five bytes, and all link/reparse/hardlink failures occur before open (11.9226ms)
✔ opened-file identity swaps fail closed without reading bytes (1.3116ms)
✔ runners are top-level; nested-only, unavailable, foreign, ambiguous or different-source runners fail (1.066ms)
✔ suspend: actual usage -> breaker -> native teardown -> exact checkpoint -> terminal (2.5769ms)
✔ stop: actual usage -> breaker -> native teardown -> exact checkpoint -> terminal (1.0106ms)
✔ rejects missing checkpoint (1.1756ms)
✔ rejects foreign Corp proof (0.814ms)
✔ rejects foreign mission proof (1.0018ms)
✔ rejects foreign task proof (1.3553ms)
✔ rejects foreign run proof (1.4077ms)
✔ rejects foreign agent proof (0.9892ms)
✔ rejects foreign runner proof (0.7592ms)
✔ rejects wrong original base (0.7949ms)
✔ rejects changed HEAD (0.6882ms)
✔ rejects changed fingerprint (0.6019ms)
✔ rejects arbitrary JS policy ordering (0.8196ms)
✔ rejects changed write digest (0.6919ms)
✔ rejects changed deliverable digest (0.7078ms)
✔ rejects token in proof (1.0313ms)
✔ rejects live provider (0.5876ms)
✔ rejects wrong adapter (0.8742ms)
✔ rejects foreign event lineage (0.7223ms)
✔ rejects late checkpoint (1.1514ms)
✔ rejects missing usage (0.904ms)
✔ rejects fake cumulative usage (0.7722ms)
✔ rejects wrong breaker metric (1.017ms)
✔ rejects wrong command acknowledgement (1.4345ms)
✔ rejects accepted artifact (0.9621ms)
✔ rejects verification started (1.6118ms)
✔ rejects lost is not completion (0.7653ms)
✔ rejects agent still assigned (0.9282ms)
✔ rejects automatic retry (0.6428ms)
✔ rejects replacement task (0.6485ms)
✔ rejects resume lineage (0.6036ms)
✔ rejects budget override (0.4718ms)
✔ rejects write scope widening (0.5422ms)
✔ rejects policy weakening (0.5042ms)
✔ rejects path outside runner (0.9273ms)
✔ rejects unknown projection strings are not logged (0.7556ms)
✔ rejects non-native none breaker projection is rejected (0.884ms)
✔ rejects accepted evidence row (0.883ms)
✔ full replay, not the bounded snapshot, rejects earlier run.completed (1.0422ms)
✔ full replay, not the bounded snapshot, rejects earlier run.verification_started (1.7498ms)
✔ full replay, not the bounded snapshot, rejects earlier run.verification_evidence (1.0253ms)
✔ full replay, not the bounded snapshot, rejects earlier run.artifact (1.4234ms)
✔ full replay, not the bounded snapshot, rejects earlier run.deliverable (0.6826ms)
✔ full replay, not the bounded snapshot, rejects earlier run.workspace_removed (0.5331ms)
✔ full replay, not the bounded snapshot, rejects earlier run.teardown_uncertain (0.636ms)
✔ visible history and original journal prefix are immutable; no whole-database inference (1.9218ms)
✔ journal bounds, strict ordering, non-contiguous visible sequences and Ready watermark (0.7471ms)
✔ API requests allow only exact scoped snapshot/create/launch, never reset/policy/resume (32.8677ms)
✔ HTTP errors with sensitive bodies are not retried or exposed (0.7254ms)
✔ oversized API responses fail at the byte bound, with no response body in the error (12.6755ms)
✔ native journal API requires a real Ready watermark and refuses partial replay (2.0847ms)
✔ two additive cases checkpoint intent/IDs, retain old history, and pass only after quiet observation (40.0932ms)
✔ baseline counts are dynamic, including completed prior browser-created missions (51.9593ms)
✔ completed checkpoint continuation is read-only and never re-launches either case (50.2432ms)
✔ timeout leaves a live run LIVE with its original ID and never starts a replacement/second case (29.6837ms)
✔ lost create response discovers exact original IDs; intentional continuation sends no duplicate (29.817ms)
✔ uncertain create without an observable result blocks continuation, never replacement (2.1858ms)
✔ lost launch response discovers exact original IDs; intentional continuation sends no duplicate (25.943ms)
✔ uncertain launch without an observable result blocks continuation, never replacement (3.9139ms)
✔ driver failure keeps IDs and failure report; late accepted verification cannot pass (10.9808ms)
✔ saved report cannot change receipt/source/runner/process scope or invent successful authority (1.5099ms)
✔ existing budget-stream keeps its original synthetic 6000-token contract (1208.016ms)
✔ UI budget-stream uses the real 500K preset with explicit synthetic counters (1154.2153ms)
✔ native interrupt prevents later usage and completion in the UI fixture (276.3575ms)
✔ original budget-stream still interrupts before its second usage and scheduled completion (297.7051ms)
✔ queued completion emits exact usage and completed before a subsequent interrupt response (157.3998ms)
✔ actual queued fixture writes base then emits both usages and finish synchronously without timers (3.4096ms)
✔ User/Organization resolver verifies owner and project number without reading items (954.8429ms)
✔ opaque paginated active-only discovery retains 1002 items and exact Issue source (2185.5593ms)
✔ empty pages, invalid cursors and archived cursors never silently restart pagination (1419.8108ms)
✔ quota-only probes accept include flags before/after endpoint and retain plain JSON (686.9357ms)
✔ exact items, memberships and publisher fields support metered and legacy plain callers (1346.1789ms)
✔ configured primary refusal exposes reset headers and recovers exactly at fixture reset (507.7489ms)
✔ secondary failures are finite per-query attempts even with interleaved probes (772.8827ms)
✔ 503 failures expose Retry-After without spending quota or triggering source mutation (348.1237ms)
✔ source-drift hook remains shared across pages, legacy lists and exact reads only (1340.1997ms)
✔ legacy Project edits and publisher PR mutation/recovery semantics are preserved (1065.9846ms)
✔ errors and observation logs never echo credentials, headers, query text or variables (700.0774ms)
✔ invalid quota/failure configurations fail safely and event retention is bounded (1438.9499ms)
✔ parses HTTPS clone URL without resolving redirects (3.2575ms)
✔ parses HTTPS repository URL without resolving redirects (0.3607ms)
✔ parses HTTPS default port without resolving redirects (0.1779ms)
✔ parses SSH SCP URL without resolving redirects (0.2902ms)
✔ parses SSH URI without resolving redirects (0.2499ms)
✔ parses SSH default port without resolving redirects (0.2037ms)
✔ parses SSH alternate port without resolving redirects (0.3392ms)
✔ parses case normalization without resolving redirects (0.2454ms)
✔ parses trailing slash without resolving redirects (1.4212ms)
✔ parses Git output newline without resolving redirects (0.5531ms)
✔ keeps old, transferred and deliberately wrong repositories distinct (0.4916ms)
✔ retains valid repository punctuation (0.2236ms)
✔ rejects missing without disclosing the origin (1.0251ms)
✔ rejects null without disclosing the origin (0.1678ms)
✔ rejects non-string without disclosing the origin (0.1511ms)
✔ rejects empty without disclosing the origin (0.314ms)
✔ rejects bare namespace without disclosing the origin (0.1963ms)
✔ rejects different host without disclosing the origin (0.1955ms)
✔ rejects host suffix without disclosing the origin (0.2079ms)
✔ rejects HTTP without disclosing the origin (0.1935ms)
✔ rejects Git protocol without disclosing the origin (0.2392ms)
✔ rejects HTTPS userinfo without disclosing the origin (0.1761ms)
✔ rejects HTTPS password without disclosing the origin (0.1713ms)
✔ rejects SSH password without disclosing the origin (0.165ms)
✔ rejects non-Git SSH user without disclosing the origin (0.1429ms)
✔ rejects SCP userinfo without disclosing the origin (0.139ms)
✔ rejects SCP prefix not recognized by the runner without disclosing the origin (0.1607ms)
✔ rejects query without disclosing the origin (0.1768ms)
✔ rejects fragment without disclosing the origin (0.1293ms)
✔ rejects extra path without disclosing the origin (0.1877ms)
✔ rejects traversal without disclosing the origin (0.1735ms)
✔ rejects dot owner without disclosing the origin (0.1425ms)
✔ rejects dot repository without disclosing the origin (0.1404ms)
✔ rejects empty repository without disclosing the origin (0.1543ms)
✔ rejects encoded path without disclosing the origin (0.1329ms)
✔ rejects backslash without disclosing the origin (0.1818ms)
✔ rejects multiple origins without disclosing the origin (0.173ms)
✔ rejects oversized origin without disclosing the origin (0.1517ms)
✔ reads only the selected checkout origin with bounded, piped Git output (0.3853ms)
✔ Git failure discards message, cause, stdout and stderr without fallback (0.3058ms)
✔ a successful Git read cannot admit a credential-bearing origin (0.2862ms)
✔ imports actual-shaped retained native success and reproducible external rejection as a candidate only (116.3438ms)
✔ old oracle without physical digest remains explicitly weaker and prompt alignment remains unreviewed (103.149ms)
✔ repeated captures and checker versions of one run do not create independent evidence identities (397.6528ms)
✔ local review digest cannot activate a candidate even with two distinct native runs (215.4534ms)
✔ refuses foreign Corp even with repinned retained files (118.0993ms)
✔ refuses foreign room even with repinned retained files (109.6655ms)
✔ refuses other source even with repinned retained files (111.0345ms)
✔ refuses changed contract source even with repinned retained files (111.6642ms)
✔ refuses missing native checks even with repinned retained files (97.1157ms)
✔ refuses failed test under passed native label even with repinned retained files (99.1151ms)
✔ refuses wrong oracle bytes even with repinned retained files (96.1046ms)
✔ refuses wrong resume identity even with repinned retained files (100.2681ms)
✔ refuses wrong resume ancestry even with repinned retained files (103.201ms)
✔ refuses cancelled run even with repinned retained files (109.1959ms)
✔ refuses substituted before bytes even with repinned retained files (95.698ms)
✔ refuses unknown checker even with repinned retained files (17.5033ms)
✔ hash pins, duplicate JSON keys and traversal are rejected before candidate output (97.7727ms)
✔ directory redirection and oversized files fail closed (149.3096ms)
✔ exact append handles LF and CRLF without normalizing changed source (0.569ms)
✔ external rejection cannot be imported when exact output actually passes (114.5051ms)
✔ CLI reads pinned inputs and creates one new corpus without overwriting source files (292.0159ms)
✔ CLI has one aggregate read budget covering the request, corpus, manifests and retained files (365.5545ms)
▶ local stack owned-process and state regression fixtures
  ✔ identity comes from the live process and binds only the explicit workspace (2.2448ms)
  ✔ wrong timestamps, executable, workspace and malformed records fail closed (0.2356ms)
  ✔ a stale creation record aimed at a live synthetic PID cannot stop it (0.2268ms)
  ✔ stopping the verified root leaves its descendant and an unrelated child alive (0.1751ms)
  ✔ Start accepts working and log directories containing spaces (0.1747ms)
  ✔ Start treats bracketed log directories as literal paths (0.1597ms)
  ✔ Start treats bracketed working directories as literal paths (0.1612ms)
  ✔ failed-start rollback results preserve the original error and require both success signals (0.1759ms)
  ✔ Start preserves literal arguments, spaces, child-only environment and redacted evidence (0.2754ms)
  ✔ repeated role launches retain earlier logs and allocate unique stdout/stderr files (0.3395ms)
  ✔ extracted Launch preserves ownership on save failure (verified rollback) (0.2804ms)
  ✔ extracted Launch preserves ownership on save failure (unverified rollback) (0.1434ms)
  ✔ v2 state round-trips nested records and read preserves exact bytes (0.147ms)
  ✔ corrupt, unsupported and differently scoped state is refused without deleting evidence (0.1791ms)
  ✔ state writes reject traversal, sibling-prefix paths and foreign workspace claims (0.1027ms)
  ✔ state writes reject reparse-point parent directories (0.1064ms)
  ✔ a failed atomic replacement preserves old bytes and removes its temporary file (0.175ms)
  ✔ concurrent synthetic reader observes only complete atomic state generations (0.1384ms)
  ✔ legacy numeric state stays read-only and never authorizes stopping (0.1626ms)
  ✔ cleanup reaps only held synthetic handles and removes only its temporary tree (0.1255ms)
✔ local stack owned-process and state regression fixtures (11098.6924ms)
ℹ PowerShell 7.6.5; 14 synthetic processes reaped; no fixture tree remains
▶ local stack starter source guards
  ✔ starter has no unconditional stop invocation (0.2591ms)
  ✔ starter never passes a database URL as a command argument (0.1639ms)
  ✔ starter forwards the native runner startup-recovery opt-out unchanged (0.1188ms)
  ✔ persisted runner IDs block automatic reenrollment even when offline (0.1185ms)
  ✔ Factory policy paths are canonicalized against the checkout before persistence and launch (0.1122ms)
  ✔ Factory saved connection is retained and passed only as an explicit native option (0.1221ms)
  ✔ live source-ref changes use exact comparison for old and current records (0.1181ms)
  ✔ starter never deletes enrollment or credentials without an explicit reset/rotation guard (0.1152ms)
  ✔ Compose operations are guarded by external-database selection (0.1638ms)
  ✔ stopper does not rediscover or terminate a descendant tree from saved PIDs (0.1114ms)
✔ local stack starter source guards (2941.1621ms)
✔ one checkout serializes commands while another checkout remains usable (7235.5557ms)
✔ explicit restart nesting and failed operations release their native lock (5558.9531ms)
✔ an interrupted command does not leave a stale lock requiring manual cleanup (3500.466ms)
✔ both supported entrypoints use the same operation boundary (22.0327ms)
✔ reported idle remains idle without a pending request (3.6043ms)
✔ reported starting remains starting without a pending request (0.2927ms)
✔ reported working remains working without a pending request (0.2006ms)
✔ reported blocked remains blocked without a pending request (0.2059ms)
✔ reported reviewing remains reviewing without a pending request (0.2153ms)
✔ reported offline remains offline without a pending request (0.251ms)
✔ working station "read" projects reading (0.3169ms)
✔ working station "search" projects reading (0.2572ms)
✔ working station " READ " projects reading (0.2501ms)
✔ working station "Search" projects reading (0.4073ms)
✔ working station "test" projects working (0.2187ms)
✔ working station "build" projects working (0.1941ms)
✔ working station "review" projects working (0.1137ms)
✔ working station "research" projects working (0.1756ms)
✔ working station "bread" projects working (0.1223ms)
✔ working station "break" projects working (0.1216ms)
✔ working station "unknown-tool" projects working (0.108ms)
✔ working station null projects working (0.1134ms)
✔ a stale station does not invent activity for a non-working agent (0.3931ms)
✔ a blocked agent needs an exact current-run approval match (0.2018ms)
✔ an exact current-run pending review is distinct from an action approval (0.2255ms)
✔ unrelated and prior-run pending requests cannot affect the current agent (0.2299ms)
✔ an approval stops affecting an agent as soon as its current run changes (0.2192ms)
✔ null and empty current-run IDs cannot acquire pending request state (0.1736ms)
✔ offline wins even when the recorded current run has both pending requests (0.1664ms)
✔ exact action approval takes precedence over exact review (0.1591ms)
✔ explicit current-run requests do not depend on a blocked display status (0.1931ms)
✔ projection does not mutate agents or request sets or infer state from identity text (1.335ms)
✔ all eight states have distinct labels and factual descriptions (0.5717ms)
✔ roster ordering is stable by ID without mutating the source array (0.3777ms)
✔ renaming or changing activity does not move an existing roster to different seats (0.4918ms)
✔ 0 agents occupy exactly 0 studios without stacked seats (0.3113ms)
✔ 1 agents occupy exactly 1 studios without stacked seats (0.3961ms)
✔ 5 agents occupy exactly 1 studios without stacked seats (0.2362ms)
✔ 6 agents occupy exactly 1 studios without stacked seats (0.2956ms)
✔ 7 agents occupy exactly 2 studios without stacked seats (0.2909ms)
✔ 11 agents occupy exactly 2 studios without stacked seats (0.1841ms)
✔ 12 agents occupy exactly 2 studios without stacked seats (0.1616ms)
✔ 13 agents occupy exactly 3 studios without stacked seats (0.1701ms)
✔ 17 agents occupy exactly 3 studios without stacked seats (0.1536ms)
✔ 18 agents occupy exactly 3 studios without stacked seats (0.1643ms)
✔ 19 agents occupy exactly 4 studios without stacked seats (0.1501ms)
✔ snapshot input reordering preserves page and seat assignment for 18 agents (0.5045ms)
✔ reordering across a partially filled page boundary preserves each agent seat (0.8096ms)
✔ studio dimensions and the six feet anchors match the renderer contract exactly (0.4869ms)
✔ desk access never wraps overflow or invalid indexes onto occupied seats (1.4226ms)
✔ all desk footprints stay above their chairs and never overlap another desk or decor (0.5671ms)
✔ desk 0 has one finite arrival route clear of every workstation (0.702ms)
✔ desk 1 has one finite arrival route clear of every workstation (0.2052ms)
✔ desk 2 has one finite arrival route clear of every workstation (0.1892ms)
✔ desk 3 has one finite arrival route clear of every workstation (0.1669ms)
✔ desk 4 has one finite arrival route clear of every workstation (0.1541ms)
✔ desk 5 has one finite arrival route clear of every workstation (0.1558ms)
✔ route and desk results do not expose shared mutable layout state (0.2405ms)
✔ pending native review distinguishes invalid artifact paths from invalid artifact IDs (109.3285ms)
✔ pending native intent survives acceptance changes and reviewed adoption replays one exact revision (93.9539ms)
✔ pending intent cannot apply and generic native approval cannot authorize exact feedback (44.2556ms)
✔ reviewed feedback refuses adopter as reviewer before a revision (43.1352ms)
✔ reviewed feedback refuses producer as reviewer before a revision (48.7813ms)
✔ reviewed feedback refuses source requester as reviewer before a revision (41.1837ms)
✔ reviewed feedback refuses rejected decision before a revision (51.6104ms)
✔ reviewed feedback refuses future decision before a revision (44.5482ms)
✔ reviewed feedback refuses decision before intent before a revision (36.6ms)
✔ reviewed feedback refuses wrong note digest before a revision (34.9071ms)
✔ reviewed feedback refuses extra note prose before a revision (32.5937ms)
✔ reviewed feedback refuses ordinary human gate before a revision (26.8477ms)
✔ reviewed feedback refuses requester exclusion disabled before a revision (27.9975ms)
✔ native approval cannot excuse changed target task (32.2613ms)
✔ native approval cannot excuse changed target version (35.9451ms)
✔ native approval cannot excuse changed source commit (32.0836ms)
✔ native approval cannot excuse changed artifact identity (25.7196ms)
✔ native approval cannot excuse changed corpus bytes digest (36.9442ms)
✔ native approval cannot excuse changed selected rule digest (34.6303ms)
✔ native approval cannot excuse changed selected guidance (33.5808ms)
✔ native approval cannot excuse changed adopter identity (35.1557ms)
✔ native approval cannot excuse changed replacement effect (30.9703ms)
✔ native approval cannot excuse changed unknown authority field (37.3681ms)
✔ persisted verifier policy and automated evidence drift invalidate the intent independently of acceptance (96.8483ms)
✔ missing or contradictory native rows and capture drift fail closed (29.5499ms)
✔ reviewed apply rechecks the actual decision and preserves ambiguous outcomes and idempotency (55.9326ms)
✔ reviewed apply rejects altered intent bytes and expired proposal without native effects (33.4732ms)
✔ a changed post-effect review remains uncertain and cannot assert a verified binding (35.8037ms)
✔ review intent time bounds are revalidated during accepted-source reconstruction (25.5589ms)
✔ CLI native-review preparation, exact intent selection and apply keep separate raw and canonical hashes (132.9151ms)
✔ prepare is read-only and exposes the exact reference-only change for review (22.2528ms)
✔ an unprefixed objective stays candidate because native composition would change it (27.7693ms)
✔ native normalization fixed points retain description and objective exactly (40.1759ms)
✔ public identifiers and digest selectors reject coercible arrays and objects before effects (22.1919ms)
✔ time, timeout and trusted routing fields require their declared primitive types (30.3469ms)
✔ apply performs one native revision, preserves authority and never launches (27.7545ms)
✔ typed native file selection pins outer provenance and exact decoded corpus while preserving raw compatibility (43.4497ms)
✔ native typed unknown schema field is refused even with matching outer artifact digest (14.2883ms)
✔ native typed missing native schema field is refused even with matching outer artifact digest (19.7581ms)
✔ native typed coercible version is refused even with matching outer artifact digest (15.7709ms)
✔ native typed unsupported archive form is refused even with matching outer artifact digest (16.5167ms)
✔ native typed wrong base is refused even with matching outer artifact digest (14.0799ms)
✔ native typed wrong verifier is refused even with matching outer artifact digest (17.7798ms)
✔ native typed wrong head is refused even with matching outer artifact digest (14.3394ms)
✔ native typed bundle payload is refused even with matching outer artifact digest (20.6189ms)
✔ native typed patch checksum is refused even with matching outer artifact digest (16.5204ms)
✔ native typed patch noncanonical base64 is refused even with matching outer artifact digest (14.2224ms)
✔ native typed selected hash is refused even with matching outer artifact digest (19.6368ms)
✔ native typed selected byte count is refused even with matching outer artifact digest (19.4628ms)
✔ native typed selected file size bound is refused even with matching outer artifact digest (17.5715ms)
✔ native typed selected base64 is refused even with matching outer artifact digest (16.3969ms)
✔ native typed selected symlink is refused even with matching outer artifact digest (17.3645ms)
✔ native typed selected submodule is refused even with matching outer artifact digest (13.446ms)
✔ native typed selected media is refused even with matching outer artifact digest (15.7778ms)
✔ native typed duplicate path is refused even with matching outer artifact digest (21.3459ms)
✔ native typed case alias is refused even with matching outer artifact digest (17.9477ms)
✔ native typed file directory conflict is refused even with matching outer artifact digest (21.7104ms)
✔ native typed traversal is refused even with matching outer artifact digest (20.8418ms)
✔ native typed absolute path is refused even with matching outer artifact digest (24.3687ms)
✔ native typed Windows stream is refused even with matching outer artifact digest (21.438ms)
✔ native typed Windows device is refused even with matching outer artifact digest (18.8643ms)
✔ native typed trailing dot alias is refused even with matching outer artifact digest (21.98ms)
✔ native typed coercible entry path is refused even with matching outer artifact digest (21.273ms)
✔ native typed deleted selection is refused even with matching outer artifact digest (21.1859ms)
✔ typed path selection requires one exact safe file, source role and original outer bytes (31.3353ms)
✔ typed decoded corpus cannot substitute a different well-hashed file or retarget a reviewed proposal (45.1396ms)
✔ typed base64 padding bits are canonical even when permissive decoding preserves the correct bytes (18.3144ms)
✔ same byte-pinned proposal replays its native key without adding guidance or a second revision (34.1774ms)
✔ lost response stays unknown with no automatic retry; exact replay reconciles it (35.856ms)
✔ an HTTP400 after persistence stays unknown and same-key replay confirms one revision (24.1381ms)
✔ live Corp drift refuses before a request (17.668ms)
✔ live room drift refuses before a request (15.8148ms)
✔ live mission drift refuses before a request (14.6582ms)
✔ live task drift refuses before a request (15.9349ms)
✔ live run drift refuses before a request (15.7872ms)
✔ live actor drift refuses before a request (14.5424ms)
✔ live source commit drift refuses before a request (19.0455ms)
✔ live verifier digest drift refuses before a request (18.167ms)
✔ live artifact digest drift refuses before a request (17.7362ms)
✔ an accepted receipt with incomplete bounded evidence remains candidate (22.4854ms)
✔ an observed manual gate must retain its native decision and decider (19.1425ms)
✔ missing native corpus evidence or mismatched actual bytes never borrows an unrelated accepted run (19.2236ms)
✔ typed envelopes, missing review bytes and requested independent review remain explicit candidates (22.4303ms)
✔ UTF-8 reference bounds do not silently truncate valid longer advisory guidance (20.8523ms)
✔ changed target ready status cannot be overwritten (25.5033ms)
✔ changed target existing run cannot be overwritten (24.7149ms)
✔ changed target contract version cannot be overwritten (25.925ms)
✔ changed target budget cannot be overwritten (25.3182ms)
✔ changed target verifier cannot be overwritten (29.9264ms)
✔ changed target source cannot be overwritten (25.0326ms)
✔ changed target source connection cannot be overwritten (25.482ms)
✔ changed target tools cannot be overwritten (27.5573ms)
✔ changed target Corp cannot be overwritten (31.2356ms)
✔ changed target room cannot be overwritten (27.5ms)
✔ changed target origin cannot be overwritten (23.4308ms)
✔ repinned unauthorized proposal changes cannot alter anything except selected references (48.8861ms)
✔ wrong proposal hash, edited corpus/review/receipt, future or expired proposal fails before POST (24.738ms)
✔ expired selected guidance is not rescued by the remaining proposal lifetime (21.9335ms)
✔ expiry crossing during live prechecks is repeated immediately before mutation (23.7706ms)
✔ one total operation deadline cannot be renewed by a slow target precheck (240.2851ms)
✔ duplicate-key or reformatted proposal JSON cannot masquerade as the prepared byte representation (20.9584ms)
✔ source drift after successful mutation is accurately retained as applied (23.6797ms)
✔ source access loss after mutation is never mislabeled refusal-before-effects (24.566ms)
✔ an HTTP error after a request is unknown without transaction-stage evidence and is not retried (22.2268ms)
✔ a contradictory successful response or changed native readback stays unknown (24.0024ms)
✔ exact native target projection refuses filtered context and preserves whole scope (16.6276ms)
✔ file input requires selected exact bytes and fails closed on an oversized or malformed input (28.5048ms)
✔ feedback file reads accumulate short native reads before validating bytes (8.4878ms)
✔ feedback file truncate during short reads fails without a hash pin (6.1332ms)
✔ feedback file grow during short reads fails without a hash pin (6.385ms)
✔ CLI preparation writes new review artifacts and an existing apply receipt refuses before network or effects (58.9033ms)
✔ CLI exits nonzero for refused adoption while preserving its JSON receipt (231.3671ms)
✔ CLI typed prepare explicitly selects the native file and apply has no path override (52.5036ms)
✔ retained native candidate cannot become saved-task guidance or a native revision (23.5479ms)
✔ forged locally activated native evidence cannot become saved-task guidance or a native revision (24.9534ms)
✔ native evidence mixed into an activated typed artifact cannot become saved-task guidance or a native revision (28.1726ms)
✔ receipt whitelists metadata and distinguishes persisted acceptance from optional verifier digests (8.4289ms)
✔ native runner, model and ref metadata preserves valid punctuation, spaces, Unicode and UTF-8 limits (5.0695ms)
✔ native metadata keeps bounded invalid text and malformed source tuples out of receipts (25.7851ms)
✔ native source identity accepts uppercase hexadecimal commits and full bounded repository components (0.873ms)
✔ published native refs and native MIME token punctuation are observed without a custom identifier alphabet (1.1344ms)
✔ historical evidence never borrows the current task verifier policy count (1.4655ms)
✔ conflicting or invalid run-bound check counts remain unknown (3.0875ms)
✔ missing and duplicate check indices cannot establish completeness; malformed indices fail (0.9641ms)
✔ receipt rejects mismatched run Corp (0.6402ms)
✔ receipt rejects mismatched task Corp (0.433ms)
✔ receipt rejects mismatched mission Corp (0.1875ms)
✔ receipt rejects mismatched room Corp (0.179ms)
✔ receipt rejects mismatched exact actor (0.1638ms)
✔ receipt rejects mismatched exact room (0.151ms)
✔ receipt rejects mismatched exact mission (0.146ms)
✔ receipt rejects mismatched evidence task (0.1962ms)
✔ receipt rejects mismatched event room (0.1895ms)
✔ receipt rejects mismatched partial source (0.1601ms)
✔ current-run rejects later same-task runs and tied times, retaining nanosecond ordering (1.2334ms)
✔ typed resume lineage requires same task and producer, and records unavailable ancestors honestly (2.7072ms)
✔ exact recovery count is run-bound; private policy and notes are omitted (0.9661ms)
✔ published-result binds its exact source artifact and hashes opaque source revisions (1.1221ms)
✔ published-result accepts an exact historical publication despite a later same-task run (1.2618ms)
✔ published-result refuses mismatched Factory mission (0.4338ms)
✔ published-result refuses mismatched deliverable task (0.4535ms)
✔ published-result refuses mismatched deliverable source base (0.3998ms)
✔ published-result refuses mismatched run deliverable digest (0.3286ms)
✔ published-result refuses mismatched publication run (0.3275ms)
✔ published-result refuses mismatched provenance mission (0.4073ms)
✔ published-result refuses mismatched provenance source issue (0.3798ms)
✔ published-result refuses mismatched provenance target (0.4278ms)
✔ published-result refuses mismatched recorded PR head (0.3887ms)
✔ published-result refuses mismatched recorded PR repository (0.4226ms)
✔ published-result refuses mismatched recorded PR provenance (0.4187ms)
✔ byte verification rejects tampering and each missing or conflicting native response boundary (1.7122ms)
✔ receipt validator rejects extra content, contradictory acceptance, and mixed origin/artifact roles (5.7481ms)
✔ fingerprint tolerates observation timestamps and detects selected source, contract and artifact drift (2.865ms)
✔ compiled native MCP export performs two captures and downloads only selected-origin artifact IDs (228.8199ms)
✔ artifact retention selection is bounded before reading host configuration (0.9873ms)
✔ compiled native evidence retains only explicitly selected verified bytes and preserves public receipt schema (514.8854ms)
✔ compiled native evidence rejects an unowned artifact selection before any artifact download (76.6336ms)
✔ compiled native evidence never returns retained bytes from a tampered artifact or changed source (240.3589ms)
✔ compiled native exporter keeps opaque runner/model/ref metadata out of every request route (157.2653ms)
✔ compiled native export rejects state drift during its artifact read (158.6608ms)
✔ compiled native export rejects mismatched context before downloading artifacts (77.0897ms)
✔ compiled native export refuses artifact redirects without forwarding credentials (91.2676ms)
✔ compiled native export rejects oversized bodies and withholds HTTP error content (168.4029ms)
✔ compiled native export bounds a stalled exact-context body by its whole-operation timeout (1016.9606ms)
✔ receipt CLI writes a create-only metadata file and a compact redacted summary (840.7487ms)
✔ owned server requires matching executable, creation, endpoint, and workspace (3.4163ms)
✔ manual, remote, stale, or non-owned manifests never authorize restart (0.8098ms)
✔ Windows retains legacy timestamp tolerance and case-insensitive paths (0.4325ms)
✔ legacy Windows identity callers remain supported without weakening explicit checks (1.8687ms)
✔ Linux requires the exact boot/PID/start-tick, executable, cwd/root, and socket binding (4.557ms)
✔ Linux rejects malformed, legacy-Windows, and changed receipts (1.2814ms)
✔ every existing manual port remains denied on Windows and Linux and all loopback hosts (1.8956ms)
✔ remote, credentialed, missing-port, and malformed-scope endpoints fail closed (0.9988ms)
✔ only a complete scoped JSON object is a process receipt (0.8805ms)
✔ proc stat parses the final comm parenthesis and preserves 64-bit start ticks (1.2357ms)
✔ proc stat rejects wrong PID, truncated fields, malformed state, and invalid ticks (0.5231ms)
✔ Linux listener proof intersects the exact port and LISTEN state with PID-owned inodes (1.7368ms)
✔ malformed or unavailable proc network input supplies no ownership authority (0.6994ms)
✔ artifact recovery overrides are child-only and match native numeric bounds (0.8755ms)
✔ probe requires explicit scope and forwards only its scoped credential environment (4.8133ms)
✔ probe summary contains collection counts, never snapshot data or private paths (0.7344ms)
✔ probe permits HTTP only for normalized canonical loopback origins and requires HTTPS elsewhere (13.7705ms)
✔ recovery probe reports only native metadata and never infers missing capability or exposes policy (1.2036ms)
✔ recovery probe rejects malformed work-item IDs before spawning any gateway (0.9426ms)
✔ compiled recovery probe rejects impossible native numeric metadata and preserves exhausted authority (575.6666ms)
✔ compiled recovery tool makes exactly the selected authorized GET in both modes (145.6532ms)
✔ compiled recovery probe selects one context without reading the broad snapshot or exposing private fields (63.118ms)
✔ compiled recovery tool refuses malformed IDs, extra scope or effect arguments before HTTP (136.1024ms)
✔ compiled recovery tool rejects mismatched Corp or work-item responses (302.2204ms)
✔ compiled recovery probe preserves authorization and not-found failures without private diagnostics (223.8207ms)
✔ compiled recovery inspection never follows redirects in either gateway mode (169.9955ms)
✔ compiled recovery inspection caps HTTP bodies even in the legacy write-capable gateway mode (149.6841ms)
✔ compiled read-only MCP completes the real stdio handshake and makes only one scoped GET (93.3769ms)
✔ compiled MCP ignores notifications and denies mutating calls before HTTP while preserving the default catalog (143.3778ms)
✔ compiled MCP keeps malformed omitted-ID objects silent and effect-free (read-only) (66.7387ms)
✔ compiled MCP keeps malformed omitted-ID objects silent and effect-free (unrestricted) (71.4722ms)
✔ compiled probe withholds API error content and enforces its whole-probe timeout (1102.1666ms)
✔ compiled read-only inspection rejects redirects without contacting a second origin (162.144ms)
✔ compiled read-only startup requires every routing variable before serving even initialization (297.2901ms)
✔ compiled read-only flag rejects command-line tokens (split option, CLI only) (78.0267ms)
✔ compiled read-only flag rejects command-line tokens (split option, CLI plus environment) (67.7331ms)
✔ compiled read-only flag rejects command-line tokens (equals option, CLI only) (72.7331ms)
✔ compiled read-only flag rejects command-line tokens (equals option, CLI plus environment) (73.6321ms)
✔ compiled read-only flag accepts only the environment token and exposes the restricted catalog (80.3389ms)
✔ compiled read-only environment rejects command-line tokens (split option, CLI only) (67.3311ms)
✔ compiled read-only environment rejects command-line tokens (split option, CLI plus environment) (71.6505ms)
✔ compiled read-only environment rejects command-line tokens (equals option, CLI only) (71.2287ms)
✔ compiled read-only environment rejects command-line tokens (equals option, CLI plus environment) (65.8678ms)
✔ compiled read-only environment accepts only the environment token and exposes the restricted catalog (75.5043ms)
✔ compiled unrestricted MCP preserves legacy CLI token precedence (split option) (161.8905ms)
✔ compiled unrestricted MCP preserves legacy CLI token precedence (equals option) (141.8739ms)
✔ compiled native read-only HTTP body rejects oversized declared length before end (200) (70.2355ms)
✔ compiled native read-only HTTP body rejects streamed overflow before end (200) (119.6606ms)
✔ compiled native read-only HTTP body rejects oversized declared length before end (403) (83.0064ms)
✔ compiled native read-only HTTP body rejects streamed overflow before end (403) (127.3459ms)
✔ compiled native HTTP body accepts the inclusive read-only limit and preserves unrestricted transport (736.8588ms)
✔ compiled native HTTP body preserves small successful and error response behavior (378.8777ms)
✔ withholds all six source ACKs for each of two native automatic attempts (6.2677ms)
✔ holds all quality ACK duplicates to the same 8-second deadline, preserving bytes (1.8703ms)
✔ gameplay and integration pass source ACKs unchanged (0.5885ms)
✔ native resume passes ACKs and does not consume a third automatic attempt (0.3637ms)
✔ non-source ACK, heartbeat, credential rotation, approval and lifecycle are opaque passthrough (0.5928ms)
✔ rejects foreign or unproven run, Corp and hash before fault decisions (1.8451ms)
✔ assignment rebinding cannot swap a different task, scope or command kind (0.7848ms)
✔ late-ACK release sends one exact original old-run frame once without retagging (0.7144ms)
✔ refuses manual-stack, wrong-repository and missing opt-in config (1.8998ms)
▶ real loopback WebSocket wiring: native schema, ordered forwarding, reconnection and redaction
  ▶ isolated concurrent fixture 1
    ✔ synthetic endpoints require live ownership without relaxing config guards (13.6986ms)
    ✔ persisted owner/name schema binds and stop cannot overtake a pending assignment (61.9411ms)
    ✔ upload byte transparency, ACK withholding and metadata non-disclosure (47.1469ms)
    ✔ a stale snapshot/close callback cannot bind, send or close the replacement connection (157.2236ms)
  ✔ isolated concurrent fixture 1 (446.0123ms)
  ▶ isolated concurrent fixture 2
    ✔ synthetic endpoints require live ownership without relaxing config guards (10.7983ms)
    ✔ persisted owner/name schema binds and stop cannot overtake a pending assignment (63.103ms)
    ✔ upload byte transparency, ACK withholding and metadata non-disclosure (70.3381ms)
    ✔ a stale snapshot/close callback cannot bind, send or close the replacement connection (138.1174ms)
  ✔ isolated concurrent fixture 2 (408.8313ms)
✔ real loopback WebSocket wiring: native schema, ordered forwarding, reconnection and redaction (448.8531ms)
✔ native failure emits only bounded attribution metadata, never report content (221.7606ms)
✔ clean requires native success and a valid empty report (183.3902ms)
✔ workflow-command delimiters are inert while decoded metadata preserves identity (181.7059ms)
✔ empty findings do not hide scanner/tool exit 1 (183.8164ms)
✔ empty findings do not hide scanner/tool exit 2 (182.0673ms)
✔ empty findings do not hide scanner/tool exit 124 (173.6177ms)
✔ empty findings do not hide scanner/tool exit 137 (182.1533ms)
✔ empty findings do not hide scanner/tool exit 255 (170.0243ms)
✔ native success with findings cannot become a passing result (176.1775ms)
✔ missing report fails without echoing input or inventing clean results (181.9231ms)
✔ empty report fails without echoing input or inventing clean results (144.7543ms)
✔ invalid JSON report fails without echoing input or inventing clean results (147.1312ms)
✔ invalid UTF8 report fails without echoing input or inventing clean results (166.1414ms)
✔ null report fails without echoing input or inventing clean results (180.3699ms)
✔ object report fails without echoing input or inventing clean results (149.6303ms)
✔ too many findings report fails without echoing input or inventing clean results (143.9251ms)
✔ oversized report fails without echoing input or inventing clean results (168.4675ms)
✔ non-regular report is rejected before reading (160.047ms)
✔ exact report byte limit accepts valid JSON without truncation (187.2427ms)
✔ exact finding limit is accepted with explicit bounded display (156.2828ms)
✔ exact metadata limits preserve all validated values (178.1883ms)
✔ malformed finding is rejected (null) (162.3909ms)
✔ malformed finding is rejected ([]) (154.4103ms)
✔ malformed finding is rejected (1) (157.345ms)
✔ malformed finding is rejected ("not a record") (171.5869ms)
✔ reject invalid Commit metadata ("main") (171.9854ms)
✔ reject invalid Commit metadata (123) (169.4157ms)
✔ reject invalid Commit metadata ("aaaaaaaaaaaaaaaaaaaaaaaaaaaaaaaaaaaaaaa") (153.936ms)
✔ reject invalid Commit metadata ("aaaaaaaaaaaaaaaaaaaaaaaaaaaaaaaaaaaaaaaaa") (167.0073ms)
✔ reject invalid Commit metadata ("gggggggggggggggggggggggggggggggggggggggg") (170.0242ms)
✔ reject invalid File metadata ("/absolute") (145.616ms)
✔ reject invalid File metadata ("C:\\absolute") (168.7825ms)
✔ reject invalid File metadata ("../outside") (162.9846ms)
✔ reject invalid File metadata ("dir/../outside") (172.473ms)
✔ reject invalid File metadata ("dir//file") (161.4201ms)
✔ reject invalid File metadata ("name\n::error::NON_CREDENTIAL_DIAGNOSTIC_TES) (164.1901ms)
✔ reject invalid File metadata ("\u001b[31mfile") (161.6914ms)
✔ reject invalid File metadata ("‮file") (159.1181ms)
✔ reject invalid File metadata ("xxxxxxxxxxxxxxxxxxxxxxxxxxxxxxxxxxxxxxxxxxxx) (159.9766ms)
✔ reject invalid RuleID metadata ("bad NON_CREDENTIAL_DIAGNOSTIC_TEST_CANARY") (172.5552ms)
✔ reject invalid RuleID metadata ("rrrrrrrrrrrrrrrrrrrrrrrrrrrrrrrrrrrrrrrrrrrr) (160.0347ms)
✔ reject invalid StartLine metadata (0) (151.7016ms)
✔ reject invalid StartLine metadata ("1") (168.1851ms)
✔ reject invalid StartLine metadata (9007199254740992) (141.3118ms)
✔ reject invalid EndLine metadata (2) (173.3579ms)
✔ all findings are validated before bounded display (325.1667ms)
✔ invalid scanner status is rejected (-1) (145.0671ms)
✔ invalid scanner status is rejected (256) (157.9938ms)
✔ invalid scanner status is rejected (1.5) (172.6763ms)
✔ invalid scanner status is rejected () (169.9879ms)
✔ invalid scanner status is rejected (01) (158.0283ms)
✔ invalid scanner status is rejected (NON_CREDENTIAL_DIAGNOSTIC_TEST_CANARY) (163.6776ms)
✔ unexpected arguments are not echoed (177.1913ms)
✔ workflow retains scan scope, redaction, pinning, failure propagation and ephemeral reports (0.3162ms)
✔ relocated doctor checks declared tools through native version commands without leaking ambient secrets or installing (1302.7404ms)
✔ wrong node version produces a failing CLI result (1307.0622ms)
✔ wrong pnpm version produces a failing CLI result (1271.4557ms)
✔ wrong rustc version produces a failing CLI result (1308.642ms)
✔ wrong cargo version produces a failing CLI result (1305.1825ms)
✔ missing package manager fails without falling back to another host command (1067.6476ms)
✔ failed component probes suppress raw stdout and stderr (1193.0976ms)
✔ unrecognized version output is rejected without echoing the command response (1158.1593ms)
✔ an unavailable pinned rustup toolchain fails instead of installing or selecting stable (1204.7142ms)
✔ already selected direct Rust binaries can be verified without rustup (1163.9585ms)
✔ invalid .node-version declaration fails before any command runs (version) (186.3765ms)
✔ invalid package.json declaration fails before any command runs (version) (180.7925ms)
✔ invalid rust-toolchain.toml declaration fails before any command runs (floating Rust) (171.2627ms)
✔ invalid rust-toolchain.toml declaration fails before any command runs (component) (198.1783ms)
✔ unsupported CLI arguments fail before probing tools (161.7899ms)
ℹ tests 1302
ℹ suites 0
ℹ pass 1302
ℹ fail 0
ℹ cancelled 0
ℹ skipped 0
ℹ todo 0
ℹ duration_ms 61631.3786
