$ node --test --test-concurrency=2 --test-timeout=180000 "apps/web/src/**/*.test.mjs" "tools/*.test.mjs"
✔ editor preserves its accessible control names, preview hook, and all six check choices (42.8256ms)
✔ switching check types resets their incompatible fields and retains the rest of the policy (8.1525ms)
✔ every check-field callback retains the selected variant and unchanged checks (14.9786ms)
✔ adding and removing checks preserves tab selection, including external policy shrink and the empty state (16.0219ms)
✔ the 16-check add button limit and oversized-policy feedback are retained (11.6142ms)
✔ manual-gate transitions retain default role ordering, requester exclusion, and explicit removal (13.7175ms)
✔ preview keeps exact check order, manual-role labels, heading overrides, and requester-exclusion guidance (1.8235ms)
✔ Factory exact-run navigation replaces a remembered newer outcome before mission remount (5.3305ms)
✔ run navigation ignores the duplicate activity marker in a hidden Factory tab (15.9492ms)
✔ artifact navigation chooses its exact producer while mission-only navigation preserves the current choice (1.5073ms)
✔ unavailable run/task/mission cannot overwrite remembered evidence or open another run (3.2751ms)
✔ storage failure or obsolete viewer fails closed before navigation (2.6172ms)
✔ explicit navigation writes only the selected viewer scope and only the run identity (1.4285ms)
✔ reload keeps the decided run instead of the other pending review or a newer worker (1.507ms)
✔ remembered evidence is scoped to the API server, Corp, actor and mission (0.3053ms)
✔ missing remembered work never silently substitutes another visible review (0.2698ms)
✔ unreadable or malformed stored context requires explicit selection, not the next review (0.3755ms)
✔ a first visit is distinct from unreadable history; failed writes do not throw (0.2565ms)
✔ only the selected run ID is stored; reviews and authority never enter browser persistence (1.0375ms)
✔ MissionCard scopes remounts, pins initial evidence and fails closed when persistence fails (11.0261ms)
✔ issue210 only the explicit server flag adds correction to a native checkpoint (2.7425ms)
✔ issue210 verifier availability is independent of correction and missing availability preserves legacy behavior (1.1809ms)
✔ issue210 revision source is the exact server-selected verifier, with no cross-item fallback (0.5732ms)
✔ only native proof plus its cancellation marker exposes source-only checkpoint verification (0.3291ms)
✔ a running checkpoint needs no cancellation repair, and ordinary verification failure stays compatible (0.2973ms)
✔ missing/tampered source, checkpoint, head, active recovery or terminal outcome offers no new recovery (0.402ms)
✔ context requests are not recovery grants and never depend on inferred mission spend/status (0.2593ms)
✔ copied command binding retains the saved connection and never falls back on malformed metadata (0.2484ms)
✔ actual presentation selects the endpoint source, not the newest visible run or mission cancellation (117.7752ms)
✔ issue210 presentation separates provider-free verification from a budgeted same-session fix (32.672ms)
✔ issue210 source-only and unavailable checkpoint presentations never suggest generic recovery (37.8233ms)
✔ actual context loader is GET-only and admits the exact item/version/mission checkpoint (50.2793ms)
✔ actual context loader rejects stale/cross-scope and malformed flags without snapshot fallback (211.4345ms)
✔ issue210 actual loader accepts boolean correction flags and defaults missing legacy authority closed (53.3813ms)
✔ issue210 exact loader retains true, false and missing checkpoint availability without granting another mode (44.0453ms)
✔ actual UI action copies only explicit checkpoint verification with the original scope/connection (202.8905ms)
✔ issue210 actual correction action retains the original CLI route, source and connection (386.963ms)
✔ issue210 actual card drops correction authority immediately when item, version or actor changes (354.6834ms)
✔ issue210 actual contract submission uses the scoped verifier, not its provider ancestor (57.3908ms)
✔ issue210 editor loading, errors, stale context and denied correction cannot fall back or submit (318.6963ms)
✔ issue210 ordinary contract resume, redispatch and requester/role boundaries stay intact (109.5609ms)
✔ issue210 actual source-only context copies correction and revises the exact verifier; no-mode context does neither (249.9836ms)
✔ actual resume handler and rendered provider control respect native recovery blocking (8.8784ms)
✔ actual App Resume control survives an ineligible ordinary Factory recovery lookup and uses the native actor-bound POST (298.3216ms)
✔ issue221 explicit provider-correction permission permits null head without granting checkpoint or generic resume (0.8759ms)
✔ issue221 actual context reader retains null head/current provider proof and malformed heads remain non-actionable (402.542ms)
✔ issue221 actual copy/revision actions use only source correction for the latest failed provider with null head (337.358ms)
✔ wrong-first legacy Project 174 cannot displace the selected live lab controller (2.121ms)
✔ every Project/repository/Corp component must match, even with an active-item pointer (0.4785ms)
✔ GitHub owner/repository case and surrounding whitespace normalize independently (0.2591ms)
✔ missing/malformed scope is neutral rather than an empty-scope match (0.2885ms)
✔ the exact active item wins among live controllers in the same scope (0.3069ms)
✔ a current live scope match wins over a stale offline active-item pointer (0.2354ms)
✔ with only offline matches, retain the exact item rather than crossing scope (0.2836ms)
✔ without an item, prefer useful live intake in the current Corp (0.3441ms)
✔ empty/no-match and unavailable explicit selections never borrow another controller (0.3334ms)
✔ heartbeat freshness and stable ID break ties without using array order or mutating inputs (1.7562ms)
✔ snapshot refresh and selected scope changes return the exact new ID/version object (0.367ms)
✔ the actual FactoryPanel resolver feeds displayed state and both action callbacks (18.8952ms)
✔ the actual component guards controller actions, retains role gating and passes the same callback (12.5636ms)
✔ the actual API action handler targets the resolved controller ID and version for all actions (79.3457ms)
✔ the production handler preserves the existing ID-scoped idempotency/version on a lost response (24.3266ms)
✔ primary_rate_limit has a reader-facing reason and an automatic future retry (30.9216ms)
✔ secondary_rate_limit has a reader-facing reason and an automatic future retry (1.0514ms)
✔ graphql_quota has a reader-facing reason and an automatic future retry (0.9817ms)
✔ github_unavailable has a reader-facing reason and an automatic future retry (0.8194ms)
✔ quota, cost and timestamps come from the snapshot, not derived or default budgets (2.2207ms)
✔ equivalent offset timestamps have the same local retry time and boundary (1.0396ms)
✔ at or after the retry deadline, waiting is not presented as a successful retry (1.6582ms)
✔ zero remaining, limit, query cost and failures remain real zeros (0.8019ms)
✔ paused desired state wins without rewriting controller health or promising a retry (1.4074ms)
✔ offline health wins over polling metadata, including an elapsed retry (1.3897ms)
✔ paused and offline together retain both conditions and existing paused precedence (0.8225ms)
✔ absent legacy polling leaves the old strip intact and never fabricates a wait (0.3015ms)
✔ missing or malformed backoff data is unavailable, never zero or an invented deadline (0.461ms)
✔ invalid values are not coerced to numbers or dates and unknown reasons are not rendered raw (2.4011ms)
✔ partial quota data preserves observed zeros while missing fields remain unavailable (0.3256ms)
✔ healthy telemetry does not infer a backoff from a zero quota or failure count (0.4826ms)
✔ UI integration remains read-only, accessible, and uses existing controller controls (23.011ms)
✔ line normalization preserves argument boundaries, literal punctuation, and duplicate values (2.8277ms)
✔ role entry supports commas and CRLF without silently deduplicating or authorizing roles (0.4856ms)
✔ mission projection retains exact task, runner and human control attribution (3.7066ms)
✔ foreign tasks and same-ID foreign-Corp runners cannot supply collaboration state (0.4422ms)
✔ offline retains work without advertising live control or termination (0.4325ms)
✔ connecting retains work without advertising live control or termination (0.3059ms)
✔ a failed snapshot refresh retains exact work without advertising live controls (0.3698ms)
✔ invalid snapshot receipt NaN cannot advertise live controls (0.298ms)
✔ invalid snapshot receipt Infinity cannot advertise live controls (0.245ms)
✔ invalid snapshot receipt 0 cannot advertise live controls (0.1886ms)
✔ invalid snapshot receipt -1 cannot advertise live controls (0.2242ms)
✔ expired/malformed lease 2026-09-16T11:59:00Z cannot claim a controller (0.4539ms)
✔ expired/malformed lease 2026-09-16T12:00:00Z cannot claim a controller (0.2273ms)
✔ expired/malformed lease bad cannot claim a controller (0.1533ms)
✔ verifying has recorded evidence but no provider controls (0.2955ms)
✔ completed has recorded evidence but no provider controls (0.0986ms)
✔ lost has recorded evidence but no provider controls (0.1316ms)
✔ cancelled has recorded evidence but no provider controls (0.0953ms)
✔ a provider-free run and a superseded agent assignment expose no live controls (0.2155ms)
✔ runner grace and offline remain distinct; neither supplies human presence (0.2278ms)
✔ review links bind exact run/task and explain role and requester exclusion (0.3678ms)
✔ missing and historical identities never become fabricated named owners or current controllers (0.1809ms)
✔ draft cache survives surface remounts but never crosses Corp/actor/room/mission (0.3397ms)
✔ actual component navigation only requests exact context; rendering sends no commands (13.2255ms)
✔ actual disconnected component retains readable evidence with an explicit warning (1.7153ms)
✔ actual failed-refresh component distinguishes stale data from a disconnected transport (1.3132ms)
✔ actual component rejects missing receipt freshness and restores controls after a successful refresh (3.9609ms)
✔ App preserves main snapshot metadata and exact-run navigation while passing numeric receipt freshness (5.639ms)
✔ App embeds existing scoped discussion and pins evidence before exact-run navigation (3.3839ms)
✔ late completion notifies remounted composers without clearing a newer or same-text draft (0.7878ms)
✔ late operation acknowledgment cannot clear a replacement idempotency key (164.0215ms)
✔ actual App selection never substitutes another mission after the selected record disappears (105.364ms)
✔ actual briefing navigation has a visible destination for legacy empty descriptions (86.0806ms)
✔ verification checks do not change launch intent (1.4325ms)
✔ review navigation cannot turn its click into a form submission (0.263ms)
✔ ordinary application setup cannot silently fall back to the fake runtime (0.4688ms)
✔ composer uses two clear steps and starts with an empty goal (0.2952ms)
✔ advanced settings and detailed requirements are optional disclosures (0.7974ms)
✔ closing setup preserves the draft and returns to existing mission context (0.6833ms)
✔ explicit links to existing work reveal it without erasing an open draft (0.5576ms)
✔ native creation and explicit held-plan behavior remain unchanged (0.2352ms)
✔ review keeps the exact source and current server-derived allocation visible (0.5838ms)
✔ scope requires four explicit bounded identities and cannot mutate after submission (3.5773ms)
✔ current origin binds the exact view instance, not just equal IDs (0.5001ms)
✔ read issues exactly one encoded, uncached GET with cancellation and no body (11.4564ms)
✔ Direct accepts only exact returned linkage and drops unexpected hidden fields (1.9042ms)
✔ Factory retains only the validated work item, repository, issue number and exact URL (104.809ms)
✔ all four response identities must echo the bound request exactly (31.2356ms)
✔ missing, malformed and older origin responses never become Direct (2.5357ms)
✔ Factory fields are required and null or missing metadata is never partly accepted (3.0008ms)
✔ Factory rejects invalid work-item identities, repository paths and issue numbers (5.2576ms)
✔ only the raw HTTPS GitHub issue URL matching returned repository and number is accepted (5.1811ms)
✔ mixed-case owner/repository URLs match normalized identity and retain display case (1.2252ms)
✔ valid case-preserving repositories and positive safe issue numbers remain verbatim (0.679ms)
✔ old endpoints, denied authorization and transport failures stay unavailable without raw errors (1.5155ms)
✔ a synchronous API failure is contained and clears the read timer (0.6888ms)
✔ timeout aborts an unsettled read and suppresses both late success and late failure (1.1258ms)
✔ a settled success or failure cannot be overwritten by an already queued timeout (0.8344ms)
✔ cancellation before the scheduled read prevents even the GET (0.9361ms)
✔ in-flight cancellation ignores transports that resolve or reject after abort (0.7692ms)
✔ component reads once for a valid view and renders truthful Direct copy in one styled paragraph (17.1813ms)
✔ component links only a fully validated Factory response, not extra returned fields (3.2152ms)
✔ all four operating roles may read; guests, spectators and unknown roles never request context (12.6692ms)
✔ invalid or absent scope props render the conservative fallback without requesting (13.5693ms)
✔ failed exact reads preserve #185 positive or unknown fallback without inventing links or hiding failure (11.2278ms)
✔ a failed origin lookup can be retried explicitly without changing the work identities (4.0787ms)
✔ Corp, actor, room and mission changes hide old success and errors before effect cleanup (11.3887ms)
✔ late success and errors from a replaced request cannot update the current component (13.2582ms)
✔ leaving and returning to identical IDs cannot revive an earlier success or failure (3.2227ms)
✔ same-ID reopened pending requests ignore the original response and error after current denial (3.1327ms)
✔ a guest transition revokes displayed source data and returning operators must read again (2.2193ms)
✔ operating-role and API changes also invalidate old privileged context (2.6617ms)
✔ unmount cancels the read and a fresh mount with identical IDs cannot inherit its outcome (2.9174ms)
✔ one builder preserves the complete current creation payload and retained settings (4.6399ms)
✔ provider defaults, supported reasoning and commit-branch semantics match submission (0.5418ms)
✔ existing deterministic fixture semantics are not converted into provider settings (0.5063ms)
✔ scope freezes the exact serialized body and rejects an actor mismatch (0.9506ms)
✔ every request field, Corp and actor invalidate an earlier quote (1.3616ms)
✔ preview debounces, uses the exact creation body, and calls only the read-only preview POST (11.7904ms)
✔ an edit or closing the composer before debounce starts no request (0.507ms)
✔ an invalidated request is aborted and cannot publish a late successful quote (2.2027ms)
✔ late errors after actor/Corp change or unmount cannot replace the new preview (1.7766ms)
✔ editing away and back still requires a fresh request, not a revived quote (1.3784ms)
✔ allocations are displayed verbatim from the server, not a frontend Studio formula (1.1177ms)
✔ missing or mismatched quote fields never become a current allocation (2.2762ms)
✔ an absent preview endpoint gives a useful failure state without inventing allocations (1.4492ms)
✔ preview response is bounded to eight tasks without reallocating server budgets (1.4071ms)
✔ unknown, self, duplicate and oversized dependency references remain unknown allocations (1.3728ms)
✔ retry clears an old failure immediately and can accept a fresh quote (2.2883ms)
✔ timeout clears the quote, aborts the request and ignores a late response (1.0843ms)
✔ App shares the request body, invalidates keyed preview instances and retains native Launch (6.2349ms)
✔ mission selection and Discuss use the authoritative non-first owning room (1.8461ms)
✔ mission, task, run and artifact deep links resolve to the same owning room (0.4233ms)
✔ an explicit room deep link and all-discussion view stay in that room (1.4691ms)
✔ stale, missing and older mission/room projections never fall back to the first room (0.3485ms)
✔ related work is limited to the selected room and mission, not a fixed item count (2.1708ms)
✔ messages are room-filtered before mission links and out-of-order reply ancestry (1.1408ms)
✔ valid room, mission and inherited reply submissions retain the same scope (0.7878ms)
✔ stale actor, Corp, room and mission scopes cannot submit or complete a newer draft (0.4048ms)
✔ a disappearing mission or owning room fences previously valid submissions (0.4009ms)
✔ foreign, missing or stale links and replies cannot silently become general comments (0.6835ms)
✔ guest-shaped and missing Factory projections do not establish Direct origin (0.7091ms)
✔ a mission older than the 500-item Factory window remains origin-unknown (0.5735ms)
✔ a positively matched visible Factory item retains its issue attribution (0.3004ms)
✔ known publication/recovery linkage is generic when intake details are unavailable (0.4518ms)
✔ projection helpers preserve the authoritative input and do not retain hidden origin data (0.4163ms)
✔ the UI uses the tested projection and submission helpers on both discussion entry paths (19.1193ms)
✔ scope requires every explicit identity and repository and freezes the view generation (3.9125ms)
✔ the exact scope object, not equal IDs or a prior A -> B -> A view, selects the load (0.5319ms)
✔ one encoded GET is uncached, abortable and body/header/credential free (10.08ms)
✔ published DTO retains only bound result metadata and leaves raw input untouched (2.0341ms)
✔ only explicit null publication in a correctly scoped response is known absence (3.234ms)
✔ item and publication scope mismatches never expose links or known absence (6.9768ms)
✔ publication source issue matches the work item without equating authorizer, revisions or checkpoint generations (1.1637ms)
✔ publication and artifact identity tuples plus full digests must all match (2.387ms)
✔ missing, duplicate and unrelated-first deliverables cannot substitute a result (1.1278ms)
✔ native provenance identity, source/target branches and digests are checked without retaining authority (4.2724ms)
✔ raw GitHub PR URLs allow native slash suffixes but retain exact repository and number checks (6.4497ms)
✔ owner/repository display case is preserved while full hex values compare by bytes (0.9092ms)
✔ PR state, exact head, owner, recorded metadata and phase cannot contradict each other (2.0888ms)
✔ download metadata rejects controls, external/native paths, malformed hashes and invalid sizes (10.7591ms)
✔ pending, PR-created, published and failed publication are distinct without claiming a live app (2.1638ms)
✔ only a different valid pinned run is a mismatch; same-run contradictions stay unavailable (0.8144ms)
✔ loading, denied and stale contexts cannot become a result or known absence (0.6068ms)
✔ denials, missing endpoints and sync/async transport failures stay unavailable without raw errors (1.1073ms)
✔ timeout aborts and suppresses late successes and failures without retries (0.9477ms)
✔ queued timeout callbacks cannot overwrite a settled success, absence or denial (0.6761ms)
✔ cancellation before start issues no GET; in-flight cancellation publishes no late data (0.7926ms)
✔ new same-ID generation remains unavailable after denial despite a prior response completing later (0.4692ms)
✔ requester summary does not ask for a forbidden independent decision (2.929ms)
✔ wrong-role summary explains the existing role requirement (1.6894ms)
✔ eligible independent reviewer keeps the review invitation (1.4606ms)
✔ human gate without requester exclusion still allows the requester (1.4402ms)
✔ completed result does not inherit a pending-review restriction (1.8057ms)
✔ fresh human-only bootstrap can select a runner runtime before any crew exists (3.9385ms)
✔ retired and legacy identities neither enable nor suppress advertised runtimes (0.4676ms)
✔ studio requires the exact selected source on a connected runner, not another repository (0.5508ms)
✔ source repository and commit matching are case-insensitive but ref matching is exact (0.4699ms)
✔ unavailable runtimes and non-runtime capabilities are not mission options (0.3904ms)
✔ catalog merging prefers an enabled model without changing the source snapshot (1.5781ms)
✔ unscoped status and crew include ready connection-bound runtimes, but dispatch keeps its exact binding (1.0032ms)
✔ studio always selects Copilot even when another runtime was requested (0.2065ms)
✔ studio does not fall back to another provider or an unavailable Copilot runtime (0.5472ms)
✔ solo selection and deterministic fixtures retain their runtime contracts (0.5347ms)
✔ a disappearing explicit runtime cannot silently switch provider with stale model settings (0.2728ms)
✔ studio uses enabled Copilot model settings or an explicit provider default (0.3585ms)
✔ fixtures ignore hidden provider model settings (0.1856ms)
✔ normal UI bootstrap opts out of seeded crew without changing fixture tooling (14.7971ms)
✔ runtime character descriptors match the shipped manifest, PNG dimensions, and original file bytes (47.3642ms)
✔ named characters and stable worker identities retain their appearance across reordered snapshots (1.3601ms)
✔ numeric roster positions wrap without producing missing characters, and invalid numbers use the default (0.3175ms)
✔ walking uses the original three poses in a 0,1,2,1 cycle at the 150ms boundaries (0.6631ms)
✔ idle, typing, reading and facing use the actual source-sheet rows and columns (0.4191ms)
✔ invalid or negative animation time selects the first pose without invalid source coordinates (0.2057ms)
✔ every animation and direction remains inside a real sheet after long-running animation (0.4435ms)
✔ default floor distinguishes connected workers from offline and test registrations (2.2917ms)
✔ omitted and null retirement fields keep legacy and mission identities available (0.2654ms)
✔ every non-null retirement excludes an identity regardless of pin, date, or reported work (0.4512ms)
✔ retired identity remains resolvable in the unmodified historical snapshot (0.2696ms)
✔ retiring the selected agent falls back to current crew, including the empty-roster case (0.3774ms)
✔ pagination filters retirement before assigning seats without mutating order (0.5586ms)
✔ idle does not become working or reviewing from a stale station or pending run request (0.3199ms)
✔ working and blocked status still derive from exact server state and current-run requests (0.2127ms)
✔ #154: a selected worker on a later studio is located on initial mount and selection changes (0.4294ms)
✔ #154: studio lookup follows retirement repagination, not stale seat indexes (0.6005ms)
✔ #154: manual paging survives snapshots, but another selected agent resets page and zoom (0.6201ms)
✔ #154: retirement moving the selected agent to a different page resets the camera (0.2939ms)
✔ #154: mounting or remounting the same starting run never fabricates an arrival (0.2856ms)
✔ #154: only an observed new active run can animate once, and reduced motion wins (0.64ms)
✔ #154: blocked work takes recovery priority over both idle and ordinary active work (0.441ms)
✔ #154: exact approvals keep priority, and only an unblocked empty floor offers new work (0.238ms)
✔ history inspectors retain the full snapshot while the floor uses current identities (14.9129ms)
✔ Factory activity prioritizes the exact outcome review, then tool approval, before newer work (4.7972ms)
✔ selection ignores terminal, denied and foreign tool approvals without inventing a run (0.3293ms)
✔ terminal runs cannot become reviewable or active from dangling pending decision records (26.0163ms)
✔ live task, agent, control, timestamps and safe activity come from one scope without mutation (1.2543ms)
✔ a stale Running intake never claims that a cancelled provider is active (0.9754ms)
✔ pending exact-run outcome review is distinct from an active provider and completion (0.686ms)
✔ tool authority and unavailable decision context do not become outcome approval (1.5758ms)
✔ a completed run is not automatically a completed mission or published application (0.7927ms)
✔ retained data cannot claim current execution: {"connection":"offline"} (0.7198ms)
✔ retained data cannot claim current execution: {"connection":"connecting"} (1.0034ms)
✔ retained data cannot claim current execution: {"snapshotFailed":true} (0.5455ms)
✔ retained data cannot claim current execution: {"snapshotReceivedAt":null} (1.5997ms)
✔ grace, offline and wrong-Corp runner records cannot establish provider liveness (1.4657ms)
✔ runner loss and uncertain teardown remain unknown until a positive termination receipt (1.1632ms)
✔ verifier-only runs never appear as a running model (0.7405ms)
✔ quarantine and protected stops stay prominent even with stale transport (1.9821ms)
✔ failed verification, cancelled work and unknown execution modes remain explicit (1.1107ms)
✔ missing, duplicate or foreign task context cannot fall back to another run (0.746ms)
✔ activity is scoped, deduplicated, ordered, bounded and never reveals raw payloads (2.3205ms)
✔ missing start, invalid clocks and backwards timestamps do not invent a duration (0.9117ms)
✔ expired leases and foreign attribution do not display an active controller (0.8445ms)
✔ actual React detail component reuses current classes, native disclosure and escaped text (23.6508ms)
✔ the Factory integration uses the existing exact-run selector, scoped snapshot and old callbacks (3.1975ms)
✔ a burst of 1000 streamed events schedules one snapshot instead of 1000 requests (2.626ms)
✔ events arriving during a request produce exactly one trailing snapshot (6.4314ms)
✔ the final event during the trailing request is not dropped (1.3403ms)
✔ disposing before a scheduled refresh prevents any fetch (0.5387ms)
✔ disposing an actor/Corp scope aborts its request and drops trailing work (2.2704ms)
✔ refresh failures are handled and a later event can still refresh (0.9381ms)
✔ a disposed scope does not report an obsolete aborted read as a new UI error (0.9995ms)
✔ websocket events use the coalescer and cleanup cancels its read scope (4.1725ms)
✔ initial connection is bounded, cancellable and offers retry rather than mission restart (2.5023ms)
✔ actual App presence polling only runs for open connection-dependent views, without reconnecting the event socket (270.3338ms)
✔ artifact defaults retain the current wire shape and do not share mutable values (2.9571ms)
✔ file defaults retain the current wire shape and do not share mutable values (0.2237ms)
✔ command defaults retain the current wire shape and do not share mutable values (0.2001ms)
✔ test defaults retain the current wire shape and do not share mutable values (0.1936ms)
✔ json_schema defaults retain the current wire shape and do not share mutable values (0.2615ms)
✔ screenshot defaults retain the current wire shape and do not share mutable values (0.1838ms)
✔ check summaries preserve paths, argument boundaries, byte floors, JSON keys, and rounded timeouts (18.8301ms)
✔ array summaries distinguish item boundaries and preserve exact argument and key values (0.4947ms)
✔ byte-counted summaries use singular byte only for the one-byte floor (0.6528ms)
✔ empty and oversized policies remain invalid, with the 16-check boundary accepted (0.8117ms)
✔ invalid byte floor 0 is reported for every byte-counted check (0.533ms)
✔ invalid byte floor -1 is reported for every byte-counted check (0.121ms)
✔ invalid byte floor NaN is reported for every byte-counted check (0.1302ms)
✔ invalid byte floor Infinity is reported for every byte-counted check (0.0877ms)
✔ validation preserves check order and reports missing paths, programs, timeout bounds, and JSON keys (0.4293ms)
✔ manual gates require allowed roles without changing requester-exclusion semantics (0.2866ms)
✔ preserves the existing advisory-validator scope; server schema/path authorization remains authoritative (0.8372ms)
✔ check transformations create new drafts while retaining unchanged evidence checks and gate identity (0.4446ms)
✔ gate transitions preserve checks and retain current deliberate resets even when reselecting a gate type (0.3097ms)
✔ verification labels retain their current wording and fallback formatting (0.2681ms)
✔ WorkResultCard exposes its status and supplied content with metadata collapsed by default (15.5046ms)
✔ ready PR retains its exact URL and only an explicit download invokes the matching callback (17.0348ms)
✔ loading, unavailable and no-publication states do not fabricate a PR or perform actions (5.9436ms)
✔ a historical review mismatch changes selection only through explicit Go to delivered result (3.3609ms)
✔ an unavailable delivered-run target preserves the historical selection and only offers refresh (261.7243ms)
✔ a failed publication with a recorded PR remains inspectable without being labeled Published (9.6211ms)
✔ Published is not merged or deployed and its collapsed details never invent a running preview (9.5421ms)
✔ expired artifact retention does not hide an existing PR or replace server download validation (14.6391ms)
✔ actual hook hides prior result before cleanup and aborts on each exact scope change (63.1136ms)
✔ actual hook fences late success and failure before cleanup and after replacement (25.9269ms)
✔ actual hook close and reopen with identical IDs cannot revive old ready or pending data (29.421ms)
✔ actual hook treats positive revision as one refresh hint and never retries failure on render (55.2665ms)
✔ actual App origin-unavailable branch offers manual Refresh work context with no PR CTA (15.3572ms)
✔ actual App first-hop retry exposes the authorized result without moving pinned evidence (29.3993ms)
✔ actual App fallback reports unavailable review details for an unresolved run or request (15.5314ms)
✔ actual work pickers retain a deep-linked historical mission outside the recent eight (103.9014ms)
✔ actual work pickers do not duplicate a recent selection or invent an absent mission (89.1678ms)
✔ related work includes the third mission, task, run and artifact (2.5531ms)
✔ work links name the actual work rather than presenting only opaque IDs (0.3336ms)
✔ related options deduplicate repeated snapshot references (0.4009ms)
✔ mission discussion retains nested replies, including out-of-order snapshots (2.8377ms)
✔ task, run and artifact comments inherit the owning mission only (0.489ms)
✔ unlinked cycles and missing ancestors cannot manufacture mission context (0.3396ms)
✔ context helpers leave authoritative messages and work objects unchanged (0.3411ms)
✔ work selection follows the owning authorized mission and rejects unknown links (0.3057ms)
✔ human review and automated verification are not advertised as live model sessions (0.4376ms)
✔ enterprise task labels explain the legacy studio lane keys (0.5104ms)
✔ review eligibility explains requester exclusion without bypassing the policy (0.5542ms)
✔ a pending evidence review selects its run rather than a newer active worker (0.4527ms)
✔ a tool-approval wait cannot hide a different pending evidence review (0.2081ms)
✔ review selection rejects mismatched tasks, terminal runs and non-pending requests (0.2632ms)
✔ explicit evidence selection stays bound to that run and cannot inherit another review (0.2195ms)
✔ unselected evidence follows remaining reviews and retains snapshot order without mutation (0.2338ms)
✔ a decided run remains selected until the operator deliberately chooses the next review (0.1711ms)
✔ mission UI binds evidence and decisions and pins the target before submitting (15.8136ms)
✔ runner revision is stable for reordered equivalent records without sorting the input (4.0286ms)
✔ runner revision ignores heartbeat, display and capability churn (0.4169ms)
✔ runner revision changes only when lifecycle identity or presence records change (0.428ms)
✔ offline presence requests revalidation without rewriting endpoint readiness (0.4328ms)
✔ reconnect mismatch remains a hint until the endpoint itself returns ready presence (0.469ms)
✔ unknown presence is false and same-ID foreign runners cannot supply presence (0.3485ms)
✔ presence hints never promote or erase native sign-in and installation states (2.133ms)
✔ revision and presence helpers leave source, models, identity and selection immutable (0.8607ms)
✔ saved choice and source remain present while its machine is offline (0.423ms)
✔ ready metadata alone cannot borrow another connection or source for dispatch (0.5372ms)
✔ connection UI identity is scoped to actor and room (0.2982ms)
✔ native sign-in instructions cannot navigate to another host or credential-bearing URL (0.3515ms)
✔ accepts matching current contracts, aliases, CRLF and historical prose outside markers (94.0512ms)
✔ rejects added source validation command and reports expected and actual (68.6166ms)
✔ rejects removed source validation command and reports expected and actual (77.3243ms)
✔ rejects reordered source validation command and reports expected and actual (77.8981ms)
✔ rejects changed documented commands; correcting the documented sequence restores passing (122.1147ms)
✔ accepts quoted literal Node globs through aliases while preserving quoted versus shell-expanded arguments (117.0507ms)
✔ rejects a source SDK bump until both current compatibility docs are updated (84.3951ms)
✔ rejects a source CLI bump until both current compatibility docs are updated (93.2071ms)
✔ rejects missing opening marker instead of silently dropping a required documentation contract (66.0705ms)
✔ rejects missing closing marker instead of silently dropping a required documentation contract (67.4792ms)
✔ rejects duplicate block instead of silently dropping a required documentation contract (87.9219ms)
✔ rejects reversed markers instead of silently dropping a required documentation contract (72.602ms)
✔ rejects inline marker instead of silently dropping a required documentation contract (64.5971ms)
✔ requires every current runtime contract and a single SDK and CLI claim inside each (57.2131ms)
✔ rejects missing root alias in the authoritative command sequence (79.9462ms)
✔ rejects cyclic root aliases in the authoritative command sequence (65.6242ms)
✔ rejects shell pipeline in the authoritative command sequence (69.2359ms)
✔ rejects quoted shell expansion in the authoritative command sequence (60.5168ms)
✔ rejects empty command in the authoritative command sequence (65.0413ms)
✔ rejects unsupported alias arguments in the authoritative command sequence (63.0559ms)
✔ rejects unknown documented aliases and malformed command fences (62.5558ms)
✔ reports missing required documents and an invalid source manifest without silently skipping them (65.047ms)
✔ fails closed for unconstrained SDK dependency (61.6482ms)
✔ fails closed for SDK pin in wrong table (62.6398ms)
✔ fails closed for duplicate SDK declaration (73.2849ms)
✔ fails closed for missing named runtime constant (66.1848ms)
✔ fails closed for duplicate runtime constant (64.9577ms)
✔ relocated CLI resolves its own repository, executes no documented command, and exits nonzero for drift (414.2624ms)
✔ checkpoint fixture produces a complete, independently tested local application (416.8132ms)
✔ read-only executable hashing accepts Cargo/Git hardlinks without relaxing source isolation (31.4095ms)
✔ exact terminal metadata produces actionable failure and missing-evidence findings using GET only (28.5116ms)
✔ listed artifact is run-scoped metadata and never establishes content or attempt verification (2.6291ms)
✔ refuses active parent (1.2047ms)
✔ refuses wrong repository (0.5154ms)
✔ refuses foreign head repository (0.6063ms)
✔ refuses different workflow (0.4334ms)
✔ refuses different head (0.3162ms)
✔ refuses different attempt (0.3508ms)
✔ refuses job from other attempt (0.8336ms)
✔ refuses job from other head (0.8278ms)
✔ refuses duplicate job (0.6483ms)
✔ refuses unfinished job (0.4014ms)
✔ refuses foreign artifact (0.6204ms)
✔ refuses excess artifacts (1.6836ms)
✔ complete bounded job pagination is required and supported (11.9151ms)
✔ pagination total drift and final run drift refuse a completed observation (1.6314ms)
✔ expired artifacts and unexplained parent failure remain reviewable rather than passing (1.0024ms)
✔ same-source replay is a no-op; changed facts retain revisions and mark no-longer-observed findings (3.8389ms)
✔ previous hash tampering refuses before network reads (0.3011ms)
✔ forged previous findings fail integrity or semantic reconstruction; source changes require a new scope (3.439ms)
✔ newer prior observations and attempts do not flow backward (4.6729ms)
✔ secret-bearing fields and supplied links never enter a receipt or executable Markdown (1.4294ms)
✔ native read budget rejects alternate endpoints, oversized metadata and late responses (1.2051ms)
✔ omitting all required jobs cannot turn one replacement success job into a complete maintenance result (0.7879ms)
✔ required skipped job needs review even when an earlier run artifact is listed (0.7299ms)
✔ required neutral job needs review even when an earlier run artifact is listed (0.744ms)
✔ failed GETs consume the finite shared admission budget without retries (0.8587ms)
✔ CLI writes new bounded files and refuses output reuse; failures retain no raw API error (67.652ms)
✔ hosted context binds default observer branch, event and exact parent; local mode makes no hosted claim (28.8612ms)
✔ CLI accepts only bounded exact selection and a complete prior pin (0.8106ms)
✔ CI workflow: exact Windows runner failure produces a scoped read-only handoff (2.1553ms)
✔ CI workflow: complete successful jobs need only their own declared report artifacts (1.6167ms)
✔ CI workflow: required artifact-free jobs remain required and must execute (1.4384ms)
✔ Repository checks retains its published contract and previous-receipt no-op semantics (2.5293ms)
✔ CI completeness refuses skipped artifact-free required jobs (1.416ms)
✔ CI completeness refuses neutral artifact-free required jobs (2.2716ms)
✔ CI completeness rejects replacement jobs and requires only CI report metadata (2.297ms)
✔ CI observation is not a parent-pass claim and does not inspect diagnostic artifacts (1.2282ms)
✔ workflow profiles cannot reuse each other's receipts even at the same source (4.1641ms)
✔ CI identity refuses unknown workflow path (0.4872ms)
✔ CI identity refuses workflow-ID substitution (0.4618ms)
✔ CI identity refuses workflow-name substitution (0.3577ms)
✔ CI identity refuses workflow-path substitution (0.3151ms)
✔ CI identity refuses foreign repository (0.2323ms)
✔ CI identity refuses fork head repository (1.0301ms)
✔ CI identity refuses wrong source head (0.2307ms)
✔ CI identity refuses wrong attempt (0.484ms)
✔ CI identity refuses active CI parent (0.2917ms)
✔ reader allowlist admits exactly the two workflow metadata routes (0.3607ms)
✔ hosted CI event binds workflow identity to the selected native parent (87.1168ms)
✔ workflow trigger keeps trusted observer checkout and read-only scopes for both producers (16.7797ms)
✔ consumer rereads native state using trusted routing and tolerates only observation timing changes (8.182ms)
✔ consumer refuses task contract revision drift in a fresh observation (1.5876ms)
✔ consumer refuses source base commit drift in a fresh observation (0.7599ms)
✔ consumer refuses verifier digest drift in a fresh observation (0.8449ms)
✔ consumer refuses another actor scope drift in a fresh observation (2.114ms)
✔ explicit run and mode selections fail before contacting a server (0.9646ms)
✔ denied or unavailable current data does not fall back to a previously passing receipt (0.6317ms)
✔ a matching failed native outcome cannot be consumed as accepted completion (1.1263ms)
✔ file consumption requires the exact expected byte hash and a bounded valid receipt (38.4201ms)
✔ receipt file reads accumulate short native reads before validating bytes (33.9052ms)
✔ receipt file truncate during short reads fails before parsing (6.7559ms)
✔ receipt file grow during short reads fails before parsing (11.7748ms)
✔ framed stat metadata survives arbitrary chunk boundaries without payload disclosure (2.604ms)
✔ unrelated RPCs and read-file contents are not recorded (1.6078ms)
✔ a response ID type change is visible without recording identifier values (0.435ms)
✔ oversized frames are skipped without parsing nested payload text as requests (0.3944ms)
✔ optional wire observation forwards exact bytes and drains the child (375.8621ms)
✔ a matching request needs a durable rejection and settled run (1.4989ms)
✔ terminal provider without permission is inconclusive, never a pass (1.315ms)
✔ a rejected but unrelated permission does not satisfy the requested boundary (0.2169ms)
✔ approval acceptance, expiry or missing persisted decision cannot pass (0.3588ms)
✔ a decision or final run from another identity is rejected (0.3312ms)
✔ a provider that has not settled cannot pass the boundary (0.2385ms)
✔ all independent boundary results are required for complete coverage (1.6666ms)
✔ later passing cases remain visible after an earlier inconclusive case (0.2704ms)
✔ duplicate, unknown and malformed results cannot manufacture complete coverage (1.7836ms)
✔ accepts an exact seed and credential-free children of the owned runner (4.0474ms)
✔ a marker elsewhere or an arbitrary GITHUB_TOKEN is not a proven seed (1.7502ms)
✔ absent, ambiguous or foreign runner seed records cannot establish the precondition (1.2796ms)
✔ runner seed booleans must be explicit, not truthy or absent (1.3718ms)
✔ missing spawn and undefined parent IDs cannot accidentally correlate (0.5854ms)
✔ runner spawn must be unique, current and tied to the owned observer (0.9599ms)
✔ a seed observed only after runner spawn cannot prove the launch precondition (0.3716ms)
✔ missing or foreign provider observations cannot satisfy the required count (1.6026ms)
✔ a wrong-parent provider is rejected rather than silently filtered out (0.5027ms)
✔ provider identity and absence booleans must be explicit and valid (1.3304ms)
✔ missing ownership and zero or malformed minimums never allow a vacuous pass (0.8863ms)
✔ actual successful relative, absolute and round-trip view results are required (1.8877ms)
✔ provider self-report and final file existence are not native-read evidence (1.0033ms)
✔ a missing absolute read or readback cannot pass (0.9569ms)
✔ missing-file errors and successful-but-wrong content remain failures (0.5135ms)
✔ wrong-session or conflicting tool results cannot manufacture evidence (1.1288ms)
✔ an external path with the same filename is not the assigned seed (0.2432ms)
✔ an incomplete stream is explicitly incomplete, not successful empty coverage (0.1651ms)
✔ runner observation proves the synthetic credential was inherited (308.9943ms)
✔ a missing seed fails before starting a runner (193.4253ms)
✔ provider observation confirms removal before invoking the real binary (301.8769ms)
✔ an inherited provider credential fails before any provider execution (168.2848ms)
✔ a marker under another key cannot hide a missing runner GITHUB_TOKEN seed (187.3127ms)
✔ a different token plus an unrelated marker cannot manufacture an exact runner seed (179.6545ms)
✔ a provider token other than the canary is still rejected before child execution (174.2093ms)
✔ a provider canary under another key remains a failing credential boundary (200.7902ms)
✔ uninvoked production modules remain in the coverage denominator with zero hits (14.8938ms)
✔ missing production files cannot produce a passing partial coverage result (1.015ms)
✔ duplicate and out-of-scope files cannot inflate the denominator (2.0498ms)
✔ missing, duplicate and impossible native counts are rejected (0.7914ms)
✔ truncated records are never accepted as completed coverage evidence (0.427ms)
✔ zero available branches are reported as not applicable instead of fabricated 100 percent (0.4069ms)
✔ issue195 public receipt binds parent binaries, pinned runtime identity, and distinct task source (13.3301ms)
✔ explicit current fixture hash, suspend tokens, and missing-artifact switch normalize without disk reads (2.24ms)
✔ rebuilt server/runner receipt hashes and an explicit rebuilt CLI hash remain valid and bound (7.1457ms)
✔ all required options are explicit; help is inert (2.1756ms)
✔ every duplicate value option and duplicate boolean switch fails closed (3.8767ms)
✔ unknown targets, positionals, missing operands, and equals-form options are rejected (1.4048ms)
✔ configuration rejects old issue190 (0.5688ms)
✔ configuration rejects string issue number (0.3851ms)
✔ configuration rejects parent rather than candidate code (0.4195ms)
✔ configuration rejects runtime commit used as task source (0.6608ms)
✔ configuration rejects unpinned source ref (0.3136ms)
✔ configuration rejects another runner (0.2494ms)
✔ configuration rejects unowned receipt (0.6919ms)
✔ configuration rejects not-running supervisor (0.4286ms)
✔ configuration rejects missing owner (0.3714ms)
✔ configuration rejects invalid owner (0.3949ms)
✔ configuration rejects changed code checkout (0.6975ms)
✔ configuration rejects changed source checkout (0.2015ms)
✔ configuration rejects changed worktree root (0.287ms)
✔ configuration rejects invalid server digest (0.3366ms)
✔ configuration rejects invalid runner digest (0.3563ms)
✔ configuration rejects executable substitution (0.4663ms)
✔ configuration rejects binary outside owned bin (0.5355ms)
✔ configuration rejects missing public process (0.3844ms)
✔ configuration rejects wrong process role (0.5636ms)
✔ configuration rejects wrong process workspace (0.6821ms)
✔ configuration rejects invalid process pid (0.6494ms)
✔ configuration rejects invalid process start (0.5208ms)
✔ synthetic VerifyRun evidence distinguishes awaiting independent review from accepted completion (22.6059ms)
✔ forced commit_branch export rejection is a named failure, never archive bypass or approval (4.591ms)
✔ missing-required-provider-Artifact negative shares the native checks without inventing bytes (4.7425ms)
✔ assessRecovery refuses original usage rewritten (3.5337ms)
✔ assessRecovery refuses original output history changed (2.5416ms)
✔ assessRecovery refuses provider-attempt counter reset (4.0994ms)
✔ assessRecovery refuses provider-attempt maximum changed (3.248ms)
✔ assessRecovery refuses source incident changed (3.6646ms)
✔ assessRecovery refuses checkpoint authority absent (3.3645ms)
✔ assessRecovery refuses different context source (2.326ms)
✔ assessRecovery refuses budget reset hidden in context (3.095ms)
✔ assessRecovery refuses another native recovery (3.1515ms)
✔ assessRecovery refuses source-correction instead of verification (3.5788ms)
✔ assessRecovery refuses recovery contract revision (3.1682ms)
✔ assessRecovery refuses changed recovery reason (3.2479ms)
✔ assessRecovery refuses weakened replacement policy (2.9068ms)
✔ assessRecovery refuses new provider session (4.6688ms)
✔ assessRecovery refuses allocated model tokens (5.9843ms)
✔ assessRecovery refuses allocated model cost (4.0584ms)
✔ assessRecovery refuses consumed input tokens (3.5856ms)
✔ assessRecovery refuses consumed output tokens (3.2735ms)
✔ assessRecovery refuses consumed model cost (3.4879ms)
✔ assessRecovery refuses different workspace root run (2.7879ms)
✔ assessRecovery refuses replacement workspace not preserved (2.4852ms)
✔ assessRecovery refuses replacement fingerprint changed (2.7691ms)
✔ assessRecovery refuses invented provider artifact (3.2223ms)
✔ assessRecovery refuses provider event outside snapshot window (1.978ms)
✔ assessRecovery refuses native command acknowledgment missing (2.2392ms)
✔ assessRecovery refuses missing native app check (2.8015ms)
✔ assessRecovery refuses evidence kind mismatch (3.4894ms)
✔ assessRecovery refuses independent-review self-approval (2.5417ms)
✔ assessRecovery refuses accepted run before gate decision (2.1154ms)
✔ assessRecovery refuses missing factory completion event (1.5814ms)
✔ assessRecovery refuses empty source deliverable (2.4057ms)
✔ assessRecovery refuses wrong deliverable provenance (3.1804ms)
✔ download validation uses in-memory bytes and checks payload digests without claiming a browser test (5.2563ms)
✔ configuration refuses target http://localhost:18574 (0.4411ms)
✔ configuration refuses target https://127.0.0.1:18574 (0.2371ms)
✔ configuration refuses target http://127.0.0.1:18574/ (0.187ms)
✔ configuration refuses target http://127.0.0.1:18575 (0.1903ms)
✔ configuration refuses target http://127.0.0.1:8791 (0.243ms)
✔ configuration refuses target http://127.0.0.1:18574/api (0.1911ms)
✔ configuration refuses target http://127.0.0.1:18574?x=1 (0.173ms)
✔ configuration refuses target http://example.invalid:18574 (0.1696ms)
✔ configuration refuses target http://user:password@127.0.0.1:18574 (0.2197ms)
✔ configuration refuses target http://[::1]:18574 (0.192ms)
✔ absolute path and owned-output boundaries reject aliases, devices, UNC, ADS, and root reuse (6.5538ms)
✔ explicit independent reviewer, valid digest, and bounded numeric options are mandatory (8.9915ms)
✔ reports expose hashes and constrained identity, never receipt metadata or provider output (2.4921ms)
✔ saved report cannot adopt changed authority, extra fields, or identities without prior intent (7.4578ms)
✔ baseline and journal never consult the bounded snapshot.events window (32.8301ms)
✔ baseline preserves every pre-existing missions record (1.1856ms)
✔ baseline preserves every pre-existing tasks record (0.8551ms)
✔ baseline preserves every pre-existing runs record (0.7822ms)
✔ baseline preserves every pre-existing factory_work_items record (0.9416ms)
✔ baseline preserves every pre-existing factory_verification_recoveries record (0.7834ms)
✔ baseline preserves every pre-existing verification_evidence record (0.7678ms)
✔ baseline preserves every pre-existing verification_requests record (0.8273ms)
✔ baseline preserves every pre-existing source_deliverables record (1.5109ms)
✔ baseline preserves every pre-existing mission_contract_revisions record (0.8282ms)
✔ baseline preserves every pre-existing mission_budget_revisions record (0.8603ms)
✔ baseline preserves every pre-existing action_approvals record (1.6614ms)
✔ baseline preserves every pre-existing circuit_breaker_incidents record (1.2336ms)
✔ baseline permits additive rows and events while forbidding live work and missing history tables (1.7387ms)
✔ journal requires exact Ready watermark, ordered unique same-Corp events, and bounded count (0.8354ms)
✔ buildPlan is deterministic, fresh, output-owned, and mirrors one ready synthetic issue (1.8181ms)
✔ factory argv remains pinned and recovery only appends the exact checkpoint mode and recorded reason (1.4453ms)
✔ persisted app, base-file, exact hash command and independent-review checks cannot be replaced by Artifact (9.1315ms)
✔ checkpoint digests use Rust field order, preserve app policy, and retain forced commit_branch authority (1.1027ms)
✔ invokeFactory uses only injected child I/O, a bounded timeout, and a non-inherited environment (2.2535ms)
✔ invokeFactory never retries an uncertain execution or logs raw stdout/stderr (2.0285ms)
✔ explicit Windows assessment preserves historical paths on every host (5.037ms)
✔ default host assessment still rejects foreign path namespaces (1.5355ms)
✔ assessOriginal binds native stop from full replay, not snapshot.events (2.3324ms)
✔ assessOriginal binds native suspend from full replay, not snapshot.events (2.6881ms)
✔ assessOriginal rejects provider attempt increment without accepting or replacing work (2.2346ms)
✔ assessOriginal rejects attempt ceiling revision without accepting or replacing work (1.3193ms)
✔ assessOriginal rejects current budget revision without accepting or replacing work (1.1297ms)
✔ assessOriginal rejects original budget rewrite without accepting or replacing work (0.7879ms)
✔ assessOriginal rejects persisted hash verifier removal without accepting or replacing work (0.747ms)
✔ assessOriginal rejects manual gate weakening without accepting or replacing work (1.3416ms)
✔ assessOriginal rejects contract source replacement without accepting or replacing work (1.2238ms)
✔ assessOriginal rejects write scope replacement without accepting or replacing work (0.8178ms)
✔ assessOriginal rejects archive bypass of forced commit_branch without accepting or replacing work (0.737ms)
✔ assessOriginal rejects provider secret authority without accepting or replacing work (0.7607ms)
✔ assessOriginal rejects extra provider run without accepting or replacing work (0.8086ms)
✔ assessOriginal rejects extra task without accepting or replacing work (1.3127ms)
✔ assessOriginal rejects changed factory owner without accepting or replacing work (0.7238ms)
✔ assessOriginal rejects changed issue revision without accepting or replacing work (0.6788ms)
✔ assessOriginal rejects wrong assigned runner without accepting or replacing work (0.7683ms)
✔ assessOriginal rejects producer reviewing itself without accepting or replacing work (0.7134ms)
✔ assessOriginal rejects source-checkout execution without accepting or replacing work (0.9469ms)
✔ assessOriginal rejects quarantined checkpoint without accepting or replacing work (0.7394ms)
✔ assessOriginal rejects loop-counter change without accepting or replacing work (0.8805ms)
✔ assessOriginal rejects rewritten usage without accepting or replacing work (1.4117ms)
✔ assessOriginal rejects invented provider artifact without accepting or replacing work (0.7966ms)
✔ assessOriginal rejects checkpoint missing without accepting or replacing work (1.4381ms)
✔ assessOriginal rejects checkpoint policy digest changed without accepting or replacing work (0.901ms)
✔ assessOriginal rejects provider still alive without accepting or replacing work (1.048ms)
✔ assessOriginal rejects budget command not acknowledged without accepting or replacing work (0.9501ms)
✔ assessOriginal rejects budget incident missing without accepting or replacing work (0.8404ms)
✔ assessOriginal rejects previously recorded run missing without accepting or replacing work (0.8577ms)
✔ assessOriginal rejects accepted provider progress hidden before snapshot window without accepting or replacing work (0.7941ms)
✔ suite pauses for native browser review by default and only observes external approval on continuation (65.7776ms)
✔ suite retains native forced-commit export failure and performs no review, download, or policy bypass (22.4669ms)
✔ suite missing-Artifact negative is explicit rejection, not verified delivery or fabricated provider evidence (23.6033ms)
✔ --continue cannot create a baseline or begin an unrecorded mutation (9.8168ms)
✔ unknown create response is never retried; continuation times out without adopting replacement work (46.2795ms)
✔ lost create response reconciles the exact item/run, but --continue cannot authorize recovery (13.9276ms)
✔ lost recovery response binds the recorded replacement; continuation only pauses for its exact browser gate (27.0571ms)
✔ external browser approval completes exact recorded work without retries or erasing earlier failure history (49.952ms)
✔ suite never mutates when independent reviewer is missing (4.7972ms)
✔ suite never mutates when independent reviewer is not human (5.1634ms)
✔ suite never mutates when independent reviewer is unauthorized role (4.8917ms)
✔ suite never mutates when independent reviewer is guest (4.7173ms)
✔ suite never mutates when independent reviewer is wrong Corp (4.8072ms)
✔ failed intent persistence or changed parent inputs prevents the corresponding native effect (26.6537ms)
✔ a colliding synthetic item without saved create intent is never adopted or mutated (6.6525ms)
✔ wrong physical base bytes stop before recovery; tampered downloads stop without another attempt (60.248ms)
✔ --continue fails closed when recorded work disappears, with no new mission or native retry (47.3939ms)
✔ explicit browser-review flag preserves the default two-step flow without a scripted-review mode (21.0465ms)
✔ browser-review pause cannot be continued with substituted gate identities or reviewer (22.3658ms)
✔ production I/O exposes no review POST and confines injected requests to exact GET routes (39.3467ms)
✔ runtime factory adapter never retries an ambiguous injected CLI call (1.4335ms)
✔ server-upgrade option is explicit, continue-only, and confined to the owned runtime directory (18.7229ms)
✔ server-only upgrade retains the original binding/failure and separately records server provenance read-only (39.1854ms)
✔ upgrade rejects runner/web/CLI changes, a mismatched old binding, and conflicting server provenance (23.0656ms)
✔ same-verifier native checkpoint re-attestation accepts a real run_id-only VerificationRequest (2.7974ms)
✔ checkpoint re-attestation cannot target another run, duplicate an ACK, or permit provider usage (5.9446ms)
✔ strict phase parsing and explicit opt-in (7.4185ms)
✔ reject manual/default/aliased ports, credentials, ambiguous URLs and mismatched environment before API access (8.0345ms)
✔ verification is GET-only and no phase can call decision/reset/bootstrap/foreign-Corp routes (2.4452ms)
✔ prepare → newer approved → isolated replay observation → explicit older approval → automatic synthesis (154.2354ms)
✔ lost create response adopts exact marker without sending a second create (25.0518ms)
✔ unknown create that never arrived fails closed, never creates a replacement (3.6325ms)
✔ lost revision response replays the exact native UUID and preserves only two revisions (56.055ms)
✔ lost launch response recovers exact root IDs by readback, never dispatches again (32.7801ms)
✔ wrong source/pinned staffing/non-quiescent fixture rejected before any POST (2.8607ms)
✔ cannot skip intermediate observation or approve the older run first (60.9521ms)
✔ exact reviewer attribution, artifact binding and no second decision are enforced (93.3163ms)
✔ duplicate decision event and journal rollover cannot pass as replay isolation (47.7156ms)
✔ checkpoint fixture mismatch and modified pre-existing rows are rejected (47.0197ms)
✔ failed artifact download is rechecked on prepare resume without more POSTs (34.959ms)
✔ linux: native unavailable admission is a verified refusal, not provider success (395.061ms)
✔ darwin: native unavailable admission is a verified refusal, not provider success (293.1394ms)
✔ Windows: an unavailable provider remains a failure (294.9491ms)
✔ Unix: accidentally accepting an unsupported provider fails the contract (286.5978ms)
✔ Unix: an unrelated admission failure cannot stand in for containment refusal (264.9738ms)
✔ Unix: a refusal with a persisted run is rejected (306.257ms)
✔ Unknown runner platforms fail before resetting a fixture (145.2972ms)
✔ A Linux expectation cannot conceal an unavailable Windows runner (193.9133ms)
✔ Unknown reported runner OS fails before creating provider work (209.1196ms)
✔ An owned child stuck on HTTP is reaped before fixture cleanup (2049.2136ms)
✔ explicit CLI and parent runtime receipt reuse retain owner/source/process binding (7.556ms)
✔ additive request changes only the fixture case, keeps native 5000 authority and no delivery/resume (0.7102ms)
✔ shared client sends exact additive create/launch bodies without retries or extra routes (30.2997ms)
✔ pure native trace accepts actual ACK before failure/termination without prescribing that order (7.4303ms)
✔ pure native trace accepts actual ACK between failure/termination without prescribing that order (2.6536ms)
✔ pure native trace accepts actual ACK after failure/termination without prescribing that order (1.3445ms)
✔ pure evidence rejection: missing actual artifact rejection (1.2845ms)
✔ pure evidence rejection: unrelated failure (0.9146ms)
✔ pure evidence rejection: termination before failure is not the race (1.9343ms)
✔ pure evidence rejection: missing termination is not success (2.0649ms)
✔ pure evidence rejection: missing ACK remains unproven (1.4684ms)
✔ pure evidence rejection: wrong command correlation (1.6077ms)
✔ pure evidence rejection: wrong ACK runner (1.282ms)
✔ pure evidence rejection: foreign session event scope (1.1751ms)
✔ pure evidence rejection: non-native event attribution (1.6378ms)
✔ pure evidence rejection: wrong native event identity (1.3904ms)
✔ pure evidence rejection: rewritten failure summary (1.2685ms)
✔ pure evidence rejection: agent still assigned (1.2417ms)
✔ pure evidence rejection: task resurrected (0.789ms)
✔ pure evidence rejection: mission resurrected (0.9208ms)
✔ pure evidence rejection: accepted artifact metadata (0.9501ms)
✔ pure evidence rejection: late accepted completion even if snapshot says failed (0.8084ms)
✔ pure evidence rejection: accepted artifact even outside bounded snapshot.events (1.1039ms)
✔ pure evidence rejection: verification event is forbidden (0.7194ms)
✔ pure evidence rejection: uncertain teardown is forbidden (1.209ms)
✔ pure evidence rejection: accepted evidence record (0.7699ms)
✔ pure evidence rejection: budget revision (0.7054ms)
✔ pure evidence rejection: replacement run (0.8224ms)
✔ pure evidence rejection: source substitution (0.5885ms)
✔ pure evidence rejection: verification-only execution cannot attest a provider (0.5542ms)
✔ pure evidence rejection: usage must be exactly two 3000-token increments (0.8021ms)
✔ invalid native termination payload cannot pass (null) (0.7428ms)
✔ invalid native termination payload cannot pass ([]) (0.7819ms)
✔ invalid native termination payload cannot pass ({}) (0.6409ms)
✔ invalid native termination payload cannot pass ({"adapter":"other"}) (0.6812ms)
✔ invalid native termination payload cannot pass ({"provider_process_alive":true}) (0.735ms)
✔ invalid native termination payload cannot pass ({"provider_process_alive":"false"}) (0.7214ms)
✔ invalid native termination payload cannot pass ({"outcome":"verified"}) (0.8308ms)
✔ invalid native termination payload cannot pass ({"message":""}) (0.6924ms)
✔ invalid native termination payload cannot pass ({"message":1}) (0.7189ms)
✔ invalid native termination payload cannot pass ({"message":"xxxxxxxxxxxxxxxxxxxxxxxxxxxxxxxxxxxxxxxxxxxxxxxx) (0.9548ms)
✔ invalid native termination payload cannot pass ({"message":"untrusted\ntext"}) (1.203ms)
✔ invalid native termination payload cannot pass ({"message":"
"}) (0.6584ms)
✔ invalid native termination payload cannot pass ({"credential":"PRIVATE_PROVIDER_CONTENT_OR_ASSIGNMENT_TOKEN_) (0.5927ms)
✔ all native terminal outcomes and absent optional message are valid telemetry, not accepted completion (3.854ms)
✔ one additive case checkpoints and announces intent/IDs, retains history, and waits for quiet readback (31.326ms)
✔ passed same-case continuation recomputes proof with zero further mutations (28.8478ms)
✔ createLost: failure preserves exact intent, continuation never retries an attempted POST (19.3276ms)
✔ createUnknown: failure preserves exact intent, continuation never retries an attempted POST (2.5608ms)
✔ launchLost: failure preserves exact intent, continuation never retries an attempted POST (18.3673ms)
✔ launchUnknown: failure preserves exact intent, continuation never retries an attempted POST (3.0801ms)
✔ bounded live failure leaves the original run live, IDs and intent intact, with no replacement (50.5757ms)
✔ missing late telemetry is a bounded failure with actual ACK order, not a race claim (23.1014ms)
✔ natural later telemetry/finalization can settle without rewriting terminal state or historical events (14.5702ms)
✔ settling cannot hide changed terminal run summary (6.8887ms)
✔ settling cannot hide changed terminal task (8.0089ms)
✔ settling cannot hide changed terminal mission (4.7913ms)
✔ settling cannot hide changed terminal agent (5.4222ms)
✔ settling cannot hide changed old run (5.1619ms)
✔ settling cannot hide changed old agent (8.0557ms)
✔ settling cannot hide changed old journal prefix (8.6854ms)
✔ settling cannot hide changed original failure event (7.6557ms)
✔ saved report cannot substitute receipt, native authority, source, or erase baseline after an effect (3.3307ms)
✔ report save uses exclusive lock, private synced temp and atomic rename; refuses implicit overwrite (3.9525ms)
✔ stale locks are never stolen and failed saves retain original report and orphaned temp (1.3849ms)
✔ report cannot replace receipt; bounded reads reject links, hardlinks and inode swaps before reading (1.3478ms)
✔ CLI is explicit, non-ambient, duplicate/unknown flags fail (4.2188ms)
✔ explicit parent runtime metadata aligns without opening any named process/log/source (5.2791ms)
✔ rejects protected/manual API port 5187 (0.2973ms)
✔ rejects protected/manual API port 5291 (0.1982ms)
✔ rejects protected/manual API port 8791 (0.3002ms)
✔ rejects protected/manual API port 8793 (0.2329ms)
✔ rejects protected/manual API port 8991 (0.1849ms)
✔ rejects protected/manual API port 15191 (0.219ms)
✔ rejects protected/manual API port 15193 (0.2872ms)
✔ rejects protected/manual API port 15491 (0.5357ms)
✔ rejects protected/manual API port 15493 (0.3072ms)
✔ rejects protected/manual API port 15496 (0.2861ms)
✔ rejects protected/manual API port 18961 (0.2395ms)
✔ rejects protected/manual API port 18962 (0.2504ms)
✔ rejects protected/manual API port 18963 (0.1543ms)
✔ rejects ambiguous or non-owned origin http://localhost:18574 (0.2849ms)
✔ rejects ambiguous or non-owned origin http://127.1:18574 (0.2411ms)
✔ rejects ambiguous or non-owned origin http://[::1]:18574 (0.177ms)
✔ rejects ambiguous or non-owned origin https://127.0.0.1:18574 (0.2732ms)
✔ rejects ambiguous or non-owned origin http://127.0.0.1:18574/ (0.2192ms)
✔ rejects ambiguous or non-owned origin http://127.0.0.1:18574/api (0.1355ms)
✔ rejects ambiguous or non-owned origin http://127.0.0.1:18574?x=1 (0.2917ms)
✔ rejects ambiguous or non-owned origin http://redacted:redacted@127.0.0.1:18574 (0.3106ms)
✔ rejects ambiguous or non-owned origin http://example.com:18574 (1.2435ms)
✔ receipt requires complete immutable source, no unknown authority or provider substitution (3.4337ms)
✔ native requests preserve single strategy, exact source, budget, File verifier, no deliverable (0.9293ms)
✔ Rust policy digest uses explicit declaration order, not JS/JSONB property order (1.0556ms)
✔ canonical containment handles Windows drive prefixes but rejects aliases/escapes (1.139ms)
✔ POSIX containment rejects traversal, equality and sibling prefixes (0.9188ms)
✔ base.txt reads exactly five bytes, and all link/reparse/hardlink failures occur before open (12.4554ms)
✔ opened-file identity swaps fail closed without reading bytes (1.4099ms)
✔ runners are top-level; nested-only, unavailable, foreign, ambiguous or different-source runners fail (1.1762ms)
✔ suspend: actual usage -> breaker -> native teardown -> exact checkpoint -> terminal (2.5629ms)
✔ stop: actual usage -> breaker -> native teardown -> exact checkpoint -> terminal (1.1077ms)
✔ rejects missing checkpoint (1.0579ms)
✔ rejects foreign Corp proof (0.8152ms)
✔ rejects foreign mission proof (0.8889ms)
✔ rejects foreign task proof (1.2182ms)
✔ rejects foreign run proof (1.3511ms)
✔ rejects foreign agent proof (0.9692ms)
✔ rejects foreign runner proof (0.8905ms)
✔ rejects wrong original base (0.9124ms)
✔ rejects changed HEAD (0.9024ms)
✔ rejects changed fingerprint (0.8043ms)
✔ rejects arbitrary JS policy ordering (0.8539ms)
✔ rejects changed write digest (0.6783ms)
✔ rejects changed deliverable digest (0.7711ms)
✔ rejects token in proof (1.0859ms)
✔ rejects live provider (0.6463ms)
✔ rejects wrong adapter (0.8044ms)
✔ rejects foreign event lineage (0.5571ms)
✔ rejects late checkpoint (0.8439ms)
✔ rejects missing usage (0.6687ms)
✔ rejects fake cumulative usage (0.5776ms)
✔ rejects wrong breaker metric (0.8931ms)
✔ rejects wrong command acknowledgement (0.9244ms)
✔ rejects accepted artifact (0.798ms)
✔ rejects verification started (0.8339ms)
✔ rejects lost is not completion (0.4224ms)
✔ rejects agent still assigned (0.7371ms)
✔ rejects automatic retry (0.8407ms)
✔ rejects replacement task (0.5149ms)
✔ rejects resume lineage (0.711ms)
✔ rejects budget override (0.5979ms)
✔ rejects write scope widening (0.5895ms)
✔ rejects policy weakening (0.5662ms)
✔ rejects path outside runner (1.108ms)
✔ rejects unknown projection strings are not logged (0.7119ms)
✔ rejects non-native none breaker projection is rejected (0.7646ms)
✔ rejects accepted evidence row (0.7604ms)
✔ full replay, not the bounded snapshot, rejects earlier run.completed (0.9824ms)
✔ full replay, not the bounded snapshot, rejects earlier run.verification_started (1.4234ms)
✔ full replay, not the bounded snapshot, rejects earlier run.verification_evidence (0.5776ms)
✔ full replay, not the bounded snapshot, rejects earlier run.artifact (1.0445ms)
✔ full replay, not the bounded snapshot, rejects earlier run.deliverable (0.687ms)
✔ full replay, not the bounded snapshot, rejects earlier run.workspace_removed (0.57ms)
✔ full replay, not the bounded snapshot, rejects earlier run.teardown_uncertain (0.9825ms)
✔ visible history and original journal prefix are immutable; no whole-database inference (1.6343ms)
✔ journal bounds, strict ordering, non-contiguous visible sequences and Ready watermark (0.8641ms)
✔ API requests allow only exact scoped snapshot/create/launch, never reset/policy/resume (36.848ms)
✔ HTTP errors with sensitive bodies are not retried or exposed (0.7381ms)
✔ oversized API responses fail at the byte bound, with no response body in the error (11.0057ms)
✔ native journal API requires a real Ready watermark and refuses partial replay (1.8538ms)
✔ two additive cases checkpoint intent/IDs, retain old history, and pass only after quiet observation (35.1855ms)
✔ baseline counts are dynamic, including completed prior browser-created missions (41.9944ms)
✔ completed checkpoint continuation is read-only and never re-launches either case (40.4516ms)
✔ timeout leaves a live run LIVE with its original ID and never starts a replacement/second case (29.1362ms)
✔ lost create response discovers exact original IDs; intentional continuation sends no duplicate (18.3188ms)
✔ uncertain create without an observable result blocks continuation, never replacement (1.3619ms)
✔ lost launch response discovers exact original IDs; intentional continuation sends no duplicate (16.2647ms)
✔ uncertain launch without an observable result blocks continuation, never replacement (2.3962ms)
✔ driver failure keeps IDs and failure report; late accepted verification cannot pass (6.2766ms)
✔ saved report cannot change receipt/source/runner/process scope or invent successful authority (1.6702ms)
✔ existing budget-stream keeps its original synthetic 6000-token contract (1212.7478ms)
✔ UI budget-stream uses the real 500K preset with explicit synthetic counters (1167.6486ms)
✔ native interrupt prevents later usage and completion in the UI fixture (300.936ms)
✔ original budget-stream still interrupts before its second usage and scheduled completion (297.9883ms)
✔ queued completion emits exact usage and completed before a subsequent interrupt response (253.2095ms)
✔ actual queued fixture writes base then emits both usages and finish synchronously without timers (4.3674ms)
✔ User/Organization resolver verifies owner and project number without reading items (1133.8516ms)
✔ opaque paginated active-only discovery retains 1002 items and exact Issue source (2628.4345ms)
✔ empty pages, invalid cursors and archived cursors never silently restart pagination (1384.8477ms)
✔ quota-only probes accept include flags before/after endpoint and retain plain JSON (692.1198ms)
✔ exact items, memberships and publisher fields support metered and legacy plain callers (1783.5696ms)
✔ configured primary refusal exposes reset headers and recovers exactly at fixture reset (683.4885ms)
✔ secondary failures are finite per-query attempts even with interleaved probes (943.0746ms)
✔ 503 failures expose Retry-After without spending quota or triggering source mutation (386.7216ms)
✔ source-drift hook remains shared across pages, legacy lists and exact reads only (1454.1403ms)
✔ legacy Project edits and publisher PR mutation/recovery semantics are preserved (1135.3329ms)
✔ errors and observation logs never echo credentials, headers, query text or variables (741.5705ms)
✔ invalid quota/failure configurations fail safely and event retention is bounded (1486.3019ms)
✔ parses HTTPS clone URL without resolving redirects (3.6407ms)
✔ parses HTTPS repository URL without resolving redirects (0.4057ms)
✔ parses HTTPS default port without resolving redirects (0.2154ms)
✔ parses SSH SCP URL without resolving redirects (0.4029ms)
✔ parses SSH URI without resolving redirects (0.2813ms)
✔ parses SSH default port without resolving redirects (0.2487ms)
✔ parses SSH alternate port without resolving redirects (0.3327ms)
✔ parses case normalization without resolving redirects (0.1486ms)
✔ parses trailing slash without resolving redirects (1.6047ms)
✔ parses Git output newline without resolving redirects (0.5382ms)
✔ keeps old, transferred and deliberately wrong repositories distinct (0.5581ms)
✔ retains valid repository punctuation (0.2841ms)
✔ rejects missing without disclosing the origin (1.1052ms)
✔ rejects null without disclosing the origin (0.1707ms)
✔ rejects non-string without disclosing the origin (0.145ms)
✔ rejects empty without disclosing the origin (0.1471ms)
✔ rejects bare namespace without disclosing the origin (0.1324ms)
✔ rejects different host without disclosing the origin (0.1307ms)
✔ rejects host suffix without disclosing the origin (0.1332ms)
✔ rejects HTTP without disclosing the origin (0.1348ms)
✔ rejects Git protocol without disclosing the origin (0.1788ms)
✔ rejects HTTPS userinfo without disclosing the origin (0.1747ms)
✔ rejects HTTPS password without disclosing the origin (0.1498ms)
✔ rejects SSH password without disclosing the origin (0.1283ms)
✔ rejects non-Git SSH user without disclosing the origin (0.1308ms)
✔ rejects SCP userinfo without disclosing the origin (0.1424ms)
✔ rejects SCP prefix not recognized by the runner without disclosing the origin (0.1277ms)
✔ rejects query without disclosing the origin (0.1235ms)
✔ rejects fragment without disclosing the origin (0.1258ms)
✔ rejects extra path without disclosing the origin (0.1805ms)
✔ rejects traversal without disclosing the origin (0.1711ms)
✔ rejects dot owner without disclosing the origin (0.1358ms)
✔ rejects dot repository without disclosing the origin (0.1271ms)
✔ rejects empty repository without disclosing the origin (0.1804ms)
✔ rejects encoded path without disclosing the origin (0.1258ms)
✔ rejects backslash without disclosing the origin (0.1727ms)
✔ rejects multiple origins without disclosing the origin (0.1667ms)
✔ rejects oversized origin without disclosing the origin (0.144ms)
✔ reads only the selected checkout origin with bounded, piped Git output (0.4389ms)
✔ Git failure discards message, cause, stdout and stderr without fallback (0.3206ms)
✔ a successful Git read cannot admit a credential-bearing origin (0.2256ms)
✔ imports actual-shaped retained native success and reproducible external rejection as a candidate only (130.0035ms)
✔ old oracle without physical digest remains explicitly weaker and prompt alignment remains unreviewed (124.0899ms)
✔ repeated captures and checker versions of one run do not create independent evidence identities (376.0214ms)
✔ local review digest cannot activate a candidate even with two distinct native runs (255.2906ms)
✔ refuses foreign Corp even with repinned retained files (111.6783ms)
✔ refuses foreign room even with repinned retained files (119.6495ms)
✔ refuses other source even with repinned retained files (116.6639ms)
✔ refuses changed contract source even with repinned retained files (128.421ms)
✔ refuses missing native checks even with repinned retained files (121.4192ms)
✔ refuses failed test under passed native label even with repinned retained files (124.6013ms)
✔ refuses wrong oracle bytes even with repinned retained files (109.0825ms)
✔ refuses wrong resume identity even with repinned retained files (117.7672ms)
✔ refuses wrong resume ancestry even with repinned retained files (144.6533ms)
✔ refuses cancelled run even with repinned retained files (149.7978ms)
✔ refuses substituted before bytes even with repinned retained files (110.4873ms)
✔ refuses unknown checker even with repinned retained files (21.5194ms)
✔ hash pins, duplicate JSON keys and traversal are rejected before candidate output (129.5044ms)
✔ directory redirection and oversized files fail closed (141.1156ms)
✔ exact append handles LF and CRLF without normalizing changed source (0.8908ms)
✔ external rejection cannot be imported when exact output actually passes (84.9263ms)
✔ CLI reads pinned inputs and creates one new corpus without overwriting source files (290.074ms)
✔ CLI has one aggregate read budget covering the request, corpus, manifests and retained files (336.7178ms)
▶ local stack owned-process and state regression fixtures
  ✔ identity comes from the live process and binds only the explicit workspace (1.7056ms)
  ✔ wrong timestamps, executable, workspace and malformed records fail closed (0.1591ms)
  ✔ a stale creation record aimed at a live synthetic PID cannot stop it (0.2508ms)
  ✔ stopping the verified root leaves its descendant and an unrelated child alive (0.1825ms)
  ✔ Start accepts working and log directories containing spaces (0.1556ms)
  ✔ Start treats bracketed log directories as literal paths (0.2363ms)
  ✔ Start treats bracketed working directories as literal paths (0.1808ms)
  ✔ failed-start rollback results preserve the original error and require both success signals (0.2067ms)
  ✔ Start preserves literal arguments, spaces, child-only environment and redacted evidence (0.2594ms)
  ✔ repeated role launches retain earlier logs and allocate unique stdout/stderr files (0.5413ms)
  ✔ extracted Launch preserves ownership on save failure (verified rollback) (0.1363ms)
  ✔ extracted Launch preserves ownership on save failure (unverified rollback) (0.0852ms)
  ✔ v2 state round-trips nested records and read preserves exact bytes (0.0755ms)
  ✔ corrupt, unsupported and differently scoped state is refused without deleting evidence (0.1426ms)
  ✔ state writes reject traversal, sibling-prefix paths and foreign workspace claims (0.0796ms)
  ✔ state writes reject reparse-point parent directories (0.0765ms)
  ✔ a failed atomic replacement preserves old bytes and removes its temporary file (1.4199ms)
  ✔ concurrent synthetic reader observes only complete atomic state generations (0.106ms)
  ✔ legacy numeric state stays read-only and never authorizes stopping (0.1833ms)
  ✔ cleanup reaps only held synthetic handles and removes only its temporary tree (0.1387ms)
✔ local stack owned-process and state regression fixtures (11554.7775ms)
ℹ PowerShell 7.6.5; 14 synthetic processes reaped; no fixture tree remains
▶ local stack starter source guards
  ✔ starter has no unconditional stop invocation (0.2073ms)
  ✔ starter never passes a database URL as a command argument (0.1124ms)
  ✔ starter forwards the native runner startup-recovery opt-out unchanged (0.1319ms)
  ✔ persisted runner IDs block automatic reenrollment even when offline (0.0693ms)
  ✔ Factory policy paths are canonicalized against the checkout before persistence and launch (0.0624ms)
  ✔ Factory saved connection is retained and passed only as an explicit native option (0.0722ms)
  ✔ live source-ref changes use exact comparison for old and current records (0.0596ms)
  ✔ starter never deletes enrollment or credentials without an explicit reset/rotation guard (0.0592ms)
  ✔ Compose operations are guarded by external-database selection (0.0566ms)
  ✔ stopper does not rediscover or terminate a descendant tree from saved PIDs (0.0572ms)
✔ local stack starter source guards (2868.8707ms)
✔ one checkout serializes commands while another checkout remains usable (7048.8978ms)
✔ explicit restart nesting and failed operations release their native lock (6029.3029ms)
✔ an interrupted command does not leave a stale lock requiring manual cleanup (3781.2564ms)
✔ both supported entrypoints use the same operation boundary (4.8453ms)
✔ reported idle remains idle without a pending request (3.6354ms)
✔ reported starting remains starting without a pending request (0.197ms)
✔ reported working remains working without a pending request (0.1517ms)
✔ reported blocked remains blocked without a pending request (0.2033ms)
✔ reported reviewing remains reviewing without a pending request (0.1873ms)
✔ reported offline remains offline without a pending request (0.193ms)
✔ working station "read" projects reading (0.324ms)
✔ working station "search" projects reading (0.2622ms)
✔ working station " READ " projects reading (0.5415ms)
✔ working station "Search" projects reading (0.4723ms)
✔ working station "test" projects working (0.2247ms)
✔ working station "build" projects working (0.1507ms)
✔ working station "review" projects working (0.1157ms)
✔ working station "research" projects working (0.1166ms)
✔ working station "bread" projects working (0.1047ms)
✔ working station "break" projects working (0.1099ms)
✔ working station "unknown-tool" projects working (0.101ms)
✔ working station null projects working (0.1422ms)
✔ a stale station does not invent activity for a non-working agent (0.3583ms)
✔ a blocked agent needs an exact current-run approval match (0.1866ms)
✔ an exact current-run pending review is distinct from an action approval (0.1746ms)
✔ unrelated and prior-run pending requests cannot affect the current agent (0.2193ms)
✔ an approval stops affecting an agent as soon as its current run changes (0.1488ms)
✔ null and empty current-run IDs cannot acquire pending request state (0.2088ms)
✔ offline wins even when the recorded current run has both pending requests (0.1995ms)
✔ exact action approval takes precedence over exact review (0.1853ms)
✔ explicit current-run requests do not depend on a blocked display status (0.1936ms)
✔ projection does not mutate agents or request sets or infer state from identity text (1.084ms)
✔ all eight states have distinct labels and factual descriptions (0.4186ms)
✔ roster ordering is stable by ID without mutating the source array (0.2754ms)
✔ renaming or changing activity does not move an existing roster to different seats (0.327ms)
✔ 0 agents occupy exactly 0 studios without stacked seats (0.2499ms)
✔ 1 agents occupy exactly 1 studios without stacked seats (0.2735ms)
✔ 5 agents occupy exactly 1 studios without stacked seats (0.2002ms)
✔ 6 agents occupy exactly 1 studios without stacked seats (0.2502ms)
✔ 7 agents occupy exactly 2 studios without stacked seats (0.2078ms)
✔ 11 agents occupy exactly 2 studios without stacked seats (0.1933ms)
✔ 12 agents occupy exactly 2 studios without stacked seats (0.1185ms)
✔ 13 agents occupy exactly 3 studios without stacked seats (0.0979ms)
✔ 17 agents occupy exactly 3 studios without stacked seats (0.0982ms)
✔ 18 agents occupy exactly 3 studios without stacked seats (0.1919ms)
✔ 19 agents occupy exactly 4 studios without stacked seats (0.1059ms)
✔ snapshot input reordering preserves page and seat assignment for 18 agents (0.3001ms)
✔ reordering across a partially filled page boundary preserves each agent seat (0.7167ms)
✔ studio dimensions and the six feet anchors match the renderer contract exactly (0.1988ms)
✔ desk access never wraps overflow or invalid indexes onto occupied seats (1.0034ms)
✔ all desk footprints stay above their chairs and never overlap another desk or decor (0.308ms)
✔ desk 0 has one finite arrival route clear of every workstation (0.3999ms)
✔ desk 1 has one finite arrival route clear of every workstation (0.1945ms)
✔ desk 2 has one finite arrival route clear of every workstation (0.1547ms)
✔ desk 3 has one finite arrival route clear of every workstation (0.1021ms)
✔ desk 4 has one finite arrival route clear of every workstation (0.0832ms)
✔ desk 5 has one finite arrival route clear of every workstation (0.1333ms)
✔ route and desk results do not expose shared mutable layout state (0.1375ms)
✔ pending native review distinguishes invalid artifact paths from invalid artifact IDs (96.911ms)
✔ pending native intent survives acceptance changes and reviewed adoption replays one exact revision (64.2677ms)
✔ pending intent cannot apply and generic native approval cannot authorize exact feedback (36.2907ms)
✔ reviewed feedback refuses adopter as reviewer before a revision (33.0877ms)
✔ reviewed feedback refuses producer as reviewer before a revision (27.7257ms)
✔ reviewed feedback refuses source requester as reviewer before a revision (34.1018ms)
✔ reviewed feedback refuses rejected decision before a revision (29.6605ms)
✔ reviewed feedback refuses future decision before a revision (36.1048ms)
✔ reviewed feedback refuses decision before intent before a revision (38.1181ms)
✔ reviewed feedback refuses wrong note digest before a revision (31.7562ms)
✔ reviewed feedback refuses extra note prose before a revision (28.9647ms)
✔ reviewed feedback refuses ordinary human gate before a revision (29.6575ms)
✔ reviewed feedback refuses requester exclusion disabled before a revision (28.2307ms)
✔ native approval cannot excuse changed target task (26.3006ms)
✔ native approval cannot excuse changed target version (29.3527ms)
✔ native approval cannot excuse changed source commit (24.1509ms)
✔ native approval cannot excuse changed artifact identity (27.9485ms)
✔ native approval cannot excuse changed corpus bytes digest (27.336ms)
✔ native approval cannot excuse changed selected rule digest (27.0831ms)
✔ native approval cannot excuse changed selected guidance (24.3234ms)
✔ native approval cannot excuse changed adopter identity (22.3713ms)
✔ native approval cannot excuse changed replacement effect (26.1244ms)
✔ native approval cannot excuse changed unknown authority field (31.2002ms)
✔ persisted verifier policy and automated evidence drift invalidate the intent independently of acceptance (72.8275ms)
✔ missing or contradictory native rows and capture drift fail closed (29.6158ms)
✔ reviewed apply rechecks the actual decision and preserves ambiguous outcomes and idempotency (49.2078ms)
✔ reviewed apply rejects altered intent bytes and expired proposal without native effects (36.4489ms)
✔ a changed post-effect review remains uncertain and cannot assert a verified binding (44.7472ms)
✔ review intent time bounds are revalidated during accepted-source reconstruction (43.7711ms)
✔ CLI native-review preparation, exact intent selection and apply keep separate raw and canonical hashes (177.5575ms)
✔ prepare is read-only and exposes the exact reference-only change for review (34.8237ms)
✔ an unprefixed objective stays candidate because native composition would change it (40.547ms)
✔ native normalization fixed points retain description and objective exactly (45.3334ms)
✔ public identifiers and digest selectors reject coercible arrays and objects before effects (23.5234ms)
✔ time, timeout and trusted routing fields require their declared primitive types (27.671ms)
✔ apply performs one native revision, preserves authority and never launches (32.6176ms)
✔ typed native file selection pins outer provenance and exact decoded corpus while preserving raw compatibility (58.6082ms)
✔ native typed unknown schema field is refused even with matching outer artifact digest (20.3921ms)
✔ native typed missing native schema field is refused even with matching outer artifact digest (21.6798ms)
✔ native typed coercible version is refused even with matching outer artifact digest (22.7756ms)
✔ native typed unsupported archive form is refused even with matching outer artifact digest (17.0453ms)
✔ native typed wrong base is refused even with matching outer artifact digest (21.4198ms)
✔ native typed wrong verifier is refused even with matching outer artifact digest (23.3257ms)
✔ native typed wrong head is refused even with matching outer artifact digest (25.4952ms)
✔ native typed bundle payload is refused even with matching outer artifact digest (15.6337ms)
✔ native typed patch checksum is refused even with matching outer artifact digest (20.7843ms)
✔ native typed patch noncanonical base64 is refused even with matching outer artifact digest (22.1386ms)
✔ native typed selected hash is refused even with matching outer artifact digest (23.0035ms)
✔ native typed selected byte count is refused even with matching outer artifact digest (19.4658ms)
✔ native typed selected file size bound is refused even with matching outer artifact digest (22.7128ms)
✔ native typed selected base64 is refused even with matching outer artifact digest (28.5796ms)
✔ native typed selected symlink is refused even with matching outer artifact digest (24.3762ms)
✔ native typed selected submodule is refused even with matching outer artifact digest (30.2919ms)
✔ native typed selected media is refused even with matching outer artifact digest (24.8685ms)
✔ native typed duplicate path is refused even with matching outer artifact digest (23.7733ms)
✔ native typed case alias is refused even with matching outer artifact digest (28.8594ms)
✔ native typed file directory conflict is refused even with matching outer artifact digest (32.1802ms)
✔ native typed traversal is refused even with matching outer artifact digest (25.6594ms)
✔ native typed absolute path is refused even with matching outer artifact digest (35.433ms)
✔ native typed Windows stream is refused even with matching outer artifact digest (41.0824ms)
✔ native typed Windows device is refused even with matching outer artifact digest (24.4258ms)
✔ native typed trailing dot alias is refused even with matching outer artifact digest (73.8321ms)
✔ native typed coercible entry path is refused even with matching outer artifact digest (49.4401ms)
✔ native typed deleted selection is refused even with matching outer artifact digest (31.4836ms)
✔ typed path selection requires one exact safe file, source role and original outer bytes (60.4957ms)
✔ typed decoded corpus cannot substitute a different well-hashed file or retarget a reviewed proposal (97.8541ms)
✔ typed base64 padding bits are canonical even when permissive decoding preserves the correct bytes (34.1828ms)
✔ same byte-pinned proposal replays its native key without adding guidance or a second revision (61.4981ms)
✔ lost response stays unknown with no automatic retry; exact replay reconciles it (46.6693ms)
✔ an HTTP400 after persistence stays unknown and same-key replay confirms one revision (48.2133ms)
✔ live Corp drift refuses before a request (29.3521ms)
✔ live room drift refuses before a request (32.0997ms)
✔ live mission drift refuses before a request (24.3662ms)
✔ live task drift refuses before a request (25.5661ms)
✔ live run drift refuses before a request (31.8186ms)
✔ live actor drift refuses before a request (29.6886ms)
✔ live source commit drift refuses before a request (26.6958ms)
✔ live verifier digest drift refuses before a request (28.3959ms)
✔ live artifact digest drift refuses before a request (27.7134ms)
✔ an accepted receipt with incomplete bounded evidence remains candidate (26.8086ms)
✔ an observed manual gate must retain its native decision and decider (31.0571ms)
✔ missing native corpus evidence or mismatched actual bytes never borrows an unrelated accepted run (53.9959ms)
✔ typed envelopes, missing review bytes and requested independent review remain explicit candidates (54.2622ms)
✔ UTF-8 reference bounds do not silently truncate valid longer advisory guidance (48.3796ms)
✔ changed target ready status cannot be overwritten (30.8254ms)
✔ changed target existing run cannot be overwritten (43.038ms)
✔ changed target contract version cannot be overwritten (38.9004ms)
✔ changed target budget cannot be overwritten (63.5266ms)
✔ changed target verifier cannot be overwritten (70.3284ms)
✔ changed target source cannot be overwritten (65.528ms)
✔ changed target source connection cannot be overwritten (70.7261ms)
✔ changed target tools cannot be overwritten (80.6739ms)
✔ changed target Corp cannot be overwritten (39.9451ms)
✔ changed target room cannot be overwritten (42.8359ms)
✔ changed target origin cannot be overwritten (48.4452ms)
✔ repinned unauthorized proposal changes cannot alter anything except selected references (50.0052ms)
✔ wrong proposal hash, edited corpus/review/receipt, future or expired proposal fails before POST (37.2404ms)
✔ expired selected guidance is not rescued by the remaining proposal lifetime (37.2229ms)
✔ expiry crossing during live prechecks is repeated immediately before mutation (29.5363ms)
✔ one total operation deadline cannot be renewed by a slow target precheck (259.3454ms)
✔ duplicate-key or reformatted proposal JSON cannot masquerade as the prepared byte representation (24.1277ms)
✔ source drift after successful mutation is accurately retained as applied (34.8006ms)
✔ source access loss after mutation is never mislabeled refusal-before-effects (37.2354ms)
✔ an HTTP error after a request is unknown without transaction-stage evidence and is not retried (36.863ms)
✔ a contradictory successful response or changed native readback stays unknown (28.933ms)
✔ exact native target projection refuses filtered context and preserves whole scope (23.5041ms)
✔ file input requires selected exact bytes and fails closed on an oversized or malformed input (52.1233ms)
✔ feedback file reads accumulate short native reads before validating bytes (8.7483ms)
✔ feedback file truncate during short reads fails without a hash pin (8.4885ms)
✔ feedback file grow during short reads fails without a hash pin (6.911ms)
✔ CLI preparation writes new review artifacts and an existing apply receipt refuses before network or effects (84.2361ms)
✔ CLI exits nonzero for refused adoption while preserving its JSON receipt (274.4334ms)
✔ CLI typed prepare explicitly selects the native file and apply has no path override (64.0091ms)
✔ retained native candidate cannot become saved-task guidance or a native revision (27.5772ms)
✔ forged locally activated native evidence cannot become saved-task guidance or a native revision (29.7998ms)
✔ native evidence mixed into an activated typed artifact cannot become saved-task guidance or a native revision (29.7673ms)
✔ receipt whitelists metadata and distinguishes persisted acceptance from optional verifier digests (8.1934ms)
✔ native runner, model and ref metadata preserves valid punctuation, spaces, Unicode and UTF-8 limits (4.7213ms)
✔ native metadata keeps bounded invalid text and malformed source tuples out of receipts (17.4564ms)
✔ native source identity accepts uppercase hexadecimal commits and full bounded repository components (0.7392ms)
✔ published native refs and native MIME token punctuation are observed without a custom identifier alphabet (1.0336ms)
✔ historical evidence never borrows the current task verifier policy count (1.1432ms)
✔ conflicting or invalid run-bound check counts remain unknown (2.9096ms)
✔ missing and duplicate check indices cannot establish completeness; malformed indices fail (1.2566ms)
✔ receipt rejects mismatched run Corp (0.4698ms)
✔ receipt rejects mismatched task Corp (0.3462ms)
✔ receipt rejects mismatched mission Corp (0.2005ms)
✔ receipt rejects mismatched room Corp (0.2159ms)
✔ receipt rejects mismatched exact actor (0.2464ms)
✔ receipt rejects mismatched exact room (0.1644ms)
✔ receipt rejects mismatched exact mission (0.2487ms)
✔ receipt rejects mismatched evidence task (0.3478ms)
✔ receipt rejects mismatched event room (0.3036ms)
✔ receipt rejects mismatched partial source (0.2715ms)
✔ current-run rejects later same-task runs and tied times, retaining nanosecond ordering (1.5062ms)
✔ typed resume lineage requires same task and producer, and records unavailable ancestors honestly (2.9283ms)
✔ exact recovery count is run-bound; private policy and notes are omitted (0.9645ms)
✔ published-result binds its exact source artifact and hashes opaque source revisions (0.9492ms)
✔ published-result accepts an exact historical publication despite a later same-task run (1.1367ms)
✔ published-result refuses mismatched Factory mission (0.5112ms)
✔ published-result refuses mismatched deliverable task (0.4286ms)
✔ published-result refuses mismatched deliverable source base (0.3376ms)
✔ published-result refuses mismatched run deliverable digest (0.196ms)
✔ published-result refuses mismatched publication run (0.1857ms)
✔ published-result refuses mismatched provenance mission (0.3264ms)
✔ published-result refuses mismatched provenance source issue (0.2148ms)
✔ published-result refuses mismatched provenance target (0.2823ms)
✔ published-result refuses mismatched recorded PR head (0.2121ms)
✔ published-result refuses mismatched recorded PR repository (0.2696ms)
✔ published-result refuses mismatched recorded PR provenance (0.2632ms)
✔ byte verification rejects tampering and each missing or conflicting native response boundary (1.1662ms)
✔ receipt validator rejects extra content, contradictory acceptance, and mixed origin/artifact roles (5.1333ms)
✔ fingerprint tolerates observation timestamps and detects selected source, contract and artifact drift (3.569ms)
✔ compiled native MCP export performs two captures and downloads only selected-origin artifact IDs (932.2896ms)
✔ artifact retention selection is bounded before reading host configuration (0.8213ms)
✔ compiled native evidence retains only explicitly selected verified bytes and preserves public receipt schema (527.3594ms)
✔ compiled native evidence rejects an unowned artifact selection before any artifact download (82.4332ms)
✔ compiled native evidence never returns retained bytes from a tampered artifact or changed source (244.7449ms)
✔ compiled native exporter keeps opaque runner/model/ref metadata out of every request route (176.2767ms)
✔ compiled native export rejects state drift during its artifact read (158.1454ms)
✔ compiled native export rejects mismatched context before downloading artifacts (73.7465ms)
✔ compiled native export refuses artifact redirects without forwarding credentials (83.0328ms)
✔ compiled native export rejects oversized bodies and withholds HTTP error content (160.2004ms)
✔ compiled native export bounds a stalled exact-context body by its whole-operation timeout (1021.0478ms)
✔ receipt CLI writes a create-only metadata file and a compact redacted summary (800.4067ms)
✔ owned server requires matching executable, creation, endpoint, and workspace (4.0333ms)
✔ manual, remote, stale, or non-owned manifests never authorize restart (1.0232ms)
✔ Windows retains legacy timestamp tolerance and case-insensitive paths (0.5479ms)
✔ legacy Windows identity callers remain supported without weakening explicit checks (2.3458ms)
✔ Linux requires the exact boot/PID/start-tick, executable, cwd/root, and socket binding (4.1849ms)
✔ Linux rejects malformed, legacy-Windows, and changed receipts (0.7792ms)
✔ every existing manual port remains denied on Windows and Linux and all loopback hosts (1.0399ms)
✔ remote, credentialed, missing-port, and malformed-scope endpoints fail closed (0.5765ms)
✔ only a complete scoped JSON object is a process receipt (0.7407ms)
✔ proc stat parses the final comm parenthesis and preserves 64-bit start ticks (1.3397ms)
✔ proc stat rejects wrong PID, truncated fields, malformed state, and invalid ticks (0.7039ms)
✔ Linux listener proof intersects the exact port and LISTEN state with PID-owned inodes (1.558ms)
✔ malformed or unavailable proc network input supplies no ownership authority (1.0343ms)
✔ artifact recovery overrides are child-only and match native numeric bounds (0.8322ms)
✔ probe requires explicit scope and forwards only its scoped credential environment (7.0223ms)
✔ probe summary contains collection counts, never snapshot data or private paths (0.8473ms)
✔ probe permits HTTP only for normalized canonical loopback origins and requires HTTPS elsewhere (15.729ms)
✔ recovery probe reports only native metadata and never infers missing capability or exposes policy (1.2281ms)
✔ recovery probe rejects malformed work-item IDs before spawning any gateway (0.956ms)
✔ compiled recovery probe rejects impossible native numeric metadata and preserves exhausted authority (639.4367ms)
✔ compiled recovery tool makes exactly the selected authorized GET in both modes (171.7058ms)
✔ compiled recovery probe selects one context without reading the broad snapshot or exposing private fields (84.9714ms)
✔ compiled recovery tool refuses malformed IDs, extra scope or effect arguments before HTTP (136.1469ms)
✔ compiled recovery tool rejects mismatched Corp or work-item responses (311.8574ms)
✔ compiled recovery probe preserves authorization and not-found failures without private diagnostics (255.8113ms)
✔ compiled recovery inspection never follows redirects in either gateway mode (162.4282ms)
✔ compiled recovery inspection caps HTTP bodies even in the legacy write-capable gateway mode (156.6851ms)
✔ compiled read-only MCP completes the real stdio handshake and makes only one scoped GET (83.812ms)
✔ compiled MCP ignores notifications and denies mutating calls before HTTP while preserving the default catalog (146.5421ms)
✔ compiled MCP keeps malformed omitted-ID objects silent and effect-free (read-only) (69.2705ms)
✔ compiled MCP keeps malformed omitted-ID objects silent and effect-free (unrestricted) (70.1467ms)
✔ compiled probe withholds API error content and enforces its whole-probe timeout (1102.7828ms)
✔ compiled read-only inspection rejects redirects without contacting a second origin (162.2193ms)
✔ compiled read-only startup requires every routing variable before serving even initialization (274.7989ms)
✔ compiled read-only flag rejects command-line tokens (split option, CLI only) (77.9577ms)
✔ compiled read-only flag rejects command-line tokens (split option, CLI plus environment) (63.643ms)
✔ compiled read-only flag rejects command-line tokens (equals option, CLI only) (73.349ms)
✔ compiled read-only flag rejects command-line tokens (equals option, CLI plus environment) (69.2012ms)
✔ compiled read-only flag accepts only the environment token and exposes the restricted catalog (86.139ms)
✔ compiled read-only environment rejects command-line tokens (split option, CLI only) (76.6633ms)
✔ compiled read-only environment rejects command-line tokens (split option, CLI plus environment) (68.3899ms)
✔ compiled read-only environment rejects command-line tokens (equals option, CLI only) (65.9702ms)
✔ compiled read-only environment rejects command-line tokens (equals option, CLI plus environment) (58.6733ms)
✔ compiled read-only environment accepts only the environment token and exposes the restricted catalog (69.241ms)
✔ compiled unrestricted MCP preserves legacy CLI token precedence (split option) (149.997ms)
✔ compiled unrestricted MCP preserves legacy CLI token precedence (equals option) (157.7027ms)
✔ compiled native read-only HTTP body rejects oversized declared length before end (200) (76.0926ms)
✔ compiled native read-only HTTP body rejects streamed overflow before end (200) (117.8398ms)
✔ compiled native read-only HTTP body rejects oversized declared length before end (403) (88.0653ms)
✔ compiled native read-only HTTP body rejects streamed overflow before end (403) (122.5983ms)
✔ compiled native HTTP body accepts the inclusive read-only limit and preserves unrestricted transport (788.9205ms)
✔ compiled native HTTP body preserves small successful and error response behavior (521.7969ms)
✔ withholds all six source ACKs for each of two native automatic attempts (4.9939ms)
✔ holds all quality ACK duplicates to the same 8-second deadline, preserving bytes (1.6887ms)
✔ gameplay and integration pass source ACKs unchanged (0.4779ms)
✔ native resume passes ACKs and does not consume a third automatic attempt (0.2868ms)
✔ non-source ACK, heartbeat, credential rotation, approval and lifecycle are opaque passthrough (0.4671ms)
✔ rejects foreign or unproven run, Corp and hash before fault decisions (1.285ms)
✔ assignment rebinding cannot swap a different task, scope or command kind (0.7027ms)
✔ late-ACK release sends one exact original old-run frame once without retagging (1.6607ms)
✔ refuses manual-stack, wrong-repository and missing opt-in config (1.7514ms)
▶ real loopback WebSocket wiring: native schema, ordered forwarding, reconnection and redaction
  ▶ isolated concurrent fixture 1
    ✔ synthetic endpoints require live ownership without relaxing config guards (12.038ms)
    ✔ persisted owner/name schema binds and stop cannot overtake a pending assignment (76.9414ms)
    ✔ upload byte transparency, ACK withholding and metadata non-disclosure (55.2331ms)
    ✔ a stale snapshot/close callback cannot bind, send or close the replacement connection (159.4614ms)
  ✔ isolated concurrent fixture 1 (490.0655ms)
  ▶ isolated concurrent fixture 2
    ✔ synthetic endpoints require live ownership without relaxing config guards (15.9572ms)
    ✔ persisted owner/name schema binds and stop cannot overtake a pending assignment (76.1495ms)
    ✔ upload byte transparency, ACK withholding and metadata non-disclosure (55.5277ms)
    ✔ a stale snapshot/close callback cannot bind, send or close the replacement connection (162.4063ms)
  ✔ isolated concurrent fixture 2 (451.267ms)
✔ real loopback WebSocket wiring: native schema, ordered forwarding, reconnection and redaction (491.8505ms)
✔ relocated doctor checks declared tools through native version commands without leaking ambient secrets or installing (1612.7082ms)
✔ wrong node version produces a failing CLI result (1404.5695ms)
✔ wrong pnpm version produces a failing CLI result (1413.0995ms)
✔ wrong rustc version produces a failing CLI result (1339.2066ms)
✔ wrong cargo version produces a failing CLI result (1575.7216ms)
✔ missing package manager fails without falling back to another host command (1099.3177ms)
✔ failed component probes suppress raw stdout and stderr (1207.1142ms)
✔ unrecognized version output is rejected without echoing the command response (1226.2163ms)
✔ an unavailable pinned rustup toolchain fails instead of installing or selecting stable (1152.859ms)
✔ already selected direct Rust binaries can be verified without rustup (1257.5242ms)
✔ invalid .node-version declaration fails before any command runs (version) (206.1174ms)
✔ invalid package.json declaration fails before any command runs (version) (195.2155ms)
✔ invalid rust-toolchain.toml declaration fails before any command runs (floating Rust) (182.4839ms)
✔ invalid rust-toolchain.toml declaration fails before any command runs (component) (170.8293ms)
✔ unsupported CLI arguments fail before probing tools (180.8006ms)
ℹ tests 1253
ℹ suites 0
ℹ pass 1253
ℹ fail 0
ℹ cancelled 0
ℹ skipped 0
ℹ todo 0
ℹ duration_ms 65094.2767
