$ node --test --test-concurrency=2 --test-timeout=180000 "apps/web/src/**/*.test.mjs" "tools/*.test.mjs"
✔ editor preserves its accessible control names, preview hook, and all six check choices (52.1677ms)
✔ switching check types resets their incompatible fields and retains the rest of the policy (9.9903ms)
✔ every check-field callback retains the selected variant and unchanged checks (18.7842ms)
✔ adding and removing checks preserves tab selection, including external policy shrink and the empty state (19.3158ms)
✔ the 16-check add button limit and oversized-policy feedback are retained (15.2784ms)
✔ manual-gate transitions retain default role ordering, requester exclusion, and explicit removal (15.7708ms)
✔ preview keeps exact check order, manual-role labels, heading overrides, and requester-exclusion guidance (2.156ms)
✔ Factory exact-run navigation replaces a remembered newer outcome before mission remount (4.9364ms)
✔ run navigation ignores the duplicate activity marker in a hidden Factory tab (15.9014ms)
✔ artifact navigation chooses its exact producer while mission-only navigation preserves the current choice (1.2873ms)
✔ unavailable run/task/mission cannot overwrite remembered evidence or open another run (2.3343ms)
✔ storage failure or obsolete viewer fails closed before navigation (2.1336ms)
✔ explicit navigation writes only the selected viewer scope and only the run identity (1.4288ms)
✔ reload keeps the decided run instead of the other pending review or a newer worker (1.9766ms)
✔ remembered evidence is scoped to the API server, Corp, actor and mission (0.4971ms)
✔ missing remembered work never silently substitutes another visible review (0.5928ms)
✔ unreadable or malformed stored context requires explicit selection, not the next review (0.6468ms)
✔ a first visit is distinct from unreadable history; failed writes do not throw (0.3597ms)
✔ only the selected run ID is stored; reviews and authority never enter browser persistence (0.9897ms)
✔ MissionCard scopes remounts, pins initial evidence and fails closed when persistence fails (11.0448ms)
✔ issue210 only the explicit server flag adds correction to a native checkpoint (2.9459ms)
✔ issue210 verifier availability is independent of correction and missing availability preserves legacy behavior (1.6924ms)
✔ issue210 revision source is the exact server-selected verifier, with no cross-item fallback (0.8285ms)
✔ only native proof plus its cancellation marker exposes source-only checkpoint verification (0.4365ms)
✔ a running checkpoint needs no cancellation repair, and ordinary verification failure stays compatible (0.3644ms)
✔ missing/tampered source, checkpoint, head, active recovery or terminal outcome offers no new recovery (0.5606ms)
✔ context requests are not recovery grants and never depend on inferred mission spend/status (0.331ms)
✔ copied command binding retains the saved connection and never falls back on malformed metadata (0.3793ms)
✔ actual presentation selects the endpoint source, not the newest visible run or mission cancellation (123.3706ms)
✔ issue210 presentation separates provider-free verification from a budgeted same-session fix (30.8034ms)
✔ issue210 source-only and unavailable checkpoint presentations never suggest generic recovery (36.8121ms)
✔ actual context loader is GET-only and admits the exact item/version/mission checkpoint (58.261ms)
✔ actual context loader rejects stale/cross-scope and malformed flags without snapshot fallback (254.0026ms)
✔ issue210 actual loader accepts boolean correction flags and defaults missing legacy authority closed (60.7091ms)
✔ issue210 exact loader retains true, false and missing checkpoint availability without granting another mode (59.3308ms)
✔ actual UI action copies only explicit checkpoint verification with the original scope/connection (239.5947ms)
✔ issue210 actual correction action retains the original CLI route, source and connection (390.8329ms)
✔ issue210 actual card drops correction authority immediately when item, version or actor changes (420.5352ms)
✔ issue210 actual contract submission uses the scoped verifier, not its provider ancestor (89.5563ms)
✔ issue210 editor loading, errors, stale context and denied correction cannot fall back or submit (358.1279ms)
✔ issue210 ordinary contract resume, redispatch and requester/role boundaries stay intact (138.7451ms)
✔ issue210 actual source-only context copies correction and revises the exact verifier; no-mode context does neither (268.377ms)
✔ actual resume handler and rendered provider control respect native recovery blocking (7.2616ms)
✔ actual App Resume control survives an ineligible ordinary Factory recovery lookup and uses the native actor-bound POST (325.8278ms)
✔ issue221 explicit provider-correction permission permits null head without granting checkpoint or generic resume (1.071ms)
✔ issue221 actual context reader retains null head/current provider proof and malformed heads remain non-actionable (513.2563ms)
✔ issue221 actual copy/revision actions use only source correction for the latest failed provider with null head (390.7723ms)
✔ wrong-first legacy Project 174 cannot displace the selected live lab controller (1.5671ms)
✔ every Project/repository/Corp component must match, even with an active-item pointer (0.3644ms)
✔ GitHub owner/repository case and surrounding whitespace normalize independently (0.2383ms)
✔ missing/malformed scope is neutral rather than an empty-scope match (0.2512ms)
✔ the exact active item wins among live controllers in the same scope (0.2733ms)
✔ a current live scope match wins over a stale offline active-item pointer (0.2656ms)
✔ with only offline matches, retain the exact item rather than crossing scope (0.2045ms)
✔ without an item, prefer useful live intake in the current Corp (0.3513ms)
✔ empty/no-match and unavailable explicit selections never borrow another controller (0.2478ms)
✔ heartbeat freshness and stable ID break ties without using array order or mutating inputs (1.3391ms)
✔ snapshot refresh and selected scope changes return the exact new ID/version object (0.3259ms)
✔ the actual FactoryPanel resolver feeds displayed state and both action callbacks (24.7504ms)
✔ the actual component guards controller actions, retains role gating and passes the same callback (11.7601ms)
✔ the actual API action handler targets the resolved controller ID and version for all actions (73.1515ms)
✔ the production handler preserves the existing ID-scoped idempotency/version on a lost response (25.722ms)
✔ primary_rate_limit has a reader-facing reason and an automatic future retry (48.3654ms)
✔ secondary_rate_limit has a reader-facing reason and an automatic future retry (1.199ms)
✔ graphql_quota has a reader-facing reason and an automatic future retry (1.4007ms)
✔ github_unavailable has a reader-facing reason and an automatic future retry (2.2199ms)
✔ quota, cost and timestamps come from the snapshot, not derived or default budgets (1.7561ms)
✔ equivalent offset timestamps have the same local retry time and boundary (1.584ms)
✔ at or after the retry deadline, waiting is not presented as a successful retry (1.6559ms)
✔ zero remaining, limit, query cost and failures remain real zeros (1.049ms)
✔ paused desired state wins without rewriting controller health or promising a retry (1.6306ms)
✔ offline health wins over polling metadata, including an elapsed retry (1.3126ms)
✔ paused and offline together retain both conditions and existing paused precedence (0.8021ms)
✔ absent legacy polling leaves the old strip intact and never fabricates a wait (0.3155ms)
✔ missing or malformed backoff data is unavailable, never zero or an invented deadline (0.5793ms)
✔ invalid values are not coerced to numbers or dates and unknown reasons are not rendered raw (2.5577ms)
✔ partial quota data preserves observed zeros while missing fields remain unavailable (0.4522ms)
✔ healthy telemetry does not infer a backoff from a zero quota or failure count (0.5428ms)
✔ UI integration remains read-only, accessible, and uses existing controller controls (19.7038ms)
✔ line normalization preserves argument boundaries, literal punctuation, and duplicate values (2.7368ms)
✔ role entry supports commas and CRLF without silently deduplicating or authorizing roles (0.5705ms)
✔ mission projection retains exact task, runner and human control attribution (3.1164ms)
✔ foreign tasks and same-ID foreign-Corp runners cannot supply collaboration state (0.268ms)
✔ offline retains work without advertising live control or termination (0.2997ms)
✔ connecting retains work without advertising live control or termination (0.2295ms)
✔ a failed snapshot refresh retains exact work without advertising live controls (0.373ms)
✔ invalid snapshot receipt NaN cannot advertise live controls (0.1985ms)
✔ invalid snapshot receipt Infinity cannot advertise live controls (0.1774ms)
✔ invalid snapshot receipt 0 cannot advertise live controls (0.1397ms)
✔ invalid snapshot receipt -1 cannot advertise live controls (0.2057ms)
✔ expired/malformed lease 2026-09-16T11:59:00Z cannot claim a controller (0.4893ms)
✔ expired/malformed lease 2026-09-16T12:00:00Z cannot claim a controller (0.3326ms)
✔ expired/malformed lease bad cannot claim a controller (0.102ms)
✔ verifying has recorded evidence but no provider controls (0.1866ms)
✔ completed has recorded evidence but no provider controls (0.1741ms)
✔ lost has recorded evidence but no provider controls (0.1785ms)
✔ cancelled has recorded evidence but no provider controls (0.1345ms)
✔ a provider-free run and a superseded agent assignment expose no live controls (0.2858ms)
✔ runner grace and offline remain distinct; neither supplies human presence (0.1424ms)
✔ review links bind exact run/task and explain role and requester exclusion (0.4217ms)
✔ missing and historical identities never become fabricated named owners or current controllers (0.2061ms)
✔ draft cache survives surface remounts but never crosses Corp/actor/room/mission (0.4106ms)
✔ actual component navigation only requests exact context; rendering sends no commands (16.4004ms)
✔ actual disconnected component retains readable evidence with an explicit warning (2.5033ms)
✔ actual failed-refresh component distinguishes stale data from a disconnected transport (1.5054ms)
✔ actual component rejects missing receipt freshness and restores controls after a successful refresh (5.1021ms)
✔ App preserves main snapshot metadata and exact-run navigation while passing numeric receipt freshness (6.1263ms)
✔ App embeds existing scoped discussion and pins evidence before exact-run navigation (3.2068ms)
✔ late completion notifies remounted composers without clearing a newer or same-text draft (0.6806ms)
✔ late operation acknowledgment cannot clear a replacement idempotency key (198.5219ms)
✔ actual App selection never substitutes another mission after the selected record disappears (120.7048ms)
✔ actual briefing navigation has a visible destination for legacy empty descriptions (98.441ms)
✔ verification checks do not change launch intent (1.7821ms)
✔ review navigation cannot turn its click into a form submission (0.273ms)
✔ ordinary application setup cannot silently fall back to the fake runtime (0.4938ms)
✔ composer uses two clear steps and starts with an empty goal (0.2478ms)
✔ advanced settings and detailed requirements are optional disclosures (0.8499ms)
✔ closing setup preserves the draft and returns to existing mission context (0.8651ms)
✔ explicit links to existing work reveal it without erasing an open draft (0.7203ms)
✔ native creation and explicit held-plan behavior remain unchanged (0.4279ms)
✔ review keeps the exact source and current server-derived allocation visible (0.5329ms)
✔ scope requires four explicit bounded identities and cannot mutate after submission (2.9253ms)
✔ current origin binds the exact view instance, not just equal IDs (0.3853ms)
✔ read issues exactly one encoded, uncached GET with cancellation and no body (12.0587ms)
✔ Direct accepts only exact returned linkage and drops unexpected hidden fields (101.7203ms)
✔ Factory retains only the validated work item, repository, issue number and exact URL (1.4391ms)
✔ all four response identities must echo the bound request exactly (32.4537ms)
✔ missing, malformed and older origin responses never become Direct (3.6438ms)
✔ Factory fields are required and null or missing metadata is never partly accepted (4.4288ms)
✔ Factory rejects invalid work-item identities, repository paths and issue numbers (3.7219ms)
✔ only the raw HTTPS GitHub issue URL matching returned repository and number is accepted (4.4083ms)
✔ mixed-case owner/repository URLs match normalized identity and retain display case (1.4814ms)
✔ valid case-preserving repositories and positive safe issue numbers remain verbatim (0.866ms)
✔ old endpoints, denied authorization and transport failures stay unavailable without raw errors (1.8585ms)
✔ a synchronous API failure is contained and clears the read timer (0.688ms)
✔ timeout aborts an unsettled read and suppresses both late success and late failure (1.0127ms)
✔ a settled success or failure cannot be overwritten by an already queued timeout (0.9031ms)
✔ cancellation before the scheduled read prevents even the GET (1.0411ms)
✔ in-flight cancellation ignores transports that resolve or reject after abort (0.7764ms)
✔ component reads once for a valid view and renders truthful Direct copy in one styled paragraph (17.8305ms)
✔ component links only a fully validated Factory response, not extra returned fields (3.25ms)
✔ all four operating roles may read; guests, spectators and unknown roles never request context (17.0867ms)
✔ invalid or absent scope props render the conservative fallback without requesting (18.819ms)
✔ failed exact reads preserve #185 positive or unknown fallback without inventing links or hiding failure (13.0643ms)
✔ a failed origin lookup can be retried explicitly without changing the work identities (6.5178ms)
✔ Corp, actor, room and mission changes hide old success and errors before effect cleanup (18.7379ms)
✔ late success and errors from a replaced request cannot update the current component (16.3242ms)
✔ leaving and returning to identical IDs cannot revive an earlier success or failure (2.6884ms)
✔ same-ID reopened pending requests ignore the original response and error after current denial (3.2252ms)
✔ a guest transition revokes displayed source data and returning operators must read again (2.3099ms)
✔ operating-role and API changes also invalidate old privileged context (3.4612ms)
✔ unmount cancels the read and a fresh mount with identical IDs cannot inherit its outcome (2.8799ms)
✔ one builder preserves the complete current creation payload and retained settings (3.4023ms)
✔ provider defaults, supported reasoning and commit-branch semantics match submission (0.4799ms)
✔ existing deterministic fixture semantics are not converted into provider settings (0.327ms)
✔ scope freezes the exact serialized body and rejects an actor mismatch (2.961ms)
✔ every request field, Corp and actor invalidate an earlier quote (1.4135ms)
✔ preview debounces, uses the exact creation body, and calls only the read-only preview POST (12.25ms)
✔ an edit or closing the composer before debounce starts no request (0.4696ms)
✔ an invalidated request is aborted and cannot publish a late successful quote (1.7696ms)
✔ late errors after actor/Corp change or unmount cannot replace the new preview (1.5242ms)
✔ editing away and back still requires a fresh request, not a revived quote (1.1739ms)
✔ allocations are displayed verbatim from the server, not a frontend Studio formula (0.9839ms)
✔ missing or mismatched quote fields never become a current allocation (2.2947ms)
✔ an absent preview endpoint gives a useful failure state without inventing allocations (1.7178ms)
✔ preview response is bounded to eight tasks without reallocating server budgets (1.1688ms)
✔ unknown, self, duplicate and oversized dependency references remain unknown allocations (1.2085ms)
✔ retry clears an old failure immediately and can accept a fresh quote (2.1668ms)
✔ timeout clears the quote, aborts the request and ignores a late response (1.1742ms)
✔ App shares the request body, invalidates keyed preview instances and retains native Launch (5.5875ms)
✔ mission selection and Discuss use the authoritative non-first owning room (2.2869ms)
✔ mission, task, run and artifact deep links resolve to the same owning room (0.6121ms)
✔ an explicit room deep link and all-discussion view stay in that room (1.6262ms)
✔ stale, missing and older mission/room projections never fall back to the first room (0.3741ms)
✔ related work is limited to the selected room and mission, not a fixed item count (2.0782ms)
✔ messages are room-filtered before mission links and out-of-order reply ancestry (1.0598ms)
✔ valid room, mission and inherited reply submissions retain the same scope (0.8965ms)
✔ stale actor, Corp, room and mission scopes cannot submit or complete a newer draft (0.4232ms)
✔ a disappearing mission or owning room fences previously valid submissions (0.5053ms)
✔ foreign, missing or stale links and replies cannot silently become general comments (0.7457ms)
✔ guest-shaped and missing Factory projections do not establish Direct origin (0.7357ms)
✔ a mission older than the 500-item Factory window remains origin-unknown (0.5166ms)
✔ a positively matched visible Factory item retains its issue attribution (0.2591ms)
✔ known publication/recovery linkage is generic when intake details are unavailable (0.4308ms)
✔ projection helpers preserve the authoritative input and do not retain hidden origin data (0.4075ms)
✔ the UI uses the tested projection and submission helpers on both discussion entry paths (17.5377ms)
✔ scope requires every explicit identity and repository and freezes the view generation (4.2372ms)
✔ the exact scope object, not equal IDs or a prior A -> B -> A view, selects the load (0.7202ms)
✔ one encoded GET is uncached, abortable and body/header/credential free (10.6758ms)
✔ published DTO retains only bound result metadata and leaves raw input untouched (2.4351ms)
✔ only explicit null publication in a correctly scoped response is known absence (3.1824ms)
✔ item and publication scope mismatches never expose links or known absence (7.2393ms)
✔ publication source issue matches the work item without equating authorizer, revisions or checkpoint generations (1.2419ms)
✔ publication and artifact identity tuples plus full digests must all match (3.056ms)
✔ missing, duplicate and unrelated-first deliverables cannot substitute a result (1.3132ms)
✔ native provenance identity, source/target branches and digests are checked without retaining authority (4.7571ms)
✔ raw GitHub PR URLs allow native slash suffixes but retain exact repository and number checks (4.761ms)
✔ owner/repository display case is preserved while full hex values compare by bytes (0.8474ms)
✔ PR state, exact head, owner, recorded metadata and phase cannot contradict each other (2.5563ms)
✔ download metadata rejects controls, external/native paths, malformed hashes and invalid sizes (10.0444ms)
✔ pending, PR-created, published and failed publication are distinct without claiming a live app (2.208ms)
✔ only a different valid pinned run is a mismatch; same-run contradictions stay unavailable (0.79ms)
✔ loading, denied and stale contexts cannot become a result or known absence (0.664ms)
✔ denials, missing endpoints and sync/async transport failures stay unavailable without raw errors (1.3656ms)
✔ timeout aborts and suppresses late successes and failures without retries (1.1048ms)
✔ queued timeout callbacks cannot overwrite a settled success, absence or denial (0.5764ms)
✔ cancellation before start issues no GET; in-flight cancellation publishes no late data (0.6054ms)
✔ new same-ID generation remains unavailable after denial despite a prior response completing later (0.549ms)
✔ fresh human-only bootstrap can select a runner runtime before any crew exists (2.5554ms)
✔ retired and legacy identities neither enable nor suppress advertised runtimes (0.2912ms)
✔ studio requires the exact selected source on a connected runner, not another repository (0.4805ms)
✔ source repository and commit matching are case-insensitive but ref matching is exact (0.2399ms)
✔ unavailable runtimes and non-runtime capabilities are not mission options (1.3691ms)
✔ catalog merging prefers an enabled model without changing the source snapshot (0.5393ms)
✔ unscoped status and crew include ready connection-bound runtimes, but dispatch keeps its exact binding (0.9248ms)
✔ studio always selects Copilot even when another runtime was requested (0.191ms)
✔ studio does not fall back to another provider or an unavailable Copilot runtime (0.5059ms)
✔ solo selection and deterministic fixtures retain their runtime contracts (0.401ms)
✔ a disappearing explicit runtime cannot silently switch provider with stale model settings (0.3187ms)
✔ studio uses enabled Copilot model settings or an explicit provider default (0.2818ms)
✔ fixtures ignore hidden provider model settings (0.1924ms)
✔ normal UI bootstrap opts out of seeded crew without changing fixture tooling (14.3008ms)
✔ runtime character descriptors match the shipped manifest, PNG dimensions, and original file bytes (124.4562ms)
✔ named characters and stable worker identities retain their appearance across reordered snapshots (3.7039ms)
✔ numeric roster positions wrap without producing missing characters, and invalid numbers use the default (0.89ms)
✔ walking uses the original three poses in a 0,1,2,1 cycle at the 150ms boundaries (0.8116ms)
✔ idle, typing, reading and facing use the actual source-sheet rows and columns (0.8023ms)
✔ invalid or negative animation time selects the first pose without invalid source coordinates (0.5481ms)
✔ every animation and direction remains inside a real sheet after long-running animation (0.7189ms)
✔ default floor distinguishes connected workers from offline and test registrations (3.5426ms)
✔ omitted and null retirement fields keep legacy and mission identities available (0.3294ms)
✔ every non-null retirement excludes an identity regardless of pin, date, or reported work (0.4069ms)
✔ retired identity remains resolvable in the unmodified historical snapshot (1.507ms)
✔ retiring the selected agent falls back to current crew, including the empty-roster case (0.3182ms)
✔ pagination filters retirement before assigning seats without mutating order (0.6704ms)
✔ idle does not become working or reviewing from a stale station or pending run request (0.4306ms)
✔ working and blocked status still derive from exact server state and current-run requests (0.3155ms)
✔ #154: a selected worker on a later studio is located on initial mount and selection changes (0.5717ms)
✔ #154: studio lookup follows retirement repagination, not stale seat indexes (0.6347ms)
✔ #154: manual paging survives snapshots, but another selected agent resets page and zoom (0.6543ms)
✔ #154: retirement moving the selected agent to a different page resets the camera (0.2935ms)
✔ #154: mounting or remounting the same starting run never fabricates an arrival (0.2627ms)
✔ #154: only an observed new active run can animate once, and reduced motion wins (0.291ms)
✔ #154: blocked work takes recovery priority over both idle and ordinary active work (0.5325ms)
✔ #154: exact approvals keep priority, and only an unblocked empty floor offers new work (0.2277ms)
✔ history inspectors retain the full snapshot while the floor uses current identities (19.4105ms)
✔ Factory activity prioritizes the exact outcome review, then tool approval, before newer work (3.8175ms)
✔ selection ignores terminal, denied and foreign tool approvals without inventing a run (0.3633ms)
✔ terminal runs cannot become reviewable or active from dangling pending decision records (26.0152ms)
✔ live task, agent, control, timestamps and safe activity come from one scope without mutation (1.3244ms)
✔ a stale Running intake never claims that a cancelled provider is active (0.9785ms)
✔ pending exact-run outcome review is distinct from an active provider and completion (0.7174ms)
✔ tool authority and unavailable decision context do not become outcome approval (2.0316ms)
✔ a completed run is not automatically a completed mission or published application (0.8983ms)
✔ retained data cannot claim current execution: {"connection":"offline"} (0.7068ms)
✔ retained data cannot claim current execution: {"connection":"connecting"} (1.0029ms)
✔ retained data cannot claim current execution: {"snapshotFailed":true} (0.4935ms)
✔ retained data cannot claim current execution: {"snapshotReceivedAt":null} (1.7678ms)
✔ grace, offline and wrong-Corp runner records cannot establish provider liveness (1.1498ms)
✔ runner loss and uncertain teardown remain unknown until a positive termination receipt (1.053ms)
✔ verifier-only runs never appear as a running model (0.5508ms)
✔ quarantine and protected stops stay prominent even with stale transport (1.2584ms)
✔ failed verification, cancelled work and unknown execution modes remain explicit (1.3162ms)
✔ missing, duplicate or foreign task context cannot fall back to another run (0.8185ms)
✔ activity is scoped, deduplicated, ordered, bounded and never reveals raw payloads (2.4632ms)
✔ missing start, invalid clocks and backwards timestamps do not invent a duration (1.1113ms)
✔ expired leases and foreign attribution do not display an active controller (0.9165ms)
✔ actual React detail component reuses current classes, native disclosure and escaped text (15.2811ms)
✔ the Factory integration uses the existing exact-run selector, scoped snapshot and old callbacks (2.8178ms)
✔ a burst of 1000 streamed events schedules one snapshot instead of 1000 requests (2.0645ms)
✔ events arriving during a request produce exactly one trailing snapshot (5.756ms)
✔ the final event during the trailing request is not dropped (1.341ms)
✔ disposing before a scheduled refresh prevents any fetch (0.504ms)
✔ disposing an actor/Corp scope aborts its request and drops trailing work (2.5693ms)
✔ refresh failures are handled and a later event can still refresh (1.2132ms)
✔ a disposed scope does not report an obsolete aborted read as a new UI error (0.9516ms)
✔ websocket events use the coalescer and cleanup cancels its read scope (4.6034ms)
✔ initial connection is bounded, cancellable and offers retry rather than mission restart (4.8692ms)
✔ actual App presence polling only runs for open connection-dependent views, without reconnecting the event socket (251.8519ms)
✔ artifact defaults retain the current wire shape and do not share mutable values (3.7497ms)
✔ file defaults retain the current wire shape and do not share mutable values (0.3213ms)
✔ command defaults retain the current wire shape and do not share mutable values (0.3038ms)
✔ test defaults retain the current wire shape and do not share mutable values (0.2856ms)
✔ json_schema defaults retain the current wire shape and do not share mutable values (0.4001ms)
✔ screenshot defaults retain the current wire shape and do not share mutable values (0.2109ms)
✔ check summaries preserve paths, argument boundaries, byte floors, JSON keys, and rounded timeouts (28.1132ms)
✔ array summaries distinguish item boundaries and preserve exact argument and key values (0.655ms)
✔ byte-counted summaries use singular byte only for the one-byte floor (0.3768ms)
✔ empty and oversized policies remain invalid, with the 16-check boundary accepted (0.6312ms)
✔ invalid byte floor 0 is reported for every byte-counted check (0.4157ms)
✔ invalid byte floor -1 is reported for every byte-counted check (0.191ms)
✔ invalid byte floor NaN is reported for every byte-counted check (0.1951ms)
✔ invalid byte floor Infinity is reported for every byte-counted check (0.1843ms)
✔ validation preserves check order and reports missing paths, programs, timeout bounds, and JSON keys (0.5397ms)
✔ manual gates require allowed roles without changing requester-exclusion semantics (0.3116ms)
✔ preserves the existing advisory-validator scope; server schema/path authorization remains authoritative (0.8732ms)
✔ check transformations create new drafts while retaining unchanged evidence checks and gate identity (0.4621ms)
✔ gate transitions preserve checks and retain current deliberate resets even when reselecting a gate type (0.3052ms)
✔ verification labels retain their current wording and fallback formatting (0.3237ms)
✔ WorkResultCard exposes its status and supplied content with metadata collapsed by default (17.2109ms)
✔ ready PR retains its exact URL and only an explicit download invokes the matching callback (18.7744ms)
✔ loading, unavailable and no-publication states do not fabricate a PR or perform actions (6.6789ms)
✔ a historical review mismatch changes selection only through explicit Go to delivered result (3.4852ms)
✔ an unavailable delivered-run target preserves the historical selection and only offers refresh (280.0097ms)
✔ a failed publication with a recorded PR remains inspectable without being labeled Published (9.8015ms)
✔ Published is not merged or deployed and its collapsed details never invent a running preview (9.4278ms)
✔ expired artifact retention does not hide an existing PR or replace server download validation (16.7813ms)
✔ actual hook hides prior result before cleanup and aborts on each exact scope change (65.1429ms)
✔ actual hook fences late success and failure before cleanup and after replacement (25.7792ms)
✔ actual hook close and reopen with identical IDs cannot revive old ready or pending data (38.1868ms)
✔ actual hook treats positive revision as one refresh hint and never retries failure on render (71.9655ms)
✔ actual App origin-unavailable branch offers manual Refresh work context with no PR CTA (15.6663ms)
✔ actual App first-hop retry exposes the authorized result without moving pinned evidence (40.1434ms)
✔ actual App fallback reports unavailable review details for an unresolved run or request (23.6409ms)
✔ actual work pickers retain a deep-linked historical mission outside the recent eight (110.9971ms)
✔ actual work pickers do not duplicate a recent selection or invent an absent mission (99.9251ms)
✔ related work includes the third mission, task, run and artifact (1.9947ms)
✔ work links name the actual work rather than presenting only opaque IDs (0.1932ms)
✔ related options deduplicate repeated snapshot references (0.2718ms)
✔ mission discussion retains nested replies, including out-of-order snapshots (1.8939ms)
✔ task, run and artifact comments inherit the owning mission only (0.3297ms)
✔ unlinked cycles and missing ancestors cannot manufacture mission context (0.3058ms)
✔ context helpers leave authoritative messages and work objects unchanged (0.3501ms)
✔ work selection follows the owning authorized mission and rejects unknown links (0.3309ms)
✔ human review and automated verification are not advertised as live model sessions (0.4726ms)
✔ enterprise task labels explain the legacy studio lane keys (0.4714ms)
✔ review eligibility explains requester exclusion without bypassing the policy (0.5833ms)
✔ a pending evidence review selects its run rather than a newer active worker (0.2933ms)
✔ a tool-approval wait cannot hide a different pending evidence review (0.1763ms)
✔ review selection rejects mismatched tasks, terminal runs and non-pending requests (0.2266ms)
✔ explicit evidence selection stays bound to that run and cannot inherit another review (0.3268ms)
✔ unselected evidence follows remaining reviews and retains snapshot order without mutation (0.2934ms)
✔ a decided run remains selected until the operator deliberately chooses the next review (0.2073ms)
✔ mission UI binds evidence and decisions and pins the target before submitting (15.2038ms)
✔ runner revision is stable for reordered equivalent records without sorting the input (2.9774ms)
✔ runner revision ignores heartbeat, display and capability churn (0.3486ms)
✔ runner revision changes only when lifecycle identity or presence records change (0.6924ms)
✔ offline presence requests revalidation without rewriting endpoint readiness (0.3634ms)
✔ reconnect mismatch remains a hint until the endpoint itself returns ready presence (0.3474ms)
✔ unknown presence is false and same-ID foreign runners cannot supply presence (1.2453ms)
✔ presence hints never promote or erase native sign-in and installation states (0.6833ms)
✔ revision and presence helpers leave source, models, identity and selection immutable (0.6975ms)
✔ saved choice and source remain present while its machine is offline (0.2768ms)
✔ ready metadata alone cannot borrow another connection or source for dispatch (0.5327ms)
✔ connection UI identity is scoped to actor and room (0.2962ms)
✔ native sign-in instructions cannot navigate to another host or credential-bearing URL (0.2868ms)
✔ accepts matching current contracts, aliases, CRLF and historical prose outside markers (107.4537ms)
✔ rejects added source validation command and reports expected and actual (74.476ms)
✔ rejects removed source validation command and reports expected and actual (79.8817ms)
✔ rejects reordered source validation command and reports expected and actual (82.8802ms)
✔ rejects changed documented commands; correcting the documented sequence restores passing (129.7105ms)
✔ accepts quoted literal Node globs through aliases while preserving quoted versus shell-expanded arguments (107.2614ms)
✔ rejects a source SDK bump until both current compatibility docs are updated (95.3794ms)
✔ rejects a source CLI bump until both current compatibility docs are updated (97.1491ms)
✔ rejects missing opening marker instead of silently dropping a required documentation contract (77.2716ms)
✔ rejects missing closing marker instead of silently dropping a required documentation contract (74.0749ms)
✔ rejects duplicate block instead of silently dropping a required documentation contract (70.7665ms)
✔ rejects reversed markers instead of silently dropping a required documentation contract (82.2269ms)
✔ rejects inline marker instead of silently dropping a required documentation contract (81.6808ms)
✔ requires every current runtime contract and a single SDK and CLI claim inside each (70.8339ms)
✔ rejects missing root alias in the authoritative command sequence (80.9875ms)
✔ rejects cyclic root aliases in the authoritative command sequence (83.0526ms)
✔ rejects shell pipeline in the authoritative command sequence (345.3007ms)
✔ rejects quoted shell expansion in the authoritative command sequence (63.5832ms)
✔ rejects empty command in the authoritative command sequence (62.8924ms)
✔ rejects unsupported alias arguments in the authoritative command sequence (59.7946ms)
✔ rejects unknown documented aliases and malformed command fences (63.5794ms)
✔ reports missing required documents and an invalid source manifest without silently skipping them (59.6468ms)
✔ fails closed for unconstrained SDK dependency (58.6327ms)
✔ fails closed for SDK pin in wrong table (64.8009ms)
✔ fails closed for duplicate SDK declaration (57.314ms)
✔ fails closed for missing named runtime constant (57.0104ms)
✔ fails closed for duplicate runtime constant (59.9037ms)
✔ relocated CLI resolves its own repository, executes no documented command, and exits nonzero for drift (419.4103ms)
✔ checkpoint fixture produces a complete, independently tested local application (385.8119ms)
✔ read-only executable hashing accepts Cargo/Git hardlinks without relaxing source isolation (23.02ms)
✔ exact terminal metadata produces actionable failure and missing-evidence findings using GET only (27.8257ms)
✔ listed artifact is run-scoped metadata and never establishes content or attempt verification (2.5767ms)
✔ refuses active parent (1.1421ms)
✔ refuses wrong repository (0.6205ms)
✔ refuses foreign head repository (0.6802ms)
✔ refuses different workflow (0.5007ms)
✔ refuses different head (0.4978ms)
✔ refuses different attempt (0.4794ms)
✔ refuses job from other attempt (1.0645ms)
✔ refuses job from other head (1.2333ms)
✔ refuses duplicate job (0.9136ms)
✔ refuses unfinished job (0.7067ms)
✔ refuses foreign artifact (0.9165ms)
✔ refuses excess artifacts (2.0582ms)
✔ complete bounded job pagination is required and supported (13.5574ms)
✔ pagination total drift and final run drift refuse a completed observation (1.9616ms)
✔ expired artifacts and unexplained parent failure remain reviewable rather than passing (1.4694ms)
✔ same-source replay is a no-op; changed facts retain revisions and mark no-longer-observed findings (4.395ms)
✔ previous hash tampering refuses before network reads (0.3769ms)
✔ forged previous findings fail integrity or semantic reconstruction; source changes require a new scope (5.0398ms)
✔ newer prior observations and attempts do not flow backward (5.1768ms)
✔ secret-bearing fields and supplied links never enter a receipt or executable Markdown (1.5449ms)
✔ native read budget rejects alternate endpoints, oversized metadata and late responses (1.5856ms)
✔ omitting all required jobs cannot turn one replacement success job into a complete maintenance result (1.334ms)
✔ required skipped job needs review even when an earlier run artifact is listed (1.1256ms)
✔ required neutral job needs review even when an earlier run artifact is listed (0.9097ms)
✔ failed GETs consume the finite shared admission budget without retries (1.3297ms)
✔ CLI writes new bounded files and refuses output reuse; failures retain no raw API error (48.1053ms)
✔ hosted context binds default observer branch, event and exact parent; local mode makes no hosted claim (16.8655ms)
✔ CLI accepts only bounded exact selection and a complete prior pin (0.68ms)
✔ CI workflow: exact Windows runner failure produces a scoped read-only handoff (1.9535ms)
✔ CI workflow: complete successful jobs need only their own declared report artifacts (1.6004ms)
✔ CI workflow: required artifact-free jobs remain required and must execute (1.2445ms)
✔ Repository checks retains its published contract and previous-receipt no-op semantics (2.2386ms)
✔ CI completeness refuses skipped artifact-free required jobs (1.1813ms)
✔ CI completeness refuses neutral artifact-free required jobs (1.9502ms)
✔ CI completeness rejects replacement jobs and requires only CI report metadata (2.6461ms)
✔ CI observation is not a parent-pass claim and does not inspect diagnostic artifacts (1.9965ms)
✔ workflow profiles cannot reuse each other's receipts even at the same source (5.6043ms)
✔ CI identity refuses unknown workflow path (0.5333ms)
✔ CI identity refuses workflow-ID substitution (0.3464ms)
✔ CI identity refuses workflow-name substitution (0.525ms)
✔ CI identity refuses workflow-path substitution (0.334ms)
✔ CI identity refuses foreign repository (0.3474ms)
✔ CI identity refuses fork head repository (0.3407ms)
✔ CI identity refuses wrong source head (0.3895ms)
✔ CI identity refuses wrong attempt (0.3433ms)
✔ CI identity refuses active CI parent (0.35ms)
✔ reader allowlist admits exactly the two workflow metadata routes (0.6918ms)
✔ hosted CI event binds workflow identity to the selected native parent (72.9772ms)
✔ workflow trigger keeps trusted observer checkout and read-only scopes for both producers (16.271ms)
✔ consumer rereads native state using trusted routing and tolerates only observation timing changes (7.9149ms)
✔ consumer refuses task contract revision drift in a fresh observation (1.5662ms)
✔ consumer refuses source base commit drift in a fresh observation (0.8344ms)
✔ consumer refuses verifier digest drift in a fresh observation (0.8305ms)
✔ consumer refuses another actor scope drift in a fresh observation (1.7846ms)
✔ explicit run and mode selections fail before contacting a server (0.9267ms)
✔ denied or unavailable current data does not fall back to a previously passing receipt (0.5836ms)
✔ a matching failed native outcome cannot be consumed as accepted completion (1.0502ms)
✔ file consumption requires the exact expected byte hash and a bounded valid receipt (59.0154ms)
✔ receipt file reads accumulate short native reads before validating bytes (34.7314ms)
✔ receipt file truncate during short reads fails before parsing (7.3189ms)
✔ receipt file grow during short reads fails before parsing (16.565ms)
✔ framed stat metadata survives arbitrary chunk boundaries without payload disclosure (2.5845ms)
✔ unrelated RPCs and read-file contents are not recorded (1.1558ms)
✔ a response ID type change is visible without recording identifier values (0.6323ms)
✔ oversized frames are skipped without parsing nested payload text as requests (0.6002ms)
✔ optional wire observation forwards exact bytes and drains the child (405.8115ms)
✔ a matching request needs a durable rejection and settled run (2.0676ms)
✔ terminal provider without permission is inconclusive, never a pass (1.4366ms)
✔ a rejected but unrelated permission does not satisfy the requested boundary (0.2049ms)
✔ approval acceptance, expiry or missing persisted decision cannot pass (0.3022ms)
✔ a decision or final run from another identity is rejected (0.2166ms)
✔ a provider that has not settled cannot pass the boundary (0.1907ms)
✔ all independent boundary results are required for complete coverage (1.6659ms)
✔ later passing cases remain visible after an earlier inconclusive case (2.4764ms)
✔ duplicate, unknown and malformed results cannot manufacture complete coverage (3.3599ms)
✔ accepts an exact seed and credential-free children of the owned runner (3.7301ms)
✔ a marker elsewhere or an arbitrary GITHUB_TOKEN is not a proven seed (1.6844ms)
✔ absent, ambiguous or foreign runner seed records cannot establish the precondition (1.3638ms)
✔ runner seed booleans must be explicit, not truthy or absent (1.684ms)
✔ missing spawn and undefined parent IDs cannot accidentally correlate (1.2248ms)
✔ runner spawn must be unique, current and tied to the owned observer (1.0733ms)
✔ a seed observed only after runner spawn cannot prove the launch precondition (0.4087ms)
✔ missing or foreign provider observations cannot satisfy the required count (1.6209ms)
✔ a wrong-parent provider is rejected rather than silently filtered out (0.4728ms)
✔ provider identity and absence booleans must be explicit and valid (1.5392ms)
✔ missing ownership and zero or malformed minimums never allow a vacuous pass (1.0524ms)
✔ actual successful relative, absolute and round-trip view results are required (2.645ms)
✔ provider self-report and final file existence are not native-read evidence (1.2752ms)
✔ a missing absolute read or readback cannot pass (1.2777ms)
✔ missing-file errors and successful-but-wrong content remain failures (0.6162ms)
✔ wrong-session or conflicting tool results cannot manufacture evidence (1.5518ms)
✔ an external path with the same filename is not the assigned seed (0.3283ms)
✔ an incomplete stream is explicitly incomplete, not successful empty coverage (0.2288ms)
✔ runner observation proves the synthetic credential was inherited (343.3248ms)
✔ a missing seed fails before starting a runner (181.9324ms)
✔ provider observation confirms removal before invoking the real binary (303.4298ms)
✔ an inherited provider credential fails before any provider execution (194.9126ms)
✔ a marker under another key cannot hide a missing runner GITHUB_TOKEN seed (175.0352ms)
✔ a different token plus an unrelated marker cannot manufacture an exact runner seed (185.1042ms)
✔ a provider token other than the canary is still rejected before child execution (190.1696ms)
✔ a provider canary under another key remains a failing credential boundary (178.9425ms)
✔ uninvoked production modules remain in the coverage denominator with zero hits (14.7495ms)
✔ missing production files cannot produce a passing partial coverage result (0.6918ms)
✔ duplicate and out-of-scope files cannot inflate the denominator (1.654ms)
✔ missing, duplicate and impossible native counts are rejected (0.5912ms)
✔ truncated records are never accepted as completed coverage evidence (0.4169ms)
✔ zero available branches are reported as not applicable instead of fabricated 100 percent (0.3268ms)
✔ issue195 public receipt binds parent binaries, pinned runtime identity, and distinct task source (10.0193ms)
✔ explicit current fixture hash, suspend tokens, and missing-artifact switch normalize without disk reads (1.9409ms)
✔ rebuilt server/runner receipt hashes and an explicit rebuilt CLI hash remain valid and bound (7.5039ms)
✔ all required options are explicit; help is inert (2.4207ms)
✔ every duplicate value option and duplicate boolean switch fails closed (2.5823ms)
✔ unknown targets, positionals, missing operands, and equals-form options are rejected (1.0322ms)
✔ configuration rejects old issue190 (0.3287ms)
✔ configuration rejects string issue number (0.3252ms)
✔ configuration rejects parent rather than candidate code (0.3074ms)
✔ configuration rejects runtime commit used as task source (0.5582ms)
✔ configuration rejects unpinned source ref (0.2307ms)
✔ configuration rejects another runner (0.1853ms)
✔ configuration rejects unowned receipt (0.6286ms)
✔ configuration rejects not-running supervisor (0.5175ms)
✔ configuration rejects missing owner (0.5349ms)
✔ configuration rejects invalid owner (0.3923ms)
✔ configuration rejects changed code checkout (0.7205ms)
✔ configuration rejects changed source checkout (0.2303ms)
✔ configuration rejects changed worktree root (0.2001ms)
✔ configuration rejects invalid server digest (0.2506ms)
✔ configuration rejects invalid runner digest (0.3244ms)
✔ configuration rejects executable substitution (0.4616ms)
✔ configuration rejects binary outside owned bin (0.4684ms)
✔ configuration rejects missing public process (0.2398ms)
✔ configuration rejects wrong process role (0.3606ms)
✔ configuration rejects wrong process workspace (0.4829ms)
✔ configuration rejects invalid process pid (0.4893ms)
✔ configuration rejects invalid process start (0.5043ms)
✔ synthetic VerifyRun evidence distinguishes awaiting independent review from accepted completion (17.6683ms)
✔ forced commit_branch export rejection is a named failure, never archive bypass or approval (4.2512ms)
✔ missing-required-provider-Artifact negative shares the native checks without inventing bytes (4.0129ms)
✔ assessRecovery refuses original usage rewritten (3.8184ms)
✔ assessRecovery refuses original output history changed (2.8759ms)
✔ assessRecovery refuses provider-attempt counter reset (4.432ms)
✔ assessRecovery refuses provider-attempt maximum changed (2.5139ms)
✔ assessRecovery refuses source incident changed (2.3398ms)
✔ assessRecovery refuses checkpoint authority absent (2.3865ms)
✔ assessRecovery refuses different context source (2.1019ms)
✔ assessRecovery refuses budget reset hidden in context (2.5996ms)
✔ assessRecovery refuses another native recovery (2.7995ms)
✔ assessRecovery refuses source-correction instead of verification (2.9874ms)
✔ assessRecovery refuses recovery contract revision (1.8623ms)
✔ assessRecovery refuses changed recovery reason (2.1863ms)
✔ assessRecovery refuses weakened replacement policy (2.8405ms)
✔ assessRecovery refuses new provider session (3.5654ms)
✔ assessRecovery refuses allocated model tokens (3.1271ms)
✔ assessRecovery refuses allocated model cost (2.7209ms)
✔ assessRecovery refuses consumed input tokens (2.587ms)
✔ assessRecovery refuses consumed output tokens (2.6938ms)
✔ assessRecovery refuses consumed model cost (4.03ms)
✔ assessRecovery refuses different workspace root run (3.1633ms)
✔ assessRecovery refuses replacement workspace not preserved (3.2677ms)
✔ assessRecovery refuses replacement fingerprint changed (2.7215ms)
✔ assessRecovery refuses invented provider artifact (3.1567ms)
✔ assessRecovery refuses provider event outside snapshot window (2.6568ms)
✔ assessRecovery refuses native command acknowledgment missing (2.5216ms)
✔ assessRecovery refuses missing native app check (3.0944ms)
✔ assessRecovery refuses evidence kind mismatch (3.583ms)
✔ assessRecovery refuses independent-review self-approval (3.1538ms)
✔ assessRecovery refuses accepted run before gate decision (1.8503ms)
✔ assessRecovery refuses missing factory completion event (1.2687ms)
✔ assessRecovery refuses empty source deliverable (2.2133ms)
✔ assessRecovery refuses wrong deliverable provenance (2.7164ms)
✔ download validation uses in-memory bytes and checks payload digests without claiming a browser test (3.1691ms)
✔ configuration refuses target http://localhost:18574 (0.1976ms)
✔ configuration refuses target https://127.0.0.1:18574 (0.2084ms)
✔ configuration refuses target http://127.0.0.1:18574/ (0.1053ms)
✔ configuration refuses target http://127.0.0.1:18575 (0.0981ms)
✔ configuration refuses target http://127.0.0.1:8791 (0.1354ms)
✔ configuration refuses target http://127.0.0.1:18574/api (0.1626ms)
✔ configuration refuses target http://127.0.0.1:18574?x=1 (0.1607ms)
✔ configuration refuses target http://example.invalid:18574 (0.1984ms)
✔ configuration refuses target http://user:password@127.0.0.1:18574 (0.1877ms)
✔ configuration refuses target http://[::1]:18574 (0.159ms)
✔ absolute path and owned-output boundaries reject aliases, devices, UNC, ADS, and root reuse (5.8094ms)
✔ explicit independent reviewer, valid digest, and bounded numeric options are mandatory (7.1283ms)
✔ reports expose hashes and constrained identity, never receipt metadata or provider output (1.864ms)
✔ saved report cannot adopt changed authority, extra fields, or identities without prior intent (5.8691ms)
✔ baseline and journal never consult the bounded snapshot.events window (29.8399ms)
✔ baseline preserves every pre-existing missions record (1.2854ms)
✔ baseline preserves every pre-existing tasks record (0.762ms)
✔ baseline preserves every pre-existing runs record (0.8819ms)
✔ baseline preserves every pre-existing factory_work_items record (0.8715ms)
✔ baseline preserves every pre-existing factory_verification_recoveries record (0.7788ms)
✔ baseline preserves every pre-existing verification_evidence record (1.0348ms)
✔ baseline preserves every pre-existing verification_requests record (0.8225ms)
✔ baseline preserves every pre-existing source_deliverables record (0.9697ms)
✔ baseline preserves every pre-existing mission_contract_revisions record (1.5824ms)
✔ baseline preserves every pre-existing mission_budget_revisions record (0.9681ms)
✔ baseline preserves every pre-existing action_approvals record (1.3437ms)
✔ baseline preserves every pre-existing circuit_breaker_incidents record (1.0462ms)
✔ baseline permits additive rows and events while forbidding live work and missing history tables (1.8223ms)
✔ journal requires exact Ready watermark, ordered unique same-Corp events, and bounded count (1.2545ms)
✔ buildPlan is deterministic, fresh, output-owned, and mirrors one ready synthetic issue (2.2979ms)
✔ factory argv remains pinned and recovery only appends the exact checkpoint mode and recorded reason (1.4888ms)
✔ persisted app, base-file, exact hash command and independent-review checks cannot be replaced by Artifact (10.9516ms)
✔ checkpoint digests use Rust field order, preserve app policy, and retain forced commit_branch authority (1.1025ms)
✔ invokeFactory uses only injected child I/O, a bounded timeout, and a non-inherited environment (1.3464ms)
✔ invokeFactory never retries an uncertain execution or logs raw stdout/stderr (2.9046ms)
✔ explicit Windows assessment preserves historical paths on every host (3.8144ms)
✔ default host assessment still rejects foreign path namespaces (1.0003ms)
✔ assessOriginal binds native stop from full replay, not snapshot.events (1.611ms)
✔ assessOriginal binds native suspend from full replay, not snapshot.events (1.9257ms)
✔ assessOriginal rejects provider attempt increment without accepting or replacing work (1.5642ms)
✔ assessOriginal rejects attempt ceiling revision without accepting or replacing work (0.7516ms)
✔ assessOriginal rejects current budget revision without accepting or replacing work (0.7955ms)
✔ assessOriginal rejects original budget rewrite without accepting or replacing work (0.7089ms)
✔ assessOriginal rejects persisted hash verifier removal without accepting or replacing work (0.816ms)
✔ assessOriginal rejects manual gate weakening without accepting or replacing work (1.0493ms)
✔ assessOriginal rejects contract source replacement without accepting or replacing work (0.8093ms)
✔ assessOriginal rejects write scope replacement without accepting or replacing work (0.7168ms)
✔ assessOriginal rejects archive bypass of forced commit_branch without accepting or replacing work (0.7173ms)
✔ assessOriginal rejects provider secret authority without accepting or replacing work (0.7988ms)
✔ assessOriginal rejects extra provider run without accepting or replacing work (0.793ms)
✔ assessOriginal rejects extra task without accepting or replacing work (1.4284ms)
✔ assessOriginal rejects changed factory owner without accepting or replacing work (0.6957ms)
✔ assessOriginal rejects changed issue revision without accepting or replacing work (0.7928ms)
✔ assessOriginal rejects wrong assigned runner without accepting or replacing work (0.7191ms)
✔ assessOriginal rejects producer reviewing itself without accepting or replacing work (0.7128ms)
✔ assessOriginal rejects source-checkout execution without accepting or replacing work (0.8915ms)
✔ assessOriginal rejects quarantined checkpoint without accepting or replacing work (1.1608ms)
✔ assessOriginal rejects loop-counter change without accepting or replacing work (0.8215ms)
✔ assessOriginal rejects rewritten usage without accepting or replacing work (1.0956ms)
✔ assessOriginal rejects invented provider artifact without accepting or replacing work (0.8156ms)
✔ assessOriginal rejects checkpoint missing without accepting or replacing work (1.6625ms)
✔ assessOriginal rejects checkpoint policy digest changed without accepting or replacing work (1.077ms)
✔ assessOriginal rejects provider still alive without accepting or replacing work (1.009ms)
✔ assessOriginal rejects budget command not acknowledged without accepting or replacing work (1.0733ms)
✔ assessOriginal rejects budget incident missing without accepting or replacing work (0.8284ms)
✔ assessOriginal rejects previously recorded run missing without accepting or replacing work (0.9125ms)
✔ assessOriginal rejects accepted provider progress hidden before snapshot window without accepting or replacing work (0.7614ms)
✔ suite pauses for native browser review by default and only observes external approval on continuation (65.9322ms)
✔ suite retains native forced-commit export failure and performs no review, download, or policy bypass (20.345ms)
✔ suite missing-Artifact negative is explicit rejection, not verified delivery or fabricated provider evidence (21.0315ms)
✔ --continue cannot create a baseline or begin an unrecorded mutation (12.2566ms)
✔ unknown create response is never retried; continuation times out without adopting replacement work (41.6365ms)
✔ lost create response reconciles the exact item/run, but --continue cannot authorize recovery (14.5324ms)
✔ lost recovery response binds the recorded replacement; continuation only pauses for its exact browser gate (24.951ms)
✔ external browser approval completes exact recorded work without retries or erasing earlier failure history (46.1032ms)
✔ suite never mutates when independent reviewer is missing (3.8038ms)
✔ suite never mutates when independent reviewer is not human (4.323ms)
✔ suite never mutates when independent reviewer is unauthorized role (3.4232ms)
✔ suite never mutates when independent reviewer is guest (4.0916ms)
✔ suite never mutates when independent reviewer is wrong Corp (4.6029ms)
✔ failed intent persistence or changed parent inputs prevents the corresponding native effect (23.35ms)
✔ a colliding synthetic item without saved create intent is never adopted or mutated (4.325ms)
✔ wrong physical base bytes stop before recovery; tampered downloads stop without another attempt (50.2992ms)
✔ --continue fails closed when recorded work disappears, with no new mission or native retry (34.6152ms)
✔ explicit browser-review flag preserves the default two-step flow without a scripted-review mode (16.6524ms)
✔ browser-review pause cannot be continued with substituted gate identities or reviewer (20.5352ms)
✔ production I/O exposes no review POST and confines injected requests to exact GET routes (40.1525ms)
✔ runtime factory adapter never retries an ambiguous injected CLI call (1.5993ms)
✔ server-upgrade option is explicit, continue-only, and confined to the owned runtime directory (24.9842ms)
✔ server-only upgrade retains the original binding/failure and separately records server provenance read-only (45.3737ms)
✔ upgrade rejects runner/web/CLI changes, a mismatched old binding, and conflicting server provenance (27.4112ms)
✔ same-verifier native checkpoint re-attestation accepts a real run_id-only VerificationRequest (3.0198ms)
✔ checkpoint re-attestation cannot target another run, duplicate an ACK, or permit provider usage (4.5094ms)
✔ strict phase parsing and explicit opt-in (6.9941ms)
✔ reject manual/default/aliased ports, credentials, ambiguous URLs and mismatched environment before API access (13.2175ms)
✔ verification is GET-only and no phase can call decision/reset/bootstrap/foreign-Corp routes (3.3871ms)
✔ prepare → newer approved → isolated replay observation → explicit older approval → automatic synthesis (130.547ms)
✔ lost create response adopts exact marker without sending a second create (28.9643ms)
✔ unknown create that never arrived fails closed, never creates a replacement (4.3479ms)
✔ lost revision response replays the exact native UUID and preserves only two revisions (64.4959ms)
✔ lost launch response recovers exact root IDs by readback, never dispatches again (32.3137ms)
✔ wrong source/pinned staffing/non-quiescent fixture rejected before any POST (3.0414ms)
✔ cannot skip intermediate observation or approve the older run first (46.3821ms)
✔ exact reviewer attribution, artifact binding and no second decision are enforced (75.9651ms)
✔ duplicate decision event and journal rollover cannot pass as replay isolation (49.5108ms)
✔ checkpoint fixture mismatch and modified pre-existing rows are rejected (43.1421ms)
✔ failed artifact download is rechecked on prepare resume without more POSTs (26.7532ms)
✔ linux: native unavailable admission is a verified refusal, not provider success (382.0316ms)
✔ darwin: native unavailable admission is a verified refusal, not provider success (332.1351ms)
✔ Windows: an unavailable provider remains a failure (301.7728ms)
✔ Unix: accidentally accepting an unsupported provider fails the contract (282.7664ms)
✔ Unix: an unrelated admission failure cannot stand in for containment refusal (271.2859ms)
✔ Unix: a refusal with a persisted run is rejected (301.0417ms)
✔ Unknown runner platforms fail before resetting a fixture (144.8846ms)
✔ A Linux expectation cannot conceal an unavailable Windows runner (194.2698ms)
✔ Unknown reported runner OS fails before creating provider work (188.5735ms)
✔ An owned child stuck on HTTP is reaped before fixture cleanup (2048.306ms)
✔ explicit CLI and parent runtime receipt reuse retain owner/source/process binding (8.8345ms)
✔ additive request changes only the fixture case, keeps native 5000 authority and no delivery/resume (0.8889ms)
✔ shared client sends exact additive create/launch bodies without retries or extra routes (37.4341ms)
✔ pure native trace accepts actual ACK before failure/termination without prescribing that order (7.2856ms)
✔ pure native trace accepts actual ACK between failure/termination without prescribing that order (3.8943ms)
✔ pure native trace accepts actual ACK after failure/termination without prescribing that order (3.9526ms)
✔ pure evidence rejection: missing actual artifact rejection (2.1587ms)
✔ pure evidence rejection: unrelated failure (1.4206ms)
✔ pure evidence rejection: termination before failure is not the race (3.1338ms)
✔ pure evidence rejection: missing termination is not success (2.3917ms)
✔ pure evidence rejection: missing ACK remains unproven (1.4892ms)
✔ pure evidence rejection: wrong command correlation (1.7388ms)
✔ pure evidence rejection: wrong ACK runner (1.7983ms)
✔ pure evidence rejection: foreign session event scope (1.1871ms)
✔ pure evidence rejection: non-native event attribution (1.5367ms)
✔ pure evidence rejection: wrong native event identity (1.4303ms)
✔ pure evidence rejection: rewritten failure summary (1.1574ms)
✔ pure evidence rejection: agent still assigned (1.1403ms)
✔ pure evidence rejection: task resurrected (1.0869ms)
✔ pure evidence rejection: mission resurrected (1.5174ms)
✔ pure evidence rejection: accepted artifact metadata (1.2014ms)
✔ pure evidence rejection: late accepted completion even if snapshot says failed (1.2806ms)
✔ pure evidence rejection: accepted artifact even outside bounded snapshot.events (1.3881ms)
✔ pure evidence rejection: verification event is forbidden (0.8571ms)
✔ pure evidence rejection: uncertain teardown is forbidden (1.0154ms)
✔ pure evidence rejection: accepted evidence record (1.3792ms)
✔ pure evidence rejection: budget revision (1.0674ms)
✔ pure evidence rejection: replacement run (0.8683ms)
✔ pure evidence rejection: source substitution (0.8781ms)
✔ pure evidence rejection: verification-only execution cannot attest a provider (0.8205ms)
✔ pure evidence rejection: usage must be exactly two 3000-token increments (1.2798ms)
✔ invalid native termination payload cannot pass (null) (1.1564ms)
✔ invalid native termination payload cannot pass ([]) (1.3833ms)
✔ invalid native termination payload cannot pass ({}) (1.1119ms)
✔ invalid native termination payload cannot pass ({"adapter":"other"}) (1.1846ms)
✔ invalid native termination payload cannot pass ({"provider_process_alive":true}) (1.2288ms)
✔ invalid native termination payload cannot pass ({"provider_process_alive":"false"}) (1.2549ms)
✔ invalid native termination payload cannot pass ({"outcome":"verified"}) (0.9868ms)
✔ invalid native termination payload cannot pass ({"message":""}) (0.8463ms)
✔ invalid native termination payload cannot pass ({"message":1}) (0.8061ms)
✔ invalid native termination payload cannot pass ({"message":"xxxxxxxxxxxxxxxxxxxxxxxxxxxxxxxxxxxxxxxxxxxxxxxx) (1.4368ms)
✔ invalid native termination payload cannot pass ({"message":"untrusted\ntext"}) (1.2669ms)
✔ invalid native termination payload cannot pass ({"message":"
"}) (0.7039ms)
✔ invalid native termination payload cannot pass ({"credential":"PRIVATE_PROVIDER_CONTENT_OR_ASSIGNMENT_TOKEN_) (0.6051ms)
✔ all native terminal outcomes and absent optional message are valid telemetry, not accepted completion (3.3771ms)
✔ one additive case checkpoints and announces intent/IDs, retains history, and waits for quiet readback (39.259ms)
✔ passed same-case continuation recomputes proof with zero further mutations (38.9244ms)
✔ createLost: failure preserves exact intent, continuation never retries an attempted POST (17.0591ms)
✔ createUnknown: failure preserves exact intent, continuation never retries an attempted POST (2.6256ms)
✔ launchLost: failure preserves exact intent, continuation never retries an attempted POST (21.0639ms)
✔ launchUnknown: failure preserves exact intent, continuation never retries an attempted POST (4.5771ms)
✔ bounded live failure leaves the original run live, IDs and intent intact, with no replacement (61.0115ms)
✔ missing late telemetry is a bounded failure with actual ACK order, not a race claim (34.4531ms)
✔ natural later telemetry/finalization can settle without rewriting terminal state or historical events (21.3328ms)
✔ settling cannot hide changed terminal run summary (6.311ms)
✔ settling cannot hide changed terminal task (7.3548ms)
✔ settling cannot hide changed terminal mission (6.0576ms)
✔ settling cannot hide changed terminal agent (6.9516ms)
✔ settling cannot hide changed old run (7.8125ms)
✔ settling cannot hide changed old agent (5.3166ms)
✔ settling cannot hide changed old journal prefix (5.1444ms)
✔ settling cannot hide changed original failure event (5.6318ms)
✔ saved report cannot substitute receipt, native authority, source, or erase baseline after an effect (2.9833ms)
✔ report save uses exclusive lock, private synced temp and atomic rename; refuses implicit overwrite (3.5228ms)
✔ stale locks are never stolen and failed saves retain original report and orphaned temp (1.0447ms)
✔ report cannot replace receipt; bounded reads reject links, hardlinks and inode swaps before reading (0.9509ms)
✔ CLI is explicit, non-ambient, duplicate/unknown flags fail (6.6979ms)
✔ explicit parent runtime metadata aligns without opening any named process/log/source (5.0734ms)
✔ rejects protected/manual API port 5187 (0.3898ms)
✔ rejects protected/manual API port 5291 (0.2948ms)
✔ rejects protected/manual API port 8791 (0.327ms)
✔ rejects protected/manual API port 8793 (0.3199ms)
✔ rejects protected/manual API port 8991 (0.2528ms)
✔ rejects protected/manual API port 15191 (0.3411ms)
✔ rejects protected/manual API port 15193 (0.4265ms)
✔ rejects protected/manual API port 15491 (0.6229ms)
✔ rejects protected/manual API port 15493 (0.3367ms)
✔ rejects protected/manual API port 15496 (0.2551ms)
✔ rejects protected/manual API port 18961 (0.2245ms)
✔ rejects protected/manual API port 18962 (0.2494ms)
✔ rejects protected/manual API port 18963 (0.2313ms)
✔ rejects ambiguous or non-owned origin http://localhost:18574 (0.4366ms)
✔ rejects ambiguous or non-owned origin http://127.1:18574 (0.2654ms)
✔ rejects ambiguous or non-owned origin http://[::1]:18574 (0.2924ms)
✔ rejects ambiguous or non-owned origin https://127.0.0.1:18574 (0.2966ms)
✔ rejects ambiguous or non-owned origin http://127.0.0.1:18574/ (0.2169ms)
✔ rejects ambiguous or non-owned origin http://127.0.0.1:18574/api (0.1794ms)
✔ rejects ambiguous or non-owned origin http://127.0.0.1:18574?x=1 (0.3099ms)
✔ rejects ambiguous or non-owned origin http://redacted:redacted@127.0.0.1:18574 (0.2988ms)
✔ rejects ambiguous or non-owned origin http://example.com:18574 (0.2053ms)
✔ receipt requires complete immutable source, no unknown authority or provider substitution (4.0482ms)
✔ native requests preserve single strategy, exact source, budget, File verifier, no deliverable (0.7681ms)
✔ Rust policy digest uses explicit declaration order, not JS/JSONB property order (1.1926ms)
✔ canonical containment handles Windows drive prefixes but rejects aliases/escapes (1.0577ms)
✔ POSIX containment rejects traversal, equality and sibling prefixes (0.6404ms)
✔ base.txt reads exactly five bytes, and all link/reparse/hardlink failures occur before open (12.4245ms)
✔ opened-file identity swaps fail closed without reading bytes (2.0626ms)
✔ runners are top-level; nested-only, unavailable, foreign, ambiguous or different-source runners fail (1.4512ms)
✔ suspend: actual usage -> breaker -> native teardown -> exact checkpoint -> terminal (3.7622ms)
✔ stop: actual usage -> breaker -> native teardown -> exact checkpoint -> terminal (1.507ms)
✔ rejects missing checkpoint (1.4391ms)
✔ rejects foreign Corp proof (0.9137ms)
✔ rejects foreign mission proof (0.8323ms)
✔ rejects foreign task proof (0.789ms)
✔ rejects foreign run proof (1.7264ms)
✔ rejects foreign agent proof (1.3332ms)
✔ rejects foreign runner proof (1.0952ms)
✔ rejects wrong original base (1.2191ms)
✔ rejects changed HEAD (1.0956ms)
✔ rejects changed fingerprint (0.9877ms)
✔ rejects arbitrary JS policy ordering (1.2193ms)
✔ rejects changed write digest (0.8632ms)
✔ rejects changed deliverable digest (1.083ms)
✔ rejects token in proof (1.5606ms)
✔ rejects live provider (0.9887ms)
✔ rejects wrong adapter (1.1092ms)
✔ rejects foreign event lineage (0.9241ms)
✔ rejects late checkpoint (1.1768ms)
✔ rejects missing usage (1.0892ms)
✔ rejects fake cumulative usage (0.9218ms)
✔ rejects wrong breaker metric (1.1676ms)
✔ rejects wrong command acknowledgement (1.277ms)
✔ rejects accepted artifact (0.7942ms)
✔ rejects verification started (1.1065ms)
✔ rejects lost is not completion (0.7001ms)
✔ rejects agent still assigned (0.7634ms)
✔ rejects automatic retry (0.7455ms)
✔ rejects replacement task (0.658ms)
✔ rejects resume lineage (0.5142ms)
✔ rejects budget override (0.4741ms)
✔ rejects write scope widening (0.416ms)
✔ rejects policy weakening (0.3611ms)
✔ rejects path outside runner (0.6966ms)
✔ rejects unknown projection strings are not logged (0.7146ms)
✔ rejects non-native none breaker projection is rejected (0.7053ms)
✔ rejects accepted evidence row (0.7137ms)
✔ full replay, not the bounded snapshot, rejects earlier run.completed (0.9909ms)
✔ full replay, not the bounded snapshot, rejects earlier run.verification_started (1.4938ms)
✔ full replay, not the bounded snapshot, rejects earlier run.verification_evidence (0.9699ms)
✔ full replay, not the bounded snapshot, rejects earlier run.artifact (1.7769ms)
✔ full replay, not the bounded snapshot, rejects earlier run.deliverable (0.6254ms)
✔ full replay, not the bounded snapshot, rejects earlier run.workspace_removed (0.7375ms)
✔ full replay, not the bounded snapshot, rejects earlier run.teardown_uncertain (1.0169ms)
✔ visible history and original journal prefix are immutable; no whole-database inference (2.0846ms)
✔ journal bounds, strict ordering, non-contiguous visible sequences and Ready watermark (0.8693ms)
✔ API requests allow only exact scoped snapshot/create/launch, never reset/policy/resume (37.0002ms)
✔ HTTP errors with sensitive bodies are not retried or exposed (0.8032ms)
✔ oversized API responses fail at the byte bound, with no response body in the error (10.3146ms)
✔ native journal API requires a real Ready watermark and refuses partial replay (1.3561ms)
✔ two additive cases checkpoint intent/IDs, retain old history, and pass only after quiet observation (33.0691ms)
✔ baseline counts are dynamic, including completed prior browser-created missions (37.9168ms)
✔ completed checkpoint continuation is read-only and never re-launches either case (45.175ms)
✔ timeout leaves a live run LIVE with its original ID and never starts a replacement/second case (32.9386ms)
✔ lost create response discovers exact original IDs; intentional continuation sends no duplicate (28.156ms)
✔ uncertain create without an observable result blocks continuation, never replacement (2.2957ms)
✔ lost launch response discovers exact original IDs; intentional continuation sends no duplicate (18.2022ms)
✔ uncertain launch without an observable result blocks continuation, never replacement (2.4233ms)
✔ driver failure keeps IDs and failure report; late accepted verification cannot pass (7.3729ms)
✔ saved report cannot change receipt/source/runner/process scope or invent successful authority (0.9687ms)
✔ existing budget-stream keeps its original synthetic 6000-token contract (1268.625ms)
✔ UI budget-stream uses the real 500K preset with explicit synthetic counters (1166.8692ms)
✔ native interrupt prevents later usage and completion in the UI fixture (297.2981ms)
✔ original budget-stream still interrupts before its second usage and scheduled completion (331.9259ms)
✔ queued completion emits exact usage and completed before a subsequent interrupt response (204.8031ms)
✔ actual queued fixture writes base then emits both usages and finish synchronously without timers (4.3936ms)
✔ User/Organization resolver verifies owner and project number without reading items (1170.4902ms)
✔ opaque paginated active-only discovery retains 1002 items and exact Issue source (2842.4373ms)
✔ empty pages, invalid cursors and archived cursors never silently restart pagination (1550.7493ms)
✔ quota-only probes accept include flags before/after endpoint and retain plain JSON (733.0519ms)
✔ exact items, memberships and publisher fields support metered and legacy plain callers (1585.659ms)
✔ configured primary refusal exposes reset headers and recovers exactly at fixture reset (600.819ms)
✔ secondary failures are finite per-query attempts even with interleaved probes (996.149ms)
✔ 503 failures expose Retry-After without spending quota or triggering source mutation (405.6975ms)
✔ source-drift hook remains shared across pages, legacy lists and exact reads only (2047.2009ms)
✔ legacy Project edits and publisher PR mutation/recovery semantics are preserved (1327.4571ms)
✔ errors and observation logs never echo credentials, headers, query text or variables (763.1616ms)
✔ invalid quota/failure configurations fail safely and event retention is bounded (1703.9358ms)
✔ parses HTTPS clone URL without resolving redirects (3.6505ms)
✔ parses HTTPS repository URL without resolving redirects (0.3937ms)
✔ parses HTTPS default port without resolving redirects (0.2284ms)
✔ parses SSH SCP URL without resolving redirects (0.3819ms)
✔ parses SSH URI without resolving redirects (0.2665ms)
✔ parses SSH default port without resolving redirects (0.284ms)
✔ parses SSH alternate port without resolving redirects (0.3184ms)
✔ parses case normalization without resolving redirects (0.254ms)
✔ parses trailing slash without resolving redirects (1.3305ms)
✔ parses Git output newline without resolving redirects (0.433ms)
✔ keeps old, transferred and deliberately wrong repositories distinct (0.6025ms)
✔ retains valid repository punctuation (0.1972ms)
✔ rejects missing without disclosing the origin (0.8854ms)
✔ rejects null without disclosing the origin (0.2124ms)
✔ rejects non-string without disclosing the origin (0.1477ms)
✔ rejects empty without disclosing the origin (0.1259ms)
✔ rejects bare namespace without disclosing the origin (0.1058ms)
✔ rejects different host without disclosing the origin (0.1355ms)
✔ rejects host suffix without disclosing the origin (0.1957ms)
✔ rejects HTTP without disclosing the origin (0.1527ms)
✔ rejects Git protocol without disclosing the origin (0.2245ms)
✔ rejects HTTPS userinfo without disclosing the origin (0.2806ms)
✔ rejects HTTPS password without disclosing the origin (0.2023ms)
✔ rejects SSH password without disclosing the origin (0.1464ms)
✔ rejects non-Git SSH user without disclosing the origin (0.1206ms)
✔ rejects SCP userinfo without disclosing the origin (0.2077ms)
✔ rejects SCP prefix not recognized by the runner without disclosing the origin (0.1912ms)
✔ rejects query without disclosing the origin (0.1957ms)
✔ rejects fragment without disclosing the origin (0.1562ms)
✔ rejects extra path without disclosing the origin (0.2132ms)
✔ rejects traversal without disclosing the origin (0.1942ms)
✔ rejects dot owner without disclosing the origin (0.1594ms)
✔ rejects dot repository without disclosing the origin (0.1569ms)
✔ rejects empty repository without disclosing the origin (0.1559ms)
✔ rejects encoded path without disclosing the origin (0.1409ms)
✔ rejects backslash without disclosing the origin (0.1945ms)
✔ rejects multiple origins without disclosing the origin (0.1731ms)
✔ rejects oversized origin without disclosing the origin (0.169ms)
✔ reads only the selected checkout origin with bounded, piped Git output (0.3865ms)
✔ Git failure discards message, cause, stdout and stderr without fallback (0.4083ms)
✔ a successful Git read cannot admit a credential-bearing origin (0.3188ms)
✔ imports actual-shaped retained native success and reproducible external rejection as a candidate only (170.15ms)
✔ old oracle without physical digest remains explicitly weaker and prompt alignment remains unreviewed (136.7625ms)
✔ repeated captures and checker versions of one run do not create independent evidence identities (494.0604ms)
✔ local review digest cannot activate a candidate even with two distinct native runs (297.9513ms)
✔ refuses foreign Corp even with repinned retained files (141.5559ms)
✔ refuses foreign room even with repinned retained files (143.1588ms)
✔ refuses other source even with repinned retained files (156.2583ms)
✔ refuses changed contract source even with repinned retained files (158.7082ms)
✔ refuses missing native checks even with repinned retained files (142.7565ms)
✔ refuses failed test under passed native label even with repinned retained files (150.0247ms)
✔ refuses wrong oracle bytes even with repinned retained files (148.5349ms)
✔ refuses wrong resume identity even with repinned retained files (142.6031ms)
✔ refuses wrong resume ancestry even with repinned retained files (133.7142ms)
✔ refuses cancelled run even with repinned retained files (133.5056ms)
✔ refuses substituted before bytes even with repinned retained files (156.8545ms)
✔ refuses unknown checker even with repinned retained files (27.3606ms)
✔ hash pins, duplicate JSON keys and traversal are rejected before candidate output (153.5003ms)
✔ directory redirection and oversized files fail closed (217.7162ms)
✔ exact append handles LF and CRLF without normalizing changed source (0.6401ms)
✔ external rejection cannot be imported when exact output actually passes (156.0911ms)
✔ CLI reads pinned inputs and creates one new corpus without overwriting source files (388.9858ms)
✔ CLI has one aggregate read budget covering the request, corpus, manifests and retained files (416.6074ms)
▶ local stack owned-process and state regression fixtures
  ✔ identity comes from the live process and binds only the explicit workspace (2.2526ms)
  ✔ wrong timestamps, executable, workspace and malformed records fail closed (0.2878ms)
  ✔ a stale creation record aimed at a live synthetic PID cannot stop it (0.2529ms)
  ✔ stopping the verified root leaves its descendant and an unrelated child alive (0.2ms)
  ✔ Start accepts working and log directories containing spaces (0.2096ms)
  ✔ Start treats bracketed log directories as literal paths (0.2254ms)
  ✔ Start treats bracketed working directories as literal paths (0.1972ms)
  ✔ failed-start rollback results preserve the original error and require both success signals (0.2015ms)
  ✔ Start preserves literal arguments, spaces, child-only environment and redacted evidence (0.3242ms)
  ✔ repeated role launches retain earlier logs and allocate unique stdout/stderr files (0.497ms)
  ✔ extracted Launch preserves ownership on save failure (verified rollback) (0.1932ms)
  ✔ extracted Launch preserves ownership on save failure (unverified rollback) (0.1287ms)
  ✔ v2 state round-trips nested records and read preserves exact bytes (0.1299ms)
  ✔ corrupt, unsupported and differently scoped state is refused without deleting evidence (0.2069ms)
  ✔ state writes reject traversal, sibling-prefix paths and foreign workspace claims (0.1334ms)
  ✔ state writes reject reparse-point parent directories (0.1732ms)
  ✔ a failed atomic replacement preserves old bytes and removes its temporary file (1.5609ms)
  ✔ concurrent synthetic reader observes only complete atomic state generations (0.1331ms)
  ✔ legacy numeric state stays read-only and never authorizes stopping (0.2177ms)
  ✔ cleanup reaps only held synthetic handles and removes only its temporary tree (0.1291ms)
✔ local stack owned-process and state regression fixtures (13829.1093ms)
ℹ PowerShell 7.6.5; 14 synthetic processes reaped; no fixture tree remains
▶ local stack starter source guards
  ✔ starter has no unconditional stop invocation (0.2476ms)
  ✔ starter never passes a database URL as a command argument (0.1512ms)
  ✔ starter forwards the native runner startup-recovery opt-out unchanged (0.1147ms)
  ✔ persisted runner IDs block automatic reenrollment even when offline (0.1132ms)
  ✔ Factory policy paths are canonicalized against the checkout before persistence and launch (0.1092ms)
  ✔ Factory saved connection is retained and passed only as an explicit native option (0.0935ms)
  ✔ live source-ref changes use exact comparison for old and current records (0.1055ms)
  ✔ starter never deletes enrollment or credentials without an explicit reset/rotation guard (0.1048ms)
  ✔ Compose operations are guarded by external-database selection (0.1068ms)
  ✔ stopper does not rediscover or terminate a descendant tree from saved PIDs (0.1447ms)
✔ local stack starter source guards (3681.7981ms)
✔ one checkout serializes commands while another checkout remains usable (7541.9798ms)
✔ explicit restart nesting and failed operations release their native lock (5978.8701ms)
✔ an interrupted command does not leave a stale lock requiring manual cleanup (3847.373ms)
✔ both supported entrypoints use the same operation boundary (5.0556ms)
✔ reported idle remains idle without a pending request (2.9432ms)
✔ reported starting remains starting without a pending request (0.2618ms)
✔ reported working remains working without a pending request (0.1733ms)
✔ reported blocked remains blocked without a pending request (0.1879ms)
✔ reported reviewing remains reviewing without a pending request (0.1511ms)
✔ reported offline remains offline without a pending request (0.1986ms)
✔ working station "read" projects reading (0.3061ms)
✔ working station "search" projects reading (0.2556ms)
✔ working station " READ " projects reading (0.2949ms)
✔ working station "Search" projects reading (0.4797ms)
✔ working station "test" projects working (0.2155ms)
✔ working station "build" projects working (0.1463ms)
✔ working station "review" projects working (0.1122ms)
✔ working station "research" projects working (0.1159ms)
✔ working station "bread" projects working (0.1109ms)
✔ working station "break" projects working (0.1164ms)
✔ working station "unknown-tool" projects working (0.1104ms)
✔ working station null projects working (0.1023ms)
✔ a stale station does not invent activity for a non-working agent (0.3721ms)
✔ a blocked agent needs an exact current-run approval match (0.1907ms)
✔ an exact current-run pending review is distinct from an action approval (0.1721ms)
✔ unrelated and prior-run pending requests cannot affect the current agent (0.2378ms)
✔ an approval stops affecting an agent as soon as its current run changes (0.1815ms)
✔ null and empty current-run IDs cannot acquire pending request state (0.1894ms)
✔ offline wins even when the recorded current run has both pending requests (0.1743ms)
✔ exact action approval takes precedence over exact review (0.1765ms)
✔ explicit current-run requests do not depend on a blocked display status (0.2332ms)
✔ projection does not mutate agents or request sets or infer state from identity text (1.2866ms)
✔ all eight states have distinct labels and factual descriptions (0.6139ms)
✔ roster ordering is stable by ID without mutating the source array (0.411ms)
✔ renaming or changing activity does not move an existing roster to different seats (0.5231ms)
✔ 0 agents occupy exactly 0 studios without stacked seats (0.3447ms)
✔ 1 agents occupy exactly 1 studios without stacked seats (0.739ms)
✔ 5 agents occupy exactly 1 studios without stacked seats (0.1988ms)
✔ 6 agents occupy exactly 1 studios without stacked seats (0.3271ms)
✔ 7 agents occupy exactly 2 studios without stacked seats (0.2498ms)
✔ 11 agents occupy exactly 2 studios without stacked seats (0.1812ms)
✔ 12 agents occupy exactly 2 studios without stacked seats (0.1697ms)
✔ 13 agents occupy exactly 3 studios without stacked seats (0.1604ms)
✔ 17 agents occupy exactly 3 studios without stacked seats (0.1548ms)
✔ 18 agents occupy exactly 3 studios without stacked seats (0.1665ms)
✔ 19 agents occupy exactly 4 studios without stacked seats (0.1515ms)
✔ snapshot input reordering preserves page and seat assignment for 18 agents (0.4131ms)
✔ reordering across a partially filled page boundary preserves each agent seat (1.1146ms)
✔ studio dimensions and the six feet anchors match the renderer contract exactly (0.4619ms)
✔ desk access never wraps overflow or invalid indexes onto occupied seats (1.2203ms)
✔ all desk footprints stay above their chairs and never overlap another desk or decor (0.3691ms)
✔ desk 0 has one finite arrival route clear of every workstation (0.505ms)
✔ desk 1 has one finite arrival route clear of every workstation (0.2272ms)
✔ desk 2 has one finite arrival route clear of every workstation (0.1414ms)
✔ desk 3 has one finite arrival route clear of every workstation (0.125ms)
✔ desk 4 has one finite arrival route clear of every workstation (0.1139ms)
✔ desk 5 has one finite arrival route clear of every workstation (0.1241ms)
✔ route and desk results do not expose shared mutable layout state (0.18ms)
✔ pending native review distinguishes invalid artifact paths from invalid artifact IDs (83.3943ms)
✔ pending native intent survives acceptance changes and reviewed adoption replays one exact revision (57.9304ms)
✔ pending intent cannot apply and generic native approval cannot authorize exact feedback (33.5888ms)
✔ reviewed feedback refuses adopter as reviewer before a revision (34.1031ms)
✔ reviewed feedback refuses producer as reviewer before a revision (32.8762ms)
✔ reviewed feedback refuses source requester as reviewer before a revision (28.2831ms)
✔ reviewed feedback refuses rejected decision before a revision (26.1755ms)
✔ reviewed feedback refuses future decision before a revision (38.5282ms)
✔ reviewed feedback refuses decision before intent before a revision (34.8701ms)
✔ reviewed feedback refuses wrong note digest before a revision (30.1348ms)
✔ reviewed feedback refuses extra note prose before a revision (26.4456ms)
✔ reviewed feedback refuses ordinary human gate before a revision (27.2159ms)
✔ reviewed feedback refuses requester exclusion disabled before a revision (28.4735ms)
✔ native approval cannot excuse changed target task (32.284ms)
✔ native approval cannot excuse changed target version (25.7851ms)
✔ native approval cannot excuse changed source commit (24.1055ms)
✔ native approval cannot excuse changed artifact identity (23.5482ms)
✔ native approval cannot excuse changed corpus bytes digest (31.7322ms)
✔ native approval cannot excuse changed selected rule digest (28.1644ms)
✔ native approval cannot excuse changed selected guidance (31.9725ms)
✔ native approval cannot excuse changed adopter identity (32.0311ms)
✔ native approval cannot excuse changed replacement effect (27.8312ms)
✔ native approval cannot excuse changed unknown authority field (26.9638ms)
✔ persisted verifier policy and automated evidence drift invalidate the intent independently of acceptance (74.4555ms)
✔ missing or contradictory native rows and capture drift fail closed (31.095ms)
✔ reviewed apply rechecks the actual decision and preserves ambiguous outcomes and idempotency (53.4388ms)
✔ reviewed apply rejects altered intent bytes and expired proposal without native effects (38.0414ms)
✔ a changed post-effect review remains uncertain and cannot assert a verified binding (37.9121ms)
✔ review intent time bounds are revalidated during accepted-source reconstruction (28.2685ms)
✔ CLI native-review preparation, exact intent selection and apply keep separate raw and canonical hashes (127.7558ms)
✔ prepare is read-only and exposes the exact reference-only change for review (25.3244ms)
✔ an unprefixed objective stays candidate because native composition would change it (26.1967ms)
✔ native normalization fixed points retain description and objective exactly (34.8508ms)
✔ public identifiers and digest selectors reject coercible arrays and objects before effects (26.2028ms)
✔ time, timeout and trusted routing fields require their declared primitive types (33.7732ms)
✔ apply performs one native revision, preserves authority and never launches (27.9635ms)
✔ typed native file selection pins outer provenance and exact decoded corpus while preserving raw compatibility (47.8391ms)
✔ native typed unknown schema field is refused even with matching outer artifact digest (16.8623ms)
✔ native typed missing native schema field is refused even with matching outer artifact digest (15.4818ms)
✔ native typed coercible version is refused even with matching outer artifact digest (21.4354ms)
✔ native typed unsupported archive form is refused even with matching outer artifact digest (21.1654ms)
✔ native typed wrong base is refused even with matching outer artifact digest (20.978ms)
✔ native typed wrong verifier is refused even with matching outer artifact digest (24.971ms)
✔ native typed wrong head is refused even with matching outer artifact digest (21.2977ms)
✔ native typed bundle payload is refused even with matching outer artifact digest (21.7592ms)
✔ native typed patch checksum is refused even with matching outer artifact digest (17.8698ms)
✔ native typed patch noncanonical base64 is refused even with matching outer artifact digest (21.1731ms)
✔ native typed selected hash is refused even with matching outer artifact digest (23.8087ms)
✔ native typed selected byte count is refused even with matching outer artifact digest (19.5905ms)
✔ native typed selected file size bound is refused even with matching outer artifact digest (22.4426ms)
✔ native typed selected base64 is refused even with matching outer artifact digest (21.2447ms)
✔ native typed selected symlink is refused even with matching outer artifact digest (22.4011ms)
✔ native typed selected submodule is refused even with matching outer artifact digest (19.7106ms)
✔ native typed selected media is refused even with matching outer artifact digest (18.4221ms)
✔ native typed duplicate path is refused even with matching outer artifact digest (16.2325ms)
✔ native typed case alias is refused even with matching outer artifact digest (20.5573ms)
✔ native typed file directory conflict is refused even with matching outer artifact digest (26.1729ms)
✔ native typed traversal is refused even with matching outer artifact digest (14.326ms)
✔ native typed absolute path is refused even with matching outer artifact digest (15.6412ms)
✔ native typed Windows stream is refused even with matching outer artifact digest (21.2103ms)
✔ native typed Windows device is refused even with matching outer artifact digest (20.3448ms)
✔ native typed trailing dot alias is refused even with matching outer artifact digest (14.8451ms)
✔ native typed coercible entry path is refused even with matching outer artifact digest (14.7703ms)
✔ native typed deleted selection is refused even with matching outer artifact digest (21.5137ms)
✔ typed path selection requires one exact safe file, source role and original outer bytes (22.1677ms)
✔ typed decoded corpus cannot substitute a different well-hashed file or retarget a reviewed proposal (42.5852ms)
✔ typed base64 padding bits are canonical even when permissive decoding preserves the correct bytes (19.734ms)
✔ same byte-pinned proposal replays its native key without adding guidance or a second revision (30.0511ms)
✔ lost response stays unknown with no automatic retry; exact replay reconciles it (25.1666ms)
✔ an HTTP400 after persistence stays unknown and same-key replay confirms one revision (30.4244ms)
✔ live Corp drift refuses before a request (21.5847ms)
✔ live room drift refuses before a request (18.1879ms)
✔ live mission drift refuses before a request (22.4736ms)
✔ live task drift refuses before a request (19.3821ms)
✔ live run drift refuses before a request (18.0039ms)
✔ live actor drift refuses before a request (17.2863ms)
✔ live source commit drift refuses before a request (28.9317ms)
✔ live verifier digest drift refuses before a request (18.4455ms)
✔ live artifact digest drift refuses before a request (20.2281ms)
✔ an accepted receipt with incomplete bounded evidence remains candidate (19.3822ms)
✔ an observed manual gate must retain its native decision and decider (19.5011ms)
✔ missing native corpus evidence or mismatched actual bytes never borrows an unrelated accepted run (18.8285ms)
✔ typed envelopes, missing review bytes and requested independent review remain explicit candidates (19.4676ms)
✔ UTF-8 reference bounds do not silently truncate valid longer advisory guidance (15.8537ms)
✔ changed target ready status cannot be overwritten (25.0976ms)
✔ changed target existing run cannot be overwritten (21.1907ms)
✔ changed target contract version cannot be overwritten (24.2962ms)
✔ changed target budget cannot be overwritten (23.7169ms)
✔ changed target verifier cannot be overwritten (24.6828ms)
✔ changed target source cannot be overwritten (24.1495ms)
✔ changed target source connection cannot be overwritten (22.0536ms)
✔ changed target tools cannot be overwritten (22.0223ms)
✔ changed target Corp cannot be overwritten (23.9278ms)
✔ changed target room cannot be overwritten (28.1523ms)
✔ changed target origin cannot be overwritten (24.2101ms)
✔ repinned unauthorized proposal changes cannot alter anything except selected references (32.1572ms)
✔ wrong proposal hash, edited corpus/review/receipt, future or expired proposal fails before POST (33.5935ms)
✔ expired selected guidance is not rescued by the remaining proposal lifetime (25.1857ms)
✔ expiry crossing during live prechecks is repeated immediately before mutation (22.2524ms)
✔ one total operation deadline cannot be renewed by a slow target precheck (236.7446ms)
✔ duplicate-key or reformatted proposal JSON cannot masquerade as the prepared byte representation (17.7808ms)
✔ source drift after successful mutation is accurately retained as applied (26.9199ms)
✔ source access loss after mutation is never mislabeled refusal-before-effects (26.8526ms)
✔ an HTTP error after a request is unknown without transaction-stage evidence and is not retried (20.4952ms)
✔ a contradictory successful response or changed native readback stays unknown (21.3292ms)
✔ exact native target projection refuses filtered context and preserves whole scope (28.7058ms)
✔ file input requires selected exact bytes and fails closed on an oversized or malformed input (30.1846ms)
✔ feedback file reads accumulate short native reads before validating bytes (12.8548ms)
✔ feedback file truncate during short reads fails without a hash pin (7.367ms)
✔ feedback file grow during short reads fails without a hash pin (8.4241ms)
✔ CLI preparation writes new review artifacts and an existing apply receipt refuses before network or effects (65.0889ms)
✔ CLI exits nonzero for refused adoption while preserving its JSON receipt (313.2595ms)
✔ CLI typed prepare explicitly selects the native file and apply has no path override (72.7041ms)
✔ retained native candidate cannot become saved-task guidance or a native revision (37.8512ms)
✔ forged locally activated native evidence cannot become saved-task guidance or a native revision (24.9948ms)
✔ native evidence mixed into an activated typed artifact cannot become saved-task guidance or a native revision (25.8484ms)
✔ receipt whitelists metadata and distinguishes persisted acceptance from optional verifier digests (10.4954ms)
✔ native runner, model and ref metadata preserves valid punctuation, spaces, Unicode and UTF-8 limits (5.5998ms)
✔ native metadata keeps bounded invalid text and malformed source tuples out of receipts (23.0518ms)
✔ native source identity accepts uppercase hexadecimal commits and full bounded repository components (1.1057ms)
✔ published native refs and native MIME token punctuation are observed without a custom identifier alphabet (1.5433ms)
✔ historical evidence never borrows the current task verifier policy count (1.9594ms)
✔ conflicting or invalid run-bound check counts remain unknown (3.6944ms)
✔ missing and duplicate check indices cannot establish completeness; malformed indices fail (1.263ms)
✔ receipt rejects mismatched run Corp (0.6823ms)
✔ receipt rejects mismatched task Corp (0.5493ms)
✔ receipt rejects mismatched mission Corp (0.369ms)
✔ receipt rejects mismatched room Corp (0.2525ms)
✔ receipt rejects mismatched exact actor (0.2523ms)
✔ receipt rejects mismatched exact room (0.2442ms)
✔ receipt rejects mismatched exact mission (0.2309ms)
✔ receipt rejects mismatched evidence task (0.298ms)
✔ receipt rejects mismatched event room (0.289ms)
✔ receipt rejects mismatched partial source (0.2797ms)
✔ current-run rejects later same-task runs and tied times, retaining nanosecond ordering (1.5963ms)
✔ typed resume lineage requires same task and producer, and records unavailable ancestors honestly (2.9834ms)
✔ exact recovery count is run-bound; private policy and notes are omitted (0.8729ms)
✔ published-result binds its exact source artifact and hashes opaque source revisions (1.0233ms)
✔ published-result accepts an exact historical publication despite a later same-task run (1.2143ms)
✔ published-result refuses mismatched Factory mission (0.4175ms)
✔ published-result refuses mismatched deliverable task (0.402ms)
✔ published-result refuses mismatched deliverable source base (0.3126ms)
✔ published-result refuses mismatched run deliverable digest (0.3003ms)
✔ published-result refuses mismatched publication run (0.3215ms)
✔ published-result refuses mismatched provenance mission (0.4013ms)
✔ published-result refuses mismatched provenance source issue (0.3244ms)
✔ published-result refuses mismatched provenance target (0.4028ms)
✔ published-result refuses mismatched recorded PR head (0.3459ms)
✔ published-result refuses mismatched recorded PR repository (0.3557ms)
✔ published-result refuses mismatched recorded PR provenance (0.4025ms)
✔ byte verification rejects tampering and each missing or conflicting native response boundary (1.7736ms)
✔ receipt validator rejects extra content, contradictory acceptance, and mixed origin/artifact roles (5.1536ms)
✔ fingerprint tolerates observation timestamps and detects selected source, contract and artifact drift (3.0381ms)
✔ compiled native MCP export performs two captures and downloads only selected-origin artifact IDs (792.0211ms)
✔ artifact retention selection is bounded before reading host configuration (1.1131ms)
✔ compiled native evidence retains only explicitly selected verified bytes and preserves public receipt schema (670.0683ms)
✔ compiled native evidence rejects an unowned artifact selection before any artifact download (96.0915ms)
✔ compiled native evidence never returns retained bytes from a tampered artifact or changed source (263.816ms)
✔ compiled native exporter keeps opaque runner/model/ref metadata out of every request route (204.8688ms)
✔ compiled native export rejects state drift during its artifact read (198.5454ms)
✔ compiled native export rejects mismatched context before downloading artifacts (101.9172ms)
✔ compiled native export refuses artifact redirects without forwarding credentials (94.9703ms)
✔ compiled native export rejects oversized bodies and withholds HTTP error content (197.8816ms)
✔ compiled native export bounds a stalled exact-context body by its whole-operation timeout (1011.7279ms)
✔ receipt CLI writes a create-only metadata file and a compact redacted summary (870.8046ms)
✔ owned server requires matching executable, creation, endpoint, and workspace (3.7226ms)
✔ manual, remote, stale, or non-owned manifests never authorize restart (0.9025ms)
✔ Windows retains legacy timestamp tolerance and case-insensitive paths (0.5044ms)
✔ legacy Windows identity callers remain supported without weakening explicit checks (2.1306ms)
✔ Linux requires the exact boot/PID/start-tick, executable, cwd/root, and socket binding (3.5598ms)
✔ Linux rejects malformed, legacy-Windows, and changed receipts (0.9919ms)
✔ every existing manual port remains denied on Windows and Linux and all loopback hosts (1.214ms)
✔ remote, credentialed, missing-port, and malformed-scope endpoints fail closed (0.685ms)
✔ only a complete scoped JSON object is a process receipt (0.7509ms)
✔ proc stat parses the final comm parenthesis and preserves 64-bit start ticks (1.1128ms)
✔ proc stat rejects wrong PID, truncated fields, malformed state, and invalid ticks (0.6887ms)
✔ Linux listener proof intersects the exact port and LISTEN state with PID-owned inodes (1.6695ms)
✔ malformed or unavailable proc network input supplies no ownership authority (0.7032ms)
✔ artifact recovery overrides are child-only and match native numeric bounds (0.8373ms)
✔ probe requires explicit scope and forwards only its scoped credential environment (5.5856ms)
✔ probe summary contains collection counts, never snapshot data or private paths (0.8323ms)
✔ probe permits HTTP only for normalized canonical loopback origins and requires HTTPS elsewhere (15.1908ms)
✔ recovery probe reports only native metadata and never infers missing capability or exposes policy (1.5001ms)
✔ recovery probe rejects malformed work-item IDs before spawning any gateway (1.1742ms)
✔ compiled recovery probe rejects impossible native numeric metadata and preserves exhausted authority (697.5011ms)
✔ compiled recovery tool makes exactly the selected authorized GET in both modes (192.5837ms)
✔ compiled recovery probe selects one context without reading the broad snapshot or exposing private fields (109.9127ms)
✔ compiled recovery tool refuses malformed IDs, extra scope or effect arguments before HTTP (171.9704ms)
✔ compiled recovery tool rejects mismatched Corp or work-item responses (389.8564ms)
✔ compiled recovery probe preserves authorization and not-found failures without private diagnostics (366.8466ms)
✔ compiled recovery inspection never follows redirects in either gateway mode (243.5356ms)
✔ compiled recovery inspection caps HTTP bodies even in the legacy write-capable gateway mode (173.0682ms)
✔ compiled read-only MCP completes the real stdio handshake and makes only one scoped GET (115.1014ms)
✔ compiled MCP ignores notifications and denies mutating calls before HTTP while preserving the default catalog (204.4625ms)
✔ compiled MCP keeps malformed omitted-ID objects silent and effect-free (read-only) (91.6469ms)
✔ compiled MCP keeps malformed omitted-ID objects silent and effect-free (unrestricted) (100.1427ms)
✔ compiled probe withholds API error content and enforces its whole-probe timeout (1108.6628ms)
✔ compiled read-only inspection rejects redirects without contacting a second origin (166.5233ms)
✔ compiled read-only startup requires every routing variable before serving even initialization (317.6489ms)
✔ compiled read-only flag rejects command-line tokens (split option, CLI only) (87.9086ms)
✔ compiled read-only flag rejects command-line tokens (split option, CLI plus environment) (102.7699ms)
✔ compiled read-only flag rejects command-line tokens (equals option, CLI only) (84.2406ms)
✔ compiled read-only flag rejects command-line tokens (equals option, CLI plus environment) (96.0474ms)
✔ compiled read-only flag accepts only the environment token and exposes the restricted catalog (118.6694ms)
✔ compiled read-only environment rejects command-line tokens (split option, CLI only) (93.1619ms)
✔ compiled read-only environment rejects command-line tokens (split option, CLI plus environment) (79.1114ms)
✔ compiled read-only environment rejects command-line tokens (equals option, CLI only) (84.367ms)
✔ compiled read-only environment rejects command-line tokens (equals option, CLI plus environment) (77.2642ms)
✔ compiled read-only environment accepts only the environment token and exposes the restricted catalog (103.15ms)
✔ compiled unrestricted MCP preserves legacy CLI token precedence (split option) (194.8207ms)
✔ compiled unrestricted MCP preserves legacy CLI token precedence (equals option) (170.3621ms)
✔ compiled native read-only HTTP body rejects oversized declared length before end (200) (75.9443ms)
✔ compiled native read-only HTTP body rejects streamed overflow before end (200) (128.8961ms)
✔ compiled native read-only HTTP body rejects oversized declared length before end (403) (108.4524ms)
✔ compiled native read-only HTTP body rejects streamed overflow before end (403) (168.6333ms)
✔ compiled native HTTP body accepts the inclusive read-only limit and preserves unrestricted transport (916.5405ms)
✔ compiled native HTTP body preserves small successful and error response behavior (482.3484ms)
✔ withholds all six source ACKs for each of two native automatic attempts (5.5392ms)
✔ holds all quality ACK duplicates to the same 8-second deadline, preserving bytes (1.6675ms)
✔ gameplay and integration pass source ACKs unchanged (0.4925ms)
✔ native resume passes ACKs and does not consume a third automatic attempt (0.3568ms)
✔ non-source ACK, heartbeat, credential rotation, approval and lifecycle are opaque passthrough (0.588ms)
✔ rejects foreign or unproven run, Corp and hash before fault decisions (1.5631ms)
✔ assignment rebinding cannot swap a different task, scope or command kind (1.9952ms)
✔ late-ACK release sends one exact original old-run frame once without retagging (0.7643ms)
✔ refuses manual-stack, wrong-repository and missing opt-in config (2.3469ms)
▶ real loopback WebSocket wiring: native schema, ordered forwarding, reconnection and redaction
  ▶ isolated concurrent fixture 1
    ✔ synthetic endpoints require live ownership without relaxing config guards (27.2462ms)
    ✔ persisted owner/name schema binds and stop cannot overtake a pending assignment (86.0534ms)
    ✔ upload byte transparency, ACK withholding and metadata non-disclosure (86.8588ms)
    ✔ a stale snapshot/close callback cannot bind, send or close the replacement connection (170.5308ms)
  ✔ isolated concurrent fixture 1 (834.0626ms)
  ▶ isolated concurrent fixture 2
    ✔ synthetic endpoints require live ownership without relaxing config guards (32.1606ms)
    ✔ persisted owner/name schema binds and stop cannot overtake a pending assignment (86.4416ms)
    ✔ upload byte transparency, ACK withholding and metadata non-disclosure (88.0932ms)
    ✔ a stale snapshot/close callback cannot bind, send or close the replacement connection (174.6049ms)
  ✔ isolated concurrent fixture 2 (611.3733ms)
✔ real loopback WebSocket wiring: native schema, ordered forwarding, reconnection and redaction (835.9966ms)
✖ explicit path with spaces is literal, pinned, host-bound and evidenced (135.1934ms)
✖ managed Chromium uses only the supplied native path and authorized hash (45.2763ms)
✔ reject wrong host without fallback or launch (109.3998ms)
✔ reject wrong platform without fallback or launch (50.8067ms)
✔ reject unknown version without fallback or launch (61.0274ms)
✔ reject unsupported browser without fallback or launch (85.5058ms)
✔ reject non-string browser without fallback or launch (80.7739ms)
✔ reject prototype browser without fallback or launch (49.1162ms)
✔ reject shell arguments without fallback or launch (38.2972ms)
✔ reject missing digest without fallback or launch (44.7404ms)
✔ reject bad digest without fallback or launch (42.6346ms)
✔ reject relative path without fallback or launch (38.7785ms)
✔ reject unsupported executable without fallback or launch (27.3775ms)
✔ reject command instead of path without fallback or launch (30.3794ms)
✔ reject missing installed path without fallback or launch (32.105ms)
✔ missing executable and missing policy fail before any launch (33.535ms)
✔ policy and executable cannot be selected from the task workspace (49.0316ms)
✔ invalid and oversized policies fail without reflecting their contents (63.0028ms)
✔ hard-linked policies and empty browser files are rejected (31.204ms)
✔ declared Windows, Linux and macOS browser paths validate independently (0.7553ms)
✔ CLI is quiet on import, outputs exact selection, and fails for invalid input (1010.1804ms)
✔ CLI preserves an unexpected stdout failure rather than treating it as bad policy (282.0412ms)
✔ relocated doctor checks declared tools through native version commands without leaking ambient secrets or installing (1788.1671ms)
✔ wrong node version produces a failing CLI result (1495.124ms)
✔ wrong pnpm version produces a failing CLI result (1298.5029ms)
✔ wrong rustc version produces a failing CLI result (1294.5647ms)
✔ wrong cargo version produces a failing CLI result (1319.764ms)
✔ missing package manager fails without falling back to another host command (1106.1121ms)
✔ failed component probes suppress raw stdout and stderr (1303.7123ms)
✔ unrecognized version output is rejected without echoing the command response (1292.9216ms)
✔ an unavailable pinned rustup toolchain fails instead of installing or selecting stable (1291.678ms)
✔ already selected direct Rust binaries can be verified without rustup (1455.3841ms)
✔ invalid .node-version declaration fails before any command runs (version) (375.9397ms)
✔ invalid package.json declaration fails before any command runs (version) (299.3585ms)
✔ invalid rust-toolchain.toml declaration fails before any command runs (floating Rust) (314.5287ms)
✔ invalid rust-toolchain.toml declaration fails before any command runs (component) (265.6443ms)
✔ unsupported CLI arguments fail before probing tools (264.8323ms)
ℹ tests 1270
ℹ suites 0
ℹ pass 1268
ℹ fail 2
ℹ cancelled 0
ℹ skipped 0
ℹ todo 0
ℹ duration_ms 71511.9388

✖ failing tests:

test at tools\verifier_browser.test.mjs:30:1
✖ explicit path with spaces is literal, pinned, host-bound and evidenced (135.1934ms)
  AssertionError [ERR_ASSERTION]: Expected values to be strictly equal:
  + actual - expected

  + '<local-user>\\AppData\\Local\\Temp\\issue136 spaces-9URGZt\\msedge.exe'
  - 'C:\\Users\\SHYAMS~1\\AppData\\Local\\Temp\\issue136 spaces-9URGZt\\msedge.exe'

      at TestContext.<anonymous> (file:///<reviewed-worktree>/tools/verifier_browser.test.mjs:33:10)
      at async Test.run (node:internal/test_runner/test:1409:7)
      at async startSubtestAfterBootstrap (node:internal/test_runner/harness:387:3) {
    generatedMessage: true,
    code: 'ERR_ASSERTION',
    actual: '<local-user>\\AppData\\Local\\Temp\\issue136 spaces-9URGZt\\msedge.exe',
    expected: 'C:\\Users\\SHYAMS~1\\AppData\\Local\\Temp\\issue136 spaces-9URGZt\\msedge.exe',
    operator: 'strictEqual',
    diff: 'simple'
  }

test at tools\verifier_browser.test.mjs:41:1
✖ managed Chromium uses only the supplied native path and authorized hash (45.2763ms)
  AssertionError [ERR_ASSERTION]: Expected values to be strictly equal:
  + actual - expected

  + '<local-user>\\AppData\\Local\\Temp\\issue136 spaces-Slpcek\\chrome.exe'
  - 'C:\\Users\\SHYAMS~1\\AppData\\Local\\Temp\\issue136 spaces-Slpcek\\chrome.exe'

      at TestContext.<anonymous> (file:///<reviewed-worktree>/tools/verifier_browser.test.mjs:50:10)
      at async Test.run (node:internal/test_runner/test:1409:7)
      at async Test.processPendingSubtests (node:internal/test_runner/test:974:7) {
    generatedMessage: true,
    code: 'ERR_ASSERTION',
    actual: '<local-user>\\AppData\\Local\\Temp\\issue136 spaces-Slpcek\\chrome.exe',
    expected: 'C:\\Users\\SHYAMS~1\\AppData\\Local\\Temp\\issue136 spaces-Slpcek\\chrome.exe',
    operator: 'strictEqual',
    diff: 'simple'
  }
[ELIFECYCLE] Command failed with exit code 1.
