$ node --test --test-concurrency=2 --test-timeout=180000 "apps/web/src/**/*.test.mjs" "tools/*.test.mjs"
✔ editor preserves its accessible control names, preview hook, and all six check choices (37.1426ms)
✔ switching check types resets their incompatible fields and retains the rest of the policy (7.4042ms)
✔ every check-field callback retains the selected variant and unchanged checks (12.523ms)
✔ adding and removing checks preserves tab selection, including external policy shrink and the empty state (12.0553ms)
✔ the 16-check add button limit and oversized-policy feedback are retained (8.1957ms)
✔ manual-gate transitions retain default role ordering, requester exclusion, and explicit removal (9.9467ms)
✔ preview keeps exact check order, manual-role labels, heading overrides, and requester-exclusion guidance (1.5297ms)
✔ Factory exact-run navigation replaces a remembered newer outcome before mission remount (3.7569ms)
✔ run navigation ignores the duplicate activity marker in a hidden Factory tab (12.1762ms)
✔ artifact navigation chooses its exact producer while mission-only navigation preserves the current choice (1.1941ms)
✔ unavailable run/task/mission cannot overwrite remembered evidence or open another run (2.6101ms)
✔ storage failure or obsolete viewer fails closed before navigation (1.9812ms)
✔ explicit navigation writes only the selected viewer scope and only the run identity (1.0758ms)
✔ reload keeps the decided run instead of the other pending review or a newer worker (1.7436ms)
✔ remembered evidence is scoped to the API server, Corp, actor and mission (0.4049ms)
✔ missing remembered work never silently substitutes another visible review (0.3056ms)
✔ unreadable or malformed stored context requires explicit selection, not the next review (0.633ms)
✔ a first visit is distinct from unreadable history; failed writes do not throw (0.3443ms)
✔ only the selected run ID is stored; reviews and authority never enter browser persistence (1.3892ms)
✔ MissionCard scopes remounts, pins initial evidence and fails closed when persistence fails (11.6748ms)
✔ issue210 only the explicit server flag adds correction to a native checkpoint (3.4027ms)
✔ issue210 verifier availability is independent of correction and missing availability preserves legacy behavior (1.5204ms)
✔ issue210 revision source is the exact server-selected verifier, with no cross-item fallback (0.7364ms)
✔ only native proof plus its cancellation marker exposes source-only checkpoint verification (0.3825ms)
✔ a running checkpoint needs no cancellation repair, and ordinary verification failure stays compatible (0.318ms)
✔ missing/tampered source, checkpoint, head, active recovery or terminal outcome offers no new recovery (0.4429ms)
✔ context requests are not recovery grants and never depend on inferred mission spend/status (0.3656ms)
✔ copied command binding retains the saved connection and never falls back on malformed metadata (0.3417ms)
✔ actual presentation selects the endpoint source, not the newest visible run or mission cancellation (109.2374ms)
✔ issue210 presentation separates provider-free verification from a budgeted same-session fix (20.463ms)
✔ issue210 source-only and unavailable checkpoint presentations never suggest generic recovery (28.3973ms)
✔ actual context loader is GET-only and admits the exact item/version/mission checkpoint (42.4047ms)
✔ actual context loader rejects stale/cross-scope and malformed flags without snapshot fallback (166.7756ms)
✔ issue210 actual loader accepts boolean correction flags and defaults missing legacy authority closed (42.9595ms)
✔ issue210 exact loader retains true, false and missing checkpoint availability without granting another mode (36.8065ms)
✔ actual UI action copies only explicit checkpoint verification with the original scope/connection (135.213ms)
✔ issue210 actual correction action retains the original CLI route, source and connection (226.0115ms)
✔ issue210 actual card drops correction authority immediately when item, version or actor changes (239.9051ms)
✔ issue210 actual contract submission uses the scoped verifier, not its provider ancestor (36.6025ms)
✔ issue210 editor loading, errors, stale context and denied correction cannot fall back or submit (221.5088ms)
✔ issue210 ordinary contract resume, redispatch and requester/role boundaries stay intact (87.2905ms)
✔ issue210 actual source-only context copies correction and revises the exact verifier; no-mode context does neither (180.7706ms)
✔ actual resume handler and rendered provider control respect native recovery blocking (6.0547ms)
✔ actual App Resume control survives an ineligible ordinary Factory recovery lookup and uses the native actor-bound POST (217.5994ms)
✔ issue221 explicit provider-correction permission permits null head without granting checkpoint or generic resume (0.9767ms)
✔ issue221 actual context reader retains null head/current provider proof and malformed heads remain non-actionable (291.2462ms)
✔ issue221 actual copy/revision actions use only source correction for the latest failed provider with null head (218.6331ms)
✔ wrong-first legacy Project 174 cannot displace the selected live lab controller (2.0003ms)
✔ every Project/repository/Corp component must match, even with an active-item pointer (0.4278ms)
✔ GitHub owner/repository case and surrounding whitespace normalize independently (0.2242ms)
✔ missing/malformed scope is neutral rather than an empty-scope match (0.2221ms)
✔ the exact active item wins among live controllers in the same scope (0.2411ms)
✔ a current live scope match wins over a stale offline active-item pointer (0.1979ms)
✔ with only offline matches, retain the exact item rather than crossing scope (0.1871ms)
✔ without an item, prefer useful live intake in the current Corp (0.3453ms)
✔ empty/no-match and unavailable explicit selections never borrow another controller (0.3494ms)
✔ heartbeat freshness and stable ID break ties without using array order or mutating inputs (1.5483ms)
✔ snapshot refresh and selected scope changes return the exact new ID/version object (0.2197ms)
✔ the actual FactoryPanel resolver feeds displayed state and both action callbacks (15.1376ms)
✔ the actual component guards controller actions, retains role gating and passes the same callback (10.4384ms)
✔ the actual API action handler targets the resolved controller ID and version for all actions (64.3655ms)
✔ the production handler preserves the existing ID-scoped idempotency/version on a lost response (19.8919ms)
✔ primary_rate_limit has a reader-facing reason and an automatic future retry (23.4472ms)
✔ secondary_rate_limit has a reader-facing reason and an automatic future retry (0.7117ms)
✔ graphql_quota has a reader-facing reason and an automatic future retry (0.7144ms)
✔ github_unavailable has a reader-facing reason and an automatic future retry (1.3954ms)
✔ quota, cost and timestamps come from the snapshot, not derived or default budgets (1.2249ms)
✔ equivalent offset timestamps have the same local retry time and boundary (0.9301ms)
✔ at or after the retry deadline, waiting is not presented as a successful retry (1.1603ms)
✔ zero remaining, limit, query cost and failures remain real zeros (0.5619ms)
✔ paused desired state wins without rewriting controller health or promising a retry (1.0155ms)
✔ offline health wins over polling metadata, including an elapsed retry (0.9865ms)
✔ paused and offline together retain both conditions and existing paused precedence (0.7619ms)
✔ absent legacy polling leaves the old strip intact and never fabricates a wait (0.2956ms)
✔ missing or malformed backoff data is unavailable, never zero or an invented deadline (0.5002ms)
✔ invalid values are not coerced to numbers or dates and unknown reasons are not rendered raw (1.658ms)
✔ partial quota data preserves observed zeros while missing fields remain unavailable (0.3106ms)
✔ healthy telemetry does not infer a backoff from a zero quota or failure count (0.5212ms)
✔ UI integration remains read-only, accessible, and uses existing controller controls (11.9157ms)
✔ line normalization preserves argument boundaries, literal punctuation, and duplicate values (1.7709ms)
✔ role entry supports commas and CRLF without silently deduplicating or authorizing roles (0.4162ms)
✔ mission projection retains exact task, runner and human control attribution (2.7712ms)
✔ foreign tasks and same-ID foreign-Corp runners cannot supply collaboration state (0.3899ms)
✔ offline retains work without advertising live control or termination (0.353ms)
✔ connecting retains work without advertising live control or termination (0.2242ms)
✔ a failed snapshot refresh retains exact work without advertising live controls (0.4473ms)
✔ invalid snapshot receipt NaN cannot advertise live controls (0.2129ms)
✔ invalid snapshot receipt Infinity cannot advertise live controls (0.1977ms)
✔ invalid snapshot receipt 0 cannot advertise live controls (0.1309ms)
✔ invalid snapshot receipt -1 cannot advertise live controls (0.1808ms)
✔ expired/malformed lease 2026-09-16T11:59:00Z cannot claim a controller (0.3694ms)
✔ expired/malformed lease 2026-09-16T12:00:00Z cannot claim a controller (0.2028ms)
✔ expired/malformed lease bad cannot claim a controller (0.0973ms)
✔ verifying has recorded evidence but no provider controls (0.1614ms)
✔ completed has recorded evidence but no provider controls (0.0952ms)
✔ lost has recorded evidence but no provider controls (0.2217ms)
✔ cancelled has recorded evidence but no provider controls (0.1133ms)
✔ a provider-free run and a superseded agent assignment expose no live controls (0.2325ms)
✔ runner grace and offline remain distinct; neither supplies human presence (0.1956ms)
✔ review links bind exact run/task and explain role and requester exclusion (0.3352ms)
✔ missing and historical identities never become fabricated named owners or current controllers (0.1556ms)
✔ draft cache survives surface remounts but never crosses Corp/actor/room/mission (0.2583ms)
✔ actual component navigation only requests exact context; rendering sends no commands (9.9346ms)
✔ actual disconnected component retains readable evidence with an explicit warning (1.1203ms)
✔ actual failed-refresh component distinguishes stale data from a disconnected transport (0.9767ms)
✔ actual component rejects missing receipt freshness and restores controls after a successful refresh (3.38ms)
✔ App preserves main snapshot metadata and exact-run navigation while passing numeric receipt freshness (5.6686ms)
✔ App embeds existing scoped discussion and pins evidence before exact-run navigation (2.8004ms)
✔ late completion notifies remounted composers without clearing a newer or same-text draft (0.6988ms)
✔ late operation acknowledgment cannot clear a replacement idempotency key (132.3017ms)
✔ actual App selection never substitutes another mission after the selected record disappears (74.8758ms)
✔ actual briefing navigation has a visible destination for legacy empty descriptions (67.3776ms)
✔ verification checks do not change launch intent (1.2743ms)
✔ review navigation cannot turn its click into a form submission (0.3539ms)
✔ ordinary application setup cannot silently fall back to the fake runtime (0.5922ms)
✔ composer uses two clear steps and starts with an empty goal (0.3346ms)
✔ advanced settings and detailed requirements are optional disclosures (0.9849ms)
✔ closing setup preserves the draft and returns to existing mission context (0.8906ms)
✔ explicit links to existing work reveal it without erasing an open draft (0.7258ms)
✔ native creation and explicit held-plan behavior remain unchanged (0.335ms)
✔ review keeps the exact source and current server-derived allocation visible (0.5261ms)
✔ scope requires four explicit bounded identities and cannot mutate after submission (2.7265ms)
✔ current origin binds the exact view instance, not just equal IDs (0.3926ms)
✔ read issues exactly one encoded, uncached GET with cancellation and no body (10.2618ms)
✔ Direct accepts only exact returned linkage and drops unexpected hidden fields (78.9059ms)
✔ Factory retains only the validated work item, repository, issue number and exact URL (1.0986ms)
✔ all four response identities must echo the bound request exactly (19.6589ms)
✔ missing, malformed and older origin responses never become Direct (1.5818ms)
✔ Factory fields are required and null or missing metadata is never partly accepted (3.3945ms)
✔ Factory rejects invalid work-item identities, repository paths and issue numbers (3.3927ms)
✔ only the raw HTTPS GitHub issue URL matching returned repository and number is accepted (2.7235ms)
✔ mixed-case owner/repository URLs match normalized identity and retain display case (0.8339ms)
✔ valid case-preserving repositories and positive safe issue numbers remain verbatim (0.5686ms)
✔ old endpoints, denied authorization and transport failures stay unavailable without raw errors (1.132ms)
✔ a synchronous API failure is contained and clears the read timer (0.5592ms)
✔ timeout aborts an unsettled read and suppresses both late success and late failure (0.688ms)
✔ a settled success or failure cannot be overwritten by an already queued timeout (0.5308ms)
✔ cancellation before the scheduled read prevents even the GET (0.5479ms)
✔ in-flight cancellation ignores transports that resolve or reject after abort (0.557ms)
✔ component reads once for a valid view and renders truthful Direct copy in one styled paragraph (10.881ms)
✔ component links only a fully validated Factory response, not extra returned fields (1.9779ms)
✔ all four operating roles may read; guests, spectators and unknown roles never request context (9.1341ms)
✔ invalid or absent scope props render the conservative fallback without requesting (11.5904ms)
✔ failed exact reads preserve #185 positive or unknown fallback without inventing links or hiding failure (7.8701ms)
✔ a failed origin lookup can be retried explicitly without changing the work identities (3.0677ms)
✔ Corp, actor, room and mission changes hide old success and errors before effect cleanup (10.4519ms)
✔ late success and errors from a replaced request cannot update the current component (9.6492ms)
✔ leaving and returning to identical IDs cannot revive an earlier success or failure (2.513ms)
✔ same-ID reopened pending requests ignore the original response and error after current denial (2.589ms)
✔ a guest transition revokes displayed source data and returning operators must read again (1.364ms)
✔ operating-role and API changes also invalidate old privileged context (1.9499ms)
✔ unmount cancels the read and a fresh mount with identical IDs cannot inherit its outcome (1.8712ms)
✔ one builder preserves the complete current creation payload and retained settings (2.8751ms)
✔ provider defaults, supported reasoning and commit-branch semantics match submission (0.2423ms)
✔ existing deterministic fixture semantics are not converted into provider settings (0.2526ms)
✔ scope freezes the exact serialized body and rejects an actor mismatch (0.6424ms)
✔ every request field, Corp and actor invalidate an earlier quote (0.8723ms)
✔ preview debounces, uses the exact creation body, and calls only the read-only preview POST (7.9374ms)
✔ an edit or closing the composer before debounce starts no request (0.4409ms)
✔ an invalidated request is aborted and cannot publish a late successful quote (1.5774ms)
✔ late errors after actor/Corp change or unmount cannot replace the new preview (1.2785ms)
✔ editing away and back still requires a fresh request, not a revived quote (1.0487ms)
✔ allocations are displayed verbatim from the server, not a frontend Studio formula (0.9083ms)
✔ missing or mismatched quote fields never become a current allocation (1.5338ms)
✔ an absent preview endpoint gives a useful failure state without inventing allocations (1.2445ms)
✔ preview response is bounded to eight tasks without reallocating server budgets (0.7946ms)
✔ unknown, self, duplicate and oversized dependency references remain unknown allocations (0.7657ms)
✔ retry clears an old failure immediately and can accept a fresh quote (1.7871ms)
✔ timeout clears the quote, aborts the request and ignores a late response (0.7559ms)
✔ App shares the request body, invalidates keyed preview instances and retains native Launch (4.1108ms)
✔ mission selection and Discuss use the authoritative non-first owning room (1.5174ms)
✔ mission, task, run and artifact deep links resolve to the same owning room (0.3119ms)
✔ an explicit room deep link and all-discussion view stay in that room (1.0338ms)
✔ stale, missing and older mission/room projections never fall back to the first room (0.2181ms)
✔ related work is limited to the selected room and mission, not a fixed item count (1.3898ms)
✔ messages are room-filtered before mission links and out-of-order reply ancestry (0.6789ms)
✔ valid room, mission and inherited reply submissions retain the same scope (0.5442ms)
✔ stale actor, Corp, room and mission scopes cannot submit or complete a newer draft (0.2589ms)
✔ a disappearing mission or owning room fences previously valid submissions (0.2814ms)
✔ foreign, missing or stale links and replies cannot silently become general comments (0.4591ms)
✔ guest-shaped and missing Factory projections do not establish Direct origin (0.518ms)
✔ a mission older than the 500-item Factory window remains origin-unknown (0.2779ms)
✔ a positively matched visible Factory item retains its issue attribution (0.1362ms)
✔ known publication/recovery linkage is generic when intake details are unavailable (0.3813ms)
✔ projection helpers preserve the authoritative input and do not retain hidden origin data (0.2615ms)
✔ the UI uses the tested projection and submission helpers on both discussion entry paths (13.213ms)
✔ scope requires every explicit identity and repository and freezes the view generation (3.4738ms)
✔ the exact scope object, not equal IDs or a prior A -> B -> A view, selects the load (0.477ms)
✔ one encoded GET is uncached, abortable and body/header/credential free (8.6542ms)
✔ published DTO retains only bound result metadata and leaves raw input untouched (1.7399ms)
✔ only explicit null publication in a correctly scoped response is known absence (3.1037ms)
✔ item and publication scope mismatches never expose links or known absence (7.2162ms)
✔ publication source issue matches the work item without equating authorizer, revisions or checkpoint generations (1.1858ms)
✔ publication and artifact identity tuples plus full digests must all match (2.5563ms)
✔ missing, duplicate and unrelated-first deliverables cannot substitute a result (0.9953ms)
✔ native provenance identity, source/target branches and digests are checked without retaining authority (4.5822ms)
✔ raw GitHub PR URLs allow native slash suffixes but retain exact repository and number checks (4.0937ms)
✔ owner/repository display case is preserved while full hex values compare by bytes (0.5754ms)
✔ PR state, exact head, owner, recorded metadata and phase cannot contradict each other (1.9251ms)
✔ download metadata rejects controls, external/native paths, malformed hashes and invalid sizes (8.6852ms)
✔ pending, PR-created, published and failed publication are distinct without claiming a live app (2.4768ms)
✔ only a different valid pinned run is a mismatch; same-run contradictions stay unavailable (0.7922ms)
✔ loading, denied and stale contexts cannot become a result or known absence (2.0238ms)
✔ denials, missing endpoints and sync/async transport failures stay unavailable without raw errors (1.0965ms)
✔ timeout aborts and suppresses late successes and failures without retries (0.7606ms)
✔ queued timeout callbacks cannot overwrite a settled success, absence or denial (0.6557ms)
✔ cancellation before start issues no GET; in-flight cancellation publishes no late data (0.6018ms)
✔ new same-ID generation remains unavailable after denial despite a prior response completing later (0.4713ms)
✔ requester summary does not ask for a forbidden independent decision (2.8529ms)
✔ wrong-role summary explains the existing role requirement (1.6929ms)
✔ eligible independent reviewer keeps the review invitation (1.3579ms)
✔ human gate without requester exclusion still allows the requester (1.3784ms)
✔ completed result does not inherit a pending-review restriction (1.3773ms)
✔ fresh human-only bootstrap can select a runner runtime before any crew exists (3.514ms)
✔ retired and legacy identities neither enable nor suppress advertised runtimes (0.3041ms)
✔ studio requires the exact selected source on a connected runner, not another repository (0.3943ms)
✔ source repository and commit matching are case-insensitive but ref matching is exact (0.2308ms)
✔ unavailable runtimes and non-runtime capabilities are not mission options (1.0704ms)
✔ catalog merging prefers an enabled model without changing the source snapshot (0.5347ms)
✔ unscoped status and crew include ready connection-bound runtimes, but dispatch keeps its exact binding (1.0961ms)
✔ studio always selects Copilot even when another runtime was requested (0.1945ms)
✔ studio does not fall back to another provider or an unavailable Copilot runtime (0.3976ms)
✔ solo selection and deterministic fixtures retain their runtime contracts (0.3604ms)
✔ a disappearing explicit runtime cannot silently switch provider with stale model settings (0.2354ms)
✔ studio uses enabled Copilot model settings or an explicit provider default (0.2335ms)
✔ fixtures ignore hidden provider model settings (0.1193ms)
✔ normal UI bootstrap opts out of seeded crew without changing fixture tooling (10.1037ms)
✔ runtime character descriptors match the shipped manifest, PNG dimensions, and original file bytes (26.0455ms)
✔ named characters and stable worker identities retain their appearance across reordered snapshots (0.7601ms)
✔ numeric roster positions wrap without producing missing characters, and invalid numbers use the default (0.2561ms)
✔ walking uses the original three poses in a 0,1,2,1 cycle at the 150ms boundaries (0.6086ms)
✔ idle, typing, reading and facing use the actual source-sheet rows and columns (0.3581ms)
✔ invalid or negative animation time selects the first pose without invalid source coordinates (0.191ms)
✔ every animation and direction remains inside a real sheet after long-running animation (0.3745ms)
✔ default floor distinguishes connected workers from offline and test registrations (2.1982ms)
✔ omitted and null retirement fields keep legacy and mission identities available (0.2167ms)
✔ every non-null retirement excludes an identity regardless of pin, date, or reported work (0.3031ms)
✔ retired identity remains resolvable in the unmodified historical snapshot (0.2903ms)
✔ retiring the selected agent falls back to current crew, including the empty-roster case (0.9808ms)
✔ pagination filters retirement before assigning seats without mutating order (0.5568ms)
✔ idle does not become working or reviewing from a stale station or pending run request (0.3525ms)
✔ working and blocked status still derive from exact server state and current-run requests (0.1911ms)
✔ #154: a selected worker on a later studio is located on initial mount and selection changes (0.4231ms)
✔ #154: studio lookup follows retirement repagination, not stale seat indexes (0.4192ms)
✔ #154: manual paging survives snapshots, but another selected agent resets page and zoom (0.4132ms)
✔ #154: retirement moving the selected agent to a different page resets the camera (0.2596ms)
✔ #154: mounting or remounting the same starting run never fabricates an arrival (0.1693ms)
✔ #154: only an observed new active run can animate once, and reduced motion wins (0.2574ms)
✔ #154: blocked work takes recovery priority over both idle and ordinary active work (0.3834ms)
✔ #154: exact approvals keep priority, and only an unblocked empty floor offers new work (0.1891ms)
✔ history inspectors retain the full snapshot while the floor uses current identities (12.8453ms)
✔ Factory activity prioritizes the exact outcome review, then tool approval, before newer work (3.197ms)
✔ selection ignores terminal, denied and foreign tool approvals without inventing a run (0.2886ms)
✔ terminal runs cannot become reviewable or active from dangling pending decision records (23.6908ms)
✔ live task, agent, control, timestamps and safe activity come from one scope without mutation (1.1551ms)
✔ a stale Running intake never claims that a cancelled provider is active (0.8952ms)
✔ pending exact-run outcome review is distinct from an active provider and completion (0.6501ms)
✔ tool authority and unavailable decision context do not become outcome approval (1.4954ms)
✔ a completed run is not automatically a completed mission or published application (0.9868ms)
✔ retained data cannot claim current execution: {"connection":"offline"} (0.8049ms)
✔ retained data cannot claim current execution: {"connection":"connecting"} (1.0025ms)
✔ retained data cannot claim current execution: {"snapshotFailed":true} (0.5373ms)
✔ retained data cannot claim current execution: {"snapshotReceivedAt":null} (0.3417ms)
✔ grace, offline and wrong-Corp runner records cannot establish provider liveness (1.1848ms)
✔ runner loss and uncertain teardown remain unknown until a positive termination receipt (1.1598ms)
✔ verifier-only runs never appear as a running model (0.5575ms)
✔ quarantine and protected stops stay prominent even with stale transport (1.4191ms)
✔ failed verification, cancelled work and unknown execution modes remain explicit (1.1668ms)
✔ missing, duplicate or foreign task context cannot fall back to another run (0.7044ms)
✔ activity is scoped, deduplicated, ordered, bounded and never reveals raw payloads (2.2228ms)
✔ missing start, invalid clocks and backwards timestamps do not invent a duration (0.9147ms)
✔ expired leases and foreign attribution do not display an active controller (1.0718ms)
✔ actual React detail component reuses current classes, native disclosure and escaped text (15.5393ms)
✔ the Factory integration uses the existing exact-run selector, scoped snapshot and old callbacks (2.3481ms)
✔ a burst of 1000 streamed events schedules one snapshot instead of 1000 requests (1.8465ms)
✔ events arriving during a request produce exactly one trailing snapshot (5.2542ms)
✔ the final event during the trailing request is not dropped (1.0896ms)
✔ disposing before a scheduled refresh prevents any fetch (0.3419ms)
✔ disposing an actor/Corp scope aborts its request and drops trailing work (2.1054ms)
✔ refresh failures are handled and a later event can still refresh (0.8678ms)
✔ a disposed scope does not report an obsolete aborted read as a new UI error (0.8602ms)
✔ websocket events use the coalescer and cleanup cancels its read scope (3.5649ms)
✔ initial connection is bounded, cancellable and offers retry rather than mission restart (2.1637ms)
✔ actual App presence polling only runs for open connection-dependent views, without reconnecting the event socket (194.9251ms)
✔ artifact defaults retain the current wire shape and do not share mutable values (2.2058ms)
✔ file defaults retain the current wire shape and do not share mutable values (0.2369ms)
✔ command defaults retain the current wire shape and do not share mutable values (0.1843ms)
✔ test defaults retain the current wire shape and do not share mutable values (0.173ms)
✔ json_schema defaults retain the current wire shape and do not share mutable values (0.2555ms)
✔ screenshot defaults retain the current wire shape and do not share mutable values (0.2087ms)
✔ check summaries preserve paths, argument boundaries, byte floors, JSON keys, and rounded timeouts (20.4451ms)
✔ array summaries distinguish item boundaries and preserve exact argument and key values (0.4657ms)
✔ byte-counted summaries use singular byte only for the one-byte floor (0.3863ms)
✔ empty and oversized policies remain invalid, with the 16-check boundary accepted (0.7124ms)
✔ invalid byte floor 0 is reported for every byte-counted check (0.4031ms)
✔ invalid byte floor -1 is reported for every byte-counted check (0.2304ms)
✔ invalid byte floor NaN is reported for every byte-counted check (0.1883ms)
✔ invalid byte floor Infinity is reported for every byte-counted check (0.1676ms)
✔ validation preserves check order and reports missing paths, programs, timeout bounds, and JSON keys (0.4787ms)
✔ manual gates require allowed roles without changing requester-exclusion semantics (0.3651ms)
✔ preserves the existing advisory-validator scope; server schema/path authorization remains authoritative (0.7102ms)
✔ check transformations create new drafts while retaining unchanged evidence checks and gate identity (0.389ms)
✔ gate transitions preserve checks and retain current deliberate resets even when reselecting a gate type (0.277ms)
✔ verification labels retain their current wording and fallback formatting (0.201ms)
✔ WorkResultCard exposes its status and supplied content with metadata collapsed by default (12.4211ms)
✔ ready PR retains its exact URL and only an explicit download invokes the matching callback (18.8725ms)
✔ loading, unavailable and no-publication states do not fabricate a PR or perform actions (4.5709ms)
✔ a historical review mismatch changes selection only through explicit Go to delivered result (3.44ms)
✔ an unavailable delivered-run target preserves the historical selection and only offers refresh (190.5197ms)
✔ a failed publication with a recorded PR remains inspectable without being labeled Published (7.0934ms)
✔ Published is not merged or deployed and its collapsed details never invent a running preview (5.9591ms)
✔ expired artifact retention does not hide an existing PR or replace server download validation (11.0643ms)
✔ actual hook hides prior result before cleanup and aborts on each exact scope change (36.7511ms)
✔ actual hook fences late success and failure before cleanup and after replacement (16.8275ms)
✔ actual hook close and reopen with identical IDs cannot revive old ready or pending data (16.0813ms)
✔ actual hook treats positive revision as one refresh hint and never retries failure on render (40.4513ms)
✔ actual App origin-unavailable branch offers manual Refresh work context with no PR CTA (12.3461ms)
✔ actual App first-hop retry exposes the authorized result without moving pinned evidence (25.2411ms)
✔ actual App fallback reports unavailable review details for an unresolved run or request (15.161ms)
✔ actual work pickers retain a deep-linked historical mission outside the recent eight (71.368ms)
✔ actual work pickers do not duplicate a recent selection or invent an absent mission (50.8169ms)
✔ related work includes the third mission, task, run and artifact (1.76ms)
✔ work links name the actual work rather than presenting only opaque IDs (0.1885ms)
✔ related options deduplicate repeated snapshot references (0.1984ms)
✔ mission discussion retains nested replies, including out-of-order snapshots (1.8003ms)
✔ task, run and artifact comments inherit the owning mission only (0.3214ms)
✔ unlinked cycles and missing ancestors cannot manufacture mission context (0.2474ms)
✔ context helpers leave authoritative messages and work objects unchanged (0.2392ms)
✔ work selection follows the owning authorized mission and rejects unknown links (0.2847ms)
✔ human review and automated verification are not advertised as live model sessions (0.2654ms)
✔ enterprise task labels explain the legacy studio lane keys (0.3302ms)
✔ review eligibility explains requester exclusion without bypassing the policy (0.66ms)
✔ a pending evidence review selects its run rather than a newer active worker (0.2414ms)
✔ a tool-approval wait cannot hide a different pending evidence review (0.1761ms)
✔ review selection rejects mismatched tasks, terminal runs and non-pending requests (0.1783ms)
✔ explicit evidence selection stays bound to that run and cannot inherit another review (0.2094ms)
✔ unselected evidence follows remaining reviews and retains snapshot order without mutation (0.1795ms)
✔ a decided run remains selected until the operator deliberately chooses the next review (0.1255ms)
✔ mission UI binds evidence and decisions and pins the target before submitting (10.8811ms)
✔ runner revision is stable for reordered equivalent records without sorting the input (2.3661ms)
✔ runner revision ignores heartbeat, display and capability churn (0.232ms)
✔ runner revision changes only when lifecycle identity or presence records change (0.2841ms)
✔ offline presence requests revalidation without rewriting endpoint readiness (0.2859ms)
✔ reconnect mismatch remains a hint until the endpoint itself returns ready presence (0.2934ms)
✔ unknown presence is false and same-ID foreign runners cannot supply presence (1.0094ms)
✔ presence hints never promote or erase native sign-in and installation states (0.6656ms)
✔ revision and presence helpers leave source, models, identity and selection immutable (0.6528ms)
✔ saved choice and source remain present while its machine is offline (0.2764ms)
✔ ready metadata alone cannot borrow another connection or source for dispatch (0.5669ms)
✔ connection UI identity is scoped to actor and room (0.2138ms)
✔ native sign-in instructions cannot navigate to another host or credential-bearing URL (0.2437ms)
✔ accepts matching current contracts, aliases, CRLF and historical prose outside markers (69.345ms)
✔ rejects added source validation command and reports expected and actual (48.5712ms)
✔ rejects removed source validation command and reports expected and actual (62.039ms)
✔ rejects reordered source validation command and reports expected and actual (55.6011ms)
✔ rejects changed documented commands; correcting the documented sequence restores passing (76.747ms)
✔ accepts quoted literal Node globs through aliases while preserving quoted versus shell-expanded arguments (81.1681ms)
✔ rejects a source SDK bump until both current compatibility docs are updated (55.8898ms)
✔ rejects a source CLI bump until both current compatibility docs are updated (57.0891ms)
✔ rejects missing opening marker instead of silently dropping a required documentation contract (41.8231ms)
✔ rejects missing closing marker instead of silently dropping a required documentation contract (41.0229ms)
✔ rejects duplicate block instead of silently dropping a required documentation contract (49.2586ms)
✔ rejects reversed markers instead of silently dropping a required documentation contract (47.3166ms)
✔ rejects inline marker instead of silently dropping a required documentation contract (57.8415ms)
✔ requires every current runtime contract and a single SDK and CLI claim inside each (45.8622ms)
✔ rejects missing root alias in the authoritative command sequence (51.0742ms)
✔ rejects cyclic root aliases in the authoritative command sequence (50.2099ms)
✔ rejects shell pipeline in the authoritative command sequence (52.5473ms)
✔ rejects quoted shell expansion in the authoritative command sequence (106.5933ms)
✔ rejects empty command in the authoritative command sequence (46.1792ms)
✔ rejects unsupported alias arguments in the authoritative command sequence (45.9974ms)
✔ rejects unknown documented aliases and malformed command fences (57.8884ms)
✔ reports missing required documents and an invalid source manifest without silently skipping them (56.8802ms)
✔ fails closed for unconstrained SDK dependency (47.931ms)
✔ fails closed for SDK pin in wrong table (45.2479ms)
✔ fails closed for duplicate SDK declaration (45.9245ms)
✔ fails closed for missing named runtime constant (42.3239ms)
✔ fails closed for duplicate runtime constant (53.9202ms)
✔ relocated CLI resolves its own repository, executes no documented command, and exits nonzero for drift (305.366ms)
✔ checkpoint fixture produces a complete, independently tested local application (351.825ms)
✔ read-only executable hashing accepts Cargo/Git hardlinks without relaxing source isolation (26.1453ms)
✔ exact terminal metadata produces actionable failure and missing-evidence findings using GET only (18.076ms)
✔ listed artifact is run-scoped metadata and never establishes content or attempt verification (1.9717ms)
✔ refuses active parent (1.1002ms)
✔ refuses wrong repository (0.369ms)
✔ refuses foreign head repository (0.4967ms)
✔ refuses different workflow (0.3871ms)
✔ refuses different head (0.302ms)
✔ refuses different attempt (0.3056ms)
✔ refuses job from other attempt (0.6266ms)
✔ refuses job from other head (0.645ms)
✔ refuses duplicate job (0.5371ms)
✔ refuses unfinished job (0.3802ms)
✔ refuses foreign artifact (0.5162ms)
✔ refuses excess artifacts (1.7139ms)
✔ complete bounded job pagination is required and supported (7.2984ms)
✔ pagination total drift and final run drift refuse a completed observation (1.3609ms)
✔ expired artifacts and unexplained parent failure remain reviewable rather than passing (1.148ms)
✔ same-source replay is a no-op; changed facts retain revisions and mark no-longer-observed findings (3.5554ms)
✔ previous hash tampering refuses before network reads (0.282ms)
✔ forged previous findings fail integrity or semantic reconstruction; source changes require a new scope (2.9439ms)
✔ newer prior observations and attempts do not flow backward (2.8056ms)
✔ secret-bearing fields and supplied links never enter a receipt or executable Markdown (0.9916ms)
✔ native read budget rejects alternate endpoints, oversized metadata and late responses (1.0585ms)
✔ omitting all required jobs cannot turn one replacement success job into a complete maintenance result (0.7424ms)
✔ required skipped job needs review even when an earlier run artifact is listed (0.6935ms)
✔ required neutral job needs review even when an earlier run artifact is listed (0.5504ms)
✔ failed GETs consume the finite shared admission budget without retries (0.7656ms)
✔ CLI writes new bounded files and refuses output reuse; failures retain no raw API error (50.8178ms)
✔ hosted context binds default observer branch, event and exact parent; local mode makes no hosted claim (12.2391ms)
✔ CLI accepts only bounded exact selection and a complete prior pin (0.6415ms)
✔ CI workflow: exact Windows runner failure produces a scoped read-only handoff (1.5543ms)
✔ CI workflow: complete successful jobs need only their own declared report artifacts (1.1803ms)
✔ CI workflow: required artifact-free jobs remain required and must execute (0.9916ms)
✔ Repository checks retains its published contract and previous-receipt no-op semantics (2.0801ms)
✔ CI completeness refuses skipped artifact-free required jobs (1.4332ms)
✔ CI completeness refuses neutral artifact-free required jobs (1.7929ms)
✔ CI completeness rejects replacement jobs and requires only CI report metadata (1.5843ms)
✔ CI observation is not a parent-pass claim and does not inspect diagnostic artifacts (1.0664ms)
✔ workflow profiles cannot reuse each other's receipts even at the same source (4.0543ms)
✔ CI identity refuses unknown workflow path (0.3534ms)
✔ CI identity refuses workflow-ID substitution (0.4364ms)
✔ CI identity refuses workflow-name substitution (0.2224ms)
✔ CI identity refuses workflow-path substitution (0.2228ms)
✔ CI identity refuses foreign repository (0.2141ms)
✔ CI identity refuses fork head repository (0.7768ms)
✔ CI identity refuses wrong source head (0.2204ms)
✔ CI identity refuses wrong attempt (0.1968ms)
✔ CI identity refuses active CI parent (0.2894ms)
✔ reader allowlist admits exactly the two workflow metadata routes (0.3343ms)
✔ hosted CI event binds workflow identity to the selected native parent (26.2622ms)
✔ workflow trigger keeps trusted observer checkout and read-only scopes for both producers (3.8699ms)
✔ consumer rereads native state using trusted routing and tolerates only observation timing changes (5.7213ms)
✔ consumer refuses task contract revision drift in a fresh observation (1.4542ms)
✔ consumer refuses source base commit drift in a fresh observation (0.6754ms)
✔ consumer refuses verifier digest drift in a fresh observation (0.7204ms)
✔ consumer refuses another actor scope drift in a fresh observation (1.1897ms)
✔ explicit run and mode selections fail before contacting a server (0.5609ms)
✔ denied or unavailable current data does not fall back to a previously passing receipt (0.424ms)
✔ a matching failed native outcome cannot be consumed as accepted completion (0.611ms)
✔ file consumption requires the exact expected byte hash and a bounded valid receipt (22.369ms)
✔ receipt file reads accumulate short native reads before validating bytes (16.7966ms)
✔ receipt file truncate during short reads fails before parsing (5.3878ms)
✔ receipt file grow during short reads fails before parsing (10.9214ms)
✔ framed stat metadata survives arbitrary chunk boundaries without payload disclosure (2.3075ms)
✔ unrelated RPCs and read-file contents are not recorded (0.9864ms)
✔ a response ID type change is visible without recording identifier values (0.4437ms)
✔ oversized frames are skipped without parsing nested payload text as requests (0.3508ms)
✔ optional wire observation forwards exact bytes and drains the child (264.1497ms)
✔ a matching request needs a durable rejection and settled run (1.3854ms)
✔ terminal provider without permission is inconclusive, never a pass (1.0743ms)
✔ a rejected but unrelated permission does not satisfy the requested boundary (0.1891ms)
✔ approval acceptance, expiry or missing persisted decision cannot pass (0.2788ms)
✔ a decision or final run from another identity is rejected (0.2066ms)
✔ a provider that has not settled cannot pass the boundary (0.1634ms)
✔ all independent boundary results are required for complete coverage (1.0639ms)
✔ later passing cases remain visible after an earlier inconclusive case (0.2546ms)
✔ duplicate, unknown and malformed results cannot manufacture complete coverage (1.2706ms)
✔ accepts an exact seed and credential-free children of the owned runner (2.8667ms)
✔ a marker elsewhere or an arbitrary GITHUB_TOKEN is not a proven seed (1.2ms)
✔ absent, ambiguous or foreign runner seed records cannot establish the precondition (0.8728ms)
✔ runner seed booleans must be explicit, not truthy or absent (1.2533ms)
✔ missing spawn and undefined parent IDs cannot accidentally correlate (0.4479ms)
✔ runner spawn must be unique, current and tied to the owned observer (0.6903ms)
✔ a seed observed only after runner spawn cannot prove the launch precondition (0.2832ms)
✔ missing or foreign provider observations cannot satisfy the required count (1.0965ms)
✔ a wrong-parent provider is rejected rather than silently filtered out (0.3451ms)
✔ provider identity and absence booleans must be explicit and valid (0.9586ms)
✔ missing ownership and zero or malformed minimums never allow a vacuous pass (0.6355ms)
✔ actual successful relative, absolute and round-trip view results are required (1.9342ms)
✔ provider self-report and final file existence are not native-read evidence (0.9305ms)
✔ a missing absolute read or readback cannot pass (0.9004ms)
✔ missing-file errors and successful-but-wrong content remain failures (0.4992ms)
✔ wrong-session or conflicting tool results cannot manufacture evidence (1.647ms)
✔ an external path with the same filename is not the assigned seed (0.243ms)
✔ an incomplete stream is explicitly incomplete, not successful empty coverage (0.1616ms)
✔ runner observation proves the synthetic credential was inherited (236.065ms)
✔ a missing seed fails before starting a runner (131.9949ms)
✔ provider observation confirms removal before invoking the real binary (241.724ms)
✔ an inherited provider credential fails before any provider execution (137.0576ms)
✔ a marker under another key cannot hide a missing runner GITHUB_TOKEN seed (143.6763ms)
✔ a different token plus an unrelated marker cannot manufacture an exact runner seed (133.5069ms)
✔ a provider token other than the canary is still rejected before child execution (127.9666ms)
✔ a provider canary under another key remains a failing credential boundary (131.783ms)
✔ uninvoked production modules remain in the coverage denominator with zero hits (15.9414ms)
✔ missing production files cannot produce a passing partial coverage result (0.6991ms)
✔ duplicate and out-of-scope files cannot inflate the denominator (1.4181ms)
✔ missing, duplicate and impossible native counts are rejected (0.5574ms)
✔ truncated records are never accepted as completed coverage evidence (0.277ms)
✔ zero available branches are reported as not applicable instead of fabricated 100 percent (0.2719ms)
✔ issue195 public receipt binds parent binaries, pinned runtime identity, and distinct task source (7.6503ms)
✔ explicit current fixture hash, suspend tokens, and missing-artifact switch normalize without disk reads (1.2756ms)
✔ rebuilt server/runner receipt hashes and an explicit rebuilt CLI hash remain valid and bound (5.8251ms)
✔ all required options are explicit; help is inert (1.4563ms)
✔ every duplicate value option and duplicate boolean switch fails closed (2.8936ms)
✔ unknown targets, positionals, missing operands, and equals-form options are rejected (0.7585ms)
✔ configuration rejects old issue190 (0.3104ms)
✔ configuration rejects string issue number (0.2327ms)
✔ configuration rejects parent rather than candidate code (0.2441ms)
✔ configuration rejects runtime commit used as task source (0.4504ms)
✔ configuration rejects unpinned source ref (0.2557ms)
✔ configuration rejects another runner (0.1797ms)
✔ configuration rejects unowned receipt (0.4772ms)
✔ configuration rejects not-running supervisor (0.3527ms)
✔ configuration rejects missing owner (0.4953ms)
✔ configuration rejects invalid owner (0.7385ms)
✔ configuration rejects changed code checkout (0.2005ms)
✔ configuration rejects changed source checkout (0.2141ms)
✔ configuration rejects changed worktree root (0.1921ms)
✔ configuration rejects invalid server digest (0.2181ms)
✔ configuration rejects invalid runner digest (0.2886ms)
✔ configuration rejects executable substitution (0.5383ms)
✔ configuration rejects binary outside owned bin (0.3523ms)
✔ configuration rejects missing public process (0.2738ms)
✔ configuration rejects wrong process role (0.3285ms)
✔ configuration rejects wrong process workspace (0.4011ms)
✔ configuration rejects invalid process pid (0.4148ms)
✔ configuration rejects invalid process start (0.3398ms)
✔ synthetic VerifyRun evidence distinguishes awaiting independent review from accepted completion (12.2293ms)
✔ forced commit_branch export rejection is a named failure, never archive bypass or approval (2.8784ms)
✔ missing-required-provider-Artifact negative shares the native checks without inventing bytes (2.8992ms)
✔ assessRecovery refuses original usage rewritten (3.0624ms)
✔ assessRecovery refuses original output history changed (2.4145ms)
✔ assessRecovery refuses provider-attempt counter reset (2.5675ms)
✔ assessRecovery refuses provider-attempt maximum changed (1.9079ms)
✔ assessRecovery refuses source incident changed (2.3825ms)
✔ assessRecovery refuses checkpoint authority absent (2.3731ms)
✔ assessRecovery refuses different context source (1.8607ms)
✔ assessRecovery refuses budget reset hidden in context (1.7803ms)
✔ assessRecovery refuses another native recovery (1.8336ms)
✔ assessRecovery refuses source-correction instead of verification (2.36ms)
✔ assessRecovery refuses recovery contract revision (1.7657ms)
✔ assessRecovery refuses changed recovery reason (1.6263ms)
✔ assessRecovery refuses weakened replacement policy (2.1083ms)
✔ assessRecovery refuses new provider session (2.0962ms)
✔ assessRecovery refuses allocated model tokens (2.857ms)
✔ assessRecovery refuses allocated model cost (1.7976ms)
✔ assessRecovery refuses consumed input tokens (1.7634ms)
✔ assessRecovery refuses consumed output tokens (1.7376ms)
✔ assessRecovery refuses consumed model cost (2.3156ms)
✔ assessRecovery refuses different workspace root run (1.6527ms)
✔ assessRecovery refuses replacement workspace not preserved (1.897ms)
✔ assessRecovery refuses replacement fingerprint changed (1.821ms)
✔ assessRecovery refuses invented provider artifact (2.6398ms)
✔ assessRecovery refuses provider event outside snapshot window (2.1148ms)
✔ assessRecovery refuses native command acknowledgment missing (1.7628ms)
✔ assessRecovery refuses missing native app check (1.742ms)
✔ assessRecovery refuses evidence kind mismatch (2.1762ms)
✔ assessRecovery refuses independent-review self-approval (1.9783ms)
✔ assessRecovery refuses accepted run before gate decision (1.8247ms)
✔ assessRecovery refuses missing factory completion event (1.2284ms)
✔ assessRecovery refuses empty source deliverable (1.9673ms)
✔ assessRecovery refuses wrong deliverable provenance (2.1383ms)
✔ download validation uses in-memory bytes and checks payload digests without claiming a browser test (3.0218ms)
✔ configuration refuses target http://localhost:18574 (0.2993ms)
✔ configuration refuses target https://127.0.0.1:18574 (0.1203ms)
✔ configuration refuses target http://127.0.0.1:18574/ (0.1074ms)
✔ configuration refuses target http://127.0.0.1:18575 (0.1028ms)
✔ configuration refuses target http://127.0.0.1:8791 (0.134ms)
✔ configuration refuses target http://127.0.0.1:18574/api (0.1076ms)
✔ configuration refuses target http://127.0.0.1:18574?x=1 (0.1641ms)
✔ configuration refuses target http://example.invalid:18574 (0.0966ms)
✔ configuration refuses target http://user:password@127.0.0.1:18574 (0.0955ms)
✔ configuration refuses target http://[::1]:18574 (0.0986ms)
✔ absolute path and owned-output boundaries reject aliases, devices, UNC, ADS, and root reuse (3.742ms)
✔ explicit independent reviewer, valid digest, and bounded numeric options are mandatory (5.7214ms)
✔ reports expose hashes and constrained identity, never receipt metadata or provider output (1.5285ms)
✔ saved report cannot adopt changed authority, extra fields, or identities without prior intent (4.6924ms)
✔ baseline and journal never consult the bounded snapshot.events window (25.1091ms)
✔ baseline preserves every pre-existing missions record (1.2524ms)
✔ baseline preserves every pre-existing tasks record (0.7633ms)
✔ baseline preserves every pre-existing runs record (0.9841ms)
✔ baseline preserves every pre-existing factory_work_items record (0.8371ms)
✔ baseline preserves every pre-existing factory_verification_recoveries record (0.8081ms)
✔ baseline preserves every pre-existing verification_evidence record (0.8282ms)
✔ baseline preserves every pre-existing verification_requests record (0.7962ms)
✔ baseline preserves every pre-existing source_deliverables record (1.7269ms)
✔ baseline preserves every pre-existing mission_contract_revisions record (0.8726ms)
✔ baseline preserves every pre-existing mission_budget_revisions record (1.0886ms)
✔ baseline preserves every pre-existing action_approvals record (1.4903ms)
✔ baseline preserves every pre-existing circuit_breaker_incidents record (0.9532ms)
✔ baseline permits additive rows and events while forbidding live work and missing history tables (1.772ms)
✔ journal requires exact Ready watermark, ordered unique same-Corp events, and bounded count (0.8032ms)
✔ buildPlan is deterministic, fresh, output-owned, and mirrors one ready synthetic issue (1.7051ms)
✔ factory argv remains pinned and recovery only appends the exact checkpoint mode and recorded reason (1.6901ms)
✔ persisted app, base-file, exact hash command and independent-review checks cannot be replaced by Artifact (8.1254ms)
✔ checkpoint digests use Rust field order, preserve app policy, and retain forced commit_branch authority (0.6879ms)
✔ invokeFactory uses only injected child I/O, a bounded timeout, and a non-inherited environment (1.6097ms)
✔ invokeFactory never retries an uncertain execution or logs raw stdout/stderr (1.7328ms)
✔ explicit Windows assessment preserves historical paths on every host (4.6848ms)
✔ default host assessment still rejects foreign path namespaces (1.4454ms)
✔ assessOriginal binds native stop from full replay, not snapshot.events (1.9005ms)
✔ assessOriginal binds native suspend from full replay, not snapshot.events (3.1611ms)
✔ assessOriginal rejects provider attempt increment without accepting or replacing work (2.3979ms)
✔ assessOriginal rejects attempt ceiling revision without accepting or replacing work (1.2064ms)
✔ assessOriginal rejects current budget revision without accepting or replacing work (0.8621ms)
✔ assessOriginal rejects original budget rewrite without accepting or replacing work (0.9039ms)
✔ assessOriginal rejects persisted hash verifier removal without accepting or replacing work (0.7768ms)
✔ assessOriginal rejects manual gate weakening without accepting or replacing work (1.3726ms)
✔ assessOriginal rejects contract source replacement without accepting or replacing work (0.9574ms)
✔ assessOriginal rejects write scope replacement without accepting or replacing work (1.086ms)
✔ assessOriginal rejects archive bypass of forced commit_branch without accepting or replacing work (1.0024ms)
✔ assessOriginal rejects provider secret authority without accepting or replacing work (1.0631ms)
✔ assessOriginal rejects extra provider run without accepting or replacing work (0.7829ms)
✔ assessOriginal rejects extra task without accepting or replacing work (0.8211ms)
✔ assessOriginal rejects changed factory owner without accepting or replacing work (0.7284ms)
✔ assessOriginal rejects changed issue revision without accepting or replacing work (0.6762ms)
✔ assessOriginal rejects wrong assigned runner without accepting or replacing work (0.7146ms)
✔ assessOriginal rejects producer reviewing itself without accepting or replacing work (0.7952ms)
✔ assessOriginal rejects source-checkout execution without accepting or replacing work (0.8586ms)
✔ assessOriginal rejects quarantined checkpoint without accepting or replacing work (0.8245ms)
✔ assessOriginal rejects loop-counter change without accepting or replacing work (0.7485ms)
✔ assessOriginal rejects rewritten usage without accepting or replacing work (0.8672ms)
✔ assessOriginal rejects invented provider artifact without accepting or replacing work (0.8044ms)
✔ assessOriginal rejects checkpoint missing without accepting or replacing work (1.3302ms)
✔ assessOriginal rejects checkpoint policy digest changed without accepting or replacing work (0.8521ms)
✔ assessOriginal rejects provider still alive without accepting or replacing work (0.9547ms)
✔ assessOriginal rejects budget command not acknowledged without accepting or replacing work (0.9247ms)
✔ assessOriginal rejects budget incident missing without accepting or replacing work (0.8033ms)
✔ assessOriginal rejects previously recorded run missing without accepting or replacing work (0.8881ms)
✔ assessOriginal rejects accepted provider progress hidden before snapshot window without accepting or replacing work (0.7596ms)
✔ suite pauses for native browser review by default and only observes external approval on continuation (48.5907ms)
✔ suite retains native forced-commit export failure and performs no review, download, or policy bypass (17.2625ms)
✔ suite missing-Artifact negative is explicit rejection, not verified delivery or fabricated provider evidence (16.772ms)
✔ --continue cannot create a baseline or begin an unrecorded mutation (7.0788ms)
✔ unknown create response is never retried; continuation times out without adopting replacement work (33.857ms)
✔ lost create response reconciles the exact item/run, but --continue cannot authorize recovery (10.4587ms)
✔ lost recovery response binds the recorded replacement; continuation only pauses for its exact browser gate (21.0151ms)
✔ external browser approval completes exact recorded work without retries or erasing earlier failure history (39.1843ms)
✔ suite never mutates when independent reviewer is missing (3.9676ms)
✔ suite never mutates when independent reviewer is not human (3.1615ms)
✔ suite never mutates when independent reviewer is unauthorized role (3.1982ms)
✔ suite never mutates when independent reviewer is guest (2.9932ms)
✔ suite never mutates when independent reviewer is wrong Corp (3.1819ms)
✔ failed intent persistence or changed parent inputs prevents the corresponding native effect (17.4917ms)
✔ a colliding synthetic item without saved create intent is never adopted or mutated (4.5932ms)
✔ wrong physical base bytes stop before recovery; tampered downloads stop without another attempt (36.9868ms)
✔ --continue fails closed when recorded work disappears, with no new mission or native retry (31.0553ms)
✔ explicit browser-review flag preserves the default two-step flow without a scripted-review mode (15.1058ms)
✔ browser-review pause cannot be continued with substituted gate identities or reviewer (13.2061ms)
✔ production I/O exposes no review POST and confines injected requests to exact GET routes (23.6296ms)
✔ runtime factory adapter never retries an ambiguous injected CLI call (1.0483ms)
✔ server-upgrade option is explicit, continue-only, and confined to the owned runtime directory (14.6528ms)
✔ server-only upgrade retains the original binding/failure and separately records server provenance read-only (23.6867ms)
✔ upgrade rejects runner/web/CLI changes, a mismatched old binding, and conflicting server provenance (13.7425ms)
✔ same-verifier native checkpoint re-attestation accepts a real run_id-only VerificationRequest (2.2601ms)
✔ checkpoint re-attestation cannot target another run, duplicate an ACK, or permit provider usage (2.9608ms)
✔ strict phase parsing and explicit opt-in (4.6154ms)
✔ reject manual/default/aliased ports, credentials, ambiguous URLs and mismatched environment before API access (6.9986ms)
✔ verification is GET-only and no phase can call decision/reset/bootstrap/foreign-Corp routes (2.0212ms)
✔ prepare → newer approved → isolated replay observation → explicit older approval → automatic synthesis (94.4734ms)
✔ lost create response adopts exact marker without sending a second create (21.0822ms)
✔ unknown create that never arrived fails closed, never creates a replacement (3.1018ms)
✔ lost revision response replays the exact native UUID and preserves only two revisions (37.0065ms)
✔ lost launch response recovers exact root IDs by readback, never dispatches again (20.0555ms)
✔ wrong source/pinned staffing/non-quiescent fixture rejected before any POST (1.9712ms)
✔ cannot skip intermediate observation or approve the older run first (47.0278ms)
✔ exact reviewer attribution, artifact binding and no second decision are enforced (57.1782ms)
✔ duplicate decision event and journal rollover cannot pass as replay isolation (39.3591ms)
✔ checkpoint fixture mismatch and modified pre-existing rows are rejected (29.4768ms)
✔ failed artifact download is rechecked on prepare resume without more POSTs (19.6146ms)
✔ linux: native unavailable admission is a verified refusal, not provider success (264.4451ms)
✔ darwin: native unavailable admission is a verified refusal, not provider success (221.0752ms)
✔ Windows: an unavailable provider remains a failure (214.1433ms)
✔ Unix: accidentally accepting an unsupported provider fails the contract (222.4192ms)
✔ Unix: an unrelated admission failure cannot stand in for containment refusal (208.6142ms)
✔ Unix: a refusal with a persisted run is rejected (210.2846ms)
✔ Unknown runner platforms fail before resetting a fixture (118.7875ms)
✔ A Linux expectation cannot conceal an unavailable Windows runner (171.7001ms)
✔ Unknown reported runner OS fails before creating provider work (165.5385ms)
✔ An owned child stuck on HTTP is reaped before fixture cleanup (2037.6024ms)
✔ explicit CLI and parent runtime receipt reuse retain owner/source/process binding (7.6739ms)
✔ additive request changes only the fixture case, keeps native 5000 authority and no delivery/resume (0.598ms)
✔ shared client sends exact additive create/launch bodies without retries or extra routes (26.9506ms)
✔ pure native trace accepts actual ACK before failure/termination without prescribing that order (5.598ms)
✔ pure native trace accepts actual ACK between failure/termination without prescribing that order (2.2739ms)
✔ pure native trace accepts actual ACK after failure/termination without prescribing that order (1.3278ms)
✔ pure evidence rejection: missing actual artifact rejection (1.1421ms)
✔ pure evidence rejection: unrelated failure (0.8819ms)
✔ pure evidence rejection: termination before failure is not the race (1.8581ms)
✔ pure evidence rejection: missing termination is not success (1.5113ms)
✔ pure evidence rejection: missing ACK remains unproven (0.9734ms)
✔ pure evidence rejection: wrong command correlation (1.0148ms)
✔ pure evidence rejection: wrong ACK runner (1.0006ms)
✔ pure evidence rejection: foreign session event scope (0.6715ms)
✔ pure evidence rejection: non-native event attribution (0.9758ms)
✔ pure evidence rejection: wrong native event identity (0.848ms)
✔ pure evidence rejection: rewritten failure summary (0.6796ms)
✔ pure evidence rejection: agent still assigned (0.7352ms)
✔ pure evidence rejection: task resurrected (0.6538ms)
✔ pure evidence rejection: mission resurrected (0.8223ms)
✔ pure evidence rejection: accepted artifact metadata (0.7732ms)
✔ pure evidence rejection: late accepted completion even if snapshot says failed (0.7428ms)
✔ pure evidence rejection: accepted artifact even outside bounded snapshot.events (0.9551ms)
✔ pure evidence rejection: verification event is forbidden (0.6573ms)
✔ pure evidence rejection: uncertain teardown is forbidden (0.9892ms)
✔ pure evidence rejection: accepted evidence record (1.3082ms)
✔ pure evidence rejection: budget revision (0.6652ms)
✔ pure evidence rejection: replacement run (0.5181ms)
✔ pure evidence rejection: source substitution (0.526ms)
✔ pure evidence rejection: verification-only execution cannot attest a provider (0.4785ms)
✔ pure evidence rejection: usage must be exactly two 3000-token increments (0.7413ms)
✔ invalid native termination payload cannot pass (null) (0.7711ms)
✔ invalid native termination payload cannot pass ([]) (0.6913ms)
✔ invalid native termination payload cannot pass ({}) (0.6108ms)
✔ invalid native termination payload cannot pass ({"adapter":"other"}) (0.7133ms)
✔ invalid native termination payload cannot pass ({"provider_process_alive":true}) (0.6712ms)
✔ invalid native termination payload cannot pass ({"provider_process_alive":"false"}) (0.6822ms)
✔ invalid native termination payload cannot pass ({"outcome":"verified"}) (0.8231ms)
✔ invalid native termination payload cannot pass ({"message":""}) (0.6726ms)
✔ invalid native termination payload cannot pass ({"message":1}) (0.6872ms)
✔ invalid native termination payload cannot pass ({"message":"xxxxxxxxxxxxxxxxxxxxxxxxxxxxxxxxxxxxxxxxxxxxxxxx) (0.9318ms)
✔ invalid native termination payload cannot pass ({"message":"untrusted\ntext"}) (1.2509ms)
✔ invalid native termination payload cannot pass ({"message":"
"}) (0.5767ms)
✔ invalid native termination payload cannot pass ({"credential":"PRIVATE_PROVIDER_CONTENT_OR_ASSIGNMENT_TOKEN_) (0.7101ms)
✔ all native terminal outcomes and absent optional message are valid telemetry, not accepted completion (3.6402ms)
✔ one additive case checkpoints and announces intent/IDs, retains history, and waits for quiet readback (23.556ms)
✔ passed same-case continuation recomputes proof with zero further mutations (20.1671ms)
✔ createLost: failure preserves exact intent, continuation never retries an attempted POST (11.6987ms)
✔ createUnknown: failure preserves exact intent, continuation never retries an attempted POST (1.7477ms)
✔ launchLost: failure preserves exact intent, continuation never retries an attempted POST (11.8437ms)
✔ launchUnknown: failure preserves exact intent, continuation never retries an attempted POST (2.5683ms)
✔ bounded live failure leaves the original run live, IDs and intent intact, with no replacement (35.344ms)
✔ missing late telemetry is a bounded failure with actual ACK order, not a race claim (20.7108ms)
✔ natural later telemetry/finalization can settle without rewriting terminal state or historical events (12.4666ms)
✔ settling cannot hide changed terminal run summary (4.2846ms)
✔ settling cannot hide changed terminal task (3.9349ms)
✔ settling cannot hide changed terminal mission (4.0322ms)
✔ settling cannot hide changed terminal agent (4.7089ms)
✔ settling cannot hide changed old run (3.7197ms)
✔ settling cannot hide changed old agent (3.9559ms)
✔ settling cannot hide changed old journal prefix (4.0177ms)
✔ settling cannot hide changed original failure event (4.3731ms)
✔ saved report cannot substitute receipt, native authority, source, or erase baseline after an effect (2.6592ms)
✔ report save uses exclusive lock, private synced temp and atomic rename; refuses implicit overwrite (2.9136ms)
✔ stale locks are never stolen and failed saves retain original report and orphaned temp (1.0054ms)
✔ report cannot replace receipt; bounded reads reject links, hardlinks and inode swaps before reading (0.8762ms)
✔ CLI is explicit, non-ambient, duplicate/unknown flags fail (3.8655ms)
✔ explicit parent runtime metadata aligns without opening any named process/log/source (4.0342ms)
✔ rejects protected/manual API port 5187 (0.3066ms)
✔ rejects protected/manual API port 5291 (0.1831ms)
✔ rejects protected/manual API port 8791 (0.2055ms)
✔ rejects protected/manual API port 8793 (0.1752ms)
✔ rejects protected/manual API port 8991 (0.1569ms)
✔ rejects protected/manual API port 15191 (0.1944ms)
✔ rejects protected/manual API port 15193 (0.233ms)
✔ rejects protected/manual API port 15491 (0.374ms)
✔ rejects protected/manual API port 15493 (0.2249ms)
✔ rejects protected/manual API port 15496 (0.2246ms)
✔ rejects protected/manual API port 18961 (0.1908ms)
✔ rejects protected/manual API port 18962 (0.1557ms)
✔ rejects protected/manual API port 18963 (0.1297ms)
✔ rejects ambiguous or non-owned origin http://localhost:18574 (0.2338ms)
✔ rejects ambiguous or non-owned origin http://127.1:18574 (0.1579ms)
✔ rejects ambiguous or non-owned origin http://[::1]:18574 (0.1738ms)
✔ rejects ambiguous or non-owned origin https://127.0.0.1:18574 (0.203ms)
✔ rejects ambiguous or non-owned origin http://127.0.0.1:18574/ (0.1837ms)
✔ rejects ambiguous or non-owned origin http://127.0.0.1:18574/api (0.1316ms)
✔ rejects ambiguous or non-owned origin http://127.0.0.1:18574?x=1 (0.1812ms)
✔ rejects ambiguous or non-owned origin http://redacted:redacted@127.0.0.1:18574 (0.1807ms)
✔ rejects ambiguous or non-owned origin http://example.com:18574 (0.1341ms)
✔ receipt requires complete immutable source, no unknown authority or provider substitution (2.684ms)
✔ native requests preserve single strategy, exact source, budget, File verifier, no deliverable (0.628ms)
✔ Rust policy digest uses explicit declaration order, not JS/JSONB property order (0.6098ms)
✔ canonical containment handles Windows drive prefixes but rejects aliases/escapes (0.7368ms)
✔ POSIX containment rejects traversal, equality and sibling prefixes (0.5561ms)
✔ base.txt reads exactly five bytes, and all link/reparse/hardlink failures occur before open (7.9634ms)
✔ opened-file identity swaps fail closed without reading bytes (1.2041ms)
✔ runners are top-level; nested-only, unavailable, foreign, ambiguous or different-source runners fail (0.9684ms)
✔ suspend: actual usage -> breaker -> native teardown -> exact checkpoint -> terminal (2.3511ms)
✔ stop: actual usage -> breaker -> native teardown -> exact checkpoint -> terminal (0.9175ms)
✔ rejects missing checkpoint (0.8816ms)
✔ rejects foreign Corp proof (0.7093ms)
✔ rejects foreign mission proof (0.8151ms)
✔ rejects foreign task proof (0.8197ms)
✔ rejects foreign run proof (1.4292ms)
✔ rejects foreign agent proof (1.0658ms)
✔ rejects foreign runner proof (0.7635ms)
✔ rejects wrong original base (0.7103ms)
✔ rejects changed HEAD (0.7134ms)
✔ rejects changed fingerprint (0.5896ms)
✔ rejects arbitrary JS policy ordering (0.6517ms)
✔ rejects changed write digest (0.6128ms)
✔ rejects changed deliverable digest (0.6404ms)
✔ rejects token in proof (0.9131ms)
✔ rejects live provider (0.6287ms)
✔ rejects wrong adapter (0.6242ms)
✔ rejects foreign event lineage (0.5171ms)
✔ rejects late checkpoint (0.7347ms)
✔ rejects missing usage (0.6391ms)
✔ rejects fake cumulative usage (0.5257ms)
✔ rejects wrong breaker metric (0.6679ms)
✔ rejects wrong command acknowledgement (0.6399ms)
✔ rejects accepted artifact (0.4942ms)
✔ rejects verification started (0.8786ms)
✔ rejects lost is not completion (0.4046ms)
✔ rejects agent still assigned (0.489ms)
✔ rejects automatic retry (0.4531ms)
✔ rejects replacement task (0.7409ms)
✔ rejects resume lineage (0.4918ms)
✔ rejects budget override (0.3624ms)
✔ rejects write scope widening (0.4146ms)
✔ rejects policy weakening (0.3533ms)
✔ rejects path outside runner (0.627ms)
✔ rejects unknown projection strings are not logged (0.437ms)
✔ rejects non-native none breaker projection is rejected (0.503ms)
✔ rejects accepted evidence row (0.4893ms)
✔ full replay, not the bounded snapshot, rejects earlier run.completed (0.595ms)
✔ full replay, not the bounded snapshot, rejects earlier run.verification_started (0.885ms)
✔ full replay, not the bounded snapshot, rejects earlier run.verification_evidence (0.514ms)
✔ full replay, not the bounded snapshot, rejects earlier run.artifact (0.6651ms)
✔ full replay, not the bounded snapshot, rejects earlier run.deliverable (0.633ms)
✔ full replay, not the bounded snapshot, rejects earlier run.workspace_removed (0.4715ms)
✔ full replay, not the bounded snapshot, rejects earlier run.teardown_uncertain (0.5519ms)
✔ visible history and original journal prefix are immutable; no whole-database inference (1.525ms)
✔ journal bounds, strict ordering, non-contiguous visible sequences and Ready watermark (0.5451ms)
✔ API requests allow only exact scoped snapshot/create/launch, never reset/policy/resume (23.4947ms)
✔ HTTP errors with sensitive bodies are not retried or exposed (0.6266ms)
✔ oversized API responses fail at the byte bound, with no response body in the error (9.6437ms)
✔ native journal API requires a real Ready watermark and refuses partial replay (1.3364ms)
✔ two additive cases checkpoint intent/IDs, retain old history, and pass only after quiet observation (25.0855ms)
✔ baseline counts are dynamic, including completed prior browser-created missions (29.5618ms)
✔ completed checkpoint continuation is read-only and never re-launches either case (29.8483ms)
✔ timeout leaves a live run LIVE with its original ID and never starts a replacement/second case (23.3403ms)
✔ lost create response discovers exact original IDs; intentional continuation sends no duplicate (16.5895ms)
✔ uncertain create without an observable result blocks continuation, never replacement (1.4275ms)
✔ lost launch response discovers exact original IDs; intentional continuation sends no duplicate (16.217ms)
✔ uncertain launch without an observable result blocks continuation, never replacement (2.1874ms)
✔ driver failure keeps IDs and failure report; late accepted verification cannot pass (6.1825ms)
✔ saved report cannot change receipt/source/runner/process scope or invent successful authority (1.0552ms)
✔ existing budget-stream keeps its original synthetic 6000-token contract (1154.056ms)
✔ UI budget-stream uses the real 500K preset with explicit synthetic counters (1137.4432ms)
✔ native interrupt prevents later usage and completion in the UI fixture (262.0663ms)
✔ original budget-stream still interrupts before its second usage and scheduled completion (253.6473ms)
✔ queued completion emits exact usage and completed before a subsequent interrupt response (141.1583ms)
✔ actual queued fixture writes base then emits both usages and finish synchronously without timers (3.1574ms)
✔ User/Organization resolver verifies owner and project number without reading items (821.6606ms)
✔ opaque paginated active-only discovery retains 1002 items and exact Issue source (1918.111ms)
✔ empty pages, invalid cursors and archived cursors never silently restart pagination (1100.8723ms)
✔ quota-only probes accept include flags before/after endpoint and retain plain JSON (542.7982ms)
✔ exact items, memberships and publisher fields support metered and legacy plain callers (1146.0033ms)
✔ configured primary refusal exposes reset headers and recovers exactly at fixture reset (455.0323ms)
✔ secondary failures are finite per-query attempts even with interleaved probes (718.8438ms)
✔ 503 failures expose Retry-After without spending quota or triggering source mutation (283.9147ms)
✔ source-drift hook remains shared across pages, legacy lists and exact reads only (1135.8967ms)
✔ legacy Project edits and publisher PR mutation/recovery semantics are preserved (888.0337ms)
✔ errors and observation logs never echo credentials, headers, query text or variables (582.0341ms)
✔ invalid quota/failure configurations fail safely and event retention is bounded (1229.2895ms)
✔ parses HTTPS clone URL without resolving redirects (2.6915ms)
✔ parses HTTPS repository URL without resolving redirects (0.2657ms)
✔ parses HTTPS default port without resolving redirects (0.1357ms)
✔ parses SSH SCP URL without resolving redirects (0.2355ms)
✔ parses SSH URI without resolving redirects (0.192ms)
✔ parses SSH default port without resolving redirects (0.141ms)
✔ parses SSH alternate port without resolving redirects (0.2889ms)
✔ parses case normalization without resolving redirects (0.1557ms)
✔ parses trailing slash without resolving redirects (1.0543ms)
✔ parses Git output newline without resolving redirects (0.3184ms)
✔ keeps old, transferred and deliberately wrong repositories distinct (0.336ms)
✔ retains valid repository punctuation (0.163ms)
✔ rejects missing without disclosing the origin (0.7517ms)
✔ rejects null without disclosing the origin (0.1262ms)
✔ rejects non-string without disclosing the origin (0.109ms)
✔ rejects empty without disclosing the origin (0.1132ms)
✔ rejects bare namespace without disclosing the origin (0.1037ms)
✔ rejects different host without disclosing the origin (0.1026ms)
✔ rejects host suffix without disclosing the origin (0.1018ms)
✔ rejects HTTP without disclosing the origin (0.1043ms)
✔ rejects Git protocol without disclosing the origin (0.1386ms)
✔ rejects HTTPS userinfo without disclosing the origin (0.1313ms)
✔ rejects HTTPS password without disclosing the origin (0.105ms)
✔ rejects SSH password without disclosing the origin (0.098ms)
✔ rejects non-Git SSH user without disclosing the origin (0.0991ms)
✔ rejects SCP userinfo without disclosing the origin (0.0943ms)
✔ rejects SCP prefix not recognized by the runner without disclosing the origin (0.1382ms)
✔ rejects query without disclosing the origin (0.1049ms)
✔ rejects fragment without disclosing the origin (0.0951ms)
✔ rejects extra path without disclosing the origin (0.1325ms)
✔ rejects traversal without disclosing the origin (0.1312ms)
✔ rejects dot owner without disclosing the origin (0.1065ms)
✔ rejects dot repository without disclosing the origin (0.1022ms)
✔ rejects empty repository without disclosing the origin (0.1064ms)
✔ rejects encoded path without disclosing the origin (0.0986ms)
✔ rejects backslash without disclosing the origin (0.1462ms)
✔ rejects multiple origins without disclosing the origin (0.1274ms)
✔ rejects oversized origin without disclosing the origin (0.1039ms)
✔ reads only the selected checkout origin with bounded, piped Git output (0.3ms)
✔ Git failure discards message, cause, stdout and stderr without fallback (0.2924ms)
✔ a successful Git read cannot admit a credential-bearing origin (0.2389ms)
✔ imports actual-shaped retained native success and reproducible external rejection as a candidate only (93.526ms)
✔ old oracle without physical digest remains explicitly weaker and prompt alignment remains unreviewed (80.8478ms)
✔ repeated captures and checker versions of one run do not create independent evidence identities (292.6971ms)
✔ local review digest cannot activate a candidate even with two distinct native runs (179.4594ms)
✔ refuses foreign Corp even with repinned retained files (84.0699ms)
✔ refuses foreign room even with repinned retained files (92.4214ms)
✔ refuses other source even with repinned retained files (85.6518ms)
✔ refuses changed contract source even with repinned retained files (85.9947ms)
✔ refuses missing native checks even with repinned retained files (89.9006ms)
✔ refuses failed test under passed native label even with repinned retained files (88.7844ms)
✔ refuses wrong oracle bytes even with repinned retained files (82.5423ms)
✔ refuses wrong resume identity even with repinned retained files (76.4967ms)
✔ refuses wrong resume ancestry even with repinned retained files (82.4155ms)
✔ refuses cancelled run even with repinned retained files (86.4664ms)
✔ refuses substituted before bytes even with repinned retained files (86.4678ms)
✔ refuses unknown checker even with repinned retained files (16.8783ms)
✔ hash pins, duplicate JSON keys and traversal are rejected before candidate output (83.0517ms)
✔ directory redirection and oversized files fail closed (112.2582ms)
✔ exact append handles LF and CRLF without normalizing changed source (0.51ms)
✔ external rejection cannot be imported when exact output actually passes (81.8499ms)
✔ CLI reads pinned inputs and creates one new corpus without overwriting source files (226.9579ms)
✔ CLI has one aggregate read budget covering the request, corpus, manifests and retained files (278.4003ms)
▶ local stack owned-process and state regression fixtures
  ✔ identity comes from the live process and binds only the explicit workspace (2.3288ms)
  ✔ wrong timestamps, executable, workspace and malformed records fail closed (0.2349ms)
  ✔ a stale creation record aimed at a live synthetic PID cannot stop it (0.2553ms)
  ✔ stopping the verified root leaves its descendant and an unrelated child alive (0.2019ms)
  ✔ Start accepts working and log directories containing spaces (0.2202ms)
  ✔ Start treats bracketed log directories as literal paths (0.1891ms)
  ✔ Start treats bracketed working directories as literal paths (0.2114ms)
  ✔ failed-start rollback results preserve the original error and require both success signals (0.2202ms)
  ✔ Start preserves literal arguments, spaces, child-only environment and redacted evidence (0.353ms)
  ✔ repeated role launches retain earlier logs and allocate unique stdout/stderr files (0.5003ms)
  ✔ extracted Launch preserves ownership on save failure (verified rollback) (0.1857ms)
  ✔ extracted Launch preserves ownership on save failure (unverified rollback) (0.1278ms)
  ✔ v2 state round-trips nested records and read preserves exact bytes (0.1322ms)
  ✔ corrupt, unsupported and differently scoped state is refused without deleting evidence (0.2234ms)
  ✔ state writes reject traversal, sibling-prefix paths and foreign workspace claims (0.1451ms)
  ✔ state writes reject reparse-point parent directories (0.1849ms)
  ✔ a failed atomic replacement preserves old bytes and removes its temporary file (1.0735ms)
  ✔ concurrent synthetic reader observes only complete atomic state generations (0.0828ms)
  ✔ legacy numeric state stays read-only and never authorizes stopping (0.1415ms)
  ✔ cleanup reaps only held synthetic handles and removes only its temporary tree (0.1116ms)
✔ local stack owned-process and state regression fixtures (9209.5776ms)
ℹ PowerShell 7.6.5; 14 synthetic processes reaped; no fixture tree remains
▶ local stack starter source guards
  ✔ starter has no unconditional stop invocation (0.2142ms)
  ✔ starter never passes a database URL as a command argument (0.1395ms)
  ✔ starter forwards the native runner startup-recovery opt-out unchanged (0.0682ms)
  ✔ persisted runner IDs block automatic reenrollment even when offline (0.0688ms)
  ✔ Factory policy paths are canonicalized against the checkout before persistence and launch (0.0623ms)
  ✔ Factory saved connection is retained and passed only as an explicit native option (0.0727ms)
  ✔ live source-ref changes use exact comparison for old and current records (0.059ms)
  ✔ starter never deletes enrollment or credentials without an explicit reset/rotation guard (0.0569ms)
  ✔ Compose operations are guarded by external-database selection (0.059ms)
  ✔ stopper does not rediscover or terminate a descendant tree from saved PIDs (0.0676ms)
✔ local stack starter source guards (2207.9897ms)
✔ one checkout serializes commands while another checkout remains usable (5537.0121ms)
✔ explicit restart nesting and failed operations release their native lock (4539.5809ms)
✔ an interrupted command does not leave a stale lock requiring manual cleanup (3046.847ms)
✔ both supported entrypoints use the same operation boundary (4.2915ms)
✔ reported idle remains idle without a pending request (2.0631ms)
✔ reported starting remains starting without a pending request (0.1591ms)
✔ reported working remains working without a pending request (0.1259ms)
✔ reported blocked remains blocked without a pending request (0.1825ms)
✔ reported reviewing remains reviewing without a pending request (0.1329ms)
✔ reported offline remains offline without a pending request (0.1312ms)
✔ working station "read" projects reading (0.2147ms)
✔ working station "search" projects reading (0.1868ms)
✔ working station " READ " projects reading (0.1707ms)
✔ working station "Search" projects reading (0.2811ms)
✔ working station "test" projects working (0.1721ms)
✔ working station "build" projects working (0.1044ms)
✔ working station "review" projects working (0.0805ms)
✔ working station "research" projects working (0.0731ms)
✔ working station "bread" projects working (0.0618ms)
✔ working station "break" projects working (0.0721ms)
✔ working station "unknown-tool" projects working (0.06ms)
✔ working station null projects working (0.0601ms)
✔ a stale station does not invent activity for a non-working agent (0.2094ms)
✔ a blocked agent needs an exact current-run approval match (0.1367ms)
✔ an exact current-run pending review is distinct from an action approval (0.1111ms)
✔ unrelated and prior-run pending requests cannot affect the current agent (0.1563ms)
✔ an approval stops affecting an agent as soon as its current run changes (0.176ms)
✔ null and empty current-run IDs cannot acquire pending request state (0.1513ms)
✔ offline wins even when the recorded current run has both pending requests (0.1183ms)
✔ exact action approval takes precedence over exact review (0.1332ms)
✔ explicit current-run requests do not depend on a blocked display status (0.1334ms)
✔ projection does not mutate agents or request sets or infer state from identity text (0.8659ms)
✔ all eight states have distinct labels and factual descriptions (0.4718ms)
✔ roster ordering is stable by ID without mutating the source array (0.3443ms)
✔ renaming or changing activity does not move an existing roster to different seats (0.3692ms)
✔ 0 agents occupy exactly 0 studios without stacked seats (0.2807ms)
✔ 1 agents occupy exactly 1 studios without stacked seats (0.2835ms)
✔ 5 agents occupy exactly 1 studios without stacked seats (0.1916ms)
✔ 6 agents occupy exactly 1 studios without stacked seats (0.2379ms)
✔ 7 agents occupy exactly 2 studios without stacked seats (0.2089ms)
✔ 11 agents occupy exactly 2 studios without stacked seats (0.1466ms)
✔ 12 agents occupy exactly 2 studios without stacked seats (0.1105ms)
✔ 13 agents occupy exactly 3 studios without stacked seats (0.1173ms)
✔ 17 agents occupy exactly 3 studios without stacked seats (0.0983ms)
✔ 18 agents occupy exactly 3 studios without stacked seats (0.1091ms)
✔ 19 agents occupy exactly 4 studios without stacked seats (0.1075ms)
✔ snapshot input reordering preserves page and seat assignment for 18 agents (0.2808ms)
✔ reordering across a partially filled page boundary preserves each agent seat (0.6743ms)
✔ studio dimensions and the six feet anchors match the renderer contract exactly (0.2293ms)
✔ desk access never wraps overflow or invalid indexes onto occupied seats (0.8192ms)
✔ all desk footprints stay above their chairs and never overlap another desk or decor (0.291ms)
✔ desk 0 has one finite arrival route clear of every workstation (0.4481ms)
✔ desk 1 has one finite arrival route clear of every workstation (0.1544ms)
✔ desk 2 has one finite arrival route clear of every workstation (0.1163ms)
✔ desk 3 has one finite arrival route clear of every workstation (0.0984ms)
✔ desk 4 has one finite arrival route clear of every workstation (0.1073ms)
✔ desk 5 has one finite arrival route clear of every workstation (0.0835ms)
✔ route and desk results do not expose shared mutable layout state (0.1436ms)
✔ pending native review distinguishes invalid artifact paths from invalid artifact IDs (61.8574ms)
✔ pending native intent survives acceptance changes and reviewed adoption replays one exact revision (50.8451ms)
✔ pending intent cannot apply and generic native approval cannot authorize exact feedback (26.5011ms)
✔ reviewed feedback refuses adopter as reviewer before a revision (24.2552ms)
✔ reviewed feedback refuses producer as reviewer before a revision (24.3942ms)
✔ reviewed feedback refuses source requester as reviewer before a revision (22.8441ms)
✔ reviewed feedback refuses rejected decision before a revision (18.6066ms)
✔ reviewed feedback refuses future decision before a revision (21.5801ms)
✔ reviewed feedback refuses decision before intent before a revision (23.4648ms)
✔ reviewed feedback refuses wrong note digest before a revision (25.3541ms)
✔ reviewed feedback refuses extra note prose before a revision (21.2895ms)
✔ reviewed feedback refuses ordinary human gate before a revision (20.7183ms)
✔ reviewed feedback refuses requester exclusion disabled before a revision (17.998ms)
✔ native approval cannot excuse changed target task (22.2251ms)
✔ native approval cannot excuse changed target version (21.8914ms)
✔ native approval cannot excuse changed source commit (26.0639ms)
✔ native approval cannot excuse changed artifact identity (22.8018ms)
✔ native approval cannot excuse changed corpus bytes digest (23.7194ms)
✔ native approval cannot excuse changed selected rule digest (21.4506ms)
✔ native approval cannot excuse changed selected guidance (28.1723ms)
✔ native approval cannot excuse changed adopter identity (20.8503ms)
✔ native approval cannot excuse changed replacement effect (19.2791ms)
✔ native approval cannot excuse changed unknown authority field (19.863ms)
✔ persisted verifier policy and automated evidence drift invalidate the intent independently of acceptance (56.7461ms)
✔ missing or contradictory native rows and capture drift fail closed (21.1362ms)
✔ reviewed apply rechecks the actual decision and preserves ambiguous outcomes and idempotency (34.8587ms)
✔ reviewed apply rejects altered intent bytes and expired proposal without native effects (20.1733ms)
✔ a changed post-effect review remains uncertain and cannot assert a verified binding (24.9079ms)
✔ review intent time bounds are revalidated during accepted-source reconstruction (19.8241ms)
✔ CLI native-review preparation, exact intent selection and apply keep separate raw and canonical hashes (108.0479ms)
✔ prepare is read-only and exposes the exact reference-only change for review (16.6253ms)
✔ an unprefixed objective stays candidate because native composition would change it (19.4084ms)
✔ native normalization fixed points retain description and objective exactly (26.1812ms)
✔ public identifiers and digest selectors reject coercible arrays and objects before effects (16.6276ms)
✔ time, timeout and trusted routing fields require their declared primitive types (20.3352ms)
✔ apply performs one native revision, preserves authority and never launches (18.3697ms)
✔ typed native file selection pins outer provenance and exact decoded corpus while preserving raw compatibility (38.7269ms)
✔ native typed unknown schema field is refused even with matching outer artifact digest (15.8373ms)
✔ native typed missing native schema field is refused even with matching outer artifact digest (13.0462ms)
✔ native typed coercible version is refused even with matching outer artifact digest (14.0658ms)
✔ native typed unsupported archive form is refused even with matching outer artifact digest (20.5596ms)
✔ native typed wrong base is refused even with matching outer artifact digest (17.5998ms)
✔ native typed wrong verifier is refused even with matching outer artifact digest (13.0782ms)
✔ native typed wrong head is refused even with matching outer artifact digest (13.3577ms)
✔ native typed bundle payload is refused even with matching outer artifact digest (12.1945ms)
✔ native typed patch checksum is refused even with matching outer artifact digest (13.0229ms)
✔ native typed patch noncanonical base64 is refused even with matching outer artifact digest (13.1123ms)
✔ native typed selected hash is refused even with matching outer artifact digest (12.5182ms)
✔ native typed selected byte count is refused even with matching outer artifact digest (13.8876ms)
✔ native typed selected file size bound is refused even with matching outer artifact digest (14.2018ms)
✔ native typed selected base64 is refused even with matching outer artifact digest (13.6288ms)
✔ native typed selected symlink is refused even with matching outer artifact digest (15.4637ms)
✔ native typed selected submodule is refused even with matching outer artifact digest (13.2406ms)
✔ native typed selected media is refused even with matching outer artifact digest (15.6289ms)
✔ native typed duplicate path is refused even with matching outer artifact digest (18.2917ms)
✔ native typed case alias is refused even with matching outer artifact digest (14.4976ms)
✔ native typed file directory conflict is refused even with matching outer artifact digest (13.7003ms)
✔ native typed traversal is refused even with matching outer artifact digest (13.7488ms)
✔ native typed absolute path is refused even with matching outer artifact digest (14.1523ms)
✔ native typed Windows stream is refused even with matching outer artifact digest (13.0615ms)
✔ native typed Windows device is refused even with matching outer artifact digest (15.7536ms)
✔ native typed trailing dot alias is refused even with matching outer artifact digest (13.1525ms)
✔ native typed coercible entry path is refused even with matching outer artifact digest (13.4759ms)
✔ native typed deleted selection is refused even with matching outer artifact digest (12.7007ms)
✔ typed path selection requires one exact safe file, source role and original outer bytes (17.968ms)
✔ typed decoded corpus cannot substitute a different well-hashed file or retarget a reviewed proposal (30.3619ms)
✔ typed base64 padding bits are canonical even when permissive decoding preserves the correct bytes (13.2756ms)
✔ same byte-pinned proposal replays its native key without adding guidance or a second revision (20.7853ms)
✔ lost response stays unknown with no automatic retry; exact replay reconciles it (21.5516ms)
✔ an HTTP400 after persistence stays unknown and same-key replay confirms one revision (19.9772ms)
✔ live Corp drift refuses before a request (14.0442ms)
✔ live room drift refuses before a request (13.4875ms)
✔ live mission drift refuses before a request (13.5864ms)
✔ live task drift refuses before a request (13.5681ms)
✔ live run drift refuses before a request (14.0714ms)
✔ live actor drift refuses before a request (16.5126ms)
✔ live source commit drift refuses before a request (14.9975ms)
✔ live verifier digest drift refuses before a request (14.9376ms)
✔ live artifact digest drift refuses before a request (13.5333ms)
✔ an accepted receipt with incomplete bounded evidence remains candidate (13.8222ms)
✔ an observed manual gate must retain its native decision and decider (15.179ms)
✔ missing native corpus evidence or mismatched actual bytes never borrows an unrelated accepted run (14.729ms)
✔ typed envelopes, missing review bytes and requested independent review remain explicit candidates (15.3384ms)
✔ UTF-8 reference bounds do not silently truncate valid longer advisory guidance (13.4538ms)
✔ changed target ready status cannot be overwritten (22.4862ms)
✔ changed target existing run cannot be overwritten (15.6173ms)
✔ changed target contract version cannot be overwritten (15.5779ms)
✔ changed target budget cannot be overwritten (14.5996ms)
✔ changed target verifier cannot be overwritten (15.6847ms)
✔ changed target source cannot be overwritten (15.9249ms)
✔ changed target source connection cannot be overwritten (14.8941ms)
✔ changed target tools cannot be overwritten (14.9996ms)
✔ changed target Corp cannot be overwritten (14.9862ms)
✔ changed target room cannot be overwritten (14.7719ms)
✔ changed target origin cannot be overwritten (14.4348ms)
✔ repinned unauthorized proposal changes cannot alter anything except selected references (26.7625ms)
✔ wrong proposal hash, edited corpus/review/receipt, future or expired proposal fails before POST (15.1969ms)
✔ expired selected guidance is not rescued by the remaining proposal lifetime (15.0683ms)
✔ expiry crossing during live prechecks is repeated immediately before mutation (15.6304ms)
✔ one total operation deadline cannot be renewed by a slow target precheck (232.4094ms)
✔ duplicate-key or reformatted proposal JSON cannot masquerade as the prepared byte representation (15.9241ms)
✔ source drift after successful mutation is accurately retained as applied (17.0036ms)
✔ source access loss after mutation is never mislabeled refusal-before-effects (16.9988ms)
✔ an HTTP error after a request is unknown without transaction-stage evidence and is not retried (16.2646ms)
✔ a contradictory successful response or changed native readback stays unknown (16.2937ms)
✔ exact native target projection refuses filtered context and preserves whole scope (14.5942ms)
✔ file input requires selected exact bytes and fails closed on an oversized or malformed input (31.1356ms)
✔ feedback file reads accumulate short native reads before validating bytes (16.5196ms)
✔ feedback file truncate during short reads fails without a hash pin (4.9668ms)
✔ feedback file grow during short reads fails without a hash pin (4.9351ms)
✔ CLI preparation writes new review artifacts and an existing apply receipt refuses before network or effects (42.3771ms)
✔ CLI exits nonzero for refused adoption while preserving its JSON receipt (187.6667ms)
✔ CLI typed prepare explicitly selects the native file and apply has no path override (47.544ms)
✔ retained native candidate cannot become saved-task guidance or a native revision (21.0977ms)
✔ forged locally activated native evidence cannot become saved-task guidance or a native revision (24.7355ms)
✔ native evidence mixed into an activated typed artifact cannot become saved-task guidance or a native revision (20.4219ms)
✔ receipt whitelists metadata and distinguishes persisted acceptance from optional verifier digests (7.3642ms)
✔ native runner, model and ref metadata preserves valid punctuation, spaces, Unicode and UTF-8 limits (3.2998ms)
✔ native metadata keeps bounded invalid text and malformed source tuples out of receipts (14.9633ms)
✔ native source identity accepts uppercase hexadecimal commits and full bounded repository components (0.7352ms)
✔ published native refs and native MIME token punctuation are observed without a custom identifier alphabet (0.9389ms)
✔ historical evidence never borrows the current task verifier policy count (1.192ms)
✔ conflicting or invalid run-bound check counts remain unknown (2.7598ms)
✔ missing and duplicate check indices cannot establish completeness; malformed indices fail (0.8967ms)
✔ receipt rejects mismatched run Corp (0.3962ms)
✔ receipt rejects mismatched task Corp (0.3071ms)
✔ receipt rejects mismatched mission Corp (0.1905ms)
✔ receipt rejects mismatched room Corp (0.1737ms)
✔ receipt rejects mismatched exact actor (0.1598ms)
✔ receipt rejects mismatched exact room (0.1466ms)
✔ receipt rejects mismatched exact mission (0.1481ms)
✔ receipt rejects mismatched evidence task (0.2829ms)
✔ receipt rejects mismatched event room (0.199ms)
✔ receipt rejects mismatched partial source (0.154ms)
✔ current-run rejects later same-task runs and tied times, retaining nanosecond ordering (0.9563ms)
✔ typed resume lineage requires same task and producer, and records unavailable ancestors honestly (1.9332ms)
✔ exact recovery count is run-bound; private policy and notes are omitted (0.6146ms)
✔ published-result binds its exact source artifact and hashes opaque source revisions (0.928ms)
✔ published-result accepts an exact historical publication despite a later same-task run (0.9816ms)
✔ published-result refuses mismatched Factory mission (0.3004ms)
✔ published-result refuses mismatched deliverable task (0.266ms)
✔ published-result refuses mismatched deliverable source base (0.2171ms)
✔ published-result refuses mismatched run deliverable digest (0.1814ms)
✔ published-result refuses mismatched publication run (0.1761ms)
✔ published-result refuses mismatched provenance mission (0.2953ms)
✔ published-result refuses mismatched provenance source issue (0.2521ms)
✔ published-result refuses mismatched provenance target (0.2566ms)
✔ published-result refuses mismatched recorded PR head (0.2035ms)
✔ published-result refuses mismatched recorded PR repository (0.2001ms)
✔ published-result refuses mismatched recorded PR provenance (0.253ms)
✔ byte verification rejects tampering and each missing or conflicting native response boundary (1.0823ms)
✔ receipt validator rejects extra content, contradictory acceptance, and mixed origin/artifact roles (3.7787ms)
✔ fingerprint tolerates observation timestamps and detects selected source, contract and artifact drift (2.3846ms)
✔ compiled native MCP export performs two captures and downloads only selected-origin artifact IDs (668.4915ms)
✔ artifact retention selection is bounded before reading host configuration (0.9363ms)
✔ compiled native evidence retains only explicitly selected verified bytes and preserves public receipt schema (415.6543ms)
✔ compiled native evidence rejects an unowned artifact selection before any artifact download (69.6446ms)
✔ compiled native evidence never returns retained bytes from a tampered artifact or changed source (213.7022ms)
✔ compiled native exporter keeps opaque runner/model/ref metadata out of every request route (129.1285ms)
✔ compiled native export rejects state drift during its artifact read (119.3754ms)
✔ compiled native export rejects mismatched context before downloading artifacts (59.3357ms)
✔ compiled native export refuses artifact redirects without forwarding credentials (66.5901ms)
✔ compiled native export rejects oversized bodies and withholds HTTP error content (125.6067ms)
✔ compiled native export bounds a stalled exact-context body by its whole-operation timeout (1008.9693ms)
✔ receipt CLI writes a create-only metadata file and a compact redacted summary (665.2781ms)
✔ owned server requires matching executable, creation, endpoint, and workspace (2.8745ms)
✔ manual, remote, stale, or non-owned manifests never authorize restart (0.6723ms)
✔ Windows retains legacy timestamp tolerance and case-insensitive paths (0.3604ms)
✔ legacy Windows identity callers remain supported without weakening explicit checks (1.3441ms)
✔ Linux requires the exact boot/PID/start-tick, executable, cwd/root, and socket binding (3.1401ms)
✔ Linux rejects malformed, legacy-Windows, and changed receipts (0.601ms)
✔ every existing manual port remains denied on Windows and Linux and all loopback hosts (1.3515ms)
✔ remote, credentialed, missing-port, and malformed-scope endpoints fail closed (0.5044ms)
✔ only a complete scoped JSON object is a process receipt (0.6359ms)
✔ proc stat parses the final comm parenthesis and preserves 64-bit start ticks (0.9025ms)
✔ proc stat rejects wrong PID, truncated fields, malformed state, and invalid ticks (0.3972ms)
✔ Linux listener proof intersects the exact port and LISTEN state with PID-owned inodes (1.0699ms)
✔ malformed or unavailable proc network input supplies no ownership authority (0.4841ms)
✔ artifact recovery overrides are child-only and match native numeric bounds (0.6007ms)
✔ probe requires explicit scope and forwards only its scoped credential environment (3.3121ms)
✔ probe summary contains collection counts, never snapshot data or private paths (0.6151ms)
✔ probe permits HTTP only for normalized canonical loopback origins and requires HTTPS elsewhere (8.1358ms)
✔ recovery probe reports only native metadata and never infers missing capability or exposes policy (0.8005ms)
✔ recovery probe rejects malformed work-item IDs before spawning any gateway (0.8095ms)
✔ compiled recovery probe rejects impossible native numeric metadata and preserves exhausted authority (483.5402ms)
✔ compiled recovery tool makes exactly the selected authorized GET in both modes (128.0252ms)
✔ compiled recovery probe selects one context without reading the broad snapshot or exposing private fields (64.2919ms)
✔ compiled recovery tool refuses malformed IDs, extra scope or effect arguments before HTTP (108.2215ms)
✔ compiled recovery tool rejects mismatched Corp or work-item responses (242.3592ms)
✔ compiled recovery probe preserves authorization and not-found failures without private diagnostics (186.7966ms)
✔ compiled recovery inspection never follows redirects in either gateway mode (113.6164ms)
✔ compiled recovery inspection caps HTTP bodies even in the legacy write-capable gateway mode (117.1066ms)
✔ compiled read-only MCP completes the real stdio handshake and makes only one scoped GET (71.5065ms)
✔ compiled MCP ignores notifications and denies mutating calls before HTTP while preserving the default catalog (121.3519ms)
✔ compiled MCP keeps malformed omitted-ID objects silent and effect-free (read-only) (58.9957ms)
✔ compiled MCP keeps malformed omitted-ID objects silent and effect-free (unrestricted) (57.9862ms)
✔ compiled probe withholds API error content and enforces its whole-probe timeout (1090.9459ms)
✔ compiled read-only inspection rejects redirects without contacting a second origin (124.0629ms)
✔ compiled read-only startup requires every routing variable before serving even initialization (205.7649ms)
✔ compiled read-only flag rejects command-line tokens (split option, CLI only) (60.311ms)
✔ compiled read-only flag rejects command-line tokens (split option, CLI plus environment) (54.0298ms)
✔ compiled read-only flag rejects command-line tokens (equals option, CLI only) (60.6619ms)
✔ compiled read-only flag rejects command-line tokens (equals option, CLI plus environment) (58.1576ms)
✔ compiled read-only flag accepts only the environment token and exposes the restricted catalog (69.2937ms)
✔ compiled read-only environment rejects command-line tokens (split option, CLI only) (65.4099ms)
✔ compiled read-only environment rejects command-line tokens (split option, CLI plus environment) (59.8731ms)
✔ compiled read-only environment rejects command-line tokens (equals option, CLI only) (67.1922ms)
✔ compiled read-only environment rejects command-line tokens (equals option, CLI plus environment) (60.6589ms)
✔ compiled read-only environment accepts only the environment token and exposes the restricted catalog (60.086ms)
✔ compiled unrestricted MCP preserves legacy CLI token precedence (split option) (124.518ms)
✔ compiled unrestricted MCP preserves legacy CLI token precedence (equals option) (130.4021ms)
✔ compiled native read-only HTTP body rejects oversized declared length before end (200) (72.0176ms)
✔ compiled native read-only HTTP body rejects streamed overflow before end (200) (123.0963ms)
✔ compiled native read-only HTTP body rejects oversized declared length before end (403) (68.2793ms)
✔ compiled native read-only HTTP body rejects streamed overflow before end (403) (97.0294ms)
✔ compiled native HTTP body accepts the inclusive read-only limit and preserves unrestricted transport (673.8914ms)
✔ compiled native HTTP body preserves small successful and error response behavior (374.69ms)
✔ withholds all six source ACKs for each of two native automatic attempts (5.456ms)
✔ holds all quality ACK duplicates to the same 8-second deadline, preserving bytes (1.463ms)
✔ gameplay and integration pass source ACKs unchanged (0.3444ms)
✔ native resume passes ACKs and does not consume a third automatic attempt (0.2162ms)
✔ non-source ACK, heartbeat, credential rotation, approval and lifecycle are opaque passthrough (0.3442ms)
✔ rejects foreign or unproven run, Corp and hash before fault decisions (1.0271ms)
✔ assignment rebinding cannot swap a different task, scope or command kind (0.5627ms)
✔ late-ACK release sends one exact original old-run frame once without retagging (1.2833ms)
✔ refuses manual-stack, wrong-repository and missing opt-in config (1.4181ms)
▶ real loopback WebSocket wiring: native schema, ordered forwarding, reconnection and redaction
  ▶ isolated concurrent fixture 1
    ✔ synthetic endpoints require live ownership without relaxing config guards (12.7125ms)
    ✔ persisted owner/name schema binds and stop cannot overtake a pending assignment (61.0394ms)
    ✔ upload byte transparency, ACK withholding and metadata non-disclosure (52.6118ms)
    ✔ a stale snapshot/close callback cannot bind, send or close the replacement connection (149.0816ms)
  ✔ isolated concurrent fixture 1 (425.2443ms)
  ▶ isolated concurrent fixture 2
    ✔ synthetic endpoints require live ownership without relaxing config guards (9.7639ms)
    ✔ persisted owner/name schema binds and stop cannot overtake a pending assignment (62.0825ms)
    ✔ upload byte transparency, ACK withholding and metadata non-disclosure (51.9326ms)
    ✔ a stale snapshot/close callback cannot bind, send or close the replacement connection (148.7909ms)
  ✔ isolated concurrent fixture 2 (392.0825ms)
✔ real loopback WebSocket wiring: native schema, ordered forwarding, reconnection and redaction (427.3997ms)
✔ relocated doctor checks declared tools through native version commands without leaking ambient secrets or installing (1241.0276ms)
✔ wrong node version produces a failing CLI result (1158.2858ms)
✔ wrong pnpm version produces a failing CLI result (1100.306ms)
✔ wrong rustc version produces a failing CLI result (1046.4717ms)
✔ wrong cargo version produces a failing CLI result (1050.1059ms)
✔ missing package manager fails without falling back to another host command (877.6599ms)
✔ failed component probes suppress raw stdout and stderr (1046.0475ms)
✔ unrecognized version output is rejected without echoing the command response (1122.9784ms)
✔ an unavailable pinned rustup toolchain fails instead of installing or selecting stable (1079.1049ms)
✔ already selected direct Rust binaries can be verified without rustup (1085.0412ms)
✔ invalid .node-version declaration fails before any command runs (version) (157.415ms)
✔ invalid package.json declaration fails before any command runs (version) (165.9324ms)
✔ invalid rust-toolchain.toml declaration fails before any command runs (floating Rust) (183.8515ms)
✔ invalid rust-toolchain.toml declaration fails before any command runs (component) (171.8373ms)
✔ unsupported CLI arguments fail before probing tools (160.0341ms)
ℹ tests 1253
ℹ suites 0
ℹ pass 1253
ℹ fail 0
ℹ cancelled 0
ℹ skipped 0
ℹ todo 0
ℹ duration_ms 50540.0464
