$ node --test --test-concurrency=2 --test-timeout=180000 "apps/web/src/**/*.test.mjs" "tools/*.test.mjs"
✔ editor preserves its accessible control names, preview hook, and all six check choices (31.3462ms)
✔ switching check types resets their incompatible fields and retains the rest of the policy (6.2462ms)
✔ every check-field callback retains the selected variant and unchanged checks (11.1312ms)
✔ adding and removing checks preserves tab selection, including external policy shrink and the empty state (10.8697ms)
✔ the 16-check add button limit and oversized-policy feedback are retained (9.0682ms)
✔ manual-gate transitions retain default role ordering, requester exclusion, and explicit removal (9.4405ms)
✔ preview keeps exact check order, manual-role labels, heading overrides, and requester-exclusion guidance (1.8356ms)
✔ Factory exact-run navigation replaces a remembered newer outcome before mission remount (3.8274ms)
✔ run navigation ignores the duplicate activity marker in a hidden Factory tab (13.5178ms)
✔ artifact navigation chooses its exact producer while mission-only navigation preserves the current choice (1.2795ms)
✔ unavailable run/task/mission cannot overwrite remembered evidence or open another run (2.5659ms)
✔ storage failure or obsolete viewer fails closed before navigation (2.2354ms)
✔ explicit navigation writes only the selected viewer scope and only the run identity (0.9896ms)
✔ reload keeps the decided run instead of the other pending review or a newer worker (1.4892ms)
✔ remembered evidence is scoped to the API server, Corp, actor and mission (0.2973ms)
✔ missing remembered work never silently substitutes another visible review (0.2236ms)
✔ unreadable or malformed stored context requires explicit selection, not the next review (0.3845ms)
✔ a first visit is distinct from unreadable history; failed writes do not throw (0.2676ms)
✔ only the selected run ID is stored; reviews and authority never enter browser persistence (0.8404ms)
✔ MissionCard scopes remounts, pins initial evidence and fails closed when persistence fails (8.9939ms)
✔ issue210 only the explicit server flag adds correction to a native checkpoint (2.7441ms)
✔ issue210 verifier availability is independent of correction and missing availability preserves legacy behavior (1.0001ms)
✔ issue210 revision source is the exact server-selected verifier, with no cross-item fallback (0.5487ms)
✔ only native proof plus its cancellation marker exposes source-only checkpoint verification (0.2724ms)
✔ a running checkpoint needs no cancellation repair, and ordinary verification failure stays compatible (0.3294ms)
✔ missing/tampered source, checkpoint, head, active recovery or terminal outcome offers no new recovery (0.3408ms)
✔ context requests are not recovery grants and never depend on inferred mission spend/status (0.244ms)
✔ copied command binding retains the saved connection and never falls back on malformed metadata (0.2645ms)
✔ actual presentation selects the endpoint source, not the newest visible run or mission cancellation (122.9722ms)
✔ issue210 presentation separates provider-free verification from a budgeted same-session fix (29.6941ms)
✔ issue210 source-only and unavailable checkpoint presentations never suggest generic recovery (35.7583ms)
✔ actual context loader is GET-only and admits the exact item/version/mission checkpoint (48.8754ms)
✔ actual context loader rejects stale/cross-scope and malformed flags without snapshot fallback (178.9242ms)
✔ issue210 actual loader accepts boolean correction flags and defaults missing legacy authority closed (57.3269ms)
✔ issue210 exact loader retains true, false and missing checkpoint availability without granting another mode (56.4265ms)
✔ actual UI action copies only explicit checkpoint verification with the original scope/connection (169.5398ms)
✔ issue210 actual correction action retains the original CLI route, source and connection (226.1564ms)
✔ issue210 actual card drops correction authority immediately when item, version or actor changes (254.0998ms)
✔ issue210 actual contract submission uses the scoped verifier, not its provider ancestor (53.9308ms)
✔ issue210 editor loading, errors, stale context and denied correction cannot fall back or submit (216.9116ms)
✔ issue210 ordinary contract resume, redispatch and requester/role boundaries stay intact (103.0133ms)
✔ issue210 actual source-only context copies correction and revises the exact verifier; no-mode context does neither (179.4546ms)
✔ actual resume handler and rendered provider control respect native recovery blocking (5.9191ms)
✔ actual App Resume control survives an ineligible ordinary Factory recovery lookup and uses the native actor-bound POST (211.7554ms)
✔ issue221 explicit provider-correction permission permits null head without granting checkpoint or generic resume (1.1956ms)
✔ issue221 actual context reader retains null head/current provider proof and malformed heads remain non-actionable (301.1388ms)
✔ issue221 actual copy/revision actions use only source correction for the latest failed provider with null head (296.6925ms)
✔ wrong-first legacy Project 174 cannot displace the selected live lab controller (2.3906ms)
✔ every Project/repository/Corp component must match, even with an active-item pointer (0.5665ms)
✔ GitHub owner/repository case and surrounding whitespace normalize independently (0.2973ms)
✔ missing/malformed scope is neutral rather than an empty-scope match (0.3443ms)
✔ the exact active item wins among live controllers in the same scope (0.3503ms)
✔ a current live scope match wins over a stale offline active-item pointer (0.3312ms)
✔ with only offline matches, retain the exact item rather than crossing scope (0.2916ms)
✔ without an item, prefer useful live intake in the current Corp (0.3892ms)
✔ empty/no-match and unavailable explicit selections never borrow another controller (0.3572ms)
✔ heartbeat freshness and stable ID break ties without using array order or mutating inputs (1.846ms)
✔ snapshot refresh and selected scope changes return the exact new ID/version object (0.3474ms)
✔ the actual FactoryPanel resolver feeds displayed state and both action callbacks (17.9725ms)
✔ the actual component guards controller actions, retains role gating and passes the same callback (11.0915ms)
✔ the actual API action handler targets the resolved controller ID and version for all actions (64.5166ms)
✔ the production handler preserves the existing ID-scoped idempotency/version on a lost response (24.9427ms)
✔ primary_rate_limit has a reader-facing reason and an automatic future retry (26.256ms)
✔ secondary_rate_limit has a reader-facing reason and an automatic future retry (1.017ms)
✔ graphql_quota has a reader-facing reason and an automatic future retry (0.8456ms)
✔ github_unavailable has a reader-facing reason and an automatic future retry (1.47ms)
✔ quota, cost and timestamps come from the snapshot, not derived or default budgets (1.1724ms)
✔ equivalent offset timestamps have the same local retry time and boundary (0.9786ms)
✔ at or after the retry deadline, waiting is not presented as a successful retry (1.3186ms)
✔ zero remaining, limit, query cost and failures remain real zeros (0.6003ms)
✔ paused desired state wins without rewriting controller health or promising a retry (1.0128ms)
✔ offline health wins over polling metadata, including an elapsed retry (1.2272ms)
✔ paused and offline together retain both conditions and existing paused precedence (0.6445ms)
✔ absent legacy polling leaves the old strip intact and never fabricates a wait (0.2423ms)
✔ missing or malformed backoff data is unavailable, never zero or an invented deadline (0.4881ms)
✔ invalid values are not coerced to numbers or dates and unknown reasons are not rendered raw (2.0471ms)
✔ partial quota data preserves observed zeros while missing fields remain unavailable (0.3197ms)
✔ healthy telemetry does not infer a backoff from a zero quota or failure count (0.4433ms)
✔ UI integration remains read-only, accessible, and uses existing controller controls (22.2229ms)
✔ line normalization preserves argument boundaries, literal punctuation, and duplicate values (1.7909ms)
✔ role entry supports commas and CRLF without silently deduplicating or authorizing roles (0.4026ms)
✔ mission projection retains exact task, runner and human control attribution (2.7931ms)
✔ foreign tasks and same-ID foreign-Corp runners cannot supply collaboration state (0.2614ms)
✔ offline retains work without advertising live control or termination (0.3173ms)
✔ connecting retains work without advertising live control or termination (0.2356ms)
✔ a failed snapshot refresh retains exact work without advertising live controls (0.3024ms)
✔ invalid snapshot receipt NaN cannot advertise live controls (0.2692ms)
✔ invalid snapshot receipt Infinity cannot advertise live controls (0.2078ms)
✔ invalid snapshot receipt 0 cannot advertise live controls (0.139ms)
✔ invalid snapshot receipt -1 cannot advertise live controls (0.1838ms)
✔ expired/malformed lease 2026-09-16T11:59:00Z cannot claim a controller (0.4539ms)
✔ expired/malformed lease 2026-09-16T12:00:00Z cannot claim a controller (0.1883ms)
✔ expired/malformed lease bad cannot claim a controller (0.1436ms)
✔ verifying has recorded evidence but no provider controls (0.1677ms)
✔ completed has recorded evidence but no provider controls (0.1149ms)
✔ lost has recorded evidence but no provider controls (0.1639ms)
✔ cancelled has recorded evidence but no provider controls (0.082ms)
✔ a provider-free run and a superseded agent assignment expose no live controls (0.2095ms)
✔ runner grace and offline remain distinct; neither supplies human presence (0.1735ms)
✔ review links bind exact run/task and explain role and requester exclusion (0.3151ms)
✔ missing and historical identities never become fabricated named owners or current controllers (0.1531ms)
✔ draft cache survives surface remounts but never crosses Corp/actor/room/mission (0.26ms)
✔ actual component navigation only requests exact context; rendering sends no commands (9.5079ms)
✔ actual disconnected component retains readable evidence with an explicit warning (1.2078ms)
✔ actual failed-refresh component distinguishes stale data from a disconnected transport (0.9664ms)
✔ actual component rejects missing receipt freshness and restores controls after a successful refresh (3.6423ms)
✔ App preserves main snapshot metadata and exact-run navigation while passing numeric receipt freshness (5.6898ms)
✔ App embeds existing scoped discussion and pins evidence before exact-run navigation (2.5771ms)
✔ late completion notifies remounted composers without clearing a newer or same-text draft (0.6193ms)
✔ late operation acknowledgment cannot clear a replacement idempotency key (147.895ms)
✔ actual App selection never substitutes another mission after the selected record disappears (76.6611ms)
✔ actual briefing navigation has a visible destination for legacy empty descriptions (70.7726ms)
✔ verification checks do not change launch intent (1.3928ms)
✔ review navigation cannot turn its click into a form submission (0.2379ms)
✔ ordinary application setup cannot silently fall back to the fake runtime (0.5158ms)
✔ composer uses two clear steps and starts with an empty goal (0.2414ms)
✔ advanced settings and detailed requirements are optional disclosures (0.7674ms)
✔ closing setup preserves the draft and returns to existing mission context (0.6983ms)
✔ explicit links to existing work reveal it without erasing an open draft (0.5688ms)
✔ native creation and explicit held-plan behavior remain unchanged (0.2266ms)
✔ review keeps the exact source and current server-derived allocation visible (0.3606ms)
✔ scope requires four explicit bounded identities and cannot mutate after submission (2.4101ms)
✔ current origin binds the exact view instance, not just equal IDs (0.3335ms)
✔ read issues exactly one encoded, uncached GET with cancellation and no body (10.1208ms)
✔ Direct accepts only exact returned linkage and drops unexpected hidden fields (1.3669ms)
✔ Factory retains only the validated work item, repository, issue number and exact URL (2.0544ms)
✔ all four response identities must echo the bound request exactly (123.0895ms)
✔ missing, malformed and older origin responses never become Direct (7.9686ms)
✔ Factory fields are required and null or missing metadata is never partly accepted (3.5223ms)
✔ Factory rejects invalid work-item identities, repository paths and issue numbers (3.894ms)
✔ only the raw HTTPS GitHub issue URL matching returned repository and number is accepted (4.2502ms)
✔ mixed-case owner/repository URLs match normalized identity and retain display case (1.4805ms)
✔ valid case-preserving repositories and positive safe issue numbers remain verbatim (1.472ms)
✔ old endpoints, denied authorization and transport failures stay unavailable without raw errors (1.7469ms)
✔ a synchronous API failure is contained and clears the read timer (0.7735ms)
✔ timeout aborts an unsettled read and suppresses both late success and late failure (1.0023ms)
✔ a settled success or failure cannot be overwritten by an already queued timeout (0.7974ms)
✔ cancellation before the scheduled read prevents even the GET (1.0617ms)
✔ in-flight cancellation ignores transports that resolve or reject after abort (0.8845ms)
✔ component reads once for a valid view and renders truthful Direct copy in one styled paragraph (16.7868ms)
✔ component links only a fully validated Factory response, not extra returned fields (2.5871ms)
✔ all four operating roles may read; guests, spectators and unknown roles never request context (8.7008ms)
✔ invalid or absent scope props render the conservative fallback without requesting (11.1642ms)
✔ failed exact reads preserve #185 positive or unknown fallback without inventing links or hiding failure (12.3098ms)
✔ a failed origin lookup can be retried explicitly without changing the work identities (8.0819ms)
✔ Corp, actor, room and mission changes hide old success and errors before effect cleanup (13.8953ms)
✔ late success and errors from a replaced request cannot update the current component (10.6962ms)
✔ leaving and returning to identical IDs cannot revive an earlier success or failure (3.5388ms)
✔ same-ID reopened pending requests ignore the original response and error after current denial (3.9776ms)
✔ a guest transition revokes displayed source data and returning operators must read again (3.5665ms)
✔ operating-role and API changes also invalidate old privileged context (2.2209ms)
✔ unmount cancels the read and a fresh mount with identical IDs cannot inherit its outcome (2.3136ms)
✔ one builder preserves the complete current creation payload and retained settings (2.6074ms)
✔ provider defaults, supported reasoning and commit-branch semantics match submission (1.6566ms)
✔ existing deterministic fixture semantics are not converted into provider settings (0.3241ms)
✔ scope freezes the exact serialized body and rejects an actor mismatch (0.733ms)
✔ every request field, Corp and actor invalidate an earlier quote (0.9137ms)
✔ preview debounces, uses the exact creation body, and calls only the read-only preview POST (8.8681ms)
✔ an edit or closing the composer before debounce starts no request (0.4176ms)
✔ an invalidated request is aborted and cannot publish a late successful quote (1.3758ms)
✔ late errors after actor/Corp change or unmount cannot replace the new preview (1.0572ms)
✔ editing away and back still requires a fresh request, not a revived quote (0.7239ms)
✔ allocations are displayed verbatim from the server, not a frontend Studio formula (0.6771ms)
✔ missing or mismatched quote fields never become a current allocation (1.9975ms)
✔ an absent preview endpoint gives a useful failure state without inventing allocations (1.2565ms)
✔ preview response is bounded to eight tasks without reallocating server budgets (1.3927ms)
✔ unknown, self, duplicate and oversized dependency references remain unknown allocations (1.4729ms)
✔ retry clears an old failure immediately and can accept a fresh quote (1.9141ms)
✔ timeout clears the quote, aborts the request and ignores a late response (0.7481ms)
✔ App shares the request body, invalidates keyed preview instances and retains native Launch (4.5493ms)
✔ mission selection and Discuss use the authoritative non-first owning room (1.535ms)
✔ mission, task, run and artifact deep links resolve to the same owning room (0.3217ms)
✔ an explicit room deep link and all-discussion view stay in that room (0.255ms)
✔ stale, missing and older mission/room projections never fall back to the first room (0.2376ms)
✔ related work is limited to the selected room and mission, not a fixed item count (1.6835ms)
✔ messages are room-filtered before mission links and out-of-order reply ancestry (0.8603ms)
✔ valid room, mission and inherited reply submissions retain the same scope (0.7382ms)
✔ stale actor, Corp, room and mission scopes cannot submit or complete a newer draft (0.3344ms)
✔ a disappearing mission or owning room fences previously valid submissions (0.3577ms)
✔ foreign, missing or stale links and replies cannot silently become general comments (0.6575ms)
✔ guest-shaped and missing Factory projections do not establish Direct origin (0.5751ms)
✔ a mission older than the 500-item Factory window remains origin-unknown (0.5099ms)
✔ a positively matched visible Factory item retains its issue attribution (0.2302ms)
✔ known publication/recovery linkage is generic when intake details are unavailable (0.4778ms)
✔ projection helpers preserve the authoritative input and do not retain hidden origin data (0.3258ms)
✔ the UI uses the tested projection and submission helpers on both discussion entry paths (14.1523ms)
✔ scope requires every explicit identity and repository and freezes the view generation (3.8327ms)
✔ the exact scope object, not equal IDs or a prior A -> B -> A view, selects the load (0.4832ms)
✔ one encoded GET is uncached, abortable and body/header/credential free (8.8441ms)
✔ published DTO retains only bound result metadata and leaves raw input untouched (1.797ms)
✔ only explicit null publication in a correctly scoped response is known absence (2.69ms)
✔ item and publication scope mismatches never expose links or known absence (9.2136ms)
✔ publication source issue matches the work item without equating authorizer, revisions or checkpoint generations (1.2319ms)
✔ publication and artifact identity tuples plus full digests must all match (2.7498ms)
✔ missing, duplicate and unrelated-first deliverables cannot substitute a result (1.2699ms)
✔ native provenance identity, source/target branches and digests are checked without retaining authority (4.6284ms)
✔ raw GitHub PR URLs allow native slash suffixes but retain exact repository and number checks (4.4723ms)
✔ owner/repository display case is preserved while full hex values compare by bytes (0.5977ms)
✔ PR state, exact head, owner, recorded metadata and phase cannot contradict each other (2.1988ms)
✔ download metadata rejects controls, external/native paths, malformed hashes and invalid sizes (10.4749ms)
✔ pending, PR-created, published and failed publication are distinct without claiming a live app (2.0444ms)
✔ only a different valid pinned run is a mismatch; same-run contradictions stay unavailable (0.7282ms)
✔ loading, denied and stale contexts cannot become a result or known absence (0.6819ms)
✔ denials, missing endpoints and sync/async transport failures stay unavailable without raw errors (1.0988ms)
✔ timeout aborts and suppresses late successes and failures without retries (1.0428ms)
✔ queued timeout callbacks cannot overwrite a settled success, absence or denial (0.6316ms)
✔ cancellation before start issues no GET; in-flight cancellation publishes no late data (0.8648ms)
✔ new same-ID generation remains unavailable after denial despite a prior response completing later (0.4843ms)
✔ fresh human-only bootstrap can select a runner runtime before any crew exists (2.4666ms)
✔ retired and legacy identities neither enable nor suppress advertised runtimes (0.2974ms)
✔ studio requires the exact selected source on a connected runner, not another repository (0.5007ms)
✔ source repository and commit matching are case-insensitive but ref matching is exact (0.2867ms)
✔ unavailable runtimes and non-runtime capabilities are not mission options (1.3586ms)
✔ catalog merging prefers an enabled model without changing the source snapshot (0.5764ms)
✔ unscoped status and crew include ready connection-bound runtimes, but dispatch keeps its exact binding (0.9729ms)
✔ studio always selects Copilot even when another runtime was requested (0.1905ms)
✔ studio does not fall back to another provider or an unavailable Copilot runtime (0.4608ms)
✔ solo selection and deterministic fixtures retain their runtime contracts (0.5005ms)
✔ a disappearing explicit runtime cannot silently switch provider with stale model settings (0.1837ms)
✔ studio uses enabled Copilot model settings or an explicit provider default (0.2282ms)
✔ fixtures ignore hidden provider model settings (0.1454ms)
✔ normal UI bootstrap opts out of seeded crew without changing fixture tooling (13.2195ms)
✔ runtime character descriptors match the shipped manifest, PNG dimensions, and original file bytes (61.5055ms)
✔ named characters and stable worker identities retain their appearance across reordered snapshots (1.2704ms)
✔ numeric roster positions wrap without producing missing characters, and invalid numbers use the default (0.3619ms)
✔ walking uses the original three poses in a 0,1,2,1 cycle at the 150ms boundaries (0.9429ms)
✔ idle, typing, reading and facing use the actual source-sheet rows and columns (0.6675ms)
✔ invalid or negative animation time selects the first pose without invalid source coordinates (0.3713ms)
✔ every animation and direction remains inside a real sheet after long-running animation (0.7211ms)
✔ default floor distinguishes connected workers from offline and test registrations (2.533ms)
✔ omitted and null retirement fields keep legacy and mission identities available (0.2148ms)
✔ every non-null retirement excludes an identity regardless of pin, date, or reported work (0.4008ms)
✔ retired identity remains resolvable in the unmodified historical snapshot (0.2916ms)
✔ retiring the selected agent falls back to current crew, including the empty-roster case (0.2481ms)
✔ pagination filters retirement before assigning seats without mutating order (0.4889ms)
✔ idle does not become working or reviewing from a stale station or pending run request (0.2625ms)
✔ working and blocked status still derive from exact server state and current-run requests (0.1917ms)
✔ #154: a selected worker on a later studio is located on initial mount and selection changes (0.5912ms)
✔ #154: studio lookup follows retirement repagination, not stale seat indexes (0.5567ms)
✔ #154: manual paging survives snapshots, but another selected agent resets page and zoom (0.5498ms)
✔ #154: retirement moving the selected agent to a different page resets the camera (0.3ms)
✔ #154: mounting or remounting the same starting run never fabricates an arrival (0.2425ms)
✔ #154: only an observed new active run can animate once, and reduced motion wins (0.303ms)
✔ #154: blocked work takes recovery priority over both idle and ordinary active work (0.4733ms)
✔ #154: exact approvals keep priority, and only an unblocked empty floor offers new work (0.1911ms)
✔ history inspectors retain the full snapshot while the floor uses current identities (14.6337ms)
✔ Factory activity prioritizes the exact outcome review, then tool approval, before newer work (3.9894ms)
✔ selection ignores terminal, denied and foreign tool approvals without inventing a run (0.2422ms)
✔ terminal runs cannot become reviewable or active from dangling pending decision records (20.315ms)
✔ live task, agent, control, timestamps and safe activity come from one scope without mutation (1.1408ms)
✔ a stale Running intake never claims that a cancelled provider is active (0.8878ms)
✔ pending exact-run outcome review is distinct from an active provider and completion (0.6363ms)
✔ tool authority and unavailable decision context do not become outcome approval (1.4572ms)
✔ a completed run is not automatically a completed mission or published application (0.7566ms)
✔ retained data cannot claim current execution: {"connection":"offline"} (0.6357ms)
✔ retained data cannot claim current execution: {"connection":"connecting"} (0.6037ms)
✔ retained data cannot claim current execution: {"snapshotFailed":true} (0.4555ms)
✔ retained data cannot claim current execution: {"snapshotReceivedAt":null} (0.3246ms)
✔ grace, offline and wrong-Corp runner records cannot establish provider liveness (2.3934ms)
✔ runner loss and uncertain teardown remain unknown until a positive termination receipt (1.1773ms)
✔ verifier-only runs never appear as a running model (0.6008ms)
✔ quarantine and protected stops stay prominent even with stale transport (1.667ms)
✔ failed verification, cancelled work and unknown execution modes remain explicit (1.5738ms)
✔ missing, duplicate or foreign task context cannot fall back to another run (0.6611ms)
✔ activity is scoped, deduplicated, ordered, bounded and never reveals raw payloads (2.0987ms)
✔ missing start, invalid clocks and backwards timestamps do not invent a duration (0.8589ms)
✔ expired leases and foreign attribution do not display an active controller (0.793ms)
✔ actual React detail component reuses current classes, native disclosure and escaped text (13.9732ms)
✔ the Factory integration uses the existing exact-run selector, scoped snapshot and old callbacks (2.2895ms)
✔ a burst of 1000 streamed events schedules one snapshot instead of 1000 requests (2.0609ms)
✔ events arriving during a request produce exactly one trailing snapshot (4.5995ms)
✔ the final event during the trailing request is not dropped (0.9682ms)
✔ disposing before a scheduled refresh prevents any fetch (0.323ms)
✔ disposing an actor/Corp scope aborts its request and drops trailing work (1.9465ms)
✔ refresh failures are handled and a later event can still refresh (0.8352ms)
✔ a disposed scope does not report an obsolete aborted read as a new UI error (0.9626ms)
✔ websocket events use the coalescer and cleanup cancels its read scope (4.0665ms)
✔ initial connection is bounded, cancellable and offers retry rather than mission restart (3.8691ms)
✔ actual App presence polling only runs for open connection-dependent views, without reconnecting the event socket (197.1129ms)
✔ artifact defaults retain the current wire shape and do not share mutable values (2.2356ms)
✔ file defaults retain the current wire shape and do not share mutable values (0.1733ms)
✔ command defaults retain the current wire shape and do not share mutable values (0.1796ms)
✔ test defaults retain the current wire shape and do not share mutable values (0.897ms)
✔ json_schema defaults retain the current wire shape and do not share mutable values (0.2793ms)
✔ screenshot defaults retain the current wire shape and do not share mutable values (0.145ms)
✔ check summaries preserve paths, argument boundaries, byte floors, JSON keys, and rounded timeouts (18.0638ms)
✔ array summaries distinguish item boundaries and preserve exact argument and key values (0.5271ms)
✔ byte-counted summaries use singular byte only for the one-byte floor (0.463ms)
✔ empty and oversized policies remain invalid, with the 16-check boundary accepted (0.7766ms)
✔ invalid byte floor 0 is reported for every byte-counted check (0.5205ms)
✔ invalid byte floor -1 is reported for every byte-counted check (0.161ms)
✔ invalid byte floor NaN is reported for every byte-counted check (0.134ms)
✔ invalid byte floor Infinity is reported for every byte-counted check (0.129ms)
✔ validation preserves check order and reports missing paths, programs, timeout bounds, and JSON keys (0.5167ms)
✔ manual gates require allowed roles without changing requester-exclusion semantics (0.3427ms)
✔ preserves the existing advisory-validator scope; server schema/path authorization remains authoritative (0.6935ms)
✔ check transformations create new drafts while retaining unchanged evidence checks and gate identity (0.3551ms)
✔ gate transitions preserve checks and retain current deliberate resets even when reselecting a gate type (0.2667ms)
✔ verification labels retain their current wording and fallback formatting (0.2161ms)
✔ WorkResultCard exposes its status and supplied content with metadata collapsed by default (13.0749ms)
✔ ready PR retains its exact URL and only an explicit download invokes the matching callback (15.7747ms)
✔ loading, unavailable and no-publication states do not fabricate a PR or perform actions (4.1739ms)
✔ a historical review mismatch changes selection only through explicit Go to delivered result (3.1696ms)
✔ an unavailable delivered-run target preserves the historical selection and only offers refresh (205.7415ms)
✔ a failed publication with a recorded PR remains inspectable without being labeled Published (8.8788ms)
✔ Published is not merged or deployed and its collapsed details never invent a running preview (8.5072ms)
✔ expired artifact retention does not hide an existing PR or replace server download validation (14.6883ms)
✔ actual hook hides prior result before cleanup and aborts on each exact scope change (48.9261ms)
✔ actual hook fences late success and failure before cleanup and after replacement (21.9442ms)
✔ actual hook close and reopen with identical IDs cannot revive old ready or pending data (18.8415ms)
✔ actual hook treats positive revision as one refresh hint and never retries failure on render (45.0494ms)
✔ actual App origin-unavailable branch offers manual Refresh work context with no PR CTA (11.3068ms)
✔ actual App first-hop retry exposes the authorized result without moving pinned evidence (20.8748ms)
✔ actual App fallback reports unavailable review details for an unresolved run or request (13.1846ms)
✔ actual work pickers retain a deep-linked historical mission outside the recent eight (75.6253ms)
✔ actual work pickers do not duplicate a recent selection or invent an absent mission (63.2487ms)
✔ related work includes the third mission, task, run and artifact (1.745ms)
✔ work links name the actual work rather than presenting only opaque IDs (0.1809ms)
✔ related options deduplicate repeated snapshot references (0.2469ms)
✔ mission discussion retains nested replies, including out-of-order snapshots (1.7603ms)
✔ task, run and artifact comments inherit the owning mission only (0.3081ms)
✔ unlinked cycles and missing ancestors cannot manufacture mission context (0.2521ms)
✔ context helpers leave authoritative messages and work objects unchanged (0.2287ms)
✔ work selection follows the owning authorized mission and rejects unknown links (0.2776ms)
✔ human review and automated verification are not advertised as live model sessions (0.2784ms)
✔ enterprise task labels explain the legacy studio lane keys (0.6482ms)
✔ review eligibility explains requester exclusion without bypassing the policy (0.5467ms)
✔ a pending evidence review selects its run rather than a newer active worker (0.2868ms)
✔ a tool-approval wait cannot hide a different pending evidence review (0.1944ms)
✔ review selection rejects mismatched tasks, terminal runs and non-pending requests (0.2119ms)
✔ explicit evidence selection stays bound to that run and cannot inherit another review (0.2301ms)
✔ unselected evidence follows remaining reviews and retains snapshot order without mutation (0.2135ms)
✔ a decided run remains selected until the operator deliberately chooses the next review (0.1551ms)
✔ mission UI binds evidence and decisions and pins the target before submitting (11.0805ms)
✔ runner revision is stable for reordered equivalent records without sorting the input (2.4836ms)
✔ runner revision ignores heartbeat, display and capability churn (0.2422ms)
✔ runner revision changes only when lifecycle identity or presence records change (0.2632ms)
✔ offline presence requests revalidation without rewriting endpoint readiness (0.3007ms)
✔ reconnect mismatch remains a hint until the endpoint itself returns ready presence (0.2972ms)
✔ unknown presence is false and same-ID foreign runners cannot supply presence (0.9677ms)
✔ presence hints never promote or erase native sign-in and installation states (0.6338ms)
✔ revision and presence helpers leave source, models, identity and selection immutable (0.588ms)
✔ saved choice and source remain present while its machine is offline (0.247ms)
✔ ready metadata alone cannot borrow another connection or source for dispatch (0.4072ms)
✔ connection UI identity is scoped to actor and room (0.2252ms)
✔ native sign-in instructions cannot navigate to another host or credential-bearing URL (0.2785ms)
✔ native GIT_TRACE isolation protects source bytes and candidate tree (3479.8237ms)
✔ native GIT_TRACE_PERFORMANCE isolation protects source bytes and candidate tree (3257.363ms)
✔ native GIT_TRACE_SETUP isolation protects source bytes and candidate tree (3301.5077ms)
✔ native GIT_TRACE2 isolation protects source bytes and candidate tree (3252.7591ms)
✔ native GIT_TRACE2_EVENT isolation protects source bytes and candidate tree (3267.8432ms)
✔ native GIT_TRACE2_PERF isolation protects source bytes and candidate tree (3423.6403ms)
✔ native source-selection recipe is pinned; drift requires an explicit parity review (0.5452ms)
✔ RED untracked whitespace escapes old diff, fails new command; GREEN clean file passes (6512.122ms)
✔ checks tracked bytes that are present in the worktree (4070.2427ms)
✔ checks staged modification bytes that are present in the worktree (4256.8384ms)
✔ checks staged addition bytes that are present in the worktree (4340.743ms)
✔ staged-only bad bytes are not exported when the worktree has clean replacement bytes (6891.777ms)
✔ clean staged bytes cannot hide bad worktree bytes or revive staged-only deleted additions (4091.7819ms)
✔ assigned base, not current HEAD, determines committed changes, deletions and renamed source (4575.0743ms)
✔ conflicted real index is untouched; physical resolution is checked just like native export (9732.4065ms)
✔ literal selection, spaces, leading dash, Unicode and brackets do not become Git pathspecs (6216.1092ms)
✔ selected absent, explicitly ignored and magic/escaping paths fail rather than widen selection (9912.4931ms)
✔ ignored evidence and runner-internal files are absent; provider artifacts reset to base, not deletion (5860.9405ms)
✔ ignored files tracked by the seeded base remain selected; later ignored additions do not (6698.3651ms)
✔ CRLF conversion and attributes use Git blob bytes without rewriting source or index (5442.6396ms)
✔ Windows verified-head seeding retains modes and resets every unselected committed path (5061.456ms)
✔ binary blobs use native Git diff behavior, not an independent text scanner (3737.0226ms)
✔ a missing real index is neither read nor recreated (3224.8686ms)
✔ linked worktree Git control files and real index are not modified (4323.0713ms)
✔ invalid base, routing override, nested root and in-worktree scratch fail closed (7978.3451ms)
✔ an inherited alternate index is not used or changed (2526.2438ms)
✔ whole-check timeout is a command error, never whitespace success (2091.2952ms)
✔ spawn, buffer, signal and Git failures cannot masquerade as whitespace results (10251.8859ms)
✔ unexpected scratch contents cause visible cleanup failure and are preserved (2100.5245ms)
✔ CLI rejects unknown, missing and unbounded arguments with exit 2 (6201.3341ms)
✔ F01 CLI reports unavailable revision without exposing arguments (2665.2599ms)
✔ F01 CLI reports missing literal selection without exposing arguments (2387.2527ms)
✔ F01 CLI reports ignored literal selection without exposing arguments (2969.2825ms)
✔ F01 CLI retains safe native timeout classification (3107.5969ms)
✔ F01 CLI retains safe native output overflow classification (3251.5113ms)
✔ F01 CLI retains safe native spawn failure classification (3134.6713ms)
✔ F01 CLI retains safe signal classification (3088.3541ms)
✔ F01 CLI retains safe unrecognized filter failure classification (2952.8278ms)
✔ F01 CLI retains safe unknown child fields classification (3159.6375ms)
✔ F01 CLI retains safe timeout with whitespace-like output classification (3137.8762ms)
✔ F01 CLI retains safe overflow with whitespace-like output classification (3142.179ms)
✔ F01 CLI separates cleanup failure from original failure (2676.7309ms)
✔ F01 CLI separates cleanup failure after successful check (3203.0577ms)
✔ F01 CLI suppresses unsafe parser/filesystem text and retains safe input guidance (3979.1296ms)
✔ F01 CLI correlates retained owned directories without revealing their sensitive root (3711.7431ms)
✔ F01 CLI recognizes a native required clean-filter failure, not a missing path (3276.4533ms)
✔ F02 native filter repeated delimiters (24000) cannot stall receipt or cleanup (4349.7318ms)
✔ F02 native filter repeated delimiters (349354) cannot stall receipt or cleanup (4449.9401ms)
✔ F02 final-line recognition handles hostile near-limit shapes without trusting their text (11995.5637ms)
✔ accepts matching current contracts, aliases, CRLF and historical prose outside markers (73.4566ms)
✔ rejects added source validation command and reports expected and actual (46.3266ms)
✔ rejects removed source validation command and reports expected and actual (60.2165ms)
✔ rejects reordered source validation command and reports expected and actual (50.9037ms)
✔ rejects changed documented commands; correcting the documented sequence restores passing (84.9316ms)
✔ accepts quoted literal Node globs through aliases while preserving quoted versus shell-expanded arguments (87.5965ms)
✔ rejects a source SDK bump until both current compatibility docs are updated (78.1535ms)
✔ rejects a source CLI bump until both current compatibility docs are updated (55.6673ms)
✔ rejects missing opening marker instead of silently dropping a required documentation contract (39.3651ms)
✔ rejects missing closing marker instead of silently dropping a required documentation contract (46.4077ms)
✔ rejects duplicate block instead of silently dropping a required documentation contract (38.4124ms)
✔ rejects reversed markers instead of silently dropping a required documentation contract (37.6038ms)
✔ rejects inline marker instead of silently dropping a required documentation contract (46.0077ms)
✔ requires every current runtime contract and a single SDK and CLI claim inside each (39.3568ms)
✔ rejects missing root alias in the authoritative command sequence (38.3904ms)
✔ rejects cyclic root aliases in the authoritative command sequence (36.551ms)
✔ rejects shell pipeline in the authoritative command sequence (47.8912ms)
✔ rejects quoted shell expansion in the authoritative command sequence (52.0189ms)
✔ rejects empty command in the authoritative command sequence (58.46ms)
✔ rejects unsupported alias arguments in the authoritative command sequence (72.433ms)
✔ rejects unknown documented aliases and malformed command fences (63.3264ms)
✔ reports missing required documents and an invalid source manifest without silently skipping them (71.0911ms)
✔ fails closed for unconstrained SDK dependency (60.408ms)
✔ fails closed for SDK pin in wrong table (58.4262ms)
✔ fails closed for duplicate SDK declaration (53.2796ms)
✔ fails closed for missing named runtime constant (60.2037ms)
✔ fails closed for duplicate runtime constant (56.4341ms)
✔ relocated CLI resolves its own repository, executes no documented command, and exits nonzero for drift (304.2525ms)
✔ checkpoint fixture produces a complete, independently tested local application (362.4999ms)
✔ read-only executable hashing accepts Cargo/Git hardlinks without relaxing source isolation (31.4922ms)
✔ exact terminal metadata produces actionable failure and missing-evidence findings using GET only (19.2265ms)
✔ listed artifact is run-scoped metadata and never establishes content or attempt verification (1.823ms)
✔ refuses active parent (0.9424ms)
✔ refuses wrong repository (0.3735ms)
✔ refuses foreign head repository (0.4763ms)
✔ refuses different workflow (0.3689ms)
✔ refuses different head (0.2907ms)
✔ refuses different attempt (0.2899ms)
✔ refuses job from other attempt (0.5558ms)
✔ refuses job from other head (0.7062ms)
✔ refuses duplicate job (0.5112ms)
✔ refuses unfinished job (0.394ms)
✔ refuses foreign artifact (0.4951ms)
✔ refuses excess artifacts (1.1592ms)
✔ complete bounded job pagination is required and supported (7.0367ms)
✔ pagination total drift and final run drift refuse a completed observation (1.32ms)
✔ expired artifacts and unexplained parent failure remain reviewable rather than passing (1.2633ms)
✔ same-source replay is a no-op; changed facts retain revisions and mark no-longer-observed findings (3.4631ms)
✔ previous hash tampering refuses before network reads (0.2871ms)
✔ forged previous findings fail integrity or semantic reconstruction; source changes require a new scope (3.2346ms)
✔ newer prior observations and attempts do not flow backward (2.9694ms)
✔ secret-bearing fields and supplied links never enter a receipt or executable Markdown (0.922ms)
✔ native read budget rejects alternate endpoints, oversized metadata and late responses (1.098ms)
✔ omitting all required jobs cannot turn one replacement success job into a complete maintenance result (0.8431ms)
✔ required skipped job needs review even when an earlier run artifact is listed (0.8327ms)
✔ required neutral job needs review even when an earlier run artifact is listed (0.5919ms)
✔ failed GETs consume the finite shared admission budget without retries (0.6263ms)
✔ CLI writes new bounded files and refuses output reuse; failures retain no raw API error (54.9577ms)
✔ hosted context binds default observer branch, event and exact parent; local mode makes no hosted claim (11.3848ms)
✔ CLI accepts only bounded exact selection and a complete prior pin (0.6065ms)
✔ CI workflow: exact Windows runner failure produces a scoped read-only handoff (1.4163ms)
✔ CI workflow: complete successful jobs need only their own declared report artifacts (1.0345ms)
✔ CI workflow: required artifact-free jobs remain required and must execute (0.7916ms)
✔ Repository checks retains its published contract and previous-receipt no-op semantics (1.5013ms)
✔ CI completeness refuses skipped artifact-free required jobs (0.8242ms)
✔ CI completeness refuses neutral artifact-free required jobs (1.1114ms)
✔ CI completeness rejects replacement jobs and requires only CI report metadata (1.5276ms)
✔ CI observation is not a parent-pass claim and does not inspect diagnostic artifacts (1.0614ms)
✔ workflow profiles cannot reuse each other's receipts even at the same source (3.8536ms)
✔ CI identity refuses unknown workflow path (0.2887ms)
✔ CI identity refuses workflow-ID substitution (0.2522ms)
✔ CI identity refuses workflow-name substitution (0.2133ms)
✔ CI identity refuses workflow-path substitution (0.2507ms)
✔ CI identity refuses foreign repository (0.9622ms)
✔ CI identity refuses fork head repository (0.2355ms)
✔ CI identity refuses wrong source head (0.2205ms)
✔ CI identity refuses wrong attempt (0.2052ms)
✔ CI identity refuses active CI parent (0.2022ms)
✔ reader allowlist admits exactly the two workflow metadata routes (0.3392ms)
✔ hosted CI event binds workflow identity to the selected native parent (54.3703ms)
✔ workflow trigger keeps trusted observer checkout and read-only scopes for both producers (13.1194ms)
✔ consumer rereads native state using trusted routing and tolerates only observation timing changes (5.9462ms)
✔ consumer refuses task contract revision drift in a fresh observation (1.377ms)
✔ consumer refuses source base commit drift in a fresh observation (0.6766ms)
✔ consumer refuses verifier digest drift in a fresh observation (0.7605ms)
✔ consumer refuses another actor scope drift in a fresh observation (1.1461ms)
✔ explicit run and mode selections fail before contacting a server (0.5926ms)
✔ denied or unavailable current data does not fall back to a previously passing receipt (0.3865ms)
✔ a matching failed native outcome cannot be consumed as accepted completion (0.6333ms)
✔ file consumption requires the exact expected byte hash and a bounded valid receipt (34.8578ms)
✔ receipt file reads accumulate short native reads before validating bytes (17.8765ms)
✔ receipt file truncate during short reads fails before parsing (6.3512ms)
✔ receipt file grow during short reads fails before parsing (12.6864ms)
✔ framed stat metadata survives arbitrary chunk boundaries without payload disclosure (2.5305ms)
✔ unrelated RPCs and read-file contents are not recorded (0.9704ms)
✔ a response ID type change is visible without recording identifier values (0.3957ms)
✔ oversized frames are skipped without parsing nested payload text as requests (0.3479ms)
✔ optional wire observation forwards exact bytes and drains the child (318.5968ms)
✔ a matching request needs a durable rejection and settled run (1.3108ms)
✔ terminal provider without permission is inconclusive, never a pass (1.0033ms)
✔ a rejected but unrelated permission does not satisfy the requested boundary (0.1853ms)
✔ approval acceptance, expiry or missing persisted decision cannot pass (0.3222ms)
✔ a decision or final run from another identity is rejected (0.2219ms)
✔ a provider that has not settled cannot pass the boundary (0.2352ms)
✔ all independent boundary results are required for complete coverage (1.0578ms)
✔ later passing cases remain visible after an earlier inconclusive case (0.3021ms)
✔ duplicate, unknown and malformed results cannot manufacture complete coverage (1.5106ms)
✔ accepts an exact seed and credential-free children of the owned runner (2.7984ms)
✔ a marker elsewhere or an arbitrary GITHUB_TOKEN is not a proven seed (1.1347ms)
✔ absent, ambiguous or foreign runner seed records cannot establish the precondition (0.8743ms)
✔ runner seed booleans must be explicit, not truthy or absent (1.0753ms)
✔ missing spawn and undefined parent IDs cannot accidentally correlate (0.4882ms)
✔ runner spawn must be unique, current and tied to the owned observer (0.688ms)
✔ a seed observed only after runner spawn cannot prove the launch precondition (0.2909ms)
✔ missing or foreign provider observations cannot satisfy the required count (1.2182ms)
✔ a wrong-parent provider is rejected rather than silently filtered out (0.4009ms)
✔ provider identity and absence booleans must be explicit and valid (1.0382ms)
✔ missing ownership and zero or malformed minimums never allow a vacuous pass (0.8383ms)
✔ actual successful relative, absolute and round-trip view results are required (1.8614ms)
✔ provider self-report and final file existence are not native-read evidence (1.0698ms)
✔ a missing absolute read or readback cannot pass (0.932ms)
✔ missing-file errors and successful-but-wrong content remain failures (0.4657ms)
✔ wrong-session or conflicting tool results cannot manufacture evidence (1.1705ms)
✔ an external path with the same filename is not the assigned seed (0.2383ms)
✔ an incomplete stream is explicitly incomplete, not successful empty coverage (0.164ms)
✔ runner observation proves the synthetic credential was inherited (251.9804ms)
✔ a missing seed fails before starting a runner (625.6835ms)
✔ provider observation confirms removal before invoking the real binary (272.658ms)
✔ an inherited provider credential fails before any provider execution (132.8202ms)
✔ a marker under another key cannot hide a missing runner GITHUB_TOKEN seed (131.9408ms)
✔ a different token plus an unrelated marker cannot manufacture an exact runner seed (142.7825ms)
✔ a provider token other than the canary is still rejected before child execution (139.1225ms)
✔ a provider canary under another key remains a failing credential boundary (132.8468ms)
✔ uninvoked production modules remain in the coverage denominator with zero hits (13.8902ms)
✔ missing production files cannot produce a passing partial coverage result (0.8423ms)
✔ duplicate and out-of-scope files cannot inflate the denominator (1.3198ms)
✔ missing, duplicate and impossible native counts are rejected (0.5777ms)
✔ truncated records are never accepted as completed coverage evidence (0.3013ms)
✔ zero available branches are reported as not applicable instead of fabricated 100 percent (0.287ms)
✔ issue195 public receipt binds parent binaries, pinned runtime identity, and distinct task source (8.4662ms)
✔ explicit current fixture hash, suspend tokens, and missing-artifact switch normalize without disk reads (1.1842ms)
✔ rebuilt server/runner receipt hashes and an explicit rebuilt CLI hash remain valid and bound (4.9489ms)
✔ all required options are explicit; help is inert (1.3306ms)
✔ every duplicate value option and duplicate boolean switch fails closed (2.1628ms)
✔ unknown targets, positionals, missing operands, and equals-form options are rejected (0.8726ms)
✔ configuration rejects old issue190 (0.3826ms)
✔ configuration rejects string issue number (0.349ms)
✔ configuration rejects parent rather than candidate code (0.3787ms)
✔ configuration rejects runtime commit used as task source (0.5684ms)
✔ configuration rejects unpinned source ref (0.2853ms)
✔ configuration rejects another runner (0.2355ms)
✔ configuration rejects unowned receipt (0.6799ms)
✔ configuration rejects not-running supervisor (0.4274ms)
✔ configuration rejects missing owner (0.5537ms)
✔ configuration rejects invalid owner (0.3739ms)
✔ configuration rejects changed code checkout (0.2463ms)
✔ configuration rejects changed source checkout (0.1885ms)
✔ configuration rejects changed worktree root (0.2665ms)
✔ configuration rejects invalid server digest (0.2291ms)
✔ configuration rejects invalid runner digest (0.3141ms)
✔ configuration rejects executable substitution (0.4322ms)
✔ configuration rejects binary outside owned bin (0.3468ms)
✔ configuration rejects missing public process (0.2581ms)
✔ configuration rejects wrong process role (0.3234ms)
✔ configuration rejects wrong process workspace (0.3972ms)
✔ configuration rejects invalid process pid (0.4333ms)
✔ configuration rejects invalid process start (0.3444ms)
✔ synthetic VerifyRun evidence distinguishes awaiting independent review from accepted completion (16.5651ms)
✔ forced commit_branch export rejection is a named failure, never archive bypass or approval (4.1162ms)
✔ missing-required-provider-Artifact negative shares the native checks without inventing bytes (4.8133ms)
✔ assessRecovery refuses original usage rewritten (4.4305ms)
✔ assessRecovery refuses original output history changed (4.095ms)
✔ assessRecovery refuses provider-attempt counter reset (3.5551ms)
✔ assessRecovery refuses provider-attempt maximum changed (2.2807ms)
✔ assessRecovery refuses source incident changed (3.0005ms)
✔ assessRecovery refuses checkpoint authority absent (2.6825ms)
✔ assessRecovery refuses different context source (2.3153ms)
✔ assessRecovery refuses budget reset hidden in context (2.6721ms)
✔ assessRecovery refuses another native recovery (2.447ms)
✔ assessRecovery refuses source-correction instead of verification (2.6601ms)
✔ assessRecovery refuses recovery contract revision (2.8543ms)
✔ assessRecovery refuses changed recovery reason (2.4403ms)
✔ assessRecovery refuses weakened replacement policy (2.2464ms)
✔ assessRecovery refuses new provider session (3.3238ms)
✔ assessRecovery refuses allocated model tokens (2.9274ms)
✔ assessRecovery refuses allocated model cost (2.1668ms)
✔ assessRecovery refuses consumed input tokens (2.4658ms)
✔ assessRecovery refuses consumed output tokens (3.3244ms)
✔ assessRecovery refuses consumed model cost (2.4465ms)
✔ assessRecovery refuses different workspace root run (2.193ms)
✔ assessRecovery refuses replacement workspace not preserved (2.2899ms)
✔ assessRecovery refuses replacement fingerprint changed (1.9402ms)
✔ assessRecovery refuses invented provider artifact (2.8189ms)
✔ assessRecovery refuses provider event outside snapshot window (2.7564ms)
✔ assessRecovery refuses native command acknowledgment missing (3.2165ms)
✔ assessRecovery refuses missing native app check (2.8377ms)
✔ assessRecovery refuses evidence kind mismatch (3.6446ms)
✔ assessRecovery refuses independent-review self-approval (2.7091ms)
✔ assessRecovery refuses accepted run before gate decision (2.3817ms)
✔ assessRecovery refuses missing factory completion event (1.7957ms)
✔ assessRecovery refuses empty source deliverable (2.3547ms)
✔ assessRecovery refuses wrong deliverable provenance (2.9743ms)
✔ download validation uses in-memory bytes and checks payload digests without claiming a browser test (3.5756ms)
✔ configuration refuses target http://localhost:18574 (0.2891ms)
✔ configuration refuses target https://127.0.0.1:18574 (0.1268ms)
✔ configuration refuses target http://127.0.0.1:18574/ (0.1044ms)
✔ configuration refuses target http://127.0.0.1:18575 (0.0994ms)
✔ configuration refuses target http://127.0.0.1:8791 (0.1441ms)
✔ configuration refuses target http://127.0.0.1:18574/api (0.1476ms)
✔ configuration refuses target http://127.0.0.1:18574?x=1 (0.1131ms)
✔ configuration refuses target http://example.invalid:18574 (0.0974ms)
✔ configuration refuses target http://user:password@127.0.0.1:18574 (0.0995ms)
✔ configuration refuses target http://[::1]:18574 (0.1038ms)
✔ absolute path and owned-output boundaries reject aliases, devices, UNC, ADS, and root reuse (3.7509ms)
✔ explicit independent reviewer, valid digest, and bounded numeric options are mandatory (6.2902ms)
✔ reports expose hashes and constrained identity, never receipt metadata or provider output (1.5099ms)
✔ saved report cannot adopt changed authority, extra fields, or identities without prior intent (4.4626ms)
✔ baseline and journal never consult the bounded snapshot.events window (25.6844ms)
✔ baseline preserves every pre-existing missions record (1.2243ms)
✔ baseline preserves every pre-existing tasks record (0.8159ms)
✔ baseline preserves every pre-existing runs record (0.8174ms)
✔ baseline preserves every pre-existing factory_work_items record (0.7803ms)
✔ baseline preserves every pre-existing factory_verification_recoveries record (0.8481ms)
✔ baseline preserves every pre-existing verification_evidence record (0.8192ms)
✔ baseline preserves every pre-existing verification_requests record (0.8568ms)
✔ baseline preserves every pre-existing source_deliverables record (1.7325ms)
✔ baseline preserves every pre-existing mission_contract_revisions record (1.2561ms)
✔ baseline preserves every pre-existing mission_budget_revisions record (1.0082ms)
✔ baseline preserves every pre-existing action_approvals record (1.4446ms)
✔ baseline preserves every pre-existing circuit_breaker_incidents record (0.9091ms)
✔ baseline permits additive rows and events while forbidding live work and missing history tables (1.9763ms)
✔ journal requires exact Ready watermark, ordered unique same-Corp events, and bounded count (0.786ms)
✔ buildPlan is deterministic, fresh, output-owned, and mirrors one ready synthetic issue (1.6061ms)
✔ factory argv remains pinned and recovery only appends the exact checkpoint mode and recorded reason (1.4156ms)
✔ persisted app, base-file, exact hash command and independent-review checks cannot be replaced by Artifact (8.4827ms)
✔ checkpoint digests use Rust field order, preserve app policy, and retain forced commit_branch authority (0.8189ms)
✔ invokeFactory uses only injected child I/O, a bounded timeout, and a non-inherited environment (2.2587ms)
✔ invokeFactory never retries an uncertain execution or logs raw stdout/stderr (1.9874ms)
✔ explicit Windows assessment preserves historical paths on every host (4.1571ms)
✔ default host assessment still rejects foreign path namespaces (1.1445ms)
✔ assessOriginal binds native stop from full replay, not snapshot.events (1.5832ms)
✔ assessOriginal binds native suspend from full replay, not snapshot.events (2.4281ms)
✔ assessOriginal rejects provider attempt increment without accepting or replacing work (1.6307ms)
✔ assessOriginal rejects attempt ceiling revision without accepting or replacing work (0.8596ms)
✔ assessOriginal rejects current budget revision without accepting or replacing work (0.7278ms)
✔ assessOriginal rejects original budget rewrite without accepting or replacing work (0.7617ms)
✔ assessOriginal rejects persisted hash verifier removal without accepting or replacing work (0.7784ms)
✔ assessOriginal rejects manual gate weakening without accepting or replacing work (1.3468ms)
✔ assessOriginal rejects contract source replacement without accepting or replacing work (0.7682ms)
✔ assessOriginal rejects write scope replacement without accepting or replacing work (0.7854ms)
✔ assessOriginal rejects archive bypass of forced commit_branch without accepting or replacing work (0.7389ms)
✔ assessOriginal rejects provider secret authority without accepting or replacing work (0.74ms)
✔ assessOriginal rejects extra provider run without accepting or replacing work (1.2692ms)
✔ assessOriginal rejects extra task without accepting or replacing work (0.7722ms)
✔ assessOriginal rejects changed factory owner without accepting or replacing work (0.727ms)
✔ assessOriginal rejects changed issue revision without accepting or replacing work (0.6643ms)
✔ assessOriginal rejects wrong assigned runner without accepting or replacing work (0.7766ms)
✔ assessOriginal rejects producer reviewing itself without accepting or replacing work (0.7911ms)
✔ assessOriginal rejects source-checkout execution without accepting or replacing work (0.8859ms)
✔ assessOriginal rejects quarantined checkpoint without accepting or replacing work (0.7702ms)
✔ assessOriginal rejects loop-counter change without accepting or replacing work (0.7124ms)
✔ assessOriginal rejects rewritten usage without accepting or replacing work (1.1059ms)
✔ assessOriginal rejects invented provider artifact without accepting or replacing work (0.7477ms)
✔ assessOriginal rejects checkpoint missing without accepting or replacing work (1.3091ms)
✔ assessOriginal rejects checkpoint policy digest changed without accepting or replacing work (0.8098ms)
✔ assessOriginal rejects provider still alive without accepting or replacing work (0.9687ms)
✔ assessOriginal rejects budget command not acknowledged without accepting or replacing work (0.8356ms)
✔ assessOriginal rejects budget incident missing without accepting or replacing work (0.8087ms)
✔ assessOriginal rejects previously recorded run missing without accepting or replacing work (0.7283ms)
✔ assessOriginal rejects accepted provider progress hidden before snapshot window without accepting or replacing work (0.7348ms)
✔ suite pauses for native browser review by default and only observes external approval on continuation (44.7881ms)
✔ suite retains native forced-commit export failure and performs no review, download, or policy bypass (16.7904ms)
✔ suite missing-Artifact negative is explicit rejection, not verified delivery or fabricated provider evidence (16.8608ms)
✔ --continue cannot create a baseline or begin an unrecorded mutation (6.4919ms)
✔ unknown create response is never retried; continuation times out without adopting replacement work (29.6202ms)
✔ lost create response reconciles the exact item/run, but --continue cannot authorize recovery (11.2019ms)
✔ lost recovery response binds the recorded replacement; continuation only pauses for its exact browser gate (17.3011ms)
✔ external browser approval completes exact recorded work without retries or erasing earlier failure history (35.2121ms)
✔ suite never mutates when independent reviewer is missing (3.7718ms)
✔ suite never mutates when independent reviewer is not human (2.9598ms)
✔ suite never mutates when independent reviewer is unauthorized role (2.9522ms)
✔ suite never mutates when independent reviewer is guest (3.0146ms)
✔ suite never mutates when independent reviewer is wrong Corp (3.0646ms)
✔ failed intent persistence or changed parent inputs prevents the corresponding native effect (18.5071ms)
✔ a colliding synthetic item without saved create intent is never adopted or mutated (3.9482ms)
✔ wrong physical base bytes stop before recovery; tampered downloads stop without another attempt (35.7435ms)
✔ --continue fails closed when recorded work disappears, with no new mission or native retry (28.1185ms)
✔ explicit browser-review flag preserves the default two-step flow without a scripted-review mode (11.908ms)
✔ browser-review pause cannot be continued with substituted gate identities or reviewer (14.4465ms)
✔ production I/O exposes no review POST and confines injected requests to exact GET routes (30.0331ms)
✔ runtime factory adapter never retries an ambiguous injected CLI call (1.0954ms)
✔ server-upgrade option is explicit, continue-only, and confined to the owned runtime directory (15.1249ms)
✔ server-only upgrade retains the original binding/failure and separately records server provenance read-only (24.5289ms)
✔ upgrade rejects runner/web/CLI changes, a mismatched old binding, and conflicting server provenance (14.9663ms)
✔ same-verifier native checkpoint re-attestation accepts a real run_id-only VerificationRequest (2.3641ms)
✔ checkpoint re-attestation cannot target another run, duplicate an ACK, or permit provider usage (3.9333ms)
✔ strict phase parsing and explicit opt-in (4.0356ms)
✔ reject manual/default/aliased ports, credentials, ambiguous URLs and mismatched environment before API access (6.4393ms)
✔ verification is GET-only and no phase can call decision/reset/bootstrap/foreign-Corp routes (2.0288ms)
✔ prepare → newer approved → isolated replay observation → explicit older approval → automatic synthesis (106.3956ms)
✔ lost create response adopts exact marker without sending a second create (22.8044ms)
✔ unknown create that never arrived fails closed, never creates a replacement (4.056ms)
✔ lost revision response replays the exact native UUID and preserves only two revisions (46.2678ms)
✔ lost launch response recovers exact root IDs by readback, never dispatches again (24.4163ms)
✔ wrong source/pinned staffing/non-quiescent fixture rejected before any POST (2.5101ms)
✔ cannot skip intermediate observation or approve the older run first (55.1634ms)
✔ exact reviewer attribution, artifact binding and no second decision are enforced (83.1053ms)
✔ duplicate decision event and journal rollover cannot pass as replay isolation (49.7488ms)
✔ checkpoint fixture mismatch and modified pre-existing rows are rejected (39.1022ms)
✔ failed artifact download is rechecked on prepare resume without more POSTs (31.9391ms)
✔ linux: native unavailable admission is a verified refusal, not provider success (289.5854ms)
✔ darwin: native unavailable admission is a verified refusal, not provider success (252.9652ms)
✔ Windows: an unavailable provider remains a failure (253.4905ms)
✔ Unix: accidentally accepting an unsupported provider fails the contract (228.3392ms)
✔ Unix: an unrelated admission failure cannot stand in for containment refusal (221.5817ms)
✔ Unix: a refusal with a persisted run is rejected (222.1458ms)
✔ Unknown runner platforms fail before resetting a fixture (124.3708ms)
✔ A Linux expectation cannot conceal an unavailable Windows runner (192.7872ms)
✔ Unknown reported runner OS fails before creating provider work (182.6312ms)
✔ An owned child stuck on HTTP is reaped before fixture cleanup (2028.7201ms)
✔ explicit CLI and parent runtime receipt reuse retain owner/source/process binding (7.2612ms)
✔ additive request changes only the fixture case, keeps native 5000 authority and no delivery/resume (0.5915ms)
✔ shared client sends exact additive create/launch bodies without retries or extra routes (26.5103ms)
✔ pure native trace accepts actual ACK before failure/termination without prescribing that order (5.824ms)
✔ pure native trace accepts actual ACK between failure/termination without prescribing that order (2.431ms)
✔ pure native trace accepts actual ACK after failure/termination without prescribing that order (1.387ms)
✔ pure evidence rejection: missing actual artifact rejection (1.189ms)
✔ pure evidence rejection: unrelated failure (0.8784ms)
✔ pure evidence rejection: termination before failure is not the race (1.1973ms)
✔ pure evidence rejection: missing termination is not success (1.4061ms)
✔ pure evidence rejection: missing ACK remains unproven (0.9355ms)
✔ pure evidence rejection: wrong command correlation (1.0943ms)
✔ pure evidence rejection: wrong ACK runner (0.9821ms)
✔ pure evidence rejection: foreign session event scope (0.6707ms)
✔ pure evidence rejection: non-native event attribution (0.9542ms)
✔ pure evidence rejection: wrong native event identity (0.9887ms)
✔ pure evidence rejection: rewritten failure summary (0.6822ms)
✔ pure evidence rejection: agent still assigned (0.7407ms)
✔ pure evidence rejection: task resurrected (0.6795ms)
✔ pure evidence rejection: mission resurrected (0.8142ms)
✔ pure evidence rejection: accepted artifact metadata (0.8868ms)
✔ pure evidence rejection: late accepted completion even if snapshot says failed (0.7936ms)
✔ pure evidence rejection: accepted artifact even outside bounded snapshot.events (0.9558ms)
✔ pure evidence rejection: verification event is forbidden (0.662ms)
✔ pure evidence rejection: uncertain teardown is forbidden (0.7186ms)
✔ pure evidence rejection: accepted evidence record (1.2528ms)
✔ pure evidence rejection: budget revision (0.7589ms)
✔ pure evidence rejection: replacement run (0.5639ms)
✔ pure evidence rejection: source substitution (0.4822ms)
✔ pure evidence rejection: verification-only execution cannot attest a provider (0.4667ms)
✔ pure evidence rejection: usage must be exactly two 3000-token increments (0.8037ms)
✔ invalid native termination payload cannot pass (null) (0.8752ms)
✔ invalid native termination payload cannot pass ([]) (0.7983ms)
✔ invalid native termination payload cannot pass ({}) (0.6342ms)
✔ invalid native termination payload cannot pass ({"adapter":"other"}) (0.6815ms)
✔ invalid native termination payload cannot pass ({"provider_process_alive":true}) (0.8213ms)
✔ invalid native termination payload cannot pass ({"provider_process_alive":"false"}) (0.6991ms)
✔ invalid native termination payload cannot pass ({"outcome":"verified"}) (0.8311ms)
✔ invalid native termination payload cannot pass ({"message":""}) (0.7397ms)
✔ invalid native termination payload cannot pass ({"message":1}) (0.718ms)
✔ invalid native termination payload cannot pass ({"message":"xxxxxxxxxxxxxxxxxxxxxxxxxxxxxxxxxxxxxxxxxxxxxxxx) (1.2656ms)
✔ invalid native termination payload cannot pass ({"message":"untrusted\ntext"}) (1.0997ms)
✔ invalid native termination payload cannot pass ({"message":"
"}) (0.6274ms)
✔ invalid native termination payload cannot pass ({"credential":"PRIVATE_PROVIDER_CONTENT_OR_ASSIGNMENT_TOKEN_) (0.5755ms)
✔ all native terminal outcomes and absent optional message are valid telemetry, not accepted completion (2.8567ms)
✔ one additive case checkpoints and announces intent/IDs, retains history, and waits for quiet readback (24.7139ms)
✔ passed same-case continuation recomputes proof with zero further mutations (21.4961ms)
✔ createLost: failure preserves exact intent, continuation never retries an attempted POST (13.0555ms)
✔ createUnknown: failure preserves exact intent, continuation never retries an attempted POST (2.031ms)
✔ launchLost: failure preserves exact intent, continuation never retries an attempted POST (12.0844ms)
✔ launchUnknown: failure preserves exact intent, continuation never retries an attempted POST (2.5319ms)
✔ bounded live failure leaves the original run live, IDs and intent intact, with no replacement (36.1176ms)
✔ missing late telemetry is a bounded failure with actual ACK order, not a race claim (21.5988ms)
✔ natural later telemetry/finalization can settle without rewriting terminal state or historical events (13.8186ms)
✔ settling cannot hide changed terminal run summary (4.3892ms)
✔ settling cannot hide changed terminal task (4.0407ms)
✔ settling cannot hide changed terminal mission (4.1321ms)
✔ settling cannot hide changed terminal agent (5.3218ms)
✔ settling cannot hide changed old run (5.1985ms)
✔ settling cannot hide changed old agent (5.3517ms)
✔ settling cannot hide changed old journal prefix (4.8795ms)
✔ settling cannot hide changed original failure event (4.8328ms)
✔ saved report cannot substitute receipt, native authority, source, or erase baseline after an effect (1.9279ms)
✔ report save uses exclusive lock, private synced temp and atomic rename; refuses implicit overwrite (3.9007ms)
✔ stale locks are never stolen and failed saves retain original report and orphaned temp (1.0979ms)
✔ report cannot replace receipt; bounded reads reject links, hardlinks and inode swaps before reading (0.9686ms)
✔ CLI is explicit, non-ambient, duplicate/unknown flags fail (5.7336ms)
✔ explicit parent runtime metadata aligns without opening any named process/log/source (5.3995ms)
✔ rejects protected/manual API port 5187 (0.4273ms)
✔ rejects protected/manual API port 5291 (0.3011ms)
✔ rejects protected/manual API port 8791 (0.3434ms)
✔ rejects protected/manual API port 8793 (0.2845ms)
✔ rejects protected/manual API port 8991 (0.2671ms)
✔ rejects protected/manual API port 15191 (0.3039ms)
✔ rejects protected/manual API port 15193 (0.3601ms)
✔ rejects protected/manual API port 15491 (0.5333ms)
✔ rejects protected/manual API port 15493 (0.3354ms)
✔ rejects protected/manual API port 15496 (0.2766ms)
✔ rejects protected/manual API port 18961 (0.2745ms)
✔ rejects protected/manual API port 18962 (0.1815ms)
✔ rejects protected/manual API port 18963 (0.1425ms)
✔ rejects ambiguous or non-owned origin http://localhost:18574 (0.3731ms)
✔ rejects ambiguous or non-owned origin http://127.1:18574 (0.2305ms)
✔ rejects ambiguous or non-owned origin http://[::1]:18574 (0.2557ms)
✔ rejects ambiguous or non-owned origin https://127.0.0.1:18574 (0.2675ms)
✔ rejects ambiguous or non-owned origin http://127.0.0.1:18574/ (0.1661ms)
✔ rejects ambiguous or non-owned origin http://127.0.0.1:18574/api (0.1974ms)
✔ rejects ambiguous or non-owned origin http://127.0.0.1:18574?x=1 (0.254ms)
✔ rejects ambiguous or non-owned origin http://redacted:redacted@127.0.0.1:18574 (0.2912ms)
✔ rejects ambiguous or non-owned origin http://example.com:18574 (0.1739ms)
✔ receipt requires complete immutable source, no unknown authority or provider substitution (4.2542ms)
✔ native requests preserve single strategy, exact source, budget, File verifier, no deliverable (0.6949ms)
✔ Rust policy digest uses explicit declaration order, not JS/JSONB property order (0.8319ms)
✔ canonical containment handles Windows drive prefixes but rejects aliases/escapes (0.7857ms)
✔ POSIX containment rejects traversal, equality and sibling prefixes (0.5172ms)
✔ base.txt reads exactly five bytes, and all link/reparse/hardlink failures occur before open (11.2594ms)
✔ opened-file identity swaps fail closed without reading bytes (1.1656ms)
✔ runners are top-level; nested-only, unavailable, foreign, ambiguous or different-source runners fail (1.0347ms)
✔ suspend: actual usage -> breaker -> native teardown -> exact checkpoint -> terminal (2.6001ms)
✔ stop: actual usage -> breaker -> native teardown -> exact checkpoint -> terminal (0.9055ms)
✔ rejects missing checkpoint (0.9521ms)
✔ rejects foreign Corp proof (0.7262ms)
✔ rejects foreign mission proof (0.8373ms)
✔ rejects foreign task proof (1.2757ms)
✔ rejects foreign run proof (1.6335ms)
✔ rejects foreign agent proof (0.94ms)
✔ rejects foreign runner proof (0.7667ms)
✔ rejects wrong original base (0.733ms)
✔ rejects changed HEAD (0.7682ms)
✔ rejects changed fingerprint (0.598ms)
✔ rejects arbitrary JS policy ordering (0.701ms)
✔ rejects changed write digest (1.1372ms)
✔ rejects changed deliverable digest (1.0757ms)
✔ rejects token in proof (1.2548ms)
✔ rejects live provider (0.641ms)
✔ rejects wrong adapter (0.7315ms)
✔ rejects foreign event lineage (0.8032ms)
✔ rejects late checkpoint (1.1659ms)
✔ rejects missing usage (1.0137ms)
✔ rejects fake cumulative usage (0.9004ms)
✔ rejects wrong breaker metric (1.066ms)
✔ rejects wrong command acknowledgement (1.1883ms)
✔ rejects accepted artifact (0.8455ms)
✔ rejects verification started (0.6776ms)
✔ rejects lost is not completion (0.6647ms)
✔ rejects agent still assigned (0.9195ms)
✔ rejects automatic retry (1.103ms)
✔ rejects replacement task (0.6508ms)
✔ rejects resume lineage (0.6266ms)
✔ rejects budget override (0.5179ms)
✔ rejects write scope widening (0.5323ms)
✔ rejects policy weakening (0.4862ms)
✔ rejects path outside runner (1.02ms)
✔ rejects unknown projection strings are not logged (0.6587ms)
✔ rejects non-native none breaker projection is rejected (0.6855ms)
✔ rejects accepted evidence row (0.7941ms)
✔ full replay, not the bounded snapshot, rejects earlier run.completed (0.7594ms)
✔ full replay, not the bounded snapshot, rejects earlier run.verification_started (1.2829ms)
✔ full replay, not the bounded snapshot, rejects earlier run.verification_evidence (0.7787ms)
✔ full replay, not the bounded snapshot, rejects earlier run.artifact (1.1446ms)
✔ full replay, not the bounded snapshot, rejects earlier run.deliverable (0.8619ms)
✔ full replay, not the bounded snapshot, rejects earlier run.workspace_removed (0.8257ms)
✔ full replay, not the bounded snapshot, rejects earlier run.teardown_uncertain (0.8987ms)
✔ visible history and original journal prefix are immutable; no whole-database inference (1.9636ms)
✔ journal bounds, strict ordering, non-contiguous visible sequences and Ready watermark (0.8777ms)
✔ API requests allow only exact scoped snapshot/create/launch, never reset/policy/resume (33.7041ms)
✔ HTTP errors with sensitive bodies are not retried or exposed (0.6501ms)
✔ oversized API responses fail at the byte bound, with no response body in the error (10.6153ms)
✔ native journal API requires a real Ready watermark and refuses partial replay (1.8046ms)
✔ two additive cases checkpoint intent/IDs, retain old history, and pass only after quiet observation (37.8273ms)
✔ baseline counts are dynamic, including completed prior browser-created missions (38.4124ms)
✔ completed checkpoint continuation is read-only and never re-launches either case (35.8702ms)
✔ timeout leaves a live run LIVE with its original ID and never starts a replacement/second case (24.0584ms)
✔ lost create response discovers exact original IDs; intentional continuation sends no duplicate (17.1311ms)
✔ uncertain create without an observable result blocks continuation, never replacement (1.4509ms)
✔ lost launch response discovers exact original IDs; intentional continuation sends no duplicate (16.6229ms)
✔ uncertain launch without an observable result blocks continuation, never replacement (2.3522ms)
✔ driver failure keeps IDs and failure report; late accepted verification cannot pass (5.8768ms)
✔ saved report cannot change receipt/source/runner/process scope or invent successful authority (1.5207ms)
✔ existing budget-stream keeps its original synthetic 6000-token contract (1409.7608ms)
✔ UI budget-stream uses the real 500K preset with explicit synthetic counters (1177.2092ms)
✔ native interrupt prevents later usage and completion in the UI fixture (294.3165ms)
✔ original budget-stream still interrupts before its second usage and scheduled completion (263.1588ms)
✔ queued completion emits exact usage and completed before a subsequent interrupt response (177.009ms)
✔ actual queued fixture writes base then emits both usages and finish synchronously without timers (3.8179ms)
✔ User/Organization resolver verifies owner and project number without reading items (1447.8282ms)
✔ opaque paginated active-only discovery retains 1002 items and exact Issue source (2056.6209ms)
✔ empty pages, invalid cursors and archived cursors never silently restart pagination (1641.9345ms)
✔ quota-only probes accept include flags before/after endpoint and retain plain JSON (624.9197ms)
✔ exact items, memberships and publisher fields support metered and legacy plain callers (1171.2024ms)
✔ configured primary refusal exposes reset headers and recovers exactly at fixture reset (424.3246ms)
✔ secondary failures are finite per-query attempts even with interleaved probes (693.103ms)
✔ 503 failures expose Retry-After without spending quota or triggering source mutation (293.2763ms)
✔ source-drift hook remains shared across pages, legacy lists and exact reads only (1195.4237ms)
✔ legacy Project edits and publisher PR mutation/recovery semantics are preserved (1392.3022ms)
✔ errors and observation logs never echo credentials, headers, query text or variables (597.7187ms)
✔ invalid quota/failure configurations fail safely and event retention is bounded (1227.8766ms)
✔ parses HTTPS clone URL without resolving redirects (3.1244ms)
✔ parses HTTPS repository URL without resolving redirects (0.368ms)
✔ parses HTTPS default port without resolving redirects (0.1397ms)
✔ parses SSH SCP URL without resolving redirects (0.3319ms)
✔ parses SSH URI without resolving redirects (0.2894ms)
✔ parses SSH default port without resolving redirects (0.2305ms)
✔ parses SSH alternate port without resolving redirects (0.3859ms)
✔ parses case normalization without resolving redirects (0.2133ms)
✔ parses trailing slash without resolving redirects (1.2587ms)
✔ parses Git output newline without resolving redirects (0.4343ms)
✔ keeps old, transferred and deliberately wrong repositories distinct (0.547ms)
✔ retains valid repository punctuation (0.2662ms)
✔ rejects missing without disclosing the origin (1.024ms)
✔ rejects null without disclosing the origin (0.2648ms)
✔ rejects non-string without disclosing the origin (0.1415ms)
✔ rejects empty without disclosing the origin (0.1514ms)
✔ rejects bare namespace without disclosing the origin (0.1854ms)
✔ rejects different host without disclosing the origin (0.1566ms)
✔ rejects host suffix without disclosing the origin (0.1661ms)
✔ rejects HTTP without disclosing the origin (0.1606ms)
✔ rejects Git protocol without disclosing the origin (0.2044ms)
✔ rejects HTTPS userinfo without disclosing the origin (0.197ms)
✔ rejects HTTPS password without disclosing the origin (0.1478ms)
✔ rejects SSH password without disclosing the origin (0.1356ms)
✔ rejects non-Git SSH user without disclosing the origin (0.1046ms)
✔ rejects SCP userinfo without disclosing the origin (0.1157ms)
✔ rejects SCP prefix not recognized by the runner without disclosing the origin (0.0958ms)
✔ rejects query without disclosing the origin (0.0966ms)
✔ rejects fragment without disclosing the origin (0.1325ms)
✔ rejects extra path without disclosing the origin (0.2383ms)
✔ rejects traversal without disclosing the origin (0.2071ms)
✔ rejects dot owner without disclosing the origin (0.1579ms)
✔ rejects dot repository without disclosing the origin (0.108ms)
✔ rejects empty repository without disclosing the origin (0.1413ms)
✔ rejects encoded path without disclosing the origin (0.1346ms)
✔ rejects backslash without disclosing the origin (0.1915ms)
✔ rejects multiple origins without disclosing the origin (0.1863ms)
✔ rejects oversized origin without disclosing the origin (0.1972ms)
✔ reads only the selected checkout origin with bounded, piped Git output (0.4184ms)
✔ Git failure discards message, cause, stdout and stderr without fallback (0.3309ms)
✔ a successful Git read cannot admit a credential-bearing origin (0.217ms)
✔ imports actual-shaped retained native success and reproducible external rejection as a candidate only (122.7005ms)
✔ old oracle without physical digest remains explicitly weaker and prompt alignment remains unreviewed (93.6006ms)
✔ repeated captures and checker versions of one run do not create independent evidence identities (318.0644ms)
✔ local review digest cannot activate a candidate even with two distinct native runs (210.3533ms)
✔ refuses foreign Corp even with repinned retained files (117.7126ms)
✔ refuses foreign room even with repinned retained files (85.0885ms)
✔ refuses other source even with repinned retained files (84.6206ms)
✔ refuses changed contract source even with repinned retained files (85.9806ms)
✔ refuses missing native checks even with repinned retained files (83.689ms)
✔ refuses failed test under passed native label even with repinned retained files (83.156ms)
✔ refuses wrong oracle bytes even with repinned retained files (117.8976ms)
✔ refuses wrong resume identity even with repinned retained files (126.7358ms)
✔ refuses wrong resume ancestry even with repinned retained files (145.9387ms)
✔ refuses cancelled run even with repinned retained files (104.2032ms)
✔ refuses substituted before bytes even with repinned retained files (99.7203ms)
✔ refuses unknown checker even with repinned retained files (19.5985ms)
✔ hash pins, duplicate JSON keys and traversal are rejected before candidate output (96.1199ms)
✔ directory redirection and oversized files fail closed (132.4025ms)
✔ exact append handles LF and CRLF without normalizing changed source (0.5407ms)
✔ external rejection cannot be imported when exact output actually passes (94.599ms)
✔ CLI reads pinned inputs and creates one new corpus without overwriting source files (262.077ms)
✔ CLI has one aggregate read budget covering the request, corpus, manifests and retained files (311.886ms)
▶ local stack owned-process and state regression fixtures
  ✔ identity comes from the live process and binds only the explicit workspace (2.0027ms)
  ✔ wrong timestamps, executable, workspace and malformed records fail closed (0.2279ms)
  ✔ a stale creation record aimed at a live synthetic PID cannot stop it (0.259ms)
  ✔ stopping the verified root leaves its descendant and an unrelated child alive (0.1326ms)
  ✔ Start accepts working and log directories containing spaces (0.1537ms)
  ✔ Start treats bracketed log directories as literal paths (0.1801ms)
  ✔ Start treats bracketed working directories as literal paths (0.1778ms)
  ✔ failed-start rollback results preserve the original error and require both success signals (0.2003ms)
  ✔ Start preserves literal arguments, spaces, child-only environment and redacted evidence (0.2843ms)
  ✔ repeated role launches retain earlier logs and allocate unique stdout/stderr files (0.4266ms)
  ✔ extracted Launch preserves ownership on save failure (verified rollback) (0.2036ms)
  ✔ extracted Launch preserves ownership on save failure (unverified rollback) (0.1379ms)
  ✔ v2 state round-trips nested records and read preserves exact bytes (0.1709ms)
  ✔ corrupt, unsupported and differently scoped state is refused without deleting evidence (0.1341ms)
  ✔ state writes reject traversal, sibling-prefix paths and foreign workspace claims (0.1144ms)
  ✔ state writes reject reparse-point parent directories (0.0785ms)
  ✔ a failed atomic replacement preserves old bytes and removes its temporary file (1.0731ms)
  ✔ concurrent synthetic reader observes only complete atomic state generations (0.0968ms)
  ✔ legacy numeric state stays read-only and never authorizes stopping (0.1654ms)
  ✔ cleanup reaps only held synthetic handles and removes only its temporary tree (0.0884ms)
✔ local stack owned-process and state regression fixtures (11366.5315ms)
ℹ PowerShell 7.6.5; 14 synthetic processes reaped; no fixture tree remains
▶ local stack starter source guards
  ✔ starter has no unconditional stop invocation (0.1969ms)
  ✔ starter never passes a database URL as a command argument (0.116ms)
  ✔ starter forwards the native runner startup-recovery opt-out unchanged (0.0873ms)
  ✔ persisted runner IDs block automatic reenrollment even when offline (0.0806ms)
  ✔ Factory policy paths are canonicalized against the checkout before persistence and launch (0.0815ms)
  ✔ Factory saved connection is retained and passed only as an explicit native option (0.0774ms)
  ✔ live source-ref changes use exact comparison for old and current records (0.0761ms)
  ✔ starter never deletes enrollment or credentials without an explicit reset/rotation guard (0.0752ms)
  ✔ Compose operations are guarded by external-database selection (0.0729ms)
  ✔ stopper does not rediscover or terminate a descendant tree from saved PIDs (0.0735ms)
✔ local stack starter source guards (2686.3207ms)
✔ one checkout serializes commands while another checkout remains usable (7130.0267ms)
✔ explicit restart nesting and failed operations release their native lock (5837.208ms)
✔ an interrupted command does not leave a stale lock requiring manual cleanup (3213.1415ms)
✔ both supported entrypoints use the same operation boundary (20.1508ms)
✔ reported idle remains idle without a pending request (2.2371ms)
✔ reported starting remains starting without a pending request (0.1557ms)
✔ reported working remains working without a pending request (0.1079ms)
✔ reported blocked remains blocked without a pending request (0.1246ms)
✔ reported reviewing remains reviewing without a pending request (0.1541ms)
✔ reported offline remains offline without a pending request (0.1216ms)
✔ working station "read" projects reading (0.2141ms)
✔ working station "search" projects reading (0.1602ms)
✔ working station " READ " projects reading (0.2024ms)
✔ working station "Search" projects reading (0.2145ms)
✔ working station "test" projects working (0.1084ms)
✔ working station "build" projects working (0.1035ms)
✔ working station "review" projects working (0.0799ms)
✔ working station "research" projects working (0.0645ms)
✔ working station "bread" projects working (0.0599ms)
✔ working station "break" projects working (0.0779ms)
✔ working station "unknown-tool" projects working (0.0623ms)
✔ working station null projects working (0.0537ms)
✔ a stale station does not invent activity for a non-working agent (0.2759ms)
✔ a blocked agent needs an exact current-run approval match (0.1319ms)
✔ an exact current-run pending review is distinct from an action approval (0.1092ms)
✔ unrelated and prior-run pending requests cannot affect the current agent (0.1466ms)
✔ an approval stops affecting an agent as soon as its current run changes (0.1176ms)
✔ null and empty current-run IDs cannot acquire pending request state (0.1148ms)
✔ offline wins even when the recorded current run has both pending requests (0.106ms)
✔ exact action approval takes precedence over exact review (0.1012ms)
✔ explicit current-run requests do not depend on a blocked display status (0.1124ms)
✔ projection does not mutate agents or request sets or infer state from identity text (1.0396ms)
✔ all eight states have distinct labels and factual descriptions (0.4307ms)
✔ roster ordering is stable by ID without mutating the source array (0.4314ms)
✔ renaming or changing activity does not move an existing roster to different seats (0.5479ms)
✔ 0 agents occupy exactly 0 studios without stacked seats (0.3654ms)
✔ 1 agents occupy exactly 1 studios without stacked seats (0.4201ms)
✔ 5 agents occupy exactly 1 studios without stacked seats (0.2672ms)
✔ 6 agents occupy exactly 1 studios without stacked seats (0.3218ms)
✔ 7 agents occupy exactly 2 studios without stacked seats (0.2494ms)
✔ 11 agents occupy exactly 2 studios without stacked seats (0.1776ms)
✔ 12 agents occupy exactly 2 studios without stacked seats (0.143ms)
✔ 13 agents occupy exactly 3 studios without stacked seats (0.1186ms)
✔ 17 agents occupy exactly 3 studios without stacked seats (0.1641ms)
✔ 18 agents occupy exactly 3 studios without stacked seats (0.1488ms)
✔ 19 agents occupy exactly 4 studios without stacked seats (0.1006ms)
✔ snapshot input reordering preserves page and seat assignment for 18 agents (0.366ms)
✔ reordering across a partially filled page boundary preserves each agent seat (0.7856ms)
✔ studio dimensions and the six feet anchors match the renderer contract exactly (0.3401ms)
✔ desk access never wraps overflow or invalid indexes onto occupied seats (0.8123ms)
✔ all desk footprints stay above their chairs and never overlap another desk or decor (0.3016ms)
✔ desk 0 has one finite arrival route clear of every workstation (0.7133ms)
✔ desk 1 has one finite arrival route clear of every workstation (0.2136ms)
✔ desk 2 has one finite arrival route clear of every workstation (0.1564ms)
✔ desk 3 has one finite arrival route clear of every workstation (0.1288ms)
✔ desk 4 has one finite arrival route clear of every workstation (0.1293ms)
✔ desk 5 has one finite arrival route clear of every workstation (0.1094ms)
✔ route and desk results do not expose shared mutable layout state (0.1799ms)
✔ pending native review distinguishes invalid artifact paths from invalid artifact IDs (80.5087ms)
✔ pending native intent survives acceptance changes and reviewed adoption replays one exact revision (53.3469ms)
✔ pending intent cannot apply and generic native approval cannot authorize exact feedback (25.0789ms)
✔ reviewed feedback refuses adopter as reviewer before a revision (24.3322ms)
✔ reviewed feedback refuses producer as reviewer before a revision (22.3823ms)
✔ reviewed feedback refuses source requester as reviewer before a revision (22.9536ms)
✔ reviewed feedback refuses rejected decision before a revision (20.4209ms)
✔ reviewed feedback refuses future decision before a revision (23.4499ms)
✔ reviewed feedback refuses decision before intent before a revision (29.2385ms)
✔ reviewed feedback refuses wrong note digest before a revision (24.1821ms)
✔ reviewed feedback refuses extra note prose before a revision (22.4945ms)
✔ reviewed feedback refuses ordinary human gate before a revision (19.5128ms)
✔ reviewed feedback refuses requester exclusion disabled before a revision (17.6024ms)
✔ native approval cannot excuse changed target task (20.9451ms)
✔ native approval cannot excuse changed target version (21.9982ms)
✔ native approval cannot excuse changed source commit (21.6204ms)
✔ native approval cannot excuse changed artifact identity (24.4221ms)
✔ native approval cannot excuse changed corpus bytes digest (28.2037ms)
✔ native approval cannot excuse changed selected rule digest (22.3509ms)
✔ native approval cannot excuse changed selected guidance (21.8223ms)
✔ native approval cannot excuse changed adopter identity (23.8383ms)
✔ native approval cannot excuse changed replacement effect (28.5863ms)
✔ native approval cannot excuse changed unknown authority field (20.4527ms)
✔ persisted verifier policy and automated evidence drift invalidate the intent independently of acceptance (68.0695ms)
✔ missing or contradictory native rows and capture drift fail closed (23.3283ms)
✔ reviewed apply rechecks the actual decision and preserves ambiguous outcomes and idempotency (38.6331ms)
✔ reviewed apply rejects altered intent bytes and expired proposal without native effects (20.5004ms)
✔ a changed post-effect review remains uncertain and cannot assert a verified binding (24.8412ms)
✔ review intent time bounds are revalidated during accepted-source reconstruction (20.4452ms)
✔ CLI native-review preparation, exact intent selection and apply keep separate raw and canonical hashes (103.7877ms)
✔ prepare is read-only and exposes the exact reference-only change for review (21.0517ms)
✔ an unprefixed objective stays candidate because native composition would change it (17.3817ms)
✔ native normalization fixed points retain description and objective exactly (22.2706ms)
✔ public identifiers and digest selectors reject coercible arrays and objects before effects (14.5845ms)
✔ time, timeout and trusted routing fields require their declared primitive types (17.8455ms)
✔ apply performs one native revision, preserves authority and never launches (16.0765ms)
✔ typed native file selection pins outer provenance and exact decoded corpus while preserving raw compatibility (30.7863ms)
✔ native typed unknown schema field is refused even with matching outer artifact digest (12.7943ms)
✔ native typed missing native schema field is refused even with matching outer artifact digest (12.1586ms)
✔ native typed coercible version is refused even with matching outer artifact digest (12.1562ms)
✔ native typed unsupported archive form is refused even with matching outer artifact digest (11.8465ms)
✔ native typed wrong base is refused even with matching outer artifact digest (11.3516ms)
✔ native typed wrong verifier is refused even with matching outer artifact digest (12.1665ms)
✔ native typed wrong head is refused even with matching outer artifact digest (12.0551ms)
✔ native typed bundle payload is refused even with matching outer artifact digest (12.9869ms)
✔ native typed patch checksum is refused even with matching outer artifact digest (12.6914ms)
✔ native typed patch noncanonical base64 is refused even with matching outer artifact digest (11.97ms)
✔ native typed selected hash is refused even with matching outer artifact digest (20.1183ms)
✔ native typed selected byte count is refused even with matching outer artifact digest (26.4667ms)
✔ native typed selected file size bound is refused even with matching outer artifact digest (25.4139ms)
✔ native typed selected base64 is refused even with matching outer artifact digest (20.2761ms)
✔ native typed selected symlink is refused even with matching outer artifact digest (18.2378ms)
✔ native typed selected submodule is refused even with matching outer artifact digest (19.6585ms)
✔ native typed selected media is refused even with matching outer artifact digest (18.5243ms)
✔ native typed duplicate path is refused even with matching outer artifact digest (22.7523ms)
✔ native typed case alias is refused even with matching outer artifact digest (22.4252ms)
✔ native typed file directory conflict is refused even with matching outer artifact digest (22.7187ms)
✔ native typed traversal is refused even with matching outer artifact digest (20.7416ms)
✔ native typed absolute path is refused even with matching outer artifact digest (25.3786ms)
✔ native typed Windows stream is refused even with matching outer artifact digest (24.6846ms)
✔ native typed Windows device is refused even with matching outer artifact digest (24.2148ms)
✔ native typed trailing dot alias is refused even with matching outer artifact digest (22.2289ms)
✔ native typed coercible entry path is refused even with matching outer artifact digest (34.6519ms)
✔ native typed deleted selection is refused even with matching outer artifact digest (21.1458ms)
✔ typed path selection requires one exact safe file, source role and original outer bytes (24.472ms)
✔ typed decoded corpus cannot substitute a different well-hashed file or retarget a reviewed proposal (37.9818ms)
✔ typed base64 padding bits are canonical even when permissive decoding preserves the correct bytes (22.207ms)
✔ same byte-pinned proposal replays its native key without adding guidance or a second revision (27.2567ms)
✔ lost response stays unknown with no automatic retry; exact replay reconciles it (30.6169ms)
✔ an HTTP400 after persistence stays unknown and same-key replay confirms one revision (23.3238ms)
✔ live Corp drift refuses before a request (14.8434ms)
✔ live room drift refuses before a request (20.3931ms)
✔ live mission drift refuses before a request (16.1916ms)
✔ live task drift refuses before a request (15.7846ms)
✔ live run drift refuses before a request (22.3075ms)
✔ live actor drift refuses before a request (19.0386ms)
✔ live source commit drift refuses before a request (16.7142ms)
✔ live verifier digest drift refuses before a request (22.0382ms)
✔ live artifact digest drift refuses before a request (15.7304ms)
✔ an accepted receipt with incomplete bounded evidence remains candidate (17.2321ms)
✔ an observed manual gate must retain its native decision and decider (15.5571ms)
✔ missing native corpus evidence or mismatched actual bytes never borrows an unrelated accepted run (16.9202ms)
✔ typed envelopes, missing review bytes and requested independent review remain explicit candidates (18.1438ms)
✔ UTF-8 reference bounds do not silently truncate valid longer advisory guidance (13.1912ms)
✔ changed target ready status cannot be overwritten (19.5951ms)
✔ changed target existing run cannot be overwritten (17.4487ms)
✔ changed target contract version cannot be overwritten (28.0092ms)
✔ changed target budget cannot be overwritten (18.8242ms)
✔ changed target verifier cannot be overwritten (20.5553ms)
✔ changed target source cannot be overwritten (19.3168ms)
✔ changed target source connection cannot be overwritten (19.5599ms)
✔ changed target tools cannot be overwritten (17.547ms)
✔ changed target Corp cannot be overwritten (17.6211ms)
✔ changed target room cannot be overwritten (24.2865ms)
✔ changed target origin cannot be overwritten (18.6831ms)
✔ repinned unauthorized proposal changes cannot alter anything except selected references (28.8785ms)
✔ wrong proposal hash, edited corpus/review/receipt, future or expired proposal fails before POST (17.813ms)
✔ expired selected guidance is not rescued by the remaining proposal lifetime (20.225ms)
✔ expiry crossing during live prechecks is repeated immediately before mutation (16.2457ms)
✔ one total operation deadline cannot be renewed by a slow target precheck (239.6551ms)
✔ duplicate-key or reformatted proposal JSON cannot masquerade as the prepared byte representation (19.7446ms)
✔ source drift after successful mutation is accurately retained as applied (25.5933ms)
✔ source access loss after mutation is never mislabeled refusal-before-effects (30.6199ms)
✔ an HTTP error after a request is unknown without transaction-stage evidence and is not retried (23.3963ms)
✔ a contradictory successful response or changed native readback stays unknown (20.8473ms)
✔ exact native target projection refuses filtered context and preserves whole scope (16.8081ms)
✔ file input requires selected exact bytes and fails closed on an oversized or malformed input (42.0638ms)
✔ feedback file reads accumulate short native reads before validating bytes (8.8959ms)
✔ feedback file truncate during short reads fails without a hash pin (5.9629ms)
✔ feedback file grow during short reads fails without a hash pin (7.4667ms)
✔ CLI preparation writes new review artifacts and an existing apply receipt refuses before network or effects (83.5437ms)
✔ CLI exits nonzero for refused adoption while preserving its JSON receipt (255.0919ms)
✔ CLI typed prepare explicitly selects the native file and apply has no path override (69.6932ms)
✔ retained native candidate cannot become saved-task guidance or a native revision (26.8846ms)
✔ forged locally activated native evidence cannot become saved-task guidance or a native revision (22.7273ms)
✔ native evidence mixed into an activated typed artifact cannot become saved-task guidance or a native revision (20.4018ms)
✔ receipt whitelists metadata and distinguishes persisted acceptance from optional verifier digests (7.6383ms)
✔ native runner, model and ref metadata preserves valid punctuation, spaces, Unicode and UTF-8 limits (3.6103ms)
✔ native metadata keeps bounded invalid text and malformed source tuples out of receipts (17.4463ms)
✔ native source identity accepts uppercase hexadecimal commits and full bounded repository components (1.1712ms)
✔ published native refs and native MIME token punctuation are observed without a custom identifier alphabet (1.3063ms)
✔ historical evidence never borrows the current task verifier policy count (1.3069ms)
✔ conflicting or invalid run-bound check counts remain unknown (4.2284ms)
✔ missing and duplicate check indices cannot establish completeness; malformed indices fail (1.4713ms)
✔ receipt rejects mismatched run Corp (0.5818ms)
✔ receipt rejects mismatched task Corp (0.5482ms)
✔ receipt rejects mismatched mission Corp (0.3202ms)
✔ receipt rejects mismatched room Corp (0.176ms)
✔ receipt rejects mismatched exact actor (0.1682ms)
✔ receipt rejects mismatched exact room (0.1555ms)
✔ receipt rejects mismatched exact mission (0.157ms)
✔ receipt rejects mismatched evidence task (0.1948ms)
✔ receipt rejects mismatched event room (0.2459ms)
✔ receipt rejects mismatched partial source (0.1975ms)
✔ current-run rejects later same-task runs and tied times, retaining nanosecond ordering (1.4708ms)
✔ typed resume lineage requires same task and producer, and records unavailable ancestors honestly (2.0161ms)
✔ exact recovery count is run-bound; private policy and notes are omitted (0.6929ms)
✔ published-result binds its exact source artifact and hashes opaque source revisions (0.6832ms)
✔ published-result accepts an exact historical publication despite a later same-task run (0.9995ms)
✔ published-result refuses mismatched Factory mission (0.3054ms)
✔ published-result refuses mismatched deliverable task (0.2943ms)
✔ published-result refuses mismatched deliverable source base (0.2269ms)
✔ published-result refuses mismatched run deliverable digest (0.1782ms)
✔ published-result refuses mismatched publication run (0.1791ms)
✔ published-result refuses mismatched provenance mission (0.3669ms)
✔ published-result refuses mismatched provenance source issue (0.2014ms)
✔ published-result refuses mismatched provenance target (0.2445ms)
✔ published-result refuses mismatched recorded PR head (0.2118ms)
✔ published-result refuses mismatched recorded PR repository (0.2038ms)
✔ published-result refuses mismatched recorded PR provenance (0.2772ms)
✔ byte verification rejects tampering and each missing or conflicting native response boundary (1.1884ms)
✔ receipt validator rejects extra content, contradictory acceptance, and mixed origin/artifact roles (4.9266ms)
✔ fingerprint tolerates observation timestamps and detects selected source, contract and artifact drift (2.9318ms)
✔ compiled native MCP export performs two captures and downloads only selected-origin artifact IDs (216.7051ms)
✔ artifact retention selection is bounded before reading host configuration (0.9326ms)
✔ compiled native evidence retains only explicitly selected verified bytes and preserves public receipt schema (475.8489ms)
✔ compiled native evidence rejects an unowned artifact selection before any artifact download (98.0997ms)
✔ compiled native evidence never returns retained bytes from a tampered artifact or changed source (236.8679ms)
✔ compiled native exporter keeps opaque runner/model/ref metadata out of every request route (145.8108ms)
✔ compiled native export rejects state drift during its artifact read (142.8297ms)
✔ compiled native export rejects mismatched context before downloading artifacts (69.4586ms)
✔ compiled native export refuses artifact redirects without forwarding credentials (74.1424ms)
✔ compiled native export rejects oversized bodies and withholds HTTP error content (137.5325ms)
✔ compiled native export bounds a stalled exact-context body by its whole-operation timeout (1006.349ms)
✔ receipt CLI writes a create-only metadata file and a compact redacted summary (809.994ms)
✔ owned server requires matching executable, creation, endpoint, and workspace (2.5542ms)
✔ manual, remote, stale, or non-owned manifests never authorize restart (0.681ms)
✔ Windows retains legacy timestamp tolerance and case-insensitive paths (0.3168ms)
✔ legacy Windows identity callers remain supported without weakening explicit checks (1.426ms)
✔ Linux requires the exact boot/PID/start-tick, executable, cwd/root, and socket binding (2.9677ms)
✔ Linux rejects malformed, legacy-Windows, and changed receipts (0.5968ms)
✔ every existing manual port remains denied on Windows and Linux and all loopback hosts (0.9917ms)
✔ remote, credentialed, missing-port, and malformed-scope endpoints fail closed (0.6284ms)
✔ only a complete scoped JSON object is a process receipt (0.608ms)
✔ proc stat parses the final comm parenthesis and preserves 64-bit start ticks (0.999ms)
✔ proc stat rejects wrong PID, truncated fields, malformed state, and invalid ticks (0.3913ms)
✔ Linux listener proof intersects the exact port and LISTEN state with PID-owned inodes (1.1462ms)
✔ malformed or unavailable proc network input supplies no ownership authority (0.5737ms)
✔ artifact recovery overrides are child-only and match native numeric bounds (0.6924ms)
✔ probe requires explicit scope and forwards only its scoped credential environment (3.736ms)
✔ probe summary contains collection counts, never snapshot data or private paths (0.5469ms)
✔ probe permits HTTP only for normalized canonical loopback origins and requires HTTPS elsewhere (8.0187ms)
✔ recovery probe reports only native metadata and never infers missing capability or exposes policy (0.7845ms)
✔ recovery probe rejects malformed work-item IDs before spawning any gateway (0.7686ms)
✔ compiled recovery probe rejects impossible native numeric metadata and preserves exhausted authority (1051.8815ms)
✔ compiled recovery tool makes exactly the selected authorized GET in both modes (139.6467ms)
✔ compiled recovery probe selects one context without reading the broad snapshot or exposing private fields (72.5286ms)
✔ compiled recovery tool refuses malformed IDs, extra scope or effect arguments before HTTP (113.7945ms)
✔ compiled recovery tool rejects mismatched Corp or work-item responses (255.6302ms)
✔ compiled recovery probe preserves authorization and not-found failures without private diagnostics (196.7034ms)
✔ compiled recovery inspection never follows redirects in either gateway mode (146.9071ms)
✔ compiled recovery inspection caps HTTP bodies even in the legacy write-capable gateway mode (160.8325ms)
✔ compiled read-only MCP completes the real stdio handshake and makes only one scoped GET (77.1931ms)
✔ compiled MCP ignores notifications and denies mutating calls before HTTP while preserving the default catalog (129.9854ms)
✔ compiled MCP keeps malformed omitted-ID objects silent and effect-free (read-only) (68.0489ms)
✔ compiled MCP keeps malformed omitted-ID objects silent and effect-free (unrestricted) (57.5816ms)
✔ compiled probe withholds API error content and enforces its whole-probe timeout (1098.5748ms)
✔ compiled read-only inspection rejects redirects without contacting a second origin (145.8446ms)
✔ compiled read-only startup requires every routing variable before serving even initialization (233.3931ms)
✔ compiled read-only flag rejects command-line tokens (split option, CLI only) (58.6248ms)
✔ compiled read-only flag rejects command-line tokens (split option, CLI plus environment) (54.2889ms)
✔ compiled read-only flag rejects command-line tokens (equals option, CLI only) (59.1761ms)
✔ compiled read-only flag rejects command-line tokens (equals option, CLI plus environment) (51.264ms)
✔ compiled read-only flag accepts only the environment token and exposes the restricted catalog (59.6896ms)
✔ compiled read-only environment rejects command-line tokens (split option, CLI only) (66.5181ms)
✔ compiled read-only environment rejects command-line tokens (split option, CLI plus environment) (59.1645ms)
✔ compiled read-only environment rejects command-line tokens (equals option, CLI only) (60.2152ms)
✔ compiled read-only environment rejects command-line tokens (equals option, CLI plus environment) (54.3492ms)
✔ compiled read-only environment accepts only the environment token and exposes the restricted catalog (68.2105ms)
✔ compiled unrestricted MCP preserves legacy CLI token precedence (split option) (150.6134ms)
✔ compiled unrestricted MCP preserves legacy CLI token precedence (equals option) (137.3107ms)
✔ compiled native read-only HTTP body rejects oversized declared length before end (200) (75.202ms)
✔ compiled native read-only HTTP body rejects streamed overflow before end (200) (108.5795ms)
✔ compiled native read-only HTTP body rejects oversized declared length before end (403) (61.5506ms)
✔ compiled native read-only HTTP body rejects streamed overflow before end (403) (97.2407ms)
✔ compiled native HTTP body accepts the inclusive read-only limit and preserves unrestricted transport (719.4321ms)
✔ compiled native HTTP body preserves small successful and error response behavior (449.7329ms)
✔ withholds all six source ACKs for each of two native automatic attempts (3.3025ms)
✔ holds all quality ACK duplicates to the same 8-second deadline, preserving bytes (0.9789ms)
✔ gameplay and integration pass source ACKs unchanged (0.3329ms)
✔ native resume passes ACKs and does not consume a third automatic attempt (0.2164ms)
✔ non-source ACK, heartbeat, credential rotation, approval and lifecycle are opaque passthrough (0.3895ms)
✔ rejects foreign or unproven run, Corp and hash before fault decisions (0.9394ms)
✔ assignment rebinding cannot swap a different task, scope or command kind (0.6585ms)
✔ late-ACK release sends one exact original old-run frame once without retagging (1.3033ms)
✔ refuses manual-stack, wrong-repository and missing opt-in config (1.426ms)
▶ real loopback WebSocket wiring: native schema, ordered forwarding, reconnection and redaction
  ▶ isolated concurrent fixture 1
    ✔ synthetic endpoints require live ownership without relaxing config guards (10.3023ms)
    ✔ persisted owner/name schema binds and stop cannot overtake a pending assignment (62.6026ms)
    ✔ upload byte transparency, ACK withholding and metadata non-disclosure (52.4251ms)
    ✔ a stale snapshot/close callback cannot bind, send or close the replacement connection (151.2108ms)
  ✔ isolated concurrent fixture 1 (421.942ms)
  ▶ isolated concurrent fixture 2
    ✔ synthetic endpoints require live ownership without relaxing config guards (13.026ms)
    ✔ persisted owner/name schema binds and stop cannot overtake a pending assignment (62.2549ms)
    ✔ upload byte transparency, ACK withholding and metadata non-disclosure (52.9886ms)
    ✔ a stale snapshot/close callback cannot bind, send or close the replacement connection (151.5678ms)
  ✔ isolated concurrent fixture 2 (393.3011ms)
✔ real loopback WebSocket wiring: native schema, ordered forwarding, reconnection and redaction (422.6805ms)
✔ relocated doctor checks declared tools through native version commands without leaking ambient secrets or installing (1283.7805ms)
✔ wrong node version produces a failing CLI result (1120.9704ms)
✔ wrong pnpm version produces a failing CLI result (1563.7524ms)
✔ wrong rustc version produces a failing CLI result (1128.5777ms)
✔ wrong cargo version produces a failing CLI result (1115.8901ms)
✔ missing package manager fails without falling back to another host command (987.7436ms)
✔ failed component probes suppress raw stdout and stderr (1642.6812ms)
✔ unrecognized version output is rejected without echoing the command response (1106.2425ms)
✔ an unavailable pinned rustup toolchain fails instead of installing or selecting stable (1163.0849ms)
✔ already selected direct Rust binaries can be verified without rustup (1247.9606ms)
✔ invalid .node-version declaration fails before any command runs (version) (200.2614ms)
✔ invalid package.json declaration fails before any command runs (version) (211.3343ms)
✔ invalid rust-toolchain.toml declaration fails before any command runs (floating Rust) (189.8599ms)
✔ invalid rust-toolchain.toml declaration fails before any command runs (component) (164.526ms)
✔ unsupported CLI arguments fail before probing tools (167.3519ms)
ℹ tests 1297
ℹ suites 0
ℹ pass 1297
ℹ fail 0
ℹ cancelled 0
ℹ skipped 0
ℹ todo 0
ℹ duration_ms 223142.4192
