$ node --test --test-concurrency=2 --test-timeout=180000 "apps/web/src/**/*.test.mjs" "tools/*.test.mjs"
✔ editor preserves its accessible control names, preview hook, and all six check choices (55.6065ms)
✔ switching check types resets their incompatible fields and retains the rest of the policy (14.9252ms)
✔ every check-field callback retains the selected variant and unchanged checks (22.249ms)
✔ adding and removing checks preserves tab selection, including external policy shrink and the empty state (28.9887ms)
✔ the 16-check add button limit and oversized-policy feedback are retained (12.399ms)
✔ manual-gate transitions retain default role ordering, requester exclusion, and explicit removal (14.2432ms)
✔ preview keeps exact check order, manual-role labels, heading overrides, and requester-exclusion guidance (2.0687ms)
✔ Factory exact-run navigation replaces a remembered newer outcome before mission remount (8.9023ms)
✔ run navigation ignores the duplicate activity marker in a hidden Factory tab (23.8558ms)
✔ artifact navigation chooses its exact producer while mission-only navigation preserves the current choice (1.4727ms)
✔ unavailable run/task/mission cannot overwrite remembered evidence or open another run (3.1048ms)
✔ storage failure or obsolete viewer fails closed before navigation (3.4747ms)
✔ explicit navigation writes only the selected viewer scope and only the run identity (3.3637ms)
✔ reload keeps the decided run instead of the other pending review or a newer worker (2.7592ms)
✔ remembered evidence is scoped to the API server, Corp, actor and mission (0.5245ms)
✔ missing remembered work never silently substitutes another visible review (0.4093ms)
✔ unreadable or malformed stored context requires explicit selection, not the next review (0.554ms)
✔ a first visit is distinct from unreadable history; failed writes do not throw (0.4233ms)
✔ only the selected run ID is stored; reviews and authority never enter browser persistence (1.6005ms)
✔ MissionCard scopes remounts, pins initial evidence and fails closed when persistence fails (13.8166ms)
✔ issue210 only the explicit server flag adds correction to a native checkpoint (3.2518ms)
✔ issue210 verifier availability is independent of correction and missing availability preserves legacy behavior (1.8474ms)
✔ issue210 revision source is the exact server-selected verifier, with no cross-item fallback (0.9954ms)
✔ only native proof plus its cancellation marker exposes source-only checkpoint verification (0.4824ms)
✔ a running checkpoint needs no cancellation repair, and ordinary verification failure stays compatible (0.3852ms)
✔ missing/tampered source, checkpoint, head, active recovery or terminal outcome offers no new recovery (0.5614ms)
✔ context requests are not recovery grants and never depend on inferred mission spend/status (0.381ms)
✔ copied command binding retains the saved connection and never falls back on malformed metadata (0.425ms)
✔ actual presentation selects the endpoint source, not the newest visible run or mission cancellation (133.4611ms)
✔ issue210 presentation separates provider-free verification from a budgeted same-session fix (37.6505ms)
✔ issue210 source-only and unavailable checkpoint presentations never suggest generic recovery (47.4144ms)
✔ actual context loader is GET-only and admits the exact item/version/mission checkpoint (53.4191ms)
✔ actual context loader rejects stale/cross-scope and malformed flags without snapshot fallback (200.7942ms)
✔ issue210 actual loader accepts boolean correction flags and defaults missing legacy authority closed (51.7879ms)
✔ issue210 exact loader retains true, false and missing checkpoint availability without granting another mode (49.8015ms)
✔ actual UI action copies only explicit checkpoint verification with the original scope/connection (227.5152ms)
✔ issue210 actual correction action retains the original CLI route, source and connection (354.4998ms)
✔ issue210 actual card drops correction authority immediately when item, version or actor changes (406.1091ms)
✔ issue210 actual contract submission uses the scoped verifier, not its provider ancestor (62.1127ms)
✔ issue210 editor loading, errors, stale context and denied correction cannot fall back or submit (275.62ms)
✔ issue210 ordinary contract resume, redispatch and requester/role boundaries stay intact (115.8462ms)
✔ issue210 actual source-only context copies correction and revises the exact verifier; no-mode context does neither (275.0806ms)
✔ actual resume handler and rendered provider control respect native recovery blocking (12.2076ms)
✔ actual App Resume control survives an ineligible ordinary Factory recovery lookup and uses the native actor-bound POST (375.0192ms)
✔ issue221 explicit provider-correction permission permits null head without granting checkpoint or generic resume (1.5645ms)
✔ issue221 actual context reader retains null head/current provider proof and malformed heads remain non-actionable (462.0189ms)
✔ issue221 actual copy/revision actions use only source correction for the latest failed provider with null head (378.6936ms)
✔ wrong-first legacy Project 174 cannot displace the selected live lab controller (2.7339ms)
✔ every Project/repository/Corp component must match, even with an active-item pointer (0.5432ms)
✔ GitHub owner/repository case and surrounding whitespace normalize independently (0.319ms)
✔ missing/malformed scope is neutral rather than an empty-scope match (0.4135ms)
✔ the exact active item wins among live controllers in the same scope (0.365ms)
✔ a current live scope match wins over a stale offline active-item pointer (0.2907ms)
✔ with only offline matches, retain the exact item rather than crossing scope (0.2889ms)
✔ without an item, prefer useful live intake in the current Corp (0.4709ms)
✔ empty/no-match and unavailable explicit selections never borrow another controller (0.3481ms)
✔ heartbeat freshness and stable ID break ties without using array order or mutating inputs (1.7826ms)
✔ snapshot refresh and selected scope changes return the exact new ID/version object (0.3564ms)
✔ the actual FactoryPanel resolver feeds displayed state and both action callbacks (24.9361ms)
✔ the actual component guards controller actions, retains role gating and passes the same callback (15.0871ms)
✔ the actual API action handler targets the resolved controller ID and version for all actions (87.9655ms)
✔ the production handler preserves the existing ID-scoped idempotency/version on a lost response (31.0446ms)
✔ primary_rate_limit has a reader-facing reason and an automatic future retry (25.9281ms)
✔ secondary_rate_limit has a reader-facing reason and an automatic future retry (1.0728ms)
✔ graphql_quota has a reader-facing reason and an automatic future retry (0.8352ms)
✔ github_unavailable has a reader-facing reason and an automatic future retry (1.6433ms)
✔ quota, cost and timestamps come from the snapshot, not derived or default budgets (1.162ms)
✔ equivalent offset timestamps have the same local retry time and boundary (0.9922ms)
✔ at or after the retry deadline, waiting is not presented as a successful retry (1.5583ms)
✔ zero remaining, limit, query cost and failures remain real zeros (0.919ms)
✔ paused desired state wins without rewriting controller health or promising a retry (1.2252ms)
✔ offline health wins over polling metadata, including an elapsed retry (1.1466ms)
✔ paused and offline together retain both conditions and existing paused precedence (0.5991ms)
✔ absent legacy polling leaves the old strip intact and never fabricates a wait (0.228ms)
✔ missing or malformed backoff data is unavailable, never zero or an invented deadline (0.3643ms)
✔ invalid values are not coerced to numbers or dates and unknown reasons are not rendered raw (1.8947ms)
✔ partial quota data preserves observed zeros while missing fields remain unavailable (0.3715ms)
✔ healthy telemetry does not infer a backoff from a zero quota or failure count (0.4521ms)
✔ UI integration remains read-only, accessible, and uses existing controller controls (12.7514ms)
✔ line normalization preserves argument boundaries, literal punctuation, and duplicate values (2.5874ms)
✔ role entry supports commas and CRLF without silently deduplicating or authorizing roles (0.4932ms)
✔ mission projection retains exact task, runner and human control attribution (5.0074ms)
✔ foreign tasks and same-ID foreign-Corp runners cannot supply collaboration state (0.5196ms)
✔ offline retains work without advertising live control or termination (0.6884ms)
✔ connecting retains work without advertising live control or termination (0.462ms)
✔ a failed snapshot refresh retains exact work without advertising live controls (0.5071ms)
✔ invalid snapshot receipt NaN cannot advertise live controls (0.3199ms)
✔ invalid snapshot receipt Infinity cannot advertise live controls (0.2619ms)
✔ invalid snapshot receipt 0 cannot advertise live controls (0.2031ms)
✔ invalid snapshot receipt -1 cannot advertise live controls (0.275ms)
✔ expired/malformed lease 2026-09-16T11:59:00Z cannot claim a controller (0.4022ms)
✔ expired/malformed lease 2026-09-16T12:00:00Z cannot claim a controller (0.212ms)
✔ expired/malformed lease bad cannot claim a controller (0.2195ms)
✔ verifying has recorded evidence but no provider controls (0.9379ms)
✔ completed has recorded evidence but no provider controls (0.188ms)
✔ lost has recorded evidence but no provider controls (0.1945ms)
✔ cancelled has recorded evidence but no provider controls (0.1837ms)
✔ a provider-free run and a superseded agent assignment expose no live controls (1.0581ms)
✔ runner grace and offline remain distinct; neither supplies human presence (0.2552ms)
✔ review links bind exact run/task and explain role and requester exclusion (0.7293ms)
✔ missing and historical identities never become fabricated named owners or current controllers (0.2654ms)
✔ draft cache survives surface remounts but never crosses Corp/actor/room/mission (0.3945ms)
✔ actual component navigation only requests exact context; rendering sends no commands (12.8378ms)
✔ actual disconnected component retains readable evidence with an explicit warning (1.7769ms)
✔ actual failed-refresh component distinguishes stale data from a disconnected transport (1.5443ms)
✔ actual component rejects missing receipt freshness and restores controls after a successful refresh (6.1938ms)
✔ App preserves main snapshot metadata and exact-run navigation while passing numeric receipt freshness (8.2219ms)
✔ App embeds existing scoped discussion and pins evidence before exact-run navigation (2.8045ms)
✔ late completion notifies remounted composers without clearing a newer or same-text draft (0.6655ms)
✔ late operation acknowledgment cannot clear a replacement idempotency key (167.8168ms)
✔ actual App selection never substitutes another mission after the selected record disappears (102.6182ms)
✔ actual briefing navigation has a visible destination for legacy empty descriptions (71.789ms)
✔ verification checks do not change launch intent (1.8501ms)
✔ review navigation cannot turn its click into a form submission (0.3533ms)
✔ ordinary application setup cannot silently fall back to the fake runtime (0.6395ms)
✔ composer uses two clear steps and starts with an empty goal (0.347ms)
✔ advanced settings and detailed requirements are optional disclosures (0.9288ms)
✔ closing setup preserves the draft and returns to existing mission context (0.9886ms)
✔ explicit links to existing work reveal it without erasing an open draft (0.7851ms)
✔ native creation and explicit held-plan behavior remain unchanged (0.3749ms)
✔ review keeps the exact source and current server-derived allocation visible (0.5292ms)
✔ scope requires four explicit bounded identities and cannot mutate after submission (4.2619ms)
✔ current origin binds the exact view instance, not just equal IDs (0.5158ms)
✔ read issues exactly one encoded, uncached GET with cancellation and no body (12.8666ms)
✔ Direct accepts only exact returned linkage and drops unexpected hidden fields (1.1034ms)
✔ Factory retains only the validated work item, repository, issue number and exact URL (104.3026ms)
✔ all four response identities must echo the bound request exactly (8.8149ms)
✔ missing, malformed and older origin responses never become Direct (2.993ms)
✔ Factory fields are required and null or missing metadata is never partly accepted (3.7734ms)
✔ Factory rejects invalid work-item identities, repository paths and issue numbers (28.9785ms)
✔ only the raw HTTPS GitHub issue URL matching returned repository and number is accepted (5.1876ms)
✔ mixed-case owner/repository URLs match normalized identity and retain display case (1.5255ms)
✔ valid case-preserving repositories and positive safe issue numbers remain verbatim (0.5726ms)
✔ old endpoints, denied authorization and transport failures stay unavailable without raw errors (1.2369ms)
✔ a synchronous API failure is contained and clears the read timer (0.6919ms)
✔ timeout aborts an unsettled read and suppresses both late success and late failure (0.9082ms)
✔ a settled success or failure cannot be overwritten by an already queued timeout (0.6515ms)
✔ cancellation before the scheduled read prevents even the GET (0.8291ms)
✔ in-flight cancellation ignores transports that resolve or reject after abort (0.5628ms)
✔ component reads once for a valid view and renders truthful Direct copy in one styled paragraph (14.5174ms)
✔ component links only a fully validated Factory response, not extra returned fields (2.5438ms)
✔ all four operating roles may read; guests, spectators and unknown roles never request context (12.9968ms)
✔ invalid or absent scope props render the conservative fallback without requesting (14.9711ms)
✔ failed exact reads preserve #185 positive or unknown fallback without inventing links or hiding failure (10.092ms)
✔ a failed origin lookup can be retried explicitly without changing the work identities (4.0681ms)
✔ Corp, actor, room and mission changes hide old success and errors before effect cleanup (12.328ms)
✔ late success and errors from a replaced request cannot update the current component (11.4873ms)
✔ leaving and returning to identical IDs cannot revive an earlier success or failure (2.7397ms)
✔ same-ID reopened pending requests ignore the original response and error after current denial (2.8172ms)
✔ a guest transition revokes displayed source data and returning operators must read again (2.0261ms)
✔ operating-role and API changes also invalidate old privileged context (2.4953ms)
✔ unmount cancels the read and a fresh mount with identical IDs cannot inherit its outcome (2.8982ms)
✔ one builder preserves the complete current creation payload and retained settings (7.073ms)
✔ provider defaults, supported reasoning and commit-branch semantics match submission (0.4538ms)
✔ existing deterministic fixture semantics are not converted into provider settings (0.3528ms)
✔ scope freezes the exact serialized body and rejects an actor mismatch (0.9449ms)
✔ every request field, Corp and actor invalidate an earlier quote (1.5448ms)
✔ preview debounces, uses the exact creation body, and calls only the read-only preview POST (19.5849ms)
✔ an edit or closing the composer before debounce starts no request (0.6562ms)
✔ an invalidated request is aborted and cannot publish a late successful quote (2.0762ms)
✔ late errors after actor/Corp change or unmount cannot replace the new preview (1.5909ms)
✔ editing away and back still requires a fresh request, not a revived quote (1.168ms)
✔ allocations are displayed verbatim from the server, not a frontend Studio formula (1.024ms)
✔ missing or mismatched quote fields never become a current allocation (2.2197ms)
✔ an absent preview endpoint gives a useful failure state without inventing allocations (1.2301ms)
✔ preview response is bounded to eight tasks without reallocating server budgets (1.1505ms)
✔ unknown, self, duplicate and oversized dependency references remain unknown allocations (1.2657ms)
✔ retry clears an old failure immediately and can accept a fresh quote (2.3523ms)
✔ timeout clears the quote, aborts the request and ignores a late response (1.1496ms)
✔ App shares the request body, invalidates keyed preview instances and retains native Launch (7.9719ms)
✔ mission selection and Discuss use the authoritative non-first owning room (1.9901ms)
✔ mission, task, run and artifact deep links resolve to the same owning room (0.4354ms)
✔ an explicit room deep link and all-discussion view stay in that room (0.2732ms)
✔ stale, missing and older mission/room projections never fall back to the first room (1.8129ms)
✔ related work is limited to the selected room and mission, not a fixed item count (2.1634ms)
✔ messages are room-filtered before mission links and out-of-order reply ancestry (0.9814ms)
✔ valid room, mission and inherited reply submissions retain the same scope (0.8812ms)
✔ stale actor, Corp, room and mission scopes cannot submit or complete a newer draft (0.5258ms)
✔ a disappearing mission or owning room fences previously valid submissions (0.5047ms)
✔ foreign, missing or stale links and replies cannot silently become general comments (0.7937ms)
✔ guest-shaped and missing Factory projections do not establish Direct origin (0.7644ms)
✔ a mission older than the 500-item Factory window remains origin-unknown (0.4723ms)
✔ a positively matched visible Factory item retains its issue attribution (0.5313ms)
✔ known publication/recovery linkage is generic when intake details are unavailable (0.9763ms)
✔ projection helpers preserve the authoritative input and do not retain hidden origin data (0.7526ms)
✔ the UI uses the tested projection and submission helpers on both discussion entry paths (29.1885ms)
✔ scope requires every explicit identity and repository and freezes the view generation (5.3473ms)
✔ the exact scope object, not equal IDs or a prior A -> B -> A view, selects the load (0.8113ms)
✔ one encoded GET is uncached, abortable and body/header/credential free (11.842ms)
✔ published DTO retains only bound result metadata and leaves raw input untouched (2.5049ms)
✔ only explicit null publication in a correctly scoped response is known absence (4.0951ms)
✔ item and publication scope mismatches never expose links or known absence (10.6228ms)
✔ publication source issue matches the work item without equating authorizer, revisions or checkpoint generations (1.9545ms)
✔ publication and artifact identity tuples plus full digests must all match (4.4666ms)
✔ missing, duplicate and unrelated-first deliverables cannot substitute a result (1.3883ms)
✔ native provenance identity, source/target branches and digests are checked without retaining authority (7.9318ms)
✔ raw GitHub PR URLs allow native slash suffixes but retain exact repository and number checks (6.5586ms)
✔ owner/repository display case is preserved while full hex values compare by bytes (0.8545ms)
✔ PR state, exact head, owner, recorded metadata and phase cannot contradict each other (3.1988ms)
✔ download metadata rejects controls, external/native paths, malformed hashes and invalid sizes (16.3061ms)
✔ pending, PR-created, published and failed publication are distinct without claiming a live app (4.19ms)
✔ only a different valid pinned run is a mismatch; same-run contradictions stay unavailable (1.6463ms)
✔ loading, denied and stale contexts cannot become a result or known absence (1.0002ms)
✔ denials, missing endpoints and sync/async transport failures stay unavailable without raw errors (2.1197ms)
✔ timeout aborts and suppresses late successes and failures without retries (1.392ms)
✔ queued timeout callbacks cannot overwrite a settled success, absence or denial (0.908ms)
✔ cancellation before start issues no GET; in-flight cancellation publishes no late data (1.2987ms)
✔ new same-ID generation remains unavailable after denial despite a prior response completing later (0.8527ms)
✔ fresh human-only bootstrap can select a runner runtime before any crew exists (3.8459ms)
✔ retired and legacy identities neither enable nor suppress advertised runtimes (0.5043ms)
✔ studio requires the exact selected source on a connected runner, not another repository (0.583ms)
✔ source repository and commit matching are case-insensitive but ref matching is exact (0.3738ms)
✔ unavailable runtimes and non-runtime capabilities are not mission options (1.6742ms)
✔ catalog merging prefers an enabled model without changing the source snapshot (0.8291ms)
✔ unscoped status and crew include ready connection-bound runtimes, but dispatch keeps its exact binding (1.4253ms)
✔ studio always selects Copilot even when another runtime was requested (0.302ms)
✔ studio does not fall back to another provider or an unavailable Copilot runtime (0.5842ms)
✔ solo selection and deterministic fixtures retain their runtime contracts (0.5656ms)
✔ a disappearing explicit runtime cannot silently switch provider with stale model settings (0.2628ms)
✔ studio uses enabled Copilot model settings or an explicit provider default (0.4794ms)
✔ fixtures ignore hidden provider model settings (0.1902ms)
✔ normal UI bootstrap opts out of seeded crew without changing fixture tooling (24.7575ms)
✔ runtime character descriptors match the shipped manifest, PNG dimensions, and original file bytes (93.1652ms)
✔ named characters and stable worker identities retain their appearance across reordered snapshots (1.3508ms)
✔ numeric roster positions wrap without producing missing characters, and invalid numbers use the default (0.4926ms)
✔ walking uses the original three poses in a 0,1,2,1 cycle at the 150ms boundaries (0.9166ms)
✔ idle, typing, reading and facing use the actual source-sheet rows and columns (0.5895ms)
✔ invalid or negative animation time selects the first pose without invalid source coordinates (0.3962ms)
✔ every animation and direction remains inside a real sheet after long-running animation (0.7758ms)
✔ default floor distinguishes connected workers from offline and test registrations (3.2098ms)
✔ omitted and null retirement fields keep legacy and mission identities available (0.3292ms)
✔ every non-null retirement excludes an identity regardless of pin, date, or reported work (0.3949ms)
✔ retired identity remains resolvable in the unmodified historical snapshot (0.2963ms)
✔ retiring the selected agent falls back to current crew, including the empty-roster case (0.3506ms)
✔ pagination filters retirement before assigning seats without mutating order (0.6907ms)
✔ idle does not become working or reviewing from a stale station or pending run request (0.3755ms)
✔ working and blocked status still derive from exact server state and current-run requests (0.3219ms)
✔ #154: a selected worker on a later studio is located on initial mount and selection changes (1.1493ms)
✔ #154: studio lookup follows retirement repagination, not stale seat indexes (0.8123ms)
✔ #154: manual paging survives snapshots, but another selected agent resets page and zoom (1.4942ms)
✔ #154: retirement moving the selected agent to a different page resets the camera (1.7414ms)
✔ #154: mounting or remounting the same starting run never fabricates an arrival (0.2976ms)
✔ #154: only an observed new active run can animate once, and reduced motion wins (0.8446ms)
✔ #154: blocked work takes recovery priority over both idle and ordinary active work (0.6609ms)
✔ #154: exact approvals keep priority, and only an unblocked empty floor offers new work (0.313ms)
✔ history inspectors retain the full snapshot while the floor uses current identities (21.8441ms)
✔ Factory activity prioritizes the exact outcome review, then tool approval, before newer work (3.6738ms)
✔ selection ignores terminal, denied and foreign tool approvals without inventing a run (0.3855ms)
✔ terminal runs cannot become reviewable or active from dangling pending decision records (34.7972ms)
✔ live task, agent, control, timestamps and safe activity come from one scope without mutation (1.4719ms)
✔ a stale Running intake never claims that a cancelled provider is active (1.548ms)
✔ pending exact-run outcome review is distinct from an active provider and completion (1.1212ms)
✔ tool authority and unavailable decision context do not become outcome approval (2.4543ms)
✔ a completed run is not automatically a completed mission or published application (0.9881ms)
✔ retained data cannot claim current execution: {"connection":"offline"} (1.0976ms)
✔ retained data cannot claim current execution: {"connection":"connecting"} (1.1423ms)
✔ retained data cannot claim current execution: {"snapshotFailed":true} (0.7596ms)
✔ retained data cannot claim current execution: {"snapshotReceivedAt":null} (0.5236ms)
✔ grace, offline and wrong-Corp runner records cannot establish provider liveness (1.5764ms)
✔ runner loss and uncertain teardown remain unknown until a positive termination receipt (2.0785ms)
✔ verifier-only runs never appear as a running model (1.0464ms)
✔ quarantine and protected stops stay prominent even with stale transport (2.2147ms)
✔ failed verification, cancelled work and unknown execution modes remain explicit (1.4384ms)
✔ missing, duplicate or foreign task context cannot fall back to another run (0.9259ms)
✔ activity is scoped, deduplicated, ordered, bounded and never reveals raw payloads (2.8518ms)
✔ missing start, invalid clocks and backwards timestamps do not invent a duration (1.1679ms)
✔ expired leases and foreign attribution do not display an active controller (1.3499ms)
✔ actual React detail component reuses current classes, native disclosure and escaped text (17.7298ms)
✔ the Factory integration uses the existing exact-run selector, scoped snapshot and old callbacks (3.0862ms)
✔ a burst of 1000 streamed events schedules one snapshot instead of 1000 requests (2.3727ms)
✔ events arriving during a request produce exactly one trailing snapshot (5.669ms)
✔ the final event during the trailing request is not dropped (1.3632ms)
✔ disposing before a scheduled refresh prevents any fetch (0.4926ms)
✔ disposing an actor/Corp scope aborts its request and drops trailing work (2.602ms)
✔ refresh failures are handled and a later event can still refresh (1.2737ms)
✔ a disposed scope does not report an obsolete aborted read as a new UI error (1.0276ms)
✔ websocket events use the coalescer and cleanup cancels its read scope (6.0896ms)
✔ initial connection is bounded, cancellable and offers retry rather than mission restart (5.7574ms)
✔ actual App presence polling only runs for open connection-dependent views, without reconnecting the event socket (254.5169ms)
✔ artifact defaults retain the current wire shape and do not share mutable values (3.3573ms)
✔ file defaults retain the current wire shape and do not share mutable values (0.2885ms)
✔ command defaults retain the current wire shape and do not share mutable values (0.3579ms)
✔ test defaults retain the current wire shape and do not share mutable values (0.2989ms)
✔ json_schema defaults retain the current wire shape and do not share mutable values (0.3601ms)
✔ screenshot defaults retain the current wire shape and do not share mutable values (1.614ms)
✔ check summaries preserve paths, argument boundaries, byte floors, JSON keys, and rounded timeouts (27.3495ms)
✔ array summaries distinguish item boundaries and preserve exact argument and key values (0.8827ms)
✔ byte-counted summaries use singular byte only for the one-byte floor (0.3798ms)
✔ empty and oversized policies remain invalid, with the 16-check boundary accepted (0.7231ms)
✔ invalid byte floor 0 is reported for every byte-counted check (0.4297ms)
✔ invalid byte floor -1 is reported for every byte-counted check (0.2249ms)
✔ invalid byte floor NaN is reported for every byte-counted check (0.14ms)
✔ invalid byte floor Infinity is reported for every byte-counted check (0.1272ms)
✔ validation preserves check order and reports missing paths, programs, timeout bounds, and JSON keys (0.4563ms)
✔ manual gates require allowed roles without changing requester-exclusion semantics (0.3969ms)
✔ preserves the existing advisory-validator scope; server schema/path authorization remains authoritative (1.044ms)
✔ check transformations create new drafts while retaining unchanged evidence checks and gate identity (0.5866ms)
✔ gate transitions preserve checks and retain current deliberate resets even when reselecting a gate type (0.2793ms)
✔ verification labels retain their current wording and fallback formatting (0.2785ms)
✔ WorkResultCard exposes its status and supplied content with metadata collapsed by default (21.6263ms)
✔ ready PR retains its exact URL and only an explicit download invokes the matching callback (20.5271ms)
✔ loading, unavailable and no-publication states do not fabricate a PR or perform actions (7.369ms)
✔ a historical review mismatch changes selection only through explicit Go to delivered result (4.6621ms)
✔ an unavailable delivered-run target preserves the historical selection and only offers refresh (274.6489ms)
✔ a failed publication with a recorded PR remains inspectable without being labeled Published (10.5266ms)
✔ Published is not merged or deployed and its collapsed details never invent a running preview (8.6385ms)
✔ expired artifact retention does not hide an existing PR or replace server download validation (15.8375ms)
✔ actual hook hides prior result before cleanup and aborts on each exact scope change (50.8148ms)
✔ actual hook fences late success and failure before cleanup and after replacement (18.0509ms)
✔ actual hook close and reopen with identical IDs cannot revive old ready or pending data (21.6043ms)
✔ actual hook treats positive revision as one refresh hint and never retries failure on render (51.8353ms)
✔ actual App origin-unavailable branch offers manual Refresh work context with no PR CTA (13.0725ms)
✔ actual App first-hop retry exposes the authorized result without moving pinned evidence (25.8426ms)
✔ actual App fallback reports unavailable review details for an unresolved run or request (15.6947ms)
✔ actual work pickers retain a deep-linked historical mission outside the recent eight (98.6513ms)
✔ actual work pickers do not duplicate a recent selection or invent an absent mission (76.2471ms)
✔ related work includes the third mission, task, run and artifact (2.805ms)
✔ work links name the actual work rather than presenting only opaque IDs (0.2787ms)
✔ related options deduplicate repeated snapshot references (0.3034ms)
✔ mission discussion retains nested replies, including out-of-order snapshots (3.4422ms)
✔ task, run and artifact comments inherit the owning mission only (0.5471ms)
✔ unlinked cycles and missing ancestors cannot manufacture mission context (0.3832ms)
✔ context helpers leave authoritative messages and work objects unchanged (0.3724ms)
✔ work selection follows the owning authorized mission and rejects unknown links (0.4728ms)
✔ human review and automated verification are not advertised as live model sessions (0.7711ms)
✔ enterprise task labels explain the legacy studio lane keys (0.4786ms)
✔ review eligibility explains requester exclusion without bypassing the policy (0.7962ms)
✔ a pending evidence review selects its run rather than a newer active worker (1.1232ms)
✔ a tool-approval wait cannot hide a different pending evidence review (0.2459ms)
✔ review selection rejects mismatched tasks, terminal runs and non-pending requests (0.2654ms)
✔ explicit evidence selection stays bound to that run and cannot inherit another review (0.257ms)
✔ unselected evidence follows remaining reviews and retains snapshot order without mutation (0.2663ms)
✔ a decided run remains selected until the operator deliberately chooses the next review (0.2576ms)
✔ mission UI binds evidence and decisions and pins the target before submitting (17.4156ms)
✔ runner revision is stable for reordered equivalent records without sorting the input (5.0352ms)
✔ runner revision ignores heartbeat, display and capability churn (0.4064ms)
✔ runner revision changes only when lifecycle identity or presence records change (0.4163ms)
✔ offline presence requests revalidation without rewriting endpoint readiness (0.43ms)
✔ reconnect mismatch remains a hint until the endpoint itself returns ready presence (0.462ms)
✔ unknown presence is false and same-ID foreign runners cannot supply presence (1.5165ms)
✔ presence hints never promote or erase native sign-in and installation states (1.0315ms)
✔ revision and presence helpers leave source, models, identity and selection immutable (0.983ms)
✔ saved choice and source remain present while its machine is offline (0.3565ms)
✔ ready metadata alone cannot borrow another connection or source for dispatch (0.6646ms)
✔ connection UI identity is scoped to actor and room (0.3291ms)
✔ native sign-in instructions cannot navigate to another host or credential-bearing URL (0.4345ms)
✔ native GIT_TRACE isolation protects source bytes and candidate tree (5163.7396ms)
✔ native GIT_TRACE_PERFORMANCE isolation protects source bytes and candidate tree (5907.4229ms)
✔ native GIT_TRACE_SETUP isolation protects source bytes and candidate tree (4171.2047ms)
✔ native GIT_TRACE2 isolation protects source bytes and candidate tree (4266.3902ms)
✔ native GIT_TRACE2_EVENT isolation protects source bytes and candidate tree (7122.1212ms)
✔ native GIT_TRACE2_PERF isolation protects source bytes and candidate tree (3959.6906ms)
✔ native source-selection recipe is pinned; drift requires an explicit parity review (0.5287ms)
✔ RED untracked whitespace escapes old diff, fails new command; GREEN clean file passes (8226.4099ms)
✔ checks tracked bytes that are present in the worktree (6903.3054ms)
✔ checks staged modification bytes that are present in the worktree (5936.4169ms)
✔ checks staged addition bytes that are present in the worktree (5885.7675ms)
✔ staged-only bad bytes are not exported when the worktree has clean replacement bytes (7757.3293ms)
✔ clean staged bytes cannot hide bad worktree bytes or revive staged-only deleted additions (6184.6593ms)
✔ assigned base, not current HEAD, determines committed changes, deletions and renamed source (8639.6974ms)
✔ conflicted real index is untouched; physical resolution is checked just like native export (10666.5898ms)
✔ literal selection, spaces, leading dash, Unicode and brackets do not become Git pathspecs (7355.8356ms)
✔ selected absent, explicitly ignored and magic/escaping paths fail rather than widen selection (12286.4829ms)
✔ ignored evidence and runner-internal files are absent; provider artifacts reset to base, not deletion (7931.8467ms)
✔ ignored files tracked by the seeded base remain selected; later ignored additions do not (8682.3669ms)
✔ CRLF conversion and attributes use Git blob bytes without rewriting source or index (6962.5686ms)
✔ Windows verified-head seeding retains modes and resets every unselected committed path (5971.8915ms)
✔ binary blobs use native Git diff behavior, not an independent text scanner (4295.127ms)
✔ a missing real index is neither read nor recreated (3912.8418ms)
✔ linked worktree Git control files and real index are not modified (5189.6631ms)
✔ invalid base, routing override, nested root and in-worktree scratch fail closed (10755.7459ms)
✔ an inherited alternate index is not used or changed (2643.0462ms)
✔ whole-check timeout is a command error, never whitespace success (2880.3242ms)
✔ spawn, buffer, signal and Git failures cannot masquerade as whitespace results (12532.7844ms)
✔ unexpected scratch contents cause visible cleanup failure and are preserved (1911.2594ms)
✔ CLI rejects unknown, missing and unbounded arguments with exit 2 (8777.9785ms)
✔ F01 CLI reports unavailable revision without exposing arguments (3048.1561ms)
✔ F01 CLI reports missing literal selection without exposing arguments (3639.2181ms)
✔ F01 CLI reports ignored literal selection without exposing arguments (3499.515ms)
✔ F01 CLI retains safe native timeout classification (3827.958ms)
✔ F01 CLI retains safe native output overflow classification (3893.9979ms)
✔ F01 CLI retains safe native spawn failure classification (4263.6237ms)
✔ F01 CLI retains safe signal classification (3603.1973ms)
✔ F01 CLI retains safe unrecognized filter failure classification (4122.1353ms)
✔ F01 CLI retains safe unknown child fields classification (3718.85ms)
✔ F01 CLI retains safe timeout with whitespace-like output classification (4648.3937ms)
✔ F01 CLI retains safe overflow with whitespace-like output classification (3724.4591ms)
✔ F01 CLI separates cleanup failure from original failure (3127.7279ms)
✔ F01 CLI separates cleanup failure after successful check (3908.5491ms)
✔ F01 CLI suppresses unsafe parser/filesystem text and retains safe input guidance (5608.4993ms)
✔ F01 CLI correlates retained owned directories without revealing their sensitive root (4597.323ms)
✔ F01 CLI recognizes a native required clean-filter failure, not a missing path (4927.0857ms)
✔ F02 native filter repeated delimiters (24000) cannot stall receipt or cleanup (5335.4249ms)
✔ F02 native filter repeated delimiters (349354) cannot stall receipt or cleanup (6478.1086ms)
✔ F02 final-line recognition handles hostile near-limit shapes without trusting their text (16679.594ms)
✔ accepts matching current contracts, aliases, CRLF and historical prose outside markers (95.6214ms)
✔ rejects added source validation command and reports expected and actual (71.7851ms)
✔ rejects removed source validation command and reports expected and actual (60.1107ms)
✔ rejects reordered source validation command and reports expected and actual (64.4995ms)
✔ rejects changed documented commands; correcting the documented sequence restores passing (111.3008ms)
✔ accepts quoted literal Node globs through aliases while preserving quoted versus shell-expanded arguments (87.558ms)
✔ rejects a source SDK bump until both current compatibility docs are updated (88.641ms)
✔ rejects a source CLI bump until both current compatibility docs are updated (77.583ms)
✔ rejects missing opening marker instead of silently dropping a required documentation contract (91.4974ms)
✔ rejects missing closing marker instead of silently dropping a required documentation contract (86.2502ms)
✔ rejects duplicate block instead of silently dropping a required documentation contract (73.3448ms)
✔ rejects reversed markers instead of silently dropping a required documentation contract (73.6181ms)
✔ rejects inline marker instead of silently dropping a required documentation contract (62.419ms)
✔ requires every current runtime contract and a single SDK and CLI claim inside each (318.0002ms)
✔ rejects missing root alias in the authoritative command sequence (48.5475ms)
✔ rejects cyclic root aliases in the authoritative command sequence (62.2142ms)
✔ rejects shell pipeline in the authoritative command sequence (43.1187ms)
✔ rejects quoted shell expansion in the authoritative command sequence (45.3446ms)
✔ rejects empty command in the authoritative command sequence (43.3989ms)
✔ rejects unsupported alias arguments in the authoritative command sequence (60.2841ms)
✔ rejects unknown documented aliases and malformed command fences (48.5118ms)
✔ reports missing required documents and an invalid source manifest without silently skipping them (93.2413ms)
✔ fails closed for unconstrained SDK dependency (59.7884ms)
✔ fails closed for SDK pin in wrong table (66.953ms)
✔ fails closed for duplicate SDK declaration (405.7138ms)
✔ fails closed for missing named runtime constant (337.0319ms)
✔ fails closed for duplicate runtime constant (340.4512ms)
✔ relocated CLI resolves its own repository, executes no documented command, and exits nonzero for drift (590.7363ms)
✔ checkpoint fixture produces a complete, independently tested local application (455.5228ms)
✔ read-only executable hashing accepts Cargo/Git hardlinks without relaxing source isolation (29.0871ms)
✔ exact terminal metadata produces actionable failure and missing-evidence findings using GET only (32.4625ms)
✔ listed artifact is run-scoped metadata and never establishes content or attempt verification (6.1537ms)
✔ refuses active parent (2.3584ms)
✔ refuses wrong repository (0.6111ms)
✔ refuses foreign head repository (0.5893ms)
✔ refuses different workflow (0.677ms)
✔ refuses different head (0.5214ms)
✔ refuses different attempt (0.5125ms)
✔ refuses job from other attempt (1.2534ms)
✔ refuses job from other head (1.1305ms)
✔ refuses duplicate job (0.9298ms)
✔ refuses unfinished job (0.7749ms)
✔ refuses foreign artifact (0.9855ms)
✔ refuses excess artifacts (2.128ms)
✔ complete bounded job pagination is required and supported (16.2583ms)
✔ pagination total drift and final run drift refuse a completed observation (2.198ms)
✔ expired artifacts and unexplained parent failure remain reviewable rather than passing (1.638ms)
✔ same-source replay is a no-op; changed facts retain revisions and mark no-longer-observed findings (5.6876ms)
✔ previous hash tampering refuses before network reads (0.5413ms)
✔ forged previous findings fail integrity or semantic reconstruction; source changes require a new scope (5.353ms)
✔ newer prior observations and attempts do not flow backward (6.1035ms)
✔ secret-bearing fields and supplied links never enter a receipt or executable Markdown (2.635ms)
✔ native read budget rejects alternate endpoints, oversized metadata and late responses (3.1024ms)
✔ omitting all required jobs cannot turn one replacement success job into a complete maintenance result (1.7397ms)
✔ required skipped job needs review even when an earlier run artifact is listed (1.8824ms)
✔ required neutral job needs review even when an earlier run artifact is listed (1.0434ms)
✔ failed GETs consume the finite shared admission budget without retries (1.3615ms)
✔ CLI writes new bounded files and refuses output reuse; failures retain no raw API error (83.9221ms)
✔ hosted context binds default observer branch, event and exact parent; local mode makes no hosted claim (50.6869ms)
✔ CLI accepts only bounded exact selection and a complete prior pin (0.7564ms)
✔ CI workflow: exact Windows runner failure produces a scoped read-only handoff (2.0065ms)
✔ CI workflow: complete successful jobs need only their own declared report artifacts (1.3915ms)
✔ CI workflow: required artifact-free jobs remain required and must execute (1.1911ms)
✔ Repository checks retains its published contract and previous-receipt no-op semantics (2.3309ms)
✔ CI completeness refuses skipped artifact-free required jobs (1.1917ms)
✔ CI completeness refuses neutral artifact-free required jobs (1.7687ms)
✔ CI completeness rejects replacement jobs and requires only CI report metadata (2.8409ms)
✔ CI observation is not a parent-pass claim and does not inspect diagnostic artifacts (2.2822ms)
✔ workflow profiles cannot reuse each other's receipts even at the same source (5.7787ms)
✔ CI identity refuses unknown workflow path (1.0803ms)
✔ CI identity refuses workflow-ID substitution (0.9263ms)
✔ CI identity refuses workflow-name substitution (0.4056ms)
✔ CI identity refuses workflow-path substitution (0.4372ms)
✔ CI identity refuses foreign repository (0.3927ms)
✔ CI identity refuses fork head repository (0.3856ms)
✔ CI identity refuses wrong source head (1.2985ms)
✔ CI identity refuses wrong attempt (0.2742ms)
✔ CI identity refuses active CI parent (0.2643ms)
✔ reader allowlist admits exactly the two workflow metadata routes (0.4364ms)
✔ hosted CI event binds workflow identity to the selected native parent (74.4375ms)
✔ workflow trigger keeps trusted observer checkout and read-only scopes for both producers (5.0266ms)
✔ consumer rereads native state using trusted routing and tolerates only observation timing changes (10.5046ms)
✔ consumer refuses task contract revision drift in a fresh observation (2.513ms)
✔ consumer refuses source base commit drift in a fresh observation (1.1679ms)
✔ consumer refuses verifier digest drift in a fresh observation (1.1573ms)
✔ consumer refuses another actor scope drift in a fresh observation (1.9335ms)
✔ explicit run and mode selections fail before contacting a server (0.9105ms)
✔ denied or unavailable current data does not fall back to a previously passing receipt (0.5993ms)
✔ a matching failed native outcome cannot be consumed as accepted completion (0.8175ms)
✔ file consumption requires the exact expected byte hash and a bounded valid receipt (77.2674ms)
✔ receipt file reads accumulate short native reads before validating bytes (34.6181ms)
✔ receipt file truncate during short reads fails before parsing (28.0149ms)
✔ receipt file grow during short reads fails before parsing (22.9768ms)
✔ framed stat metadata survives arbitrary chunk boundaries without payload disclosure (4.1109ms)
✔ unrelated RPCs and read-file contents are not recorded (8.3921ms)
✔ a response ID type change is visible without recording identifier values (2.4167ms)
✔ oversized frames are skipped without parsing nested payload text as requests (0.8877ms)
✔ optional wire observation forwards exact bytes and drains the child (597.0119ms)
✔ a matching request needs a durable rejection and settled run (3.0357ms)
✔ terminal provider without permission is inconclusive, never a pass (1.7741ms)
✔ a rejected but unrelated permission does not satisfy the requested boundary (0.3342ms)
✔ approval acceptance, expiry or missing persisted decision cannot pass (0.5715ms)
✔ a decision or final run from another identity is rejected (0.3365ms)
✔ a provider that has not settled cannot pass the boundary (0.2789ms)
✔ all independent boundary results are required for complete coverage (1.5483ms)
✔ later passing cases remain visible after an earlier inconclusive case (0.3496ms)
✔ duplicate, unknown and malformed results cannot manufacture complete coverage (2.4729ms)
✔ accepts an exact seed and credential-free children of the owned runner (4.3831ms)
✔ a marker elsewhere or an arbitrary GITHUB_TOKEN is not a proven seed (1.737ms)
✔ absent, ambiguous or foreign runner seed records cannot establish the precondition (1.0732ms)
✔ runner seed booleans must be explicit, not truthy or absent (1.94ms)
✔ missing spawn and undefined parent IDs cannot accidentally correlate (0.6281ms)
✔ runner spawn must be unique, current and tied to the owned observer (1.0141ms)
✔ a seed observed only after runner spawn cannot prove the launch precondition (0.4326ms)
✔ missing or foreign provider observations cannot satisfy the required count (1.7363ms)
✔ a wrong-parent provider is rejected rather than silently filtered out (0.4973ms)
✔ provider identity and absence booleans must be explicit and valid (1.2407ms)
✔ missing ownership and zero or malformed minimums never allow a vacuous pass (0.8093ms)
✔ actual successful relative, absolute and round-trip view results are required (2.5102ms)
✔ provider self-report and final file existence are not native-read evidence (1.3798ms)
✔ a missing absolute read or readback cannot pass (1.4108ms)
✔ missing-file errors and successful-but-wrong content remain failures (0.6683ms)
✔ wrong-session or conflicting tool results cannot manufacture evidence (1.7287ms)
✔ an external path with the same filename is not the assigned seed (0.3699ms)
✔ an incomplete stream is explicitly incomplete, not successful empty coverage (0.2517ms)
✔ runner observation proves the synthetic credential was inherited (447.2147ms)
✔ a missing seed fails before starting a runner (260.7175ms)
✔ provider observation confirms removal before invoking the real binary (1154.8779ms)
✔ an inherited provider credential fails before any provider execution (278.8082ms)
✔ a marker under another key cannot hide a missing runner GITHUB_TOKEN seed (273.966ms)
✔ a different token plus an unrelated marker cannot manufacture an exact runner seed (230.8176ms)
✔ a provider token other than the canary is still rejected before child execution (180.9182ms)
✔ a provider canary under another key remains a failing credential boundary (185.0996ms)
✔ uninvoked production modules remain in the coverage denominator with zero hits (14.9817ms)
✔ missing production files cannot produce a passing partial coverage result (0.749ms)
✔ duplicate and out-of-scope files cannot inflate the denominator (2.3298ms)
✔ missing, duplicate and impossible native counts are rejected (0.8973ms)
✔ truncated records are never accepted as completed coverage evidence (0.4114ms)
✔ zero available branches are reported as not applicable instead of fabricated 100 percent (0.4035ms)
✔ issue195 public receipt binds parent binaries, pinned runtime identity, and distinct task source (11.4381ms)
✔ explicit current fixture hash, suspend tokens, and missing-artifact switch normalize without disk reads (1.9038ms)
✔ rebuilt server/runner receipt hashes and an explicit rebuilt CLI hash remain valid and bound (7.9341ms)
✔ all required options are explicit; help is inert (2.1946ms)
✔ every duplicate value option and duplicate boolean switch fails closed (4.3437ms)
✔ unknown targets, positionals, missing operands, and equals-form options are rejected (1.2127ms)
✔ configuration rejects old issue190 (0.4698ms)
✔ configuration rejects string issue number (0.3377ms)
✔ configuration rejects parent rather than candidate code (0.4001ms)
✔ configuration rejects runtime commit used as task source (0.6213ms)
✔ configuration rejects unpinned source ref (0.3245ms)
✔ configuration rejects another runner (0.2876ms)
✔ configuration rejects unowned receipt (1.1341ms)
✔ configuration rejects not-running supervisor (0.543ms)
✔ configuration rejects missing owner (0.5661ms)
✔ configuration rejects invalid owner (1.1703ms)
✔ configuration rejects changed code checkout (0.2921ms)
✔ configuration rejects changed source checkout (0.3012ms)
✔ configuration rejects changed worktree root (0.3449ms)
✔ configuration rejects invalid server digest (0.4312ms)
✔ configuration rejects invalid runner digest (0.459ms)
✔ configuration rejects executable substitution (0.5111ms)
✔ configuration rejects binary outside owned bin (0.6079ms)
✔ configuration rejects missing public process (0.3744ms)
✔ configuration rejects wrong process role (0.5529ms)
✔ configuration rejects wrong process workspace (0.6709ms)
✔ configuration rejects invalid process pid (0.7404ms)
✔ configuration rejects invalid process start (0.6448ms)
✔ synthetic VerifyRun evidence distinguishes awaiting independent review from accepted completion (22.6688ms)
✔ forced commit_branch export rejection is a named failure, never archive bypass or approval (5.2106ms)
✔ missing-required-provider-Artifact negative shares the native checks without inventing bytes (7.0036ms)
✔ assessRecovery refuses original usage rewritten (5.1408ms)
✔ assessRecovery refuses original output history changed (4.5373ms)
✔ assessRecovery refuses provider-attempt counter reset (14.1855ms)
✔ assessRecovery refuses provider-attempt maximum changed (3.64ms)
✔ assessRecovery refuses source incident changed (3.8989ms)
✔ assessRecovery refuses checkpoint authority absent (4.4948ms)
✔ assessRecovery refuses different context source (4.344ms)
✔ assessRecovery refuses budget reset hidden in context (3.4933ms)
✔ assessRecovery refuses another native recovery (3.6878ms)
✔ assessRecovery refuses source-correction instead of verification (4.1436ms)
✔ assessRecovery refuses recovery contract revision (3.1531ms)
✔ assessRecovery refuses changed recovery reason (2.9171ms)
✔ assessRecovery refuses weakened replacement policy (3.082ms)
✔ assessRecovery refuses new provider session (3.567ms)
✔ assessRecovery refuses allocated model tokens (4.1839ms)
✔ assessRecovery refuses allocated model cost (3.3789ms)
✔ assessRecovery refuses consumed input tokens (3.109ms)
✔ assessRecovery refuses consumed output tokens (3.1978ms)
✔ assessRecovery refuses consumed model cost (3.6057ms)
✔ assessRecovery refuses different workspace root run (3.3567ms)
✔ assessRecovery refuses replacement workspace not preserved (3.3298ms)
✔ assessRecovery refuses replacement fingerprint changed (3.2747ms)
✔ assessRecovery refuses invented provider artifact (4.2975ms)
✔ assessRecovery refuses provider event outside snapshot window (4.2418ms)
✔ assessRecovery refuses native command acknowledgment missing (3.2055ms)
✔ assessRecovery refuses missing native app check (3.4344ms)
✔ assessRecovery refuses evidence kind mismatch (4.0527ms)
✔ assessRecovery refuses independent-review self-approval (4.1001ms)
✔ assessRecovery refuses accepted run before gate decision (3.918ms)
✔ assessRecovery refuses missing factory completion event (2.0776ms)
✔ assessRecovery refuses empty source deliverable (3.1619ms)
✔ assessRecovery refuses wrong deliverable provenance (4.0783ms)
✔ download validation uses in-memory bytes and checks payload digests without claiming a browser test (5.0028ms)
✔ configuration refuses target http://localhost:18574 (0.4347ms)
✔ configuration refuses target https://127.0.0.1:18574 (0.1711ms)
✔ configuration refuses target http://127.0.0.1:18574/ (0.1342ms)
✔ configuration refuses target http://127.0.0.1:18575 (0.1289ms)
✔ configuration refuses target http://127.0.0.1:8791 (0.2013ms)
✔ configuration refuses target http://127.0.0.1:18574/api (0.1812ms)
✔ configuration refuses target http://127.0.0.1:18574?x=1 (0.1246ms)
✔ configuration refuses target http://example.invalid:18574 (0.1166ms)
✔ configuration refuses target http://user:password@127.0.0.1:18574 (0.118ms)
✔ configuration refuses target http://[::1]:18574 (0.1256ms)
✔ absolute path and owned-output boundaries reject aliases, devices, UNC, ADS, and root reuse (4.7236ms)
✔ explicit independent reviewer, valid digest, and bounded numeric options are mandatory (9.2938ms)
✔ reports expose hashes and constrained identity, never receipt metadata or provider output (2.4777ms)
✔ saved report cannot adopt changed authority, extra fields, or identities without prior intent (7.3283ms)
✔ baseline and journal never consult the bounded snapshot.events window (44.4447ms)
✔ baseline preserves every pre-existing missions record (1.8178ms)
✔ baseline preserves every pre-existing tasks record (1.6067ms)
✔ baseline preserves every pre-existing runs record (1.2789ms)
✔ baseline preserves every pre-existing factory_work_items record (1.0368ms)
✔ baseline preserves every pre-existing factory_verification_recoveries record (1.0765ms)
✔ baseline preserves every pre-existing verification_evidence record (0.8099ms)
✔ baseline preserves every pre-existing verification_requests record (1.3254ms)
✔ baseline preserves every pre-existing source_deliverables record (2.8418ms)
✔ baseline preserves every pre-existing mission_contract_revisions record (1.8432ms)
✔ baseline preserves every pre-existing mission_budget_revisions record (1.3418ms)
✔ baseline preserves every pre-existing action_approvals record (1.6392ms)
✔ baseline preserves every pre-existing circuit_breaker_incidents record (1.4336ms)
✔ baseline permits additive rows and events while forbidding live work and missing history tables (2.4737ms)
✔ journal requires exact Ready watermark, ordered unique same-Corp events, and bounded count (1.0135ms)
✔ buildPlan is deterministic, fresh, output-owned, and mirrors one ready synthetic issue (1.7827ms)
✔ factory argv remains pinned and recovery only appends the exact checkpoint mode and recorded reason (2.1192ms)
✔ persisted app, base-file, exact hash command and independent-review checks cannot be replaced by Artifact (11.2245ms)
✔ checkpoint digests use Rust field order, preserve app policy, and retain forced commit_branch authority (0.7456ms)
✔ invokeFactory uses only injected child I/O, a bounded timeout, and a non-inherited environment (1.705ms)
✔ invokeFactory never retries an uncertain execution or logs raw stdout/stderr (1.9017ms)
✔ explicit Windows assessment preserves historical paths on every host (4.4979ms)
✔ default host assessment still rejects foreign path namespaces (1.4667ms)
✔ assessOriginal binds native stop from full replay, not snapshot.events (2.2031ms)
✔ assessOriginal binds native suspend from full replay, not snapshot.events (2.2573ms)
✔ assessOriginal rejects provider attempt increment without accepting or replacing work (2.058ms)
✔ assessOriginal rejects attempt ceiling revision without accepting or replacing work (1.0872ms)
✔ assessOriginal rejects current budget revision without accepting or replacing work (0.9778ms)
✔ assessOriginal rejects original budget rewrite without accepting or replacing work (1.0474ms)
✔ assessOriginal rejects persisted hash verifier removal without accepting or replacing work (1.0105ms)
✔ assessOriginal rejects manual gate weakening without accepting or replacing work (1.1804ms)
✔ assessOriginal rejects contract source replacement without accepting or replacing work (1.061ms)
✔ assessOriginal rejects write scope replacement without accepting or replacing work (0.9263ms)
✔ assessOriginal rejects archive bypass of forced commit_branch without accepting or replacing work (1.4437ms)
✔ assessOriginal rejects provider secret authority without accepting or replacing work (1.2319ms)
✔ assessOriginal rejects extra provider run without accepting or replacing work (1.9256ms)
✔ assessOriginal rejects extra task without accepting or replacing work (1.2847ms)
✔ assessOriginal rejects changed factory owner without accepting or replacing work (1.0593ms)
✔ assessOriginal rejects changed issue revision without accepting or replacing work (1.0987ms)
✔ assessOriginal rejects wrong assigned runner without accepting or replacing work (1.2277ms)
✔ assessOriginal rejects producer reviewing itself without accepting or replacing work (1.2116ms)
✔ assessOriginal rejects source-checkout execution without accepting or replacing work (1.4978ms)
✔ assessOriginal rejects quarantined checkpoint without accepting or replacing work (0.9481ms)
✔ assessOriginal rejects loop-counter change without accepting or replacing work (1.1967ms)
✔ assessOriginal rejects rewritten usage without accepting or replacing work (1.5278ms)
✔ assessOriginal rejects invented provider artifact without accepting or replacing work (1.3197ms)
✔ assessOriginal rejects checkpoint missing without accepting or replacing work (2.2853ms)
✔ assessOriginal rejects checkpoint policy digest changed without accepting or replacing work (1.4114ms)
✔ assessOriginal rejects provider still alive without accepting or replacing work (1.6885ms)
✔ assessOriginal rejects budget command not acknowledged without accepting or replacing work (1.5463ms)
✔ assessOriginal rejects budget incident missing without accepting or replacing work (1.3047ms)
✔ assessOriginal rejects previously recorded run missing without accepting or replacing work (1.3401ms)
✔ assessOriginal rejects accepted provider progress hidden before snapshot window without accepting or replacing work (0.8627ms)
✔ suite pauses for native browser review by default and only observes external approval on continuation (65.5387ms)
✔ suite retains native forced-commit export failure and performs no review, download, or policy bypass (26.4256ms)
✔ suite missing-Artifact negative is explicit rejection, not verified delivery or fabricated provider evidence (28.9095ms)
✔ --continue cannot create a baseline or begin an unrecorded mutation (11.338ms)
✔ unknown create response is never retried; continuation times out without adopting replacement work (52.8878ms)
✔ lost create response reconciles the exact item/run, but --continue cannot authorize recovery (19.7064ms)
✔ lost recovery response binds the recorded replacement; continuation only pauses for its exact browser gate (26.116ms)
✔ external browser approval completes exact recorded work without retries or erasing earlier failure history (50.4801ms)
✔ suite never mutates when independent reviewer is missing (4.6175ms)
✔ suite never mutates when independent reviewer is not human (4.304ms)
✔ suite never mutates when independent reviewer is unauthorized role (3.9491ms)
✔ suite never mutates when independent reviewer is guest (5.4554ms)
✔ suite never mutates when independent reviewer is wrong Corp (6.4918ms)
✔ failed intent persistence or changed parent inputs prevents the corresponding native effect (22.7736ms)
✔ a colliding synthetic item without saved create intent is never adopted or mutated (4.456ms)
✔ wrong physical base bytes stop before recovery; tampered downloads stop without another attempt (44.6103ms)
✔ --continue fails closed when recorded work disappears, with no new mission or native retry (34.8032ms)
✔ explicit browser-review flag preserves the default two-step flow without a scripted-review mode (14.517ms)
✔ browser-review pause cannot be continued with substituted gate identities or reviewer (19.1598ms)
✔ production I/O exposes no review POST and confines injected requests to exact GET routes (32.7079ms)
✔ runtime factory adapter never retries an ambiguous injected CLI call (1.1437ms)
✔ server-upgrade option is explicit, continue-only, and confined to the owned runtime directory (21.7833ms)
✔ server-only upgrade retains the original binding/failure and separately records server provenance read-only (38.5515ms)
✔ upgrade rejects runner/web/CLI changes, a mismatched old binding, and conflicting server provenance (18.776ms)
✔ same-verifier native checkpoint re-attestation accepts a real run_id-only VerificationRequest (2.7842ms)
✔ checkpoint re-attestation cannot target another run, duplicate an ACK, or permit provider usage (4.5458ms)
✔ strict phase parsing and explicit opt-in (7.2771ms)
✔ reject manual/default/aliased ports, credentials, ambiguous URLs and mismatched environment before API access (9.4781ms)
✔ verification is GET-only and no phase can call decision/reset/bootstrap/foreign-Corp routes (3.4249ms)
✔ prepare → newer approved → isolated replay observation → explicit older approval → automatic synthesis (149.6798ms)
✔ lost create response adopts exact marker without sending a second create (26.7861ms)
✔ unknown create that never arrived fails closed, never creates a replacement (4.7686ms)
✔ lost revision response replays the exact native UUID and preserves only two revisions (102.9299ms)
✔ lost launch response recovers exact root IDs by readback, never dispatches again (54.5284ms)
✔ wrong source/pinned staffing/non-quiescent fixture rejected before any POST (4.3545ms)
✔ cannot skip intermediate observation or approve the older run first (90.2544ms)
✔ exact reviewer attribution, artifact binding and no second decision are enforced (146.0803ms)
✔ duplicate decision event and journal rollover cannot pass as replay isolation (85.0028ms)
✔ checkpoint fixture mismatch and modified pre-existing rows are rejected (58.4961ms)
✔ failed artifact download is rechecked on prepare resume without more POSTs (35.024ms)
✔ linux: native unavailable admission is a verified refusal, not provider success (412.5607ms)
✔ darwin: native unavailable admission is a verified refusal, not provider success (390.2814ms)
✔ Windows: an unavailable provider remains a failure (413.4095ms)
✔ Unix: accidentally accepting an unsupported provider fails the contract (299.5267ms)
✔ Unix: an unrelated admission failure cannot stand in for containment refusal (255.6905ms)
✔ Unix: a refusal with a persisted run is rejected (274.437ms)
✔ Unknown runner platforms fail before resetting a fixture (175.2636ms)
✔ A Linux expectation cannot conceal an unavailable Windows runner (243.7761ms)
✔ Unknown reported runner OS fails before creating provider work (218.3813ms)
✔ An owned child stuck on HTTP is reaped before fixture cleanup (2047.7599ms)
✔ explicit CLI and parent runtime receipt reuse retain owner/source/process binding (7.793ms)
✔ additive request changes only the fixture case, keeps native 5000 authority and no delivery/resume (0.6796ms)
✔ shared client sends exact additive create/launch bodies without retries or extra routes (26.2401ms)
✔ pure native trace accepts actual ACK before failure/termination without prescribing that order (6.1488ms)
✔ pure native trace accepts actual ACK between failure/termination without prescribing that order (2.866ms)
✔ pure native trace accepts actual ACK after failure/termination without prescribing that order (1.606ms)
✔ pure evidence rejection: missing actual artifact rejection (1.7256ms)
✔ pure evidence rejection: unrelated failure (0.9159ms)
✔ pure evidence rejection: termination before failure is not the race (1.3192ms)
✔ pure evidence rejection: missing termination is not success (2.0024ms)
✔ pure evidence rejection: missing ACK remains unproven (1.0595ms)
✔ pure evidence rejection: wrong command correlation (1.1162ms)
✔ pure evidence rejection: wrong ACK runner (0.9784ms)
✔ pure evidence rejection: foreign session event scope (0.7343ms)
✔ pure evidence rejection: non-native event attribution (1.1139ms)
✔ pure evidence rejection: wrong native event identity (0.9039ms)
✔ pure evidence rejection: rewritten failure summary (0.6967ms)
✔ pure evidence rejection: agent still assigned (0.6841ms)
✔ pure evidence rejection: task resurrected (0.8474ms)
✔ pure evidence rejection: mission resurrected (0.9248ms)
✔ pure evidence rejection: accepted artifact metadata (1.2517ms)
✔ pure evidence rejection: late accepted completion even if snapshot says failed (1.1547ms)
✔ pure evidence rejection: accepted artifact even outside bounded snapshot.events (1.185ms)
✔ pure evidence rejection: verification event is forbidden (0.7837ms)
✔ pure evidence rejection: uncertain teardown is forbidden (0.897ms)
✔ pure evidence rejection: accepted evidence record (1.4976ms)
✔ pure evidence rejection: budget revision (0.7428ms)
✔ pure evidence rejection: replacement run (0.5306ms)
✔ pure evidence rejection: source substitution (0.5507ms)
✔ pure evidence rejection: verification-only execution cannot attest a provider (0.4871ms)
✔ pure evidence rejection: usage must be exactly two 3000-token increments (1.0956ms)
✔ invalid native termination payload cannot pass (null) (1.0691ms)
✔ invalid native termination payload cannot pass ([]) (0.7526ms)
✔ invalid native termination payload cannot pass ({}) (0.659ms)
✔ invalid native termination payload cannot pass ({"adapter":"other"}) (0.6984ms)
✔ invalid native termination payload cannot pass ({"provider_process_alive":true}) (0.7689ms)
✔ invalid native termination payload cannot pass ({"provider_process_alive":"false"}) (0.7303ms)
✔ invalid native termination payload cannot pass ({"outcome":"verified"}) (0.745ms)
✔ invalid native termination payload cannot pass ({"message":""}) (0.7378ms)
✔ invalid native termination payload cannot pass ({"message":1}) (0.7227ms)
✔ invalid native termination payload cannot pass ({"message":"xxxxxxxxxxxxxxxxxxxxxxxxxxxxxxxxxxxxxxxxxxxxxxxx) (1.292ms)
✔ invalid native termination payload cannot pass ({"message":"untrusted\ntext"}) (1.6033ms)
✔ invalid native termination payload cannot pass ({"message":"
"}) (0.655ms)
✔ invalid native termination payload cannot pass ({"credential":"PRIVATE_PROVIDER_CONTENT_OR_ASSIGNMENT_TOKEN_) (0.6199ms)
✔ all native terminal outcomes and absent optional message are valid telemetry, not accepted completion (2.9872ms)
✔ one additive case checkpoints and announces intent/IDs, retains history, and waits for quiet readback (25.1422ms)
✔ passed same-case continuation recomputes proof with zero further mutations (22.4544ms)
✔ createLost: failure preserves exact intent, continuation never retries an attempted POST (12.4701ms)
✔ createUnknown: failure preserves exact intent, continuation never retries an attempted POST (1.7599ms)
✔ launchLost: failure preserves exact intent, continuation never retries an attempted POST (16.0771ms)
✔ launchUnknown: failure preserves exact intent, continuation never retries an attempted POST (2.8949ms)
✔ bounded live failure leaves the original run live, IDs and intent intact, with no replacement (44.827ms)
✔ missing late telemetry is a bounded failure with actual ACK order, not a race claim (30.5928ms)
✔ natural later telemetry/finalization can settle without rewriting terminal state or historical events (24.4365ms)
✔ settling cannot hide changed terminal run summary (9.3883ms)
✔ settling cannot hide changed terminal task (6.17ms)
✔ settling cannot hide changed terminal mission (7.2012ms)
✔ settling cannot hide changed terminal agent (6.5441ms)
✔ settling cannot hide changed old run (6.4628ms)
✔ settling cannot hide changed old agent (6.9066ms)
✔ settling cannot hide changed old journal prefix (6.2567ms)
✔ settling cannot hide changed original failure event (7.8689ms)
✔ saved report cannot substitute receipt, native authority, source, or erase baseline after an effect (3.267ms)
✔ report save uses exclusive lock, private synced temp and atomic rename; refuses implicit overwrite (7.5814ms)
✔ stale locks are never stolen and failed saves retain original report and orphaned temp (2.094ms)
✔ report cannot replace receipt; bounded reads reject links, hardlinks and inode swaps before reading (1.66ms)
✔ CLI is explicit, non-ambient, duplicate/unknown flags fail (6.3099ms)
✔ explicit parent runtime metadata aligns without opening any named process/log/source (5.1425ms)
✔ rejects protected/manual API port 5187 (0.3942ms)
✔ rejects protected/manual API port 5291 (0.2582ms)
✔ rejects protected/manual API port 8791 (0.3161ms)
✔ rejects protected/manual API port 8793 (0.3142ms)
✔ rejects protected/manual API port 8991 (0.4093ms)
✔ rejects protected/manual API port 15191 (0.2773ms)
✔ rejects protected/manual API port 15193 (0.3693ms)
✔ rejects protected/manual API port 15491 (0.5021ms)
✔ rejects protected/manual API port 15493 (0.314ms)
✔ rejects protected/manual API port 15496 (0.3146ms)
✔ rejects protected/manual API port 18961 (0.2311ms)
✔ rejects protected/manual API port 18962 (0.2341ms)
✔ rejects protected/manual API port 18963 (0.256ms)
✔ rejects ambiguous or non-owned origin http://localhost:18574 (0.5955ms)
✔ rejects ambiguous or non-owned origin http://127.1:18574 (0.346ms)
✔ rejects ambiguous or non-owned origin http://[::1]:18574 (0.2687ms)
✔ rejects ambiguous or non-owned origin https://127.0.0.1:18574 (0.4482ms)
✔ rejects ambiguous or non-owned origin http://127.0.0.1:18574/ (0.2385ms)
✔ rejects ambiguous or non-owned origin http://127.0.0.1:18574/api (0.2854ms)
✔ rejects ambiguous or non-owned origin http://127.0.0.1:18574?x=1 (0.2914ms)
✔ rejects ambiguous or non-owned origin http://redacted:redacted@127.0.0.1:18574 (0.4008ms)
✔ rejects ambiguous or non-owned origin http://example.com:18574 (0.2524ms)
✔ receipt requires complete immutable source, no unknown authority or provider substitution (8.7533ms)
✔ native requests preserve single strategy, exact source, budget, File verifier, no deliverable (0.9147ms)
✔ Rust policy digest uses explicit declaration order, not JS/JSONB property order (0.8846ms)
✔ canonical containment handles Windows drive prefixes but rejects aliases/escapes (0.9632ms)
✔ POSIX containment rejects traversal, equality and sibling prefixes (1.0943ms)
✔ base.txt reads exactly five bytes, and all link/reparse/hardlink failures occur before open (18.9155ms)
✔ opened-file identity swaps fail closed without reading bytes (2.435ms)
✔ runners are top-level; nested-only, unavailable, foreign, ambiguous or different-source runners fail (2.0187ms)
✔ suspend: actual usage -> breaker -> native teardown -> exact checkpoint -> terminal (5.6046ms)
✔ stop: actual usage -> breaker -> native teardown -> exact checkpoint -> terminal (1.7604ms)
✔ rejects missing checkpoint (2.4708ms)
✔ rejects foreign Corp proof (1.5166ms)
✔ rejects foreign mission proof (1.307ms)
✔ rejects foreign task proof (10.3573ms)
✔ rejects foreign run proof (7.4989ms)
✔ rejects foreign agent proof (1.9546ms)
✔ rejects foreign runner proof (1.1735ms)
✔ rejects wrong original base (1.3301ms)
✔ rejects changed HEAD (1.1477ms)
✔ rejects changed fingerprint (1.0976ms)
✔ rejects arbitrary JS policy ordering (1.1456ms)
✔ rejects changed write digest (0.9843ms)
✔ rejects changed deliverable digest (1.0424ms)
✔ rejects token in proof (3.3592ms)
✔ rejects live provider (1.3951ms)
✔ rejects wrong adapter (3.1236ms)
✔ rejects foreign event lineage (1.3919ms)
✔ rejects late checkpoint (2.491ms)
✔ rejects missing usage (1.4203ms)
✔ rejects fake cumulative usage (1.0667ms)
✔ rejects wrong breaker metric (1.0713ms)
✔ rejects wrong command acknowledgement (1.2039ms)
✔ rejects accepted artifact (2.3067ms)
✔ rejects verification started (1.4285ms)
✔ rejects lost is not completion (0.999ms)
✔ rejects agent still assigned (0.8748ms)
✔ rejects automatic retry (1.7897ms)
✔ rejects replacement task (1.0077ms)
✔ rejects resume lineage (1.2989ms)
✔ rejects budget override (0.6432ms)
✔ rejects write scope widening (0.6489ms)
✔ rejects policy weakening (0.6549ms)
✔ rejects path outside runner (1.2962ms)
✔ rejects unknown projection strings are not logged (0.8837ms)
✔ rejects non-native none breaker projection is rejected (0.7973ms)
✔ rejects accepted evidence row (0.8672ms)
✔ full replay, not the bounded snapshot, rejects earlier run.completed (0.9985ms)
✔ full replay, not the bounded snapshot, rejects earlier run.verification_started (4.0684ms)
✔ full replay, not the bounded snapshot, rejects earlier run.verification_evidence (1.1941ms)
✔ full replay, not the bounded snapshot, rejects earlier run.artifact (1.2917ms)
✔ full replay, not the bounded snapshot, rejects earlier run.deliverable (1.156ms)
✔ full replay, not the bounded snapshot, rejects earlier run.workspace_removed (0.8562ms)
✔ full replay, not the bounded snapshot, rejects earlier run.teardown_uncertain (27.0336ms)
✔ visible history and original journal prefix are immutable; no whole-database inference (2.1825ms)
✔ journal bounds, strict ordering, non-contiguous visible sequences and Ready watermark (0.8002ms)
✔ API requests allow only exact scoped snapshot/create/launch, never reset/policy/resume (41.6341ms)
✔ HTTP errors with sensitive bodies are not retried or exposed (1.0931ms)
✔ oversized API responses fail at the byte bound, with no response body in the error (12.5086ms)
✔ native journal API requires a real Ready watermark and refuses partial replay (2.7907ms)
✔ two additive cases checkpoint intent/IDs, retain old history, and pass only after quiet observation (53.9311ms)
✔ baseline counts are dynamic, including completed prior browser-created missions (53.1508ms)
✔ completed checkpoint continuation is read-only and never re-launches either case (53.752ms)
✔ timeout leaves a live run LIVE with its original ID and never starts a replacement/second case (45.4675ms)
✔ lost create response discovers exact original IDs; intentional continuation sends no duplicate (34.1143ms)
✔ uncertain create without an observable result blocks continuation, never replacement (4.5903ms)
✔ lost launch response discovers exact original IDs; intentional continuation sends no duplicate (31.9971ms)
✔ uncertain launch without an observable result blocks continuation, never replacement (3.6202ms)
✔ driver failure keeps IDs and failure report; late accepted verification cannot pass (14.6274ms)
✔ saved report cannot change receipt/source/runner/process scope or invent successful authority (4.3601ms)
✔ existing budget-stream keeps its original synthetic 6000-token contract (1249.4552ms)
✔ UI budget-stream uses the real 500K preset with explicit synthetic counters (1218.6676ms)
✔ native interrupt prevents later usage and completion in the UI fixture (307.2935ms)
✔ original budget-stream still interrupts before its second usage and scheduled completion (295.6699ms)
✔ queued completion emits exact usage and completed before a subsequent interrupt response (858.1916ms)
✔ actual queued fixture writes base then emits both usages and finish synchronously without timers (6.8644ms)
✔ User/Organization resolver verifies owner and project number without reading items (1047.7306ms)
✔ opaque paginated active-only discovery retains 1002 items and exact Issue source (2606.1976ms)
✔ empty pages, invalid cursors and archived cursors never silently restart pagination (2124.3708ms)
✔ quota-only probes accept include flags before/after endpoint and retain plain JSON (910.6933ms)
✔ exact items, memberships and publisher fields support metered and legacy plain callers (1517.3834ms)
✔ configured primary refusal exposes reset headers and recovers exactly at fixture reset (532.2695ms)
✔ secondary failures are finite per-query attempts even with interleaved probes (988.4075ms)
✔ 503 failures expose Retry-After without spending quota or triggering source mutation (351.4805ms)
✔ source-drift hook remains shared across pages, legacy lists and exact reads only (2475.0441ms)
✔ legacy Project edits and publisher PR mutation/recovery semantics are preserved (2534.6665ms)
✔ errors and observation logs never echo credentials, headers, query text or variables (881.1483ms)
✔ invalid quota/failure configurations fail safely and event retention is bounded (2489.929ms)
✔ parses HTTPS clone URL without resolving redirects (3.9287ms)
✔ parses HTTPS repository URL without resolving redirects (0.3647ms)
✔ parses HTTPS default port without resolving redirects (0.197ms)
✔ parses SSH SCP URL without resolving redirects (0.3391ms)
✔ parses SSH URI without resolving redirects (0.299ms)
✔ parses SSH default port without resolving redirects (0.2134ms)
✔ parses SSH alternate port without resolving redirects (0.4757ms)
✔ parses case normalization without resolving redirects (0.1918ms)
✔ parses trailing slash without resolving redirects (0.2301ms)
✔ parses Git output newline without resolving redirects (0.49ms)
✔ keeps old, transferred and deliberately wrong repositories distinct (0.4881ms)
✔ retains valid repository punctuation (0.2047ms)
✔ rejects missing without disclosing the origin (0.8713ms)
✔ rejects null without disclosing the origin (0.1322ms)
✔ rejects non-string without disclosing the origin (0.1127ms)
✔ rejects empty without disclosing the origin (0.119ms)
✔ rejects bare namespace without disclosing the origin (0.1658ms)
✔ rejects different host without disclosing the origin (0.3024ms)
✔ rejects host suffix without disclosing the origin (0.1912ms)
✔ rejects HTTP without disclosing the origin (0.172ms)
✔ rejects Git protocol without disclosing the origin (0.2654ms)
✔ rejects HTTPS userinfo without disclosing the origin (0.2985ms)
✔ rejects HTTPS password without disclosing the origin (0.1474ms)
✔ rejects SSH password without disclosing the origin (0.114ms)
✔ rejects non-Git SSH user without disclosing the origin (0.1102ms)
✔ rejects SCP userinfo without disclosing the origin (0.1015ms)
✔ rejects SCP prefix not recognized by the runner without disclosing the origin (0.1548ms)
✔ rejects query without disclosing the origin (0.1029ms)
✔ rejects fragment without disclosing the origin (0.0961ms)
✔ rejects extra path without disclosing the origin (0.1582ms)
✔ rejects traversal without disclosing the origin (0.1558ms)
✔ rejects dot owner without disclosing the origin (0.1771ms)
✔ rejects dot repository without disclosing the origin (0.1074ms)
✔ rejects empty repository without disclosing the origin (0.1028ms)
✔ rejects encoded path without disclosing the origin (0.0955ms)
✔ rejects backslash without disclosing the origin (0.163ms)
✔ rejects multiple origins without disclosing the origin (0.2152ms)
✔ rejects oversized origin without disclosing the origin (0.1185ms)
✔ reads only the selected checkout origin with bounded, piped Git output (0.4175ms)
✔ Git failure discards message, cause, stdout and stderr without fallback (0.4014ms)
✔ a successful Git read cannot admit a credential-bearing origin (0.3512ms)
✔ imports actual-shaped retained native success and reproducible external rejection as a candidate only (165.7697ms)
✔ old oracle without physical digest remains explicitly weaker and prompt alignment remains unreviewed (141.5398ms)
✔ repeated captures and checker versions of one run do not create independent evidence identities (541.4902ms)
✔ local review digest cannot activate a candidate even with two distinct native runs (277.7719ms)
✔ refuses foreign Corp even with repinned retained files (122.6321ms)
✔ refuses foreign room even with repinned retained files (120.0632ms)
✔ refuses other source even with repinned retained files (119.5895ms)
✔ refuses changed contract source even with repinned retained files (123.4551ms)
✔ refuses missing native checks even with repinned retained files (137.2777ms)
✔ refuses failed test under passed native label even with repinned retained files (146.9576ms)
✔ refuses wrong oracle bytes even with repinned retained files (141.4411ms)
✔ refuses wrong resume identity even with repinned retained files (133.2589ms)
✔ refuses wrong resume ancestry even with repinned retained files (130.0402ms)
✔ refuses cancelled run even with repinned retained files (254.2443ms)
✔ refuses substituted before bytes even with repinned retained files (126.5967ms)
✔ refuses unknown checker even with repinned retained files (22.3971ms)
✔ hash pins, duplicate JSON keys and traversal are rejected before candidate output (118.3256ms)
✔ directory redirection and oversized files fail closed (166.3533ms)
✔ exact append handles LF and CRLF without normalizing changed source (0.6124ms)
✔ external rejection cannot be imported when exact output actually passes (126.1967ms)
✔ CLI reads pinned inputs and creates one new corpus without overwriting source files (453.3963ms)
✔ CLI has one aggregate read budget covering the request, corpus, manifests and retained files (346.1384ms)
▶ local stack owned-process and state regression fixtures
  ✔ identity comes from the live process and binds only the explicit workspace (1.8561ms)
  ✔ wrong timestamps, executable, workspace and malformed records fail closed (0.1523ms)
  ✔ a stale creation record aimed at a live synthetic PID cannot stop it (0.2286ms)
  ✔ stopping the verified root leaves its descendant and an unrelated child alive (0.1744ms)
  ✔ Start accepts working and log directories containing spaces (0.1776ms)
  ✔ Start treats bracketed log directories as literal paths (0.125ms)
  ✔ Start treats bracketed working directories as literal paths (0.1752ms)
  ✔ failed-start rollback results preserve the original error and require both success signals (0.1809ms)
  ✔ Start preserves literal arguments, spaces, child-only environment and redacted evidence (0.2569ms)
  ✔ repeated role launches retain earlier logs and allocate unique stdout/stderr files (0.3902ms)
  ✔ extracted Launch preserves ownership on save failure (verified rollback) (0.2122ms)
  ✔ extracted Launch preserves ownership on save failure (unverified rollback) (0.1044ms)
  ✔ v2 state round-trips nested records and read preserves exact bytes (0.1134ms)
  ✔ corrupt, unsupported and differently scoped state is refused without deleting evidence (0.1556ms)
  ✔ state writes reject traversal, sibling-prefix paths and foreign workspace claims (0.1197ms)
  ✔ state writes reject reparse-point parent directories (0.1297ms)
  ✔ a failed atomic replacement preserves old bytes and removes its temporary file (0.2876ms)
  ✔ concurrent synthetic reader observes only complete atomic state generations (1.3513ms)
  ✔ legacy numeric state stays read-only and never authorizes stopping (0.2551ms)
  ✔ cleanup reaps only held synthetic handles and removes only its temporary tree (0.1227ms)
✔ local stack owned-process and state regression fixtures (13660.0065ms)
ℹ PowerShell 7.6.5; 14 synthetic processes reaped; no fixture tree remains
▶ local stack starter source guards
  ✔ starter has no unconditional stop invocation (0.2667ms)
  ✔ starter never passes a database URL as a command argument (0.1573ms)
  ✔ starter forwards the native runner startup-recovery opt-out unchanged (0.1221ms)
  ✔ persisted runner IDs block automatic reenrollment even when offline (0.1131ms)
  ✔ Factory policy paths are canonicalized against the checkout before persistence and launch (0.1122ms)
  ✔ Factory saved connection is retained and passed only as an explicit native option (0.1482ms)
  ✔ live source-ref changes use exact comparison for old and current records (0.1521ms)
  ✔ starter never deletes enrollment or credentials without an explicit reset/rotation guard (0.1283ms)
  ✔ Compose operations are guarded by external-database selection (0.1079ms)
  ✔ stopper does not rediscover or terminate a descendant tree from saved PIDs (0.1138ms)
✔ local stack starter source guards (4133.2037ms)
✔ one checkout serializes commands while another checkout remains usable (9470.2565ms)
✔ explicit restart nesting and failed operations release their native lock (6517.3522ms)
✔ an interrupted command does not leave a stale lock requiring manual cleanup (3645.8576ms)
✔ both supported entrypoints use the same operation boundary (4.8017ms)
✔ reported idle remains idle without a pending request (2.8811ms)
✔ reported starting remains starting without a pending request (0.2014ms)
✔ reported working remains working without a pending request (0.1439ms)
✔ reported blocked remains blocked without a pending request (0.1938ms)
✔ reported reviewing remains reviewing without a pending request (0.1267ms)
✔ reported offline remains offline without a pending request (0.1226ms)
✔ working station "read" projects reading (0.2805ms)
✔ working station "search" projects reading (0.2491ms)
✔ working station " READ " projects reading (0.25ms)
✔ working station "Search" projects reading (0.347ms)
✔ working station "test" projects working (0.1717ms)
✔ working station "build" projects working (0.1801ms)
✔ working station "review" projects working (0.1341ms)
✔ working station "research" projects working (0.073ms)
✔ working station "bread" projects working (0.0662ms)
✔ working station "break" projects working (0.0967ms)
✔ working station "unknown-tool" projects working (0.1044ms)
✔ working station null projects working (0.0659ms)
✔ a stale station does not invent activity for a non-working agent (0.2524ms)
✔ a blocked agent needs an exact current-run approval match (0.1372ms)
✔ an exact current-run pending review is distinct from an action approval (0.115ms)
✔ unrelated and prior-run pending requests cannot affect the current agent (0.1497ms)
✔ an approval stops affecting an agent as soon as its current run changes (0.1172ms)
✔ null and empty current-run IDs cannot acquire pending request state (0.1268ms)
✔ offline wins even when the recorded current run has both pending requests (0.1093ms)
✔ exact action approval takes precedence over exact review (0.1053ms)
✔ explicit current-run requests do not depend on a blocked display status (0.1895ms)
✔ projection does not mutate agents or request sets or infer state from identity text (0.9665ms)
✔ all eight states have distinct labels and factual descriptions (0.3985ms)
✔ roster ordering is stable by ID without mutating the source array (0.319ms)
✔ renaming or changing activity does not move an existing roster to different seats (0.3503ms)
✔ 0 agents occupy exactly 0 studios without stacked seats (0.3047ms)
✔ 1 agents occupy exactly 1 studios without stacked seats (0.2853ms)
✔ 5 agents occupy exactly 1 studios without stacked seats (0.2213ms)
✔ 6 agents occupy exactly 1 studios without stacked seats (0.2403ms)
✔ 7 agents occupy exactly 2 studios without stacked seats (0.2709ms)
✔ 11 agents occupy exactly 2 studios without stacked seats (0.1886ms)
✔ 12 agents occupy exactly 2 studios without stacked seats (0.149ms)
✔ 13 agents occupy exactly 3 studios without stacked seats (0.1634ms)
✔ 17 agents occupy exactly 3 studios without stacked seats (0.142ms)
✔ 18 agents occupy exactly 3 studios without stacked seats (0.1436ms)
✔ 19 agents occupy exactly 4 studios without stacked seats (0.1404ms)
✔ snapshot input reordering preserves page and seat assignment for 18 agents (0.3779ms)
✔ reordering across a partially filled page boundary preserves each agent seat (0.822ms)
✔ studio dimensions and the six feet anchors match the renderer contract exactly (0.2124ms)
✔ desk access never wraps overflow or invalid indexes onto occupied seats (1.024ms)
✔ all desk footprints stay above their chairs and never overlap another desk or decor (0.4168ms)
✔ desk 0 has one finite arrival route clear of every workstation (0.6026ms)
✔ desk 1 has one finite arrival route clear of every workstation (0.2305ms)
✔ desk 2 has one finite arrival route clear of every workstation (0.1755ms)
✔ desk 3 has one finite arrival route clear of every workstation (0.1511ms)
✔ desk 4 has one finite arrival route clear of every workstation (0.1556ms)
✔ desk 5 has one finite arrival route clear of every workstation (0.15ms)
✔ route and desk results do not expose shared mutable layout state (0.2551ms)
✔ pending native review distinguishes invalid artifact paths from invalid artifact IDs (76.0357ms)
✔ pending native intent survives acceptance changes and reviewed adoption replays one exact revision (72.1418ms)
✔ pending intent cannot apply and generic native approval cannot authorize exact feedback (31.8813ms)
✔ reviewed feedback refuses adopter as reviewer before a revision (35.3676ms)
✔ reviewed feedback refuses producer as reviewer before a revision (30.0069ms)
✔ reviewed feedback refuses source requester as reviewer before a revision (29.391ms)
✔ reviewed feedback refuses rejected decision before a revision (24.337ms)
✔ reviewed feedback refuses future decision before a revision (28.8128ms)
✔ reviewed feedback refuses decision before intent before a revision (33.2384ms)
✔ reviewed feedback refuses wrong note digest before a revision (35.4592ms)
✔ reviewed feedback refuses extra note prose before a revision (35.4678ms)
✔ reviewed feedback refuses ordinary human gate before a revision (27.5247ms)
✔ reviewed feedback refuses requester exclusion disabled before a revision (28.2636ms)
✔ native approval cannot excuse changed target task (30.5021ms)
✔ native approval cannot excuse changed target version (36.9048ms)
✔ native approval cannot excuse changed source commit (32.5748ms)
✔ native approval cannot excuse changed artifact identity (31.7162ms)
✔ native approval cannot excuse changed corpus bytes digest (38.2742ms)
✔ native approval cannot excuse changed selected rule digest (34.9397ms)
✔ native approval cannot excuse changed selected guidance (33.648ms)
✔ native approval cannot excuse changed adopter identity (29.8449ms)
✔ native approval cannot excuse changed replacement effect (30.6749ms)
✔ native approval cannot excuse changed unknown authority field (34.3061ms)
✔ persisted verifier policy and automated evidence drift invalidate the intent independently of acceptance (93.0944ms)
✔ missing or contradictory native rows and capture drift fail closed (30.7304ms)
✔ reviewed apply rechecks the actual decision and preserves ambiguous outcomes and idempotency (51.2081ms)
✔ reviewed apply rejects altered intent bytes and expired proposal without native effects (29.6343ms)
✔ a changed post-effect review remains uncertain and cannot assert a verified binding (26.5956ms)
✔ review intent time bounds are revalidated during accepted-source reconstruction (20.266ms)
✔ CLI native-review preparation, exact intent selection and apply keep separate raw and canonical hashes (103.724ms)
✔ prepare is read-only and exposes the exact reference-only change for review (15.6573ms)
✔ an unprefixed objective stays candidate because native composition would change it (16.8798ms)
✔ native normalization fixed points retain description and objective exactly (25.5746ms)
✔ public identifiers and digest selectors reject coercible arrays and objects before effects (16.1321ms)
✔ time, timeout and trusted routing fields require their declared primitive types (19.0427ms)
✔ apply performs one native revision, preserves authority and never launches (19.0542ms)
✔ typed native file selection pins outer provenance and exact decoded corpus while preserving raw compatibility (35.0386ms)
✔ native typed unknown schema field is refused even with matching outer artifact digest (14.0727ms)
✔ native typed missing native schema field is refused even with matching outer artifact digest (12.4665ms)
✔ native typed coercible version is refused even with matching outer artifact digest (13.3784ms)
✔ native typed unsupported archive form is refused even with matching outer artifact digest (12.8071ms)
✔ native typed wrong base is refused even with matching outer artifact digest (12.4992ms)
✔ native typed wrong verifier is refused even with matching outer artifact digest (14.152ms)
✔ native typed wrong head is refused even with matching outer artifact digest (15.4963ms)
✔ native typed bundle payload is refused even with matching outer artifact digest (13.7929ms)
✔ native typed patch checksum is refused even with matching outer artifact digest (13.983ms)
✔ native typed patch noncanonical base64 is refused even with matching outer artifact digest (13.8705ms)
✔ native typed selected hash is refused even with matching outer artifact digest (14.7947ms)
✔ native typed selected byte count is refused even with matching outer artifact digest (16.411ms)
✔ native typed selected file size bound is refused even with matching outer artifact digest (17.0823ms)
✔ native typed selected base64 is refused even with matching outer artifact digest (14.1048ms)
✔ native typed selected symlink is refused even with matching outer artifact digest (13.1944ms)
✔ native typed selected submodule is refused even with matching outer artifact digest (13.8312ms)
✔ native typed selected media is refused even with matching outer artifact digest (14.9606ms)
✔ native typed duplicate path is refused even with matching outer artifact digest (13.6441ms)
✔ native typed case alias is refused even with matching outer artifact digest (13.8126ms)
✔ native typed file directory conflict is refused even with matching outer artifact digest (13.4788ms)
✔ native typed traversal is refused even with matching outer artifact digest (12.9934ms)
✔ native typed absolute path is refused even with matching outer artifact digest (13.3121ms)
✔ native typed Windows stream is refused even with matching outer artifact digest (15.5618ms)
✔ native typed Windows device is refused even with matching outer artifact digest (20.0909ms)
✔ native typed trailing dot alias is refused even with matching outer artifact digest (19.2487ms)
✔ native typed coercible entry path is refused even with matching outer artifact digest (23.7814ms)
✔ native typed deleted selection is refused even with matching outer artifact digest (22.3813ms)
✔ typed path selection requires one exact safe file, source role and original outer bytes (25.6744ms)
✔ typed decoded corpus cannot substitute a different well-hashed file or retarget a reviewed proposal (42.6881ms)
✔ typed base64 padding bits are canonical even when permissive decoding preserves the correct bytes (26.6338ms)
✔ same byte-pinned proposal replays its native key without adding guidance or a second revision (43.3962ms)
✔ lost response stays unknown with no automatic retry; exact replay reconciles it (43.7315ms)
✔ an HTTP400 after persistence stays unknown and same-key replay confirms one revision (50.284ms)
✔ live Corp drift refuses before a request (26.7796ms)
✔ live room drift refuses before a request (34.1315ms)
✔ live mission drift refuses before a request (39.2162ms)
✔ live task drift refuses before a request (23.9468ms)
✔ live run drift refuses before a request (30.1297ms)
✔ live actor drift refuses before a request (23.1987ms)
✔ live source commit drift refuses before a request (23.0773ms)
✔ live verifier digest drift refuses before a request (22.1704ms)
✔ live artifact digest drift refuses before a request (18.5517ms)
✔ an accepted receipt with incomplete bounded evidence remains candidate (24.1717ms)
✔ an observed manual gate must retain its native decision and decider (20.371ms)
✔ missing native corpus evidence or mismatched actual bytes never borrows an unrelated accepted run (24.939ms)
✔ typed envelopes, missing review bytes and requested independent review remain explicit candidates (25.166ms)
✔ UTF-8 reference bounds do not silently truncate valid longer advisory guidance (22.6895ms)
✔ changed target ready status cannot be overwritten (23.5749ms)
✔ changed target existing run cannot be overwritten (18.8459ms)
✔ changed target contract version cannot be overwritten (21.6003ms)
✔ changed target budget cannot be overwritten (20.7598ms)
✔ changed target verifier cannot be overwritten (36.2117ms)
✔ changed target source cannot be overwritten (21.6506ms)
✔ changed target source connection cannot be overwritten (18.795ms)
✔ changed target tools cannot be overwritten (20.6622ms)
✔ changed target Corp cannot be overwritten (22.8745ms)
✔ changed target room cannot be overwritten (21.5754ms)
✔ changed target origin cannot be overwritten (36.8017ms)
✔ repinned unauthorized proposal changes cannot alter anything except selected references (45.9251ms)
✔ wrong proposal hash, edited corpus/review/receipt, future or expired proposal fails before POST (24.6676ms)
✔ expired selected guidance is not rescued by the remaining proposal lifetime (27.4218ms)
✔ expiry crossing during live prechecks is repeated immediately before mutation (24.2281ms)
✔ one total operation deadline cannot be renewed by a slow target precheck (249.387ms)
✔ duplicate-key or reformatted proposal JSON cannot masquerade as the prepared byte representation (19.3255ms)
✔ source drift after successful mutation is accurately retained as applied (23.6609ms)
✔ source access loss after mutation is never mislabeled refusal-before-effects (27.5398ms)
✔ an HTTP error after a request is unknown without transaction-stage evidence and is not retried (24.9316ms)
✔ a contradictory successful response or changed native readback stays unknown (28.9216ms)
✔ exact native target projection refuses filtered context and preserves whole scope (20.5558ms)
✔ file input requires selected exact bytes and fails closed on an oversized or malformed input (49.5977ms)
✔ feedback file reads accumulate short native reads before validating bytes (8.8384ms)
✔ feedback file truncate during short reads fails without a hash pin (6.5786ms)
✔ feedback file grow during short reads fails without a hash pin (7.703ms)
✔ CLI preparation writes new review artifacts and an existing apply receipt refuses before network or effects (83.1349ms)
✔ CLI exits nonzero for refused adoption while preserving its JSON receipt (279.9191ms)
✔ CLI typed prepare explicitly selects the native file and apply has no path override (72.1199ms)
✔ retained native candidate cannot become saved-task guidance or a native revision (31.5615ms)
✔ forged locally activated native evidence cannot become saved-task guidance or a native revision (28.5715ms)
✔ native evidence mixed into an activated typed artifact cannot become saved-task guidance or a native revision (29.5447ms)
✔ receipt whitelists metadata and distinguishes persisted acceptance from optional verifier digests (7.8243ms)
✔ native runner, model and ref metadata preserves valid punctuation, spaces, Unicode and UTF-8 limits (3.9684ms)
✔ native metadata keeps bounded invalid text and malformed source tuples out of receipts (18.9048ms)
✔ native source identity accepts uppercase hexadecimal commits and full bounded repository components (0.8557ms)
✔ published native refs and native MIME token punctuation are observed without a custom identifier alphabet (0.9752ms)
✔ historical evidence never borrows the current task verifier policy count (1.5971ms)
✔ conflicting or invalid run-bound check counts remain unknown (3.6074ms)
✔ missing and duplicate check indices cannot establish completeness; malformed indices fail (1.0049ms)
✔ receipt rejects mismatched run Corp (0.4323ms)
✔ receipt rejects mismatched task Corp (0.3562ms)
✔ receipt rejects mismatched mission Corp (0.199ms)
✔ receipt rejects mismatched room Corp (0.1666ms)
✔ receipt rejects mismatched exact actor (0.1623ms)
✔ receipt rejects mismatched exact room (0.1515ms)
✔ receipt rejects mismatched exact mission (0.2458ms)
✔ receipt rejects mismatched evidence task (0.2291ms)
✔ receipt rejects mismatched event room (0.2191ms)
✔ receipt rejects mismatched partial source (0.2261ms)
✔ current-run rejects later same-task runs and tied times, retaining nanosecond ordering (1.2146ms)
✔ typed resume lineage requires same task and producer, and records unavailable ancestors honestly (2.8666ms)
✔ exact recovery count is run-bound; private policy and notes are omitted (0.928ms)
✔ published-result binds its exact source artifact and hashes opaque source revisions (1.1687ms)
✔ published-result accepts an exact historical publication despite a later same-task run (1.1707ms)
✔ published-result refuses mismatched Factory mission (0.407ms)
✔ published-result refuses mismatched deliverable task (0.3625ms)
✔ published-result refuses mismatched deliverable source base (0.2318ms)
✔ published-result refuses mismatched run deliverable digest (0.1874ms)
✔ published-result refuses mismatched publication run (0.1806ms)
✔ published-result refuses mismatched provenance mission (0.3321ms)
✔ published-result refuses mismatched provenance source issue (0.2153ms)
✔ published-result refuses mismatched provenance target (0.4315ms)
✔ published-result refuses mismatched recorded PR head (0.3511ms)
✔ published-result refuses mismatched recorded PR repository (0.3422ms)
✔ published-result refuses mismatched recorded PR provenance (0.3705ms)
✔ byte verification rejects tampering and each missing or conflicting native response boundary (1.6644ms)
✔ receipt validator rejects extra content, contradictory acceptance, and mixed origin/artifact roles (4.8373ms)
✔ fingerprint tolerates observation timestamps and detects selected source, contract and artifact drift (2.4295ms)
✔ compiled native MCP export performs two captures and downloads only selected-origin artifact IDs (1049.8875ms)
✔ artifact retention selection is bounded before reading host configuration (0.9029ms)
✔ compiled native evidence retains only explicitly selected verified bytes and preserves public receipt schema (511.7836ms)
✔ compiled native evidence rejects an unowned artifact selection before any artifact download (85.491ms)
✔ compiled native evidence never returns retained bytes from a tampered artifact or changed source (243.5936ms)
✔ compiled native exporter keeps opaque runner/model/ref metadata out of every request route (181.3944ms)
✔ compiled native export rejects state drift during its artifact read (185.5982ms)
✔ compiled native export rejects mismatched context before downloading artifacts (91.674ms)
✔ compiled native export refuses artifact redirects without forwarding credentials (89.1519ms)
✔ compiled native export rejects oversized bodies and withholds HTTP error content (174.7056ms)
✔ compiled native export bounds a stalled exact-context body by its whole-operation timeout (1016.4781ms)
✔ receipt CLI writes a create-only metadata file and a compact redacted summary (1533.9369ms)
✔ owned server requires matching executable, creation, endpoint, and workspace (3.8565ms)
✔ manual, remote, stale, or non-owned manifests never authorize restart (0.9182ms)
✔ Windows retains legacy timestamp tolerance and case-insensitive paths (0.3371ms)
✔ legacy Windows identity callers remain supported without weakening explicit checks (2.133ms)
✔ Linux requires the exact boot/PID/start-tick, executable, cwd/root, and socket binding (4.1872ms)
✔ Linux rejects malformed, legacy-Windows, and changed receipts (1.0734ms)
✔ every existing manual port remains denied on Windows and Linux and all loopback hosts (1.6787ms)
✔ remote, credentialed, missing-port, and malformed-scope endpoints fail closed (0.7676ms)
✔ only a complete scoped JSON object is a process receipt (2.024ms)
✔ proc stat parses the final comm parenthesis and preserves 64-bit start ticks (2.0915ms)
✔ proc stat rejects wrong PID, truncated fields, malformed state, and invalid ticks (0.5858ms)
✔ Linux listener proof intersects the exact port and LISTEN state with PID-owned inodes (1.4071ms)
✔ malformed or unavailable proc network input supplies no ownership authority (0.7375ms)
✔ artifact recovery overrides are child-only and match native numeric bounds (0.8924ms)
✔ probe requires explicit scope and forwards only its scoped credential environment (5.3406ms)
✔ probe summary contains collection counts, never snapshot data or private paths (0.793ms)
✔ probe permits HTTP only for normalized canonical loopback origins and requires HTTPS elsewhere (13.2078ms)
✔ recovery probe reports only native metadata and never infers missing capability or exposes policy (1.1788ms)
✔ recovery probe rejects malformed work-item IDs before spawning any gateway (0.8364ms)
✔ compiled recovery probe rejects impossible native numeric metadata and preserves exhausted authority (627.6985ms)
✔ compiled recovery tool makes exactly the selected authorized GET in both modes (151.4668ms)
✔ compiled recovery probe selects one context without reading the broad snapshot or exposing private fields (85.1908ms)
✔ compiled recovery tool refuses malformed IDs, extra scope or effect arguments before HTTP (147.9445ms)
✔ compiled recovery tool rejects mismatched Corp or work-item responses (402.2991ms)
✔ compiled recovery probe preserves authorization and not-found failures without private diagnostics (240.8052ms)
✔ compiled recovery inspection never follows redirects in either gateway mode (159.9753ms)
✔ compiled recovery inspection caps HTTP bodies even in the legacy write-capable gateway mode (153.0012ms)
✔ compiled read-only MCP completes the real stdio handshake and makes only one scoped GET (103.7164ms)
✔ compiled MCP ignores notifications and denies mutating calls before HTTP while preserving the default catalog (162.5168ms)
✔ compiled MCP keeps malformed omitted-ID objects silent and effect-free (read-only) (76.5259ms)
✔ compiled MCP keeps malformed omitted-ID objects silent and effect-free (unrestricted) (83.4414ms)
✔ compiled probe withholds API error content and enforces its whole-probe timeout (1117.8397ms)
✔ compiled read-only inspection rejects redirects without contacting a second origin (175.2753ms)
✔ compiled read-only startup requires every routing variable before serving even initialization (278.6568ms)
✔ compiled read-only flag rejects command-line tokens (split option, CLI only) (89.5699ms)
✔ compiled read-only flag rejects command-line tokens (split option, CLI plus environment) (68.1686ms)
✔ compiled read-only flag rejects command-line tokens (equals option, CLI only) (73.9962ms)
✔ compiled read-only flag rejects command-line tokens (equals option, CLI plus environment) (65.0098ms)
✔ compiled read-only flag accepts only the environment token and exposes the restricted catalog (71.3962ms)
✔ compiled read-only environment rejects command-line tokens (split option, CLI only) (64.0034ms)
✔ compiled read-only environment rejects command-line tokens (split option, CLI plus environment) (62.2261ms)
✔ compiled read-only environment rejects command-line tokens (equals option, CLI only) (68.4096ms)
✔ compiled read-only environment rejects command-line tokens (equals option, CLI plus environment) (69.4514ms)
✔ compiled read-only environment accepts only the environment token and exposes the restricted catalog (88.2103ms)
✔ compiled unrestricted MCP preserves legacy CLI token precedence (split option) (154.7486ms)
✔ compiled unrestricted MCP preserves legacy CLI token precedence (equals option) (149.1017ms)
✔ compiled native read-only HTTP body rejects oversized declared length before end (200) (73.7169ms)
✔ compiled native read-only HTTP body rejects streamed overflow before end (200) (157.4116ms)
✔ compiled native read-only HTTP body rejects oversized declared length before end (403) (96.451ms)
✔ compiled native read-only HTTP body rejects streamed overflow before end (403) (149.9233ms)
✔ compiled native HTTP body accepts the inclusive read-only limit and preserves unrestricted transport (777.2478ms)
✔ compiled native HTTP body preserves small successful and error response behavior (506.1906ms)
✔ withholds all six source ACKs for each of two native automatic attempts (5.642ms)
✔ holds all quality ACK duplicates to the same 8-second deadline, preserving bytes (1.6338ms)
✔ gameplay and integration pass source ACKs unchanged (0.5184ms)
✔ native resume passes ACKs and does not consume a third automatic attempt (0.292ms)
✔ non-source ACK, heartbeat, credential rotation, approval and lifecycle are opaque passthrough (0.4619ms)
✔ rejects foreign or unproven run, Corp and hash before fault decisions (1.2905ms)
✔ assignment rebinding cannot swap a different task, scope or command kind (0.7465ms)
✔ late-ACK release sends one exact original old-run frame once without retagging (1.4854ms)
✔ refuses manual-stack, wrong-repository and missing opt-in config (1.7019ms)
▶ real loopback WebSocket wiring: native schema, ordered forwarding, reconnection and redaction
  ▶ isolated concurrent fixture 1
    ✔ synthetic endpoints require live ownership without relaxing config guards (15.8274ms)
    ✔ persisted owner/name schema binds and stop cannot overtake a pending assignment (61.263ms)
    ✔ upload byte transparency, ACK withholding and metadata non-disclosure (55.7036ms)
    ✔ a stale snapshot/close callback cannot bind, send or close the replacement connection (162.5484ms)
  ✔ isolated concurrent fixture 1 (488.2702ms)
  ▶ isolated concurrent fixture 2
    ✔ synthetic endpoints require live ownership without relaxing config guards (12.078ms)
    ✔ persisted owner/name schema binds and stop cannot overtake a pending assignment (61.9534ms)
    ✔ upload byte transparency, ACK withholding and metadata non-disclosure (52.1704ms)
    ✔ a stale snapshot/close callback cannot bind, send or close the replacement connection (164.9779ms)
  ✔ isolated concurrent fixture 2 (448.0292ms)
✔ real loopback WebSocket wiring: native schema, ordered forwarding, reconnection and redaction (489.8824ms)
✔ relocated doctor checks declared tools through native version commands without leaking ambient secrets or installing (1590.7936ms)
✔ wrong node version produces a failing CLI result (1608.1546ms)
✔ wrong pnpm version produces a failing CLI result (2066.8637ms)
✔ wrong rustc version produces a failing CLI result (1522.0176ms)
✔ wrong cargo version produces a failing CLI result (1476.8943ms)
✔ missing package manager fails without falling back to another host command (1220.6782ms)
✔ failed component probes suppress raw stdout and stderr (1511.8521ms)
✔ unrecognized version output is rejected without echoing the command response (2202.5097ms)
✔ an unavailable pinned rustup toolchain fails instead of installing or selecting stable (1552.1901ms)
✔ already selected direct Rust binaries can be verified without rustup (1525.2445ms)
✔ invalid .node-version declaration fails before any command runs (version) (231.0834ms)
✔ invalid package.json declaration fails before any command runs (version) (206.3975ms)
✔ invalid rust-toolchain.toml declaration fails before any command runs (floating Rust) (211.7168ms)
✔ invalid rust-toolchain.toml declaration fails before any command runs (component) (228.589ms)
✔ unsupported CLI arguments fail before probing tools (239.2027ms)
ℹ tests 1297
ℹ suites 0
ℹ pass 1297
ℹ fail 0
ℹ cancelled 0
ℹ skipped 0
ℹ todo 0
ℹ duration_ms 294946.4534
