$ node --test --test-concurrency=2 --test-timeout=180000 "apps/web/src/**/*.test.mjs" "tools/*.test.mjs"
✔ editor preserves its accessible control names, preview hook, and all six check choices (37.1285ms)
✔ switching check types resets their incompatible fields and retains the rest of the policy (8.1378ms)
✔ every check-field callback retains the selected variant and unchanged checks (14.3055ms)
✔ adding and removing checks preserves tab selection, including external policy shrink and the empty state (14.7083ms)
✔ the 16-check add button limit and oversized-policy feedback are retained (8.1254ms)
✔ manual-gate transitions retain default role ordering, requester exclusion, and explicit removal (11.777ms)
✔ preview keeps exact check order, manual-role labels, heading overrides, and requester-exclusion guidance (1.7238ms)
✔ Factory exact-run navigation replaces a remembered newer outcome before mission remount (3.7688ms)
✔ run navigation ignores the duplicate activity marker in a hidden Factory tab (12.1808ms)
✔ artifact navigation chooses its exact producer while mission-only navigation preserves the current choice (1.1294ms)
✔ unavailable run/task/mission cannot overwrite remembered evidence or open another run (2.6524ms)
✔ storage failure or obsolete viewer fails closed before navigation (2.3333ms)
✔ explicit navigation writes only the selected viewer scope and only the run identity (1.3955ms)
✔ reload keeps the decided run instead of the other pending review or a newer worker (1.5038ms)
✔ remembered evidence is scoped to the API server, Corp, actor and mission (0.3453ms)
✔ missing remembered work never silently substitutes another visible review (0.2177ms)
✔ unreadable or malformed stored context requires explicit selection, not the next review (0.3784ms)
✔ a first visit is distinct from unreadable history; failed writes do not throw (0.2515ms)
✔ only the selected run ID is stored; reviews and authority never enter browser persistence (0.9932ms)
✔ MissionCard scopes remounts, pins initial evidence and fails closed when persistence fails (11.0508ms)
✔ issue210 only the explicit server flag adds correction to a native checkpoint (2.5131ms)
✔ issue210 verifier availability is independent of correction and missing availability preserves legacy behavior (1.0506ms)
✔ issue210 revision source is the exact server-selected verifier, with no cross-item fallback (0.4878ms)
✔ only native proof plus its cancellation marker exposes source-only checkpoint verification (0.2647ms)
✔ a running checkpoint needs no cancellation repair, and ordinary verification failure stays compatible (0.2732ms)
✔ missing/tampered source, checkpoint, head, active recovery or terminal outcome offers no new recovery (0.3355ms)
✔ context requests are not recovery grants and never depend on inferred mission spend/status (0.2287ms)
✔ copied command binding retains the saved connection and never falls back on malformed metadata (0.2455ms)
✔ actual presentation selects the endpoint source, not the newest visible run or mission cancellation (124.3102ms)
✔ issue210 presentation separates provider-free verification from a budgeted same-session fix (26.5607ms)
✔ issue210 source-only and unavailable checkpoint presentations never suggest generic recovery (31.1337ms)
✔ actual context loader is GET-only and admits the exact item/version/mission checkpoint (39.4567ms)
✔ actual context loader rejects stale/cross-scope and malformed flags without snapshot fallback (172.2807ms)
✔ issue210 actual loader accepts boolean correction flags and defaults missing legacy authority closed (50.5261ms)
✔ issue210 exact loader retains true, false and missing checkpoint availability without granting another mode (47.585ms)
✔ actual UI action copies only explicit checkpoint verification with the original scope/connection (202.5558ms)
✔ issue210 actual correction action retains the original CLI route, source and connection (301.3737ms)
✔ issue210 actual card drops correction authority immediately when item, version or actor changes (314.5701ms)
✔ issue210 actual contract submission uses the scoped verifier, not its provider ancestor (49.4938ms)
✔ issue210 editor loading, errors, stale context and denied correction cannot fall back or submit (239.7045ms)
✔ issue210 ordinary contract resume, redispatch and requester/role boundaries stay intact (95.7154ms)
✔ issue210 actual source-only context copies correction and revises the exact verifier; no-mode context does neither (196.8711ms)
✔ actual resume handler and rendered provider control respect native recovery blocking (6.9515ms)
✔ actual App Resume control survives an ineligible ordinary Factory recovery lookup and uses the native actor-bound POST (254.8725ms)
✔ issue221 explicit provider-correction permission permits null head without granting checkpoint or generic resume (0.9236ms)
✔ issue221 actual context reader retains null head/current provider proof and malformed heads remain non-actionable (339.2104ms)
✔ issue221 actual copy/revision actions use only source correction for the latest failed provider with null head (263.6905ms)
✔ wrong-first legacy Project 174 cannot displace the selected live lab controller (2.7446ms)
✔ every Project/repository/Corp component must match, even with an active-item pointer (0.535ms)
✔ GitHub owner/repository case and surrounding whitespace normalize independently (0.3384ms)
✔ missing/malformed scope is neutral rather than an empty-scope match (0.4187ms)
✔ the exact active item wins among live controllers in the same scope (0.3981ms)
✔ a current live scope match wins over a stale offline active-item pointer (0.3071ms)
✔ with only offline matches, retain the exact item rather than crossing scope (0.3127ms)
✔ without an item, prefer useful live intake in the current Corp (0.4971ms)
✔ empty/no-match and unavailable explicit selections never borrow another controller (0.422ms)
✔ heartbeat freshness and stable ID break ties without using array order or mutating inputs (2.0667ms)
✔ snapshot refresh and selected scope changes return the exact new ID/version object (0.3979ms)
✔ the actual FactoryPanel resolver feeds displayed state and both action callbacks (16.6199ms)
✔ the actual component guards controller actions, retains role gating and passes the same callback (10.3129ms)
✔ the actual API action handler targets the resolved controller ID and version for all actions (57.706ms)
✔ the production handler preserves the existing ID-scoped idempotency/version on a lost response (22.8063ms)
✔ primary_rate_limit has a reader-facing reason and an automatic future retry (22.9175ms)
✔ secondary_rate_limit has a reader-facing reason and an automatic future retry (0.671ms)
✔ graphql_quota has a reader-facing reason and an automatic future retry (0.7881ms)
✔ github_unavailable has a reader-facing reason and an automatic future retry (0.5714ms)
✔ quota, cost and timestamps come from the snapshot, not derived or default budgets (2.1227ms)
✔ equivalent offset timestamps have the same local retry time and boundary (1.2275ms)
✔ at or after the retry deadline, waiting is not presented as a successful retry (1.2334ms)
✔ zero remaining, limit, query cost and failures remain real zeros (0.6267ms)
✔ paused desired state wins without rewriting controller health or promising a retry (1.0857ms)
✔ offline health wins over polling metadata, including an elapsed retry (0.9771ms)
✔ paused and offline together retain both conditions and existing paused precedence (0.6033ms)
✔ absent legacy polling leaves the old strip intact and never fabricates a wait (0.2126ms)
✔ missing or malformed backoff data is unavailable, never zero or an invented deadline (0.3567ms)
✔ invalid values are not coerced to numbers or dates and unknown reasons are not rendered raw (1.7238ms)
✔ partial quota data preserves observed zeros while missing fields remain unavailable (0.3541ms)
✔ healthy telemetry does not infer a backoff from a zero quota or failure count (0.4304ms)
✔ UI integration remains read-only, accessible, and uses existing controller controls (17.2456ms)
✔ line normalization preserves argument boundaries, literal punctuation, and duplicate values (1.8624ms)
✔ role entry supports commas and CRLF without silently deduplicating or authorizing roles (0.3679ms)
✔ mission projection retains exact task, runner and human control attribution (4.1192ms)
✔ foreign tasks and same-ID foreign-Corp runners cannot supply collaboration state (0.2437ms)
✔ offline retains work without advertising live control or termination (0.316ms)
✔ connecting retains work without advertising live control or termination (0.2246ms)
✔ a failed snapshot refresh retains exact work without advertising live controls (0.3339ms)
✔ invalid snapshot receipt NaN cannot advertise live controls (0.2922ms)
✔ invalid snapshot receipt Infinity cannot advertise live controls (0.2261ms)
✔ invalid snapshot receipt 0 cannot advertise live controls (0.1539ms)
✔ invalid snapshot receipt -1 cannot advertise live controls (0.2819ms)
✔ expired/malformed lease 2026-09-16T11:59:00Z cannot claim a controller (0.5197ms)
✔ expired/malformed lease 2026-09-16T12:00:00Z cannot claim a controller (0.2033ms)
✔ expired/malformed lease bad cannot claim a controller (0.243ms)
✔ verifying has recorded evidence but no provider controls (0.2407ms)
✔ completed has recorded evidence but no provider controls (0.1014ms)
✔ lost has recorded evidence but no provider controls (0.1494ms)
✔ cancelled has recorded evidence but no provider controls (0.1049ms)
✔ a provider-free run and a superseded agent assignment expose no live controls (0.2845ms)
✔ runner grace and offline remain distinct; neither supplies human presence (0.2215ms)
✔ review links bind exact run/task and explain role and requester exclusion (0.3937ms)
✔ missing and historical identities never become fabricated named owners or current controllers (0.2457ms)
✔ draft cache survives surface remounts but never crosses Corp/actor/room/mission (0.3212ms)
✔ actual component navigation only requests exact context; rendering sends no commands (10.7056ms)
✔ actual disconnected component retains readable evidence with an explicit warning (1.3274ms)
✔ actual failed-refresh component distinguishes stale data from a disconnected transport (0.9839ms)
✔ actual component rejects missing receipt freshness and restores controls after a successful refresh (3.61ms)
✔ App preserves main snapshot metadata and exact-run navigation while passing numeric receipt freshness (6.3357ms)
✔ App embeds existing scoped discussion and pins evidence before exact-run navigation (2.4076ms)
✔ late completion notifies remounted composers without clearing a newer or same-text draft (0.4876ms)
✔ late operation acknowledgment cannot clear a replacement idempotency key (134.0018ms)
✔ actual App selection never substitutes another mission after the selected record disappears (93.155ms)
✔ actual briefing navigation has a visible destination for legacy empty descriptions (71.1667ms)
✔ verification checks do not change launch intent (1.726ms)
✔ review navigation cannot turn its click into a form submission (0.2512ms)
✔ ordinary application setup cannot silently fall back to the fake runtime (0.5147ms)
✔ composer uses two clear steps and starts with an empty goal (0.3802ms)
✔ advanced settings and detailed requirements are optional disclosures (1.0902ms)
✔ closing setup preserves the draft and returns to existing mission context (0.8837ms)
✔ explicit links to existing work reveal it without erasing an open draft (0.7063ms)
✔ native creation and explicit held-plan behavior remain unchanged (0.3548ms)
✔ review keeps the exact source and current server-derived allocation visible (0.5088ms)
✔ scope requires four explicit bounded identities and cannot mutate after submission (2.729ms)
✔ current origin binds the exact view instance, not just equal IDs (0.3338ms)
✔ read issues exactly one encoded, uncached GET with cancellation and no body (8.1888ms)
✔ Direct accepts only exact returned linkage and drops unexpected hidden fields (0.9176ms)
✔ Factory retains only the validated work item, repository, issue number and exact URL (0.9187ms)
✔ all four response identities must echo the bound request exactly (87.6191ms)
✔ missing, malformed and older origin responses never become Direct (1.9394ms)
✔ Factory fields are required and null or missing metadata is never partly accepted (2.6067ms)
✔ Factory rejects invalid work-item identities, repository paths and issue numbers (3.3427ms)
✔ only the raw HTTPS GitHub issue URL matching returned repository and number is accepted (5.1358ms)
✔ mixed-case owner/repository URLs match normalized identity and retain display case (1.0377ms)
✔ valid case-preserving repositories and positive safe issue numbers remain verbatim (0.7978ms)
✔ old endpoints, denied authorization and transport failures stay unavailable without raw errors (23.2595ms)
✔ a synchronous API failure is contained and clears the read timer (0.7197ms)
✔ timeout aborts an unsettled read and suppresses both late success and late failure (1.2214ms)
✔ a settled success or failure cannot be overwritten by an already queued timeout (1.2945ms)
✔ cancellation before the scheduled read prevents even the GET (0.738ms)
✔ in-flight cancellation ignores transports that resolve or reject after abort (1.0288ms)
✔ component reads once for a valid view and renders truthful Direct copy in one styled paragraph (15.6477ms)
✔ component links only a fully validated Factory response, not extra returned fields (2.4063ms)
✔ all four operating roles may read; guests, spectators and unknown roles never request context (10.5112ms)
✔ invalid or absent scope props render the conservative fallback without requesting (12.367ms)
✔ failed exact reads preserve #185 positive or unknown fallback without inventing links or hiding failure (9.7449ms)
✔ a failed origin lookup can be retried explicitly without changing the work identities (3.5611ms)
✔ Corp, actor, room and mission changes hide old success and errors before effect cleanup (9.6646ms)
✔ late success and errors from a replaced request cannot update the current component (10.3095ms)
✔ leaving and returning to identical IDs cannot revive an earlier success or failure (3.5087ms)
✔ same-ID reopened pending requests ignore the original response and error after current denial (2.6384ms)
✔ a guest transition revokes displayed source data and returning operators must read again (1.7463ms)
✔ operating-role and API changes also invalidate old privileged context (2.0738ms)
✔ unmount cancels the read and a fresh mount with identical IDs cannot inherit its outcome (1.8628ms)
✔ one builder preserves the complete current creation payload and retained settings (2.6753ms)
✔ provider defaults, supported reasoning and commit-branch semantics match submission (1.2109ms)
✔ existing deterministic fixture semantics are not converted into provider settings (0.2596ms)
✔ scope freezes the exact serialized body and rejects an actor mismatch (0.5534ms)
✔ every request field, Corp and actor invalidate an earlier quote (0.8886ms)
✔ preview debounces, uses the exact creation body, and calls only the read-only preview POST (9.26ms)
✔ an edit or closing the composer before debounce starts no request (0.3474ms)
✔ an invalidated request is aborted and cannot publish a late successful quote (1.3578ms)
✔ late errors after actor/Corp change or unmount cannot replace the new preview (1.1764ms)
✔ editing away and back still requires a fresh request, not a revived quote (0.8145ms)
✔ allocations are displayed verbatim from the server, not a frontend Studio formula (0.7539ms)
✔ missing or mismatched quote fields never become a current allocation (1.9325ms)
✔ an absent preview endpoint gives a useful failure state without inventing allocations (1.3677ms)
✔ preview response is bounded to eight tasks without reallocating server budgets (0.967ms)
✔ unknown, self, duplicate and oversized dependency references remain unknown allocations (0.8318ms)
✔ retry clears an old failure immediately and can accept a fresh quote (1.524ms)
✔ timeout clears the quote, aborts the request and ignores a late response (0.6196ms)
✔ App shares the request body, invalidates keyed preview instances and retains native Launch (4.8604ms)
✔ mission selection and Discuss use the authoritative non-first owning room (1.5132ms)
✔ mission, task, run and artifact deep links resolve to the same owning room (0.3842ms)
✔ an explicit room deep link and all-discussion view stay in that room (1.497ms)
✔ stale, missing and older mission/room projections never fall back to the first room (0.3209ms)
✔ related work is limited to the selected room and mission, not a fixed item count (2.1959ms)
✔ messages are room-filtered before mission links and out-of-order reply ancestry (0.8327ms)
✔ valid room, mission and inherited reply submissions retain the same scope (0.754ms)
✔ stale actor, Corp, room and mission scopes cannot submit or complete a newer draft (0.3352ms)
✔ a disappearing mission or owning room fences previously valid submissions (0.4006ms)
✔ foreign, missing or stale links and replies cannot silently become general comments (0.6473ms)
✔ guest-shaped and missing Factory projections do not establish Direct origin (0.6629ms)
✔ a mission older than the 500-item Factory window remains origin-unknown (0.4502ms)
✔ a positively matched visible Factory item retains its issue attribution (0.2569ms)
✔ known publication/recovery linkage is generic when intake details are unavailable (0.488ms)
✔ projection helpers preserve the authoritative input and do not retain hidden origin data (0.4262ms)
✔ the UI uses the tested projection and submission helpers on both discussion entry paths (18.4101ms)
✔ scope requires every explicit identity and repository and freezes the view generation (3.9752ms)
✔ the exact scope object, not equal IDs or a prior A -> B -> A view, selects the load (0.6938ms)
✔ one encoded GET is uncached, abortable and body/header/credential free (10.1208ms)
✔ published DTO retains only bound result metadata and leaves raw input untouched (2.0762ms)
✔ only explicit null publication in a correctly scoped response is known absence (3.1118ms)
✔ item and publication scope mismatches never expose links or known absence (9.5453ms)
✔ publication source issue matches the work item without equating authorizer, revisions or checkpoint generations (1.9022ms)
✔ publication and artifact identity tuples plus full digests must all match (4.0122ms)
✔ missing, duplicate and unrelated-first deliverables cannot substitute a result (1.7203ms)
✔ native provenance identity, source/target branches and digests are checked without retaining authority (5.4136ms)
✔ raw GitHub PR URLs allow native slash suffixes but retain exact repository and number checks (6.8343ms)
✔ owner/repository display case is preserved while full hex values compare by bytes (1.6682ms)
✔ PR state, exact head, owner, recorded metadata and phase cannot contradict each other (2.6378ms)
✔ download metadata rejects controls, external/native paths, malformed hashes and invalid sizes (12.886ms)
✔ pending, PR-created, published and failed publication are distinct without claiming a live app (2.8508ms)
✔ only a different valid pinned run is a mismatch; same-run contradictions stay unavailable (0.9656ms)
✔ loading, denied and stale contexts cannot become a result or known absence (2.5535ms)
✔ denials, missing endpoints and sync/async transport failures stay unavailable without raw errors (1.1433ms)
✔ timeout aborts and suppresses late successes and failures without retries (0.8491ms)
✔ queued timeout callbacks cannot overwrite a settled success, absence or denial (0.6341ms)
✔ cancellation before start issues no GET; in-flight cancellation publishes no late data (0.8653ms)
✔ new same-ID generation remains unavailable after denial despite a prior response completing later (0.7386ms)
✔ requester summary does not ask for a forbidden independent decision (4.3762ms)
✔ wrong-role summary explains the existing role requirement (2.0347ms)
✔ eligible independent reviewer keeps the review invitation (2.0638ms)
✔ human gate without requester exclusion still allows the requester (1.6923ms)
✔ completed result does not inherit a pending-review restriction (1.4987ms)
✔ fresh human-only bootstrap can select a runner runtime before any crew exists (3.661ms)
✔ retired and legacy identities neither enable nor suppress advertised runtimes (0.3391ms)
✔ studio requires the exact selected source on a connected runner, not another repository (0.3804ms)
✔ source repository and commit matching are case-insensitive but ref matching is exact (0.2399ms)
✔ unavailable runtimes and non-runtime capabilities are not mission options (0.2825ms)
✔ catalog merging prefers an enabled model without changing the source snapshot (1.4718ms)
✔ unscoped status and crew include ready connection-bound runtimes, but dispatch keeps its exact binding (0.9046ms)
✔ studio always selects Copilot even when another runtime was requested (0.1905ms)
✔ studio does not fall back to another provider or an unavailable Copilot runtime (0.4394ms)
✔ solo selection and deterministic fixtures retain their runtime contracts (0.5328ms)
✔ a disappearing explicit runtime cannot silently switch provider with stale model settings (0.2761ms)
✔ studio uses enabled Copilot model settings or an explicit provider default (0.3317ms)
✔ fixtures ignore hidden provider model settings (0.1864ms)
✔ normal UI bootstrap opts out of seeded crew without changing fixture tooling (14.7818ms)
✔ runtime character descriptors match the shipped manifest, PNG dimensions, and original file bytes (23.2378ms)
✔ named characters and stable worker identities retain their appearance across reordered snapshots (0.8857ms)
✔ numeric roster positions wrap without producing missing characters, and invalid numbers use the default (0.2736ms)
✔ walking uses the original three poses in a 0,1,2,1 cycle at the 150ms boundaries (0.625ms)
✔ idle, typing, reading and facing use the actual source-sheet rows and columns (0.3514ms)
✔ invalid or negative animation time selects the first pose without invalid source coordinates (0.1974ms)
✔ every animation and direction remains inside a real sheet after long-running animation (0.4562ms)
✔ default floor distinguishes connected workers from offline and test registrations (3.1783ms)
✔ omitted and null retirement fields keep legacy and mission identities available (0.2916ms)
✔ every non-null retirement excludes an identity regardless of pin, date, or reported work (0.4219ms)
✔ retired identity remains resolvable in the unmodified historical snapshot (0.3188ms)
✔ retiring the selected agent falls back to current crew, including the empty-roster case (0.3515ms)
✔ pagination filters retirement before assigning seats without mutating order (0.5889ms)
✔ idle does not become working or reviewing from a stale station or pending run request (0.4119ms)
✔ working and blocked status still derive from exact server state and current-run requests (0.2519ms)
✔ #154: a selected worker on a later studio is located on initial mount and selection changes (0.5399ms)
✔ #154: studio lookup follows retirement repagination, not stale seat indexes (0.3382ms)
✔ #154: manual paging survives snapshots, but another selected agent resets page and zoom (0.4996ms)
✔ #154: retirement moving the selected agent to a different page resets the camera (0.1904ms)
✔ #154: mounting or remounting the same starting run never fabricates an arrival (0.1678ms)
✔ #154: only an observed new active run can animate once, and reduced motion wins (0.2454ms)
✔ #154: blocked work takes recovery priority over both idle and ordinary active work (0.5707ms)
✔ #154: exact approvals keep priority, and only an unblocked empty floor offers new work (0.2622ms)
✔ history inspectors retain the full snapshot while the floor uses current identities (17.0519ms)
✔ Factory activity prioritizes the exact outcome review, then tool approval, before newer work (3.5812ms)
✔ selection ignores terminal, denied and foreign tool approvals without inventing a run (0.2958ms)
✔ terminal runs cannot become reviewable or active from dangling pending decision records (20.7675ms)
✔ live task, agent, control, timestamps and safe activity come from one scope without mutation (1.2071ms)
✔ a stale Running intake never claims that a cancelled provider is active (0.8875ms)
✔ pending exact-run outcome review is distinct from an active provider and completion (0.641ms)
✔ tool authority and unavailable decision context do not become outcome approval (1.639ms)
✔ a completed run is not automatically a completed mission or published application (0.7547ms)
✔ retained data cannot claim current execution: {"connection":"offline"} (0.6202ms)
✔ retained data cannot claim current execution: {"connection":"connecting"} (0.7296ms)
✔ retained data cannot claim current execution: {"snapshotFailed":true} (0.4777ms)
✔ retained data cannot claim current execution: {"snapshotReceivedAt":null} (0.3273ms)
✔ grace, offline and wrong-Corp runner records cannot establish provider liveness (1.2254ms)
✔ runner loss and uncertain teardown remain unknown until a positive termination receipt (1.0693ms)
✔ verifier-only runs never appear as a running model (0.6492ms)
✔ quarantine and protected stops stay prominent even with stale transport (1.4609ms)
✔ failed verification, cancelled work and unknown execution modes remain explicit (1.1328ms)
✔ missing, duplicate or foreign task context cannot fall back to another run (0.7186ms)
✔ activity is scoped, deduplicated, ordered, bounded and never reveals raw payloads (2.1212ms)
✔ missing start, invalid clocks and backwards timestamps do not invent a duration (0.9064ms)
✔ expired leases and foreign attribution do not display an active controller (0.915ms)
✔ actual React detail component reuses current classes, native disclosure and escaped text (14.96ms)
✔ the Factory integration uses the existing exact-run selector, scoped snapshot and old callbacks (2.6633ms)
✔ a burst of 1000 streamed events schedules one snapshot instead of 1000 requests (2.3798ms)
✔ events arriving during a request produce exactly one trailing snapshot (5.0034ms)
✔ the final event during the trailing request is not dropped (1.1101ms)
✔ disposing before a scheduled refresh prevents any fetch (0.3938ms)
✔ disposing an actor/Corp scope aborts its request and drops trailing work (2.1962ms)
✔ refresh failures are handled and a later event can still refresh (0.9157ms)
✔ a disposed scope does not report an obsolete aborted read as a new UI error (0.9923ms)
✔ websocket events use the coalescer and cleanup cancels its read scope (4.5312ms)
✔ initial connection is bounded, cancellable and offers retry rather than mission restart (4.2061ms)
✔ actual App presence polling only runs for open connection-dependent views, without reconnecting the event socket (210.6819ms)
✔ artifact defaults retain the current wire shape and do not share mutable values (2.3373ms)
✔ file defaults retain the current wire shape and do not share mutable values (0.1782ms)
✔ command defaults retain the current wire shape and do not share mutable values (0.203ms)
✔ test defaults retain the current wire shape and do not share mutable values (0.1744ms)
✔ json_schema defaults retain the current wire shape and do not share mutable values (0.2111ms)
✔ screenshot defaults retain the current wire shape and do not share mutable values (0.1574ms)
✔ check summaries preserve paths, argument boundaries, byte floors, JSON keys, and rounded timeouts (17.2097ms)
✔ array summaries distinguish item boundaries and preserve exact argument and key values (0.5161ms)
✔ byte-counted summaries use singular byte only for the one-byte floor (0.3131ms)
✔ empty and oversized policies remain invalid, with the 16-check boundary accepted (0.4746ms)
✔ invalid byte floor 0 is reported for every byte-counted check (0.2526ms)
✔ invalid byte floor -1 is reported for every byte-counted check (0.1188ms)
✔ invalid byte floor NaN is reported for every byte-counted check (0.1805ms)
✔ invalid byte floor Infinity is reported for every byte-counted check (0.1804ms)
✔ validation preserves check order and reports missing paths, programs, timeout bounds, and JSON keys (0.4032ms)
✔ manual gates require allowed roles without changing requester-exclusion semantics (0.2368ms)
✔ preserves the existing advisory-validator scope; server schema/path authorization remains authoritative (0.6344ms)
✔ check transformations create new drafts while retaining unchanged evidence checks and gate identity (0.3435ms)
✔ gate transitions preserve checks and retain current deliberate resets even when reselecting a gate type (0.2996ms)
✔ verification labels retain their current wording and fallback formatting (0.2026ms)
✔ WorkResultCard exposes its status and supplied content with metadata collapsed by default (11.1395ms)
✔ ready PR retains its exact URL and only an explicit download invokes the matching callback (12.1038ms)
✔ loading, unavailable and no-publication states do not fabricate a PR or perform actions (5.5642ms)
✔ a historical review mismatch changes selection only through explicit Go to delivered result (3.2806ms)
✔ an unavailable delivered-run target preserves the historical selection and only offers refresh (222.114ms)
✔ a failed publication with a recorded PR remains inspectable without being labeled Published (8.3215ms)
✔ Published is not merged or deployed and its collapsed details never invent a running preview (6.2892ms)
✔ expired artifact retention does not hide an existing PR or replace server download validation (13.0284ms)
✔ actual hook hides prior result before cleanup and aborts on each exact scope change (42.5435ms)
✔ actual hook fences late success and failure before cleanup and after replacement (21.1789ms)
✔ actual hook close and reopen with identical IDs cannot revive old ready or pending data (16.719ms)
✔ actual hook treats positive revision as one refresh hint and never retries failure on render (40.6375ms)
✔ actual App origin-unavailable branch offers manual Refresh work context with no PR CTA (12.0789ms)
✔ actual App first-hop retry exposes the authorized result without moving pinned evidence (26.3268ms)
✔ actual App fallback reports unavailable review details for an unresolved run or request (16.136ms)
✔ actual work pickers retain a deep-linked historical mission outside the recent eight (76.393ms)
✔ actual work pickers do not duplicate a recent selection or invent an absent mission (66.9425ms)
✔ related work includes the third mission, task, run and artifact (2.0881ms)
✔ work links name the actual work rather than presenting only opaque IDs (0.211ms)
✔ related options deduplicate repeated snapshot references (0.2046ms)
✔ mission discussion retains nested replies, including out-of-order snapshots (2.0709ms)
✔ task, run and artifact comments inherit the owning mission only (0.4548ms)
✔ unlinked cycles and missing ancestors cannot manufacture mission context (0.3192ms)
✔ context helpers leave authoritative messages and work objects unchanged (0.3222ms)
✔ work selection follows the owning authorized mission and rejects unknown links (0.2962ms)
✔ human review and automated verification are not advertised as live model sessions (0.3874ms)
✔ enterprise task labels explain the legacy studio lane keys (0.4736ms)
✔ review eligibility explains requester exclusion without bypassing the policy (0.5546ms)
✔ a pending evidence review selects its run rather than a newer active worker (0.3615ms)
✔ a tool-approval wait cannot hide a different pending evidence review (0.1993ms)
✔ review selection rejects mismatched tasks, terminal runs and non-pending requests (0.3304ms)
✔ explicit evidence selection stays bound to that run and cannot inherit another review (0.2238ms)
✔ unselected evidence follows remaining reviews and retains snapshot order without mutation (0.2599ms)
✔ a decided run remains selected until the operator deliberately chooses the next review (0.1994ms)
✔ mission UI binds evidence and decisions and pins the target before submitting (14.9566ms)
✔ runner revision is stable for reordered equivalent records without sorting the input (2.3655ms)
✔ runner revision ignores heartbeat, display and capability churn (0.2767ms)
✔ runner revision changes only when lifecycle identity or presence records change (0.2591ms)
✔ offline presence requests revalidation without rewriting endpoint readiness (0.2659ms)
✔ reconnect mismatch remains a hint until the endpoint itself returns ready presence (0.2933ms)
✔ unknown presence is false and same-ID foreign runners cannot supply presence (1.0073ms)
✔ presence hints never promote or erase native sign-in and installation states (0.5906ms)
✔ revision and presence helpers leave source, models, identity and selection immutable (0.6076ms)
✔ saved choice and source remain present while its machine is offline (0.3994ms)
✔ ready metadata alone cannot borrow another connection or source for dispatch (0.4197ms)
✔ connection UI identity is scoped to actor and room (0.185ms)
✔ native sign-in instructions cannot navigate to another host or credential-bearing URL (0.2423ms)
✔ Windows short alias repository uses the same native source identity (6977.3544ms)
ℹ Executed with a distinct native Windows 8.3 alias
✔ Windows short alias scratch inside source rejects before creating an index (3918.4465ms)
ℹ Executed with a distinct native Windows 8.3 alias
✔ Windows short alias provider artifact is excluded from the candidate (6266.1007ms)
ℹ Executed with a distinct native Windows 8.3 alias
✔ native GIT_TRACE isolation protects source bytes and candidate tree (3115.6185ms)
✔ native GIT_TRACE_PERFORMANCE isolation protects source bytes and candidate tree (3118.7227ms)
✔ native GIT_TRACE_SETUP isolation protects source bytes and candidate tree (3206.514ms)
✔ native GIT_TRACE2 isolation protects source bytes and candidate tree (3347.3655ms)
✔ native GIT_TRACE2_EVENT isolation protects source bytes and candidate tree (3158.2654ms)
✔ native GIT_TRACE2_PERF isolation protects source bytes and candidate tree (3108.177ms)
✔ native source-selection recipe is pinned; drift requires an explicit parity review (0.8981ms)
✔ RED untracked whitespace escapes old diff, fails new command; GREEN clean file passes (6095.7231ms)
✔ checks tracked bytes that are present in the worktree (3459.9066ms)
✔ checks staged modification bytes that are present in the worktree (3636.3999ms)
✔ checks staged addition bytes that are present in the worktree (3525.6122ms)
✔ staged-only bad bytes are not exported when the worktree has clean replacement bytes (5490.8493ms)
✔ clean staged bytes cannot hide bad worktree bytes or revive staged-only deleted additions (3709.6529ms)
✔ assigned base, not current HEAD, determines committed changes, deletions and renamed source (3969.143ms)
✔ conflicted real index is untouched; physical resolution is checked just like native export (7848.2663ms)
✔ literal selection, spaces, leading dash, Unicode and brackets do not become Git pathspecs (5282.1005ms)
✔ selected absent, explicitly ignored and magic/escaping paths fail rather than widen selection (9022.7037ms)
✔ ignored evidence and runner-internal files are absent; provider artifacts reset to base, not deletion (5695.1108ms)
✔ ignored files tracked by the seeded base remain selected; later ignored additions do not (6288.7993ms)
✔ CRLF conversion and attributes use Git blob bytes without rewriting source or index (4944.6851ms)
✔ Windows verified-head seeding retains modes and resets every unselected committed path (4635.6266ms)
✔ binary blobs use native Git diff behavior, not an independent text scanner (3321.5475ms)
✔ a missing real index is neither read nor recreated (2710.7684ms)
✔ linked worktree Git control files and real index are not modified (3780.0584ms)
✔ invalid base, routing override, nested root and in-worktree scratch fail closed (7735.9384ms)
✔ an inherited alternate index is not used or changed (2012.9727ms)
✔ whole-check timeout is a command error, never whitespace success (2175.7878ms)
✔ spawn, buffer, signal and Git failures cannot masquerade as whitespace results (9338.9134ms)
✔ unexpected scratch contents cause visible cleanup failure and are preserved (1472.9857ms)
✔ CLI rejects unknown, missing and unbounded arguments with exit 2 (6347.4075ms)
✔ F01 CLI reports unavailable revision without exposing arguments (2488.7657ms)
✔ F01 CLI reports missing literal selection without exposing arguments (2595.6418ms)
✔ F01 CLI reports ignored literal selection without exposing arguments (2623.2508ms)
✔ F01 CLI retains safe native timeout classification (2671.2402ms)
✔ F01 CLI retains safe native output overflow classification (2874.2387ms)
✔ F01 CLI retains safe native spawn failure classification (3242.6855ms)
✔ F01 CLI retains safe signal classification (2964.7895ms)
✔ F01 CLI retains safe unrecognized filter failure classification (2336.3832ms)
✔ F01 CLI retains safe unknown child fields classification (2660.7137ms)
✔ F01 CLI retains safe timeout with whitespace-like output classification (2770.4674ms)
✔ F01 CLI retains safe overflow with whitespace-like output classification (2736.9918ms)
✔ F01 CLI separates cleanup failure from original failure (2285.3381ms)
✔ F01 CLI separates cleanup failure after successful check (2797.4432ms)
✔ F01 CLI suppresses unsafe parser/filesystem text and retains safe input guidance (3935.1703ms)
✔ F01 CLI correlates retained owned directories without revealing their sensitive root (3318.1258ms)
✔ F01 CLI recognizes a native required clean-filter failure, not a missing path (2860.704ms)
✔ F02 native filter repeated delimiters (24000) cannot stall receipt or cleanup (3907.8901ms)
✔ F02 native filter repeated delimiters (349354) cannot stall receipt or cleanup (3896.6781ms)
✔ F02 final-line recognition handles hostile near-limit shapes without trusting their text (12238.1157ms)
✔ accepts matching current contracts, aliases, CRLF and historical prose outside markers (95.0879ms)
✔ rejects added source validation command and reports expected and actual (71.7262ms)
✔ rejects removed source validation command and reports expected and actual (59.7551ms)
✔ rejects reordered source validation command and reports expected and actual (80.4159ms)
✔ rejects changed documented commands; correcting the documented sequence restores passing (126.194ms)
✔ accepts quoted literal Node globs through aliases while preserving quoted versus shell-expanded arguments (99.8377ms)
✔ rejects a source SDK bump until both current compatibility docs are updated (82.4332ms)
✔ rejects a source CLI bump until both current compatibility docs are updated (81.9199ms)
✔ rejects missing opening marker instead of silently dropping a required documentation contract (80.063ms)
✔ rejects missing closing marker instead of silently dropping a required documentation contract (95.3331ms)
✔ rejects duplicate block instead of silently dropping a required documentation contract (67.3075ms)
✔ rejects reversed markers instead of silently dropping a required documentation contract (64.0284ms)
✔ rejects inline marker instead of silently dropping a required documentation contract (52.3536ms)
✔ requires every current runtime contract and a single SDK and CLI claim inside each (49.0047ms)
✔ rejects missing root alias in the authoritative command sequence (69.6245ms)
✔ rejects cyclic root aliases in the authoritative command sequence (55.1689ms)
✔ rejects shell pipeline in the authoritative command sequence (57.7ms)
✔ rejects quoted shell expansion in the authoritative command sequence (55.681ms)
✔ rejects empty command in the authoritative command sequence (50.8867ms)
✔ rejects unsupported alias arguments in the authoritative command sequence (50.7459ms)
✔ rejects unknown documented aliases and malformed command fences (56.5644ms)
✔ reports missing required documents and an invalid source manifest without silently skipping them (47.2984ms)
✔ fails closed for unconstrained SDK dependency (55.8101ms)
✔ fails closed for SDK pin in wrong table (53.0159ms)
✔ fails closed for duplicate SDK declaration (40.9718ms)
✔ fails closed for missing named runtime constant (41.4782ms)
✔ fails closed for duplicate runtime constant (52.6349ms)
✔ relocated CLI resolves its own repository, executes no documented command, and exits nonzero for drift (323.3525ms)
✔ checkpoint fixture produces a complete, independently tested local application (347.6027ms)
✔ read-only executable hashing accepts Cargo/Git hardlinks without relaxing source isolation (26.6193ms)
✔ exact terminal metadata produces actionable failure and missing-evidence findings using GET only (17.7697ms)
✔ listed artifact is run-scoped metadata and never establishes content or attempt verification (1.8901ms)
✔ refuses active parent (0.8871ms)
✔ refuses wrong repository (0.3723ms)
✔ refuses foreign head repository (0.411ms)
✔ refuses different workflow (0.3353ms)
✔ refuses different head (0.3499ms)
✔ refuses different attempt (0.319ms)
✔ refuses job from other attempt (0.5926ms)
✔ refuses job from other head (0.6848ms)
✔ refuses duplicate job (0.691ms)
✔ refuses unfinished job (0.521ms)
✔ refuses foreign artifact (0.6029ms)
✔ refuses excess artifacts (0.6ms)
✔ complete bounded job pagination is required and supported (8.1802ms)
✔ pagination total drift and final run drift refuse a completed observation (1.3613ms)
✔ expired artifacts and unexplained parent failure remain reviewable rather than passing (1.009ms)
✔ same-source replay is a no-op; changed facts retain revisions and mark no-longer-observed findings (3.6821ms)
✔ previous hash tampering refuses before network reads (0.2709ms)
✔ forged previous findings fail integrity or semantic reconstruction; source changes require a new scope (3.1681ms)
✔ newer prior observations and attempts do not flow backward (2.9636ms)
✔ secret-bearing fields and supplied links never enter a receipt or executable Markdown (0.8746ms)
✔ native read budget rejects alternate endpoints, oversized metadata and late responses (1.1786ms)
✔ omitting all required jobs cannot turn one replacement success job into a complete maintenance result (0.8832ms)
✔ required skipped job needs review even when an earlier run artifact is listed (0.7005ms)
✔ required neutral job needs review even when an earlier run artifact is listed (0.568ms)
✔ failed GETs consume the finite shared admission budget without retries (0.6383ms)
✔ CLI writes new bounded files and refuses output reuse; failures retain no raw API error (41.4698ms)
✔ hosted context binds default observer branch, event and exact parent; local mode makes no hosted claim (12.206ms)
✔ CLI accepts only bounded exact selection and a complete prior pin (0.5399ms)
✔ CI workflow: exact Windows runner failure produces a scoped read-only handoff (1.5704ms)
✔ CI workflow: complete successful jobs need only their own declared report artifacts (0.9919ms)
✔ CI workflow: required artifact-free jobs remain required and must execute (0.8686ms)
✔ Repository checks retains its published contract and previous-receipt no-op semantics (1.5476ms)
✔ CI completeness refuses skipped artifact-free required jobs (0.7799ms)
✔ CI completeness refuses neutral artifact-free required jobs (1.2373ms)
✔ CI completeness rejects replacement jobs and requires only CI report metadata (1.4499ms)
✔ CI observation is not a parent-pass claim and does not inspect diagnostic artifacts (1.284ms)
✔ workflow profiles cannot reuse each other's receipts even at the same source (3.9839ms)
✔ CI identity refuses unknown workflow path (0.3027ms)
✔ CI identity refuses workflow-ID substitution (0.2751ms)
✔ CI identity refuses workflow-name substitution (0.2622ms)
✔ CI identity refuses workflow-path substitution (0.3185ms)
✔ CI identity refuses foreign repository (0.2162ms)
✔ CI identity refuses fork head repository (0.202ms)
✔ CI identity refuses wrong source head (0.7853ms)
✔ CI identity refuses wrong attempt (0.2143ms)
✔ CI identity refuses active CI parent (0.2606ms)
✔ reader allowlist admits exactly the two workflow metadata routes (0.3353ms)
✔ hosted CI event binds workflow identity to the selected native parent (32.7546ms)
✔ workflow trigger keeps trusted observer checkout and read-only scopes for both producers (1.6697ms)
✔ consumer rereads native state using trusted routing and tolerates only observation timing changes (7.0435ms)
✔ consumer refuses task contract revision drift in a fresh observation (1.6804ms)
✔ consumer refuses source base commit drift in a fresh observation (0.7992ms)
✔ consumer refuses verifier digest drift in a fresh observation (1.0007ms)
✔ consumer refuses another actor scope drift in a fresh observation (1.5879ms)
✔ explicit run and mode selections fail before contacting a server (0.6364ms)
✔ denied or unavailable current data does not fall back to a previously passing receipt (0.4063ms)
✔ a matching failed native outcome cannot be consumed as accepted completion (0.6931ms)
✔ file consumption requires the exact expected byte hash and a bounded valid receipt (28.8165ms)
✔ receipt file reads accumulate short native reads before validating bytes (32.5854ms)
✔ receipt file truncate during short reads fails before parsing (6.7793ms)
✔ receipt file grow during short reads fails before parsing (11.2566ms)
✔ framed stat metadata survives arbitrary chunk boundaries without payload disclosure (2.3425ms)
✔ unrelated RPCs and read-file contents are not recorded (1.0033ms)
✔ a response ID type change is visible without recording identifier values (0.4013ms)
✔ oversized frames are skipped without parsing nested payload text as requests (0.4001ms)
✔ optional wire observation forwards exact bytes and drains the child (271.0163ms)
✔ a matching request needs a durable rejection and settled run (2.2876ms)
✔ terminal provider without permission is inconclusive, never a pass (1.517ms)
✔ a rejected but unrelated permission does not satisfy the requested boundary (0.2462ms)
✔ approval acceptance, expiry or missing persisted decision cannot pass (0.3663ms)
✔ a decision or final run from another identity is rejected (0.2629ms)
✔ a provider that has not settled cannot pass the boundary (0.1988ms)
✔ all independent boundary results are required for complete coverage (1.5479ms)
✔ later passing cases remain visible after an earlier inconclusive case (0.3235ms)
✔ duplicate, unknown and malformed results cannot manufacture complete coverage (1.5096ms)
✔ accepts an exact seed and credential-free children of the owned runner (2.8596ms)
✔ a marker elsewhere or an arbitrary GITHUB_TOKEN is not a proven seed (1.2424ms)
✔ absent, ambiguous or foreign runner seed records cannot establish the precondition (0.9509ms)
✔ runner seed booleans must be explicit, not truthy or absent (0.9958ms)
✔ missing spawn and undefined parent IDs cannot accidentally correlate (0.4012ms)
✔ runner spawn must be unique, current and tied to the owned observer (0.8279ms)
✔ a seed observed only after runner spawn cannot prove the launch precondition (0.3575ms)
✔ missing or foreign provider observations cannot satisfy the required count (1.4265ms)
✔ a wrong-parent provider is rejected rather than silently filtered out (0.3763ms)
✔ provider identity and absence booleans must be explicit and valid (1.1057ms)
✔ missing ownership and zero or malformed minimums never allow a vacuous pass (0.6114ms)
✔ actual successful relative, absolute and round-trip view results are required (1.8908ms)
✔ provider self-report and final file existence are not native-read evidence (1.0272ms)
✔ a missing absolute read or readback cannot pass (1.0384ms)
✔ missing-file errors and successful-but-wrong content remain failures (0.5132ms)
✔ wrong-session or conflicting tool results cannot manufacture evidence (1.1591ms)
✔ an external path with the same filename is not the assigned seed (0.2931ms)
✔ an incomplete stream is explicitly incomplete, not successful empty coverage (0.1891ms)
✔ runner observation proves the synthetic credential was inherited (270.2556ms)
✔ a missing seed fails before starting a runner (154.625ms)
✔ provider observation confirms removal before invoking the real binary (243.4674ms)
✔ an inherited provider credential fails before any provider execution (146.8688ms)
✔ a marker under another key cannot hide a missing runner GITHUB_TOKEN seed (139.8284ms)
✔ a different token plus an unrelated marker cannot manufacture an exact runner seed (137.1116ms)
✔ a provider token other than the canary is still rejected before child execution (148.5963ms)
✔ a provider canary under another key remains a failing credential boundary (147.1559ms)
✔ uninvoked production modules remain in the coverage denominator with zero hits (13.4558ms)
✔ missing production files cannot produce a passing partial coverage result (0.6243ms)
✔ duplicate and out-of-scope files cannot inflate the denominator (1.7051ms)
✔ missing, duplicate and impossible native counts are rejected (0.7125ms)
✔ truncated records are never accepted as completed coverage evidence (0.457ms)
✔ zero available branches are reported as not applicable instead of fabricated 100 percent (0.4096ms)
✔ issue195 public receipt binds parent binaries, pinned runtime identity, and distinct task source (7.5869ms)
✔ explicit current fixture hash, suspend tokens, and missing-artifact switch normalize without disk reads (1.3185ms)
✔ rebuilt server/runner receipt hashes and an explicit rebuilt CLI hash remain valid and bound (4.9139ms)
✔ all required options are explicit; help is inert (1.278ms)
✔ every duplicate value option and duplicate boolean switch fails closed (2.226ms)
✔ unknown targets, positionals, missing operands, and equals-form options are rejected (0.7148ms)
✔ configuration rejects old issue190 (0.3075ms)
✔ configuration rejects string issue number (0.2164ms)
✔ configuration rejects parent rather than candidate code (0.2455ms)
✔ configuration rejects runtime commit used as task source (0.4431ms)
✔ configuration rejects unpinned source ref (0.2648ms)
✔ configuration rejects another runner (0.2731ms)
✔ configuration rejects unowned receipt (0.5689ms)
✔ configuration rejects not-running supervisor (0.4982ms)
✔ configuration rejects missing owner (0.5107ms)
✔ configuration rejects invalid owner (0.7945ms)
✔ configuration rejects changed code checkout (0.286ms)
✔ configuration rejects changed source checkout (0.1981ms)
✔ configuration rejects changed worktree root (0.1942ms)
✔ configuration rejects invalid server digest (0.2238ms)
✔ configuration rejects invalid runner digest (0.2922ms)
✔ configuration rejects executable substitution (0.403ms)
✔ configuration rejects binary outside owned bin (0.3473ms)
✔ configuration rejects missing public process (0.2232ms)
✔ configuration rejects wrong process role (0.4207ms)
✔ configuration rejects wrong process workspace (0.4589ms)
✔ configuration rejects invalid process pid (0.4317ms)
✔ configuration rejects invalid process start (0.3454ms)
✔ synthetic VerifyRun evidence distinguishes awaiting independent review from accepted completion (13.0186ms)
✔ forced commit_branch export rejection is a named failure, never archive bypass or approval (2.8044ms)
✔ missing-required-provider-Artifact negative shares the native checks without inventing bytes (3.2614ms)
✔ assessRecovery refuses original usage rewritten (3.1944ms)
✔ assessRecovery refuses original output history changed (2.371ms)
✔ assessRecovery refuses provider-attempt counter reset (2.6388ms)
✔ assessRecovery refuses provider-attempt maximum changed (1.9042ms)
✔ assessRecovery refuses source incident changed (2.1284ms)
✔ assessRecovery refuses checkpoint authority absent (2.4377ms)
✔ assessRecovery refuses different context source (1.9675ms)
✔ assessRecovery refuses budget reset hidden in context (1.7923ms)
✔ assessRecovery refuses another native recovery (1.9446ms)
✔ assessRecovery refuses source-correction instead of verification (2.348ms)
✔ assessRecovery refuses recovery contract revision (1.7519ms)
✔ assessRecovery refuses changed recovery reason (1.6716ms)
✔ assessRecovery refuses weakened replacement policy (1.7544ms)
✔ assessRecovery refuses new provider session (2.447ms)
✔ assessRecovery refuses allocated model tokens (1.8122ms)
✔ assessRecovery refuses allocated model cost (1.862ms)
✔ assessRecovery refuses consumed input tokens (1.7243ms)
✔ assessRecovery refuses consumed output tokens (1.8969ms)
✔ assessRecovery refuses consumed model cost (2.1586ms)
✔ assessRecovery refuses different workspace root run (1.7286ms)
✔ assessRecovery refuses replacement workspace not preserved (2.0313ms)
✔ assessRecovery refuses replacement fingerprint changed (1.8226ms)
✔ assessRecovery refuses invented provider artifact (2.3676ms)
✔ assessRecovery refuses provider event outside snapshot window (2.1158ms)
✔ assessRecovery refuses native command acknowledgment missing (1.7986ms)
✔ assessRecovery refuses missing native app check (2.032ms)
✔ assessRecovery refuses evidence kind mismatch (2.2611ms)
✔ assessRecovery refuses independent-review self-approval (2.2775ms)
✔ assessRecovery refuses accepted run before gate decision (2.6706ms)
✔ assessRecovery refuses missing factory completion event (1.9039ms)
✔ assessRecovery refuses empty source deliverable (3.0448ms)
✔ assessRecovery refuses wrong deliverable provenance (3.3732ms)
✔ download validation uses in-memory bytes and checks payload digests without claiming a browser test (4.0717ms)
✔ configuration refuses target http://localhost:18574 (0.2763ms)
✔ configuration refuses target https://127.0.0.1:18574 (0.1264ms)
✔ configuration refuses target http://127.0.0.1:18574/ (0.1474ms)
✔ configuration refuses target http://127.0.0.1:18575 (0.1117ms)
✔ configuration refuses target http://127.0.0.1:8791 (0.1407ms)
✔ configuration refuses target http://127.0.0.1:18574/api (0.1346ms)
✔ configuration refuses target http://127.0.0.1:18574?x=1 (0.0979ms)
✔ configuration refuses target http://example.invalid:18574 (0.0942ms)
✔ configuration refuses target http://user:password@127.0.0.1:18574 (0.0944ms)
✔ configuration refuses target http://[::1]:18574 (0.094ms)
✔ absolute path and owned-output boundaries reject aliases, devices, UNC, ADS, and root reuse (4.0142ms)
✔ explicit independent reviewer, valid digest, and bounded numeric options are mandatory (6.5113ms)
✔ reports expose hashes and constrained identity, never receipt metadata or provider output (1.5053ms)
✔ saved report cannot adopt changed authority, extra fields, or identities without prior intent (4.8692ms)
✔ baseline and journal never consult the bounded snapshot.events window (24.8532ms)
✔ baseline preserves every pre-existing missions record (1.2245ms)
✔ baseline preserves every pre-existing tasks record (0.7548ms)
✔ baseline preserves every pre-existing runs record (0.8452ms)
✔ baseline preserves every pre-existing factory_work_items record (0.8673ms)
✔ baseline preserves every pre-existing factory_verification_recoveries record (0.852ms)
✔ baseline preserves every pre-existing verification_evidence record (0.7776ms)
✔ baseline preserves every pre-existing verification_requests record (0.8349ms)
✔ baseline preserves every pre-existing source_deliverables record (1.6997ms)
✔ baseline preserves every pre-existing mission_contract_revisions record (0.848ms)
✔ baseline preserves every pre-existing mission_budget_revisions record (0.9081ms)
✔ baseline preserves every pre-existing action_approvals record (1.0837ms)
✔ baseline preserves every pre-existing circuit_breaker_incidents record (1.0251ms)
✔ baseline permits additive rows and events while forbidding live work and missing history tables (1.9605ms)
✔ journal requires exact Ready watermark, ordered unique same-Corp events, and bounded count (0.9165ms)
✔ buildPlan is deterministic, fresh, output-owned, and mirrors one ready synthetic issue (1.4512ms)
✔ factory argv remains pinned and recovery only appends the exact checkpoint mode and recorded reason (1.5736ms)
✔ persisted app, base-file, exact hash command and independent-review checks cannot be replaced by Artifact (9.4097ms)
✔ checkpoint digests use Rust field order, preserve app policy, and retain forced commit_branch authority (0.7126ms)
✔ invokeFactory uses only injected child I/O, a bounded timeout, and a non-inherited environment (1.5798ms)
✔ invokeFactory never retries an uncertain execution or logs raw stdout/stderr (2.2569ms)
✔ explicit Windows assessment preserves historical paths on every host (5.4988ms)
✔ default host assessment still rejects foreign path namespaces (1.7037ms)
✔ assessOriginal binds native stop from full replay, not snapshot.events (2.8363ms)
✔ assessOriginal binds native suspend from full replay, not snapshot.events (2.9177ms)
✔ assessOriginal rejects provider attempt increment without accepting or replacing work (1.5799ms)
✔ assessOriginal rejects attempt ceiling revision without accepting or replacing work (0.7795ms)
✔ assessOriginal rejects current budget revision without accepting or replacing work (0.7469ms)
✔ assessOriginal rejects original budget rewrite without accepting or replacing work (0.7992ms)
✔ assessOriginal rejects persisted hash verifier removal without accepting or replacing work (0.7352ms)
✔ assessOriginal rejects manual gate weakening without accepting or replacing work (1.2872ms)
✔ assessOriginal rejects contract source replacement without accepting or replacing work (1.0361ms)
✔ assessOriginal rejects write scope replacement without accepting or replacing work (0.8005ms)
✔ assessOriginal rejects archive bypass of forced commit_branch without accepting or replacing work (1.0285ms)
✔ assessOriginal rejects provider secret authority without accepting or replacing work (0.7842ms)
✔ assessOriginal rejects extra provider run without accepting or replacing work (1.5954ms)
✔ assessOriginal rejects extra task without accepting or replacing work (1.0093ms)
✔ assessOriginal rejects changed factory owner without accepting or replacing work (0.6876ms)
✔ assessOriginal rejects changed issue revision without accepting or replacing work (0.7382ms)
✔ assessOriginal rejects wrong assigned runner without accepting or replacing work (0.7302ms)
✔ assessOriginal rejects producer reviewing itself without accepting or replacing work (1.2592ms)
✔ assessOriginal rejects source-checkout execution without accepting or replacing work (1.3927ms)
✔ assessOriginal rejects quarantined checkpoint without accepting or replacing work (1.2275ms)
✔ assessOriginal rejects loop-counter change without accepting or replacing work (1.1937ms)
✔ assessOriginal rejects rewritten usage without accepting or replacing work (1.3932ms)
✔ assessOriginal rejects invented provider artifact without accepting or replacing work (1.236ms)
✔ assessOriginal rejects checkpoint missing without accepting or replacing work (1.9493ms)
✔ assessOriginal rejects checkpoint policy digest changed without accepting or replacing work (1.1484ms)
✔ assessOriginal rejects provider still alive without accepting or replacing work (1.23ms)
✔ assessOriginal rejects budget command not acknowledged without accepting or replacing work (1.1998ms)
✔ assessOriginal rejects budget incident missing without accepting or replacing work (0.8807ms)
✔ assessOriginal rejects previously recorded run missing without accepting or replacing work (0.8126ms)
✔ assessOriginal rejects accepted provider progress hidden before snapshot window without accepting or replacing work (0.8811ms)
✔ suite pauses for native browser review by default and only observes external approval on continuation (52.9018ms)
✔ suite retains native forced-commit export failure and performs no review, download, or policy bypass (23.2363ms)
✔ suite missing-Artifact negative is explicit rejection, not verified delivery or fabricated provider evidence (18.6834ms)
✔ --continue cannot create a baseline or begin an unrecorded mutation (7.6473ms)
✔ unknown create response is never retried; continuation times out without adopting replacement work (43.6282ms)
✔ lost create response reconciles the exact item/run, but --continue cannot authorize recovery (11.5062ms)
✔ lost recovery response binds the recorded replacement; continuation only pauses for its exact browser gate (18.5764ms)
✔ external browser approval completes exact recorded work without retries or erasing earlier failure history (38.3148ms)
✔ suite never mutates when independent reviewer is missing (3.3672ms)
✔ suite never mutates when independent reviewer is not human (3.7984ms)
✔ suite never mutates when independent reviewer is unauthorized role (2.7623ms)
✔ suite never mutates when independent reviewer is guest (2.9686ms)
✔ suite never mutates when independent reviewer is wrong Corp (3.2498ms)
✔ failed intent persistence or changed parent inputs prevents the corresponding native effect (19.956ms)
✔ a colliding synthetic item without saved create intent is never adopted or mutated (4.0269ms)
✔ wrong physical base bytes stop before recovery; tampered downloads stop without another attempt (35.3637ms)
✔ --continue fails closed when recorded work disappears, with no new mission or native retry (27.9426ms)
✔ explicit browser-review flag preserves the default two-step flow without a scripted-review mode (12.1476ms)
✔ browser-review pause cannot be continued with substituted gate identities or reviewer (12.8141ms)
✔ production I/O exposes no review POST and confines injected requests to exact GET routes (23.8855ms)
✔ runtime factory adapter never retries an ambiguous injected CLI call (1.0349ms)
✔ server-upgrade option is explicit, continue-only, and confined to the owned runtime directory (18.1872ms)
✔ server-only upgrade retains the original binding/failure and separately records server provenance read-only (35.4079ms)
✔ upgrade rejects runner/web/CLI changes, a mismatched old binding, and conflicting server provenance (18.3277ms)
✔ same-verifier native checkpoint re-attestation accepts a real run_id-only VerificationRequest (2.3135ms)
✔ checkpoint re-attestation cannot target another run, duplicate an ACK, or permit provider usage (3.141ms)
✔ strict phase parsing and explicit opt-in (6.7582ms)
✔ reject manual/default/aliased ports, credentials, ambiguous URLs and mismatched environment before API access (6.5958ms)
✔ verification is GET-only and no phase can call decision/reset/bootstrap/foreign-Corp routes (2.0717ms)
✔ prepare → newer approved → isolated replay observation → explicit older approval → automatic synthesis (110.0495ms)
✔ lost create response adopts exact marker without sending a second create (17.143ms)
✔ unknown create that never arrived fails closed, never creates a replacement (3.0573ms)
✔ lost revision response replays the exact native UUID and preserves only two revisions (50.2278ms)
✔ lost launch response recovers exact root IDs by readback, never dispatches again (24.0275ms)
✔ wrong source/pinned staffing/non-quiescent fixture rejected before any POST (2.4197ms)
✔ cannot skip intermediate observation or approve the older run first (49.8747ms)
✔ exact reviewer attribution, artifact binding and no second decision are enforced (69.3012ms)
✔ duplicate decision event and journal rollover cannot pass as replay isolation (47.664ms)
✔ checkpoint fixture mismatch and modified pre-existing rows are rejected (31.0855ms)
✔ failed artifact download is rechecked on prepare resume without more POSTs (20.2301ms)
✔ linux: native unavailable admission is a verified refusal, not provider success (285.6819ms)
✔ darwin: native unavailable admission is a verified refusal, not provider success (240.0108ms)
✔ Windows: an unavailable provider remains a failure (236.9384ms)
✔ Unix: accidentally accepting an unsupported provider fails the contract (241.4518ms)
✔ Unix: an unrelated admission failure cannot stand in for containment refusal (228.167ms)
✔ Unix: a refusal with a persisted run is rejected (230.6816ms)
✔ Unknown runner platforms fail before resetting a fixture (118.5065ms)
✔ A Linux expectation cannot conceal an unavailable Windows runner (192.3692ms)
✔ Unknown reported runner OS fails before creating provider work (185.0188ms)
✔ An owned child stuck on HTTP is reaped before fixture cleanup (2039.0071ms)
✔ explicit CLI and parent runtime receipt reuse retain owner/source/process binding (7.6489ms)
✔ additive request changes only the fixture case, keeps native 5000 authority and no delivery/resume (0.7943ms)
✔ shared client sends exact additive create/launch bodies without retries or extra routes (26.9142ms)
✔ pure native trace accepts actual ACK before failure/termination without prescribing that order (6.3974ms)
✔ pure native trace accepts actual ACK between failure/termination without prescribing that order (2.9124ms)
✔ pure native trace accepts actual ACK after failure/termination without prescribing that order (1.4581ms)
✔ pure evidence rejection: missing actual artifact rejection (1.3709ms)
✔ pure evidence rejection: unrelated failure (1.1795ms)
✔ pure evidence rejection: termination before failure is not the race (1.8985ms)
✔ pure evidence rejection: missing termination is not success (1.6578ms)
✔ pure evidence rejection: missing ACK remains unproven (1.0797ms)
✔ pure evidence rejection: wrong command correlation (1.2475ms)
✔ pure evidence rejection: wrong ACK runner (1.0521ms)
✔ pure evidence rejection: foreign session event scope (0.6942ms)
✔ pure evidence rejection: non-native event attribution (1.0229ms)
✔ pure evidence rejection: wrong native event identity (0.9492ms)
✔ pure evidence rejection: rewritten failure summary (0.8007ms)
✔ pure evidence rejection: agent still assigned (0.7343ms)
✔ pure evidence rejection: task resurrected (0.6725ms)
✔ pure evidence rejection: mission resurrected (0.8854ms)
✔ pure evidence rejection: accepted artifact metadata (0.8949ms)
✔ pure evidence rejection: late accepted completion even if snapshot says failed (0.8601ms)
✔ pure evidence rejection: accepted artifact even outside bounded snapshot.events (0.8962ms)
✔ pure evidence rejection: verification event is forbidden (0.7066ms)
✔ pure evidence rejection: uncertain teardown is forbidden (0.842ms)
✔ pure evidence rejection: accepted evidence record (1.2811ms)
✔ pure evidence rejection: budget revision (0.7421ms)
✔ pure evidence rejection: replacement run (0.5709ms)
✔ pure evidence rejection: source substitution (0.9842ms)
✔ pure evidence rejection: verification-only execution cannot attest a provider (0.6453ms)
✔ pure evidence rejection: usage must be exactly two 3000-token increments (0.8226ms)
✔ invalid native termination payload cannot pass (null) (0.7976ms)
✔ invalid native termination payload cannot pass ([]) (0.7572ms)
✔ invalid native termination payload cannot pass ({}) (0.6243ms)
✔ invalid native termination payload cannot pass ({"adapter":"other"}) (0.765ms)
✔ invalid native termination payload cannot pass ({"provider_process_alive":true}) (0.9707ms)
✔ invalid native termination payload cannot pass ({"provider_process_alive":"false"}) (1.1459ms)
✔ invalid native termination payload cannot pass ({"outcome":"verified"}) (1.266ms)
✔ invalid native termination payload cannot pass ({"message":""}) (1.1563ms)
✔ invalid native termination payload cannot pass ({"message":1}) (1.2699ms)
✔ invalid native termination payload cannot pass ({"message":"xxxxxxxxxxxxxxxxxxxxxxxxxxxxxxxxxxxxxxxxxxxxxxxx) (1.3018ms)
✔ invalid native termination payload cannot pass ({"message":"untrusted\ntext"}) (1.5764ms)
✔ invalid native termination payload cannot pass ({"message":"
"}) (0.6076ms)
✔ invalid native termination payload cannot pass ({"credential":"PRIVATE_PROVIDER_CONTENT_OR_ASSIGNMENT_TOKEN_) (0.5852ms)
✔ all native terminal outcomes and absent optional message are valid telemetry, not accepted completion (3.3578ms)
✔ one additive case checkpoints and announces intent/IDs, retains history, and waits for quiet readback (28.1384ms)
✔ passed same-case continuation recomputes proof with zero further mutations (25.5744ms)
✔ createLost: failure preserves exact intent, continuation never retries an attempted POST (12.9139ms)
✔ createUnknown: failure preserves exact intent, continuation never retries an attempted POST (1.7218ms)
✔ launchLost: failure preserves exact intent, continuation never retries an attempted POST (15.7694ms)
✔ launchUnknown: failure preserves exact intent, continuation never retries an attempted POST (4.141ms)
✔ bounded live failure leaves the original run live, IDs and intent intact, with no replacement (37.3939ms)
✔ missing late telemetry is a bounded failure with actual ACK order, not a race claim (21.5019ms)
✔ natural later telemetry/finalization can settle without rewriting terminal state or historical events (13.5629ms)
✔ settling cannot hide changed terminal run summary (4.2295ms)
✔ settling cannot hide changed terminal task (4.1618ms)
✔ settling cannot hide changed terminal mission (4.2247ms)
✔ settling cannot hide changed terminal agent (6.0263ms)
✔ settling cannot hide changed old run (3.9332ms)
✔ settling cannot hide changed old agent (4.1411ms)
✔ settling cannot hide changed old journal prefix (4.1807ms)
✔ settling cannot hide changed original failure event (4.9461ms)
✔ saved report cannot substitute receipt, native authority, source, or erase baseline after an effect (1.9769ms)
✔ report save uses exclusive lock, private synced temp and atomic rename; refuses implicit overwrite (3.8118ms)
✔ stale locks are never stolen and failed saves retain original report and orphaned temp (1.1611ms)
✔ report cannot replace receipt; bounded reads reject links, hardlinks and inode swaps before reading (1.4325ms)
✔ CLI is explicit, non-ambient, duplicate/unknown flags fail (3.895ms)
✔ explicit parent runtime metadata aligns without opening any named process/log/source (3.7654ms)
✔ rejects protected/manual API port 5187 (0.257ms)
✔ rejects protected/manual API port 5291 (0.1842ms)
✔ rejects protected/manual API port 8791 (0.2538ms)
✔ rejects protected/manual API port 8793 (0.1844ms)
✔ rejects protected/manual API port 8991 (0.1764ms)
✔ rejects protected/manual API port 15191 (0.195ms)
✔ rejects protected/manual API port 15193 (0.266ms)
✔ rejects protected/manual API port 15491 (0.4014ms)
✔ rejects protected/manual API port 15493 (0.2357ms)
✔ rejects protected/manual API port 15496 (0.2101ms)
✔ rejects protected/manual API port 18961 (0.2543ms)
✔ rejects protected/manual API port 18962 (0.1784ms)
✔ rejects protected/manual API port 18963 (0.1382ms)
✔ rejects ambiguous or non-owned origin http://localhost:18574 (0.2411ms)
✔ rejects ambiguous or non-owned origin http://127.1:18574 (0.1757ms)
✔ rejects ambiguous or non-owned origin http://[::1]:18574 (0.1716ms)
✔ rejects ambiguous or non-owned origin https://127.0.0.1:18574 (0.2317ms)
✔ rejects ambiguous or non-owned origin http://127.0.0.1:18574/ (0.1988ms)
✔ rejects ambiguous or non-owned origin http://127.0.0.1:18574/api (0.1298ms)
✔ rejects ambiguous or non-owned origin http://127.0.0.1:18574?x=1 (0.4406ms)
✔ rejects ambiguous or non-owned origin http://redacted:redacted@127.0.0.1:18574 (0.3161ms)
✔ rejects ambiguous or non-owned origin http://example.com:18574 (0.2656ms)
✔ receipt requires complete immutable source, no unknown authority or provider substitution (3.1156ms)
✔ native requests preserve single strategy, exact source, budget, File verifier, no deliverable (0.5912ms)
✔ Rust policy digest uses explicit declaration order, not JS/JSONB property order (0.6941ms)
✔ canonical containment handles Windows drive prefixes but rejects aliases/escapes (0.7675ms)
✔ POSIX containment rejects traversal, equality and sibling prefixes (0.5273ms)
✔ base.txt reads exactly five bytes, and all link/reparse/hardlink failures occur before open (8.9473ms)
✔ opened-file identity swaps fail closed without reading bytes (1.2131ms)
✔ runners are top-level; nested-only, unavailable, foreign, ambiguous or different-source runners fail (1.0121ms)
✔ suspend: actual usage -> breaker -> native teardown -> exact checkpoint -> terminal (2.3055ms)
✔ stop: actual usage -> breaker -> native teardown -> exact checkpoint -> terminal (0.94ms)
✔ rejects missing checkpoint (0.8772ms)
✔ rejects foreign Corp proof (0.7642ms)
✔ rejects foreign mission proof (0.7756ms)
✔ rejects foreign task proof (0.8806ms)
✔ rejects foreign run proof (1.3504ms)
✔ rejects foreign agent proof (0.8611ms)
✔ rejects foreign runner proof (0.7197ms)
✔ rejects wrong original base (0.7097ms)
✔ rejects changed HEAD (0.6952ms)
✔ rejects changed fingerprint (0.6201ms)
✔ rejects arbitrary JS policy ordering (0.6503ms)
✔ rejects changed write digest (0.6687ms)
✔ rejects changed deliverable digest (0.685ms)
✔ rejects token in proof (0.9462ms)
✔ rejects live provider (0.6127ms)
✔ rejects wrong adapter (0.6331ms)
✔ rejects foreign event lineage (0.5207ms)
✔ rejects late checkpoint (0.7261ms)
✔ rejects missing usage (0.7132ms)
✔ rejects fake cumulative usage (0.5234ms)
✔ rejects wrong breaker metric (0.8362ms)
✔ rejects wrong command acknowledgement (0.8084ms)
✔ rejects accepted artifact (0.5803ms)
✔ rejects verification started (0.9295ms)
✔ rejects lost is not completion (0.5164ms)
✔ rejects agent still assigned (0.5858ms)
✔ rejects automatic retry (1.0339ms)
✔ rejects replacement task (0.7588ms)
✔ rejects resume lineage (0.5336ms)
✔ rejects budget override (0.3522ms)
✔ rejects write scope widening (0.3567ms)
✔ rejects policy weakening (0.3446ms)
✔ rejects path outside runner (0.6519ms)
✔ rejects unknown projection strings are not logged (0.4447ms)
✔ rejects non-native none breaker projection is rejected (0.6343ms)
✔ rejects accepted evidence row (0.6936ms)
✔ full replay, not the bounded snapshot, rejects earlier run.completed (0.6315ms)
✔ full replay, not the bounded snapshot, rejects earlier run.verification_started (1.4075ms)
✔ full replay, not the bounded snapshot, rejects earlier run.verification_evidence (0.9385ms)
✔ full replay, not the bounded snapshot, rejects earlier run.artifact (1.1551ms)
✔ full replay, not the bounded snapshot, rejects earlier run.deliverable (0.5382ms)
✔ full replay, not the bounded snapshot, rejects earlier run.workspace_removed (0.5298ms)
✔ full replay, not the bounded snapshot, rejects earlier run.teardown_uncertain (0.8946ms)
✔ visible history and original journal prefix are immutable; no whole-database inference (1.5879ms)
✔ journal bounds, strict ordering, non-contiguous visible sequences and Ready watermark (0.6132ms)
✔ API requests allow only exact scoped snapshot/create/launch, never reset/policy/resume (25.4032ms)
✔ HTTP errors with sensitive bodies are not retried or exposed (0.6713ms)
✔ oversized API responses fail at the byte bound, with no response body in the error (10.075ms)
✔ native journal API requires a real Ready watermark and refuses partial replay (1.616ms)
✔ two additive cases checkpoint intent/IDs, retain old history, and pass only after quiet observation (27.8228ms)
✔ baseline counts are dynamic, including completed prior browser-created missions (29.769ms)
✔ completed checkpoint continuation is read-only and never re-launches either case (32.7635ms)
✔ timeout leaves a live run LIVE with its original ID and never starts a replacement/second case (25.689ms)
✔ lost create response discovers exact original IDs; intentional continuation sends no duplicate (17.1431ms)
✔ uncertain create without an observable result blocks continuation, never replacement (1.452ms)
✔ lost launch response discovers exact original IDs; intentional continuation sends no duplicate (16.4948ms)
✔ uncertain launch without an observable result blocks continuation, never replacement (2.2778ms)
✔ driver failure keeps IDs and failure report; late accepted verification cannot pass (9.3336ms)
✔ saved report cannot change receipt/source/runner/process scope or invent successful authority (1.5084ms)
✔ existing budget-stream keeps its original synthetic 6000-token contract (1177.8738ms)
✔ UI budget-stream uses the real 500K preset with explicit synthetic counters (1142.15ms)
✔ native interrupt prevents later usage and completion in the UI fixture (280.286ms)
✔ original budget-stream still interrupts before its second usage and scheduled completion (287.8299ms)
✔ queued completion emits exact usage and completed before a subsequent interrupt response (169.1033ms)
✔ actual queued fixture writes base then emits both usages and finish synchronously without timers (4.7387ms)
✔ User/Organization resolver verifies owner and project number without reading items (1023.792ms)
✔ opaque paginated active-only discovery retains 1002 items and exact Issue source (2267.4676ms)
✔ empty pages, invalid cursors and archived cursors never silently restart pagination (1292.9573ms)
✔ quota-only probes accept include flags before/after endpoint and retain plain JSON (616.3937ms)
✔ exact items, memberships and publisher fields support metered and legacy plain callers (1307.0724ms)
✔ configured primary refusal exposes reset headers and recovers exactly at fixture reset (475.8971ms)
✔ secondary failures are finite per-query attempts even with interleaved probes (799.9107ms)
✔ 503 failures expose Retry-After without spending quota or triggering source mutation (368.4103ms)
✔ source-drift hook remains shared across pages, legacy lists and exact reads only (1343.5291ms)
✔ legacy Project edits and publisher PR mutation/recovery semantics are preserved (1002.8565ms)
✔ errors and observation logs never echo credentials, headers, query text or variables (712.8294ms)
✔ invalid quota/failure configurations fail safely and event retention is bounded (1380.0064ms)
✔ parses HTTPS clone URL without resolving redirects (3.7535ms)
✔ parses HTTPS repository URL without resolving redirects (0.4919ms)
✔ parses HTTPS default port without resolving redirects (0.2174ms)
✔ parses SSH SCP URL without resolving redirects (0.3915ms)
✔ parses SSH URI without resolving redirects (0.2901ms)
✔ parses SSH default port without resolving redirects (0.3344ms)
✔ parses SSH alternate port without resolving redirects (0.2393ms)
✔ parses case normalization without resolving redirects (0.4121ms)
✔ parses trailing slash without resolving redirects (0.3358ms)
✔ parses Git output newline without resolving redirects (0.3631ms)
✔ keeps old, transferred and deliberately wrong repositories distinct (0.5104ms)
✔ retains valid repository punctuation (0.1971ms)
✔ rejects missing without disclosing the origin (0.8572ms)
✔ rejects null without disclosing the origin (0.1866ms)
✔ rejects non-string without disclosing the origin (0.1218ms)
✔ rejects empty without disclosing the origin (0.179ms)
✔ rejects bare namespace without disclosing the origin (0.1166ms)
✔ rejects different host without disclosing the origin (0.144ms)
✔ rejects host suffix without disclosing the origin (0.1872ms)
✔ rejects HTTP without disclosing the origin (0.1706ms)
✔ rejects Git protocol without disclosing the origin (0.2021ms)
✔ rejects HTTPS userinfo without disclosing the origin (0.2065ms)
✔ rejects HTTPS password without disclosing the origin (0.1179ms)
✔ rejects SSH password without disclosing the origin (0.1114ms)
✔ rejects non-Git SSH user without disclosing the origin (0.1211ms)
✔ rejects SCP userinfo without disclosing the origin (0.1129ms)
✔ rejects SCP prefix not recognized by the runner without disclosing the origin (0.193ms)
✔ rejects query without disclosing the origin (0.1702ms)
✔ rejects fragment without disclosing the origin (0.1529ms)
✔ rejects extra path without disclosing the origin (0.2201ms)
✔ rejects traversal without disclosing the origin (0.2061ms)
✔ rejects dot owner without disclosing the origin (0.2063ms)
✔ rejects dot repository without disclosing the origin (0.1995ms)
✔ rejects empty repository without disclosing the origin (0.3022ms)
✔ rejects encoded path without disclosing the origin (0.1797ms)
✔ rejects backslash without disclosing the origin (0.209ms)
✔ rejects multiple origins without disclosing the origin (0.1894ms)
✔ rejects oversized origin without disclosing the origin (0.1682ms)
✔ reads only the selected checkout origin with bounded, piped Git output (0.4506ms)
✔ Git failure discards message, cause, stdout and stderr without fallback (0.3571ms)
✔ a successful Git read cannot admit a credential-bearing origin (0.3823ms)
✔ imports actual-shaped retained native success and reproducible external rejection as a candidate only (128.1177ms)
✔ old oracle without physical digest remains explicitly weaker and prompt alignment remains unreviewed (113.3047ms)
✔ repeated captures and checker versions of one run do not create independent evidence identities (369.4248ms)
✔ local review digest cannot activate a candidate even with two distinct native runs (247.4794ms)
✔ refuses foreign Corp even with repinned retained files (104.9109ms)
✔ refuses foreign room even with repinned retained files (104.9626ms)
✔ refuses other source even with repinned retained files (112.2567ms)
✔ refuses changed contract source even with repinned retained files (110.3765ms)
✔ refuses missing native checks even with repinned retained files (110.6285ms)
✔ refuses failed test under passed native label even with repinned retained files (110.42ms)
✔ refuses wrong oracle bytes even with repinned retained files (122.7934ms)
✔ refuses wrong resume identity even with repinned retained files (95.5076ms)
✔ refuses wrong resume ancestry even with repinned retained files (100.8081ms)
✔ refuses cancelled run even with repinned retained files (110.6575ms)
✔ refuses substituted before bytes even with repinned retained files (110.5567ms)
✔ refuses unknown checker even with repinned retained files (20.9779ms)
✔ hash pins, duplicate JSON keys and traversal are rejected before candidate output (96.8897ms)
✔ directory redirection and oversized files fail closed (154.2077ms)
✔ exact append handles LF and CRLF without normalizing changed source (0.544ms)
✔ external rejection cannot be imported when exact output actually passes (102.0551ms)
✔ CLI reads pinned inputs and creates one new corpus without overwriting source files (281.6276ms)
✔ CLI has one aggregate read budget covering the request, corpus, manifests and retained files (295.5946ms)
▶ local stack owned-process and state regression fixtures
  ✔ identity comes from the live process and binds only the explicit workspace (2.098ms)
  ✔ wrong timestamps, executable, workspace and malformed records fail closed (0.2021ms)
  ✔ a stale creation record aimed at a live synthetic PID cannot stop it (0.2204ms)
  ✔ stopping the verified root leaves its descendant and an unrelated child alive (0.1782ms)
  ✔ Start accepts working and log directories containing spaces (0.1694ms)
  ✔ Start treats bracketed log directories as literal paths (0.1694ms)
  ✔ Start treats bracketed working directories as literal paths (0.156ms)
  ✔ failed-start rollback results preserve the original error and require both success signals (0.1866ms)
  ✔ Start preserves literal arguments, spaces, child-only environment and redacted evidence (0.3069ms)
  ✔ repeated role launches retain earlier logs and allocate unique stdout/stderr files (0.4263ms)
  ✔ extracted Launch preserves ownership on save failure (verified rollback) (0.1637ms)
  ✔ extracted Launch preserves ownership on save failure (unverified rollback) (0.1144ms)
  ✔ v2 state round-trips nested records and read preserves exact bytes (0.1123ms)
  ✔ corrupt, unsupported and differently scoped state is refused without deleting evidence (0.1535ms)
  ✔ state writes reject traversal, sibling-prefix paths and foreign workspace claims (0.1094ms)
  ✔ state writes reject reparse-point parent directories (0.1022ms)
  ✔ a failed atomic replacement preserves old bytes and removes its temporary file (0.1579ms)
  ✔ concurrent synthetic reader observes only complete atomic state generations (0.1192ms)
  ✔ legacy numeric state stays read-only and never authorizes stopping (0.1838ms)
  ✔ cleanup reaps only held synthetic handles and removes only its temporary tree (0.1997ms)
✔ local stack owned-process and state regression fixtures (8578.0882ms)
ℹ PowerShell 7.6.5; 14 synthetic processes reaped; no fixture tree remains
▶ local stack starter source guards
  ✔ starter has no unconditional stop invocation (0.1666ms)
  ✔ starter never passes a database URL as a command argument (0.0885ms)
  ✔ starter forwards the native runner startup-recovery opt-out unchanged (0.0638ms)
  ✔ persisted runner IDs block automatic reenrollment even when offline (0.0615ms)
  ✔ Factory policy paths are canonicalized against the checkout before persistence and launch (0.0607ms)
  ✔ Factory saved connection is retained and passed only as an explicit native option (0.0619ms)
  ✔ live source-ref changes use exact comparison for old and current records (0.0597ms)
  ✔ starter never deletes enrollment or credentials without an explicit reset/rotation guard (0.0746ms)
  ✔ Compose operations are guarded by external-database selection (0.1453ms)
  ✔ stopper does not rediscover or terminate a descendant tree from saved PIDs (0.0794ms)
✔ local stack starter source guards (2356.3625ms)
✔ one checkout serializes commands while another checkout remains usable (5824.8405ms)
✔ explicit restart nesting and failed operations release their native lock (4978.8981ms)
✔ an interrupted command does not leave a stale lock requiring manual cleanup (3147.9202ms)
✔ both supported entrypoints use the same operation boundary (3.3769ms)
✔ reported idle remains idle without a pending request (2.4891ms)
✔ reported starting remains starting without a pending request (0.1481ms)
✔ reported working remains working without a pending request (0.1245ms)
✔ reported blocked remains blocked without a pending request (0.4394ms)
✔ reported reviewing remains reviewing without a pending request (0.2682ms)
✔ reported offline remains offline without a pending request (0.2116ms)
✔ working station "read" projects reading (0.3216ms)
✔ working station "search" projects reading (0.2793ms)
✔ working station " READ " projects reading (0.2672ms)
✔ working station "Search" projects reading (0.3628ms)
✔ working station "test" projects working (0.1991ms)
✔ working station "build" projects working (0.1703ms)
✔ working station "review" projects working (0.1099ms)
✔ working station "research" projects working (0.0996ms)
✔ working station "bread" projects working (0.106ms)
✔ working station "break" projects working (0.1242ms)
✔ working station "unknown-tool" projects working (0.1089ms)
✔ working station null projects working (0.102ms)
✔ a stale station does not invent activity for a non-working agent (0.2485ms)
✔ a blocked agent needs an exact current-run approval match (0.1686ms)
✔ an exact current-run pending review is distinct from an action approval (0.1573ms)
✔ unrelated and prior-run pending requests cannot affect the current agent (0.1506ms)
✔ an approval stops affecting an agent as soon as its current run changes (0.113ms)
✔ null and empty current-run IDs cannot acquire pending request state (0.1158ms)
✔ offline wins even when the recorded current run has both pending requests (0.1133ms)
✔ exact action approval takes precedence over exact review (0.1059ms)
✔ explicit current-run requests do not depend on a blocked display status (0.1156ms)
✔ projection does not mutate agents or request sets or infer state from identity text (1.0608ms)
✔ all eight states have distinct labels and factual descriptions (0.5295ms)
✔ roster ordering is stable by ID without mutating the source array (0.337ms)
✔ renaming or changing activity does not move an existing roster to different seats (0.337ms)
✔ 0 agents occupy exactly 0 studios without stacked seats (0.305ms)
✔ 1 agents occupy exactly 1 studios without stacked seats (0.3107ms)
✔ 5 agents occupy exactly 1 studios without stacked seats (0.1651ms)
✔ 6 agents occupy exactly 1 studios without stacked seats (0.1991ms)
✔ 7 agents occupy exactly 2 studios without stacked seats (0.2365ms)
✔ 11 agents occupy exactly 2 studios without stacked seats (0.1325ms)
✔ 12 agents occupy exactly 2 studios without stacked seats (0.1277ms)
✔ 13 agents occupy exactly 3 studios without stacked seats (0.1462ms)
✔ 17 agents occupy exactly 3 studios without stacked seats (0.1051ms)
✔ 18 agents occupy exactly 3 studios without stacked seats (0.1016ms)
✔ 19 agents occupy exactly 4 studios without stacked seats (0.1416ms)
✔ snapshot input reordering preserves page and seat assignment for 18 agents (0.3747ms)
✔ reordering across a partially filled page boundary preserves each agent seat (0.7273ms)
✔ studio dimensions and the six feet anchors match the renderer contract exactly (0.3104ms)
✔ desk access never wraps overflow or invalid indexes onto occupied seats (0.9212ms)
✔ all desk footprints stay above their chairs and never overlap another desk or decor (0.2853ms)
✔ desk 0 has one finite arrival route clear of every workstation (0.3872ms)
✔ desk 1 has one finite arrival route clear of every workstation (0.1691ms)
✔ desk 2 has one finite arrival route clear of every workstation (0.1079ms)
✔ desk 3 has one finite arrival route clear of every workstation (0.0888ms)
✔ desk 4 has one finite arrival route clear of every workstation (0.0907ms)
✔ desk 5 has one finite arrival route clear of every workstation (0.0824ms)
✔ route and desk results do not expose shared mutable layout state (0.1713ms)
✔ pending native review distinguishes invalid artifact paths from invalid artifact IDs (63.6903ms)
✔ pending native intent survives acceptance changes and reviewed adoption replays one exact revision (52.8902ms)
✔ pending intent cannot apply and generic native approval cannot authorize exact feedback (24.7587ms)
✔ reviewed feedback refuses adopter as reviewer before a revision (27.0699ms)
✔ reviewed feedback refuses producer as reviewer before a revision (28.8195ms)
✔ reviewed feedback refuses source requester as reviewer before a revision (27.6654ms)
✔ reviewed feedback refuses rejected decision before a revision (27.2707ms)
✔ reviewed feedback refuses future decision before a revision (30.5937ms)
✔ reviewed feedback refuses decision before intent before a revision (28.9833ms)
✔ reviewed feedback refuses wrong note digest before a revision (27.9435ms)
✔ reviewed feedback refuses extra note prose before a revision (21.9694ms)
✔ reviewed feedback refuses ordinary human gate before a revision (23.9265ms)
✔ reviewed feedback refuses requester exclusion disabled before a revision (22.4127ms)
✔ native approval cannot excuse changed target task (23.2055ms)
✔ native approval cannot excuse changed target version (23.3054ms)
✔ native approval cannot excuse changed source commit (33.4674ms)
✔ native approval cannot excuse changed artifact identity (24.3455ms)
✔ native approval cannot excuse changed corpus bytes digest (21.7797ms)
✔ native approval cannot excuse changed selected rule digest (26.5773ms)
✔ native approval cannot excuse changed selected guidance (26.5572ms)
✔ native approval cannot excuse changed adopter identity (21.672ms)
✔ native approval cannot excuse changed replacement effect (21.6212ms)
✔ native approval cannot excuse changed unknown authority field (25.3307ms)
✔ persisted verifier policy and automated evidence drift invalidate the intent independently of acceptance (73.8208ms)
✔ missing or contradictory native rows and capture drift fail closed (29.9848ms)
✔ reviewed apply rechecks the actual decision and preserves ambiguous outcomes and idempotency (45.4147ms)
✔ reviewed apply rejects altered intent bytes and expired proposal without native effects (34.0855ms)
✔ a changed post-effect review remains uncertain and cannot assert a verified binding (33.2255ms)
✔ review intent time bounds are revalidated during accepted-source reconstruction (23.7188ms)
✔ CLI native-review preparation, exact intent selection and apply keep separate raw and canonical hashes (116.8618ms)
✔ prepare is read-only and exposes the exact reference-only change for review (18.6814ms)
✔ an unprefixed objective stays candidate because native composition would change it (20.9621ms)
✔ native normalization fixed points retain description and objective exactly (26.7266ms)
✔ public identifiers and digest selectors reject coercible arrays and objects before effects (19.4461ms)
✔ time, timeout and trusted routing fields require their declared primitive types (19.6202ms)
✔ apply performs one native revision, preserves authority and never launches (18.7983ms)
✔ typed native file selection pins outer provenance and exact decoded corpus while preserving raw compatibility (41.4352ms)
✔ native typed unknown schema field is refused even with matching outer artifact digest (15.9032ms)
✔ native typed missing native schema field is refused even with matching outer artifact digest (15.699ms)
✔ native typed coercible version is refused even with matching outer artifact digest (13.9524ms)
✔ native typed unsupported archive form is refused even with matching outer artifact digest (20.9101ms)
✔ native typed wrong base is refused even with matching outer artifact digest (15.0853ms)
✔ native typed wrong verifier is refused even with matching outer artifact digest (18.4523ms)
✔ native typed wrong head is refused even with matching outer artifact digest (13.7972ms)
✔ native typed bundle payload is refused even with matching outer artifact digest (13.1513ms)
✔ native typed patch checksum is refused even with matching outer artifact digest (14.6663ms)
✔ native typed patch noncanonical base64 is refused even with matching outer artifact digest (14.4625ms)
✔ native typed selected hash is refused even with matching outer artifact digest (16.0526ms)
✔ native typed selected byte count is refused even with matching outer artifact digest (17.9944ms)
✔ native typed selected file size bound is refused even with matching outer artifact digest (16.4675ms)
✔ native typed selected base64 is refused even with matching outer artifact digest (19.68ms)
✔ native typed selected symlink is refused even with matching outer artifact digest (15.8131ms)
✔ native typed selected submodule is refused even with matching outer artifact digest (14.7939ms)
✔ native typed selected media is refused even with matching outer artifact digest (13.9834ms)
✔ native typed duplicate path is refused even with matching outer artifact digest (16.3567ms)
✔ native typed case alias is refused even with matching outer artifact digest (13.9253ms)
✔ native typed file directory conflict is refused even with matching outer artifact digest (14.5052ms)
✔ native typed traversal is refused even with matching outer artifact digest (13.8355ms)
✔ native typed absolute path is refused even with matching outer artifact digest (18.0378ms)
✔ native typed Windows stream is refused even with matching outer artifact digest (14.1326ms)
✔ native typed Windows device is refused even with matching outer artifact digest (14.0641ms)
✔ native typed trailing dot alias is refused even with matching outer artifact digest (13.3685ms)
✔ native typed coercible entry path is refused even with matching outer artifact digest (15.5804ms)
✔ native typed deleted selection is refused even with matching outer artifact digest (14.1661ms)
✔ typed path selection requires one exact safe file, source role and original outer bytes (17.9556ms)
✔ typed decoded corpus cannot substitute a different well-hashed file or retarget a reviewed proposal (36.4073ms)
✔ typed base64 padding bits are canonical even when permissive decoding preserves the correct bytes (30.1176ms)
✔ same byte-pinned proposal replays its native key without adding guidance or a second revision (25.9976ms)
✔ lost response stays unknown with no automatic retry; exact replay reconciles it (29.285ms)
✔ an HTTP400 after persistence stays unknown and same-key replay confirms one revision (23.5501ms)
✔ live Corp drift refuses before a request (15.5527ms)
✔ live room drift refuses before a request (14.5273ms)
✔ live mission drift refuses before a request (15.1571ms)
✔ live task drift refuses before a request (15.9033ms)
✔ live run drift refuses before a request (14.4734ms)
✔ live actor drift refuses before a request (16.4315ms)
✔ live source commit drift refuses before a request (15.3209ms)
✔ live verifier digest drift refuses before a request (14.4782ms)
✔ live artifact digest drift refuses before a request (13.9705ms)
✔ an accepted receipt with incomplete bounded evidence remains candidate (36.0119ms)
✔ an observed manual gate must retain its native decision and decider (21.8095ms)
✔ missing native corpus evidence or mismatched actual bytes never borrows an unrelated accepted run (19.6148ms)
✔ typed envelopes, missing review bytes and requested independent review remain explicit candidates (22.2068ms)
✔ UTF-8 reference bounds do not silently truncate valid longer advisory guidance (15.8805ms)
✔ changed target ready status cannot be overwritten (23.629ms)
✔ changed target existing run cannot be overwritten (20.4996ms)
✔ changed target contract version cannot be overwritten (21.8093ms)
✔ changed target budget cannot be overwritten (16.6725ms)
✔ changed target verifier cannot be overwritten (23.6551ms)
✔ changed target source cannot be overwritten (22.3603ms)
✔ changed target source connection cannot be overwritten (16.1485ms)
✔ changed target tools cannot be overwritten (16.6218ms)
✔ changed target Corp cannot be overwritten (15.6752ms)
✔ changed target room cannot be overwritten (15.3859ms)
✔ changed target origin cannot be overwritten (17.3622ms)
✔ repinned unauthorized proposal changes cannot alter anything except selected references (28.5773ms)
✔ wrong proposal hash, edited corpus/review/receipt, future or expired proposal fails before POST (17.032ms)
✔ expired selected guidance is not rescued by the remaining proposal lifetime (15.4874ms)
✔ expiry crossing during live prechecks is repeated immediately before mutation (15.7752ms)
✔ one total operation deadline cannot be renewed by a slow target precheck (240.7564ms)
✔ duplicate-key or reformatted proposal JSON cannot masquerade as the prepared byte representation (19.3192ms)
✔ source drift after successful mutation is accurately retained as applied (23.1456ms)
✔ source access loss after mutation is never mislabeled refusal-before-effects (23.2567ms)
✔ an HTTP error after a request is unknown without transaction-stage evidence and is not retried (33.0522ms)
✔ a contradictory successful response or changed native readback stays unknown (50.4999ms)
✔ exact native target projection refuses filtered context and preserves whole scope (21.0696ms)
✔ file input requires selected exact bytes and fails closed on an oversized or malformed input (39.691ms)
✔ feedback file reads accumulate short native reads before validating bytes (6.5241ms)
✔ feedback file truncate during short reads fails without a hash pin (4.8297ms)
✔ feedback file grow during short reads fails without a hash pin (4.7295ms)
✔ CLI preparation writes new review artifacts and an existing apply receipt refuses before network or effects (52.0099ms)
✔ CLI exits nonzero for refused adoption while preserving its JSON receipt (208.4061ms)
✔ CLI typed prepare explicitly selects the native file and apply has no path override (47.008ms)
✔ retained native candidate cannot become saved-task guidance or a native revision (20.5022ms)
✔ forged locally activated native evidence cannot become saved-task guidance or a native revision (18.9283ms)
✔ native evidence mixed into an activated typed artifact cannot become saved-task guidance or a native revision (28.0073ms)
✔ receipt whitelists metadata and distinguishes persisted acceptance from optional verifier digests (7.6764ms)
✔ native runner, model and ref metadata preserves valid punctuation, spaces, Unicode and UTF-8 limits (4.3881ms)
✔ native metadata keeps bounded invalid text and malformed source tuples out of receipts (16.8602ms)
✔ native source identity accepts uppercase hexadecimal commits and full bounded repository components (0.8785ms)
✔ published native refs and native MIME token punctuation are observed without a custom identifier alphabet (1.3866ms)
✔ historical evidence never borrows the current task verifier policy count (1.6981ms)
✔ conflicting or invalid run-bound check counts remain unknown (3.656ms)
✔ missing and duplicate check indices cannot establish completeness; malformed indices fail (0.9904ms)
✔ receipt rejects mismatched run Corp (0.6649ms)
✔ receipt rejects mismatched task Corp (0.4805ms)
✔ receipt rejects mismatched mission Corp (0.2853ms)
✔ receipt rejects mismatched room Corp (0.1685ms)
✔ receipt rejects mismatched exact actor (0.1592ms)
✔ receipt rejects mismatched exact room (0.1455ms)
✔ receipt rejects mismatched exact mission (0.1414ms)
✔ receipt rejects mismatched evidence task (0.2471ms)
✔ receipt rejects mismatched event room (0.2392ms)
✔ receipt rejects mismatched partial source (0.2154ms)
✔ current-run rejects later same-task runs and tied times, retaining nanosecond ordering (1.0996ms)
✔ typed resume lineage requires same task and producer, and records unavailable ancestors honestly (1.9322ms)
✔ exact recovery count is run-bound; private policy and notes are omitted (0.7192ms)
✔ published-result binds its exact source artifact and hashes opaque source revisions (0.7982ms)
✔ published-result accepts an exact historical publication despite a later same-task run (0.9399ms)
✔ published-result refuses mismatched Factory mission (0.2844ms)
✔ published-result refuses mismatched deliverable task (0.2721ms)
✔ published-result refuses mismatched deliverable source base (0.2211ms)
✔ published-result refuses mismatched run deliverable digest (0.1768ms)
✔ published-result refuses mismatched publication run (0.1713ms)
✔ published-result refuses mismatched provenance mission (0.2627ms)
✔ published-result refuses mismatched provenance source issue (0.2084ms)
✔ published-result refuses mismatched provenance target (0.2342ms)
✔ published-result refuses mismatched recorded PR head (0.1975ms)
✔ published-result refuses mismatched recorded PR repository (0.1949ms)
✔ published-result refuses mismatched recorded PR provenance (0.2469ms)
✔ byte verification rejects tampering and each missing or conflicting native response boundary (1.0572ms)
✔ receipt validator rejects extra content, contradictory acceptance, and mixed origin/artifact roles (3.6041ms)
✔ fingerprint tolerates observation timestamps and detects selected source, contract and artifact drift (2.4549ms)
✔ compiled native MCP export performs two captures and downloads only selected-origin artifact IDs (734.0753ms)
✔ artifact retention selection is bounded before reading host configuration (0.6881ms)
✔ compiled native evidence retains only explicitly selected verified bytes and preserves public receipt schema (538.843ms)
✔ compiled native evidence rejects an unowned artifact selection before any artifact download (64.9611ms)
✔ compiled native evidence never returns retained bytes from a tampered artifact or changed source (205.2119ms)
✔ compiled native exporter keeps opaque runner/model/ref metadata out of every request route (149.3637ms)
✔ compiled native export rejects state drift during its artifact read (118.438ms)
✔ compiled native export rejects mismatched context before downloading artifacts (60.6447ms)
✔ compiled native export refuses artifact redirects without forwarding credentials (70.2399ms)
✔ compiled native export rejects oversized bodies and withholds HTTP error content (130.9447ms)
✔ compiled native export bounds a stalled exact-context body by its whole-operation timeout (1018.7253ms)
✔ receipt CLI writes a create-only metadata file and a compact redacted summary (737.2803ms)
✔ owned server requires matching executable, creation, endpoint, and workspace (2.466ms)
✔ manual, remote, stale, or non-owned manifests never authorize restart (0.6285ms)
✔ Windows retains legacy timestamp tolerance and case-insensitive paths (0.3738ms)
✔ legacy Windows identity callers remain supported without weakening explicit checks (1.2967ms)
✔ Linux requires the exact boot/PID/start-tick, executable, cwd/root, and socket binding (2.6846ms)
✔ Linux rejects malformed, legacy-Windows, and changed receipts (0.6071ms)
✔ every existing manual port remains denied on Windows and Linux and all loopback hosts (0.8534ms)
✔ remote, credentialed, missing-port, and malformed-scope endpoints fail closed (0.5156ms)
✔ only a complete scoped JSON object is a process receipt (0.5643ms)
✔ proc stat parses the final comm parenthesis and preserves 64-bit start ticks (0.9473ms)
✔ proc stat rejects wrong PID, truncated fields, malformed state, and invalid ticks (0.3997ms)
✔ Linux listener proof intersects the exact port and LISTEN state with PID-owned inodes (1.3578ms)
✔ malformed or unavailable proc network input supplies no ownership authority (0.5847ms)
✔ artifact recovery overrides are child-only and match native numeric bounds (0.6624ms)
✔ probe requires explicit scope and forwards only its scoped credential environment (3.4487ms)
✔ probe summary contains collection counts, never snapshot data or private paths (0.5395ms)
✔ probe permits HTTP only for normalized canonical loopback origins and requires HTTPS elsewhere (9.8061ms)
✔ recovery probe reports only native metadata and never infers missing capability or exposes policy (1.1451ms)
✔ recovery probe rejects malformed work-item IDs before spawning any gateway (1.0668ms)
✔ compiled recovery probe rejects impossible native numeric metadata and preserves exhausted authority (476.7669ms)
✔ compiled recovery tool makes exactly the selected authorized GET in both modes (126.9036ms)
✔ compiled recovery probe selects one context without reading the broad snapshot or exposing private fields (62.0586ms)
✔ compiled recovery tool refuses malformed IDs, extra scope or effect arguments before HTTP (118.5519ms)
✔ compiled recovery tool rejects mismatched Corp or work-item responses (248.4929ms)
✔ compiled recovery probe preserves authorization and not-found failures without private diagnostics (198.2664ms)
✔ compiled recovery inspection never follows redirects in either gateway mode (111.5828ms)
✔ compiled recovery inspection caps HTTP bodies even in the legacy write-capable gateway mode (122.3701ms)
✔ compiled read-only MCP completes the real stdio handshake and makes only one scoped GET (73.3416ms)
✔ compiled MCP ignores notifications and denies mutating calls before HTTP while preserving the default catalog (109.3777ms)
✔ compiled MCP keeps malformed omitted-ID objects silent and effect-free (read-only) (54.2932ms)
✔ compiled MCP keeps malformed omitted-ID objects silent and effect-free (unrestricted) (50.5957ms)
✔ compiled probe withholds API error content and enforces its whole-probe timeout (1085.8722ms)
✔ compiled MCP rejects redirects in both modes without contacting a second origin (139.3185ms)
✔ compiled read-only startup requires every routing variable before serving even initialization (210.6203ms)
✔ compiled read-only flag rejects command-line tokens (split option, CLI only) (71.1085ms)
✔ compiled read-only flag rejects command-line tokens (split option, CLI plus environment) (69.4494ms)
✔ compiled read-only flag rejects command-line tokens (equals option, CLI only) (65.7341ms)
✔ compiled read-only flag rejects command-line tokens (equals option, CLI plus environment) (56.7643ms)
✔ compiled read-only flag accepts only the environment token and exposes the restricted catalog (68.7232ms)
✔ compiled read-only environment rejects command-line tokens (split option, CLI only) (55.2205ms)
✔ compiled read-only environment rejects command-line tokens (split option, CLI plus environment) (53.9862ms)
✔ compiled read-only environment rejects command-line tokens (equals option, CLI only) (59.26ms)
✔ compiled read-only environment rejects command-line tokens (equals option, CLI plus environment) (57.3416ms)
✔ compiled read-only environment accepts only the environment token and exposes the restricted catalog (67.4569ms)
✔ compiled unrestricted MCP preserves legacy CLI token precedence (split option) (136.6624ms)
✔ compiled unrestricted MCP preserves legacy CLI token precedence (equals option) (124.574ms)
✔ compiled native read-only HTTP body rejects oversized declared length before end (200) (65.5178ms)
✔ compiled native read-only HTTP body rejects streamed overflow before end (200) (92.8861ms)
✔ compiled native read-only HTTP body rejects oversized declared length before end (403) (57.3124ms)
✔ compiled native read-only HTTP body rejects streamed overflow before end (403) (93.7654ms)
✔ compiled native HTTP body accepts the inclusive read-only limit and preserves unrestricted transport (706.2489ms)
✔ compiled native HTTP body preserves small successful and error response behavior (383.8495ms)
✔ withholds all six source ACKs for each of two native automatic attempts (3.4528ms)
✔ holds all quality ACK duplicates to the same 8-second deadline, preserving bytes (1.0559ms)
✔ gameplay and integration pass source ACKs unchanged (0.4208ms)
✔ native resume passes ACKs and does not consume a third automatic attempt (0.2355ms)
✔ non-source ACK, heartbeat, credential rotation, approval and lifecycle are opaque passthrough (0.3459ms)
✔ rejects foreign or unproven run, Corp and hash before fault decisions (1.0687ms)
✔ assignment rebinding cannot swap a different task, scope or command kind (0.5761ms)
✔ late-ACK release sends one exact original old-run frame once without retagging (1.3861ms)
✔ refuses manual-stack, wrong-repository and missing opt-in config (1.8428ms)
▶ real loopback WebSocket wiring: native schema, ordered forwarding, reconnection and redaction
  ▶ isolated concurrent fixture 1
    ✔ synthetic endpoints require live ownership without relaxing config guards (12.2998ms)
    ✔ persisted owner/name schema binds and stop cannot overtake a pending assignment (63.1408ms)
    ✔ upload byte transparency, ACK withholding and metadata non-disclosure (52.7028ms)
    ✔ a stale snapshot/close callback cannot bind, send or close the replacement connection (166.7723ms)
  ✔ isolated concurrent fixture 1 (438.9119ms)
  ▶ isolated concurrent fixture 2
    ✔ synthetic endpoints require live ownership without relaxing config guards (9.7004ms)
    ✔ persisted owner/name schema binds and stop cannot overtake a pending assignment (63.5841ms)
    ✔ upload byte transparency, ACK withholding and metadata non-disclosure (52.7973ms)
    ✔ a stale snapshot/close callback cannot bind, send or close the replacement connection (164.2888ms)
  ✔ isolated concurrent fixture 2 (407.545ms)
✔ real loopback WebSocket wiring: native schema, ordered forwarding, reconnection and redaction (439.9857ms)
✔ completed findings emit only bounded attribution metadata, never report content (153.7348ms)
✔ clean requires native success and a valid empty report (144.1826ms)
✔ native path-only findings retain hashed attribution and zero lines (162.5474ms)
✔ invalid path/line location [0,1] remains a diagnostic failure (169.5636ms)
✔ invalid path/line location [1,0] remains a diagnostic failure (160.8973ms)
✔ invalid path/line location [-1,0] remains a diagnostic failure (145.5464ms)
✔ invalid path/line location [0,-1] remains a diagnostic failure (162.8251ms)
✔ invalid path/line location ["0",0] remains a diagnostic failure (191.0312ms)
✔ invalid path/line location [0,"0"] remains a diagnostic failure (143.9906ms)
✔ invalid path/line location [0.5,0] remains a diagnostic failure (152.7268ms)
✔ invalid path/line location [1,0.5] remains a diagnostic failure (194.978ms)
✔ workflow-command delimiters stay private while safe identifiers preserve attribution (147.8112ms)
✔ empty findings do not hide scanner/tool exit 1 (148.9724ms)
✔ empty findings do not hide scanner/tool exit 2 (157.5071ms)
✔ empty findings do not hide scanner/tool exit 124 (179.1419ms)
✔ empty findings do not hide scanner/tool exit 137 (139.7555ms)
✔ empty findings do not hide scanner/tool exit 255 (139.8854ms)
✔ native success with findings cannot become a passing result (161.2443ms)
✔ missing report fails without echoing input or inventing clean results (156.2112ms)
✔ empty report fails without echoing input or inventing clean results (139.4189ms)
✔ invalid JSON report fails without echoing input or inventing clean results (151.0192ms)
✔ invalid UTF8 report fails without echoing input or inventing clean results (160.9802ms)
✔ null report fails without echoing input or inventing clean results (160.8476ms)
✔ object report fails without echoing input or inventing clean results (138.8631ms)
✔ too many findings report fails without echoing input or inventing clean results (150.4985ms)
✔ oversized report fails without echoing input or inventing clean results (164.1722ms)
✔ non-regular report is rejected before reading (198.8626ms)
✔ exact report byte limit accepts valid JSON without truncation (161.6904ms)
✔ exact finding limit is accepted with explicit bounded display (178.865ms)
✔ exact metadata limits preserve identifiers for all validated values (160.829ms)
✔ malformed finding is rejected (null) (152.5002ms)
✔ malformed finding is rejected ([]) (136.7326ms)
✔ malformed finding is rejected (1) (149.4912ms)
✔ malformed finding is rejected ("not a record") (162.3512ms)
✔ reject invalid Commit metadata ("main") (149.5443ms)
✔ reject invalid Commit metadata (123) (146.6392ms)
✔ reject invalid Commit metadata ("aaaaaaaaaaaaaaaaaaaaaaaaaaaaaaaaaaaaaaa") (168.9415ms)
✔ reject invalid Commit metadata ("aaaaaaaaaaaaaaaaaaaaaaaaaaaaaaaaaaaaaaaaa") (158.1546ms)
✔ reject invalid Commit metadata ("gggggggggggggggggggggggggggggggggggggggg") (143.0166ms)
✔ reject invalid File metadata ("/absolute") (139.5882ms)
✔ reject invalid File metadata ("C:\\absolute") (188.8454ms)
✔ reject invalid File metadata ("../outside") (168.0501ms)
✔ reject invalid File metadata ("dir/../outside") (153.8889ms)
✔ reject invalid File metadata ("dir//file") (145.927ms)
✔ reject invalid File metadata ("name\n::error::NON_CREDENTIAL_DIAGNOSTIC_TES) (177.3014ms)
✔ reject invalid File metadata ("\u001b[31mfile") (148.4434ms)
✔ reject invalid File metadata ("‮file") (144.96ms)
✔ reject invalid File metadata ("xxxxxxxxxxxxxxxxxxxxxxxxxxxxxxxxxxxxxxxxxxxx) (159.2341ms)
✔ reject invalid RuleID metadata ("bad NON_CREDENTIAL_DIAGNOSTIC_TEST_CANARY") (152.9619ms)
✔ reject invalid RuleID metadata ("rrrrrrrrrrrrrrrrrrrrrrrrrrrrrrrrrrrrrrrrrrrr) (148.7154ms)
✔ reject invalid StartLine metadata (0) (154.8454ms)
✔ reject invalid StartLine metadata ("1") (149.8937ms)
✔ reject invalid StartLine metadata (9007199254740992) (168.6391ms)
✔ reject invalid EndLine metadata (2) (150.1194ms)
✔ all findings are validated before bounded display (299.7669ms)
✔ invalid scanner status is rejected (-1) (146.2664ms)
✔ invalid scanner status is rejected (256) (133.8811ms)
✔ invalid scanner status is rejected (1.5) (139.485ms)
✔ invalid scanner status is rejected () (193.7941ms)
✔ invalid scanner status is rejected (01) (161.0083ms)
✔ invalid scanner status is rejected (NON_CREDENTIAL_DIAGNOSTIC_TEST_CANARY) (146.9341ms)
✔ unexpected arguments are not echoed (138.632ms)
✔ workflow retains scan scope, redaction, pinning, failure propagation and ephemeral reports (0.3357ms)
✔ selected metadata never publishes a canary in a path or rule identifier (191.9797ms)
✔ completed finding and partial scan results retain distinct native outcomes (274.1714ms)
✔ production scan is independent of selected-head fixture code and fixture job tests its workflow revision (0.4043ms)
﹣ native scanner clean history yields a clean bounded report (1.9627ms) # Set ECORP_GITLEAKS_BINARY to the verified Gitleaks 8.30.1 executable
﹣ native default pkcs12-file rule preserves path-only attribution without inventing lines (0.242ms) # Set ECORP_GITLEAKS_BINARY to the verified Gitleaks 8.30.1 executable
﹣ native scanner attributes a current finding and preserves failure (0.1789ms) # Set ECORP_GITLEAKS_BINARY to the verified Gitleaks 8.30.1 executable
﹣ native scanner attributes a historical finding and preserves failure (1.4061ms) # Set ECORP_GITLEAKS_BINARY to the verified Gitleaks 8.30.1 executable
﹣ native scanner configuration failure cannot become a clean result (0.2365ms) # Set ECORP_GITLEAKS_BINARY to the verified Gitleaks 8.30.1 executable
﹣ native scanner redaction does not permit a sensitive filename in diagnostics (0.1251ms) # Set ECORP_GITLEAKS_BINARY to the verified Gitleaks 8.30.1 executable
﹣ native scan works on an older selected head without workflow support files (0.1335ms) # Set ECORP_GITLEAKS_BINARY to the verified Gitleaks 8.30.1 executable
﹣ selected-head executable fixtures cannot run in the production scan path (0.2518ms) # Set ECORP_GITLEAKS_BINARY to the verified Gitleaks 8.30.1 executable
﹣ native Git completeness check rejects unavailable historical objects before scanning (0.2292ms) # Set ECORP_GITLEAKS_BINARY to the verified Gitleaks 8.30.1 executable
﹣ native partial timeout keeps collected findings explicitly incomplete (0.2193ms) # Set ECORP_GITLEAKS_BINARY to the verified Gitleaks 8.30.1 executable
✔ the actual Factory fixture proxy returns 502 without exposing exception details (90.0916ms)
✔ relocated doctor checks declared tools through native version commands without leaking ambient secrets or installing (1240.4665ms)
✔ wrong node version produces a failing CLI result (1272.1403ms)
✔ wrong pnpm version produces a failing CLI result (1164.9709ms)
✔ wrong rustc version produces a failing CLI result (1248.1376ms)
✔ wrong cargo version produces a failing CLI result (1198.8703ms)
✔ missing package manager fails without falling back to another host command (966.7902ms)
✔ failed component probes suppress raw stdout and stderr (1293.9465ms)
✔ unrecognized version output is rejected without echoing the command response (1153.1507ms)
✔ an unavailable pinned rustup toolchain fails instead of installing or selecting stable (1444.7945ms)
✔ already selected direct Rust binaries can be verified without rustup (1222.4041ms)
✔ invalid .node-version declaration fails before any command runs (version) (174.0826ms)
✔ invalid package.json declaration fails before any command runs (version) (165.3546ms)
✔ invalid rust-toolchain.toml declaration fails before any command runs (floating Rust) (186.5501ms)
✔ invalid rust-toolchain.toml declaration fails before any command runs (component) (176.4994ms)
✔ unsupported CLI arguments fail before probing tools (153.9444ms)
ℹ tests 1382
ℹ suites 0
ℹ pass 1372
ℹ fail 0
ℹ cancelled 0
ℹ skipped 10
ℹ todo 0
ℹ duration_ms 221120.3518
