$ node --test --test-concurrency=2 --test-timeout=180000 "apps/web/src/**/*.test.mjs" "tools/*.test.mjs"
✔ editor preserves its accessible control names, preview hook, and all six check choices (33.9803ms)
✔ switching check types resets their incompatible fields and retains the rest of the policy (6.0634ms)
✔ every check-field callback retains the selected variant and unchanged checks (11.1695ms)
✔ adding and removing checks preserves tab selection, including external policy shrink and the empty state (10.8692ms)
✔ the 16-check add button limit and oversized-policy feedback are retained (7.7169ms)
✔ manual-gate transitions retain default role ordering, requester exclusion, and explicit removal (8.7235ms)
✔ preview keeps exact check order, manual-role labels, heading overrides, and requester-exclusion guidance (1.3689ms)
✔ Factory exact-run navigation replaces a remembered newer outcome before mission remount (3.41ms)
✔ run navigation ignores the duplicate activity marker in a hidden Factory tab (10.2268ms)
✔ artifact navigation chooses its exact producer while mission-only navigation preserves the current choice (1.0127ms)
✔ unavailable run/task/mission cannot overwrite remembered evidence or open another run (2.1559ms)
✔ storage failure or obsolete viewer fails closed before navigation (1.7513ms)
✔ explicit navigation writes only the selected viewer scope and only the run identity (0.8975ms)
✔ reload keeps the decided run instead of the other pending review or a newer worker (1.4328ms)
✔ remembered evidence is scoped to the API server, Corp, actor and mission (0.2962ms)
✔ missing remembered work never silently substitutes another visible review (0.2212ms)
✔ unreadable or malformed stored context requires explicit selection, not the next review (0.3393ms)
✔ a first visit is distinct from unreadable history; failed writes do not throw (0.2546ms)
✔ only the selected run ID is stored; reviews and authority never enter browser persistence (0.8866ms)
✔ MissionCard scopes remounts, pins initial evidence and fails closed when persistence fails (8.944ms)
✔ issue210 only the explicit server flag adds correction to a native checkpoint (2.557ms)
✔ issue210 verifier availability is independent of correction and missing availability preserves legacy behavior (1.0892ms)
✔ issue210 revision source is the exact server-selected verifier, with no cross-item fallback (0.542ms)
✔ only native proof plus its cancellation marker exposes source-only checkpoint verification (0.2756ms)
✔ a running checkpoint needs no cancellation repair, and ordinary verification failure stays compatible (0.2417ms)
✔ missing/tampered source, checkpoint, head, active recovery or terminal outcome offers no new recovery (0.3403ms)
✔ context requests are not recovery grants and never depend on inferred mission spend/status (0.233ms)
✔ copied command binding retains the saved connection and never falls back on malformed metadata (0.255ms)
✔ actual presentation selects the endpoint source, not the newest visible run or mission cancellation (107.6558ms)
✔ issue210 presentation separates provider-free verification from a budgeted same-session fix (22.6106ms)
✔ issue210 source-only and unavailable checkpoint presentations never suggest generic recovery (31.4801ms)
✔ actual context loader is GET-only and admits the exact item/version/mission checkpoint (37.1357ms)
✔ actual context loader rejects stale/cross-scope and malformed flags without snapshot fallback (168.6156ms)
✔ issue210 actual loader accepts boolean correction flags and defaults missing legacy authority closed (40.4654ms)
✔ issue210 exact loader retains true, false and missing checkpoint availability without granting another mode (38.7438ms)
✔ actual UI action copies only explicit checkpoint verification with the original scope/connection (157.6592ms)
✔ issue210 actual correction action retains the original CLI route, source and connection (220.9574ms)
✔ issue210 actual card drops correction authority immediately when item, version or actor changes (225.1544ms)
✔ issue210 actual contract submission uses the scoped verifier, not its provider ancestor (35.8021ms)
✔ issue210 editor loading, errors, stale context and denied correction cannot fall back or submit (207.809ms)
✔ issue210 ordinary contract resume, redispatch and requester/role boundaries stay intact (85.9388ms)
✔ issue210 actual source-only context copies correction and revises the exact verifier; no-mode context does neither (165.9512ms)
✔ actual resume handler and rendered provider control respect native recovery blocking (5.8801ms)
✔ actual App Resume control survives an ineligible ordinary Factory recovery lookup and uses the native actor-bound POST (217.4819ms)
✔ issue221 explicit provider-correction permission permits null head without granting checkpoint or generic resume (0.9309ms)
✔ issue221 actual context reader retains null head/current provider proof and malformed heads remain non-actionable (272.4754ms)
✔ issue221 actual copy/revision actions use only source correction for the latest failed provider with null head (195.8411ms)
✔ wrong-first legacy Project 174 cannot displace the selected live lab controller (1.7096ms)
✔ every Project/repository/Corp component must match, even with an active-item pointer (0.328ms)
✔ GitHub owner/repository case and surrounding whitespace normalize independently (0.1948ms)
✔ missing/malformed scope is neutral rather than an empty-scope match (0.2232ms)
✔ the exact active item wins among live controllers in the same scope (0.2685ms)
✔ a current live scope match wins over a stale offline active-item pointer (0.1919ms)
✔ with only offline matches, retain the exact item rather than crossing scope (0.1816ms)
✔ without an item, prefer useful live intake in the current Corp (0.2771ms)
✔ empty/no-match and unavailable explicit selections never borrow another controller (0.2731ms)
✔ heartbeat freshness and stable ID break ties without using array order or mutating inputs (1.3542ms)
✔ snapshot refresh and selected scope changes return the exact new ID/version object (0.3055ms)
✔ the actual FactoryPanel resolver feeds displayed state and both action callbacks (14.7004ms)
✔ the actual component guards controller actions, retains role gating and passes the same callback (10.8405ms)
✔ the actual API action handler targets the resolved controller ID and version for all actions (56.4225ms)
✔ the production handler preserves the existing ID-scoped idempotency/version on a lost response (20.1386ms)
✔ primary_rate_limit has a reader-facing reason and an automatic future retry (21.1115ms)
✔ secondary_rate_limit has a reader-facing reason and an automatic future retry (0.7003ms)
✔ graphql_quota has a reader-facing reason and an automatic future retry (1.6251ms)
✔ github_unavailable has a reader-facing reason and an automatic future retry (0.6017ms)
✔ quota, cost and timestamps come from the snapshot, not derived or default budgets (1.1709ms)
✔ equivalent offset timestamps have the same local retry time and boundary (0.9385ms)
✔ at or after the retry deadline, waiting is not presented as a successful retry (1.2639ms)
✔ zero remaining, limit, query cost and failures remain real zeros (0.5439ms)
✔ paused desired state wins without rewriting controller health or promising a retry (1.1283ms)
✔ offline health wins over polling metadata, including an elapsed retry (1.1109ms)
✔ paused and offline together retain both conditions and existing paused precedence (0.751ms)
✔ absent legacy polling leaves the old strip intact and never fabricates a wait (0.2233ms)
✔ missing or malformed backoff data is unavailable, never zero or an invented deadline (0.4008ms)
✔ invalid values are not coerced to numbers or dates and unknown reasons are not rendered raw (1.9723ms)
✔ partial quota data preserves observed zeros while missing fields remain unavailable (0.3155ms)
✔ healthy telemetry does not infer a backoff from a zero quota or failure count (0.57ms)
✔ UI integration remains read-only, accessible, and uses existing controller controls (11.3858ms)
✔ line normalization preserves argument boundaries, literal punctuation, and duplicate values (1.7392ms)
✔ role entry supports commas and CRLF without silently deduplicating or authorizing roles (0.3549ms)
✔ mission projection retains exact task, runner and human control attribution (2.6715ms)
✔ foreign tasks and same-ID foreign-Corp runners cannot supply collaboration state (0.2605ms)
✔ offline retains work without advertising live control or termination (0.3541ms)
✔ connecting retains work without advertising live control or termination (0.2311ms)
✔ a failed snapshot refresh retains exact work without advertising live controls (0.3221ms)
✔ invalid snapshot receipt NaN cannot advertise live controls (0.2126ms)
✔ invalid snapshot receipt Infinity cannot advertise live controls (0.211ms)
✔ invalid snapshot receipt 0 cannot advertise live controls (0.1702ms)
✔ invalid snapshot receipt -1 cannot advertise live controls (0.2171ms)
✔ expired/malformed lease 2026-09-16T11:59:00Z cannot claim a controller (0.615ms)
✔ expired/malformed lease 2026-09-16T12:00:00Z cannot claim a controller (0.3544ms)
✔ expired/malformed lease bad cannot claim a controller (0.1503ms)
✔ verifying has recorded evidence but no provider controls (0.262ms)
✔ completed has recorded evidence but no provider controls (0.0836ms)
✔ lost has recorded evidence but no provider controls (0.1104ms)
✔ cancelled has recorded evidence but no provider controls (0.112ms)
✔ a provider-free run and a superseded agent assignment expose no live controls (0.1824ms)
✔ runner grace and offline remain distinct; neither supplies human presence (0.1707ms)
✔ review links bind exact run/task and explain role and requester exclusion (0.306ms)
✔ missing and historical identities never become fabricated named owners or current controllers (0.1486ms)
✔ draft cache survives surface remounts but never crosses Corp/actor/room/mission (0.3091ms)
✔ actual component navigation only requests exact context; rendering sends no commands (13.521ms)
✔ actual disconnected component retains readable evidence with an explicit warning (1.5873ms)
✔ actual failed-refresh component distinguishes stale data from a disconnected transport (1.4551ms)
✔ actual component rejects missing receipt freshness and restores controls after a successful refresh (5.3336ms)
✔ App preserves main snapshot metadata and exact-run navigation while passing numeric receipt freshness (6.342ms)
✔ App embeds existing scoped discussion and pins evidence before exact-run navigation (2.7597ms)
✔ late completion notifies remounted composers without clearing a newer or same-text draft (1.4179ms)
✔ late operation acknowledgment cannot clear a replacement idempotency key (127.2596ms)
✔ actual App selection never substitutes another mission after the selected record disappears (69.4015ms)
✔ actual briefing navigation has a visible destination for legacy empty descriptions (60.7715ms)
✔ verification checks do not change launch intent (1.8854ms)
✔ review navigation cannot turn its click into a form submission (0.2194ms)
✔ ordinary application setup cannot silently fall back to the fake runtime (0.4851ms)
✔ composer uses two clear steps and starts with an empty goal (0.2689ms)
✔ advanced settings and detailed requirements are optional disclosures (0.7595ms)
✔ closing setup preserves the draft and returns to existing mission context (0.6915ms)
✔ explicit links to existing work reveal it without erasing an open draft (0.5743ms)
✔ native creation and explicit held-plan behavior remain unchanged (0.2187ms)
✔ review keeps the exact source and current server-derived allocation visible (0.3422ms)
✔ scope requires four explicit bounded identities and cannot mutate after submission (2.4475ms)
✔ current origin binds the exact view instance, not just equal IDs (0.3509ms)
✔ read issues exactly one encoded, uncached GET with cancellation and no body (8.2367ms)
✔ Direct accepts only exact returned linkage and drops unexpected hidden fields (1.1378ms)
✔ Factory retains only the validated work item, repository, issue number and exact URL (77.5636ms)
✔ all four response identities must echo the bound request exactly (27.4724ms)
✔ missing, malformed and older origin responses never become Direct (1.852ms)
✔ Factory fields are required and null or missing metadata is never partly accepted (2.0521ms)
✔ Factory rejects invalid work-item identities, repository paths and issue numbers (2.906ms)
✔ only the raw HTTPS GitHub issue URL matching returned repository and number is accepted (2.471ms)
✔ mixed-case owner/repository URLs match normalized identity and retain display case (1.1101ms)
✔ valid case-preserving repositories and positive safe issue numbers remain verbatim (0.4377ms)
✔ old endpoints, denied authorization and transport failures stay unavailable without raw errors (1.0857ms)
✔ a synchronous API failure is contained and clears the read timer (0.394ms)
✔ timeout aborts an unsettled read and suppresses both late success and late failure (0.5341ms)
✔ a settled success or failure cannot be overwritten by an already queued timeout (0.4927ms)
✔ cancellation before the scheduled read prevents even the GET (0.4528ms)
✔ in-flight cancellation ignores transports that resolve or reject after abort (0.4729ms)
✔ component reads once for a valid view and renders truthful Direct copy in one styled paragraph (11.2224ms)
✔ component links only a fully validated Factory response, not extra returned fields (2.3169ms)
✔ all four operating roles may read; guests, spectators and unknown roles never request context (5.6767ms)
✔ invalid or absent scope props render the conservative fallback without requesting (7.6709ms)
✔ failed exact reads preserve #185 positive or unknown fallback without inventing links or hiding failure (10.5975ms)
✔ a failed origin lookup can be retried explicitly without changing the work identities (7.0362ms)
✔ Corp, actor, room and mission changes hide old success and errors before effect cleanup (10.9479ms)
✔ late success and errors from a replaced request cannot update the current component (7.5819ms)
✔ leaving and returning to identical IDs cannot revive an earlier success or failure (2.3704ms)
✔ same-ID reopened pending requests ignore the original response and error after current denial (2.5636ms)
✔ a guest transition revokes displayed source data and returning operators must read again (2.9488ms)
✔ operating-role and API changes also invalidate old privileged context (1.6984ms)
✔ unmount cancels the read and a fresh mount with identical IDs cannot inherit its outcome (1.6726ms)
✔ one builder preserves the complete current creation payload and retained settings (2.0897ms)
✔ provider defaults, supported reasoning and commit-branch semantics match submission (0.2387ms)
✔ existing deterministic fixture semantics are not converted into provider settings (0.2031ms)
✔ scope freezes the exact serialized body and rejects an actor mismatch (0.5815ms)
✔ every request field, Corp and actor invalidate an earlier quote (0.7719ms)
✔ preview debounces, uses the exact creation body, and calls only the read-only preview POST (7.1886ms)
✔ an edit or closing the composer before debounce starts no request (0.54ms)
✔ an invalidated request is aborted and cannot publish a late successful quote (1.3387ms)
✔ late errors after actor/Corp change or unmount cannot replace the new preview (0.9117ms)
✔ editing away and back still requires a fresh request, not a revived quote (0.7823ms)
✔ allocations are displayed verbatim from the server, not a frontend Studio formula (0.6205ms)
✔ missing or mismatched quote fields never become a current allocation (1.4877ms)
✔ an absent preview endpoint gives a useful failure state without inventing allocations (1.1969ms)
✔ preview response is bounded to eight tasks without reallocating server budgets (0.8228ms)
✔ unknown, self, duplicate and oversized dependency references remain unknown allocations (0.7721ms)
✔ retry clears an old failure immediately and can accept a fresh quote (1.4616ms)
✔ timeout clears the quote, aborts the request and ignores a late response (0.7145ms)
✔ App shares the request body, invalidates keyed preview instances and retains native Launch (4.1018ms)
✔ mission selection and Discuss use the authoritative non-first owning room (1.3372ms)
✔ mission, task, run and artifact deep links resolve to the same owning room (0.3011ms)
✔ an explicit room deep link and all-discussion view stay in that room (0.2183ms)
✔ stale, missing and older mission/room projections never fall back to the first room (1.0402ms)
✔ related work is limited to the selected room and mission, not a fixed item count (1.3799ms)
✔ messages are room-filtered before mission links and out-of-order reply ancestry (0.6857ms)
✔ valid room, mission and inherited reply submissions retain the same scope (0.5905ms)
✔ stale actor, Corp, room and mission scopes cannot submit or complete a newer draft (0.2666ms)
✔ a disappearing mission or owning room fences previously valid submissions (0.3267ms)
✔ foreign, missing or stale links and replies cannot silently become general comments (0.5097ms)
✔ guest-shaped and missing Factory projections do not establish Direct origin (0.4888ms)
✔ a mission older than the 500-item Factory window remains origin-unknown (0.2749ms)
✔ a positively matched visible Factory item retains its issue attribution (0.1688ms)
✔ known publication/recovery linkage is generic when intake details are unavailable (0.3005ms)
✔ projection helpers preserve the authoritative input and do not retain hidden origin data (0.2632ms)
✔ the UI uses the tested projection and submission helpers on both discussion entry paths (11.764ms)
✔ scope requires every explicit identity and repository and freezes the view generation (3.8574ms)
✔ the exact scope object, not equal IDs or a prior A -> B -> A view, selects the load (0.5163ms)
✔ one encoded GET is uncached, abortable and body/header/credential free (7.8284ms)
✔ published DTO retains only bound result metadata and leaves raw input untouched (1.812ms)
✔ only explicit null publication in a correctly scoped response is known absence (2.6523ms)
✔ item and publication scope mismatches never expose links or known absence (7.1442ms)
✔ publication source issue matches the work item without equating authorizer, revisions or checkpoint generations (1.1633ms)
✔ publication and artifact identity tuples plus full digests must all match (2.3459ms)
✔ missing, duplicate and unrelated-first deliverables cannot substitute a result (1.1798ms)
✔ native provenance identity, source/target branches and digests are checked without retaining authority (4.0139ms)
✔ raw GitHub PR URLs allow native slash suffixes but retain exact repository and number checks (3.9763ms)
✔ owner/repository display case is preserved while full hex values compare by bytes (0.5398ms)
✔ PR state, exact head, owner, recorded metadata and phase cannot contradict each other (1.8303ms)
✔ download metadata rejects controls, external/native paths, malformed hashes and invalid sizes (10.2506ms)
✔ pending, PR-created, published and failed publication are distinct without claiming a live app (1.674ms)
✔ only a different valid pinned run is a mismatch; same-run contradictions stay unavailable (0.8522ms)
✔ loading, denied and stale contexts cannot become a result or known absence (0.761ms)
✔ denials, missing endpoints and sync/async transport failures stay unavailable without raw errors (0.9591ms)
✔ timeout aborts and suppresses late successes and failures without retries (0.8345ms)
✔ queued timeout callbacks cannot overwrite a settled success, absence or denial (0.6359ms)
✔ cancellation before start issues no GET; in-flight cancellation publishes no late data (0.6554ms)
✔ new same-ID generation remains unavailable after denial despite a prior response completing later (0.5581ms)
✔ requester summary does not ask for a forbidden independent decision (3.0015ms)
✔ wrong-role summary explains the existing role requirement (1.4016ms)
✔ eligible independent reviewer keeps the review invitation (1.4602ms)
✔ human gate without requester exclusion still allows the requester (1.4837ms)
✔ completed result does not inherit a pending-review restriction (1.3555ms)
✔ fresh human-only bootstrap can select a runner runtime before any crew exists (2.4015ms)
✔ retired and legacy identities neither enable nor suppress advertised runtimes (0.3945ms)
✔ studio requires the exact selected source on a connected runner, not another repository (0.6281ms)
✔ source repository and commit matching are case-insensitive but ref matching is exact (0.3251ms)
✔ unavailable runtimes and non-runtime capabilities are not mission options (1.2868ms)
✔ catalog merging prefers an enabled model without changing the source snapshot (0.739ms)
✔ unscoped status and crew include ready connection-bound runtimes, but dispatch keeps its exact binding (0.9629ms)
✔ studio always selects Copilot even when another runtime was requested (0.1849ms)
✔ studio does not fall back to another provider or an unavailable Copilot runtime (0.3935ms)
✔ solo selection and deterministic fixtures retain their runtime contracts (0.3646ms)
✔ a disappearing explicit runtime cannot silently switch provider with stale model settings (0.1924ms)
✔ studio uses enabled Copilot model settings or an explicit provider default (0.2351ms)
✔ fixtures ignore hidden provider model settings (0.1277ms)
✔ normal UI bootstrap opts out of seeded crew without changing fixture tooling (9.7616ms)
✔ runtime character descriptors match the shipped manifest, PNG dimensions, and original file bytes (22.8225ms)
✔ named characters and stable worker identities retain their appearance across reordered snapshots (0.6645ms)
✔ numeric roster positions wrap without producing missing characters, and invalid numbers use the default (0.2286ms)
✔ walking uses the original three poses in a 0,1,2,1 cycle at the 150ms boundaries (0.4219ms)
✔ idle, typing, reading and facing use the actual source-sheet rows and columns (0.3371ms)
✔ invalid or negative animation time selects the first pose without invalid source coordinates (0.1872ms)
✔ every animation and direction remains inside a real sheet after long-running animation (0.3676ms)
✔ default floor distinguishes connected workers from offline and test registrations (2.0931ms)
✔ omitted and null retirement fields keep legacy and mission identities available (0.1976ms)
✔ every non-null retirement excludes an identity regardless of pin, date, or reported work (0.3447ms)
✔ retired identity remains resolvable in the unmodified historical snapshot (0.2306ms)
✔ retiring the selected agent falls back to current crew, including the empty-roster case (0.2629ms)
✔ pagination filters retirement before assigning seats without mutating order (0.4352ms)
✔ idle does not become working or reviewing from a stale station or pending run request (0.2463ms)
✔ working and blocked status still derive from exact server state and current-run requests (0.1711ms)
✔ #154: a selected worker on a later studio is located on initial mount and selection changes (0.3402ms)
✔ #154: studio lookup follows retirement repagination, not stale seat indexes (0.5262ms)
✔ #154: manual paging survives snapshots, but another selected agent resets page and zoom (0.4595ms)
✔ #154: retirement moving the selected agent to a different page resets the camera (0.1981ms)
✔ #154: mounting or remounting the same starting run never fabricates an arrival (0.1641ms)
✔ #154: only an observed new active run can animate once, and reduced motion wins (0.2389ms)
✔ #154: blocked work takes recovery priority over both idle and ordinary active work (0.3137ms)
✔ #154: exact approvals keep priority, and only an unblocked empty floor offers new work (0.154ms)
✔ history inspectors retain the full snapshot while the floor uses current identities (11.5625ms)
✔ Factory activity prioritizes the exact outcome review, then tool approval, before newer work (2.8583ms)
✔ selection ignores terminal, denied and foreign tool approvals without inventing a run (0.2331ms)
✔ terminal runs cannot become reviewable or active from dangling pending decision records (19.7505ms)
✔ live task, agent, control, timestamps and safe activity come from one scope without mutation (1.0241ms)
✔ a stale Running intake never claims that a cancelled provider is active (0.9597ms)
✔ pending exact-run outcome review is distinct from an active provider and completion (0.6634ms)
✔ tool authority and unavailable decision context do not become outcome approval (1.5362ms)
✔ a completed run is not automatically a completed mission or published application (0.7484ms)
✔ retained data cannot claim current execution: {"connection":"offline"} (0.6568ms)
✔ retained data cannot claim current execution: {"connection":"connecting"} (0.7539ms)
✔ retained data cannot claim current execution: {"snapshotFailed":true} (0.4678ms)
✔ retained data cannot claim current execution: {"snapshotReceivedAt":null} (0.3691ms)
✔ grace, offline and wrong-Corp runner records cannot establish provider liveness (2.1499ms)
✔ runner loss and uncertain teardown remain unknown until a positive termination receipt (1.0498ms)
✔ verifier-only runs never appear as a running model (0.498ms)
✔ quarantine and protected stops stay prominent even with stale transport (1.3034ms)
✔ failed verification, cancelled work and unknown execution modes remain explicit (0.92ms)
✔ missing, duplicate or foreign task context cannot fall back to another run (0.6858ms)
✔ activity is scoped, deduplicated, ordered, bounded and never reveals raw payloads (2.0651ms)
✔ missing start, invalid clocks and backwards timestamps do not invent a duration (0.8534ms)
✔ expired leases and foreign attribution do not display an active controller (0.8474ms)
✔ actual React detail component reuses current classes, native disclosure and escaped text (14.5322ms)
✔ the Factory integration uses the existing exact-run selector, scoped snapshot and old callbacks (2.1567ms)
✔ a burst of 1000 streamed events schedules one snapshot instead of 1000 requests (1.9096ms)
✔ events arriving during a request produce exactly one trailing snapshot (4.0091ms)
✔ the final event during the trailing request is not dropped (0.938ms)
✔ disposing before a scheduled refresh prevents any fetch (0.3421ms)
✔ disposing an actor/Corp scope aborts its request and drops trailing work (1.7143ms)
✔ refresh failures are handled and a later event can still refresh (0.847ms)
✔ a disposed scope does not report an obsolete aborted read as a new UI error (0.7041ms)
✔ websocket events use the coalescer and cleanup cancels its read scope (3.2831ms)
✔ initial connection is bounded, cancellable and offers retry rather than mission restart (2.0838ms)
✔ actual App presence polling only runs for open connection-dependent views, without reconnecting the event socket (181.7821ms)
✔ artifact defaults retain the current wire shape and do not share mutable values (2.3619ms)
✔ file defaults retain the current wire shape and do not share mutable values (0.1857ms)
✔ command defaults retain the current wire shape and do not share mutable values (0.1836ms)
✔ test defaults retain the current wire shape and do not share mutable values (0.168ms)
✔ json_schema defaults retain the current wire shape and do not share mutable values (0.2759ms)
✔ screenshot defaults retain the current wire shape and do not share mutable values (0.1452ms)
✔ check summaries preserve paths, argument boundaries, byte floors, JSON keys, and rounded timeouts (17.3794ms)
✔ array summaries distinguish item boundaries and preserve exact argument and key values (0.6088ms)
✔ byte-counted summaries use singular byte only for the one-byte floor (0.3843ms)
✔ empty and oversized policies remain invalid, with the 16-check boundary accepted (0.6126ms)
✔ invalid byte floor 0 is reported for every byte-counted check (0.2571ms)
✔ invalid byte floor -1 is reported for every byte-counted check (0.1954ms)
✔ invalid byte floor NaN is reported for every byte-counted check (0.1318ms)
✔ invalid byte floor Infinity is reported for every byte-counted check (0.1088ms)
✔ validation preserves check order and reports missing paths, programs, timeout bounds, and JSON keys (0.3965ms)
✔ manual gates require allowed roles without changing requester-exclusion semantics (0.2353ms)
✔ preserves the existing advisory-validator scope; server schema/path authorization remains authoritative (0.6483ms)
✔ check transformations create new drafts while retaining unchanged evidence checks and gate identity (0.3982ms)
✔ gate transitions preserve checks and retain current deliberate resets even when reselecting a gate type (0.2358ms)
✔ verification labels retain their current wording and fallback formatting (0.2051ms)
✔ WorkResultCard exposes its status and supplied content with metadata collapsed by default (11.6507ms)
✔ ready PR retains its exact URL and only an explicit download invokes the matching callback (14.6258ms)
✔ loading, unavailable and no-publication states do not fabricate a PR or perform actions (3.8364ms)
✔ a historical review mismatch changes selection only through explicit Go to delivered result (2.4043ms)
✔ an unavailable delivered-run target preserves the historical selection and only offers refresh (175.1501ms)
✔ a failed publication with a recorded PR remains inspectable without being labeled Published (7.0241ms)
✔ Published is not merged or deployed and its collapsed details never invent a running preview (6.9825ms)
✔ expired artifact retention does not hide an existing PR or replace server download validation (11.1635ms)
✔ actual hook hides prior result before cleanup and aborts on each exact scope change (38.0787ms)
✔ actual hook fences late success and failure before cleanup and after replacement (22.6506ms)
✔ actual hook close and reopen with identical IDs cannot revive old ready or pending data (18.9824ms)
✔ actual hook treats positive revision as one refresh hint and never retries failure on render (40.6966ms)
✔ actual App origin-unavailable branch offers manual Refresh work context with no PR CTA (9.2357ms)
✔ actual App first-hop retry exposes the authorized result without moving pinned evidence (20.7228ms)
✔ actual App fallback reports unavailable review details for an unresolved run or request (11.1389ms)
✔ actual work pickers retain a deep-linked historical mission outside the recent eight (74.7131ms)
✔ actual work pickers do not duplicate a recent selection or invent an absent mission (59.7527ms)
✔ related work includes the third mission, task, run and artifact (1.7731ms)
✔ work links name the actual work rather than presenting only opaque IDs (0.2454ms)
✔ related options deduplicate repeated snapshot references (0.2397ms)
✔ mission discussion retains nested replies, including out-of-order snapshots (1.7687ms)
✔ task, run and artifact comments inherit the owning mission only (0.3221ms)
✔ unlinked cycles and missing ancestors cannot manufacture mission context (0.2437ms)
✔ context helpers leave authoritative messages and work objects unchanged (0.2379ms)
✔ work selection follows the owning authorized mission and rejects unknown links (0.2849ms)
✔ human review and automated verification are not advertised as live model sessions (0.2716ms)
✔ enterprise task labels explain the legacy studio lane keys (0.3262ms)
✔ review eligibility explains requester exclusion without bypassing the policy (0.4075ms)
✔ a pending evidence review selects its run rather than a newer active worker (0.2351ms)
✔ a tool-approval wait cannot hide a different pending evidence review (0.1281ms)
✔ review selection rejects mismatched tasks, terminal runs and non-pending requests (0.2307ms)
✔ explicit evidence selection stays bound to that run and cannot inherit another review (0.2622ms)
✔ unselected evidence follows remaining reviews and retains snapshot order without mutation (0.2437ms)
✔ a decided run remains selected until the operator deliberately chooses the next review (0.1316ms)
✔ mission UI binds evidence and decisions and pins the target before submitting (11.221ms)
✔ runner revision is stable for reordered equivalent records without sorting the input (2.2362ms)
✔ runner revision ignores heartbeat, display and capability churn (0.222ms)
✔ runner revision changes only when lifecycle identity or presence records change (0.2525ms)
✔ offline presence requests revalidation without rewriting endpoint readiness (0.264ms)
✔ reconnect mismatch remains a hint until the endpoint itself returns ready presence (0.28ms)
✔ unknown presence is false and same-ID foreign runners cannot supply presence (1.2749ms)
✔ presence hints never promote or erase native sign-in and installation states (0.5578ms)
✔ revision and presence helpers leave source, models, identity and selection immutable (0.6597ms)
✔ saved choice and source remain present while its machine is offline (0.2454ms)
✔ ready metadata alone cannot borrow another connection or source for dispatch (0.4018ms)
✔ connection UI identity is scoped to actor and room (0.1965ms)
✔ native sign-in instructions cannot navigate to another host or credential-bearing URL (0.2302ms)
✔ accepts matching current contracts, aliases, CRLF and historical prose outside markers (54.1742ms)
✔ rejects added source validation command and reports expected and actual (47.4613ms)
✔ rejects removed source validation command and reports expected and actual (43.2558ms)
✔ rejects reordered source validation command and reports expected and actual (44.7373ms)
✔ rejects changed documented commands; correcting the documented sequence restores passing (77.862ms)
✔ accepts quoted literal Node globs through aliases while preserving quoted versus shell-expanded arguments (72.6819ms)
✔ rejects a source SDK bump until both current compatibility docs are updated (57.4177ms)
✔ rejects a source CLI bump until both current compatibility docs are updated (59.5253ms)
✔ rejects missing opening marker instead of silently dropping a required documentation contract (46.1242ms)
✔ rejects missing closing marker instead of silently dropping a required documentation contract (55.3261ms)
✔ rejects duplicate block instead of silently dropping a required documentation contract (54.3093ms)
✔ rejects reversed markers instead of silently dropping a required documentation contract (50.9272ms)
✔ rejects inline marker instead of silently dropping a required documentation contract (44.4657ms)
✔ requires every current runtime contract and a single SDK and CLI claim inside each (43.9872ms)
✔ rejects missing root alias in the authoritative command sequence (55.1287ms)
✔ rejects cyclic root aliases in the authoritative command sequence (59.8661ms)
✔ rejects shell pipeline in the authoritative command sequence (49.8764ms)
✔ rejects quoted shell expansion in the authoritative command sequence (51.1081ms)
✔ rejects empty command in the authoritative command sequence (39.5758ms)
✔ rejects unsupported alias arguments in the authoritative command sequence (44.1873ms)
✔ rejects unknown documented aliases and malformed command fences (47.277ms)
✔ reports missing required documents and an invalid source manifest without silently skipping them (41.1069ms)
✔ fails closed for unconstrained SDK dependency (48.4157ms)
✔ fails closed for SDK pin in wrong table (41.8565ms)
✔ fails closed for duplicate SDK declaration (45.0323ms)
✔ fails closed for missing named runtime constant (41.4327ms)
✔ fails closed for duplicate runtime constant (57.0329ms)
✔ relocated CLI resolves its own repository, executes no documented command, and exits nonzero for drift (319.2799ms)
✔ checkpoint fixture produces a complete, independently tested local application (304.4189ms)
✔ read-only executable hashing accepts Cargo/Git hardlinks without relaxing source isolation (25.8539ms)
✔ exact terminal metadata produces actionable failure and missing-evidence findings using GET only (20.2805ms)
✔ listed artifact is run-scoped metadata and never establishes content or attempt verification (1.9373ms)
✔ refuses active parent (0.8803ms)
✔ refuses wrong repository (0.3581ms)
✔ refuses foreign head repository (0.4513ms)
✔ refuses different workflow (0.3605ms)
✔ refuses different head (0.2954ms)
✔ refuses different attempt (0.3524ms)
✔ refuses job from other attempt (0.6248ms)
✔ refuses job from other head (0.6115ms)
✔ refuses duplicate job (0.5249ms)
✔ refuses unfinished job (0.4348ms)
✔ refuses foreign artifact (0.53ms)
✔ refuses excess artifacts (1.241ms)
✔ complete bounded job pagination is required and supported (8.1635ms)
✔ pagination total drift and final run drift refuse a completed observation (1.6187ms)
✔ expired artifacts and unexplained parent failure remain reviewable rather than passing (1.1495ms)
✔ same-source replay is a no-op; changed facts retain revisions and mark no-longer-observed findings (4.5173ms)
✔ previous hash tampering refuses before network reads (0.4037ms)
✔ forged previous findings fail integrity or semantic reconstruction; source changes require a new scope (5.1706ms)
✔ newer prior observations and attempts do not flow backward (3.4121ms)
✔ secret-bearing fields and supplied links never enter a receipt or executable Markdown (1.0568ms)
✔ native read budget rejects alternate endpoints, oversized metadata and late responses (1.1763ms)
✔ omitting all required jobs cannot turn one replacement success job into a complete maintenance result (0.7828ms)
✔ required skipped job needs review even when an earlier run artifact is listed (0.7136ms)
✔ required neutral job needs review even when an earlier run artifact is listed (0.606ms)
✔ failed GETs consume the finite shared admission budget without retries (0.6257ms)
✔ CLI writes new bounded files and refuses output reuse; failures retain no raw API error (41.6727ms)
✔ hosted context binds default observer branch, event and exact parent; local mode makes no hosted claim (12.4569ms)
✔ CLI accepts only bounded exact selection and a complete prior pin (0.4947ms)
✔ CI workflow: exact Windows runner failure produces a scoped read-only handoff (1.4722ms)
✔ CI workflow: complete successful jobs need only their own declared report artifacts (0.9784ms)
✔ CI workflow: required artifact-free jobs remain required and must execute (0.8544ms)
✔ Repository checks retains its published contract and previous-receipt no-op semantics (1.5624ms)
✔ CI completeness refuses skipped artifact-free required jobs (0.8611ms)
✔ CI completeness refuses neutral artifact-free required jobs (1.2407ms)
✔ CI completeness rejects replacement jobs and requires only CI report metadata (1.7267ms)
✔ CI observation is not a parent-pass claim and does not inspect diagnostic artifacts (1.2234ms)
✔ workflow profiles cannot reuse each other's receipts even at the same source (4.1697ms)
✔ CI identity refuses unknown workflow path (0.2971ms)
✔ CI identity refuses workflow-ID substitution (0.22ms)
✔ CI identity refuses workflow-name substitution (0.2093ms)
✔ CI identity refuses workflow-path substitution (0.2545ms)
✔ CI identity refuses foreign repository (0.2319ms)
✔ CI identity refuses fork head repository (0.368ms)
✔ CI identity refuses wrong source head (0.7603ms)
✔ CI identity refuses wrong attempt (0.2118ms)
✔ CI identity refuses active CI parent (0.2064ms)
✔ reader allowlist admits exactly the two workflow metadata routes (0.4104ms)
✔ hosted CI event binds workflow identity to the selected native parent (36.0386ms)
✔ workflow trigger keeps trusted observer checkout and read-only scopes for both producers (2.4792ms)
✔ consumer rereads native state using trusted routing and tolerates only observation timing changes (6.0276ms)
✔ consumer refuses task contract revision drift in a fresh observation (1.3926ms)
✔ consumer refuses source base commit drift in a fresh observation (0.7026ms)
✔ consumer refuses verifier digest drift in a fresh observation (0.7837ms)
✔ consumer refuses another actor scope drift in a fresh observation (1.1769ms)
✔ explicit run and mode selections fail before contacting a server (0.6889ms)
✔ denied or unavailable current data does not fall back to a previously passing receipt (0.3888ms)
✔ a matching failed native outcome cannot be consumed as accepted completion (0.62ms)
✔ file consumption requires the exact expected byte hash and a bounded valid receipt (25.4678ms)
✔ receipt file reads accumulate short native reads before validating bytes (18.0227ms)
✔ receipt file truncate during short reads fails before parsing (5.8083ms)
✔ receipt file grow during short reads fails before parsing (10.297ms)
✔ framed stat metadata survives arbitrary chunk boundaries without payload disclosure (3.4266ms)
✔ unrelated RPCs and read-file contents are not recorded (1.4719ms)
✔ a response ID type change is visible without recording identifier values (0.5848ms)
✔ oversized frames are skipped without parsing nested payload text as requests (0.5716ms)
✔ optional wire observation forwards exact bytes and drains the child (278.0204ms)
✔ a matching request needs a durable rejection and settled run (1.5738ms)
✔ terminal provider without permission is inconclusive, never a pass (1.1121ms)
✔ a rejected but unrelated permission does not satisfy the requested boundary (0.1997ms)
✔ approval acceptance, expiry or missing persisted decision cannot pass (0.3225ms)
✔ a decision or final run from another identity is rejected (0.2139ms)
✔ a provider that has not settled cannot pass the boundary (0.1689ms)
✔ all independent boundary results are required for complete coverage (1.1776ms)
✔ later passing cases remain visible after an earlier inconclusive case (0.2605ms)
✔ duplicate, unknown and malformed results cannot manufacture complete coverage (1.3998ms)
✔ accepts an exact seed and credential-free children of the owned runner (3.2106ms)
✔ a marker elsewhere or an arbitrary GITHUB_TOKEN is not a proven seed (1.2424ms)
✔ absent, ambiguous or foreign runner seed records cannot establish the precondition (0.8683ms)
✔ runner seed booleans must be explicit, not truthy or absent (1.0259ms)
✔ missing spawn and undefined parent IDs cannot accidentally correlate (0.3747ms)
✔ runner spawn must be unique, current and tied to the owned observer (0.6765ms)
✔ a seed observed only after runner spawn cannot prove the launch precondition (0.2772ms)
✔ missing or foreign provider observations cannot satisfy the required count (1.0562ms)
✔ a wrong-parent provider is rejected rather than silently filtered out (0.34ms)
✔ provider identity and absence booleans must be explicit and valid (1.0069ms)
✔ missing ownership and zero or malformed minimums never allow a vacuous pass (0.5707ms)
✔ actual successful relative, absolute and round-trip view results are required (1.8921ms)
✔ provider self-report and final file existence are not native-read evidence (0.8918ms)
✔ a missing absolute read or readback cannot pass (0.908ms)
✔ missing-file errors and successful-but-wrong content remain failures (0.4673ms)
✔ wrong-session or conflicting tool results cannot manufacture evidence (1.1607ms)
✔ an external path with the same filename is not the assigned seed (0.24ms)
✔ an incomplete stream is explicitly incomplete, not successful empty coverage (0.1668ms)
✔ runner observation proves the synthetic credential was inherited (224.7962ms)
✔ a missing seed fails before starting a runner (133.5554ms)
✔ provider observation confirms removal before invoking the real binary (231.7731ms)
✔ an inherited provider credential fails before any provider execution (129.7594ms)
✔ a marker under another key cannot hide a missing runner GITHUB_TOKEN seed (137.3994ms)
✔ a different token plus an unrelated marker cannot manufacture an exact runner seed (133.2288ms)
✔ a provider token other than the canary is still rejected before child execution (125.6293ms)
✔ a provider canary under another key remains a failing credential boundary (126.2933ms)
✔ uninvoked production modules remain in the coverage denominator with zero hits (12.6363ms)
✔ missing production files cannot produce a passing partial coverage result (0.8313ms)
✔ duplicate and out-of-scope files cannot inflate the denominator (1.7114ms)
✔ missing, duplicate and impossible native counts are rejected (0.539ms)
✔ truncated records are never accepted as completed coverage evidence (0.2714ms)
✔ zero available branches are reported as not applicable instead of fabricated 100 percent (0.2712ms)
✔ issue195 public receipt binds parent binaries, pinned runtime identity, and distinct task source (7.544ms)
✔ explicit current fixture hash, suspend tokens, and missing-artifact switch normalize without disk reads (1.1662ms)
✔ rebuilt server/runner receipt hashes and an explicit rebuilt CLI hash remain valid and bound (4.0862ms)
✔ all required options are explicit; help is inert (1.2612ms)
✔ every duplicate value option and duplicate boolean switch fails closed (2.0854ms)
✔ unknown targets, positionals, missing operands, and equals-form options are rejected (0.6738ms)
✔ configuration rejects old issue190 (0.2922ms)
✔ configuration rejects string issue number (0.2013ms)
✔ configuration rejects parent rather than candidate code (0.3125ms)
✔ configuration rejects runtime commit used as task source (0.4904ms)
✔ configuration rejects unpinned source ref (0.2384ms)
✔ configuration rejects another runner (0.1789ms)
✔ configuration rejects unowned receipt (0.4576ms)
✔ configuration rejects not-running supervisor (0.3539ms)
✔ configuration rejects missing owner (0.3762ms)
✔ configuration rejects invalid owner (0.6567ms)
✔ configuration rejects changed code checkout (0.1944ms)
✔ configuration rejects changed source checkout (0.1765ms)
✔ configuration rejects changed worktree root (0.1821ms)
✔ configuration rejects invalid server digest (0.2724ms)
✔ configuration rejects invalid runner digest (0.2904ms)
✔ configuration rejects executable substitution (0.4302ms)
✔ configuration rejects binary outside owned bin (0.3426ms)
✔ configuration rejects missing public process (0.2314ms)
✔ configuration rejects wrong process role (0.3162ms)
✔ configuration rejects wrong process workspace (0.4309ms)
✔ configuration rejects invalid process pid (0.3715ms)
✔ configuration rejects invalid process start (0.3378ms)
✔ synthetic VerifyRun evidence distinguishes awaiting independent review from accepted completion (12.2554ms)
✔ forced commit_branch export rejection is a named failure, never archive bypass or approval (2.8458ms)
✔ missing-required-provider-Artifact negative shares the native checks without inventing bytes (3.1036ms)
✔ assessRecovery refuses original usage rewritten (3.122ms)
✔ assessRecovery refuses original output history changed (2.3032ms)
✔ assessRecovery refuses provider-attempt counter reset (2.4461ms)
✔ assessRecovery refuses provider-attempt maximum changed (1.8326ms)
✔ assessRecovery refuses source incident changed (2.1363ms)
✔ assessRecovery refuses checkpoint authority absent (2.4699ms)
✔ assessRecovery refuses different context source (2.049ms)
✔ assessRecovery refuses budget reset hidden in context (1.8337ms)
✔ assessRecovery refuses another native recovery (1.954ms)
✔ assessRecovery refuses source-correction instead of verification (2.9696ms)
✔ assessRecovery refuses recovery contract revision (1.7685ms)
✔ assessRecovery refuses changed recovery reason (1.6802ms)
✔ assessRecovery refuses weakened replacement policy (1.7212ms)
✔ assessRecovery refuses new provider session (2.0934ms)
✔ assessRecovery refuses allocated model tokens (2.3104ms)
✔ assessRecovery refuses allocated model cost (1.7628ms)
✔ assessRecovery refuses consumed input tokens (1.6364ms)
✔ assessRecovery refuses consumed output tokens (2.4262ms)
✔ assessRecovery refuses consumed model cost (2.3367ms)
✔ assessRecovery refuses different workspace root run (1.7723ms)
✔ assessRecovery refuses replacement workspace not preserved (1.9451ms)
✔ assessRecovery refuses replacement fingerprint changed (1.78ms)
✔ assessRecovery refuses invented provider artifact (2.5756ms)
✔ assessRecovery refuses provider event outside snapshot window (1.9571ms)
✔ assessRecovery refuses native command acknowledgment missing (2.0612ms)
✔ assessRecovery refuses missing native app check (1.8433ms)
✔ assessRecovery refuses evidence kind mismatch (2.5772ms)
✔ assessRecovery refuses independent-review self-approval (3.1045ms)
✔ assessRecovery refuses accepted run before gate decision (1.7926ms)
✔ assessRecovery refuses missing factory completion event (1.2267ms)
✔ assessRecovery refuses empty source deliverable (1.9577ms)
✔ assessRecovery refuses wrong deliverable provenance (2.2883ms)
✔ download validation uses in-memory bytes and checks payload digests without claiming a browser test (3.1619ms)
✔ configuration refuses target http://localhost:18574 (0.2439ms)
✔ configuration refuses target https://127.0.0.1:18574 (0.1158ms)
✔ configuration refuses target http://127.0.0.1:18574/ (0.1035ms)
✔ configuration refuses target http://127.0.0.1:18575 (0.099ms)
✔ configuration refuses target http://127.0.0.1:8791 (0.1871ms)
✔ configuration refuses target http://127.0.0.1:18574/api (0.1117ms)
✔ configuration refuses target http://127.0.0.1:18574?x=1 (0.1022ms)
✔ configuration refuses target http://example.invalid:18574 (0.14ms)
✔ configuration refuses target http://user:password@127.0.0.1:18574 (0.1091ms)
✔ configuration refuses target http://[::1]:18574 (0.1043ms)
✔ absolute path and owned-output boundaries reject aliases, devices, UNC, ADS, and root reuse (3.1753ms)
✔ explicit independent reviewer, valid digest, and bounded numeric options are mandatory (5.8358ms)
✔ reports expose hashes and constrained identity, never receipt metadata or provider output (1.5223ms)
✔ saved report cannot adopt changed authority, extra fields, or identities without prior intent (5.397ms)
✔ baseline and journal never consult the bounded snapshot.events window (24.5441ms)
✔ baseline preserves every pre-existing missions record (1.3354ms)
✔ baseline preserves every pre-existing tasks record (0.8998ms)
✔ baseline preserves every pre-existing runs record (0.8131ms)
✔ baseline preserves every pre-existing factory_work_items record (0.8755ms)
✔ baseline preserves every pre-existing factory_verification_recoveries record (0.7985ms)
✔ baseline preserves every pre-existing verification_evidence record (0.8805ms)
✔ baseline preserves every pre-existing verification_requests record (0.8029ms)
✔ baseline preserves every pre-existing source_deliverables record (1.9469ms)
✔ baseline preserves every pre-existing mission_contract_revisions record (1.0848ms)
✔ baseline preserves every pre-existing mission_budget_revisions record (0.8661ms)
✔ baseline preserves every pre-existing action_approvals record (1.721ms)
✔ baseline preserves every pre-existing circuit_breaker_incidents record (1.0782ms)
✔ baseline permits additive rows and events while forbidding live work and missing history tables (2.1948ms)
✔ journal requires exact Ready watermark, ordered unique same-Corp events, and bounded count (0.8259ms)
✔ buildPlan is deterministic, fresh, output-owned, and mirrors one ready synthetic issue (1.5953ms)
✔ factory argv remains pinned and recovery only appends the exact checkpoint mode and recorded reason (1.534ms)
✔ persisted app, base-file, exact hash command and independent-review checks cannot be replaced by Artifact (7.8119ms)
✔ checkpoint digests use Rust field order, preserve app policy, and retain forced commit_branch authority (0.6519ms)
✔ invokeFactory uses only injected child I/O, a bounded timeout, and a non-inherited environment (1.4612ms)
✔ invokeFactory never retries an uncertain execution or logs raw stdout/stderr (1.5635ms)
✔ explicit Windows assessment preserves historical paths on every host (3.2608ms)
✔ default host assessment still rejects foreign path namespaces (0.9936ms)
✔ assessOriginal binds native stop from full replay, not snapshot.events (1.5788ms)
✔ assessOriginal binds native suspend from full replay, not snapshot.events (1.7556ms)
✔ assessOriginal rejects provider attempt increment without accepting or replacing work (1.4468ms)
✔ assessOriginal rejects attempt ceiling revision without accepting or replacing work (0.794ms)
✔ assessOriginal rejects current budget revision without accepting or replacing work (0.7246ms)
✔ assessOriginal rejects original budget rewrite without accepting or replacing work (0.7044ms)
✔ assessOriginal rejects persisted hash verifier removal without accepting or replacing work (0.7907ms)
✔ assessOriginal rejects manual gate weakening without accepting or replacing work (0.8029ms)
✔ assessOriginal rejects contract source replacement without accepting or replacing work (0.7998ms)
✔ assessOriginal rejects write scope replacement without accepting or replacing work (0.7244ms)
✔ assessOriginal rejects archive bypass of forced commit_branch without accepting or replacing work (0.9488ms)
✔ assessOriginal rejects provider secret authority without accepting or replacing work (0.8527ms)
✔ assessOriginal rejects extra provider run without accepting or replacing work (1.1977ms)
✔ assessOriginal rejects extra task without accepting or replacing work (0.8651ms)
✔ assessOriginal rejects changed factory owner without accepting or replacing work (0.6819ms)
✔ assessOriginal rejects changed issue revision without accepting or replacing work (0.6682ms)
✔ assessOriginal rejects wrong assigned runner without accepting or replacing work (0.7789ms)
✔ assessOriginal rejects producer reviewing itself without accepting or replacing work (0.7143ms)
✔ assessOriginal rejects source-checkout execution without accepting or replacing work (0.9357ms)
✔ assessOriginal rejects quarantined checkpoint without accepting or replacing work (0.7725ms)
✔ assessOriginal rejects loop-counter change without accepting or replacing work (0.7256ms)
✔ assessOriginal rejects rewritten usage without accepting or replacing work (0.8942ms)
✔ assessOriginal rejects invented provider artifact without accepting or replacing work (0.7477ms)
✔ assessOriginal rejects checkpoint missing without accepting or replacing work (1.313ms)
✔ assessOriginal rejects checkpoint policy digest changed without accepting or replacing work (0.824ms)
✔ assessOriginal rejects provider still alive without accepting or replacing work (0.8864ms)
✔ assessOriginal rejects budget command not acknowledged without accepting or replacing work (0.8315ms)
✔ assessOriginal rejects budget incident missing without accepting or replacing work (0.8289ms)
✔ assessOriginal rejects previously recorded run missing without accepting or replacing work (0.8371ms)
✔ assessOriginal rejects accepted provider progress hidden before snapshot window without accepting or replacing work (0.8086ms)
✔ suite pauses for native browser review by default and only observes external approval on continuation (46.9837ms)
✔ suite retains native forced-commit export failure and performs no review, download, or policy bypass (16.695ms)
✔ suite missing-Artifact negative is explicit rejection, not verified delivery or fabricated provider evidence (17.2415ms)
✔ --continue cannot create a baseline or begin an unrecorded mutation (6.4842ms)
✔ unknown create response is never retried; continuation times out without adopting replacement work (29.7374ms)
✔ lost create response reconciles the exact item/run, but --continue cannot authorize recovery (10.7867ms)
✔ lost recovery response binds the recorded replacement; continuation only pauses for its exact browser gate (18.5045ms)
✔ external browser approval completes exact recorded work without retries or erasing earlier failure history (35.6084ms)
✔ suite never mutates when independent reviewer is missing (3.6266ms)
✔ suite never mutates when independent reviewer is not human (2.9447ms)
✔ suite never mutates when independent reviewer is unauthorized role (3.0172ms)
✔ suite never mutates when independent reviewer is guest (3.2468ms)
✔ suite never mutates when independent reviewer is wrong Corp (3.291ms)
✔ failed intent persistence or changed parent inputs prevents the corresponding native effect (21.827ms)
✔ a colliding synthetic item without saved create intent is never adopted or mutated (4.1873ms)
✔ wrong physical base bytes stop before recovery; tampered downloads stop without another attempt (35.7537ms)
✔ --continue fails closed when recorded work disappears, with no new mission or native retry (27.1293ms)
✔ explicit browser-review flag preserves the default two-step flow without a scripted-review mode (11.6721ms)
✔ browser-review pause cannot be continued with substituted gate identities or reviewer (13.1706ms)
✔ production I/O exposes no review POST and confines injected requests to exact GET routes (25.6147ms)
✔ runtime factory adapter never retries an ambiguous injected CLI call (1.1894ms)
✔ server-upgrade option is explicit, continue-only, and confined to the owned runtime directory (15.703ms)
✔ server-only upgrade retains the original binding/failure and separately records server provenance read-only (24.3385ms)
✔ upgrade rejects runner/web/CLI changes, a mismatched old binding, and conflicting server provenance (14.6177ms)
✔ same-verifier native checkpoint re-attestation accepts a real run_id-only VerificationRequest (2.1828ms)
✔ checkpoint re-attestation cannot target another run, duplicate an ACK, or permit provider usage (2.97ms)
✔ strict phase parsing and explicit opt-in (4.6591ms)
✔ reject manual/default/aliased ports, credentials, ambiguous URLs and mismatched environment before API access (6.5982ms)
✔ verification is GET-only and no phase can call decision/reset/bootstrap/foreign-Corp routes (1.9007ms)
✔ prepare → newer approved → isolated replay observation → explicit older approval → automatic synthesis (89.9946ms)
✔ lost create response adopts exact marker without sending a second create (19.4835ms)
✔ unknown create that never arrived fails closed, never creates a replacement (3.1919ms)
✔ lost revision response replays the exact native UUID and preserves only two revisions (56.1276ms)
✔ lost launch response recovers exact root IDs by readback, never dispatches again (33.7313ms)
✔ wrong source/pinned staffing/non-quiescent fixture rejected before any POST (2.1977ms)
✔ cannot skip intermediate observation or approve the older run first (46.0672ms)
✔ exact reviewer attribution, artifact binding and no second decision are enforced (60.6247ms)
✔ duplicate decision event and journal rollover cannot pass as replay isolation (41.6223ms)
✔ checkpoint fixture mismatch and modified pre-existing rows are rejected (34.4388ms)
✔ failed artifact download is rechecked on prepare resume without more POSTs (21.6086ms)
✔ linux: native unavailable admission is a verified refusal, not provider success (292.1901ms)
✔ darwin: native unavailable admission is a verified refusal, not provider success (226.4139ms)
✔ Windows: an unavailable provider remains a failure (225.9336ms)
✔ Unix: accidentally accepting an unsupported provider fails the contract (208.6175ms)
✔ Unix: an unrelated admission failure cannot stand in for containment refusal (207.7075ms)
✔ Unix: a refusal with a persisted run is rejected (220.4328ms)
✔ Unknown runner platforms fail before resetting a fixture (126.2657ms)
✔ A Linux expectation cannot conceal an unavailable Windows runner (174.8593ms)
✔ Unknown reported runner OS fails before creating provider work (171.2117ms)
✔ An owned child stuck on HTTP is reaped before fixture cleanup (2023.4323ms)
✔ explicit CLI and parent runtime receipt reuse retain owner/source/process binding (7.2439ms)
✔ additive request changes only the fixture case, keeps native 5000 authority and no delivery/resume (0.6221ms)
✔ shared client sends exact additive create/launch bodies without retries or extra routes (26.4923ms)
✔ pure native trace accepts actual ACK before failure/termination without prescribing that order (6.3545ms)
✔ pure native trace accepts actual ACK between failure/termination without prescribing that order (1.6241ms)
✔ pure native trace accepts actual ACK after failure/termination without prescribing that order (1.3604ms)
✔ pure evidence rejection: missing actual artifact rejection (1.2672ms)
✔ pure evidence rejection: unrelated failure (1.0489ms)
✔ pure evidence rejection: termination before failure is not the race (1.7484ms)
✔ pure evidence rejection: missing termination is not success (1.4893ms)
✔ pure evidence rejection: missing ACK remains unproven (0.9114ms)
✔ pure evidence rejection: wrong command correlation (1.1963ms)
✔ pure evidence rejection: wrong ACK runner (0.9884ms)
✔ pure evidence rejection: foreign session event scope (0.7292ms)
✔ pure evidence rejection: non-native event attribution (0.9515ms)
✔ pure evidence rejection: wrong native event identity (0.8215ms)
✔ pure evidence rejection: rewritten failure summary (0.7112ms)
✔ pure evidence rejection: agent still assigned (0.6927ms)
✔ pure evidence rejection: task resurrected (0.8496ms)
✔ pure evidence rejection: mission resurrected (0.8351ms)
✔ pure evidence rejection: accepted artifact metadata (0.9797ms)
✔ pure evidence rejection: late accepted completion even if snapshot says failed (1.3126ms)
✔ pure evidence rejection: accepted artifact even outside bounded snapshot.events (0.8425ms)
✔ pure evidence rejection: verification event is forbidden (0.7177ms)
✔ pure evidence rejection: uncertain teardown is forbidden (1.2793ms)
✔ pure evidence rejection: accepted evidence record (0.8219ms)
✔ pure evidence rejection: budget revision (0.665ms)
✔ pure evidence rejection: replacement run (0.5157ms)
✔ pure evidence rejection: source substitution (0.5181ms)
✔ pure evidence rejection: verification-only execution cannot attest a provider (0.507ms)
✔ pure evidence rejection: usage must be exactly two 3000-token increments (0.7968ms)
✔ invalid native termination payload cannot pass (null) (0.8046ms)
✔ invalid native termination payload cannot pass ([]) (0.797ms)
✔ invalid native termination payload cannot pass ({}) (0.6411ms)
✔ invalid native termination payload cannot pass ({"adapter":"other"}) (0.7279ms)
✔ invalid native termination payload cannot pass ({"provider_process_alive":true}) (0.6597ms)
✔ invalid native termination payload cannot pass ({"provider_process_alive":"false"}) (0.6872ms)
✔ invalid native termination payload cannot pass ({"outcome":"verified"}) (0.7468ms)
✔ invalid native termination payload cannot pass ({"message":""}) (0.6605ms)
✔ invalid native termination payload cannot pass ({"message":1}) (0.7394ms)
✔ invalid native termination payload cannot pass ({"message":"xxxxxxxxxxxxxxxxxxxxxxxxxxxxxxxxxxxxxxxxxxxxxxxx) (0.9508ms)
✔ invalid native termination payload cannot pass ({"message":"untrusted\ntext"}) (1.1746ms)
✔ invalid native termination payload cannot pass ({"message":"
"}) (0.5819ms)
✔ invalid native termination payload cannot pass ({"credential":"PRIVATE_PROVIDER_CONTENT_OR_ASSIGNMENT_TOKEN_) (0.5749ms)
✔ all native terminal outcomes and absent optional message are valid telemetry, not accepted completion (2.9657ms)
✔ one additive case checkpoints and announces intent/IDs, retains history, and waits for quiet readback (24.0813ms)
✔ passed same-case continuation recomputes proof with zero further mutations (20.4055ms)
✔ createLost: failure preserves exact intent, continuation never retries an attempted POST (11.441ms)
✔ createUnknown: failure preserves exact intent, continuation never retries an attempted POST (2.2136ms)
✔ launchLost: failure preserves exact intent, continuation never retries an attempted POST (12.2275ms)
✔ launchUnknown: failure preserves exact intent, continuation never retries an attempted POST (3.2773ms)
✔ bounded live failure leaves the original run live, IDs and intent intact, with no replacement (35.1582ms)
✔ missing late telemetry is a bounded failure with actual ACK order, not a race claim (21.9501ms)
✔ natural later telemetry/finalization can settle without rewriting terminal state or historical events (13.5909ms)
✔ settling cannot hide changed terminal run summary (4.5408ms)
✔ settling cannot hide changed terminal task (4.6307ms)
✔ settling cannot hide changed terminal mission (3.7174ms)
✔ settling cannot hide changed terminal agent (3.8231ms)
✔ settling cannot hide changed old run (4.4015ms)
✔ settling cannot hide changed old agent (4.924ms)
✔ settling cannot hide changed old journal prefix (5.5003ms)
✔ settling cannot hide changed original failure event (4.8267ms)
✔ saved report cannot substitute receipt, native authority, source, or erase baseline after an effect (2.0909ms)
✔ report save uses exclusive lock, private synced temp and atomic rename; refuses implicit overwrite (2.907ms)
✔ stale locks are never stolen and failed saves retain original report and orphaned temp (1.0111ms)
✔ report cannot replace receipt; bounded reads reject links, hardlinks and inode swaps before reading (0.8824ms)
✔ CLI is explicit, non-ambient, duplicate/unknown flags fail (4.0469ms)
✔ explicit parent runtime metadata aligns without opening any named process/log/source (3.8905ms)
✔ rejects protected/manual API port 5187 (0.2614ms)
✔ rejects protected/manual API port 5291 (0.1766ms)
✔ rejects protected/manual API port 8791 (0.2662ms)
✔ rejects protected/manual API port 8793 (0.4252ms)
✔ rejects protected/manual API port 8991 (0.2266ms)
✔ rejects protected/manual API port 15191 (0.2832ms)
✔ rejects protected/manual API port 15193 (0.3689ms)
✔ rejects protected/manual API port 15491 (0.5538ms)
✔ rejects protected/manual API port 15493 (0.2941ms)
✔ rejects protected/manual API port 15496 (0.2678ms)
✔ rejects protected/manual API port 18961 (0.255ms)
✔ rejects protected/manual API port 18962 (0.2007ms)
✔ rejects protected/manual API port 18963 (0.1378ms)
✔ rejects ambiguous or non-owned origin http://localhost:18574 (0.2907ms)
✔ rejects ambiguous or non-owned origin http://127.1:18574 (0.2965ms)
✔ rejects ambiguous or non-owned origin http://[::1]:18574 (0.2887ms)
✔ rejects ambiguous or non-owned origin https://127.0.0.1:18574 (0.3115ms)
✔ rejects ambiguous or non-owned origin http://127.0.0.1:18574/ (0.2492ms)
✔ rejects ambiguous or non-owned origin http://127.0.0.1:18574/api (0.2286ms)
✔ rejects ambiguous or non-owned origin http://127.0.0.1:18574?x=1 (0.289ms)
✔ rejects ambiguous or non-owned origin http://redacted:redacted@127.0.0.1:18574 (0.3534ms)
✔ rejects ambiguous or non-owned origin http://example.com:18574 (0.1471ms)
✔ receipt requires complete immutable source, no unknown authority or provider substitution (3.4758ms)
✔ native requests preserve single strategy, exact source, budget, File verifier, no deliverable (0.7352ms)
✔ Rust policy digest uses explicit declaration order, not JS/JSONB property order (0.6763ms)
✔ canonical containment handles Windows drive prefixes but rejects aliases/escapes (1.0691ms)
✔ POSIX containment rejects traversal, equality and sibling prefixes (0.5937ms)
✔ base.txt reads exactly five bytes, and all link/reparse/hardlink failures occur before open (9.5864ms)
✔ opened-file identity swaps fail closed without reading bytes (1.3011ms)
✔ runners are top-level; nested-only, unavailable, foreign, ambiguous or different-source runners fail (0.9826ms)
✔ suspend: actual usage -> breaker -> native teardown -> exact checkpoint -> terminal (2.323ms)
✔ stop: actual usage -> breaker -> native teardown -> exact checkpoint -> terminal (0.8875ms)
✔ rejects missing checkpoint (0.9399ms)
✔ rejects foreign Corp proof (0.7167ms)
✔ rejects foreign mission proof (0.9178ms)
✔ rejects foreign task proof (0.8375ms)
✔ rejects foreign run proof (1.4396ms)
✔ rejects foreign agent proof (0.8946ms)
✔ rejects foreign runner proof (0.7661ms)
✔ rejects wrong original base (0.7512ms)
✔ rejects changed HEAD (0.7124ms)
✔ rejects changed fingerprint (0.6253ms)
✔ rejects arbitrary JS policy ordering (0.6569ms)
✔ rejects changed write digest (0.6438ms)
✔ rejects changed deliverable digest (0.6739ms)
✔ rejects token in proof (0.9441ms)
✔ rejects live provider (0.625ms)
✔ rejects wrong adapter (0.6722ms)
✔ rejects foreign event lineage (0.5308ms)
✔ rejects late checkpoint (0.7269ms)
✔ rejects missing usage (0.6636ms)
✔ rejects fake cumulative usage (0.5301ms)
✔ rejects wrong breaker metric (0.6637ms)
✔ rejects wrong command acknowledgement (0.6711ms)
✔ rejects accepted artifact (0.5587ms)
✔ rejects verification started (0.9532ms)
✔ rejects lost is not completion (0.4766ms)
✔ rejects agent still assigned (0.5839ms)
✔ rejects automatic retry (0.5969ms)
✔ rejects replacement task (0.6804ms)
✔ rejects resume lineage (0.4472ms)
✔ rejects budget override (0.3448ms)
✔ rejects write scope widening (0.3545ms)
✔ rejects policy weakening (0.3789ms)
✔ rejects path outside runner (0.6707ms)
✔ rejects unknown projection strings are not logged (0.4683ms)
✔ rejects non-native none breaker projection is rejected (0.4731ms)
✔ rejects accepted evidence row (0.5518ms)
✔ full replay, not the bounded snapshot, rejects earlier run.completed (0.5837ms)
✔ full replay, not the bounded snapshot, rejects earlier run.verification_started (0.8728ms)
✔ full replay, not the bounded snapshot, rejects earlier run.verification_evidence (0.597ms)
✔ full replay, not the bounded snapshot, rejects earlier run.artifact (0.664ms)
✔ full replay, not the bounded snapshot, rejects earlier run.deliverable (0.6148ms)
✔ full replay, not the bounded snapshot, rejects earlier run.workspace_removed (0.5409ms)
✔ full replay, not the bounded snapshot, rejects earlier run.teardown_uncertain (0.5568ms)
✔ visible history and original journal prefix are immutable; no whole-database inference (1.4964ms)
✔ journal bounds, strict ordering, non-contiguous visible sequences and Ready watermark (0.5466ms)
✔ API requests allow only exact scoped snapshot/create/launch, never reset/policy/resume (25.9132ms)
✔ HTTP errors with sensitive bodies are not retried or exposed (0.6612ms)
✔ oversized API responses fail at the byte bound, with no response body in the error (9.682ms)
✔ native journal API requires a real Ready watermark and refuses partial replay (1.2717ms)
✔ two additive cases checkpoint intent/IDs, retain old history, and pass only after quiet observation (23.7848ms)
✔ baseline counts are dynamic, including completed prior browser-created missions (28.6807ms)
✔ completed checkpoint continuation is read-only and never re-launches either case (29.2507ms)
✔ timeout leaves a live run LIVE with its original ID and never starts a replacement/second case (22.5879ms)
✔ lost create response discovers exact original IDs; intentional continuation sends no duplicate (16.2694ms)
✔ uncertain create without an observable result blocks continuation, never replacement (1.4108ms)
✔ lost launch response discovers exact original IDs; intentional continuation sends no duplicate (16.5575ms)
✔ uncertain launch without an observable result blocks continuation, never replacement (2.1713ms)
✔ driver failure keeps IDs and failure report; late accepted verification cannot pass (5.977ms)
✔ saved report cannot change receipt/source/runner/process scope or invent successful authority (0.9538ms)
✔ existing budget-stream keeps its original synthetic 6000-token contract (1160.0927ms)
✔ UI budget-stream uses the real 500K preset with explicit synthetic counters (1152.0319ms)
✔ native interrupt prevents later usage and completion in the UI fixture (260.2383ms)
✔ original budget-stream still interrupts before its second usage and scheduled completion (267.6877ms)
✔ queued completion emits exact usage and completed before a subsequent interrupt response (143.3499ms)
✔ actual queued fixture writes base then emits both usages and finish synchronously without timers (4.0847ms)
✔ User/Organization resolver verifies owner and project number without reading items (802.1046ms)
✔ opaque paginated active-only discovery retains 1002 items and exact Issue source (1918.03ms)
✔ empty pages, invalid cursors and archived cursors never silently restart pagination (1059.2317ms)
✔ quota-only probes accept include flags before/after endpoint and retain plain JSON (541.3945ms)
✔ exact items, memberships and publisher fields support metered and legacy plain callers (1098.3887ms)
✔ configured primary refusal exposes reset headers and recovers exactly at fixture reset (375.951ms)
✔ secondary failures are finite per-query attempts even with interleaved probes (675.4844ms)
✔ 503 failures expose Retry-After without spending quota or triggering source mutation (267.3369ms)
✔ source-drift hook remains shared across pages, legacy lists and exact reads only (1055.8022ms)
✔ legacy Project edits and publisher PR mutation/recovery semantics are preserved (799.6478ms)
✔ errors and observation logs never echo credentials, headers, query text or variables (798.3483ms)
✔ invalid quota/failure configurations fail safely and event retention is bounded (1187.7815ms)
✔ parses HTTPS clone URL without resolving redirects (2.7571ms)
✔ parses HTTPS repository URL without resolving redirects (0.3139ms)
✔ parses HTTPS default port without resolving redirects (0.1361ms)
✔ parses SSH SCP URL without resolving redirects (0.2272ms)
✔ parses SSH URI without resolving redirects (0.1777ms)
✔ parses SSH default port without resolving redirects (0.1412ms)
✔ parses SSH alternate port without resolving redirects (0.3339ms)
✔ parses case normalization without resolving redirects (0.1455ms)
✔ parses trailing slash without resolving redirects (0.9033ms)
✔ parses Git output newline without resolving redirects (0.3249ms)
✔ keeps old, transferred and deliberately wrong repositories distinct (0.4331ms)
✔ retains valid repository punctuation (0.1791ms)
✔ rejects missing without disclosing the origin (0.7533ms)
✔ rejects null without disclosing the origin (0.1244ms)
✔ rejects non-string without disclosing the origin (0.1088ms)
✔ rejects empty without disclosing the origin (0.1165ms)
✔ rejects bare namespace without disclosing the origin (0.1138ms)
✔ rejects different host without disclosing the origin (0.1023ms)
✔ rejects host suffix without disclosing the origin (0.1034ms)
✔ rejects HTTP without disclosing the origin (0.1451ms)
✔ rejects Git protocol without disclosing the origin (0.1384ms)
✔ rejects HTTPS userinfo without disclosing the origin (0.1299ms)
✔ rejects HTTPS password without disclosing the origin (0.1043ms)
✔ rejects SSH password without disclosing the origin (0.0966ms)
✔ rejects non-Git SSH user without disclosing the origin (0.0986ms)
✔ rejects SCP userinfo without disclosing the origin (0.096ms)
✔ rejects SCP prefix not recognized by the runner without disclosing the origin (0.1137ms)
✔ rejects query without disclosing the origin (0.0985ms)
✔ rejects fragment without disclosing the origin (0.1027ms)
✔ rejects extra path without disclosing the origin (0.1415ms)
✔ rejects traversal without disclosing the origin (0.1501ms)
✔ rejects dot owner without disclosing the origin (0.1084ms)
✔ rejects dot repository without disclosing the origin (0.0968ms)
✔ rejects empty repository without disclosing the origin (0.1324ms)
✔ rejects encoded path without disclosing the origin (0.0989ms)
✔ rejects backslash without disclosing the origin (0.1332ms)
✔ rejects multiple origins without disclosing the origin (0.1355ms)
✔ rejects oversized origin without disclosing the origin (0.095ms)
✔ reads only the selected checkout origin with bounded, piped Git output (0.2541ms)
✔ Git failure discards message, cause, stdout and stderr without fallback (0.2477ms)
✔ a successful Git read cannot admit a credential-bearing origin (0.2086ms)
✔ imports actual-shaped retained native success and reproducible external rejection as a candidate only (93.3187ms)
✔ old oracle without physical digest remains explicitly weaker and prompt alignment remains unreviewed (79.9878ms)
✔ repeated captures and checker versions of one run do not create independent evidence identities (275.5555ms)
✔ local review digest cannot activate a candidate even with two distinct native runs (187.9934ms)
✔ refuses foreign Corp even with repinned retained files (95.3669ms)
✔ refuses foreign room even with repinned retained files (87.4276ms)
✔ refuses other source even with repinned retained files (84.7911ms)
✔ refuses changed contract source even with repinned retained files (100.1741ms)
✔ refuses missing native checks even with repinned retained files (87.0593ms)
✔ refuses failed test under passed native label even with repinned retained files (91.4572ms)
✔ refuses wrong oracle bytes even with repinned retained files (84.5451ms)
✔ refuses wrong resume identity even with repinned retained files (76.1444ms)
✔ refuses wrong resume ancestry even with repinned retained files (84.4805ms)
✔ refuses cancelled run even with repinned retained files (82.8506ms)
✔ refuses substituted before bytes even with repinned retained files (76.734ms)
✔ refuses unknown checker even with repinned retained files (14.8407ms)
✔ hash pins, duplicate JSON keys and traversal are rejected before candidate output (79.7008ms)
✔ directory redirection and oversized files fail closed (115.3284ms)
✔ exact append handles LF and CRLF without normalizing changed source (0.5291ms)
✔ external rejection cannot be imported when exact output actually passes (79.6484ms)
✔ CLI reads pinned inputs and creates one new corpus without overwriting source files (227.8361ms)
✔ CLI has one aggregate read budget covering the request, corpus, manifests and retained files (260.1494ms)
▶ local stack owned-process and state regression fixtures
  ✔ identity comes from the live process and binds only the explicit workspace (1.7039ms)
  ✔ wrong timestamps, executable, workspace and malformed records fail closed (0.1564ms)
  ✔ a stale creation record aimed at a live synthetic PID cannot stop it (0.2004ms)
  ✔ stopping the verified root leaves its descendant and an unrelated child alive (0.1293ms)
  ✔ Start accepts working and log directories containing spaces (0.1778ms)
  ✔ Start treats bracketed log directories as literal paths (0.1221ms)
  ✔ Start treats bracketed working directories as literal paths (0.1165ms)
  ✔ failed-start rollback results preserve the original error and require both success signals (0.1441ms)
  ✔ Start preserves literal arguments, spaces, child-only environment and redacted evidence (0.2011ms)
  ✔ repeated role launches retain earlier logs and allocate unique stdout/stderr files (0.2833ms)
  ✔ extracted Launch preserves ownership on save failure (verified rollback) (0.1628ms)
  ✔ extracted Launch preserves ownership on save failure (unverified rollback) (0.0795ms)
  ✔ v2 state round-trips nested records and read preserves exact bytes (0.0856ms)
  ✔ corrupt, unsupported and differently scoped state is refused without deleting evidence (0.1369ms)
  ✔ state writes reject traversal, sibling-prefix paths and foreign workspace claims (0.0827ms)
  ✔ state writes reject reparse-point parent directories (0.0831ms)
  ✔ a failed atomic replacement preserves old bytes and removes its temporary file (0.1616ms)
  ✔ concurrent synthetic reader observes only complete atomic state generations (0.0836ms)
  ✔ legacy numeric state stays read-only and never authorizes stopping (0.1362ms)
  ✔ cleanup reaps only held synthetic handles and removes only its temporary tree (0.1004ms)
✔ local stack owned-process and state regression fixtures (9481.9664ms)
ℹ PowerShell 7.6.5; 14 synthetic processes reaped; no fixture tree remains
▶ local stack starter source guards
  ✔ starter has no unconditional stop invocation (0.1657ms)
  ✔ starter never passes a database URL as a command argument (0.0937ms)
  ✔ starter forwards the native runner startup-recovery opt-out unchanged (0.0699ms)
  ✔ persisted runner IDs block automatic reenrollment even when offline (0.0832ms)
  ✔ Factory policy paths are canonicalized against the checkout before persistence and launch (0.0603ms)
  ✔ Factory saved connection is retained and passed only as an explicit native option (0.0598ms)
  ✔ live source-ref changes use exact comparison for old and current records (0.0577ms)
  ✔ starter never deletes enrollment or credentials without an explicit reset/rotation guard (0.0684ms)
  ✔ Compose operations are guarded by external-database selection (0.0568ms)
  ✔ stopper does not rediscover or terminate a descendant tree from saved PIDs (0.0593ms)
✔ local stack starter source guards (2157.2159ms)
✔ one checkout serializes commands while another checkout remains usable (5419.4432ms)
✔ explicit restart nesting and failed operations release their native lock (4730.982ms)
✔ an interrupted command does not leave a stale lock requiring manual cleanup (2887.0529ms)
✔ both supported entrypoints use the same operation boundary (4.0387ms)
✔ reported idle remains idle without a pending request (1.8787ms)
✔ reported starting remains starting without a pending request (0.1583ms)
✔ reported working remains working without a pending request (0.1144ms)
✔ reported blocked remains blocked without a pending request (0.1794ms)
✔ reported reviewing remains reviewing without a pending request (0.1955ms)
✔ reported offline remains offline without a pending request (0.1987ms)
✔ working station "read" projects reading (0.2552ms)
✔ working station "search" projects reading (0.2541ms)
✔ working station " READ " projects reading (0.2633ms)
✔ working station "Search" projects reading (0.4288ms)
✔ working station "test" projects working (0.1618ms)
✔ working station "build" projects working (0.1582ms)
✔ working station "review" projects working (0.1036ms)
✔ working station "research" projects working (0.1345ms)
✔ working station "bread" projects working (0.105ms)
✔ working station "break" projects working (0.0991ms)
✔ working station "unknown-tool" projects working (0.0967ms)
✔ working station null projects working (0.0899ms)
✔ a stale station does not invent activity for a non-working agent (0.3733ms)
✔ a blocked agent needs an exact current-run approval match (0.1976ms)
✔ an exact current-run pending review is distinct from an action approval (0.2111ms)
✔ unrelated and prior-run pending requests cannot affect the current agent (0.2342ms)
✔ an approval stops affecting an agent as soon as its current run changes (0.1843ms)
✔ null and empty current-run IDs cannot acquire pending request state (0.1983ms)
✔ offline wins even when the recorded current run has both pending requests (0.2284ms)
✔ exact action approval takes precedence over exact review (0.1725ms)
✔ explicit current-run requests do not depend on a blocked display status (0.1757ms)
✔ projection does not mutate agents or request sets or infer state from identity text (1.4374ms)
✔ all eight states have distinct labels and factual descriptions (0.5723ms)
✔ roster ordering is stable by ID without mutating the source array (0.4228ms)
✔ renaming or changing activity does not move an existing roster to different seats (0.5509ms)
✔ 0 agents occupy exactly 0 studios without stacked seats (0.3879ms)
✔ 1 agents occupy exactly 1 studios without stacked seats (0.4166ms)
✔ 5 agents occupy exactly 1 studios without stacked seats (0.2664ms)
✔ 6 agents occupy exactly 1 studios without stacked seats (0.2972ms)
✔ 7 agents occupy exactly 2 studios without stacked seats (0.2657ms)
✔ 11 agents occupy exactly 2 studios without stacked seats (0.2123ms)
✔ 12 agents occupy exactly 2 studios without stacked seats (0.2002ms)
✔ 13 agents occupy exactly 3 studios without stacked seats (0.1602ms)
✔ 17 agents occupy exactly 3 studios without stacked seats (0.1677ms)
✔ 18 agents occupy exactly 3 studios without stacked seats (0.1829ms)
✔ 19 agents occupy exactly 4 studios without stacked seats (0.1557ms)
✔ snapshot input reordering preserves page and seat assignment for 18 agents (0.4136ms)
✔ reordering across a partially filled page boundary preserves each agent seat (0.906ms)
✔ studio dimensions and the six feet anchors match the renderer contract exactly (0.2566ms)
✔ desk access never wraps overflow or invalid indexes onto occupied seats (0.8427ms)
✔ all desk footprints stay above their chairs and never overlap another desk or decor (0.2845ms)
✔ desk 0 has one finite arrival route clear of every workstation (0.3789ms)
✔ desk 1 has one finite arrival route clear of every workstation (0.1436ms)
✔ desk 2 has one finite arrival route clear of every workstation (0.106ms)
✔ desk 3 has one finite arrival route clear of every workstation (0.0892ms)
✔ desk 4 has one finite arrival route clear of every workstation (0.0922ms)
✔ desk 5 has one finite arrival route clear of every workstation (0.1059ms)
✔ route and desk results do not expose shared mutable layout state (0.1347ms)
✔ pending native review distinguishes invalid artifact paths from invalid artifact IDs (70.5072ms)
✔ pending native intent survives acceptance changes and reviewed adoption replays one exact revision (51.5009ms)
✔ pending intent cannot apply and generic native approval cannot authorize exact feedback (28.157ms)
✔ reviewed feedback refuses adopter as reviewer before a revision (25.2005ms)
✔ reviewed feedback refuses producer as reviewer before a revision (21.904ms)
✔ reviewed feedback refuses source requester as reviewer before a revision (21.1607ms)
✔ reviewed feedback refuses rejected decision before a revision (19.6046ms)
✔ reviewed feedback refuses future decision before a revision (25.8687ms)
✔ reviewed feedback refuses decision before intent before a revision (25.0262ms)
✔ reviewed feedback refuses wrong note digest before a revision (21.2771ms)
✔ reviewed feedback refuses extra note prose before a revision (20.2332ms)
✔ reviewed feedback refuses ordinary human gate before a revision (18.1471ms)
✔ reviewed feedback refuses requester exclusion disabled before a revision (17.1112ms)
✔ native approval cannot excuse changed target task (20.2311ms)
✔ native approval cannot excuse changed target version (21.156ms)
✔ native approval cannot excuse changed source commit (20.0765ms)
✔ native approval cannot excuse changed artifact identity (22.0618ms)
✔ native approval cannot excuse changed corpus bytes digest (23.8525ms)
✔ native approval cannot excuse changed selected rule digest (20.0465ms)
✔ native approval cannot excuse changed selected guidance (19.7012ms)
✔ native approval cannot excuse changed adopter identity (19.6723ms)
✔ native approval cannot excuse changed replacement effect (19.4049ms)
✔ native approval cannot excuse changed unknown authority field (20.1368ms)
✔ persisted verifier policy and automated evidence drift invalidate the intent independently of acceptance (58.5589ms)
✔ missing or contradictory native rows and capture drift fail closed (20.4989ms)
✔ reviewed apply rechecks the actual decision and preserves ambiguous outcomes and idempotency (35.8412ms)
✔ reviewed apply rejects altered intent bytes and expired proposal without native effects (20.9331ms)
✔ a changed post-effect review remains uncertain and cannot assert a verified binding (25.4717ms)
✔ review intent time bounds are revalidated during accepted-source reconstruction (20.4881ms)
✔ CLI native-review preparation, exact intent selection and apply keep separate raw and canonical hashes (110.9355ms)
✔ prepare is read-only and exposes the exact reference-only change for review (16.53ms)
✔ an unprefixed objective stays candidate because native composition would change it (17.5187ms)
✔ native normalization fixed points retain description and objective exactly (23.9111ms)
✔ public identifiers and digest selectors reject coercible arrays and objects before effects (16.3043ms)
✔ time, timeout and trusted routing fields require their declared primitive types (19.3048ms)
✔ apply performs one native revision, preserves authority and never launches (18.1663ms)
✔ typed native file selection pins outer provenance and exact decoded corpus while preserving raw compatibility (42.5026ms)
✔ native typed unknown schema field is refused even with matching outer artifact digest (14.1874ms)
✔ native typed missing native schema field is refused even with matching outer artifact digest (13.2725ms)
✔ native typed coercible version is refused even with matching outer artifact digest (13.9812ms)
✔ native typed unsupported archive form is refused even with matching outer artifact digest (15.2872ms)
✔ native typed wrong base is refused even with matching outer artifact digest (13.2136ms)
✔ native typed wrong verifier is refused even with matching outer artifact digest (14.7936ms)
✔ native typed wrong head is refused even with matching outer artifact digest (13.1761ms)
✔ native typed bundle payload is refused even with matching outer artifact digest (12.5343ms)
✔ native typed patch checksum is refused even with matching outer artifact digest (12.9975ms)
✔ native typed patch noncanonical base64 is refused even with matching outer artifact digest (13.7423ms)
✔ native typed selected hash is refused even with matching outer artifact digest (13.609ms)
✔ native typed selected byte count is refused even with matching outer artifact digest (13.6834ms)
✔ native typed selected file size bound is refused even with matching outer artifact digest (13.1689ms)
✔ native typed selected base64 is refused even with matching outer artifact digest (13.4364ms)
✔ native typed selected symlink is refused even with matching outer artifact digest (13.6425ms)
✔ native typed selected submodule is refused even with matching outer artifact digest (13.6476ms)
✔ native typed selected media is refused even with matching outer artifact digest (13.678ms)
✔ native typed duplicate path is refused even with matching outer artifact digest (14.1807ms)
✔ native typed case alias is refused even with matching outer artifact digest (13.7408ms)
✔ native typed file directory conflict is refused even with matching outer artifact digest (14.0608ms)
✔ native typed traversal is refused even with matching outer artifact digest (14.5203ms)
✔ native typed absolute path is refused even with matching outer artifact digest (15.0917ms)
✔ native typed Windows stream is refused even with matching outer artifact digest (14.8641ms)
✔ native typed Windows device is refused even with matching outer artifact digest (13.6803ms)
✔ native typed trailing dot alias is refused even with matching outer artifact digest (13.1953ms)
✔ native typed coercible entry path is refused even with matching outer artifact digest (17.7151ms)
✔ native typed deleted selection is refused even with matching outer artifact digest (13.3166ms)
✔ typed path selection requires one exact safe file, source role and original outer bytes (18.0168ms)
✔ typed decoded corpus cannot substitute a different well-hashed file or retarget a reviewed proposal (30.6419ms)
✔ typed base64 padding bits are canonical even when permissive decoding preserves the correct bytes (14.3074ms)
✔ same byte-pinned proposal replays its native key without adding guidance or a second revision (27.4867ms)
✔ lost response stays unknown with no automatic retry; exact replay reconciles it (23.4988ms)
✔ an HTTP400 after persistence stays unknown and same-key replay confirms one revision (21.4877ms)
✔ live Corp drift refuses before a request (15.2752ms)
✔ live room drift refuses before a request (14.9506ms)
✔ live mission drift refuses before a request (14.2693ms)
✔ live task drift refuses before a request (14.8664ms)
✔ live run drift refuses before a request (15.2476ms)
✔ live actor drift refuses before a request (15.0633ms)
✔ live source commit drift refuses before a request (14.4161ms)
✔ live verifier digest drift refuses before a request (16.359ms)
✔ live artifact digest drift refuses before a request (15.3763ms)
✔ an accepted receipt with incomplete bounded evidence remains candidate (16.4398ms)
✔ an observed manual gate must retain its native decision and decider (20.3587ms)
✔ missing native corpus evidence or mismatched actual bytes never borrows an unrelated accepted run (20.0999ms)
✔ typed envelopes, missing review bytes and requested independent review remain explicit candidates (17.1414ms)
✔ UTF-8 reference bounds do not silently truncate valid longer advisory guidance (14.9234ms)
✔ changed target ready status cannot be overwritten (19.1738ms)
✔ changed target existing run cannot be overwritten (17.9487ms)
✔ changed target contract version cannot be overwritten (16.8325ms)
✔ changed target budget cannot be overwritten (16.8087ms)
✔ changed target verifier cannot be overwritten (18.4292ms)
✔ changed target source cannot be overwritten (20.0043ms)
✔ changed target source connection cannot be overwritten (21.9801ms)
✔ changed target tools cannot be overwritten (22.5402ms)
✔ changed target Corp cannot be overwritten (25.5999ms)
✔ changed target room cannot be overwritten (22.2917ms)
✔ changed target origin cannot be overwritten (25.8259ms)
✔ repinned unauthorized proposal changes cannot alter anything except selected references (41.2751ms)
✔ wrong proposal hash, edited corpus/review/receipt, future or expired proposal fails before POST (25.949ms)
✔ expired selected guidance is not rescued by the remaining proposal lifetime (22.174ms)
✔ expiry crossing during live prechecks is repeated immediately before mutation (23.7562ms)
✔ one total operation deadline cannot be renewed by a slow target precheck (241.0711ms)
✔ duplicate-key or reformatted proposal JSON cannot masquerade as the prepared byte representation (15.6024ms)
✔ source drift after successful mutation is accurately retained as applied (21.6752ms)
✔ source access loss after mutation is never mislabeled refusal-before-effects (25.647ms)
✔ an HTTP error after a request is unknown without transaction-stage evidence and is not retried (30.7091ms)
✔ a contradictory successful response or changed native readback stays unknown (29.8254ms)
✔ exact native target projection refuses filtered context and preserves whole scope (25.5241ms)
✔ file input requires selected exact bytes and fails closed on an oversized or malformed input (47.7087ms)
✔ feedback file reads accumulate short native reads before validating bytes (13.672ms)
✔ feedback file truncate during short reads fails without a hash pin (10.0777ms)
✔ feedback file grow during short reads fails without a hash pin (26.8749ms)
✔ CLI preparation writes new review artifacts and an existing apply receipt refuses before network or effects (75.1407ms)
✔ CLI exits nonzero for refused adoption while preserving its JSON receipt (210.5067ms)
✔ CLI typed prepare explicitly selects the native file and apply has no path override (40.0048ms)
✔ retained native candidate cannot become saved-task guidance or a native revision (20.7755ms)
✔ forged locally activated native evidence cannot become saved-task guidance or a native revision (19.6203ms)
✔ native evidence mixed into an activated typed artifact cannot become saved-task guidance or a native revision (23.9529ms)
✔ receipt whitelists metadata and distinguishes persisted acceptance from optional verifier digests (7.3108ms)
✔ native runner, model and ref metadata preserves valid punctuation, spaces, Unicode and UTF-8 limits (3.6426ms)
✔ native metadata keeps bounded invalid text and malformed source tuples out of receipts (14.4191ms)
✔ native source identity accepts uppercase hexadecimal commits and full bounded repository components (0.6154ms)
✔ published native refs and native MIME token punctuation are observed without a custom identifier alphabet (0.8744ms)
✔ historical evidence never borrows the current task verifier policy count (1.1191ms)
✔ conflicting or invalid run-bound check counts remain unknown (2.5867ms)
✔ missing and duplicate check indices cannot establish completeness; malformed indices fail (0.8565ms)
✔ receipt rejects mismatched run Corp (0.6761ms)
✔ receipt rejects mismatched task Corp (0.3408ms)
✔ receipt rejects mismatched mission Corp (0.3009ms)
✔ receipt rejects mismatched room Corp (0.1667ms)
✔ receipt rejects mismatched exact actor (0.1585ms)
✔ receipt rejects mismatched exact room (0.1461ms)
✔ receipt rejects mismatched exact mission (0.1433ms)
✔ receipt rejects mismatched evidence task (0.1915ms)
✔ receipt rejects mismatched event room (0.2304ms)
✔ receipt rejects mismatched partial source (0.1524ms)
✔ current-run rejects later same-task runs and tied times, retaining nanosecond ordering (0.9724ms)
✔ typed resume lineage requires same task and producer, and records unavailable ancestors honestly (1.8584ms)
✔ exact recovery count is run-bound; private policy and notes are omitted (0.5616ms)
✔ published-result binds its exact source artifact and hashes opaque source revisions (0.5836ms)
✔ published-result accepts an exact historical publication despite a later same-task run (0.8079ms)
✔ published-result refuses mismatched Factory mission (0.2807ms)
✔ published-result refuses mismatched deliverable task (0.2601ms)
✔ published-result refuses mismatched deliverable source base (0.1911ms)
✔ published-result refuses mismatched run deliverable digest (0.1749ms)
✔ published-result refuses mismatched publication run (0.1688ms)
✔ published-result refuses mismatched provenance mission (0.3044ms)
✔ published-result refuses mismatched provenance source issue (0.2396ms)
✔ published-result refuses mismatched provenance target (0.2131ms)
✔ published-result refuses mismatched recorded PR head (0.2146ms)
✔ published-result refuses mismatched recorded PR repository (0.1978ms)
✔ published-result refuses mismatched recorded PR provenance (0.2487ms)
✔ byte verification rejects tampering and each missing or conflicting native response boundary (1.0423ms)
✔ receipt validator rejects extra content, contradictory acceptance, and mixed origin/artifact roles (3.4998ms)
✔ fingerprint tolerates observation timestamps and detects selected source, contract and artifact drift (2.3364ms)
✔ compiled native MCP export performs two captures and downloads only selected-origin artifact IDs (647.5109ms)
✔ artifact retention selection is bounded before reading host configuration (0.6686ms)
✔ compiled native evidence retains only explicitly selected verified bytes and preserves public receipt schema (396.0946ms)
✔ compiled native evidence rejects an unowned artifact selection before any artifact download (65.9275ms)
✔ compiled native evidence never returns retained bytes from a tampered artifact or changed source (180.2458ms)
✔ compiled native exporter keeps opaque runner/model/ref metadata out of every request route (128.6802ms)
✔ compiled native export rejects state drift during its artifact read (115.9197ms)
✔ compiled native export rejects mismatched context before downloading artifacts (61.8149ms)
✔ compiled native export refuses artifact redirects without forwarding credentials (64.495ms)
✔ compiled native export rejects oversized bodies and withholds HTTP error content (118.4763ms)
✔ compiled native export bounds a stalled exact-context body by its whole-operation timeout (1018.5158ms)
✔ receipt CLI writes a create-only metadata file and a compact redacted summary (648.1681ms)
✔ owned server requires matching executable, creation, endpoint, and workspace (2.4558ms)
✔ manual, remote, stale, or non-owned manifests never authorize restart (0.6281ms)
✔ Windows retains legacy timestamp tolerance and case-insensitive paths (0.3142ms)
✔ legacy Windows identity callers remain supported without weakening explicit checks (1.1753ms)
✔ Linux requires the exact boot/PID/start-tick, executable, cwd/root, and socket binding (2.4031ms)
✔ Linux rejects malformed, legacy-Windows, and changed receipts (0.676ms)
✔ every existing manual port remains denied on Windows and Linux and all loopback hosts (0.8134ms)
✔ remote, credentialed, missing-port, and malformed-scope endpoints fail closed (0.5121ms)
✔ only a complete scoped JSON object is a process receipt (0.5069ms)
✔ proc stat parses the final comm parenthesis and preserves 64-bit start ticks (0.76ms)
✔ proc stat rejects wrong PID, truncated fields, malformed state, and invalid ticks (0.4433ms)
✔ Linux listener proof intersects the exact port and LISTEN state with PID-owned inodes (0.9468ms)
✔ malformed or unavailable proc network input supplies no ownership authority (0.3949ms)
✔ artifact recovery overrides are child-only and match native numeric bounds (0.6661ms)
✔ probe requires explicit scope and forwards only its scoped credential environment (3.3341ms)
✔ probe summary contains collection counts, never snapshot data or private paths (0.5486ms)
✔ probe permits HTTP only for normalized canonical loopback origins and requires HTTPS elsewhere (8.6183ms)
✔ recovery probe reports only native metadata and never infers missing capability or exposes policy (0.76ms)
✔ recovery probe rejects malformed work-item IDs before spawning any gateway (0.741ms)
✔ compiled recovery probe rejects impossible native numeric metadata and preserves exhausted authority (443.735ms)
✔ compiled recovery tool makes exactly the selected authorized GET in both modes (114.9224ms)
✔ compiled recovery probe selects one context without reading the broad snapshot or exposing private fields (62.9076ms)
✔ compiled recovery tool refuses malformed IDs, extra scope or effect arguments before HTTP (108.5897ms)
✔ compiled recovery tool rejects mismatched Corp or work-item responses (218.23ms)
✔ compiled recovery probe preserves authorization and not-found failures without private diagnostics (166.9559ms)
✔ compiled recovery inspection never follows redirects in either gateway mode (109.0944ms)
✔ compiled recovery inspection caps HTTP bodies even in the legacy write-capable gateway mode (116.8725ms)
✔ compiled read-only MCP completes the real stdio handshake and makes only one scoped GET (59.7209ms)
✔ compiled MCP ignores notifications and denies mutating calls before HTTP while preserving the default catalog (107.1751ms)
✔ compiled MCP keeps malformed omitted-ID objects silent and effect-free (read-only) (57.3169ms)
✔ compiled MCP keeps malformed omitted-ID objects silent and effect-free (unrestricted) (50.1059ms)
✔ compiled probe withholds API error content and enforces its whole-probe timeout (1087.0363ms)
✔ compiled read-only inspection rejects redirects without contacting a second origin (115.1321ms)
✔ compiled read-only startup requires every routing variable before serving even initialization (182.6253ms)
✔ compiled read-only flag rejects command-line tokens (split option, CLI only) (51.6691ms)
✔ compiled read-only flag rejects command-line tokens (split option, CLI plus environment) (48.8795ms)
✔ compiled read-only flag rejects command-line tokens (equals option, CLI only) (55.0209ms)
✔ compiled read-only flag rejects command-line tokens (equals option, CLI plus environment) (47.304ms)
✔ compiled read-only flag accepts only the environment token and exposes the restricted catalog (55.8505ms)
✔ compiled read-only environment rejects command-line tokens (split option, CLI only) (52.6408ms)
✔ compiled read-only environment rejects command-line tokens (split option, CLI plus environment) (48.9671ms)
✔ compiled read-only environment rejects command-line tokens (equals option, CLI only) (53.2232ms)
✔ compiled read-only environment rejects command-line tokens (equals option, CLI plus environment) (47.3188ms)
✔ compiled read-only environment accepts only the environment token and exposes the restricted catalog (68.8388ms)
✔ compiled unrestricted MCP preserves legacy CLI token precedence (split option) (108.55ms)
✔ compiled unrestricted MCP preserves legacy CLI token precedence (equals option) (103.3534ms)
✔ compiled native read-only HTTP body rejects oversized declared length before end (200) (52.6932ms)
✔ compiled native read-only HTTP body rejects streamed overflow before end (200) (83.6311ms)
✔ compiled native read-only HTTP body rejects oversized declared length before end (403) (53.6556ms)
✔ compiled native read-only HTTP body rejects streamed overflow before end (403) (84.1459ms)
✔ compiled native HTTP body accepts the inclusive read-only limit and preserves unrestricted transport (618.4173ms)
✔ compiled native HTTP body preserves small successful and error response behavior (323.453ms)
✔ complete TF02/03 enumeration includes omitted native boundaries explicitly (8.5625ms)
✔ missing-file: observer requires exact native construction and rejection assertions (21.879ms)
✔ oversized-file: observer requires exact native construction and rejection assertions (5.6602ms)
✔ invalid-probe: observer requires exact native construction and rejection assertions (5.8528ms)
✔ failed-parent: observer requires exact native construction and rejection assertions (3.3596ms)
✔ native plan must retain the exact source, checks, attempts, and declared handoff paths (2.8408ms)
✔ fake-only fault markers require exact operator nonce and reject unknown or duplicate markers (0.9263ms)
✔ missing-file: real checked-in fake process constructs the opted-in negative, not native acceptance (3205.4122ms)
✔ oversized-file: real checked-in fake process constructs the opted-in negative, not native acceptance (3200.25ms)
✔ invalid-probe: real checked-in fake process constructs the opted-in negative, not native acceptance (3196.7314ms)
✔ failed-parent: real checked-in fake process constructs the opted-in negative, not native acceptance (2927.6464ms)
✔ negative file mutator rejects unapproved paths before filesystem effects (0.7771ms)
✔ real adversarial CLI with nonce but no QA context cannot emit success or fall back (205.9045ms)
✔ named case is strict, opted in, and never falls back to the API/unit lane (3.6184ms)
✔ only canonical credential-free owned QA high ports are admitted (1.0406ms)
✔ QA schema requires candidate state, source and all process/web pins (2.3907ms)
✔ browser guard permits native reads and only the armed exact launch once (0.5744ms)
✔ negative browser routes cannot widen authority or consume the authorized launch (0.4349ms)
✔ only two existing demo handshakes are allowed, never reset or seeded crew (0.2967ms)
✔ context admission rejects setup and real source mismatches before live-process inspection (10557.3999ms)
✔ real CLI fails without owned context and does not create output or start browser (506.1285ms)
✔ browser controls and download selectors remain grounded in the checked-in App (49.2887ms)
✔ all 23 cases have executors but no initial execution credit (8.0859ms)
✔ missing-file: exact native test/nonce/assertions required; infrastructure is not rejection (3.6992ms)
✔ altered-content: exact native test/nonce/assertions required; infrastructure is not rejection (2.4219ms)
✔ undeclared-file: exact native test/nonce/assertions required; infrastructure is not rejection (2.1443ms)
✔ cross-corp: exact native test/nonce/assertions required; infrastructure is not rejection (2.5798ms)
✔ cross-task: exact native test/nonce/assertions required; infrastructure is not rejection (2.0467ms)
✔ cross-run: exact native test/nonce/assertions required; infrastructure is not rejection (2.1976ms)
✔ cross-recovery: exact native test/nonce/assertions required; infrastructure is not rejection (2.0682ms)
✔ cross-room: exact native test/nonce/assertions required; infrastructure is not rejection (2.9315ms)
✔ traversal: exact native test/nonce/assertions required; infrastructure is not rejection (2.6792ms)
✔ destination-symlink: exact native test/nonce/assertions required; infrastructure is not rejection (1.7945ms)
✔ destination-reparse: exact native test/nonce/assertions required; infrastructure is not rejection (1.4965ms)
✔ file-count-limit: exact native test/nonce/assertions required; infrastructure is not rejection (1.5692ms)
✔ oversized-file: exact native test/nonce/assertions required; infrastructure is not rejection (1.7948ms)
✔ wire-file-byte-limit: exact native test/nonce/assertions required; infrastructure is not rejection (1.4819ms)
✔ aggregate-byte-limit: exact native test/nonce/assertions required; infrastructure is not rejection (1.931ms)
✔ prompt-byte-limit: exact native test/nonce/assertions required; infrastructure is not rejection (1.9763ms)
✔ envelope-byte-limit: exact native test/nonce/assertions required; infrastructure is not rejection (2.0697ms)
✔ exact-limit-control: exact native test/nonce/assertions required; infrastructure is not rejection (1.6127ms)
✔ parent-tree-isolation: exact native test/nonce/assertions required; infrastructure is not rejection (1.4583ms)
✔ invalid-probe: exact native test/nonce/assertions required; infrastructure is not rejection (1.5286ms)
✔ failed-parent: exact native test/nonce/assertions required; infrastructure is not rejection (1.8038ms)
✔ cancelled-parent: exact native test/nonce/assertions required; infrastructure is not rejection (2.4737ms)
✔ unauthorized-artifact: exact native test/nonce/assertions required; infrastructure is not rejection (1.8406ms)
✔ unsupported platform and readable parent tree remain nonzero unqualified observations (0.8787ms)
✔ even complete synthetic fixture coverage cannot credit any live lane or claim acceptance (2.2349ms)
✔ production, foreign-checkout, wrong-binary and failed build receipts cannot admit fixtures (1.2628ms)
✔ native CLI without explicit admitted manifest refuses with no default live target (139.1679ms)
✔ withholds all six source ACKs for each of two native automatic attempts (3.4675ms)
✔ holds all quality ACK duplicates to the same 8-second deadline, preserving bytes (0.9892ms)
✔ gameplay and integration pass source ACKs unchanged (0.3246ms)
✔ native resume passes ACKs and does not consume a third automatic attempt (0.2189ms)
✔ non-source ACK, heartbeat, credential rotation, approval and lifecycle are opaque passthrough (0.3845ms)
✔ rejects foreign or unproven run, Corp and hash before fault decisions (0.9529ms)
✔ assignment rebinding cannot swap a different task, scope or command kind (1.3624ms)
✔ late-ACK release sends one exact original old-run frame once without retagging (0.5114ms)
✔ refuses manual-stack, wrong-repository and missing opt-in config (1.4172ms)
▶ real loopback WebSocket wiring: native schema, ordered forwarding, reconnection and redaction
  ▶ isolated concurrent fixture 1
    ✔ synthetic endpoints require live ownership without relaxing config guards (12.368ms)
    ✔ persisted owner/name schema binds and stop cannot overtake a pending assignment (79.8408ms)
    ✔ upload byte transparency, ACK withholding and metadata non-disclosure (49.4114ms)
    ✔ a stale snapshot/close callback cannot bind, send or close the replacement connection (159.5693ms)
  ✔ isolated concurrent fixture 1 (814.1413ms)
  ▶ isolated concurrent fixture 2
    ✔ synthetic endpoints require live ownership without relaxing config guards (16.415ms)
    ✔ persisted owner/name schema binds and stop cannot overtake a pending assignment (78.9299ms)
    ✔ upload byte transparency, ACK withholding and metadata non-disclosure (53.216ms)
    ✔ a stale snapshot/close callback cannot bind, send or close the replacement connection (156.8999ms)
  ✔ isolated concurrent fixture 2 (459.2887ms)
✔ real loopback WebSocket wiring: native schema, ordered forwarding, reconnection and redaction (814.9225ms)
✔ relocated doctor checks declared tools through native version commands without leaking ambient secrets or installing (1442.8189ms)
✔ wrong node version produces a failing CLI result (1036.9291ms)
✔ wrong pnpm version produces a failing CLI result (1014.9012ms)
✔ wrong rustc version produces a failing CLI result (1144.2733ms)
✔ wrong cargo version produces a failing CLI result (1044.9182ms)
✔ missing package manager fails without falling back to another host command (856.5256ms)
✔ failed component probes suppress raw stdout and stderr (1069.2725ms)
✔ unrecognized version output is rejected without echoing the command response (1056.9145ms)
✔ an unavailable pinned rustup toolchain fails instead of installing or selecting stable (1014.382ms)
✔ already selected direct Rust binaries can be verified without rustup (1024.8757ms)
✔ invalid .node-version declaration fails before any command runs (version) (160.078ms)
✔ invalid package.json declaration fails before any command runs (version) (160.5889ms)
✔ invalid rust-toolchain.toml declaration fails before any command runs (floating Rust) (158.7916ms)
✔ invalid rust-toolchain.toml declaration fails before any command runs (component) (151.997ms)
✔ unsupported CLI arguments fail before probing tools (156.885ms)
ℹ tests 1303
ℹ suites 0
ℹ pass 1303
ℹ fail 0
ℹ cancelled 0
ℹ skipped 0
ℹ todo 0
ℹ duration_ms 63744.7841
