$ node --test --test-concurrency=2 --test-timeout=180000 "apps/web/src/**/*.test.mjs" "tools/*.test.mjs"
✔ editor preserves its accessible control names, preview hook, and all six check choices (36.2255ms)
✔ switching check types resets their incompatible fields and retains the rest of the policy (6.7569ms)
✔ every check-field callback retains the selected variant and unchanged checks (13.6977ms)
✔ adding and removing checks preserves tab selection, including external policy shrink and the empty state (14.3813ms)
✔ the 16-check add button limit and oversized-policy feedback are retained (7.6076ms)
✔ manual-gate transitions retain default role ordering, requester exclusion, and explicit removal (11.3662ms)
✔ preview keeps exact check order, manual-role labels, heading overrides, and requester-exclusion guidance (2.2429ms)
✔ Factory exact-run navigation replaces a remembered newer outcome before mission remount (3.4999ms)
✔ run navigation ignores the duplicate activity marker in a hidden Factory tab (12.5001ms)
✔ artifact navigation chooses its exact producer while mission-only navigation preserves the current choice (1.0691ms)
✔ unavailable run/task/mission cannot overwrite remembered evidence or open another run (2.1196ms)
✔ storage failure or obsolete viewer fails closed before navigation (1.8416ms)
✔ explicit navigation writes only the selected viewer scope and only the run identity (0.9894ms)
✔ reload keeps the decided run instead of the other pending review or a newer worker (1.7251ms)
✔ remembered evidence is scoped to the API server, Corp, actor and mission (0.4392ms)
✔ missing remembered work never silently substitutes another visible review (0.3106ms)
✔ unreadable or malformed stored context requires explicit selection, not the next review (0.4954ms)
✔ a first visit is distinct from unreadable history; failed writes do not throw (0.3176ms)
✔ only the selected run ID is stored; reviews and authority never enter browser persistence (0.9778ms)
✔ MissionCard scopes remounts, pins initial evidence and fails closed when persistence fails (12.4985ms)
✔ issue210 only the explicit server flag adds correction to a native checkpoint (3.0935ms)
✔ issue210 verifier availability is independent of correction and missing availability preserves legacy behavior (1.0491ms)
✔ issue210 revision source is the exact server-selected verifier, with no cross-item fallback (0.5033ms)
✔ only native proof plus its cancellation marker exposes source-only checkpoint verification (0.2798ms)
✔ a running checkpoint needs no cancellation repair, and ordinary verification failure stays compatible (0.2367ms)
✔ missing/tampered source, checkpoint, head, active recovery or terminal outcome offers no new recovery (0.3228ms)
✔ context requests are not recovery grants and never depend on inferred mission spend/status (0.2188ms)
✔ copied command binding retains the saved connection and never falls back on malformed metadata (0.3226ms)
✔ actual presentation selects the endpoint source, not the newest visible run or mission cancellation (116.6753ms)
✔ issue210 presentation separates provider-free verification from a budgeted same-session fix (30.1406ms)
✔ issue210 source-only and unavailable checkpoint presentations never suggest generic recovery (39.6089ms)
✔ actual context loader is GET-only and admits the exact item/version/mission checkpoint (50.3968ms)
✔ actual context loader rejects stale/cross-scope and malformed flags without snapshot fallback (187.6308ms)
✔ issue210 actual loader accepts boolean correction flags and defaults missing legacy authority closed (51.811ms)
✔ issue210 exact loader retains true, false and missing checkpoint availability without granting another mode (51.1491ms)
✔ actual UI action copies only explicit checkpoint verification with the original scope/connection (206.6538ms)
✔ issue210 actual correction action retains the original CLI route, source and connection (311.1051ms)
✔ issue210 actual card drops correction authority immediately when item, version or actor changes (330.1525ms)
✔ issue210 actual contract submission uses the scoped verifier, not its provider ancestor (46.563ms)
✔ issue210 editor loading, errors, stale context and denied correction cannot fall back or submit (301.6249ms)
✔ issue210 ordinary contract resume, redispatch and requester/role boundaries stay intact (115.123ms)
✔ issue210 actual source-only context copies correction and revises the exact verifier; no-mode context does neither (261.0389ms)
✔ actual resume handler and rendered provider control respect native recovery blocking (10.4018ms)
✔ actual App Resume control survives an ineligible ordinary Factory recovery lookup and uses the native actor-bound POST (309.9888ms)
✔ issue221 explicit provider-correction permission permits null head without granting checkpoint or generic resume (1.1408ms)
✔ issue221 actual context reader retains null head/current provider proof and malformed heads remain non-actionable (418.7398ms)
✔ issue221 actual copy/revision actions use only source correction for the latest failed provider with null head (358.0432ms)
✔ wrong-first legacy Project 174 cannot displace the selected live lab controller (2.6042ms)
✔ every Project/repository/Corp component must match, even with an active-item pointer (0.5184ms)
✔ GitHub owner/repository case and surrounding whitespace normalize independently (0.2772ms)
✔ missing/malformed scope is neutral rather than an empty-scope match (0.3224ms)
✔ the exact active item wins among live controllers in the same scope (0.3028ms)
✔ a current live scope match wins over a stale offline active-item pointer (0.2226ms)
✔ with only offline matches, retain the exact item rather than crossing scope (0.1841ms)
✔ without an item, prefer useful live intake in the current Corp (0.3434ms)
✔ empty/no-match and unavailable explicit selections never borrow another controller (0.2611ms)
✔ heartbeat freshness and stable ID break ties without using array order or mutating inputs (1.4937ms)
✔ snapshot refresh and selected scope changes return the exact new ID/version object (0.2641ms)
✔ the actual FactoryPanel resolver feeds displayed state and both action callbacks (19.9228ms)
✔ the actual component guards controller actions, retains role gating and passes the same callback (12.3174ms)
✔ the actual API action handler targets the resolved controller ID and version for all actions (73.6503ms)
✔ the production handler preserves the existing ID-scoped idempotency/version on a lost response (24.5448ms)
✔ primary_rate_limit has a reader-facing reason and an automatic future retry (21.9464ms)
✔ secondary_rate_limit has a reader-facing reason and an automatic future retry (0.7848ms)
✔ graphql_quota has a reader-facing reason and an automatic future retry (0.7098ms)
✔ github_unavailable has a reader-facing reason and an automatic future retry (1.5788ms)
✔ quota, cost and timestamps come from the snapshot, not derived or default budgets (1.1821ms)
✔ equivalent offset timestamps have the same local retry time and boundary (1.0323ms)
✔ at or after the retry deadline, waiting is not presented as a successful retry (1.6666ms)
✔ zero remaining, limit, query cost and failures remain real zeros (0.8688ms)
✔ paused desired state wins without rewriting controller health or promising a retry (2.0531ms)
✔ offline health wins over polling metadata, including an elapsed retry (1.485ms)
✔ paused and offline together retain both conditions and existing paused precedence (0.9239ms)
✔ absent legacy polling leaves the old strip intact and never fabricates a wait (0.3373ms)
✔ missing or malformed backoff data is unavailable, never zero or an invented deadline (0.5321ms)
✔ invalid values are not coerced to numbers or dates and unknown reasons are not rendered raw (2.3021ms)
✔ partial quota data preserves observed zeros while missing fields remain unavailable (0.415ms)
✔ healthy telemetry does not infer a backoff from a zero quota or failure count (0.6065ms)
✔ UI integration remains read-only, accessible, and uses existing controller controls (12.9253ms)
✔ line normalization preserves argument boundaries, literal punctuation, and duplicate values (2.1892ms)
✔ role entry supports commas and CRLF without silently deduplicating or authorizing roles (0.384ms)
✔ mission projection retains exact task, runner and human control attribution (3.4064ms)
✔ foreign tasks and same-ID foreign-Corp runners cannot supply collaboration state (0.3551ms)
✔ offline retains work without advertising live control or termination (0.5802ms)
✔ connecting retains work without advertising live control or termination (0.3086ms)
✔ a failed snapshot refresh retains exact work without advertising live controls (0.4113ms)
✔ invalid snapshot receipt NaN cannot advertise live controls (0.4223ms)
✔ invalid snapshot receipt Infinity cannot advertise live controls (0.2286ms)
✔ invalid snapshot receipt 0 cannot advertise live controls (0.2132ms)
✔ invalid snapshot receipt -1 cannot advertise live controls (0.2803ms)
✔ expired/malformed lease 2026-09-16T11:59:00Z cannot claim a controller (0.6116ms)
✔ expired/malformed lease 2026-09-16T12:00:00Z cannot claim a controller (0.2683ms)
✔ expired/malformed lease bad cannot claim a controller (0.1406ms)
✔ verifying has recorded evidence but no provider controls (0.3028ms)
✔ completed has recorded evidence but no provider controls (0.0932ms)
✔ lost has recorded evidence but no provider controls (0.157ms)
✔ cancelled has recorded evidence but no provider controls (0.1444ms)
✔ a provider-free run and a superseded agent assignment expose no live controls (0.3103ms)
✔ runner grace and offline remain distinct; neither supplies human presence (0.2526ms)
✔ review links bind exact run/task and explain role and requester exclusion (0.4222ms)
✔ missing and historical identities never become fabricated named owners or current controllers (0.1806ms)
✔ draft cache survives surface remounts but never crosses Corp/actor/room/mission (0.3645ms)
✔ actual component navigation only requests exact context; rendering sends no commands (11.4886ms)
✔ actual disconnected component retains readable evidence with an explicit warning (1.1876ms)
✔ actual failed-refresh component distinguishes stale data from a disconnected transport (1.0376ms)
✔ actual component rejects missing receipt freshness and restores controls after a successful refresh (4.9502ms)
✔ App preserves main snapshot metadata and exact-run navigation while passing numeric receipt freshness (8.2286ms)
✔ App embeds existing scoped discussion and pins evidence before exact-run navigation (3.1295ms)
✔ late completion notifies remounted composers without clearing a newer or same-text draft (0.6842ms)
✔ late operation acknowledgment cannot clear a replacement idempotency key (160.6777ms)
✔ actual App selection never substitutes another mission after the selected record disappears (100.153ms)
✔ actual briefing navigation has a visible destination for legacy empty descriptions (89.0102ms)
✔ verification checks do not change launch intent (2.0759ms)
✔ review navigation cannot turn its click into a form submission (0.3296ms)
✔ ordinary application setup cannot silently fall back to the fake runtime (0.6004ms)
✔ composer uses two clear steps and starts with an empty goal (0.2828ms)
✔ advanced settings and detailed requirements are optional disclosures (1.0061ms)
✔ closing setup preserves the draft and returns to existing mission context (1.0233ms)
✔ explicit links to existing work reveal it without erasing an open draft (0.7419ms)
✔ native creation and explicit held-plan behavior remain unchanged (0.3544ms)
✔ review keeps the exact source and current server-derived allocation visible (0.4859ms)
✔ scope requires four explicit bounded identities and cannot mutate after submission (2.5399ms)
✔ current origin binds the exact view instance, not just equal IDs (0.3652ms)
✔ read issues exactly one encoded, uncached GET with cancellation and no body (12.3951ms)
✔ Direct accepts only exact returned linkage and drops unexpected hidden fields (95.0533ms)
✔ Factory retains only the validated work item, repository, issue number and exact URL (1.9507ms)
✔ all four response identities must echo the bound request exactly (30.174ms)
✔ missing, malformed and older origin responses never become Direct (2.795ms)
✔ Factory fields are required and null or missing metadata is never partly accepted (3.1394ms)
✔ Factory rejects invalid work-item identities, repository paths and issue numbers (4.0782ms)
✔ only the raw HTTPS GitHub issue URL matching returned repository and number is accepted (3.0292ms)
✔ mixed-case owner/repository URLs match normalized identity and retain display case (1.2832ms)
✔ valid case-preserving repositories and positive safe issue numbers remain verbatim (0.576ms)
✔ old endpoints, denied authorization and transport failures stay unavailable without raw errors (1.5429ms)
✔ a synchronous API failure is contained and clears the read timer (0.8784ms)
✔ timeout aborts an unsettled read and suppresses both late success and late failure (1.1506ms)
✔ a settled success or failure cannot be overwritten by an already queued timeout (0.9983ms)
✔ cancellation before the scheduled read prevents even the GET (0.8632ms)
✔ in-flight cancellation ignores transports that resolve or reject after abort (0.9687ms)
✔ component reads once for a valid view and renders truthful Direct copy in one styled paragraph (18.3215ms)
✔ component links only a fully validated Factory response, not extra returned fields (2.8314ms)
✔ all four operating roles may read; guests, spectators and unknown roles never request context (12.3939ms)
✔ invalid or absent scope props render the conservative fallback without requesting (15.3965ms)
✔ failed exact reads preserve #185 positive or unknown fallback without inventing links or hiding failure (11.0787ms)
✔ a failed origin lookup can be retried explicitly without changing the work identities (4.4547ms)
✔ Corp, actor, room and mission changes hide old success and errors before effect cleanup (13.5743ms)
✔ late success and errors from a replaced request cannot update the current component (12.6733ms)
✔ leaving and returning to identical IDs cannot revive an earlier success or failure (3.2292ms)
✔ same-ID reopened pending requests ignore the original response and error after current denial (3.2167ms)
✔ a guest transition revokes displayed source data and returning operators must read again (2.6251ms)
✔ operating-role and API changes also invalidate old privileged context (2.6265ms)
✔ unmount cancels the read and a fresh mount with identical IDs cannot inherit its outcome (3.1969ms)
✔ one builder preserves the complete current creation payload and retained settings (2.8061ms)
✔ provider defaults, supported reasoning and commit-branch semantics match submission (0.372ms)
✔ existing deterministic fixture semantics are not converted into provider settings (0.3682ms)
✔ scope freezes the exact serialized body and rejects an actor mismatch (0.8258ms)
✔ every request field, Corp and actor invalidate an earlier quote (1.2535ms)
✔ preview debounces, uses the exact creation body, and calls only the read-only preview POST (9.8338ms)
✔ an edit or closing the composer before debounce starts no request (0.4436ms)
✔ an invalidated request is aborted and cannot publish a late successful quote (1.7279ms)
✔ late errors after actor/Corp change or unmount cannot replace the new preview (1.5445ms)
✔ editing away and back still requires a fresh request, not a revived quote (1.1272ms)
✔ allocations are displayed verbatim from the server, not a frontend Studio formula (0.9467ms)
✔ missing or mismatched quote fields never become a current allocation (1.9573ms)
✔ an absent preview endpoint gives a useful failure state without inventing allocations (1.3129ms)
✔ preview response is bounded to eight tasks without reallocating server budgets (1.1352ms)
✔ unknown, self, duplicate and oversized dependency references remain unknown allocations (1.2514ms)
✔ retry clears an old failure immediately and can accept a fresh quote (2.2636ms)
✔ timeout clears the quote, aborts the request and ignores a late response (1.0025ms)
✔ App shares the request body, invalidates keyed preview instances and retains native Launch (5.5392ms)
✔ mission selection and Discuss use the authoritative non-first owning room (2.0522ms)
✔ mission, task, run and artifact deep links resolve to the same owning room (0.5586ms)
✔ an explicit room deep link and all-discussion view stay in that room (1.456ms)
✔ stale, missing and older mission/room projections never fall back to the first room (0.3459ms)
✔ related work is limited to the selected room and mission, not a fixed item count (2.3923ms)
✔ messages are room-filtered before mission links and out-of-order reply ancestry (1.1178ms)
✔ valid room, mission and inherited reply submissions retain the same scope (0.9263ms)
✔ stale actor, Corp, room and mission scopes cannot submit or complete a newer draft (0.4497ms)
✔ a disappearing mission or owning room fences previously valid submissions (0.5205ms)
✔ foreign, missing or stale links and replies cannot silently become general comments (0.6595ms)
✔ guest-shaped and missing Factory projections do not establish Direct origin (0.6742ms)
✔ a mission older than the 500-item Factory window remains origin-unknown (0.4564ms)
✔ a positively matched visible Factory item retains its issue attribution (0.1526ms)
✔ known publication/recovery linkage is generic when intake details are unavailable (0.5273ms)
✔ projection helpers preserve the authoritative input and do not retain hidden origin data (0.3903ms)
✔ the UI uses the tested projection and submission helpers on both discussion entry paths (18.3105ms)
✔ scope requires every explicit identity and repository and freezes the view generation (4.1382ms)
✔ the exact scope object, not equal IDs or a prior A -> B -> A view, selects the load (0.6206ms)
✔ one encoded GET is uncached, abortable and body/header/credential free (11.5948ms)
✔ published DTO retains only bound result metadata and leaves raw input untouched (2.5156ms)
✔ only explicit null publication in a correctly scoped response is known absence (3.9752ms)
✔ item and publication scope mismatches never expose links or known absence (11.2015ms)
✔ publication source issue matches the work item without equating authorizer, revisions or checkpoint generations (1.7708ms)
✔ publication and artifact identity tuples plus full digests must all match (3.6069ms)
✔ missing, duplicate and unrelated-first deliverables cannot substitute a result (1.5205ms)
✔ native provenance identity, source/target branches and digests are checked without retaining authority (7.3349ms)
✔ raw GitHub PR URLs allow native slash suffixes but retain exact repository and number checks (7.7395ms)
✔ owner/repository display case is preserved while full hex values compare by bytes (1.0612ms)
✔ PR state, exact head, owner, recorded metadata and phase cannot contradict each other (2.639ms)
✔ download metadata rejects controls, external/native paths, malformed hashes and invalid sizes (12.813ms)
✔ pending, PR-created, published and failed publication are distinct without claiming a live app (2.9623ms)
✔ only a different valid pinned run is a mismatch; same-run contradictions stay unavailable (1.1485ms)
✔ loading, denied and stale contexts cannot become a result or known absence (2.4654ms)
✔ denials, missing endpoints and sync/async transport failures stay unavailable without raw errors (1.6573ms)
✔ timeout aborts and suppresses late successes and failures without retries (0.9549ms)
✔ queued timeout callbacks cannot overwrite a settled success, absence or denial (0.8588ms)
✔ cancellation before start issues no GET; in-flight cancellation publishes no late data (0.9453ms)
✔ new same-ID generation remains unavailable after denial despite a prior response completing later (0.877ms)
✔ requester summary does not ask for a forbidden independent decision (3.9403ms)
✔ wrong-role summary explains the existing role requirement (2.3056ms)
✔ eligible independent reviewer keeps the review invitation (2.0633ms)
✔ human gate without requester exclusion still allows the requester (2.0502ms)
✔ completed result does not inherit a pending-review restriction (1.7646ms)
✔ fresh human-only bootstrap can select a runner runtime before any crew exists (2.5043ms)
✔ retired and legacy identities neither enable nor suppress advertised runtimes (0.3224ms)
✔ studio requires the exact selected source on a connected runner, not another repository (0.4203ms)
✔ source repository and commit matching are case-insensitive but ref matching is exact (1.075ms)
✔ unavailable runtimes and non-runtime capabilities are not mission options (0.3164ms)
✔ catalog merging prefers an enabled model without changing the source snapshot (0.5663ms)
✔ unscoped status and crew include ready connection-bound runtimes, but dispatch keeps its exact binding (0.9732ms)
✔ studio always selects Copilot even when another runtime was requested (0.1984ms)
✔ studio does not fall back to another provider or an unavailable Copilot runtime (0.4178ms)
✔ solo selection and deterministic fixtures retain their runtime contracts (0.3744ms)
✔ a disappearing explicit runtime cannot silently switch provider with stale model settings (0.1981ms)
✔ studio uses enabled Copilot model settings or an explicit provider default (0.3058ms)
✔ fixtures ignore hidden provider model settings (0.1665ms)
✔ normal UI bootstrap opts out of seeded crew without changing fixture tooling (12.7997ms)
✔ runtime character descriptors match the shipped manifest, PNG dimensions, and original file bytes (98.6642ms)
✔ named characters and stable worker identities retain their appearance across reordered snapshots (1.4199ms)
✔ numeric roster positions wrap without producing missing characters, and invalid numbers use the default (0.5046ms)
✔ walking uses the original three poses in a 0,1,2,1 cycle at the 150ms boundaries (0.874ms)
✔ idle, typing, reading and facing use the actual source-sheet rows and columns (0.6934ms)
✔ invalid or negative animation time selects the first pose without invalid source coordinates (0.2832ms)
✔ every animation and direction remains inside a real sheet after long-running animation (0.5736ms)
✔ default floor distinguishes connected workers from offline and test registrations (2.2173ms)
✔ omitted and null retirement fields keep legacy and mission identities available (0.2318ms)
✔ every non-null retirement excludes an identity regardless of pin, date, or reported work (0.3145ms)
✔ retired identity remains resolvable in the unmodified historical snapshot (1.1664ms)
✔ retiring the selected agent falls back to current crew, including the empty-roster case (0.2697ms)
✔ pagination filters retirement before assigning seats without mutating order (0.4491ms)
✔ idle does not become working or reviewing from a stale station or pending run request (0.3024ms)
✔ working and blocked status still derive from exact server state and current-run requests (0.1834ms)
✔ #154: a selected worker on a later studio is located on initial mount and selection changes (0.3997ms)
✔ #154: studio lookup follows retirement repagination, not stale seat indexes (0.8066ms)
✔ #154: manual paging survives snapshots, but another selected agent resets page and zoom (0.5984ms)
✔ #154: retirement moving the selected agent to a different page resets the camera (0.3003ms)
✔ #154: mounting or remounting the same starting run never fabricates an arrival (0.2441ms)
✔ #154: only an observed new active run can animate once, and reduced motion wins (0.3162ms)
✔ #154: blocked work takes recovery priority over both idle and ordinary active work (0.4491ms)
✔ #154: exact approvals keep priority, and only an unblocked empty floor offers new work (0.2162ms)
✔ history inspectors retain the full snapshot while the floor uses current identities (15.7223ms)
✔ Factory activity prioritizes the exact outcome review, then tool approval, before newer work (3.3651ms)
✔ selection ignores terminal, denied and foreign tool approvals without inventing a run (0.3042ms)
✔ terminal runs cannot become reviewable or active from dangling pending decision records (26.2041ms)
✔ live task, agent, control, timestamps and safe activity come from one scope without mutation (1.3759ms)
✔ a stale Running intake never claims that a cancelled provider is active (1.2548ms)
✔ pending exact-run outcome review is distinct from an active provider and completion (0.7869ms)
✔ tool authority and unavailable decision context do not become outcome approval (1.8458ms)
✔ a completed run is not automatically a completed mission or published application (1.1099ms)
✔ retained data cannot claim current execution: {"connection":"offline"} (0.9556ms)
✔ retained data cannot claim current execution: {"connection":"connecting"} (0.9856ms)
✔ retained data cannot claim current execution: {"snapshotFailed":true} (0.7436ms)
✔ retained data cannot claim current execution: {"snapshotReceivedAt":null} (1.9546ms)
✔ grace, offline and wrong-Corp runner records cannot establish provider liveness (1.2943ms)
✔ runner loss and uncertain teardown remain unknown until a positive termination receipt (1.0557ms)
✔ verifier-only runs never appear as a running model (0.5903ms)
✔ quarantine and protected stops stay prominent even with stale transport (1.2225ms)
✔ failed verification, cancelled work and unknown execution modes remain explicit (1.2045ms)
✔ missing, duplicate or foreign task context cannot fall back to another run (0.7032ms)
✔ activity is scoped, deduplicated, ordered, bounded and never reveals raw payloads (2.8616ms)
✔ missing start, invalid clocks and backwards timestamps do not invent a duration (1.479ms)
✔ expired leases and foreign attribution do not display an active controller (1.3963ms)
✔ actual React detail component reuses current classes, native disclosure and escaped text (17.2782ms)
✔ the Factory integration uses the existing exact-run selector, scoped snapshot and old callbacks (2.6532ms)
✔ a burst of 1000 streamed events schedules one snapshot instead of 1000 requests (1.863ms)
✔ events arriving during a request produce exactly one trailing snapshot (5.3698ms)
✔ the final event during the trailing request is not dropped (1.2088ms)
✔ disposing before a scheduled refresh prevents any fetch (0.4037ms)
✔ disposing an actor/Corp scope aborts its request and drops trailing work (2.2444ms)
✔ refresh failures are handled and a later event can still refresh (1.0229ms)
✔ a disposed scope does not report an obsolete aborted read as a new UI error (0.8621ms)
✔ websocket events use the coalescer and cleanup cancels its read scope (4.6381ms)
✔ initial connection is bounded, cancellable and offers retry rather than mission restart (2.0668ms)
✔ actual App presence polling only runs for open connection-dependent views, without reconnecting the event socket (224.329ms)
✔ artifact defaults retain the current wire shape and do not share mutable values (2.3139ms)
✔ file defaults retain the current wire shape and do not share mutable values (0.211ms)
✔ command defaults retain the current wire shape and do not share mutable values (0.176ms)
✔ test defaults retain the current wire shape and do not share mutable values (0.1702ms)
✔ json_schema defaults retain the current wire shape and do not share mutable values (0.2563ms)
✔ screenshot defaults retain the current wire shape and do not share mutable values (0.1762ms)
✔ check summaries preserve paths, argument boundaries, byte floors, JSON keys, and rounded timeouts (20.2267ms)
✔ array summaries distinguish item boundaries and preserve exact argument and key values (0.485ms)
✔ byte-counted summaries use singular byte only for the one-byte floor (0.4098ms)
✔ empty and oversized policies remain invalid, with the 16-check boundary accepted (0.662ms)
✔ invalid byte floor 0 is reported for every byte-counted check (0.447ms)
✔ invalid byte floor -1 is reported for every byte-counted check (0.1498ms)
✔ invalid byte floor NaN is reported for every byte-counted check (0.162ms)
✔ invalid byte floor Infinity is reported for every byte-counted check (0.0894ms)
✔ validation preserves check order and reports missing paths, programs, timeout bounds, and JSON keys (0.4238ms)
✔ manual gates require allowed roles without changing requester-exclusion semantics (0.2411ms)
✔ preserves the existing advisory-validator scope; server schema/path authorization remains authoritative (0.8766ms)
✔ check transformations create new drafts while retaining unchanged evidence checks and gate identity (0.4669ms)
✔ gate transitions preserve checks and retain current deliberate resets even when reselecting a gate type (0.2819ms)
✔ verification labels retain their current wording and fallback formatting (0.2888ms)
✔ WorkResultCard exposes its status and supplied content with metadata collapsed by default (13.208ms)
✔ ready PR retains its exact URL and only an explicit download invokes the matching callback (13.743ms)
✔ loading, unavailable and no-publication states do not fabricate a PR or perform actions (6.7148ms)
✔ a historical review mismatch changes selection only through explicit Go to delivered result (4.7994ms)
✔ an unavailable delivered-run target preserves the historical selection and only offers refresh (251.0337ms)
✔ a failed publication with a recorded PR remains inspectable without being labeled Published (8.8082ms)
✔ Published is not merged or deployed and its collapsed details never invent a running preview (6.7095ms)
✔ expired artifact retention does not hide an existing PR or replace server download validation (14.9413ms)
✔ actual hook hides prior result before cleanup and aborts on each exact scope change (46.7225ms)
✔ actual hook fences late success and failure before cleanup and after replacement (22.2901ms)
✔ actual hook close and reopen with identical IDs cannot revive old ready or pending data (27.1172ms)
✔ actual hook treats positive revision as one refresh hint and never retries failure on render (49.4078ms)
✔ actual App origin-unavailable branch offers manual Refresh work context with no PR CTA (13.6148ms)
✔ actual App first-hop retry exposes the authorized result without moving pinned evidence (33.2714ms)
✔ actual App fallback reports unavailable review details for an unresolved run or request (15.2793ms)
✔ actual work pickers retain a deep-linked historical mission outside the recent eight (86.2524ms)
✔ actual work pickers do not duplicate a recent selection or invent an absent mission (60.4154ms)
✔ related work includes the third mission, task, run and artifact (2.288ms)
✔ work links name the actual work rather than presenting only opaque IDs (0.2112ms)
✔ related options deduplicate repeated snapshot references (0.2057ms)
✔ mission discussion retains nested replies, including out-of-order snapshots (2.9013ms)
✔ task, run and artifact comments inherit the owning mission only (0.4784ms)
✔ unlinked cycles and missing ancestors cannot manufacture mission context (0.3466ms)
✔ context helpers leave authoritative messages and work objects unchanged (0.3312ms)
✔ work selection follows the owning authorized mission and rejects unknown links (0.4116ms)
✔ human review and automated verification are not advertised as live model sessions (0.4042ms)
✔ enterprise task labels explain the legacy studio lane keys (0.523ms)
✔ review eligibility explains requester exclusion without bypassing the policy (0.6325ms)
✔ a pending evidence review selects its run rather than a newer active worker (0.3466ms)
✔ a tool-approval wait cannot hide a different pending evidence review (0.184ms)
✔ review selection rejects mismatched tasks, terminal runs and non-pending requests (0.3146ms)
✔ explicit evidence selection stays bound to that run and cannot inherit another review (0.2563ms)
✔ unselected evidence follows remaining reviews and retains snapshot order without mutation (0.3075ms)
✔ a decided run remains selected until the operator deliberately chooses the next review (0.1973ms)
✔ mission UI binds evidence and decisions and pins the target before submitting (16.6893ms)
✔ runner revision is stable for reordered equivalent records without sorting the input (2.5205ms)
✔ runner revision ignores heartbeat, display and capability churn (0.2606ms)
✔ runner revision changes only when lifecycle identity or presence records change (0.2792ms)
✔ offline presence requests revalidation without rewriting endpoint readiness (0.3445ms)
✔ reconnect mismatch remains a hint until the endpoint itself returns ready presence (0.3529ms)
✔ unknown presence is false and same-ID foreign runners cannot supply presence (1.2816ms)
✔ presence hints never promote or erase native sign-in and installation states (0.7464ms)
✔ revision and presence helpers leave source, models, identity and selection immutable (0.7185ms)
✔ saved choice and source remain present while its machine is offline (0.2706ms)
✔ ready metadata alone cannot borrow another connection or source for dispatch (0.3956ms)
✔ connection UI identity is scoped to actor and room (0.3169ms)
✔ native sign-in instructions cannot navigate to another host or credential-bearing URL (0.2562ms)
✔ accepts matching current contracts, aliases, CRLF and historical prose outside markers (91.7527ms)
✔ rejects added source validation command and reports expected and actual (67.8288ms)
✔ rejects removed source validation command and reports expected and actual (56.0548ms)
✔ rejects reordered source validation command and reports expected and actual (60.5062ms)
✔ rejects changed documented commands; correcting the documented sequence restores passing (100.186ms)
✔ accepts quoted literal Node globs through aliases while preserving quoted versus shell-expanded arguments (96.6428ms)
✔ rejects a source SDK bump until both current compatibility docs are updated (76.1636ms)
✔ rejects a source CLI bump until both current compatibility docs are updated (78.9323ms)
✔ rejects missing opening marker instead of silently dropping a required documentation contract (59.256ms)
✔ rejects missing closing marker instead of silently dropping a required documentation contract (58.291ms)
✔ rejects duplicate block instead of silently dropping a required documentation contract (56.6577ms)
✔ rejects reversed markers instead of silently dropping a required documentation contract (60.3671ms)
✔ rejects inline marker instead of silently dropping a required documentation contract (60.7244ms)
✔ requires every current runtime contract and a single SDK and CLI claim inside each (49.9843ms)
✔ rejects missing root alias in the authoritative command sequence (66.6204ms)
✔ rejects cyclic root aliases in the authoritative command sequence (70.3009ms)
✔ rejects shell pipeline in the authoritative command sequence (66.1282ms)
✔ rejects quoted shell expansion in the authoritative command sequence (67.9617ms)
✔ rejects empty command in the authoritative command sequence (52.2016ms)
✔ rejects unsupported alias arguments in the authoritative command sequence (74.2705ms)
✔ rejects unknown documented aliases and malformed command fences (71.6807ms)
✔ reports missing required documents and an invalid source manifest without silently skipping them (65.4543ms)
✔ fails closed for unconstrained SDK dependency (64.4562ms)
✔ fails closed for SDK pin in wrong table (50.5887ms)
✔ fails closed for duplicate SDK declaration (62.8979ms)
✔ fails closed for missing named runtime constant (69.5963ms)
✔ fails closed for duplicate runtime constant (56.6458ms)
✔ relocated CLI resolves its own repository, executes no documented command, and exits nonzero for drift (372.8093ms)
✔ checkpoint fixture produces a complete, independently tested local application (361.364ms)
✔ read-only executable hashing accepts Cargo/Git hardlinks without relaxing source isolation (33.7915ms)
✔ exact terminal metadata produces actionable failure and missing-evidence findings using GET only (26.3704ms)
✔ listed artifact is run-scoped metadata and never establishes content or attempt verification (3.1053ms)
✔ refuses active parent (1.8471ms)
✔ refuses wrong repository (0.5801ms)
✔ refuses foreign head repository (0.594ms)
✔ refuses different workflow (0.8605ms)
✔ refuses different head (0.5751ms)
✔ refuses different attempt (0.4854ms)
✔ refuses job from other attempt (0.8685ms)
✔ refuses job from other head (0.9996ms)
✔ refuses duplicate job (0.7144ms)
✔ refuses unfinished job (0.5492ms)
✔ refuses foreign artifact (0.6021ms)
✔ refuses excess artifacts (1.714ms)
✔ complete bounded job pagination is required and supported (10.7048ms)
✔ pagination total drift and final run drift refuse a completed observation (2.0385ms)
✔ expired artifacts and unexplained parent failure remain reviewable rather than passing (1.3524ms)
✔ same-source replay is a no-op; changed facts retain revisions and mark no-longer-observed findings (4.3047ms)
✔ previous hash tampering refuses before network reads (0.3652ms)
✔ forged previous findings fail integrity or semantic reconstruction; source changes require a new scope (4.1672ms)
✔ newer prior observations and attempts do not flow backward (3.6696ms)
✔ secret-bearing fields and supplied links never enter a receipt or executable Markdown (1.015ms)
✔ native read budget rejects alternate endpoints, oversized metadata and late responses (1.1559ms)
✔ omitting all required jobs cannot turn one replacement success job into a complete maintenance result (1.3954ms)
✔ required skipped job needs review even when an earlier run artifact is listed (1.0602ms)
✔ required neutral job needs review even when an earlier run artifact is listed (0.9445ms)
✔ failed GETs consume the finite shared admission budget without retries (0.7829ms)
✔ CLI writes new bounded files and refuses output reuse; failures retain no raw API error (66.2933ms)
✔ hosted context binds default observer branch, event and exact parent; local mode makes no hosted claim (23.2905ms)
✔ CLI accepts only bounded exact selection and a complete prior pin (0.752ms)
✔ CI workflow: exact Windows runner failure produces a scoped read-only handoff (2.0999ms)
✔ CI workflow: complete successful jobs need only their own declared report artifacts (1.7206ms)
✔ CI workflow: required artifact-free jobs remain required and must execute (1.4837ms)
✔ Repository checks retains its published contract and previous-receipt no-op semantics (2.8296ms)
✔ CI completeness refuses skipped artifact-free required jobs (1.6073ms)
✔ CI completeness refuses neutral artifact-free required jobs (2.1461ms)
✔ CI completeness rejects replacement jobs and requires only CI report metadata (2.5215ms)
✔ CI observation is not a parent-pass claim and does not inspect diagnostic artifacts (1.4018ms)
✔ workflow profiles cannot reuse each other's receipts even at the same source (5.1865ms)
✔ CI identity refuses unknown workflow path (0.5932ms)
✔ CI identity refuses workflow-ID substitution (0.3721ms)
✔ CI identity refuses workflow-name substitution (0.3848ms)
✔ CI identity refuses workflow-path substitution (0.3482ms)
✔ CI identity refuses foreign repository (0.3286ms)
✔ CI identity refuses fork head repository (0.3377ms)
✔ CI identity refuses wrong source head (0.3569ms)
✔ CI identity refuses wrong attempt (0.2935ms)
✔ CI identity refuses active CI parent (0.3333ms)
✔ reader allowlist admits exactly the two workflow metadata routes (0.4219ms)
✔ hosted CI event binds workflow identity to the selected native parent (52.7854ms)
✔ workflow trigger keeps trusted observer checkout and read-only scopes for both producers (1.12ms)
✔ consumer rereads native state using trusted routing and tolerates only observation timing changes (8.5304ms)
✔ consumer refuses task contract revision drift in a fresh observation (1.6662ms)
✔ consumer refuses source base commit drift in a fresh observation (1.0486ms)
✔ consumer refuses verifier digest drift in a fresh observation (0.8197ms)
✔ consumer refuses another actor scope drift in a fresh observation (2.1813ms)
✔ explicit run and mode selections fail before contacting a server (0.8007ms)
✔ denied or unavailable current data does not fall back to a previously passing receipt (0.562ms)
✔ a matching failed native outcome cannot be consumed as accepted completion (0.8817ms)
✔ file consumption requires the exact expected byte hash and a bounded valid receipt (48.3075ms)
✔ receipt file reads accumulate short native reads before validating bytes (32.5703ms)
✔ receipt file truncate during short reads fails before parsing (5.6957ms)
✔ receipt file grow during short reads fails before parsing (14.3824ms)
✔ framed stat metadata survives arbitrary chunk boundaries without payload disclosure (2.7268ms)
✔ unrelated RPCs and read-file contents are not recorded (1.179ms)
✔ a response ID type change is visible without recording identifier values (0.4078ms)
✔ oversized frames are skipped without parsing nested payload text as requests (0.3436ms)
✔ optional wire observation forwards exact bytes and drains the child (306.461ms)
✔ a matching request needs a durable rejection and settled run (1.4587ms)
✔ terminal provider without permission is inconclusive, never a pass (1.1398ms)
✔ a rejected but unrelated permission does not satisfy the requested boundary (0.2051ms)
✔ approval acceptance, expiry or missing persisted decision cannot pass (0.3069ms)
✔ a decision or final run from another identity is rejected (0.213ms)
✔ a provider that has not settled cannot pass the boundary (0.1732ms)
✔ all independent boundary results are required for complete coverage (1.1938ms)
✔ later passing cases remain visible after an earlier inconclusive case (0.2716ms)
✔ duplicate, unknown and malformed results cannot manufacture complete coverage (1.4514ms)
✔ accepts an exact seed and credential-free children of the owned runner (3.547ms)
✔ a marker elsewhere or an arbitrary GITHUB_TOKEN is not a proven seed (1.4961ms)
✔ absent, ambiguous or foreign runner seed records cannot establish the precondition (1.4585ms)
✔ runner seed booleans must be explicit, not truthy or absent (1.6529ms)
✔ missing spawn and undefined parent IDs cannot accidentally correlate (0.6512ms)
✔ runner spawn must be unique, current and tied to the owned observer (1.0992ms)
✔ a seed observed only after runner spawn cannot prove the launch precondition (0.4179ms)
✔ missing or foreign provider observations cannot satisfy the required count (1.0075ms)
✔ a wrong-parent provider is rejected rather than silently filtered out (0.7282ms)
✔ provider identity and absence booleans must be explicit and valid (1.7674ms)
✔ missing ownership and zero or malformed minimums never allow a vacuous pass (1.0114ms)
✔ actual successful relative, absolute and round-trip view results are required (1.9721ms)
✔ provider self-report and final file existence are not native-read evidence (1.0924ms)
✔ a missing absolute read or readback cannot pass (1.0684ms)
✔ missing-file errors and successful-but-wrong content remain failures (0.6564ms)
✔ wrong-session or conflicting tool results cannot manufacture evidence (1.2158ms)
✔ an external path with the same filename is not the assigned seed (0.3647ms)
✔ an incomplete stream is explicitly incomplete, not successful empty coverage (0.1759ms)
✔ runner observation proves the synthetic credential was inherited (292.3129ms)
✔ a missing seed fails before starting a runner (164.8101ms)
✔ provider observation confirms removal before invoking the real binary (268.0288ms)
✔ an inherited provider credential fails before any provider execution (174.0529ms)
✔ a marker under another key cannot hide a missing runner GITHUB_TOKEN seed (148.444ms)
✔ a different token plus an unrelated marker cannot manufacture an exact runner seed (162.0911ms)
✔ a provider token other than the canary is still rejected before child execution (170.1261ms)
✔ a provider canary under another key remains a failing credential boundary (167.3697ms)
✔ uninvoked production modules remain in the coverage denominator with zero hits (13.1629ms)
✔ missing production files cannot produce a passing partial coverage result (0.8302ms)
✔ duplicate and out-of-scope files cannot inflate the denominator (2.0282ms)
✔ missing, duplicate and impossible native counts are rejected (0.544ms)
✔ truncated records are never accepted as completed coverage evidence (0.3236ms)
✔ zero available branches are reported as not applicable instead of fabricated 100 percent (0.3636ms)
✔ issue195 public receipt binds parent binaries, pinned runtime identity, and distinct task source (18.8935ms)
✔ explicit current fixture hash, suspend tokens, and missing-artifact switch normalize without disk reads (2.4283ms)
✔ rebuilt server/runner receipt hashes and an explicit rebuilt CLI hash remain valid and bound (6.2795ms)
✔ all required options are explicit; help is inert (2.4671ms)
✔ every duplicate value option and duplicate boolean switch fails closed (1.8156ms)
✔ unknown targets, positionals, missing operands, and equals-form options are rejected (0.9206ms)
✔ configuration rejects old issue190 (0.3667ms)
✔ configuration rejects string issue number (0.3522ms)
✔ configuration rejects parent rather than candidate code (0.3771ms)
✔ configuration rejects runtime commit used as task source (0.473ms)
✔ configuration rejects unpinned source ref (0.3021ms)
✔ configuration rejects another runner (0.2246ms)
✔ configuration rejects unowned receipt (0.7548ms)
✔ configuration rejects not-running supervisor (0.8205ms)
✔ configuration rejects missing owner (0.3454ms)
✔ configuration rejects invalid owner (0.3753ms)
✔ configuration rejects changed code checkout (0.2512ms)
✔ configuration rejects changed source checkout (0.409ms)
✔ configuration rejects changed worktree root (0.2651ms)
✔ configuration rejects invalid server digest (0.2213ms)
✔ configuration rejects invalid runner digest (0.246ms)
✔ configuration rejects executable substitution (0.2888ms)
✔ configuration rejects binary outside owned bin (0.3269ms)
✔ configuration rejects missing public process (0.2139ms)
✔ configuration rejects wrong process role (0.3971ms)
✔ configuration rejects wrong process workspace (0.4396ms)
✔ configuration rejects invalid process pid (0.3774ms)
✔ configuration rejects invalid process start (0.332ms)
✔ synthetic VerifyRun evidence distinguishes awaiting independent review from accepted completion (14.4998ms)
✔ forced commit_branch export rejection is a named failure, never archive bypass or approval (4.4426ms)
✔ missing-required-provider-Artifact negative shares the native checks without inventing bytes (3.8992ms)
✔ assessRecovery refuses original usage rewritten (3.318ms)
✔ assessRecovery refuses original output history changed (2.7513ms)
✔ assessRecovery refuses provider-attempt counter reset (2.9608ms)
✔ assessRecovery refuses provider-attempt maximum changed (2.1951ms)
✔ assessRecovery refuses source incident changed (3.1129ms)
✔ assessRecovery refuses checkpoint authority absent (2.7161ms)
✔ assessRecovery refuses different context source (1.876ms)
✔ assessRecovery refuses budget reset hidden in context (2.1352ms)
✔ assessRecovery refuses another native recovery (3.135ms)
✔ assessRecovery refuses source-correction instead of verification (3.8972ms)
✔ assessRecovery refuses recovery contract revision (3.5625ms)
✔ assessRecovery refuses changed recovery reason (1.8613ms)
✔ assessRecovery refuses weakened replacement policy (1.8179ms)
✔ assessRecovery refuses new provider session (2.7499ms)
✔ assessRecovery refuses allocated model tokens (1.8065ms)
✔ assessRecovery refuses allocated model cost (1.9127ms)
✔ assessRecovery refuses consumed input tokens (1.706ms)
✔ assessRecovery refuses consumed output tokens (1.8635ms)
✔ assessRecovery refuses consumed model cost (2.1677ms)
✔ assessRecovery refuses different workspace root run (1.7576ms)
✔ assessRecovery refuses replacement workspace not preserved (1.9388ms)
✔ assessRecovery refuses replacement fingerprint changed (2.0181ms)
✔ assessRecovery refuses invented provider artifact (2.3794ms)
✔ assessRecovery refuses provider event outside snapshot window (2.4286ms)
✔ assessRecovery refuses native command acknowledgment missing (1.7819ms)
✔ assessRecovery refuses missing native app check (1.6646ms)
✔ assessRecovery refuses evidence kind mismatch (2.1458ms)
✔ assessRecovery refuses independent-review self-approval (1.8893ms)
✔ assessRecovery refuses accepted run before gate decision (2.064ms)
✔ assessRecovery refuses missing factory completion event (1.5008ms)
✔ assessRecovery refuses empty source deliverable (2.2473ms)
✔ assessRecovery refuses wrong deliverable provenance (2.3757ms)
✔ download validation uses in-memory bytes and checks payload digests without claiming a browser test (3.2152ms)
✔ configuration refuses target http://localhost:18574 (0.2562ms)
✔ configuration refuses target https://127.0.0.1:18574 (0.1189ms)
✔ configuration refuses target http://127.0.0.1:18574/ (0.1019ms)
✔ configuration refuses target http://127.0.0.1:18575 (0.1683ms)
✔ configuration refuses target http://127.0.0.1:8791 (0.1709ms)
✔ configuration refuses target http://127.0.0.1:18574/api (0.1676ms)
✔ configuration refuses target http://127.0.0.1:18574?x=1 (0.0959ms)
✔ configuration refuses target http://example.invalid:18574 (0.1016ms)
✔ configuration refuses target http://user:password@127.0.0.1:18574 (0.1501ms)
✔ configuration refuses target http://[::1]:18574 (0.1037ms)
✔ absolute path and owned-output boundaries reject aliases, devices, UNC, ADS, and root reuse (3.2286ms)
✔ explicit independent reviewer, valid digest, and bounded numeric options are mandatory (6.764ms)
✔ reports expose hashes and constrained identity, never receipt metadata or provider output (1.5508ms)
✔ saved report cannot adopt changed authority, extra fields, or identities without prior intent (4.4653ms)
✔ baseline and journal never consult the bounded snapshot.events window (28.5368ms)
✔ baseline preserves every pre-existing missions record (1.3694ms)
✔ baseline preserves every pre-existing tasks record (0.864ms)
✔ baseline preserves every pre-existing runs record (0.8216ms)
✔ baseline preserves every pre-existing factory_work_items record (0.8565ms)
✔ baseline preserves every pre-existing factory_verification_recoveries record (0.8647ms)
✔ baseline preserves every pre-existing verification_evidence record (1.2677ms)
✔ baseline preserves every pre-existing verification_requests record (0.8134ms)
✔ baseline preserves every pre-existing source_deliverables record (1.5728ms)
✔ baseline preserves every pre-existing mission_contract_revisions record (0.8392ms)
✔ baseline preserves every pre-existing mission_budget_revisions record (0.9205ms)
✔ baseline preserves every pre-existing action_approvals record (1.499ms)
✔ baseline preserves every pre-existing circuit_breaker_incidents record (1.3464ms)
✔ baseline permits additive rows and events while forbidding live work and missing history tables (2.7674ms)
✔ journal requires exact Ready watermark, ordered unique same-Corp events, and bounded count (1.2076ms)
✔ buildPlan is deterministic, fresh, output-owned, and mirrors one ready synthetic issue (2.2272ms)
✔ factory argv remains pinned and recovery only appends the exact checkpoint mode and recorded reason (2.1922ms)
✔ persisted app, base-file, exact hash command and independent-review checks cannot be replaced by Artifact (10.7847ms)
✔ checkpoint digests use Rust field order, preserve app policy, and retain forced commit_branch authority (0.7702ms)
✔ invokeFactory uses only injected child I/O, a bounded timeout, and a non-inherited environment (1.7021ms)
✔ invokeFactory never retries an uncertain execution or logs raw stdout/stderr (1.8485ms)
✔ Windows original assessment uses the explicit path implementation (1.9013ms)
✔ Windows recovery preserves pending independent review (2.3857ms)
✔ Windows recovery preserves accepted independent review (2.221ms)
✔ Windows assessment rejects traversal without normalizing it into authority (4.0132ms)
✔ Windows assessment rejects alternate data stream without normalizing it into authority (2.5677ms)
✔ Windows assessment rejects UNC without normalizing it into authority (2.758ms)
✔ Windows assessment rejects POSIX spelling without normalizing it into authority (3.6016ms)
✔ Windows assessment rejects a sibling workspace and mismatched native workspace event (3.9831ms)
✔ POSIX original assessment uses the explicit path implementation (1.5106ms)
✔ POSIX recovery preserves pending independent review (2.0091ms)
✔ POSIX recovery preserves accepted independent review (2.8654ms)
✔ POSIX assessment rejects traversal without normalizing it into authority (3.0518ms)
✔ POSIX assessment rejects double root without normalizing it into authority (2.6225ms)
✔ POSIX assessment rejects backslash without normalizing it into authority (3.6621ms)
✔ POSIX assessment rejects Windows spelling without normalizing it into authority (2.598ms)
✔ POSIX assessment rejects a sibling workspace and mismatched native workspace event (3.1439ms)
✔ native assessment retains host-default path semantics when no override is supplied (4.5043ms)
✔ suite path override rejects incompatible fixture paths before recovery (11.5063ms)
✔ explicit Windows assessment preserves historical paths on every host (3.7809ms)
✔ default host assessment still rejects foreign path namespaces (1.0489ms)
✔ assessOriginal binds native stop from full replay, not snapshot.events (1.8837ms)
✔ assessOriginal binds native suspend from full replay, not snapshot.events (1.9638ms)
✔ assessOriginal rejects provider attempt increment without accepting or replacing work (0.8722ms)
✔ assessOriginal rejects attempt ceiling revision without accepting or replacing work (0.8182ms)
✔ assessOriginal rejects current budget revision without accepting or replacing work (1.3923ms)
✔ assessOriginal rejects original budget rewrite without accepting or replacing work (0.8218ms)
✔ assessOriginal rejects persisted hash verifier removal without accepting or replacing work (0.7688ms)
✔ assessOriginal rejects manual gate weakening without accepting or replacing work (0.9218ms)
✔ assessOriginal rejects contract source replacement without accepting or replacing work (0.9743ms)
✔ assessOriginal rejects write scope replacement without accepting or replacing work (1.1711ms)
✔ assessOriginal rejects archive bypass of forced commit_branch without accepting or replacing work (1.1559ms)
✔ assessOriginal rejects provider secret authority without accepting or replacing work (1.3187ms)
✔ assessOriginal rejects extra provider run without accepting or replacing work (1.3546ms)
✔ assessOriginal rejects extra task without accepting or replacing work (1.3349ms)
✔ assessOriginal rejects changed factory owner without accepting or replacing work (1.8547ms)
✔ assessOriginal rejects changed issue revision without accepting or replacing work (0.8165ms)
✔ assessOriginal rejects wrong assigned runner without accepting or replacing work (0.8384ms)
✔ assessOriginal rejects producer reviewing itself without accepting or replacing work (0.8124ms)
✔ assessOriginal rejects source-checkout execution without accepting or replacing work (1.0657ms)
✔ assessOriginal rejects quarantined checkpoint without accepting or replacing work (0.8039ms)
✔ assessOriginal rejects loop-counter change without accepting or replacing work (0.7929ms)
✔ assessOriginal rejects rewritten usage without accepting or replacing work (0.8203ms)
✔ assessOriginal rejects invented provider artifact without accepting or replacing work (0.8542ms)
✔ assessOriginal rejects checkpoint missing without accepting or replacing work (1.125ms)
✔ assessOriginal rejects checkpoint policy digest changed without accepting or replacing work (1.0856ms)
✔ assessOriginal rejects provider still alive without accepting or replacing work (1.4838ms)
✔ assessOriginal rejects budget command not acknowledged without accepting or replacing work (1.2127ms)
✔ assessOriginal rejects budget incident missing without accepting or replacing work (1.4532ms)
✔ assessOriginal rejects previously recorded run missing without accepting or replacing work (1.3143ms)
✔ assessOriginal rejects accepted provider progress hidden before snapshot window without accepting or replacing work (1.1814ms)
✔ suite pauses for native browser review by default and only observes external approval on continuation (51.968ms)
✔ suite retains native forced-commit export failure and performs no review, download, or policy bypass (21.1175ms)
✔ suite missing-Artifact negative is explicit rejection, not verified delivery or fabricated provider evidence (20.0714ms)
✔ --continue cannot create a baseline or begin an unrecorded mutation (9.5542ms)
✔ unknown create response is never retried; continuation times out without adopting replacement work (40.9621ms)
✔ lost create response reconciles the exact item/run, but --continue cannot authorize recovery (22.7726ms)
✔ lost recovery response binds the recorded replacement; continuation only pauses for its exact browser gate (22.7116ms)
✔ external browser approval completes exact recorded work without retries or erasing earlier failure history (50.8246ms)
✔ suite never mutates when independent reviewer is missing (5.7919ms)
✔ suite never mutates when independent reviewer is not human (4.9261ms)
✔ suite never mutates when independent reviewer is unauthorized role (3.4335ms)
✔ suite never mutates when independent reviewer is guest (5.1184ms)
✔ suite never mutates when independent reviewer is wrong Corp (5.9548ms)
✔ failed intent persistence or changed parent inputs prevents the corresponding native effect (16.1051ms)
✔ a colliding synthetic item without saved create intent is never adopted or mutated (4.8836ms)
✔ wrong physical base bytes stop before recovery; tampered downloads stop without another attempt (35.1661ms)
✔ --continue fails closed when recorded work disappears, with no new mission or native retry (31.9039ms)
✔ explicit browser-review flag preserves the default two-step flow without a scripted-review mode (14.1858ms)
✔ browser-review pause cannot be continued with substituted gate identities or reviewer (16.916ms)
✔ production I/O exposes no review POST and confines injected requests to exact GET routes (29.9421ms)
✔ runtime factory adapter never retries an ambiguous injected CLI call (1.7347ms)
✔ server-upgrade option is explicit, continue-only, and confined to the owned runtime directory (14.1466ms)
✔ server-only upgrade retains the original binding/failure and separately records server provenance read-only (28.6676ms)
✔ upgrade rejects runner/web/CLI changes, a mismatched old binding, and conflicting server provenance (17.9024ms)
✔ same-verifier native checkpoint re-attestation accepts a real run_id-only VerificationRequest (3.0637ms)
✔ checkpoint re-attestation cannot target another run, duplicate an ACK, or permit provider usage (6.5197ms)
✔ strict phase parsing and explicit opt-in (7.3789ms)
✔ reject manual/default/aliased ports, credentials, ambiguous URLs and mismatched environment before API access (7.2329ms)
✔ verification is GET-only and no phase can call decision/reset/bootstrap/foreign-Corp routes (2.7758ms)
✔ prepare → newer approved → isolated replay observation → explicit older approval → automatic synthesis (108.7441ms)
✔ lost create response adopts exact marker without sending a second create (23.3553ms)
✔ unknown create that never arrived fails closed, never creates a replacement (3.4307ms)
✔ lost revision response replays the exact native UUID and preserves only two revisions (54.1847ms)
✔ lost launch response recovers exact root IDs by readback, never dispatches again (31.1831ms)
✔ wrong source/pinned staffing/non-quiescent fixture rejected before any POST (2.3232ms)
✔ cannot skip intermediate observation or approve the older run first (46.1165ms)
✔ exact reviewer attribution, artifact binding and no second decision are enforced (74.5891ms)
✔ duplicate decision event and journal rollover cannot pass as replay isolation (43.0946ms)
✔ checkpoint fixture mismatch and modified pre-existing rows are rejected (40.9189ms)
✔ failed artifact download is rechecked on prepare resume without more POSTs (26.6402ms)
✔ linux: native unavailable admission is a verified refusal, not provider success (322.2396ms)
✔ darwin: native unavailable admission is a verified refusal, not provider success (288.3067ms)
✔ Windows: an unavailable provider remains a failure (344.1377ms)
✔ Unix: accidentally accepting an unsupported provider fails the contract (341.5711ms)
✔ Unix: an unrelated admission failure cannot stand in for containment refusal (338.1233ms)
✔ Unix: a refusal with a persisted run is rejected (452.9639ms)
✔ Unknown runner platforms fail before resetting a fixture (203.9997ms)
✔ A Linux expectation cannot conceal an unavailable Windows runner (268.7711ms)
✔ Unknown reported runner OS fails before creating provider work (229.9934ms)
✔ An owned child stuck on HTTP is reaped before fixture cleanup (2058.3822ms)
✔ explicit CLI and parent runtime receipt reuse retain owner/source/process binding (10.1275ms)
✔ additive request changes only the fixture case, keeps native 5000 authority and no delivery/resume (0.8157ms)
✔ shared client sends exact additive create/launch bodies without retries or extra routes (37.1399ms)
✔ pure native trace accepts actual ACK before failure/termination without prescribing that order (9.5942ms)
✔ pure native trace accepts actual ACK between failure/termination without prescribing that order (2.7762ms)
✔ pure native trace accepts actual ACK after failure/termination without prescribing that order (2.2584ms)
✔ pure evidence rejection: missing actual artifact rejection (1.8216ms)
✔ pure evidence rejection: unrelated failure (0.9022ms)
✔ pure evidence rejection: termination before failure is not the race (2.4955ms)
✔ pure evidence rejection: missing termination is not success (2.9203ms)
✔ pure evidence rejection: missing ACK remains unproven (1.6279ms)
✔ pure evidence rejection: wrong command correlation (2.1952ms)
✔ pure evidence rejection: wrong ACK runner (2.0234ms)
✔ pure evidence rejection: foreign session event scope (1.2556ms)
✔ pure evidence rejection: non-native event attribution (1.6194ms)
✔ pure evidence rejection: wrong native event identity (1.3703ms)
✔ pure evidence rejection: rewritten failure summary (1.2688ms)
✔ pure evidence rejection: agent still assigned (1.0915ms)
✔ pure evidence rejection: task resurrected (1.0476ms)
✔ pure evidence rejection: mission resurrected (1.7887ms)
✔ pure evidence rejection: accepted artifact metadata (1.3171ms)
✔ pure evidence rejection: late accepted completion even if snapshot says failed (1.3734ms)
✔ pure evidence rejection: accepted artifact even outside bounded snapshot.events (0.9227ms)
✔ pure evidence rejection: verification event is forbidden (1.004ms)
✔ pure evidence rejection: uncertain teardown is forbidden (1.5307ms)
✔ pure evidence rejection: accepted evidence record (0.7911ms)
✔ pure evidence rejection: budget revision (0.7157ms)
✔ pure evidence rejection: replacement run (0.5237ms)
✔ pure evidence rejection: source substitution (0.4884ms)
✔ pure evidence rejection: verification-only execution cannot attest a provider (0.4732ms)
✔ pure evidence rejection: usage must be exactly two 3000-token increments (1.0658ms)
✔ invalid native termination payload cannot pass (null) (0.755ms)
✔ invalid native termination payload cannot pass ([]) (0.9566ms)
✔ invalid native termination payload cannot pass ({}) (0.6494ms)
✔ invalid native termination payload cannot pass ({"adapter":"other"}) (0.7313ms)
✔ invalid native termination payload cannot pass ({"provider_process_alive":true}) (0.682ms)
✔ invalid native termination payload cannot pass ({"provider_process_alive":"false"}) (0.7134ms)
✔ invalid native termination payload cannot pass ({"outcome":"verified"}) (0.7709ms)
✔ invalid native termination payload cannot pass ({"message":""}) (0.7419ms)
✔ invalid native termination payload cannot pass ({"message":1}) (0.7186ms)
✔ invalid native termination payload cannot pass ({"message":"xxxxxxxxxxxxxxxxxxxxxxxxxxxxxxxxxxxxxxxxxxxxxxxx) (1.3416ms)
✔ invalid native termination payload cannot pass ({"message":"untrusted\ntext"}) (1.2996ms)
✔ invalid native termination payload cannot pass ({"message":"
"}) (0.5915ms)
✔ invalid native termination payload cannot pass ({"credential":"PRIVATE_PROVIDER_CONTENT_OR_ASSIGNMENT_TOKEN_) (0.627ms)
✔ all native terminal outcomes and absent optional message are valid telemetry, not accepted completion (2.7829ms)
✔ one additive case checkpoints and announces intent/IDs, retains history, and waits for quiet readback (40.5877ms)
✔ passed same-case continuation recomputes proof with zero further mutations (22.1882ms)
✔ createLost: failure preserves exact intent, continuation never retries an attempted POST (14.3045ms)
✔ createUnknown: failure preserves exact intent, continuation never retries an attempted POST (2.8066ms)
✔ launchLost: failure preserves exact intent, continuation never retries an attempted POST (15.9638ms)
✔ launchUnknown: failure preserves exact intent, continuation never retries an attempted POST (3.1923ms)
✔ bounded live failure leaves the original run live, IDs and intent intact, with no replacement (52.2855ms)
✔ missing late telemetry is a bounded failure with actual ACK order, not a race claim (30.2376ms)
✔ natural later telemetry/finalization can settle without rewriting terminal state or historical events (22.3408ms)
✔ settling cannot hide changed terminal run summary (6.5279ms)
✔ settling cannot hide changed terminal task (5.8675ms)
✔ settling cannot hide changed terminal mission (6.8886ms)
✔ settling cannot hide changed terminal agent (6.7269ms)
✔ settling cannot hide changed old run (5.5455ms)
✔ settling cannot hide changed old agent (6.7529ms)
✔ settling cannot hide changed old journal prefix (6.0382ms)
✔ settling cannot hide changed original failure event (11.3642ms)
✔ saved report cannot substitute receipt, native authority, source, or erase baseline after an effect (4.0124ms)
✔ report save uses exclusive lock, private synced temp and atomic rename; refuses implicit overwrite (4.2509ms)
✔ stale locks are never stolen and failed saves retain original report and orphaned temp (1.1447ms)
✔ report cannot replace receipt; bounded reads reject links, hardlinks and inode swaps before reading (1.0087ms)
✔ CLI is explicit, non-ambient, duplicate/unknown flags fail (5.6266ms)
✔ explicit parent runtime metadata aligns without opening any named process/log/source (5.0898ms)
✔ rejects protected/manual API port 5187 (0.4292ms)
✔ rejects protected/manual API port 5291 (0.3214ms)
✔ rejects protected/manual API port 8791 (0.6036ms)
✔ rejects protected/manual API port 8793 (0.2893ms)
✔ rejects protected/manual API port 8991 (0.3232ms)
✔ rejects protected/manual API port 15191 (0.4696ms)
✔ rejects protected/manual API port 15193 (0.4016ms)
✔ rejects protected/manual API port 15491 (0.4412ms)
✔ rejects protected/manual API port 15493 (1.3562ms)
✔ rejects protected/manual API port 15496 (0.4628ms)
✔ rejects protected/manual API port 18961 (0.2767ms)
✔ rejects protected/manual API port 18962 (0.2542ms)
✔ rejects protected/manual API port 18963 (0.321ms)
✔ rejects ambiguous or non-owned origin http://localhost:18574 (0.4268ms)
✔ rejects ambiguous or non-owned origin http://127.1:18574 (0.2806ms)
✔ rejects ambiguous or non-owned origin http://[::1]:18574 (0.3467ms)
✔ rejects ambiguous or non-owned origin https://127.0.0.1:18574 (0.2701ms)
✔ rejects ambiguous or non-owned origin http://127.0.0.1:18574/ (0.2603ms)
✔ rejects ambiguous or non-owned origin http://127.0.0.1:18574/api (0.1803ms)
✔ rejects ambiguous or non-owned origin http://127.0.0.1:18574?x=1 (0.2009ms)
✔ rejects ambiguous or non-owned origin http://redacted:redacted@127.0.0.1:18574 (0.2524ms)
✔ rejects ambiguous or non-owned origin http://example.com:18574 (0.2445ms)
✔ receipt requires complete immutable source, no unknown authority or provider substitution (4.8805ms)
✔ native requests preserve single strategy, exact source, budget, File verifier, no deliverable (0.8886ms)
✔ Rust policy digest uses explicit declaration order, not JS/JSONB property order (0.8518ms)
✔ canonical containment handles Windows drive prefixes but rejects aliases/escapes (1.1184ms)
✔ POSIX containment rejects traversal, equality and sibling prefixes (0.7882ms)
✔ base.txt reads exactly five bytes, and all link/reparse/hardlink failures occur before open (14.9362ms)
✔ opened-file identity swaps fail closed without reading bytes (2.0402ms)
✔ runners are top-level; nested-only, unavailable, foreign, ambiguous or different-source runners fail (1.2189ms)
✔ suspend: actual usage -> breaker -> native teardown -> exact checkpoint -> terminal (3.2379ms)
✔ stop: actual usage -> breaker -> native teardown -> exact checkpoint -> terminal (1.1363ms)
✔ rejects missing checkpoint (1.3259ms)
✔ rejects foreign Corp proof (0.9266ms)
✔ rejects foreign mission proof (0.9085ms)
✔ rejects foreign task proof (0.9468ms)
✔ rejects foreign run proof (1.9541ms)
✔ rejects foreign agent proof (1.4817ms)
✔ rejects foreign runner proof (1.2725ms)
✔ rejects wrong original base (1.2121ms)
✔ rejects changed HEAD (1.056ms)
✔ rejects changed fingerprint (0.9277ms)
✔ rejects arbitrary JS policy ordering (1.0403ms)
✔ rejects changed write digest (0.8996ms)
✔ rejects changed deliverable digest (1.0841ms)
✔ rejects token in proof (1.4403ms)
✔ rejects live provider (0.7609ms)
✔ rejects wrong adapter (0.8428ms)
✔ rejects foreign event lineage (0.5442ms)
✔ rejects late checkpoint (1.021ms)
✔ rejects missing usage (0.9299ms)
✔ rejects fake cumulative usage (0.6659ms)
✔ rejects wrong breaker metric (1.0944ms)
✔ rejects wrong command acknowledgement (1.0933ms)
✔ rejects accepted artifact (3.418ms)
✔ rejects verification started (1.4588ms)
✔ rejects lost is not completion (0.6912ms)
✔ rejects agent still assigned (1.0987ms)
✔ rejects automatic retry (1.0497ms)
✔ rejects replacement task (0.784ms)
✔ rejects resume lineage (0.7175ms)
✔ rejects budget override (0.5347ms)
✔ rejects write scope widening (0.565ms)
✔ rejects policy weakening (0.5888ms)
✔ rejects path outside runner (1.1277ms)
✔ rejects unknown projection strings are not logged (0.7282ms)
✔ rejects non-native none breaker projection is rejected (0.6669ms)
✔ rejects accepted evidence row (0.9313ms)
✔ full replay, not the bounded snapshot, rejects earlier run.completed (0.9711ms)
✔ full replay, not the bounded snapshot, rejects earlier run.verification_started (1.4772ms)
✔ full replay, not the bounded snapshot, rejects earlier run.verification_evidence (0.8941ms)
✔ full replay, not the bounded snapshot, rejects earlier run.artifact (1.3362ms)
✔ full replay, not the bounded snapshot, rejects earlier run.deliverable (0.891ms)
✔ full replay, not the bounded snapshot, rejects earlier run.workspace_removed (0.7574ms)
✔ full replay, not the bounded snapshot, rejects earlier run.teardown_uncertain (0.9899ms)
✔ visible history and original journal prefix are immutable; no whole-database inference (2.2962ms)
✔ journal bounds, strict ordering, non-contiguous visible sequences and Ready watermark (0.8177ms)
✔ API requests allow only exact scoped snapshot/create/launch, never reset/policy/resume (38.6502ms)
✔ HTTP errors with sensitive bodies are not retried or exposed (1.1319ms)
✔ oversized API responses fail at the byte bound, with no response body in the error (12.8622ms)
✔ native journal API requires a real Ready watermark and refuses partial replay (1.8938ms)
✔ two additive cases checkpoint intent/IDs, retain old history, and pass only after quiet observation (43.2495ms)
✔ baseline counts are dynamic, including completed prior browser-created missions (58.1707ms)
✔ completed checkpoint continuation is read-only and never re-launches either case (59.2143ms)
✔ timeout leaves a live run LIVE with its original ID and never starts a replacement/second case (45.5918ms)
✔ lost create response discovers exact original IDs; intentional continuation sends no duplicate (25.294ms)
✔ uncertain create without an observable result blocks continuation, never replacement (1.6021ms)
✔ lost launch response discovers exact original IDs; intentional continuation sends no duplicate (27.4223ms)
✔ uncertain launch without an observable result blocks continuation, never replacement (3.4678ms)
✔ driver failure keeps IDs and failure report; late accepted verification cannot pass (9.8651ms)
✔ saved report cannot change receipt/source/runner/process scope or invent successful authority (1.3312ms)
✔ existing budget-stream keeps its original synthetic 6000-token contract (1351.9951ms)
✔ UI budget-stream uses the real 500K preset with explicit synthetic counters (1214.9845ms)
✔ native interrupt prevents later usage and completion in the UI fixture (278.489ms)
✔ original budget-stream still interrupts before its second usage and scheduled completion (268.8295ms)
✔ queued completion emits exact usage and completed before a subsequent interrupt response (173.6962ms)
✔ actual queued fixture writes base then emits both usages and finish synchronously without timers (6.8663ms)
✔ User/Organization resolver verifies owner and project number without reading items (948.2331ms)
✔ opaque paginated active-only discovery retains 1002 items and exact Issue source (2282.9552ms)
✔ empty pages, invalid cursors and archived cursors never silently restart pagination (1231.7756ms)
✔ quota-only probes accept include flags before/after endpoint and retain plain JSON (647.2449ms)
✔ exact items, memberships and publisher fields support metered and legacy plain callers (1216.2579ms)
✔ configured primary refusal exposes reset headers and recovers exactly at fixture reset (446.2323ms)
✔ secondary failures are finite per-query attempts even with interleaved probes (717.6189ms)
✔ 503 failures expose Retry-After without spending quota or triggering source mutation (313.2692ms)
✔ source-drift hook remains shared across pages, legacy lists and exact reads only (1312.2939ms)
✔ legacy Project edits and publisher PR mutation/recovery semantics are preserved (1301.0406ms)
✔ errors and observation logs never echo credentials, headers, query text or variables (731.3972ms)
✔ invalid quota/failure configurations fail safely and event retention is bounded (1531.8683ms)
✔ parses HTTPS clone URL without resolving redirects (3.1508ms)
✔ parses HTTPS repository URL without resolving redirects (0.3784ms)
✔ parses HTTPS default port without resolving redirects (0.1461ms)
✔ parses SSH SCP URL without resolving redirects (0.5177ms)
✔ parses SSH URI without resolving redirects (0.2616ms)
✔ parses SSH default port without resolving redirects (0.205ms)
✔ parses SSH alternate port without resolving redirects (0.2867ms)
✔ parses case normalization without resolving redirects (0.2237ms)
✔ parses trailing slash without resolving redirects (0.2864ms)
✔ parses Git output newline without resolving redirects (0.3893ms)
✔ keeps old, transferred and deliberately wrong repositories distinct (0.5733ms)
✔ retains valid repository punctuation (0.2179ms)
✔ rejects missing without disclosing the origin (0.9003ms)
✔ rejects null without disclosing the origin (0.1468ms)
✔ rejects non-string without disclosing the origin (0.132ms)
✔ rejects empty without disclosing the origin (0.1311ms)
✔ rejects bare namespace without disclosing the origin (0.1074ms)
✔ rejects different host without disclosing the origin (0.1076ms)
✔ rejects host suffix without disclosing the origin (0.1115ms)
✔ rejects HTTP without disclosing the origin (0.1378ms)
✔ rejects Git protocol without disclosing the origin (0.1487ms)
✔ rejects HTTPS userinfo without disclosing the origin (0.1286ms)
✔ rejects HTTPS password without disclosing the origin (0.1114ms)
✔ rejects SSH password without disclosing the origin (0.1024ms)
✔ rejects non-Git SSH user without disclosing the origin (0.1047ms)
✔ rejects SCP userinfo without disclosing the origin (0.1088ms)
✔ rejects SCP prefix not recognized by the runner without disclosing the origin (0.1119ms)
✔ rejects query without disclosing the origin (0.0941ms)
✔ rejects fragment without disclosing the origin (0.0942ms)
✔ rejects extra path without disclosing the origin (0.1919ms)
✔ rejects traversal without disclosing the origin (0.1029ms)
✔ rejects dot owner without disclosing the origin (0.1109ms)
✔ rejects dot repository without disclosing the origin (0.0976ms)
✔ rejects empty repository without disclosing the origin (0.1012ms)
✔ rejects encoded path without disclosing the origin (0.0918ms)
✔ rejects backslash without disclosing the origin (0.1409ms)
✔ rejects multiple origins without disclosing the origin (0.1061ms)
✔ rejects oversized origin without disclosing the origin (0.1247ms)
✔ reads only the selected checkout origin with bounded, piped Git output (0.2916ms)
✔ Git failure discards message, cause, stdout and stderr without fallback (0.2425ms)
✔ a successful Git read cannot admit a credential-bearing origin (0.2672ms)
✔ imports actual-shaped retained native success and reproducible external rejection as a candidate only (116.7179ms)
✔ old oracle without physical digest remains explicitly weaker and prompt alignment remains unreviewed (100.9949ms)
✔ repeated captures and checker versions of one run do not create independent evidence identities (349.2987ms)
✔ local review digest cannot activate a candidate even with two distinct native runs (208.0279ms)
✔ refuses foreign Corp even with repinned retained files (110.2535ms)
✔ refuses foreign room even with repinned retained files (114.7534ms)
✔ refuses other source even with repinned retained files (104.8787ms)
✔ refuses changed contract source even with repinned retained files (109.2101ms)
✔ refuses missing native checks even with repinned retained files (93.0055ms)
✔ refuses failed test under passed native label even with repinned retained files (92.8402ms)
✔ refuses wrong oracle bytes even with repinned retained files (96.4346ms)
✔ refuses wrong resume identity even with repinned retained files (103.7224ms)
✔ refuses wrong resume ancestry even with repinned retained files (108.4168ms)
✔ refuses cancelled run even with repinned retained files (94.0088ms)
✔ refuses substituted before bytes even with repinned retained files (88.8305ms)
✔ refuses unknown checker even with repinned retained files (18.6091ms)
✔ hash pins, duplicate JSON keys and traversal are rejected before candidate output (101.673ms)
✔ directory redirection and oversized files fail closed (153.3669ms)
✔ exact append handles LF and CRLF without normalizing changed source (0.5399ms)
✔ external rejection cannot be imported when exact output actually passes (111.9189ms)
✔ CLI reads pinned inputs and creates one new corpus without overwriting source files (281.5161ms)
✔ CLI has one aggregate read budget covering the request, corpus, manifests and retained files (295.2357ms)
▶ local stack owned-process and state regression fixtures
  ✔ identity comes from the live process and binds only the explicit workspace (1.7998ms)
  ✔ wrong timestamps, executable, workspace and malformed records fail closed (0.1544ms)
  ✔ a stale creation record aimed at a live synthetic PID cannot stop it (0.1775ms)
  ✔ stopping the verified root leaves its descendant and an unrelated child alive (0.1275ms)
  ✔ Start accepts working and log directories containing spaces (0.1408ms)
  ✔ Start treats bracketed log directories as literal paths (0.2512ms)
  ✔ Start treats bracketed working directories as literal paths (0.1374ms)
  ✔ failed-start rollback results preserve the original error and require both success signals (0.1275ms)
  ✔ Start preserves literal arguments, spaces, child-only environment and redacted evidence (0.2318ms)
  ✔ repeated role launches retain earlier logs and allocate unique stdout/stderr files (0.4359ms)
  ✔ extracted Launch preserves ownership on save failure (verified rollback) (0.1355ms)
  ✔ extracted Launch preserves ownership on save failure (unverified rollback) (0.087ms)
  ✔ v2 state round-trips nested records and read preserves exact bytes (0.0724ms)
  ✔ corrupt, unsupported and differently scoped state is refused without deleting evidence (0.1666ms)
  ✔ state writes reject traversal, sibling-prefix paths and foreign workspace claims (0.1867ms)
  ✔ state writes reject reparse-point parent directories (0.1196ms)
  ✔ a failed atomic replacement preserves old bytes and removes its temporary file (1.3293ms)
  ✔ concurrent synthetic reader observes only complete atomic state generations (0.0769ms)
  ✔ legacy numeric state stays read-only and never authorizes stopping (0.1756ms)
  ✔ cleanup reaps only held synthetic handles and removes only its temporary tree (0.1171ms)
✔ local stack owned-process and state regression fixtures (10626.4466ms)
ℹ PowerShell 7.6.5; 14 synthetic processes reaped; no fixture tree remains
▶ local stack starter source guards
  ✔ starter has no unconditional stop invocation (0.1951ms)
  ✔ starter never passes a database URL as a command argument (0.0925ms)
  ✔ starter forwards the native runner startup-recovery opt-out unchanged (0.0724ms)
  ✔ persisted runner IDs block automatic reenrollment even when offline (0.0703ms)
  ✔ Factory policy paths are canonicalized against the checkout before persistence and launch (0.0682ms)
  ✔ Factory saved connection is retained and passed only as an explicit native option (0.0719ms)
  ✔ live source-ref changes use exact comparison for old and current records (0.1339ms)
  ✔ starter never deletes enrollment or credentials without an explicit reset/rotation guard (0.2493ms)
  ✔ Compose operations are guarded by external-database selection (0.0694ms)
  ✔ stopper does not rediscover or terminate a descendant tree from saved PIDs (0.0918ms)
✔ local stack starter source guards (2565.2178ms)
✔ one checkout serializes commands while another checkout remains usable (6399.4088ms)
✔ explicit restart nesting and failed operations release their native lock (5120.2846ms)
✔ an interrupted command does not leave a stale lock requiring manual cleanup (3290.3558ms)
✔ both supported entrypoints use the same operation boundary (2.5826ms)
✔ reported idle remains idle without a pending request (2.3626ms)
✔ reported starting remains starting without a pending request (0.1536ms)
✔ reported working remains working without a pending request (0.1122ms)
✔ reported blocked remains blocked without a pending request (0.1433ms)
✔ reported reviewing remains reviewing without a pending request (0.1793ms)
✔ reported offline remains offline without a pending request (0.1146ms)
✔ working station "read" projects reading (0.2018ms)
✔ working station "search" projects reading (0.2703ms)
✔ working station " READ " projects reading (0.2696ms)
✔ working station "Search" projects reading (0.291ms)
✔ working station "test" projects working (0.1433ms)
✔ working station "build" projects working (0.1928ms)
✔ working station "review" projects working (0.1031ms)
✔ working station "research" projects working (0.0927ms)
✔ working station "bread" projects working (0.0861ms)
✔ working station "break" projects working (0.0875ms)
✔ working station "unknown-tool" projects working (0.078ms)
✔ working station null projects working (0.0736ms)
✔ a stale station does not invent activity for a non-working agent (0.2728ms)
✔ a blocked agent needs an exact current-run approval match (0.1578ms)
✔ an exact current-run pending review is distinct from an action approval (0.1386ms)
✔ unrelated and prior-run pending requests cannot affect the current agent (0.1868ms)
✔ an approval stops affecting an agent as soon as its current run changes (0.1432ms)
✔ null and empty current-run IDs cannot acquire pending request state (0.2991ms)
✔ offline wins even when the recorded current run has both pending requests (0.1602ms)
✔ exact action approval takes precedence over exact review (0.1301ms)
✔ explicit current-run requests do not depend on a blocked display status (0.1522ms)
✔ projection does not mutate agents or request sets or infer state from identity text (1.0998ms)
✔ all eight states have distinct labels and factual descriptions (0.4843ms)
✔ roster ordering is stable by ID without mutating the source array (0.3106ms)
✔ renaming or changing activity does not move an existing roster to different seats (0.3848ms)
✔ 0 agents occupy exactly 0 studios without stacked seats (0.3153ms)
✔ 1 agents occupy exactly 1 studios without stacked seats (0.3351ms)
✔ 5 agents occupy exactly 1 studios without stacked seats (0.2221ms)
✔ 6 agents occupy exactly 1 studios without stacked seats (0.2144ms)
✔ 7 agents occupy exactly 2 studios without stacked seats (0.2091ms)
✔ 11 agents occupy exactly 2 studios without stacked seats (0.1808ms)
✔ 12 agents occupy exactly 2 studios without stacked seats (0.1654ms)
✔ 13 agents occupy exactly 3 studios without stacked seats (0.176ms)
✔ 17 agents occupy exactly 3 studios without stacked seats (0.1665ms)
✔ 18 agents occupy exactly 3 studios without stacked seats (0.1742ms)
✔ 19 agents occupy exactly 4 studios without stacked seats (0.2222ms)
✔ snapshot input reordering preserves page and seat assignment for 18 agents (0.4229ms)
✔ reordering across a partially filled page boundary preserves each agent seat (0.8095ms)
✔ studio dimensions and the six feet anchors match the renderer contract exactly (0.3122ms)
✔ desk access never wraps overflow or invalid indexes onto occupied seats (1.0661ms)
✔ all desk footprints stay above their chairs and never overlap another desk or decor (0.4329ms)
✔ desk 0 has one finite arrival route clear of every workstation (0.4773ms)
✔ desk 1 has one finite arrival route clear of every workstation (0.2132ms)
✔ desk 2 has one finite arrival route clear of every workstation (0.1708ms)
✔ desk 3 has one finite arrival route clear of every workstation (0.1173ms)
✔ desk 4 has one finite arrival route clear of every workstation (0.1221ms)
✔ desk 5 has one finite arrival route clear of every workstation (0.1038ms)
✔ route and desk results do not expose shared mutable layout state (0.1901ms)
✔ pending native review distinguishes invalid artifact paths from invalid artifact IDs (74.6213ms)
✔ pending native intent survives acceptance changes and reviewed adoption replays one exact revision (76.8986ms)
✔ pending intent cannot apply and generic native approval cannot authorize exact feedback (43.449ms)
✔ reviewed feedback refuses adopter as reviewer before a revision (37.6734ms)
✔ reviewed feedback refuses producer as reviewer before a revision (28.3344ms)
✔ reviewed feedback refuses source requester as reviewer before a revision (22.9451ms)
✔ reviewed feedback refuses rejected decision before a revision (20.4887ms)
✔ reviewed feedback refuses future decision before a revision (29.1473ms)
✔ reviewed feedback refuses decision before intent before a revision (24.0194ms)
✔ reviewed feedback refuses wrong note digest before a revision (27.3435ms)
✔ reviewed feedback refuses extra note prose before a revision (26.0035ms)
✔ reviewed feedback refuses ordinary human gate before a revision (27.6427ms)
✔ reviewed feedback refuses requester exclusion disabled before a revision (26.5996ms)
✔ native approval cannot excuse changed target task (30.4699ms)
✔ native approval cannot excuse changed target version (33.8802ms)
✔ native approval cannot excuse changed source commit (32.1602ms)
✔ native approval cannot excuse changed artifact identity (29.5714ms)
✔ native approval cannot excuse changed corpus bytes digest (29.0859ms)
✔ native approval cannot excuse changed selected rule digest (29.7614ms)
✔ native approval cannot excuse changed selected guidance (30.984ms)
✔ native approval cannot excuse changed adopter identity (31.5537ms)
✔ native approval cannot excuse changed replacement effect (21.9598ms)
✔ native approval cannot excuse changed unknown authority field (30.0109ms)
✔ persisted verifier policy and automated evidence drift invalidate the intent independently of acceptance (62.5658ms)
✔ missing or contradictory native rows and capture drift fail closed (24.175ms)
✔ reviewed apply rechecks the actual decision and preserves ambiguous outcomes and idempotency (40.9002ms)
✔ reviewed apply rejects altered intent bytes and expired proposal without native effects (21.7084ms)
✔ a changed post-effect review remains uncertain and cannot assert a verified binding (32.2477ms)
✔ review intent time bounds are revalidated during accepted-source reconstruction (35.536ms)
✔ CLI native-review preparation, exact intent selection and apply keep separate raw and canonical hashes (141.9879ms)
✔ prepare is read-only and exposes the exact reference-only change for review (23.5731ms)
✔ an unprefixed objective stays candidate because native composition would change it (26.7272ms)
✔ native normalization fixed points retain description and objective exactly (35.1417ms)
✔ public identifiers and digest selectors reject coercible arrays and objects before effects (26.2834ms)
✔ time, timeout and trusted routing fields require their declared primitive types (30.2087ms)
✔ apply performs one native revision, preserves authority and never launches (28.1447ms)
✔ typed native file selection pins outer provenance and exact decoded corpus while preserving raw compatibility (47.8308ms)
✔ native typed unknown schema field is refused even with matching outer artifact digest (18.2265ms)
✔ native typed missing native schema field is refused even with matching outer artifact digest (17.8237ms)
✔ native typed coercible version is refused even with matching outer artifact digest (17.3486ms)
✔ native typed unsupported archive form is refused even with matching outer artifact digest (17.7047ms)
✔ native typed wrong base is refused even with matching outer artifact digest (15.3252ms)
✔ native typed wrong verifier is refused even with matching outer artifact digest (18.0204ms)
✔ native typed wrong head is refused even with matching outer artifact digest (16.3555ms)
✔ native typed bundle payload is refused even with matching outer artifact digest (20.8685ms)
✔ native typed patch checksum is refused even with matching outer artifact digest (18.5603ms)
✔ native typed patch noncanonical base64 is refused even with matching outer artifact digest (15.2697ms)
✔ native typed selected hash is refused even with matching outer artifact digest (15.4299ms)
✔ native typed selected byte count is refused even with matching outer artifact digest (14.7692ms)
✔ native typed selected file size bound is refused even with matching outer artifact digest (13.567ms)
✔ native typed selected base64 is refused even with matching outer artifact digest (13.5234ms)
✔ native typed selected symlink is refused even with matching outer artifact digest (13.1712ms)
✔ native typed selected submodule is refused even with matching outer artifact digest (20.9559ms)
✔ native typed selected media is refused even with matching outer artifact digest (21.3799ms)
✔ native typed duplicate path is refused even with matching outer artifact digest (19.7421ms)
✔ native typed case alias is refused even with matching outer artifact digest (16.0027ms)
✔ native typed file directory conflict is refused even with matching outer artifact digest (18.2699ms)
✔ native typed traversal is refused even with matching outer artifact digest (15.8336ms)
✔ native typed absolute path is refused even with matching outer artifact digest (22.0309ms)
✔ native typed Windows stream is refused even with matching outer artifact digest (22.8699ms)
✔ native typed Windows device is refused even with matching outer artifact digest (21.8248ms)
✔ native typed trailing dot alias is refused even with matching outer artifact digest (19.6608ms)
✔ native typed coercible entry path is refused even with matching outer artifact digest (17.2774ms)
✔ native typed deleted selection is refused even with matching outer artifact digest (15.9021ms)
✔ typed path selection requires one exact safe file, source role and original outer bytes (23.6767ms)
✔ typed decoded corpus cannot substitute a different well-hashed file or retarget a reviewed proposal (36.2648ms)
✔ typed base64 padding bits are canonical even when permissive decoding preserves the correct bytes (17.4326ms)
✔ same byte-pinned proposal replays its native key without adding guidance or a second revision (31.4541ms)
✔ lost response stays unknown with no automatic retry; exact replay reconciles it (30.6528ms)
✔ an HTTP400 after persistence stays unknown and same-key replay confirms one revision (27.89ms)
✔ live Corp drift refuses before a request (24.0782ms)
✔ live room drift refuses before a request (16.2473ms)
✔ live mission drift refuses before a request (20.8245ms)
✔ live task drift refuses before a request (17.3862ms)
✔ live run drift refuses before a request (15.0432ms)
✔ live actor drift refuses before a request (16.5773ms)
✔ live source commit drift refuses before a request (19.8424ms)
✔ live verifier digest drift refuses before a request (22.6457ms)
✔ live artifact digest drift refuses before a request (16.4293ms)
✔ an accepted receipt with incomplete bounded evidence remains candidate (16.157ms)
✔ an observed manual gate must retain its native decision and decider (18.8528ms)
✔ missing native corpus evidence or mismatched actual bytes never borrows an unrelated accepted run (14.9731ms)
✔ typed envelopes, missing review bytes and requested independent review remain explicit candidates (17.361ms)
✔ UTF-8 reference bounds do not silently truncate valid longer advisory guidance (19.047ms)
✔ changed target ready status cannot be overwritten (23.2692ms)
✔ changed target existing run cannot be overwritten (20.0164ms)
✔ changed target contract version cannot be overwritten (22.8528ms)
✔ changed target budget cannot be overwritten (20.3088ms)
✔ changed target verifier cannot be overwritten (22.4691ms)
✔ changed target source cannot be overwritten (17.8795ms)
✔ changed target source connection cannot be overwritten (17.9244ms)
✔ changed target tools cannot be overwritten (15.3213ms)
✔ changed target Corp cannot be overwritten (16.1197ms)
✔ changed target room cannot be overwritten (25.2772ms)
✔ changed target origin cannot be overwritten (28.6782ms)
✔ repinned unauthorized proposal changes cannot alter anything except selected references (39.9831ms)
✔ wrong proposal hash, edited corpus/review/receipt, future or expired proposal fails before POST (24.1854ms)
✔ expired selected guidance is not rescued by the remaining proposal lifetime (26.5159ms)
✔ expiry crossing during live prechecks is repeated immediately before mutation (21.2647ms)
✔ one total operation deadline cannot be renewed by a slow target precheck (239.4398ms)
✔ duplicate-key or reformatted proposal JSON cannot masquerade as the prepared byte representation (19.9533ms)
✔ source drift after successful mutation is accurately retained as applied (18.7177ms)
✔ source access loss after mutation is never mislabeled refusal-before-effects (17.48ms)
✔ an HTTP error after a request is unknown without transaction-stage evidence and is not retried (17.1913ms)
✔ a contradictory successful response or changed native readback stays unknown (16.0926ms)
✔ exact native target projection refuses filtered context and preserves whole scope (13.118ms)
✔ file input requires selected exact bytes and fails closed on an oversized or malformed input (33.6097ms)
✔ feedback file reads accumulate short native reads before validating bytes (6.5364ms)
✔ feedback file truncate during short reads fails without a hash pin (4.6797ms)
✔ feedback file grow during short reads fails without a hash pin (4.9456ms)
✔ CLI preparation writes new review artifacts and an existing apply receipt refuses before network or effects (52.6108ms)
✔ CLI exits nonzero for refused adoption while preserving its JSON receipt (208.0874ms)
✔ CLI typed prepare explicitly selects the native file and apply has no path override (54.0775ms)
✔ retained native candidate cannot become saved-task guidance or a native revision (21.5694ms)
✔ forged locally activated native evidence cannot become saved-task guidance or a native revision (18.4809ms)
✔ native evidence mixed into an activated typed artifact cannot become saved-task guidance or a native revision (22.476ms)
✔ receipt whitelists metadata and distinguishes persisted acceptance from optional verifier digests (9.2905ms)
✔ native runner, model and ref metadata preserves valid punctuation, spaces, Unicode and UTF-8 limits (4.7747ms)
✔ native metadata keeps bounded invalid text and malformed source tuples out of receipts (17.9387ms)
✔ native source identity accepts uppercase hexadecimal commits and full bounded repository components (0.9092ms)
✔ published native refs and native MIME token punctuation are observed without a custom identifier alphabet (1.1657ms)
✔ historical evidence never borrows the current task verifier policy count (1.3554ms)
✔ conflicting or invalid run-bound check counts remain unknown (3.3894ms)
✔ missing and duplicate check indices cannot establish completeness; malformed indices fail (0.9652ms)
✔ receipt rejects mismatched run Corp (0.4824ms)
✔ receipt rejects mismatched task Corp (0.3458ms)
✔ receipt rejects mismatched mission Corp (0.1975ms)
✔ receipt rejects mismatched room Corp (0.2831ms)
✔ receipt rejects mismatched exact actor (0.2153ms)
✔ receipt rejects mismatched exact room (0.2089ms)
✔ receipt rejects mismatched exact mission (0.2297ms)
✔ receipt rejects mismatched evidence task (0.2565ms)
✔ receipt rejects mismatched event room (0.2546ms)
✔ receipt rejects mismatched partial source (0.2052ms)
✔ current-run rejects later same-task runs and tied times, retaining nanosecond ordering (1.0433ms)
✔ typed resume lineage requires same task and producer, and records unavailable ancestors honestly (1.9655ms)
✔ exact recovery count is run-bound; private policy and notes are omitted (0.5635ms)
✔ published-result binds its exact source artifact and hashes opaque source revisions (0.7398ms)
✔ published-result accepts an exact historical publication despite a later same-task run (0.9776ms)
✔ published-result refuses mismatched Factory mission (0.2914ms)
✔ published-result refuses mismatched deliverable task (0.4781ms)
✔ published-result refuses mismatched deliverable source base (0.4169ms)
✔ published-result refuses mismatched run deliverable digest (0.2962ms)
✔ published-result refuses mismatched publication run (0.298ms)
✔ published-result refuses mismatched provenance mission (0.4021ms)
✔ published-result refuses mismatched provenance source issue (0.3082ms)
✔ published-result refuses mismatched provenance target (0.4318ms)
✔ published-result refuses mismatched recorded PR head (0.3431ms)
✔ published-result refuses mismatched recorded PR repository (0.3353ms)
✔ published-result refuses mismatched recorded PR provenance (0.4079ms)
✔ byte verification rejects tampering and each missing or conflicting native response boundary (1.9232ms)
✔ receipt validator rejects extra content, contradictory acceptance, and mixed origin/artifact roles (3.9499ms)
✔ fingerprint tolerates observation timestamps and detects selected source, contract and artifact drift (2.5702ms)
✔ compiled native MCP export performs two captures and downloads only selected-origin artifact IDs (736.2347ms)
✔ artifact retention selection is bounded before reading host configuration (0.6663ms)
✔ compiled native evidence retains only explicitly selected verified bytes and preserves public receipt schema (434.7163ms)
✔ compiled native evidence rejects an unowned artifact selection before any artifact download (74.9577ms)
✔ compiled native evidence never returns retained bytes from a tampered artifact or changed source (219.5863ms)
✔ compiled native exporter keeps opaque runner/model/ref metadata out of every request route (153.604ms)
✔ compiled native export rejects state drift during its artifact read (162.3841ms)
✔ compiled native export rejects mismatched context before downloading artifacts (76.678ms)
✔ compiled native export refuses artifact redirects without forwarding credentials (85.7249ms)
✔ compiled native export rejects oversized bodies and withholds HTTP error content (143.294ms)
✔ compiled native export bounds a stalled exact-context body by its whole-operation timeout (1016.7405ms)
✔ receipt CLI writes a create-only metadata file and a compact redacted summary (712.7746ms)
✔ owned server requires matching executable, creation, endpoint, and workspace (2.5064ms)
✔ manual, remote, stale, or non-owned manifests never authorize restart (0.7286ms)
✔ Windows retains legacy timestamp tolerance and case-insensitive paths (0.4678ms)
✔ legacy Windows identity callers remain supported without weakening explicit checks (1.5745ms)
✔ Linux requires the exact boot/PID/start-tick, executable, cwd/root, and socket binding (2.998ms)
✔ Linux rejects malformed, legacy-Windows, and changed receipts (0.6338ms)
✔ every existing manual port remains denied on Windows and Linux and all loopback hosts (1.0248ms)
✔ remote, credentialed, missing-port, and malformed-scope endpoints fail closed (0.8359ms)
✔ only a complete scoped JSON object is a process receipt (0.7009ms)
✔ proc stat parses the final comm parenthesis and preserves 64-bit start ticks (1.0004ms)
✔ proc stat rejects wrong PID, truncated fields, malformed state, and invalid ticks (0.4759ms)
✔ Linux listener proof intersects the exact port and LISTEN state with PID-owned inodes (1.1811ms)
✔ malformed or unavailable proc network input supplies no ownership authority (0.6351ms)
✔ artifact recovery overrides are child-only and match native numeric bounds (0.6531ms)
✔ probe requires explicit scope and forwards only its scoped credential environment (3.5493ms)
✔ probe summary contains collection counts, never snapshot data or private paths (0.8266ms)
✔ probe permits HTTP only for normalized canonical loopback origins and requires HTTPS elsewhere (8.9996ms)
✔ recovery probe reports only native metadata and never infers missing capability or exposes policy (0.8089ms)
✔ recovery probe rejects malformed work-item IDs before spawning any gateway (0.8402ms)
✔ compiled recovery probe rejects impossible native numeric metadata and preserves exhausted authority (486.4748ms)
✔ compiled recovery tool makes exactly the selected authorized GET in both modes (145.9398ms)
✔ compiled recovery probe selects one context without reading the broad snapshot or exposing private fields (76.5162ms)
✔ compiled recovery tool refuses malformed IDs, extra scope or effect arguments before HTTP (110.7456ms)
✔ compiled recovery tool rejects mismatched Corp or work-item responses (289.6101ms)
✔ compiled recovery probe preserves authorization and not-found failures without private diagnostics (235.012ms)
✔ compiled recovery inspection never follows redirects in either gateway mode (143.8736ms)
✔ compiled recovery inspection caps HTTP bodies even in the legacy write-capable gateway mode (133.0296ms)
✔ compiled read-only MCP completes the real stdio handshake and makes only one scoped GET (73.2644ms)
✔ compiled MCP ignores notifications and denies mutating calls before HTTP while preserving the default catalog (116.6111ms)
✔ compiled MCP keeps malformed omitted-ID objects silent and effect-free (read-only) (74.1198ms)
✔ compiled MCP keeps malformed omitted-ID objects silent and effect-free (unrestricted) (65.4976ms)
✔ compiled probe withholds API error content and enforces its whole-probe timeout (1088.2903ms)
✔ compiled read-only inspection rejects redirects without contacting a second origin (125.4385ms)
✔ compiled read-only startup requires every routing variable before serving even initialization (202.0961ms)
✔ compiled read-only flag rejects command-line tokens (split option, CLI only) (70.3187ms)
✔ compiled read-only flag rejects command-line tokens (split option, CLI plus environment) (53.1734ms)
✔ compiled read-only flag rejects command-line tokens (equals option, CLI only) (70.3353ms)
✔ compiled read-only flag rejects command-line tokens (equals option, CLI plus environment) (53.396ms)
✔ compiled read-only flag accepts only the environment token and exposes the restricted catalog (64.6805ms)
✔ compiled read-only environment rejects command-line tokens (split option, CLI only) (56.3327ms)
✔ compiled read-only environment rejects command-line tokens (split option, CLI plus environment) (61.2074ms)
✔ compiled read-only environment rejects command-line tokens (equals option, CLI only) (65.0514ms)
✔ compiled read-only environment rejects command-line tokens (equals option, CLI plus environment) (52.4752ms)
✔ compiled read-only environment accepts only the environment token and exposes the restricted catalog (74.737ms)
✔ compiled unrestricted MCP preserves legacy CLI token precedence (split option) (138.8046ms)
✔ compiled unrestricted MCP preserves legacy CLI token precedence (equals option) (117.0544ms)
✔ compiled native read-only HTTP body rejects oversized declared length before end (200) (67.5218ms)
✔ compiled native read-only HTTP body rejects streamed overflow before end (200) (97.3246ms)
✔ compiled native read-only HTTP body rejects oversized declared length before end (403) (59.6506ms)
✔ compiled native read-only HTTP body rejects streamed overflow before end (403) (109.6872ms)
✔ compiled native HTTP body accepts the inclusive read-only limit and preserves unrestricted transport (737.1965ms)
✔ compiled native HTTP body preserves small successful and error response behavior (403.4967ms)
✔ native test discovery covers existing web, tooling and steward suites without fixtures (2.3332ms)
✔ empty discovery, invalid config and unknown groups fail closed (2.2162ms)
✔ CommonJS CLI integration tests join the same native Node runner (0.1887ms)
✔ review skill package tests remain enrolled when the independently reviewed skill lands (0.1988ms)
✔ Windows package-manager execution uses an explicit argument vector, never a shell (0.5792ms)
✔ full gate retains Rust, web and migration checks and adds Node/docs validation (0.3962ms)
✔ test results distinguish failed, passed, ignored and not-observed (0.6851ms)
✔ generated docs follow canonical command and version changes (0.7473ms)
✔ repair preserves authored prose, is idempotent, and refuses ambiguous blocks (0.6895ms)
✔ Windows CRLF checkout is not mistaken for documentation drift (0.3387ms)
✔ withholds all six source ACKs for each of two native automatic attempts (3.599ms)
✔ holds all quality ACK duplicates to the same 8-second deadline, preserving bytes (1.0956ms)
✔ gameplay and integration pass source ACKs unchanged (0.3562ms)
✔ native resume passes ACKs and does not consume a third automatic attempt (0.2814ms)
✔ non-source ACK, heartbeat, credential rotation, approval and lifecycle are opaque passthrough (0.3562ms)
✔ rejects foreign or unproven run, Corp and hash before fault decisions (0.9681ms)
✔ assignment rebinding cannot swap a different task, scope or command kind (2.0726ms)
✔ late-ACK release sends one exact original old-run frame once without retagging (0.6125ms)
✔ refuses manual-stack, wrong-repository and missing opt-in config (1.4324ms)
▶ real loopback WebSocket wiring: native schema, ordered forwarding, reconnection and redaction
  ▶ isolated concurrent fixture 1
    ✔ synthetic endpoints require live ownership without relaxing config guards (15.6376ms)
    ✔ persisted owner/name schema binds and stop cannot overtake a pending assignment (62.829ms)
    ✔ upload byte transparency, ACK withholding and metadata non-disclosure (68.6405ms)
    ✔ a stale snapshot/close callback cannot bind, send or close the replacement connection (182.6298ms)
  ✔ isolated concurrent fixture 1 (511.7719ms)
  ▶ isolated concurrent fixture 2
    ✔ synthetic endpoints require live ownership without relaxing config guards (11.5832ms)
    ✔ persisted owner/name schema binds and stop cannot overtake a pending assignment (64.0287ms)
    ✔ upload byte transparency, ACK withholding and metadata non-disclosure (67.9794ms)
    ✔ a stale snapshot/close callback cannot bind, send or close the replacement connection (180.2001ms)
  ✔ isolated concurrent fixture 2 (479.6633ms)
✔ real loopback WebSocket wiring: native schema, ordered forwarding, reconnection and redaction (512.8281ms)
✔ relocated doctor checks declared tools through native version commands without leaking ambient secrets or installing (1290.6877ms)
✔ wrong node version produces a failing CLI result (1151.5699ms)
✔ wrong pnpm version produces a failing CLI result (1120.3873ms)
✔ wrong rustc version produces a failing CLI result (1118.7557ms)
✔ wrong cargo version produces a failing CLI result (1148.6205ms)
✔ missing package manager fails without falling back to another host command (930.565ms)
✔ failed component probes suppress raw stdout and stderr (1130.9811ms)
✔ unrecognized version output is rejected without echoing the command response (1139.7109ms)
✔ an unavailable pinned rustup toolchain fails instead of installing or selecting stable (1175.2205ms)
✔ already selected direct Rust binaries can be verified without rustup (1215.1137ms)
✔ invalid .node-version declaration fails before any command runs (version) (186.8774ms)
✔ invalid package.json declaration fails before any command runs (version) (185.6749ms)
✔ invalid rust-toolchain.toml declaration fails before any command runs (floating Rust) (183.1449ms)
✔ invalid rust-toolchain.toml declaration fails before any command runs (component) (164.2728ms)
✔ unsupported CLI arguments fail before probing tools (160.2653ms)
ℹ tests 1281
ℹ suites 0
ℹ pass 1281
ℹ fail 0
ℹ cancelled 0
ℹ skipped 0
ℹ todo 0
ℹ duration_ms 57667.8188
