$ node --test --test-concurrency=2 --test-timeout=180000 "apps/web/src/**/*.test.mjs" "tools/*.test.mjs"
✔ editor preserves its accessible control names, preview hook, and all six check choices (57.4488ms)
✔ switching check types resets their incompatible fields and retains the rest of the policy (12.7364ms)
✔ every check-field callback retains the selected variant and unchanged checks (22.2733ms)
✔ adding and removing checks preserves tab selection, including external policy shrink and the empty state (17.7323ms)
✔ the 16-check add button limit and oversized-policy feedback are retained (13.3039ms)
✔ manual-gate transitions retain default role ordering, requester exclusion, and explicit removal (15.4336ms)
✔ preview keeps exact check order, manual-role labels, heading overrides, and requester-exclusion guidance (2.3365ms)
✔ Factory exact-run navigation replaces a remembered newer outcome before mission remount (5.494ms)
✔ run navigation ignores the duplicate activity marker in a hidden Factory tab (15.7896ms)
✔ artifact navigation chooses its exact producer while mission-only navigation preserves the current choice (1.7575ms)
✔ unavailable run/task/mission cannot overwrite remembered evidence or open another run (3.3674ms)
✔ storage failure or obsolete viewer fails closed before navigation (3.0918ms)
✔ explicit navigation writes only the selected viewer scope and only the run identity (1.4733ms)
✔ reload keeps the decided run instead of the other pending review or a newer worker (2.3943ms)
✔ remembered evidence is scoped to the API server, Corp, actor and mission (0.5392ms)
✔ missing remembered work never silently substitutes another visible review (0.3583ms)
✔ unreadable or malformed stored context requires explicit selection, not the next review (0.5883ms)
✔ a first visit is distinct from unreadable history; failed writes do not throw (0.4515ms)
✔ only the selected run ID is stored; reviews and authority never enter browser persistence (1.4041ms)
✔ MissionCard scopes remounts, pins initial evidence and fails closed when persistence fails (17.6476ms)
✔ issue210 only the explicit server flag adds correction to a native checkpoint (4.1981ms)
✔ issue210 verifier availability is independent of correction and missing availability preserves legacy behavior (1.7534ms)
✔ issue210 revision source is the exact server-selected verifier, with no cross-item fallback (0.7959ms)
✔ only native proof plus its cancellation marker exposes source-only checkpoint verification (0.4292ms)
✔ a running checkpoint needs no cancellation repair, and ordinary verification failure stays compatible (0.3451ms)
✔ missing/tampered source, checkpoint, head, active recovery or terminal outcome offers no new recovery (0.5188ms)
✔ context requests are not recovery grants and never depend on inferred mission spend/status (0.3561ms)
✔ copied command binding retains the saved connection and never falls back on malformed metadata (0.374ms)
✔ actual presentation selects the endpoint source, not the newest visible run or mission cancellation (190.9153ms)
✔ issue210 presentation separates provider-free verification from a budgeted same-session fix (45.6024ms)
✔ issue210 source-only and unavailable checkpoint presentations never suggest generic recovery (59.5794ms)
✔ actual context loader is GET-only and admits the exact item/version/mission checkpoint (59.2478ms)
✔ actual context loader rejects stale/cross-scope and malformed flags without snapshot fallback (229.5507ms)
✔ issue210 actual loader accepts boolean correction flags and defaults missing legacy authority closed (65.592ms)
✔ issue210 exact loader retains true, false and missing checkpoint availability without granting another mode (63.8656ms)
✔ actual UI action copies only explicit checkpoint verification with the original scope/connection (276.0373ms)
✔ issue210 actual correction action retains the original CLI route, source and connection (469.6114ms)
✔ issue210 actual card drops correction authority immediately when item, version or actor changes (460.8408ms)
✔ issue210 actual contract submission uses the scoped verifier, not its provider ancestor (58.081ms)
✔ issue210 editor loading, errors, stale context and denied correction cannot fall back or submit (374.6913ms)
✔ issue210 ordinary contract resume, redispatch and requester/role boundaries stay intact (158.2037ms)
✔ issue210 actual source-only context copies correction and revises the exact verifier; no-mode context does neither (322.2649ms)
✔ actual resume handler and rendered provider control respect native recovery blocking (10.8583ms)
✔ actual App Resume control survives an ineligible ordinary Factory recovery lookup and uses the native actor-bound POST (399.7816ms)
✔ issue221 explicit provider-correction permission permits null head without granting checkpoint or generic resume (1.3825ms)
✔ issue221 actual context reader retains null head/current provider proof and malformed heads remain non-actionable (505.2258ms)
✔ issue221 actual copy/revision actions use only source correction for the latest failed provider with null head (401.3617ms)
✔ wrong-first legacy Project 174 cannot displace the selected live lab controller (9.685ms)
✔ every Project/repository/Corp component must match, even with an active-item pointer (0.619ms)
✔ GitHub owner/repository case and surrounding whitespace normalize independently (0.312ms)
✔ missing/malformed scope is neutral rather than an empty-scope match (0.3219ms)
✔ the exact active item wins among live controllers in the same scope (0.5089ms)
✔ a current live scope match wins over a stale offline active-item pointer (0.3287ms)
✔ with only offline matches, retain the exact item rather than crossing scope (0.3874ms)
✔ without an item, prefer useful live intake in the current Corp (2.4724ms)
✔ empty/no-match and unavailable explicit selections never borrow another controller (0.4227ms)
✔ heartbeat freshness and stable ID break ties without using array order or mutating inputs (1.8825ms)
✔ snapshot refresh and selected scope changes return the exact new ID/version object (0.3353ms)
✔ the actual FactoryPanel resolver feeds displayed state and both action callbacks (25.1072ms)
✔ the actual component guards controller actions, retains role gating and passes the same callback (17.4747ms)
✔ the actual API action handler targets the resolved controller ID and version for all actions (89.0899ms)
✔ the production handler preserves the existing ID-scoped idempotency/version on a lost response (27.8394ms)
✔ primary_rate_limit has a reader-facing reason and an automatic future retry (31.9965ms)
✔ secondary_rate_limit has a reader-facing reason and an automatic future retry (1.2475ms)
✔ graphql_quota has a reader-facing reason and an automatic future retry (1.1509ms)
✔ github_unavailable has a reader-facing reason and an automatic future retry (2.009ms)
✔ quota, cost and timestamps come from the snapshot, not derived or default budgets (1.2753ms)
✔ equivalent offset timestamps have the same local retry time and boundary (1.0876ms)
✔ at or after the retry deadline, waiting is not presented as a successful retry (1.8463ms)
✔ zero remaining, limit, query cost and failures remain real zeros (0.9035ms)
✔ paused desired state wins without rewriting controller health or promising a retry (1.2967ms)
✔ offline health wins over polling metadata, including an elapsed retry (1.1862ms)
✔ paused and offline together retain both conditions and existing paused precedence (1.1311ms)
✔ absent legacy polling leaves the old strip intact and never fabricates a wait (0.3764ms)
✔ missing or malformed backoff data is unavailable, never zero or an invented deadline (0.6012ms)
✔ invalid values are not coerced to numbers or dates and unknown reasons are not rendered raw (3.6489ms)
✔ partial quota data preserves observed zeros while missing fields remain unavailable (0.6208ms)
✔ healthy telemetry does not infer a backoff from a zero quota or failure count (1.2108ms)
✔ UI integration remains read-only, accessible, and uses existing controller controls (22.2816ms)
✔ line normalization preserves argument boundaries, literal punctuation, and duplicate values (2.8402ms)
✔ role entry supports commas and CRLF without silently deduplicating or authorizing roles (0.5778ms)
✔ mission projection retains exact task, runner and human control attribution (4.1469ms)
✔ foreign tasks and same-ID foreign-Corp runners cannot supply collaboration state (0.4283ms)
✔ offline retains work without advertising live control or termination (0.5858ms)
✔ connecting retains work without advertising live control or termination (0.4389ms)
✔ a failed snapshot refresh retains exact work without advertising live controls (0.4831ms)
✔ invalid snapshot receipt NaN cannot advertise live controls (0.3098ms)
✔ invalid snapshot receipt Infinity cannot advertise live controls (0.2456ms)
✔ invalid snapshot receipt 0 cannot advertise live controls (0.2075ms)
✔ invalid snapshot receipt -1 cannot advertise live controls (0.3054ms)
✔ expired/malformed lease 2026-09-16T11:59:00Z cannot claim a controller (0.4687ms)
✔ expired/malformed lease 2026-09-16T12:00:00Z cannot claim a controller (0.3367ms)
✔ expired/malformed lease bad cannot claim a controller (0.196ms)
✔ verifying has recorded evidence but no provider controls (0.3738ms)
✔ completed has recorded evidence but no provider controls (0.1956ms)
✔ lost has recorded evidence but no provider controls (0.193ms)
✔ cancelled has recorded evidence but no provider controls (0.1518ms)
✔ a provider-free run and a superseded agent assignment expose no live controls (0.3189ms)
✔ runner grace and offline remain distinct; neither supplies human presence (0.2587ms)
✔ review links bind exact run/task and explain role and requester exclusion (0.5002ms)
✔ missing and historical identities never become fabricated named owners or current controllers (0.2721ms)
✔ draft cache survives surface remounts but never crosses Corp/actor/room/mission (0.3999ms)
✔ actual component navigation only requests exact context; rendering sends no commands (15.5941ms)
✔ actual disconnected component retains readable evidence with an explicit warning (2.2416ms)
✔ actual failed-refresh component distinguishes stale data from a disconnected transport (1.916ms)
✔ actual component rejects missing receipt freshness and restores controls after a successful refresh (5.479ms)
✔ App preserves main snapshot metadata and exact-run navigation while passing numeric receipt freshness (9.2868ms)
✔ App embeds existing scoped discussion and pins evidence before exact-run navigation (3.3677ms)
✔ late completion notifies remounted composers without clearing a newer or same-text draft (0.8213ms)
✔ late operation acknowledgment cannot clear a replacement idempotency key (205.4152ms)
✔ actual App selection never substitutes another mission after the selected record disappears (124.7016ms)
✔ actual briefing navigation has a visible destination for legacy empty descriptions (111.0574ms)
✔ verification checks do not change launch intent (1.9543ms)
✔ review navigation cannot turn its click into a form submission (0.3904ms)
✔ ordinary application setup cannot silently fall back to the fake runtime (0.6478ms)
✔ composer uses two clear steps and starts with an empty goal (0.3682ms)
✔ advanced settings and detailed requirements are optional disclosures (1.0166ms)
✔ closing setup preserves the draft and returns to existing mission context (0.8558ms)
✔ explicit links to existing work reveal it without erasing an open draft (0.6794ms)
✔ native creation and explicit held-plan behavior remain unchanged (0.3803ms)
✔ review keeps the exact source and current server-derived allocation visible (0.5299ms)
✔ scope requires four explicit bounded identities and cannot mutate after submission (3.8853ms)
✔ current origin binds the exact view instance, not just equal IDs (0.5412ms)
✔ read issues exactly one encoded, uncached GET with cancellation and no body (12.7268ms)
✔ Direct accepts only exact returned linkage and drops unexpected hidden fields (1.5994ms)
✔ Factory retains only the validated work item, repository, issue number and exact URL (122.5369ms)
✔ all four response identities must echo the bound request exactly (34.7395ms)
✔ missing, malformed and older origin responses never become Direct (3.0398ms)
✔ Factory fields are required and null or missing metadata is never partly accepted (3.9658ms)
✔ Factory rejects invalid work-item identities, repository paths and issue numbers (3.5259ms)
✔ only the raw HTTPS GitHub issue URL matching returned repository and number is accepted (4.4199ms)
✔ mixed-case owner/repository URLs match normalized identity and retain display case (3.09ms)
✔ valid case-preserving repositories and positive safe issue numbers remain verbatim (1.3225ms)
✔ old endpoints, denied authorization and transport failures stay unavailable without raw errors (2.2666ms)
✔ a synchronous API failure is contained and clears the read timer (0.9224ms)
✔ timeout aborts an unsettled read and suppresses both late success and late failure (1.0092ms)
✔ a settled success or failure cannot be overwritten by an already queued timeout (0.8202ms)
✔ cancellation before the scheduled read prevents even the GET (0.8096ms)
✔ in-flight cancellation ignores transports that resolve or reject after abort (0.8522ms)
✔ component reads once for a valid view and renders truthful Direct copy in one styled paragraph (16.0878ms)
✔ component links only a fully validated Factory response, not extra returned fields (3.3175ms)
✔ all four operating roles may read; guests, spectators and unknown roles never request context (15.0407ms)
✔ invalid or absent scope props render the conservative fallback without requesting (16.9167ms)
✔ failed exact reads preserve #185 positive or unknown fallback without inventing links or hiding failure (13.5162ms)
✔ a failed origin lookup can be retried explicitly without changing the work identities (5.8552ms)
✔ Corp, actor, room and mission changes hide old success and errors before effect cleanup (14.429ms)
✔ late success and errors from a replaced request cannot update the current component (17.0871ms)
✔ leaving and returning to identical IDs cannot revive an earlier success or failure (3.5115ms)
✔ same-ID reopened pending requests ignore the original response and error after current denial (3.5203ms)
✔ a guest transition revokes displayed source data and returning operators must read again (1.9417ms)
✔ operating-role and API changes also invalidate old privileged context (2.7431ms)
✔ unmount cancels the read and a fresh mount with identical IDs cannot inherit its outcome (2.8366ms)
✔ one builder preserves the complete current creation payload and retained settings (6.6851ms)
✔ provider defaults, supported reasoning and commit-branch semantics match submission (0.4248ms)
✔ existing deterministic fixture semantics are not converted into provider settings (0.7519ms)
✔ scope freezes the exact serialized body and rejects an actor mismatch (1.3188ms)
✔ every request field, Corp and actor invalidate an earlier quote (1.6752ms)
✔ preview debounces, uses the exact creation body, and calls only the read-only preview POST (14.7327ms)
✔ an edit or closing the composer before debounce starts no request (0.5184ms)
✔ an invalidated request is aborted and cannot publish a late successful quote (1.9354ms)
✔ late errors after actor/Corp change or unmount cannot replace the new preview (1.4035ms)
✔ editing away and back still requires a fresh request, not a revived quote (1.3514ms)
✔ allocations are displayed verbatim from the server, not a frontend Studio formula (1.0404ms)
✔ missing or mismatched quote fields never become a current allocation (2.15ms)
✔ an absent preview endpoint gives a useful failure state without inventing allocations (1.3257ms)
✔ preview response is bounded to eight tasks without reallocating server budgets (1.1471ms)
✔ unknown, self, duplicate and oversized dependency references remain unknown allocations (1.1426ms)
✔ retry clears an old failure immediately and can accept a fresh quote (2.1827ms)
✔ timeout clears the quote, aborts the request and ignores a late response (1.0538ms)
✔ App shares the request body, invalidates keyed preview instances and retains native Launch (6.5415ms)
✔ mission selection and Discuss use the authoritative non-first owning room (3.0254ms)
✔ mission, task, run and artifact deep links resolve to the same owning room (0.4989ms)
✔ an explicit room deep link and all-discussion view stay in that room (1.5583ms)
✔ stale, missing and older mission/room projections never fall back to the first room (0.3387ms)
✔ related work is limited to the selected room and mission, not a fixed item count (2.1158ms)
✔ messages are room-filtered before mission links and out-of-order reply ancestry (0.9626ms)
✔ valid room, mission and inherited reply submissions retain the same scope (0.7729ms)
✔ stale actor, Corp, room and mission scopes cannot submit or complete a newer draft (0.4409ms)
✔ a disappearing mission or owning room fences previously valid submissions (0.448ms)
✔ foreign, missing or stale links and replies cannot silently become general comments (0.7608ms)
✔ guest-shaped and missing Factory projections do not establish Direct origin (0.859ms)
✔ a mission older than the 500-item Factory window remains origin-unknown (0.4758ms)
✔ a positively matched visible Factory item retains its issue attribution (0.2723ms)
✔ known publication/recovery linkage is generic when intake details are unavailable (0.5068ms)
✔ projection helpers preserve the authoritative input and do not retain hidden origin data (0.4484ms)
✔ the UI uses the tested projection and submission helpers on both discussion entry paths (62.3503ms)
✔ scope requires every explicit identity and repository and freezes the view generation (5.4591ms)
✔ the exact scope object, not equal IDs or a prior A -> B -> A view, selects the load (0.8104ms)
✔ one encoded GET is uncached, abortable and body/header/credential free (24.1019ms)
✔ published DTO retains only bound result metadata and leaves raw input untouched (2.6198ms)
✔ only explicit null publication in a correctly scoped response is known absence (4.3012ms)
✔ item and publication scope mismatches never expose links or known absence (12.1659ms)
✔ publication source issue matches the work item without equating authorizer, revisions or checkpoint generations (1.7645ms)
✔ publication and artifact identity tuples plus full digests must all match (4.8804ms)
✔ missing, duplicate and unrelated-first deliverables cannot substitute a result (1.4542ms)
✔ native provenance identity, source/target branches and digests are checked without retaining authority (12.8311ms)
✔ raw GitHub PR URLs allow native slash suffixes but retain exact repository and number checks (6.7394ms)
✔ owner/repository display case is preserved while full hex values compare by bytes (1.0372ms)
✔ PR state, exact head, owner, recorded metadata and phase cannot contradict each other (3.4129ms)
✔ download metadata rejects controls, external/native paths, malformed hashes and invalid sizes (16.5825ms)
✔ pending, PR-created, published and failed publication are distinct without claiming a live app (4.1541ms)
✔ only a different valid pinned run is a mismatch; same-run contradictions stay unavailable (2.1075ms)
✔ loading, denied and stale contexts cannot become a result or known absence (0.8932ms)
✔ denials, missing endpoints and sync/async transport failures stay unavailable without raw errors (2.3967ms)
✔ timeout aborts and suppresses late successes and failures without retries (1.3221ms)
✔ queued timeout callbacks cannot overwrite a settled success, absence or denial (1.9465ms)
✔ cancellation before start issues no GET; in-flight cancellation publishes no late data (4.1966ms)
✔ new same-ID generation remains unavailable after denial despite a prior response completing later (3.7124ms)
✔ fresh human-only bootstrap can select a runner runtime before any crew exists (4.2673ms)
✔ retired and legacy identities neither enable nor suppress advertised runtimes (0.4898ms)
✔ studio requires the exact selected source on a connected runner, not another repository (0.569ms)
✔ source repository and commit matching are case-insensitive but ref matching is exact (0.3513ms)
✔ unavailable runtimes and non-runtime capabilities are not mission options (1.6056ms)
✔ catalog merging prefers an enabled model without changing the source snapshot (0.8316ms)
✔ unscoped status and crew include ready connection-bound runtimes, but dispatch keeps its exact binding (1.2657ms)
✔ studio always selects Copilot even when another runtime was requested (0.2734ms)
✔ studio does not fall back to another provider or an unavailable Copilot runtime (0.6206ms)
✔ solo selection and deterministic fixtures retain their runtime contracts (0.5074ms)
✔ a disappearing explicit runtime cannot silently switch provider with stale model settings (0.3216ms)
✔ studio uses enabled Copilot model settings or an explicit provider default (0.3919ms)
✔ fixtures ignore hidden provider model settings (0.1726ms)
✔ normal UI bootstrap opts out of seeded crew without changing fixture tooling (19.2835ms)
✔ runtime character descriptors match the shipped manifest, PNG dimensions, and original file bytes (42.3908ms)
✔ named characters and stable worker identities retain their appearance across reordered snapshots (1.4588ms)
✔ numeric roster positions wrap without producing missing characters, and invalid numbers use the default (1.4883ms)
✔ walking uses the original three poses in a 0,1,2,1 cycle at the 150ms boundaries (0.8137ms)
✔ idle, typing, reading and facing use the actual source-sheet rows and columns (0.4995ms)
✔ invalid or negative animation time selects the first pose without invalid source coordinates (0.2703ms)
✔ every animation and direction remains inside a real sheet after long-running animation (0.6486ms)
✔ default floor distinguishes connected workers from offline and test registrations (6.2349ms)
✔ omitted and null retirement fields keep legacy and mission identities available (0.4469ms)
✔ every non-null retirement excludes an identity regardless of pin, date, or reported work (1.7496ms)
✔ retired identity remains resolvable in the unmodified historical snapshot (0.3742ms)
✔ retiring the selected agent falls back to current crew, including the empty-roster case (0.349ms)
✔ pagination filters retirement before assigning seats without mutating order (0.6752ms)
✔ idle does not become working or reviewing from a stale station or pending run request (0.411ms)
✔ working and blocked status still derive from exact server state and current-run requests (0.3013ms)
✔ #154: a selected worker on a later studio is located on initial mount and selection changes (0.4713ms)
✔ #154: studio lookup follows retirement repagination, not stale seat indexes (0.6246ms)
✔ #154: manual paging survives snapshots, but another selected agent resets page and zoom (0.668ms)
✔ #154: retirement moving the selected agent to a different page resets the camera (0.2964ms)
✔ #154: mounting or remounting the same starting run never fabricates an arrival (0.2369ms)
✔ #154: only an observed new active run can animate once, and reduced motion wins (0.3669ms)
✔ #154: blocked work takes recovery priority over both idle and ordinary active work (0.612ms)
✔ #154: exact approvals keep priority, and only an unblocked empty floor offers new work (0.2786ms)
✔ history inspectors retain the full snapshot while the floor uses current identities (21.2352ms)
✔ Factory activity prioritizes the exact outcome review, then tool approval, before newer work (4.4615ms)
✔ selection ignores terminal, denied and foreign tool approvals without inventing a run (0.3784ms)
✔ terminal runs cannot become reviewable or active from dangling pending decision records (41.6363ms)
✔ live task, agent, control, timestamps and safe activity come from one scope without mutation (2.1619ms)
✔ a stale Running intake never claims that a cancelled provider is active (1.9494ms)
✔ pending exact-run outcome review is distinct from an active provider and completion (0.9066ms)
✔ tool authority and unavailable decision context do not become outcome approval (2.3107ms)
✔ a completed run is not automatically a completed mission or published application (1.8111ms)
✔ retained data cannot claim current execution: {"connection":"offline"} (1.202ms)
✔ retained data cannot claim current execution: {"connection":"connecting"} (1.206ms)
✔ retained data cannot claim current execution: {"snapshotFailed":true} (0.7687ms)
✔ retained data cannot claim current execution: {"snapshotReceivedAt":null} (0.4891ms)
✔ grace, offline and wrong-Corp runner records cannot establish provider liveness (1.6806ms)
✔ runner loss and uncertain teardown remain unknown until a positive termination receipt (3.4244ms)
✔ verifier-only runs never appear as a running model (0.7405ms)
✔ quarantine and protected stops stay prominent even with stale transport (1.7507ms)
✔ failed verification, cancelled work and unknown execution modes remain explicit (1.6409ms)
✔ missing, duplicate or foreign task context cannot fall back to another run (0.9896ms)
✔ activity is scoped, deduplicated, ordered, bounded and never reveals raw payloads (3.4779ms)
✔ missing start, invalid clocks and backwards timestamps do not invent a duration (1.4097ms)
✔ expired leases and foreign attribution do not display an active controller (1.3544ms)
✔ actual React detail component reuses current classes, native disclosure and escaped text (24.3907ms)
✔ the Factory integration uses the existing exact-run selector, scoped snapshot and old callbacks (3.0035ms)
✔ a burst of 1000 streamed events schedules one snapshot instead of 1000 requests (2.6151ms)
✔ events arriving during a request produce exactly one trailing snapshot (8.2958ms)
✔ the final event during the trailing request is not dropped (5.9316ms)
✔ disposing before a scheduled refresh prevents any fetch (0.6589ms)
✔ disposing an actor/Corp scope aborts its request and drops trailing work (4.7356ms)
✔ refresh failures are handled and a later event can still refresh (1.1132ms)
✔ a disposed scope does not report an obsolete aborted read as a new UI error (1.0651ms)
✔ websocket events use the coalescer and cleanup cancels its read scope (6.8907ms)
✔ initial connection is bounded, cancellable and offers retry rather than mission restart (5.3646ms)
✔ actual App presence polling only runs for open connection-dependent views, without reconnecting the event socket (308.5768ms)
✔ artifact defaults retain the current wire shape and do not share mutable values (3.5894ms)
✔ file defaults retain the current wire shape and do not share mutable values (0.2897ms)
✔ command defaults retain the current wire shape and do not share mutable values (1.4873ms)
✔ test defaults retain the current wire shape and do not share mutable values (0.2974ms)
✔ json_schema defaults retain the current wire shape and do not share mutable values (0.2938ms)
✔ screenshot defaults retain the current wire shape and do not share mutable values (0.2195ms)
✔ check summaries preserve paths, argument boundaries, byte floors, JSON keys, and rounded timeouts (32.5512ms)
✔ array summaries distinguish item boundaries and preserve exact argument and key values (0.5895ms)
✔ byte-counted summaries use singular byte only for the one-byte floor (0.7405ms)
✔ empty and oversized policies remain invalid, with the 16-check boundary accepted (18.6026ms)
✔ invalid byte floor 0 is reported for every byte-counted check (0.629ms)
✔ invalid byte floor -1 is reported for every byte-counted check (0.202ms)
✔ invalid byte floor NaN is reported for every byte-counted check (0.2297ms)
✔ invalid byte floor Infinity is reported for every byte-counted check (0.1509ms)
✔ validation preserves check order and reports missing paths, programs, timeout bounds, and JSON keys (0.6404ms)
✔ manual gates require allowed roles without changing requester-exclusion semantics (0.4192ms)
✔ preserves the existing advisory-validator scope; server schema/path authorization remains authoritative (1.0415ms)
✔ check transformations create new drafts while retaining unchanged evidence checks and gate identity (0.5295ms)
✔ gate transitions preserve checks and retain current deliberate resets even when reselecting a gate type (0.6087ms)
✔ verification labels retain their current wording and fallback formatting (1.2325ms)
✔ WorkResultCard exposes its status and supplied content with metadata collapsed by default (19.6001ms)
✔ ready PR retains its exact URL and only an explicit download invokes the matching callback (19.1522ms)
✔ loading, unavailable and no-publication states do not fabricate a PR or perform actions (8.562ms)
✔ a historical review mismatch changes selection only through explicit Go to delivered result (4.5774ms)
✔ an unavailable delivered-run target preserves the historical selection and only offers refresh (287.3993ms)
✔ a failed publication with a recorded PR remains inspectable without being labeled Published (8.4378ms)
✔ Published is not merged or deployed and its collapsed details never invent a running preview (11.4855ms)
✔ expired artifact retention does not hide an existing PR or replace server download validation (18.0773ms)
✔ actual hook hides prior result before cleanup and aborts on each exact scope change (72.9128ms)
✔ actual hook fences late success and failure before cleanup and after replacement (29.6044ms)
✔ actual hook close and reopen with identical IDs cannot revive old ready or pending data (31.1603ms)
✔ actual hook treats positive revision as one refresh hint and never retries failure on render (62.9067ms)
✔ actual App origin-unavailable branch offers manual Refresh work context with no PR CTA (18.3203ms)
✔ actual App first-hop retry exposes the authorized result without moving pinned evidence (42.2398ms)
✔ actual App fallback reports unavailable review details for an unresolved run or request (21.185ms)
✔ actual work pickers retain a deep-linked historical mission outside the recent eight (122.7522ms)
✔ actual work pickers do not duplicate a recent selection or invent an absent mission (131.215ms)
✔ related work includes the third mission, task, run and artifact (3.3326ms)
✔ work links name the actual work rather than presenting only opaque IDs (0.3933ms)
✔ related options deduplicate repeated snapshot references (0.3349ms)
✔ mission discussion retains nested replies, including out-of-order snapshots (1.6872ms)
✔ task, run and artifact comments inherit the owning mission only (0.4372ms)
✔ unlinked cycles and missing ancestors cannot manufacture mission context (0.3284ms)
✔ context helpers leave authoritative messages and work objects unchanged (0.375ms)
✔ work selection follows the owning authorized mission and rejects unknown links (0.4161ms)
✔ human review and automated verification are not advertised as live model sessions (0.3922ms)
✔ enterprise task labels explain the legacy studio lane keys (0.556ms)
✔ review eligibility explains requester exclusion without bypassing the policy (0.6747ms)
✔ a pending evidence review selects its run rather than a newer active worker (0.3709ms)
✔ a tool-approval wait cannot hide a different pending evidence review (0.1892ms)
✔ review selection rejects mismatched tasks, terminal runs and non-pending requests (0.3538ms)
✔ explicit evidence selection stays bound to that run and cannot inherit another review (0.2881ms)
✔ unselected evidence follows remaining reviews and retains snapshot order without mutation (0.2925ms)
✔ a decided run remains selected until the operator deliberately chooses the next review (0.2117ms)
✔ mission UI binds evidence and decisions and pins the target before submitting (29.0223ms)
✔ runner revision is stable for reordered equivalent records without sorting the input (3.8056ms)
✔ runner revision ignores heartbeat, display and capability churn (0.4271ms)
✔ runner revision changes only when lifecycle identity or presence records change (0.3954ms)
✔ offline presence requests revalidation without rewriting endpoint readiness (0.4426ms)
✔ reconnect mismatch remains a hint until the endpoint itself returns ready presence (0.4329ms)
✔ unknown presence is false and same-ID foreign runners cannot supply presence (1.6616ms)
✔ presence hints never promote or erase native sign-in and installation states (0.9502ms)
✔ revision and presence helpers leave source, models, identity and selection immutable (0.9529ms)
✔ saved choice and source remain present while its machine is offline (0.4416ms)
✔ ready metadata alone cannot borrow another connection or source for dispatch (0.627ms)
✔ connection UI identity is scoped to actor and room (0.2825ms)
✔ native sign-in instructions cannot navigate to another host or credential-bearing URL (0.3301ms)
✔ accepts matching current contracts, aliases, CRLF and historical prose outside markers (166.1654ms)
✔ rejects added source validation command and reports expected and actual (127.1777ms)
✔ rejects removed source validation command and reports expected and actual (107.7388ms)
✔ rejects reordered source validation command and reports expected and actual (90.089ms)
✔ rejects changed documented commands; correcting the documented sequence restores passing (169.436ms)
✔ accepts quoted literal Node globs through aliases while preserving quoted versus shell-expanded arguments (143.7231ms)
✔ rejects a source SDK bump until both current compatibility docs are updated (93.329ms)
✔ rejects a source CLI bump until both current compatibility docs are updated (367.3837ms)
✔ rejects missing opening marker instead of silently dropping a required documentation contract (215.6521ms)
✔ rejects missing closing marker instead of silently dropping a required documentation contract (83.9364ms)
✔ rejects duplicate block instead of silently dropping a required documentation contract (61.4028ms)
✔ rejects reversed markers instead of silently dropping a required documentation contract (75.8768ms)
✔ rejects inline marker instead of silently dropping a required documentation contract (92.7389ms)
✔ requires every current runtime contract and a single SDK and CLI claim inside each (68.3251ms)
✔ rejects missing root alias in the authoritative command sequence (91.6678ms)
✔ rejects cyclic root aliases in the authoritative command sequence (92.3949ms)
✔ rejects shell pipeline in the authoritative command sequence (83.0012ms)
✔ rejects quoted shell expansion in the authoritative command sequence (86.8599ms)
✔ rejects empty command in the authoritative command sequence (78.7079ms)
✔ rejects unsupported alias arguments in the authoritative command sequence (73.2308ms)
✔ rejects unknown documented aliases and malformed command fences (77.7277ms)
✔ reports missing required documents and an invalid source manifest without silently skipping them (89.9861ms)
✔ fails closed for unconstrained SDK dependency (58.2747ms)
✔ fails closed for SDK pin in wrong table (58.4158ms)
✔ fails closed for duplicate SDK declaration (55.2682ms)
✔ fails closed for missing named runtime constant (76.3302ms)
✔ fails closed for duplicate runtime constant (75.9195ms)
✔ relocated CLI resolves its own repository, executes no documented command, and exits nonzero for drift (418.1092ms)
✔ checkpoint fixture produces a complete, independently tested local application (448.4126ms)
✔ read-only executable hashing accepts Cargo/Git hardlinks without relaxing source isolation (26.0769ms)
✔ exact terminal metadata produces actionable failure and missing-evidence findings using GET only (30.3403ms)
✔ listed artifact is run-scoped metadata and never establishes content or attempt verification (3.0591ms)
✔ refuses active parent (1.3507ms)
✔ refuses wrong repository (0.5398ms)
✔ refuses foreign head repository (0.6736ms)
✔ refuses different workflow (0.568ms)
✔ refuses different head (0.4656ms)
✔ refuses different attempt (0.4786ms)
✔ refuses job from other attempt (1.1904ms)
✔ refuses job from other head (1.5547ms)
✔ refuses duplicate job (0.8907ms)
✔ refuses unfinished job (0.5275ms)
✔ refuses foreign artifact (0.6488ms)
✔ refuses excess artifacts (2.3084ms)
✔ complete bounded job pagination is required and supported (14.887ms)
✔ pagination total drift and final run drift refuse a completed observation (2.4409ms)
✔ expired artifacts and unexplained parent failure remain reviewable rather than passing (1.7477ms)
✔ same-source replay is a no-op; changed facts retain revisions and mark no-longer-observed findings (5.5473ms)
✔ previous hash tampering refuses before network reads (0.4191ms)
✔ forged previous findings fail integrity or semantic reconstruction; source changes require a new scope (4.5679ms)
✔ newer prior observations and attempts do not flow backward (4.6928ms)
✔ secret-bearing fields and supplied links never enter a receipt or executable Markdown (1.784ms)
✔ native read budget rejects alternate endpoints, oversized metadata and late responses (2.7279ms)
✔ omitting all required jobs cannot turn one replacement success job into a complete maintenance result (1.1613ms)
✔ required skipped job needs review even when an earlier run artifact is listed (1.0996ms)
✔ required neutral job needs review even when an earlier run artifact is listed (0.8559ms)
✔ failed GETs consume the finite shared admission budget without retries (1.9109ms)
✔ CLI writes new bounded files and refuses output reuse; failures retain no raw API error (75.4716ms)
✔ hosted context binds default observer branch, event and exact parent; local mode makes no hosted claim (17.0721ms)
✔ CLI accepts only bounded exact selection and a complete prior pin (1.0497ms)
✔ CI workflow: exact Windows runner failure produces a scoped read-only handoff (2.1651ms)
✔ CI workflow: complete successful jobs need only their own declared report artifacts (1.3612ms)
✔ CI workflow: required artifact-free jobs remain required and must execute (1.1139ms)
✔ Repository checks retains its published contract and previous-receipt no-op semantics (2.839ms)
✔ CI completeness refuses skipped artifact-free required jobs (1.6034ms)
✔ CI completeness refuses neutral artifact-free required jobs (2.5351ms)
✔ CI completeness rejects replacement jobs and requires only CI report metadata (3.2282ms)
✔ CI observation is not a parent-pass claim and does not inspect diagnostic artifacts (2.4903ms)
✔ workflow profiles cannot reuse each other's receipts even at the same source (6.8416ms)
✔ CI identity refuses unknown workflow path (0.5736ms)
✔ CI identity refuses workflow-ID substitution (0.3914ms)
✔ CI identity refuses workflow-name substitution (0.3433ms)
✔ CI identity refuses workflow-path substitution (0.3904ms)
✔ CI identity refuses foreign repository (0.3628ms)
✔ CI identity refuses fork head repository (1.1708ms)
✔ CI identity refuses wrong source head (0.3019ms)
✔ CI identity refuses wrong attempt (0.2586ms)
✔ CI identity refuses active CI parent (0.2578ms)
✔ reader allowlist admits exactly the two workflow metadata routes (0.4818ms)
✔ hosted CI event binds workflow identity to the selected native parent (95.5991ms)
✔ workflow trigger keeps trusted observer checkout and read-only scopes for both producers (4.7593ms)
✔ consumer rereads native state using trusted routing and tolerates only observation timing changes (8.4697ms)
✔ consumer refuses task contract revision drift in a fresh observation (2.2985ms)
✔ consumer refuses source base commit drift in a fresh observation (1.3108ms)
✔ consumer refuses verifier digest drift in a fresh observation (1.1396ms)
✔ consumer refuses another actor scope drift in a fresh observation (1.6054ms)
✔ explicit run and mode selections fail before contacting a server (0.802ms)
✔ denied or unavailable current data does not fall back to a previously passing receipt (0.4566ms)
✔ a matching failed native outcome cannot be consumed as accepted completion (0.7234ms)
✔ file consumption requires the exact expected byte hash and a bounded valid receipt (56.8543ms)
✔ receipt file reads accumulate short native reads before validating bytes (39.4623ms)
✔ receipt file truncate during short reads fails before parsing (7.206ms)
✔ receipt file grow during short reads fails before parsing (16.2614ms)
✔ framed stat metadata survives arbitrary chunk boundaries without payload disclosure (3.9486ms)
✔ unrelated RPCs and read-file contents are not recorded (1.6783ms)
✔ a response ID type change is visible without recording identifier values (0.7361ms)
✔ oversized frames are skipped without parsing nested payload text as requests (0.6793ms)
✔ optional wire observation forwards exact bytes and drains the child (366.546ms)
✔ a matching request needs a durable rejection and settled run (1.9251ms)
✔ terminal provider without permission is inconclusive, never a pass (1.5705ms)
✔ a rejected but unrelated permission does not satisfy the requested boundary (0.2387ms)
✔ approval acceptance, expiry or missing persisted decision cannot pass (0.3951ms)
✔ a decision or final run from another identity is rejected (0.2682ms)
✔ a provider that has not settled cannot pass the boundary (0.2041ms)
✔ all independent boundary results are required for complete coverage (1.482ms)
✔ later passing cases remain visible after an earlier inconclusive case (0.3597ms)
✔ duplicate, unknown and malformed results cannot manufacture complete coverage (1.7347ms)
✔ accepts an exact seed and credential-free children of the owned runner (4.69ms)
✔ a marker elsewhere or an arbitrary GITHUB_TOKEN is not a proven seed (1.7653ms)
✔ absent, ambiguous or foreign runner seed records cannot establish the precondition (1.4164ms)
✔ runner seed booleans must be explicit, not truthy or absent (1.5172ms)
✔ missing spawn and undefined parent IDs cannot accidentally correlate (0.5968ms)
✔ runner spawn must be unique, current and tied to the owned observer (1.0717ms)
✔ a seed observed only after runner spawn cannot prove the launch precondition (0.3966ms)
✔ missing or foreign provider observations cannot satisfy the required count (0.5797ms)
✔ a wrong-parent provider is rejected rather than silently filtered out (0.5687ms)
✔ provider identity and absence booleans must be explicit and valid (1.8399ms)
✔ missing ownership and zero or malformed minimums never allow a vacuous pass (1.0783ms)
✔ actual successful relative, absolute and round-trip view results are required (2.4382ms)
✔ provider self-report and final file existence are not native-read evidence (1.1886ms)
✔ a missing absolute read or readback cannot pass (1.0517ms)
✔ missing-file errors and successful-but-wrong content remain failures (0.6503ms)
✔ wrong-session or conflicting tool results cannot manufacture evidence (1.7586ms)
✔ an external path with the same filename is not the assigned seed (0.3199ms)
✔ an incomplete stream is explicitly incomplete, not successful empty coverage (0.251ms)
✔ runner observation proves the synthetic credential was inherited (311.2185ms)
✔ a missing seed fails before starting a runner (168.7901ms)
✔ provider observation confirms removal before invoking the real binary (307.6309ms)
✔ an inherited provider credential fails before any provider execution (176.3874ms)
✔ a marker under another key cannot hide a missing runner GITHUB_TOKEN seed (176.9536ms)
✔ a different token plus an unrelated marker cannot manufacture an exact runner seed (176.025ms)
✔ a provider token other than the canary is still rejected before child execution (156.6765ms)
✔ a provider canary under another key remains a failing credential boundary (160.4627ms)
✔ uninvoked production modules remain in the coverage denominator with zero hits (22.0837ms)
✔ missing production files cannot produce a passing partial coverage result (1.9391ms)
✔ duplicate and out-of-scope files cannot inflate the denominator (4.6751ms)
✔ missing, duplicate and impossible native counts are rejected (2.8362ms)
✔ truncated records are never accepted as completed coverage evidence (0.4708ms)
✔ zero available branches are reported as not applicable instead of fabricated 100 percent (0.4506ms)
✔ issue195 public receipt binds parent binaries, pinned runtime identity, and distinct task source (11.4095ms)
✔ explicit current fixture hash, suspend tokens, and missing-artifact switch normalize without disk reads (1.8259ms)
✔ rebuilt server/runner receipt hashes and an explicit rebuilt CLI hash remain valid and bound (6.66ms)
✔ all required options are explicit; help is inert (1.9255ms)
✔ every duplicate value option and duplicate boolean switch fails closed (3.7363ms)
✔ unknown targets, positionals, missing operands, and equals-form options are rejected (1.1878ms)
✔ configuration rejects old issue190 (0.4195ms)
✔ configuration rejects string issue number (0.2964ms)
✔ configuration rejects parent rather than candidate code (0.3462ms)
✔ configuration rejects runtime commit used as task source (0.6145ms)
✔ configuration rejects unpinned source ref (0.3892ms)
✔ configuration rejects another runner (0.6997ms)
✔ configuration rejects unowned receipt (0.909ms)
✔ configuration rejects not-running supervisor (0.548ms)
✔ configuration rejects missing owner (0.6073ms)
✔ configuration rejects invalid owner (0.5576ms)
✔ configuration rejects changed code checkout (0.9303ms)
✔ configuration rejects changed source checkout (0.2785ms)
✔ configuration rejects changed worktree root (0.276ms)
✔ configuration rejects invalid server digest (0.3289ms)
✔ configuration rejects invalid runner digest (0.4214ms)
✔ configuration rejects executable substitution (0.536ms)
✔ configuration rejects binary outside owned bin (0.4952ms)
✔ configuration rejects missing public process (0.2559ms)
✔ configuration rejects wrong process role (0.3777ms)
✔ configuration rejects wrong process workspace (0.4781ms)
✔ configuration rejects invalid process pid (0.5764ms)
✔ configuration rejects invalid process start (0.5356ms)
✔ synthetic VerifyRun evidence distinguishes awaiting independent review from accepted completion (22.9328ms)
✔ forced commit_branch export rejection is a named failure, never archive bypass or approval (4.4394ms)
✔ missing-required-provider-Artifact negative shares the native checks without inventing bytes (5.0613ms)
✔ assessRecovery refuses original usage rewritten (5.6701ms)
✔ assessRecovery refuses original output history changed (4.3299ms)
✔ assessRecovery refuses provider-attempt counter reset (3.5279ms)
✔ assessRecovery refuses provider-attempt maximum changed (3.0698ms)
✔ assessRecovery refuses source incident changed (3.9473ms)
✔ assessRecovery refuses checkpoint authority absent (3.7966ms)
✔ assessRecovery refuses different context source (2.5238ms)
✔ assessRecovery refuses budget reset hidden in context (2.4124ms)
✔ assessRecovery refuses another native recovery (2.2643ms)
✔ assessRecovery refuses source-correction instead of verification (2.9415ms)
✔ assessRecovery refuses recovery contract revision (2.5318ms)
✔ assessRecovery refuses changed recovery reason (2.8454ms)
✔ assessRecovery refuses weakened replacement policy (3.1162ms)
✔ assessRecovery refuses new provider session (3.4124ms)
✔ assessRecovery refuses allocated model tokens (3.8529ms)
✔ assessRecovery refuses allocated model cost (2.4626ms)
✔ assessRecovery refuses consumed input tokens (2.7535ms)
✔ assessRecovery refuses consumed output tokens (3.4229ms)
✔ assessRecovery refuses consumed model cost (3.0696ms)
✔ assessRecovery refuses different workspace root run (3.1117ms)
✔ assessRecovery refuses replacement workspace not preserved (3.3337ms)
✔ assessRecovery refuses replacement fingerprint changed (3.1128ms)
✔ assessRecovery refuses invented provider artifact (3.887ms)
✔ assessRecovery refuses provider event outside snapshot window (3.47ms)
✔ assessRecovery refuses native command acknowledgment missing (3.2895ms)
✔ assessRecovery refuses missing native app check (3.2081ms)
✔ assessRecovery refuses evidence kind mismatch (4.1262ms)
✔ assessRecovery refuses independent-review self-approval (3.0759ms)
✔ assessRecovery refuses accepted run before gate decision (2.1439ms)
✔ assessRecovery refuses missing factory completion event (1.1938ms)
✔ assessRecovery refuses empty source deliverable (2.2325ms)
✔ assessRecovery refuses wrong deliverable provenance (3.7539ms)
✔ download validation uses in-memory bytes and checks payload digests without claiming a browser test (4.871ms)
✔ configuration refuses target http://localhost:18574 (0.4024ms)
✔ configuration refuses target https://127.0.0.1:18574 (0.2228ms)
✔ configuration refuses target http://127.0.0.1:18574/ (0.1954ms)
✔ configuration refuses target http://127.0.0.1:18575 (0.1653ms)
✔ configuration refuses target http://127.0.0.1:8791 (0.2219ms)
✔ configuration refuses target http://127.0.0.1:18574/api (0.213ms)
✔ configuration refuses target http://127.0.0.1:18574?x=1 (0.2289ms)
✔ configuration refuses target http://example.invalid:18574 (0.2117ms)
✔ configuration refuses target http://user:password@127.0.0.1:18574 (0.3313ms)
✔ configuration refuses target http://[::1]:18574 (0.1729ms)
✔ absolute path and owned-output boundaries reject aliases, devices, UNC, ADS, and root reuse (6.076ms)
✔ explicit independent reviewer, valid digest, and bounded numeric options are mandatory (7.1205ms)
✔ reports expose hashes and constrained identity, never receipt metadata or provider output (2.0182ms)
✔ saved report cannot adopt changed authority, extra fields, or identities without prior intent (7.37ms)
✔ baseline and journal never consult the bounded snapshot.events window (40.4926ms)
✔ baseline preserves every pre-existing missions record (2.5391ms)
✔ baseline preserves every pre-existing tasks record (2.1549ms)
✔ baseline preserves every pre-existing runs record (1.2864ms)
✔ baseline preserves every pre-existing factory_work_items record (1.9238ms)
✔ baseline preserves every pre-existing factory_verification_recoveries record (1.5548ms)
✔ baseline preserves every pre-existing verification_evidence record (1.8596ms)
✔ baseline preserves every pre-existing verification_requests record (1.5713ms)
✔ baseline preserves every pre-existing source_deliverables record (2.4928ms)
✔ baseline preserves every pre-existing mission_contract_revisions record (1.7024ms)
✔ baseline preserves every pre-existing mission_budget_revisions record (1.6327ms)
✔ baseline preserves every pre-existing action_approvals record (2.1228ms)
✔ baseline preserves every pre-existing circuit_breaker_incidents record (1.9441ms)
✔ baseline permits additive rows and events while forbidding live work and missing history tables (2.6016ms)
✔ journal requires exact Ready watermark, ordered unique same-Corp events, and bounded count (1.3945ms)
✔ buildPlan is deterministic, fresh, output-owned, and mirrors one ready synthetic issue (2.7652ms)
✔ factory argv remains pinned and recovery only appends the exact checkpoint mode and recorded reason (2.5884ms)
✔ persisted app, base-file, exact hash command and independent-review checks cannot be replaced by Artifact (11.9404ms)
✔ checkpoint digests use Rust field order, preserve app policy, and retain forced commit_branch authority (1.1363ms)
✔ invokeFactory uses only injected child I/O, a bounded timeout, and a non-inherited environment (2.2403ms)
✔ invokeFactory never retries an uncertain execution or logs raw stdout/stderr (2.4713ms)
✔ explicit Windows assessment preserves historical paths on every host (4.3328ms)
✔ default host assessment still rejects foreign path namespaces (1.4722ms)
✔ assessOriginal binds native stop from full replay, not snapshot.events (1.8372ms)
✔ assessOriginal binds native suspend from full replay, not snapshot.events (2.5937ms)
✔ assessOriginal rejects provider attempt increment without accepting or replacing work (2.1259ms)
✔ assessOriginal rejects attempt ceiling revision without accepting or replacing work (1.0163ms)
✔ assessOriginal rejects current budget revision without accepting or replacing work (1.3188ms)
✔ assessOriginal rejects original budget rewrite without accepting or replacing work (1.3628ms)
✔ assessOriginal rejects persisted hash verifier removal without accepting or replacing work (1.5851ms)
✔ assessOriginal rejects manual gate weakening without accepting or replacing work (1.4081ms)
✔ assessOriginal rejects contract source replacement without accepting or replacing work (0.911ms)
✔ assessOriginal rejects write scope replacement without accepting or replacing work (0.8565ms)
✔ assessOriginal rejects archive bypass of forced commit_branch without accepting or replacing work (1.133ms)
✔ assessOriginal rejects provider secret authority without accepting or replacing work (1.5197ms)
✔ assessOriginal rejects extra provider run without accepting or replacing work (2.164ms)
✔ assessOriginal rejects extra task without accepting or replacing work (1.3727ms)
✔ assessOriginal rejects changed factory owner without accepting or replacing work (1.3103ms)
✔ assessOriginal rejects changed issue revision without accepting or replacing work (1.1931ms)
✔ assessOriginal rejects wrong assigned runner without accepting or replacing work (1.194ms)
✔ assessOriginal rejects producer reviewing itself without accepting or replacing work (1.1505ms)
✔ assessOriginal rejects source-checkout execution without accepting or replacing work (1.3398ms)
✔ assessOriginal rejects quarantined checkpoint without accepting or replacing work (1.0834ms)
✔ assessOriginal rejects loop-counter change without accepting or replacing work (1.0548ms)
✔ assessOriginal rejects rewritten usage without accepting or replacing work (1.3597ms)
✔ assessOriginal rejects invented provider artifact without accepting or replacing work (1.182ms)
✔ assessOriginal rejects checkpoint missing without accepting or replacing work (1.8867ms)
✔ assessOriginal rejects checkpoint policy digest changed without accepting or replacing work (1.2922ms)
✔ assessOriginal rejects provider still alive without accepting or replacing work (1.5946ms)
✔ assessOriginal rejects budget command not acknowledged without accepting or replacing work (1.3736ms)
✔ assessOriginal rejects budget incident missing without accepting or replacing work (0.9534ms)
✔ assessOriginal rejects previously recorded run missing without accepting or replacing work (1.1673ms)
✔ assessOriginal rejects accepted provider progress hidden before snapshot window without accepting or replacing work (1.1192ms)
✔ suite pauses for native browser review by default and only observes external approval on continuation (71.0351ms)
✔ suite retains native forced-commit export failure and performs no review, download, or policy bypass (29.3575ms)
✔ suite missing-Artifact negative is explicit rejection, not verified delivery or fabricated provider evidence (26.5318ms)
✔ --continue cannot create a baseline or begin an unrecorded mutation (10.3895ms)
✔ unknown create response is never retried; continuation times out without adopting replacement work (47.8154ms)
✔ lost create response reconciles the exact item/run, but --continue cannot authorize recovery (15.5285ms)
✔ lost recovery response binds the recorded replacement; continuation only pauses for its exact browser gate (25.2933ms)
✔ external browser approval completes exact recorded work without retries or erasing earlier failure history (55.3288ms)
✔ suite never mutates when independent reviewer is missing (5.3093ms)
✔ suite never mutates when independent reviewer is not human (5.7235ms)
✔ suite never mutates when independent reviewer is unauthorized role (5.1197ms)
✔ suite never mutates when independent reviewer is guest (3.7694ms)
✔ suite never mutates when independent reviewer is wrong Corp (5.0077ms)
✔ failed intent persistence or changed parent inputs prevents the corresponding native effect (28.5288ms)
✔ a colliding synthetic item without saved create intent is never adopted or mutated (7.732ms)
✔ wrong physical base bytes stop before recovery; tampered downloads stop without another attempt (66.7687ms)
✔ --continue fails closed when recorded work disappears, with no new mission or native retry (43.9864ms)
✔ explicit browser-review flag preserves the default two-step flow without a scripted-review mode (21.5296ms)
✔ browser-review pause cannot be continued with substituted gate identities or reviewer (22.4385ms)
✔ production I/O exposes no review POST and confines injected requests to exact GET routes (34.4311ms)
✔ runtime factory adapter never retries an ambiguous injected CLI call (1.7262ms)
✔ server-upgrade option is explicit, continue-only, and confined to the owned runtime directory (24.6249ms)
✔ server-only upgrade retains the original binding/failure and separately records server provenance read-only (29.974ms)
✔ upgrade rejects runner/web/CLI changes, a mismatched old binding, and conflicting server provenance (19.2237ms)
✔ same-verifier native checkpoint re-attestation accepts a real run_id-only VerificationRequest (3.1908ms)
✔ checkpoint re-attestation cannot target another run, duplicate an ACK, or permit provider usage (4.8584ms)
✔ strict phase parsing and explicit opt-in (7.7846ms)
✔ reject manual/default/aliased ports, credentials, ambiguous URLs and mismatched environment before API access (9.7222ms)
✔ verification is GET-only and no phase can call decision/reset/bootstrap/foreign-Corp routes (3.9906ms)
✔ prepare → newer approved → isolated replay observation → explicit older approval → automatic synthesis (152.0632ms)
✔ lost create response adopts exact marker without sending a second create (26.4958ms)
✔ unknown create that never arrived fails closed, never creates a replacement (4.2279ms)
✔ lost revision response replays the exact native UUID and preserves only two revisions (56.2868ms)
✔ lost launch response recovers exact root IDs by readback, never dispatches again (29.4596ms)
✔ wrong source/pinned staffing/non-quiescent fixture rejected before any POST (2.7063ms)
✔ cannot skip intermediate observation or approve the older run first (67.2632ms)
✔ exact reviewer attribution, artifact binding and no second decision are enforced (106.224ms)
✔ duplicate decision event and journal rollover cannot pass as replay isolation (65.3715ms)
✔ checkpoint fixture mismatch and modified pre-existing rows are rejected (43.6776ms)
✔ failed artifact download is rechecked on prepare resume without more POSTs (32.25ms)
✔ linux: native unavailable admission is a verified refusal, not provider success (352.289ms)
✔ darwin: native unavailable admission is a verified refusal, not provider success (308.0104ms)
✔ Windows: an unavailable provider remains a failure (305.3234ms)
✔ Unix: accidentally accepting an unsupported provider fails the contract (320.3685ms)
✔ Unix: an unrelated admission failure cannot stand in for containment refusal (311.0861ms)
✔ Unix: a refusal with a persisted run is rejected (305.6533ms)
✔ Unknown runner platforms fail before resetting a fixture (169.6514ms)
✔ A Linux expectation cannot conceal an unavailable Windows runner (211.2605ms)
✔ Unknown reported runner OS fails before creating provider work (217.2226ms)
✔ An owned child stuck on HTTP is reaped before fixture cleanup (2049.8315ms)
✔ explicit CLI and parent runtime receipt reuse retain owner/source/process binding (11.9891ms)
✔ additive request changes only the fixture case, keeps native 5000 authority and no delivery/resume (1.1796ms)
✔ shared client sends exact additive create/launch bodies without retries or extra routes (31.7426ms)
✔ pure native trace accepts actual ACK before failure/termination without prescribing that order (6.3997ms)
✔ pure native trace accepts actual ACK between failure/termination without prescribing that order (2.7229ms)
✔ pure native trace accepts actual ACK after failure/termination without prescribing that order (2.2153ms)
✔ pure evidence rejection: missing actual artifact rejection (1.9173ms)
✔ pure evidence rejection: unrelated failure (0.9367ms)
✔ pure evidence rejection: termination before failure is not the race (2.1443ms)
✔ pure evidence rejection: missing termination is not success (2.2398ms)
✔ pure evidence rejection: missing ACK remains unproven (1.6544ms)
✔ pure evidence rejection: wrong command correlation (1.7172ms)
✔ pure evidence rejection: wrong ACK runner (1.7416ms)
✔ pure evidence rejection: foreign session event scope (1.3467ms)
✔ pure evidence rejection: non-native event attribution (1.0582ms)
✔ pure evidence rejection: wrong native event identity (1.1129ms)
✔ pure evidence rejection: rewritten failure summary (1.0366ms)
✔ pure evidence rejection: agent still assigned (1.1739ms)
✔ pure evidence rejection: task resurrected (1.0408ms)
✔ pure evidence rejection: mission resurrected (1.1586ms)
✔ pure evidence rejection: accepted artifact metadata (1.1908ms)
✔ pure evidence rejection: late accepted completion even if snapshot says failed (1.0202ms)
✔ pure evidence rejection: accepted artifact even outside bounded snapshot.events (0.9235ms)
✔ pure evidence rejection: verification event is forbidden (1.0046ms)
✔ pure evidence rejection: uncertain teardown is forbidden (1.0145ms)
✔ pure evidence rejection: accepted evidence record (1.4344ms)
✔ pure evidence rejection: budget revision (0.7209ms)
✔ pure evidence rejection: replacement run (0.65ms)
✔ pure evidence rejection: source substitution (0.5471ms)
✔ pure evidence rejection: verification-only execution cannot attest a provider (0.5246ms)
✔ pure evidence rejection: usage must be exactly two 3000-token increments (1.2919ms)
✔ invalid native termination payload cannot pass (null) (1.0855ms)
✔ invalid native termination payload cannot pass ([]) (1.1873ms)
✔ invalid native termination payload cannot pass ({}) (0.9224ms)
✔ invalid native termination payload cannot pass ({"adapter":"other"}) (0.9817ms)
✔ invalid native termination payload cannot pass ({"provider_process_alive":true}) (1.1528ms)
✔ invalid native termination payload cannot pass ({"provider_process_alive":"false"}) (1.1882ms)
✔ invalid native termination payload cannot pass ({"outcome":"verified"}) (1.2391ms)
✔ invalid native termination payload cannot pass ({"message":""}) (1.1197ms)
✔ invalid native termination payload cannot pass ({"message":1}) (1.1661ms)
✔ invalid native termination payload cannot pass ({"message":"xxxxxxxxxxxxxxxxxxxxxxxxxxxxxxxxxxxxxxxxxxxxxxxx) (1.7256ms)
✔ invalid native termination payload cannot pass ({"message":"untrusted\ntext"}) (1.8172ms)
✔ invalid native termination payload cannot pass ({"message":"
"}) (1.0391ms)
✔ invalid native termination payload cannot pass ({"credential":"PRIVATE_PROVIDER_CONTENT_OR_ASSIGNMENT_TOKEN_) (0.9587ms)
✔ all native terminal outcomes and absent optional message are valid telemetry, not accepted completion (4.4322ms)
✔ one additive case checkpoints and announces intent/IDs, retains history, and waits for quiet readback (31.9644ms)
✔ passed same-case continuation recomputes proof with zero further mutations (24.1171ms)
✔ createLost: failure preserves exact intent, continuation never retries an attempted POST (15.1366ms)
✔ createUnknown: failure preserves exact intent, continuation never retries an attempted POST (2.958ms)
✔ launchLost: failure preserves exact intent, continuation never retries an attempted POST (14.9734ms)
✔ launchUnknown: failure preserves exact intent, continuation never retries an attempted POST (2.6726ms)
✔ bounded live failure leaves the original run live, IDs and intent intact, with no replacement (55.3429ms)
✔ missing late telemetry is a bounded failure with actual ACK order, not a race claim (32.7805ms)
✔ natural later telemetry/finalization can settle without rewriting terminal state or historical events (23.2611ms)
✔ settling cannot hide changed terminal run summary (14.673ms)
✔ settling cannot hide changed terminal task (8.0147ms)
✔ settling cannot hide changed terminal mission (5.6648ms)
✔ settling cannot hide changed terminal agent (6.496ms)
✔ settling cannot hide changed old run (7.4718ms)
✔ settling cannot hide changed old agent (7.017ms)
✔ settling cannot hide changed old journal prefix (8.0187ms)
✔ settling cannot hide changed original failure event (6.2723ms)
✔ saved report cannot substitute receipt, native authority, source, or erase baseline after an effect (2.7416ms)
✔ report save uses exclusive lock, private synced temp and atomic rename; refuses implicit overwrite (4.7349ms)
✔ stale locks are never stolen and failed saves retain original report and orphaned temp (1.3827ms)
✔ report cannot replace receipt; bounded reads reject links, hardlinks and inode swaps before reading (1.1165ms)
✔ CLI is explicit, non-ambient, duplicate/unknown flags fail (5.8748ms)
✔ explicit parent runtime metadata aligns without opening any named process/log/source (5.62ms)
✔ rejects protected/manual API port 5187 (0.4057ms)
✔ rejects protected/manual API port 5291 (0.2611ms)
✔ rejects protected/manual API port 8791 (0.3451ms)
✔ rejects protected/manual API port 8793 (0.2934ms)
✔ rejects protected/manual API port 8991 (0.2664ms)
✔ rejects protected/manual API port 15191 (0.3401ms)
✔ rejects protected/manual API port 15193 (0.3887ms)
✔ rejects protected/manual API port 15491 (0.5702ms)
✔ rejects protected/manual API port 15493 (0.3523ms)
✔ rejects protected/manual API port 15496 (0.2997ms)
✔ rejects protected/manual API port 18961 (0.331ms)
✔ rejects protected/manual API port 18962 (0.2772ms)
✔ rejects protected/manual API port 18963 (0.2445ms)
✔ rejects ambiguous or non-owned origin http://localhost:18574 (0.4135ms)
✔ rejects ambiguous or non-owned origin http://127.1:18574 (0.2477ms)
✔ rejects ambiguous or non-owned origin http://[::1]:18574 (0.2756ms)
✔ rejects ambiguous or non-owned origin https://127.0.0.1:18574 (0.3087ms)
✔ rejects ambiguous or non-owned origin http://127.0.0.1:18574/ (0.3136ms)
✔ rejects ambiguous or non-owned origin http://127.0.0.1:18574/api (0.2247ms)
✔ rejects ambiguous or non-owned origin http://127.0.0.1:18574?x=1 (0.2808ms)
✔ rejects ambiguous or non-owned origin http://redacted:redacted@127.0.0.1:18574 (0.3069ms)
✔ rejects ambiguous or non-owned origin http://example.com:18574 (0.2272ms)
✔ receipt requires complete immutable source, no unknown authority or provider substitution (2.2829ms)
✔ native requests preserve single strategy, exact source, budget, File verifier, no deliverable (0.6669ms)
✔ Rust policy digest uses explicit declaration order, not JS/JSONB property order (0.6598ms)
✔ canonical containment handles Windows drive prefixes but rejects aliases/escapes (1.0434ms)
✔ POSIX containment rejects traversal, equality and sibling prefixes (0.7112ms)
✔ base.txt reads exactly five bytes, and all link/reparse/hardlink failures occur before open (14.0007ms)
✔ opened-file identity swaps fail closed without reading bytes (1.7722ms)
✔ runners are top-level; nested-only, unavailable, foreign, ambiguous or different-source runners fail (1.3729ms)
✔ suspend: actual usage -> breaker -> native teardown -> exact checkpoint -> terminal (3.5123ms)
✔ stop: actual usage -> breaker -> native teardown -> exact checkpoint -> terminal (1.5094ms)
✔ rejects missing checkpoint (1.5188ms)
✔ rejects foreign Corp proof (1.2111ms)
✔ rejects foreign mission proof (1.3887ms)
✔ rejects foreign task proof (1.4024ms)
✔ rejects foreign run proof (2.2474ms)
✔ rejects foreign agent proof (1.4354ms)
✔ rejects foreign runner proof (1.2102ms)
✔ rejects wrong original base (1.3723ms)
✔ rejects changed HEAD (1.3176ms)
✔ rejects changed fingerprint (1.1143ms)
✔ rejects arbitrary JS policy ordering (1.3076ms)
✔ rejects changed write digest (0.8955ms)
✔ rejects changed deliverable digest (1.0814ms)
✔ rejects token in proof (1.9195ms)
✔ rejects live provider (1.0548ms)
✔ rejects wrong adapter (1.0836ms)
✔ rejects foreign event lineage (0.9563ms)
✔ rejects late checkpoint (1.0749ms)
✔ rejects missing usage (1.1395ms)
✔ rejects fake cumulative usage (0.9395ms)
✔ rejects wrong breaker metric (1.0952ms)
✔ rejects wrong command acknowledgement (1.0867ms)
✔ rejects accepted artifact (1.1197ms)
✔ rejects verification started (1.3754ms)
✔ rejects lost is not completion (0.6176ms)
✔ rejects agent still assigned (0.9534ms)
✔ rejects automatic retry (0.9724ms)
✔ rejects replacement task (0.7589ms)
✔ rejects resume lineage (0.7617ms)
✔ rejects budget override (0.6386ms)
✔ rejects write scope widening (0.6ms)
✔ rejects policy weakening (0.6011ms)
✔ rejects path outside runner (1.1622ms)
✔ rejects unknown projection strings are not logged (0.6912ms)
✔ rejects non-native none breaker projection is rejected (0.8788ms)
✔ rejects accepted evidence row (0.865ms)
✔ full replay, not the bounded snapshot, rejects earlier run.completed (1.0163ms)
✔ full replay, not the bounded snapshot, rejects earlier run.verification_started (1.1074ms)
✔ full replay, not the bounded snapshot, rejects earlier run.verification_evidence (0.8707ms)
✔ full replay, not the bounded snapshot, rejects earlier run.artifact (1.1764ms)
✔ full replay, not the bounded snapshot, rejects earlier run.deliverable (0.7201ms)
✔ full replay, not the bounded snapshot, rejects earlier run.workspace_removed (0.507ms)
✔ full replay, not the bounded snapshot, rejects earlier run.teardown_uncertain (0.8196ms)
✔ visible history and original journal prefix are immutable; no whole-database inference (1.9961ms)
✔ journal bounds, strict ordering, non-contiguous visible sequences and Ready watermark (0.6185ms)
✔ API requests allow only exact scoped snapshot/create/launch, never reset/policy/resume (36.8178ms)
✔ HTTP errors with sensitive bodies are not retried or exposed (0.9674ms)
✔ oversized API responses fail at the byte bound, with no response body in the error (11.9248ms)
✔ native journal API requires a real Ready watermark and refuses partial replay (1.7127ms)
✔ two additive cases checkpoint intent/IDs, retain old history, and pass only after quiet observation (39.6573ms)
✔ baseline counts are dynamic, including completed prior browser-created missions (51.1753ms)
✔ completed checkpoint continuation is read-only and never re-launches either case (45.9091ms)
✔ timeout leaves a live run LIVE with its original ID and never starts a replacement/second case (40.544ms)
✔ lost create response discovers exact original IDs; intentional continuation sends no duplicate (25.7409ms)
✔ uncertain create without an observable result blocks continuation, never replacement (2.5993ms)
✔ lost launch response discovers exact original IDs; intentional continuation sends no duplicate (30.382ms)
✔ uncertain launch without an observable result blocks continuation, never replacement (3.8977ms)
✔ driver failure keeps IDs and failure report; late accepted verification cannot pass (11.1216ms)
✔ saved report cannot change receipt/source/runner/process scope or invent successful authority (1.4768ms)
✔ existing budget-stream keeps its original synthetic 6000-token contract (1213.0014ms)
✔ UI budget-stream uses the real 500K preset with explicit synthetic counters (1163.4647ms)
✔ native interrupt prevents later usage and completion in the UI fixture (298.9028ms)
✔ original budget-stream still interrupts before its second usage and scheduled completion (297.0754ms)
✔ queued completion emits exact usage and completed before a subsequent interrupt response (210.8869ms)
✔ actual queued fixture writes base then emits both usages and finish synchronously without timers (4.9764ms)
✔ User/Organization resolver verifies owner and project number without reading items (1139.4808ms)
✔ opaque paginated active-only discovery retains 1002 items and exact Issue source (2451.8784ms)
✔ empty pages, invalid cursors and archived cursors never silently restart pagination (1410.609ms)
✔ quota-only probes accept include flags before/after endpoint and retain plain JSON (658.0401ms)
✔ exact items, memberships and publisher fields support metered and legacy plain callers (1431.0552ms)
✔ configured primary refusal exposes reset headers and recovers exactly at fixture reset (532.3859ms)
✔ secondary failures are finite per-query attempts even with interleaved probes (859.9187ms)
✔ 503 failures expose Retry-After without spending quota or triggering source mutation (391.3023ms)
✔ source-drift hook remains shared across pages, legacy lists and exact reads only (1378.8166ms)
✔ legacy Project edits and publisher PR mutation/recovery semantics are preserved (1063.7843ms)
✔ errors and observation logs never echo credentials, headers, query text or variables (662.4497ms)
✔ invalid quota/failure configurations fail safely and event retention is bounded (1349.7163ms)
✔ parses HTTPS clone URL without resolving redirects (3.7507ms)
✔ parses HTTPS repository URL without resolving redirects (0.4145ms)
✔ parses HTTPS default port without resolving redirects (0.2108ms)
✔ parses SSH SCP URL without resolving redirects (0.5248ms)
✔ parses SSH URI without resolving redirects (0.6877ms)
✔ parses SSH default port without resolving redirects (0.3903ms)
✔ parses SSH alternate port without resolving redirects (0.3692ms)
✔ parses case normalization without resolving redirects (0.2483ms)
✔ parses trailing slash without resolving redirects (0.5068ms)
✔ parses Git output newline without resolving redirects (0.6723ms)
✔ keeps old, transferred and deliberately wrong repositories distinct (0.5856ms)
✔ retains valid repository punctuation (0.2242ms)
✔ rejects missing without disclosing the origin (1.2113ms)
✔ rejects null without disclosing the origin (0.2142ms)
✔ rejects non-string without disclosing the origin (0.2002ms)
✔ rejects empty without disclosing the origin (0.2119ms)
✔ rejects bare namespace without disclosing the origin (0.2389ms)
✔ rejects different host without disclosing the origin (0.1989ms)
✔ rejects host suffix without disclosing the origin (0.1856ms)
✔ rejects HTTP without disclosing the origin (0.1816ms)
✔ rejects Git protocol without disclosing the origin (0.2311ms)
✔ rejects HTTPS userinfo without disclosing the origin (0.2147ms)
✔ rejects HTTPS password without disclosing the origin (0.1801ms)
✔ rejects SSH password without disclosing the origin (0.1765ms)
✔ rejects non-Git SSH user without disclosing the origin (0.1958ms)
✔ rejects SCP userinfo without disclosing the origin (0.1311ms)
✔ rejects SCP prefix not recognized by the runner without disclosing the origin (0.1426ms)
✔ rejects query without disclosing the origin (0.1037ms)
✔ rejects fragment without disclosing the origin (0.1646ms)
✔ rejects extra path without disclosing the origin (0.1745ms)
✔ rejects traversal without disclosing the origin (0.2095ms)
✔ rejects dot owner without disclosing the origin (0.1194ms)
✔ rejects dot repository without disclosing the origin (0.1016ms)
✔ rejects empty repository without disclosing the origin (0.1105ms)
✔ rejects encoded path without disclosing the origin (0.094ms)
✔ rejects backslash without disclosing the origin (0.155ms)
✔ rejects multiple origins without disclosing the origin (0.2435ms)
✔ rejects oversized origin without disclosing the origin (0.1643ms)
✔ reads only the selected checkout origin with bounded, piped Git output (0.4679ms)
✔ Git failure discards message, cause, stdout and stderr without fallback (0.395ms)
✔ a successful Git read cannot admit a credential-bearing origin (0.3549ms)
✔ imports actual-shaped retained native success and reproducible external rejection as a candidate only (162.2864ms)
✔ old oracle without physical digest remains explicitly weaker and prompt alignment remains unreviewed (110.4391ms)
✔ repeated captures and checker versions of one run do not create independent evidence identities (444.2073ms)
✔ local review digest cannot activate a candidate even with two distinct native runs (283.2696ms)
✔ refuses foreign Corp even with repinned retained files (138.1925ms)
✔ refuses foreign room even with repinned retained files (124.3187ms)
✔ refuses other source even with repinned retained files (134.7156ms)
✔ refuses changed contract source even with repinned retained files (119.8112ms)
✔ refuses missing native checks even with repinned retained files (108.7971ms)
✔ refuses failed test under passed native label even with repinned retained files (116.4749ms)
✔ refuses wrong oracle bytes even with repinned retained files (124.5339ms)
✔ refuses wrong resume identity even with repinned retained files (106.353ms)
✔ refuses wrong resume ancestry even with repinned retained files (134.9037ms)
✔ refuses cancelled run even with repinned retained files (125.1904ms)
✔ refuses substituted before bytes even with repinned retained files (114.4053ms)
✔ refuses unknown checker even with repinned retained files (24.599ms)
✔ hash pins, duplicate JSON keys and traversal are rejected before candidate output (141.5146ms)
✔ directory redirection and oversized files fail closed (184.5545ms)
✔ exact append handles LF and CRLF without normalizing changed source (0.7678ms)
✔ external rejection cannot be imported when exact output actually passes (170.5911ms)
✔ CLI reads pinned inputs and creates one new corpus without overwriting source files (348.0067ms)
✔ CLI has one aggregate read budget covering the request, corpus, manifests and retained files (390.5123ms)
▶ local stack owned-process and state regression fixtures
  ✔ identity comes from the live process and binds only the explicit workspace (2.3954ms)
  ✔ wrong timestamps, executable, workspace and malformed records fail closed (0.3036ms)
  ✔ a stale creation record aimed at a live synthetic PID cannot stop it (0.2965ms)
  ✔ stopping the verified root leaves its descendant and an unrelated child alive (0.2378ms)
  ✔ Start accepts working and log directories containing spaces (0.2425ms)
  ✔ Start treats bracketed log directories as literal paths (0.2093ms)
  ✔ Start treats bracketed working directories as literal paths (0.1832ms)
  ✔ failed-start rollback results preserve the original error and require both success signals (0.2033ms)
  ✔ Start preserves literal arguments, spaces, child-only environment and redacted evidence (0.2735ms)
  ✔ repeated role launches retain earlier logs and allocate unique stdout/stderr files (0.4391ms)
  ✔ extracted Launch preserves ownership on save failure (verified rollback) (0.1625ms)
  ✔ extracted Launch preserves ownership on save failure (unverified rollback) (0.1084ms)
  ✔ v2 state round-trips nested records and read preserves exact bytes (0.0883ms)
  ✔ corrupt, unsupported and differently scoped state is refused without deleting evidence (0.1784ms)
  ✔ state writes reject traversal, sibling-prefix paths and foreign workspace claims (0.1377ms)
  ✔ state writes reject reparse-point parent directories (0.1372ms)
  ✔ a failed atomic replacement preserves old bytes and removes its temporary file (0.2631ms)
  ✔ concurrent synthetic reader observes only complete atomic state generations (1.5093ms)
  ✔ legacy numeric state stays read-only and never authorizes stopping (0.1737ms)
  ✔ cleanup reaps only held synthetic handles and removes only its temporary tree (0.1384ms)
✔ local stack owned-process and state regression fixtures (11480.5735ms)
ℹ PowerShell 7.6.5; 14 synthetic processes reaped; no fixture tree remains
▶ local stack starter source guards
  ✔ starter has no unconditional stop invocation (0.2429ms)
  ✔ starter never passes a database URL as a command argument (0.1503ms)
  ✔ starter forwards the native runner startup-recovery opt-out unchanged (0.1224ms)
  ✔ persisted runner IDs block automatic reenrollment even when offline (0.1004ms)
  ✔ Factory policy paths are canonicalized against the checkout before persistence and launch (0.101ms)
  ✔ Factory saved connection is retained and passed only as an explicit native option (0.094ms)
  ✔ live source-ref changes use exact comparison for old and current records (0.0995ms)
  ✔ starter never deletes enrollment or credentials without an explicit reset/rotation guard (0.0962ms)
  ✔ Compose operations are guarded by external-database selection (0.0865ms)
  ✔ stopper does not rediscover or terminate a descendant tree from saved PIDs (0.0876ms)
✔ local stack starter source guards (3275.2846ms)
✔ one checkout serializes commands while another checkout remains usable (7738.6965ms)
✔ explicit restart nesting and failed operations release their native lock (5972.7333ms)
✔ an interrupted command does not leave a stale lock requiring manual cleanup (3864.2446ms)
✔ both supported entrypoints use the same operation boundary (4.3027ms)
✔ reported idle remains idle without a pending request (3.3108ms)
✔ reported starting remains starting without a pending request (0.1954ms)
✔ reported working remains working without a pending request (0.1264ms)
✔ reported blocked remains blocked without a pending request (0.1962ms)
✔ reported reviewing remains reviewing without a pending request (0.1867ms)
✔ reported offline remains offline without a pending request (0.1509ms)
✔ working station "read" projects reading (0.2435ms)
✔ working station "search" projects reading (0.2112ms)
✔ working station " READ " projects reading (0.3041ms)
✔ working station "Search" projects reading (0.2353ms)
✔ working station "test" projects working (0.2098ms)
✔ working station "build" projects working (0.1969ms)
✔ working station "review" projects working (0.1687ms)
✔ working station "research" projects working (0.1259ms)
✔ working station "bread" projects working (0.1073ms)
✔ working station "break" projects working (0.1307ms)
✔ working station "unknown-tool" projects working (0.0999ms)
✔ working station null projects working (0.096ms)
✔ a stale station does not invent activity for a non-working agent (0.3105ms)
✔ a blocked agent needs an exact current-run approval match (0.1972ms)
✔ an exact current-run pending review is distinct from an action approval (0.1213ms)
✔ unrelated and prior-run pending requests cannot affect the current agent (0.2397ms)
✔ an approval stops affecting an agent as soon as its current run changes (0.1792ms)
✔ null and empty current-run IDs cannot acquire pending request state (0.1326ms)
✔ offline wins even when the recorded current run has both pending requests (0.1221ms)
✔ exact action approval takes precedence over exact review (0.1188ms)
✔ explicit current-run requests do not depend on a blocked display status (0.1287ms)
✔ projection does not mutate agents or request sets or infer state from identity text (1.0773ms)
✔ all eight states have distinct labels and factual descriptions (0.4385ms)
✔ roster ordering is stable by ID without mutating the source array (0.308ms)
✔ renaming or changing activity does not move an existing roster to different seats (0.369ms)
✔ 0 agents occupy exactly 0 studios without stacked seats (0.2783ms)
✔ 1 agents occupy exactly 1 studios without stacked seats (0.3778ms)
✔ 5 agents occupy exactly 1 studios without stacked seats (0.1971ms)
✔ 6 agents occupy exactly 1 studios without stacked seats (0.2625ms)
✔ 7 agents occupy exactly 2 studios without stacked seats (0.2379ms)
✔ 11 agents occupy exactly 2 studios without stacked seats (0.1386ms)
✔ 12 agents occupy exactly 2 studios without stacked seats (0.1254ms)
✔ 13 agents occupy exactly 3 studios without stacked seats (0.1534ms)
✔ 17 agents occupy exactly 3 studios without stacked seats (0.1182ms)
✔ 18 agents occupy exactly 3 studios without stacked seats (0.2157ms)
✔ 19 agents occupy exactly 4 studios without stacked seats (0.2289ms)
✔ snapshot input reordering preserves page and seat assignment for 18 agents (0.4118ms)
✔ reordering across a partially filled page boundary preserves each agent seat (0.9539ms)
✔ studio dimensions and the six feet anchors match the renderer contract exactly (0.3328ms)
✔ desk access never wraps overflow or invalid indexes onto occupied seats (1.1489ms)
✔ all desk footprints stay above their chairs and never overlap another desk or decor (0.4142ms)
✔ desk 0 has one finite arrival route clear of every workstation (0.6306ms)
✔ desk 1 has one finite arrival route clear of every workstation (0.241ms)
✔ desk 2 has one finite arrival route clear of every workstation (0.1627ms)
✔ desk 3 has one finite arrival route clear of every workstation (0.148ms)
✔ desk 4 has one finite arrival route clear of every workstation (0.1366ms)
✔ desk 5 has one finite arrival route clear of every workstation (0.1316ms)
✔ route and desk results do not expose shared mutable layout state (0.2052ms)
✔ pending native review distinguishes invalid artifact paths from invalid artifact IDs (116.9395ms)
✔ pending native intent survives acceptance changes and reviewed adoption replays one exact revision (84.3249ms)
✔ pending intent cannot apply and generic native approval cannot authorize exact feedback (44.0394ms)
✔ reviewed feedback refuses adopter as reviewer before a revision (38.4389ms)
✔ reviewed feedback refuses producer as reviewer before a revision (34.6361ms)
✔ reviewed feedback refuses source requester as reviewer before a revision (39.4913ms)
✔ reviewed feedback refuses rejected decision before a revision (40.0045ms)
✔ reviewed feedback refuses future decision before a revision (41.854ms)
✔ reviewed feedback refuses decision before intent before a revision (38.0569ms)
✔ reviewed feedback refuses wrong note digest before a revision (39.2753ms)
✔ reviewed feedback refuses extra note prose before a revision (57.9986ms)
✔ reviewed feedback refuses ordinary human gate before a revision (35.8275ms)
✔ reviewed feedback refuses requester exclusion disabled before a revision (34.6094ms)
✔ native approval cannot excuse changed target task (32.2004ms)
✔ native approval cannot excuse changed target version (33.2348ms)
✔ native approval cannot excuse changed source commit (29.9716ms)
✔ native approval cannot excuse changed artifact identity (32.9668ms)
✔ native approval cannot excuse changed corpus bytes digest (31.4839ms)
✔ native approval cannot excuse changed selected rule digest (35.8715ms)
✔ native approval cannot excuse changed selected guidance (33.9485ms)
✔ native approval cannot excuse changed adopter identity (34.8852ms)
✔ native approval cannot excuse changed replacement effect (40.8833ms)
✔ native approval cannot excuse changed unknown authority field (35.8381ms)
✔ persisted verifier policy and automated evidence drift invalidate the intent independently of acceptance (87.9639ms)
✔ missing or contradictory native rows and capture drift fail closed (33.5759ms)
✔ reviewed apply rechecks the actual decision and preserves ambiguous outcomes and idempotency (53.6042ms)
✔ reviewed apply rejects altered intent bytes and expired proposal without native effects (38.6028ms)
✔ a changed post-effect review remains uncertain and cannot assert a verified binding (46.9951ms)
✔ review intent time bounds are revalidated during accepted-source reconstruction (34.7325ms)
✔ CLI native-review preparation, exact intent selection and apply keep separate raw and canonical hashes (191.3771ms)
✔ prepare is read-only and exposes the exact reference-only change for review (23.7133ms)
✔ an unprefixed objective stays candidate because native composition would change it (28.3862ms)
✔ native normalization fixed points retain description and objective exactly (39.906ms)
✔ public identifiers and digest selectors reject coercible arrays and objects before effects (27.2613ms)
✔ time, timeout and trusted routing fields require their declared primitive types (36.5864ms)
✔ apply performs one native revision, preserves authority and never launches (32.3951ms)
✔ typed native file selection pins outer provenance and exact decoded corpus while preserving raw compatibility (62.8006ms)
✔ native typed unknown schema field is refused even with matching outer artifact digest (22.2309ms)
✔ native typed missing native schema field is refused even with matching outer artifact digest (24.9013ms)
✔ native typed coercible version is refused even with matching outer artifact digest (23.8372ms)
✔ native typed unsupported archive form is refused even with matching outer artifact digest (21.8503ms)
✔ native typed wrong base is refused even with matching outer artifact digest (27.3153ms)
✔ native typed wrong verifier is refused even with matching outer artifact digest (20.2704ms)
✔ native typed wrong head is refused even with matching outer artifact digest (22.8931ms)
✔ native typed bundle payload is refused even with matching outer artifact digest (17.1535ms)
✔ native typed patch checksum is refused even with matching outer artifact digest (19.3362ms)
✔ native typed patch noncanonical base64 is refused even with matching outer artifact digest (21.6333ms)
✔ native typed selected hash is refused even with matching outer artifact digest (23.0681ms)
✔ native typed selected byte count is refused even with matching outer artifact digest (21.8317ms)
✔ native typed selected file size bound is refused even with matching outer artifact digest (22.6607ms)
✔ native typed selected base64 is refused even with matching outer artifact digest (22.8984ms)
✔ native typed selected symlink is refused even with matching outer artifact digest (22.6866ms)
✔ native typed selected submodule is refused even with matching outer artifact digest (30.8524ms)
✔ native typed selected media is refused even with matching outer artifact digest (23.4589ms)
✔ native typed duplicate path is refused even with matching outer artifact digest (21.8871ms)
✔ native typed case alias is refused even with matching outer artifact digest (21.8966ms)
✔ native typed file directory conflict is refused even with matching outer artifact digest (22.7743ms)
✔ native typed traversal is refused even with matching outer artifact digest (25.515ms)
✔ native typed absolute path is refused even with matching outer artifact digest (26.3361ms)
✔ native typed Windows stream is refused even with matching outer artifact digest (33.9782ms)
✔ native typed Windows device is refused even with matching outer artifact digest (25.9149ms)
✔ native typed trailing dot alias is refused even with matching outer artifact digest (26.2433ms)
✔ native typed coercible entry path is refused even with matching outer artifact digest (21.7826ms)
✔ native typed deleted selection is refused even with matching outer artifact digest (23.5762ms)
✔ typed path selection requires one exact safe file, source role and original outer bytes (36.4258ms)
✔ typed decoded corpus cannot substitute a different well-hashed file or retarget a reviewed proposal (59.9819ms)
✔ typed base64 padding bits are canonical even when permissive decoding preserves the correct bytes (35.8903ms)
✔ same byte-pinned proposal replays its native key without adding guidance or a second revision (43.5415ms)
✔ lost response stays unknown with no automatic retry; exact replay reconciles it (48.1209ms)
✔ an HTTP400 after persistence stays unknown and same-key replay confirms one revision (40.5875ms)
✔ live Corp drift refuses before a request (33.3427ms)
✔ live room drift refuses before a request (24.9844ms)
✔ live mission drift refuses before a request (26.0789ms)
✔ live task drift refuses before a request (26.2439ms)
✔ live run drift refuses before a request (26.7132ms)
✔ live actor drift refuses before a request (24.1588ms)
✔ live source commit drift refuses before a request (22.22ms)
✔ live verifier digest drift refuses before a request (26.0145ms)
✔ live artifact digest drift refuses before a request (19.9486ms)
✔ an accepted receipt with incomplete bounded evidence remains candidate (20.758ms)
✔ an observed manual gate must retain its native decision and decider (27.1688ms)
✔ missing native corpus evidence or mismatched actual bytes never borrows an unrelated accepted run (24.1967ms)
✔ typed envelopes, missing review bytes and requested independent review remain explicit candidates (24.624ms)
✔ UTF-8 reference bounds do not silently truncate valid longer advisory guidance (34.6034ms)
✔ changed target ready status cannot be overwritten (27.034ms)
✔ changed target existing run cannot be overwritten (28.3248ms)
✔ changed target contract version cannot be overwritten (35.9381ms)
✔ changed target budget cannot be overwritten (31.8456ms)
✔ changed target verifier cannot be overwritten (30.7698ms)
✔ changed target source cannot be overwritten (29.0176ms)
✔ changed target source connection cannot be overwritten (39.3941ms)
✔ changed target tools cannot be overwritten (29.3943ms)
✔ changed target Corp cannot be overwritten (24.4248ms)
✔ changed target room cannot be overwritten (24.417ms)
✔ changed target origin cannot be overwritten (26.3004ms)
✔ repinned unauthorized proposal changes cannot alter anything except selected references (41.928ms)
✔ wrong proposal hash, edited corpus/review/receipt, future or expired proposal fails before POST (26.172ms)
✔ expired selected guidance is not rescued by the remaining proposal lifetime (24.9096ms)
✔ expiry crossing during live prechecks is repeated immediately before mutation (24.1899ms)
✔ one total operation deadline cannot be renewed by a slow target precheck (248.3572ms)
✔ duplicate-key or reformatted proposal JSON cannot masquerade as the prepared byte representation (23.1034ms)
✔ source drift after successful mutation is accurately retained as applied (29.26ms)
✔ source access loss after mutation is never mislabeled refusal-before-effects (28.3865ms)
✔ an HTTP error after a request is unknown without transaction-stage evidence and is not retried (28.6497ms)
✔ a contradictory successful response or changed native readback stays unknown (25.4512ms)
✔ exact native target projection refuses filtered context and preserves whole scope (20.8345ms)
✔ file input requires selected exact bytes and fails closed on an oversized or malformed input (41.5334ms)
✔ feedback file reads accumulate short native reads before validating bytes (8.8973ms)
✔ feedback file truncate during short reads fails without a hash pin (7.2274ms)
✔ feedback file grow during short reads fails without a hash pin (9.4756ms)
✔ CLI preparation writes new review artifacts and an existing apply receipt refuses before network or effects (82.3044ms)
✔ CLI exits nonzero for refused adoption while preserving its JSON receipt (265.7463ms)
✔ CLI typed prepare explicitly selects the native file and apply has no path override (70.7133ms)
✔ retained native candidate cannot become saved-task guidance or a native revision (35.5557ms)
✔ forged locally activated native evidence cannot become saved-task guidance or a native revision (30.5744ms)
✔ native evidence mixed into an activated typed artifact cannot become saved-task guidance or a native revision (30.0752ms)
✔ receipt whitelists metadata and distinguishes persisted acceptance from optional verifier digests (9.7308ms)
✔ native runner, model and ref metadata preserves valid punctuation, spaces, Unicode and UTF-8 limits (4.3351ms)
✔ native metadata keeps bounded invalid text and malformed source tuples out of receipts (19.1654ms)
✔ native source identity accepts uppercase hexadecimal commits and full bounded repository components (1.0064ms)
✔ published native refs and native MIME token punctuation are observed without a custom identifier alphabet (1.4307ms)
✔ historical evidence never borrows the current task verifier policy count (1.7137ms)
✔ conflicting or invalid run-bound check counts remain unknown (4.0575ms)
✔ missing and duplicate check indices cannot establish completeness; malformed indices fail (1.1262ms)
✔ receipt rejects mismatched run Corp (0.6364ms)
✔ receipt rejects mismatched task Corp (0.4649ms)
✔ receipt rejects mismatched mission Corp (0.2903ms)
✔ receipt rejects mismatched room Corp (0.2232ms)
✔ receipt rejects mismatched exact actor (0.2177ms)
✔ receipt rejects mismatched exact room (0.2493ms)
✔ receipt rejects mismatched exact mission (0.2134ms)
✔ receipt rejects mismatched evidence task (0.2598ms)
✔ receipt rejects mismatched event room (0.2576ms)
✔ receipt rejects mismatched partial source (0.22ms)
✔ current-run rejects later same-task runs and tied times, retaining nanosecond ordering (1.4101ms)
✔ typed resume lineage requires same task and producer, and records unavailable ancestors honestly (2.8024ms)
✔ exact recovery count is run-bound; private policy and notes are omitted (0.9126ms)
✔ published-result binds its exact source artifact and hashes opaque source revisions (0.92ms)
✔ published-result accepts an exact historical publication despite a later same-task run (1.3264ms)
✔ published-result refuses mismatched Factory mission (0.4285ms)
✔ published-result refuses mismatched deliverable task (0.4094ms)
✔ published-result refuses mismatched deliverable source base (0.3391ms)
✔ published-result refuses mismatched run deliverable digest (0.286ms)
✔ published-result refuses mismatched publication run (0.2853ms)
✔ published-result refuses mismatched provenance mission (0.4447ms)
✔ published-result refuses mismatched provenance source issue (0.3424ms)
✔ published-result refuses mismatched provenance target (0.3195ms)
✔ published-result refuses mismatched recorded PR head (0.3286ms)
✔ published-result refuses mismatched recorded PR repository (0.324ms)
✔ published-result refuses mismatched recorded PR provenance (0.4207ms)
✔ byte verification rejects tampering and each missing or conflicting native response boundary (1.5853ms)
✔ receipt validator rejects extra content, contradictory acceptance, and mixed origin/artifact roles (6.424ms)
✔ fingerprint tolerates observation timestamps and detects selected source, contract and artifact drift (3.6426ms)
✔ compiled native MCP export performs two captures and downloads only selected-origin artifact IDs (924.8491ms)
✔ artifact retention selection is bounded before reading host configuration (1.0056ms)
✔ compiled native evidence retains only explicitly selected verified bytes and preserves public receipt schema (440.1649ms)
✔ compiled native evidence rejects an unowned artifact selection before any artifact download (72.3251ms)
✔ compiled native evidence never returns retained bytes from a tampered artifact or changed source (245.6619ms)
✔ compiled native exporter keeps opaque runner/model/ref metadata out of every request route (155.8424ms)
✔ compiled native export rejects state drift during its artifact read (168.0337ms)
✔ compiled native export rejects mismatched context before downloading artifacts (72.5071ms)
✔ compiled native export refuses artifact redirects without forwarding credentials (186.681ms)
✔ compiled native export rejects oversized bodies and withholds HTTP error content (159.6456ms)
✔ compiled native export bounds a stalled exact-context body by its whole-operation timeout (1016.394ms)
✔ receipt CLI writes a create-only metadata file and a compact redacted summary (824.0096ms)
✔ owned server requires matching executable, creation, endpoint, and workspace (4.0162ms)
✔ manual, remote, stale, or non-owned manifests never authorize restart (1.3264ms)
✔ Windows retains legacy timestamp tolerance and case-insensitive paths (0.5658ms)
✔ legacy Windows identity callers remain supported without weakening explicit checks (2.0734ms)
✔ Linux requires the exact boot/PID/start-tick, executable, cwd/root, and socket binding (3.8966ms)
✔ Linux rejects malformed, legacy-Windows, and changed receipts (1.1345ms)
✔ every existing manual port remains denied on Windows and Linux and all loopback hosts (1.4409ms)
✔ remote, credentialed, missing-port, and malformed-scope endpoints fail closed (0.8061ms)
✔ only a complete scoped JSON object is a process receipt (0.7594ms)
✔ proc stat parses the final comm parenthesis and preserves 64-bit start ticks (1.1143ms)
✔ proc stat rejects wrong PID, truncated fields, malformed state, and invalid ticks (0.6812ms)
✔ Linux listener proof intersects the exact port and LISTEN state with PID-owned inodes (1.7434ms)
✔ malformed or unavailable proc network input supplies no ownership authority (0.7182ms)
✔ artifact recovery overrides are child-only and match native numeric bounds (0.7412ms)
✔ probe requires explicit scope and forwards only its scoped credential environment (3.8498ms)
✔ probe summary contains collection counts, never snapshot data or private paths (0.852ms)
✔ probe permits HTTP only for normalized canonical loopback origins and requires HTTPS elsewhere (9.3267ms)
✔ recovery probe reports only native metadata and never infers missing capability or exposes policy (0.9287ms)
✔ recovery probe rejects malformed work-item IDs before spawning any gateway (0.8092ms)
✔ compiled recovery probe rejects impossible native numeric metadata and preserves exhausted authority (514.2005ms)
✔ compiled recovery tool makes exactly the selected authorized GET in both modes (150.5786ms)
✔ compiled recovery probe selects one context without reading the broad snapshot or exposing private fields (70.2009ms)
✔ compiled recovery tool refuses malformed IDs, extra scope or effect arguments before HTTP (114.1813ms)
✔ compiled recovery tool rejects mismatched Corp or work-item responses (271.9558ms)
✔ compiled recovery probe preserves authorization and not-found failures without private diagnostics (201.1075ms)
✔ compiled recovery inspection never follows redirects in either gateway mode (142.134ms)
✔ compiled recovery inspection caps HTTP bodies even in the legacy write-capable gateway mode (130.8042ms)
✔ compiled read-only MCP completes the real stdio handshake and makes only one scoped GET (76.9026ms)
✔ compiled MCP ignores notifications and denies mutating calls before HTTP while preserving the default catalog (117.9435ms)
✔ compiled MCP keeps malformed omitted-ID objects silent and effect-free (read-only) (57.2556ms)
✔ compiled MCP keeps malformed omitted-ID objects silent and effect-free (unrestricted) (63.6776ms)
✔ compiled probe withholds API error content and enforces its whole-probe timeout (1109.6405ms)
✔ compiled read-only inspection rejects redirects without contacting a second origin (142.0099ms)
✔ compiled read-only startup requires every routing variable before serving even initialization (246.0495ms)
✔ compiled read-only flag rejects command-line tokens (split option, CLI only) (75.4616ms)
✔ compiled read-only flag rejects command-line tokens (split option, CLI plus environment) (70.0312ms)
✔ compiled read-only flag rejects command-line tokens (equals option, CLI only) (77.8358ms)
✔ compiled read-only flag rejects command-line tokens (equals option, CLI plus environment) (59.403ms)
✔ compiled read-only flag accepts only the environment token and exposes the restricted catalog (73.4087ms)
✔ compiled read-only environment rejects command-line tokens (split option, CLI only) (61.005ms)
✔ compiled read-only environment rejects command-line tokens (split option, CLI plus environment) (55.8742ms)
✔ compiled read-only environment rejects command-line tokens (equals option, CLI only) (62.527ms)
✔ compiled read-only environment rejects command-line tokens (equals option, CLI plus environment) (66.7171ms)
✔ compiled read-only environment accepts only the environment token and exposes the restricted catalog (79.48ms)
✔ compiled unrestricted MCP preserves legacy CLI token precedence (split option) (138.0039ms)
✔ compiled unrestricted MCP preserves legacy CLI token precedence (equals option) (162.2124ms)
✔ compiled native read-only HTTP body rejects oversized declared length before end (200) (70.7878ms)
✔ compiled native read-only HTTP body rejects streamed overflow before end (200) (124.7542ms)
✔ compiled native read-only HTTP body rejects oversized declared length before end (403) (82.1655ms)
✔ compiled native read-only HTTP body rejects streamed overflow before end (403) (113.9085ms)
✔ compiled native HTTP body accepts the inclusive read-only limit and preserves unrestricted transport (840.7122ms)
✔ compiled native HTTP body preserves small successful and error response behavior (409.9034ms)
✔ withholds all six source ACKs for each of two native automatic attempts (4.6436ms)
✔ holds all quality ACK duplicates to the same 8-second deadline, preserving bytes (1.4685ms)
✔ gameplay and integration pass source ACKs unchanged (0.5294ms)
✔ native resume passes ACKs and does not consume a third automatic attempt (0.4122ms)
✔ non-source ACK, heartbeat, credential rotation, approval and lifecycle are opaque passthrough (0.4795ms)
✔ rejects foreign or unproven run, Corp and hash before fault decisions (1.4753ms)
✔ assignment rebinding cannot swap a different task, scope or command kind (0.7621ms)
✔ late-ACK release sends one exact original old-run frame once without retagging (2.5751ms)
✔ refuses manual-stack, wrong-repository and missing opt-in config (2.1019ms)
▶ real loopback WebSocket wiring: native schema, ordered forwarding, reconnection and redaction
  ▶ isolated concurrent fixture 1
    ✔ synthetic endpoints require live ownership without relaxing config guards (17.1873ms)
    ✔ persisted owner/name schema binds and stop cannot overtake a pending assignment (77.7159ms)
    ✔ upload byte transparency, ACK withholding and metadata non-disclosure (46.5292ms)
    ✔ a stale snapshot/close callback cannot bind, send or close the replacement connection (157.4209ms)
  ✔ isolated concurrent fixture 1 (512.6719ms)
  ▶ isolated concurrent fixture 2
    ✔ synthetic endpoints require live ownership without relaxing config guards (13.151ms)
    ✔ persisted owner/name schema binds and stop cannot overtake a pending assignment (77.8339ms)
    ✔ upload byte transparency, ACK withholding and metadata non-disclosure (46.8317ms)
    ✔ a stale snapshot/close callback cannot bind, send or close the replacement connection (154.5931ms)
  ✔ isolated concurrent fixture 2 (463.5452ms)
✔ real loopback WebSocket wiring: native schema, ordered forwarding, reconnection and redaction (514.2949ms)
✔ relocated doctor checks declared tools through native version commands without leaking ambient secrets or installing (1476.6551ms)
✔ wrong node version produces a failing CLI result (1444.7132ms)
✔ wrong pnpm version produces a failing CLI result (1307.8026ms)
✔ wrong rustc version produces a failing CLI result (1253.0107ms)
✔ wrong cargo version produces a failing CLI result (1278.4273ms)
✔ missing package manager fails without falling back to another host command (1124.0471ms)
✔ failed component probes suppress raw stdout and stderr (1247.2539ms)
✔ unrecognized version output is rejected without echoing the command response (1451.6792ms)
✔ an unavailable pinned rustup toolchain fails instead of installing or selecting stable (1246.1646ms)
✔ already selected direct Rust binaries can be verified without rustup (1194.3181ms)
✔ invalid .node-version declaration fails before any command runs (version) (231.5151ms)
✔ invalid package.json declaration fails before any command runs (version) (220.0477ms)
✔ invalid rust-toolchain.toml declaration fails before any command runs (floating Rust) (214.705ms)
✔ invalid rust-toolchain.toml declaration fails before any command runs (component) (211.354ms)
✔ unsupported CLI arguments fail before probing tools (202.2678ms)
ℹ tests 1248
ℹ suites 0
ℹ pass 1248
ℹ fail 0
ℹ cancelled 0
ℹ skipped 0
ℹ todo 0
ℹ duration_ms 66789.9432
