$ node --test --test-concurrency=2 --test-timeout=180000 "apps/web/src/**/*.test.mjs" "tools/*.test.mjs"
✔ editor preserves its accessible control names, preview hook, and all six check choices (58.9807ms)
✔ switching check types resets their incompatible fields and retains the rest of the policy (9.5189ms)
✔ every check-field callback retains the selected variant and unchanged checks (21.909ms)
✔ adding and removing checks preserves tab selection, including external policy shrink and the empty state (19.4539ms)
✔ the 16-check add button limit and oversized-policy feedback are retained (12.8218ms)
✔ manual-gate transitions retain default role ordering, requester exclusion, and explicit removal (12.7927ms)
✔ preview keeps exact check order, manual-role labels, heading overrides, and requester-exclusion guidance (2.2592ms)
✔ Factory exact-run navigation replaces a remembered newer outcome before mission remount (5.0611ms)
✔ run navigation ignores the duplicate activity marker in a hidden Factory tab (15.856ms)
✔ artifact navigation chooses its exact producer while mission-only navigation preserves the current choice (1.5367ms)
✔ unavailable run/task/mission cannot overwrite remembered evidence or open another run (2.7023ms)
✔ storage failure or obsolete viewer fails closed before navigation (2.2679ms)
✔ explicit navigation writes only the selected viewer scope and only the run identity (1.5799ms)
✔ reload keeps the decided run instead of the other pending review or a newer worker (2.3758ms)
✔ remembered evidence is scoped to the API server, Corp, actor and mission (0.3938ms)
✔ missing remembered work never silently substitutes another visible review (0.2295ms)
✔ unreadable or malformed stored context requires explicit selection, not the next review (0.4023ms)
✔ a first visit is distinct from unreadable history; failed writes do not throw (0.4713ms)
✔ only the selected run ID is stored; reviews and authority never enter browser persistence (1.0167ms)
✔ MissionCard scopes remounts, pins initial evidence and fails closed when persistence fails (11.4158ms)
✔ issue210 only the explicit server flag adds correction to a native checkpoint (2.8877ms)
✔ issue210 verifier availability is independent of correction and missing availability preserves legacy behavior (1.1714ms)
✔ issue210 revision source is the exact server-selected verifier, with no cross-item fallback (0.496ms)
✔ only native proof plus its cancellation marker exposes source-only checkpoint verification (0.2983ms)
✔ a running checkpoint needs no cancellation repair, and ordinary verification failure stays compatible (0.2513ms)
✔ missing/tampered source, checkpoint, head, active recovery or terminal outcome offers no new recovery (0.3137ms)
✔ context requests are not recovery grants and never depend on inferred mission spend/status (0.2542ms)
✔ copied command binding retains the saved connection and never falls back on malformed metadata (0.2541ms)
✔ actual presentation selects the endpoint source, not the newest visible run or mission cancellation (127.2831ms)
✔ issue210 presentation separates provider-free verification from a budgeted same-session fix (31.636ms)
✔ issue210 source-only and unavailable checkpoint presentations never suggest generic recovery (48.2882ms)
✔ actual context loader is GET-only and admits the exact item/version/mission checkpoint (54.4229ms)
✔ actual context loader rejects stale/cross-scope and malformed flags without snapshot fallback (231.7275ms)
✔ issue210 actual loader accepts boolean correction flags and defaults missing legacy authority closed (71.1496ms)
✔ issue210 exact loader retains true, false and missing checkpoint availability without granting another mode (57.1221ms)
✔ actual UI action copies only explicit checkpoint verification with the original scope/connection (240.5184ms)
✔ issue210 actual correction action retains the original CLI route, source and connection (374.9799ms)
✔ issue210 actual card drops correction authority immediately when item, version or actor changes (405.3416ms)
✔ issue210 actual contract submission uses the scoped verifier, not its provider ancestor (92.5149ms)
✔ issue210 editor loading, errors, stale context and denied correction cannot fall back or submit (338.0533ms)
✔ issue210 ordinary contract resume, redispatch and requester/role boundaries stay intact (127.5305ms)
✔ issue210 actual source-only context copies correction and revises the exact verifier; no-mode context does neither (283.2309ms)
✔ actual resume handler and rendered provider control respect native recovery blocking (8.7863ms)
✔ actual App Resume control survives an ineligible ordinary Factory recovery lookup and uses the native actor-bound POST (341.4162ms)
✔ issue221 explicit provider-correction permission permits null head without granting checkpoint or generic resume (1.5519ms)
✔ issue221 actual context reader retains null head/current provider proof and malformed heads remain non-actionable (514.1725ms)
✔ issue221 actual copy/revision actions use only source correction for the latest failed provider with null head (413.5618ms)
✔ wrong-first legacy Project 174 cannot displace the selected live lab controller (1.5655ms)
✔ every Project/repository/Corp component must match, even with an active-item pointer (0.3448ms)
✔ GitHub owner/repository case and surrounding whitespace normalize independently (0.2045ms)
✔ missing/malformed scope is neutral rather than an empty-scope match (0.2238ms)
✔ the exact active item wins among live controllers in the same scope (0.2789ms)
✔ a current live scope match wins over a stale offline active-item pointer (0.2201ms)
✔ with only offline matches, retain the exact item rather than crossing scope (0.2317ms)
✔ without an item, prefer useful live intake in the current Corp (0.2979ms)
✔ empty/no-match and unavailable explicit selections never borrow another controller (0.3311ms)
✔ heartbeat freshness and stable ID break ties without using array order or mutating inputs (1.5802ms)
✔ snapshot refresh and selected scope changes return the exact new ID/version object (0.3301ms)
✔ the actual FactoryPanel resolver feeds displayed state and both action callbacks (20.4325ms)
✔ the actual component guards controller actions, retains role gating and passes the same callback (17.3996ms)
✔ the actual API action handler targets the resolved controller ID and version for all actions (71.7341ms)
✔ the production handler preserves the existing ID-scoped idempotency/version on a lost response (27.3657ms)
✔ primary_rate_limit has a reader-facing reason and an automatic future retry (38.986ms)
✔ secondary_rate_limit has a reader-facing reason and an automatic future retry (1.83ms)
✔ graphql_quota has a reader-facing reason and an automatic future retry (1.4029ms)
✔ github_unavailable has a reader-facing reason and an automatic future retry (4.7545ms)
✔ quota, cost and timestamps come from the snapshot, not derived or default budgets (1.758ms)
✔ equivalent offset timestamps have the same local retry time and boundary (1.5386ms)
✔ at or after the retry deadline, waiting is not presented as a successful retry (1.5866ms)
✔ zero remaining, limit, query cost and failures remain real zeros (0.7574ms)
✔ paused desired state wins without rewriting controller health or promising a retry (1.5601ms)
✔ offline health wins over polling metadata, including an elapsed retry (3.7894ms)
✔ paused and offline together retain both conditions and existing paused precedence (2.0001ms)
✔ absent legacy polling leaves the old strip intact and never fabricates a wait (0.4922ms)
✔ missing or malformed backoff data is unavailable, never zero or an invented deadline (0.4158ms)
✔ invalid values are not coerced to numbers or dates and unknown reasons are not rendered raw (2.8664ms)
✔ partial quota data preserves observed zeros while missing fields remain unavailable (0.463ms)
✔ healthy telemetry does not infer a backoff from a zero quota or failure count (0.6352ms)
✔ UI integration remains read-only, accessible, and uses existing controller controls (22.9125ms)
✔ line normalization preserves argument boundaries, literal punctuation, and duplicate values (1.9136ms)
✔ role entry supports commas and CRLF without silently deduplicating or authorizing roles (0.4672ms)
✔ mission projection retains exact task, runner and human control attribution (4.2003ms)
✔ foreign tasks and same-ID foreign-Corp runners cannot supply collaboration state (0.4719ms)
✔ offline retains work without advertising live control or termination (0.4752ms)
✔ connecting retains work without advertising live control or termination (0.381ms)
✔ a failed snapshot refresh retains exact work without advertising live controls (0.4637ms)
✔ invalid snapshot receipt NaN cannot advertise live controls (0.3061ms)
✔ invalid snapshot receipt Infinity cannot advertise live controls (0.283ms)
✔ invalid snapshot receipt 0 cannot advertise live controls (0.2714ms)
✔ invalid snapshot receipt -1 cannot advertise live controls (0.409ms)
✔ expired/malformed lease 2026-09-16T11:59:00Z cannot claim a controller (0.72ms)
✔ expired/malformed lease 2026-09-16T12:00:00Z cannot claim a controller (0.2607ms)
✔ expired/malformed lease bad cannot claim a controller (0.1509ms)
✔ verifying has recorded evidence but no provider controls (0.2708ms)
✔ completed has recorded evidence but no provider controls (0.1411ms)
✔ lost has recorded evidence but no provider controls (0.2017ms)
✔ cancelled has recorded evidence but no provider controls (0.1847ms)
✔ a provider-free run and a superseded agent assignment expose no live controls (0.2656ms)
✔ runner grace and offline remain distinct; neither supplies human presence (0.2102ms)
✔ review links bind exact run/task and explain role and requester exclusion (0.4997ms)
✔ missing and historical identities never become fabricated named owners or current controllers (0.2062ms)
✔ draft cache survives surface remounts but never crosses Corp/actor/room/mission (0.3764ms)
✔ actual component navigation only requests exact context; rendering sends no commands (14.4313ms)
✔ actual disconnected component retains readable evidence with an explicit warning (2.0636ms)
✔ actual failed-refresh component distinguishes stale data from a disconnected transport (1.8223ms)
✔ actual component rejects missing receipt freshness and restores controls after a successful refresh (6.6471ms)
✔ App preserves main snapshot metadata and exact-run navigation while passing numeric receipt freshness (6.1461ms)
✔ App embeds existing scoped discussion and pins evidence before exact-run navigation (5.8371ms)
✔ late completion notifies remounted composers without clearing a newer or same-text draft (0.6363ms)
✔ late operation acknowledgment cannot clear a replacement idempotency key (205.0996ms)
✔ actual App selection never substitutes another mission after the selected record disappears (128.0894ms)
✔ actual briefing navigation has a visible destination for legacy empty descriptions (98.7545ms)
✔ verification checks do not change launch intent (1.8525ms)
✔ review navigation cannot turn its click into a form submission (0.251ms)
✔ ordinary application setup cannot silently fall back to the fake runtime (0.5415ms)
✔ composer uses two clear steps and starts with an empty goal (0.3431ms)
✔ advanced settings and detailed requirements are optional disclosures (0.8921ms)
✔ closing setup preserves the draft and returns to existing mission context (0.7387ms)
✔ explicit links to existing work reveal it without erasing an open draft (0.5755ms)
✔ native creation and explicit held-plan behavior remain unchanged (0.274ms)
✔ review keeps the exact source and current server-derived allocation visible (0.4748ms)
✔ scope requires four explicit bounded identities and cannot mutate after submission (3.0326ms)
✔ current origin binds the exact view instance, not just equal IDs (0.3571ms)
✔ read issues exactly one encoded, uncached GET with cancellation and no body (11.7391ms)
✔ Direct accepts only exact returned linkage and drops unexpected hidden fields (107.2542ms)
✔ Factory retains only the validated work item, repository, issue number and exact URL (1.4708ms)
✔ all four response identities must echo the bound request exactly (35.3548ms)
✔ missing, malformed and older origin responses never become Direct (2.6467ms)
✔ Factory fields are required and null or missing metadata is never partly accepted (3.2947ms)
✔ Factory rejects invalid work-item identities, repository paths and issue numbers (4.8589ms)
✔ only the raw HTTPS GitHub issue URL matching returned repository and number is accepted (5.0418ms)
✔ mixed-case owner/repository URLs match normalized identity and retain display case (1.4093ms)
✔ valid case-preserving repositories and positive safe issue numbers remain verbatim (0.8882ms)
✔ old endpoints, denied authorization and transport failures stay unavailable without raw errors (1.7175ms)
✔ a synchronous API failure is contained and clears the read timer (0.8088ms)
✔ timeout aborts an unsettled read and suppresses both late success and late failure (0.9528ms)
✔ a settled success or failure cannot be overwritten by an already queued timeout (0.8293ms)
✔ cancellation before the scheduled read prevents even the GET (0.7521ms)
✔ in-flight cancellation ignores transports that resolve or reject after abort (0.8636ms)
✔ component reads once for a valid view and renders truthful Direct copy in one styled paragraph (19.0481ms)
✔ component links only a fully validated Factory response, not extra returned fields (3.1592ms)
✔ all four operating roles may read; guests, spectators and unknown roles never request context (15.8493ms)
✔ invalid or absent scope props render the conservative fallback without requesting (19.1359ms)
✔ failed exact reads preserve #185 positive or unknown fallback without inventing links or hiding failure (12.9348ms)
✔ a failed origin lookup can be retried explicitly without changing the work identities (4.7756ms)
✔ Corp, actor, room and mission changes hide old success and errors before effect cleanup (16.3106ms)
✔ late success and errors from a replaced request cannot update the current component (14.3635ms)
✔ leaving and returning to identical IDs cannot revive an earlier success or failure (3.8496ms)
✔ same-ID reopened pending requests ignore the original response and error after current denial (3.7236ms)
✔ a guest transition revokes displayed source data and returning operators must read again (2.3376ms)
✔ operating-role and API changes also invalidate old privileged context (2.9781ms)
✔ unmount cancels the read and a fresh mount with identical IDs cannot inherit its outcome (3.0541ms)
✔ one builder preserves the complete current creation payload and retained settings (3.7958ms)
✔ provider defaults, supported reasoning and commit-branch semantics match submission (2.1632ms)
✔ existing deterministic fixture semantics are not converted into provider settings (0.4373ms)
✔ scope freezes the exact serialized body and rejects an actor mismatch (1.404ms)
✔ every request field, Corp and actor invalidate an earlier quote (1.4324ms)
✔ preview debounces, uses the exact creation body, and calls only the read-only preview POST (13.3516ms)
✔ an edit or closing the composer before debounce starts no request (0.6526ms)
✔ an invalidated request is aborted and cannot publish a late successful quote (3.1398ms)
✔ late errors after actor/Corp change or unmount cannot replace the new preview (1.3825ms)
✔ editing away and back still requires a fresh request, not a revived quote (1.0688ms)
✔ allocations are displayed verbatim from the server, not a frontend Studio formula (0.9261ms)
✔ missing or mismatched quote fields never become a current allocation (3.0517ms)
✔ an absent preview endpoint gives a useful failure state without inventing allocations (1.8003ms)
✔ preview response is bounded to eight tasks without reallocating server budgets (1.4461ms)
✔ unknown, self, duplicate and oversized dependency references remain unknown allocations (1.3226ms)
✔ retry clears an old failure immediately and can accept a fresh quote (2.2487ms)
✔ timeout clears the quote, aborts the request and ignores a late response (0.879ms)
✔ App shares the request body, invalidates keyed preview instances and retains native Launch (6.5007ms)
✔ mission selection and Discuss use the authoritative non-first owning room (2.224ms)
✔ mission, task, run and artifact deep links resolve to the same owning room (0.5861ms)
✔ an explicit room deep link and all-discussion view stay in that room (1.4462ms)
✔ stale, missing and older mission/room projections never fall back to the first room (0.3971ms)
✔ related work is limited to the selected room and mission, not a fixed item count (2.147ms)
✔ messages are room-filtered before mission links and out-of-order reply ancestry (0.906ms)
✔ valid room, mission and inherited reply submissions retain the same scope (0.7467ms)
✔ stale actor, Corp, room and mission scopes cannot submit or complete a newer draft (0.3515ms)
✔ a disappearing mission or owning room fences previously valid submissions (0.4134ms)
✔ foreign, missing or stale links and replies cannot silently become general comments (0.8297ms)
✔ guest-shaped and missing Factory projections do not establish Direct origin (0.7323ms)
✔ a mission older than the 500-item Factory window remains origin-unknown (0.4238ms)
✔ a positively matched visible Factory item retains its issue attribution (0.2261ms)
✔ known publication/recovery linkage is generic when intake details are unavailable (0.4864ms)
✔ projection helpers preserve the authoritative input and do not retain hidden origin data (0.3768ms)
✔ the UI uses the tested projection and submission helpers on both discussion entry paths (20.5105ms)
✔ scope requires every explicit identity and repository and freezes the view generation (4.0168ms)
✔ the exact scope object, not equal IDs or a prior A -> B -> A view, selects the load (0.6193ms)
✔ one encoded GET is uncached, abortable and body/header/credential free (10.7323ms)
✔ published DTO retains only bound result metadata and leaves raw input untouched (2.104ms)
✔ only explicit null publication in a correctly scoped response is known absence (3.4412ms)
✔ item and publication scope mismatches never expose links or known absence (10.4763ms)
✔ publication source issue matches the work item without equating authorizer, revisions or checkpoint generations (1.4527ms)
✔ publication and artifact identity tuples plus full digests must all match (2.9646ms)
✔ missing, duplicate and unrelated-first deliverables cannot substitute a result (1.6083ms)
✔ native provenance identity, source/target branches and digests are checked without retaining authority (6.8167ms)
✔ raw GitHub PR URLs allow native slash suffixes but retain exact repository and number checks (6.6393ms)
✔ owner/repository display case is preserved while full hex values compare by bytes (0.868ms)
✔ PR state, exact head, owner, recorded metadata and phase cannot contradict each other (3.0384ms)
✔ download metadata rejects controls, external/native paths, malformed hashes and invalid sizes (16.6442ms)
✔ pending, PR-created, published and failed publication are distinct without claiming a live app (2.4712ms)
✔ only a different valid pinned run is a mismatch; same-run contradictions stay unavailable (1.0962ms)
✔ loading, denied and stale contexts cannot become a result or known absence (0.8892ms)
✔ denials, missing endpoints and sync/async transport failures stay unavailable without raw errors (1.7579ms)
✔ timeout aborts and suppresses late successes and failures without retries (1.2017ms)
✔ queued timeout callbacks cannot overwrite a settled success, absence or denial (0.99ms)
✔ cancellation before start issues no GET; in-flight cancellation publishes no late data (1.0093ms)
✔ new same-ID generation remains unavailable after denial despite a prior response completing later (1.5306ms)
✔ requester summary does not ask for a forbidden independent decision (3.4239ms)
✔ wrong-role summary explains the existing role requirement (1.7894ms)
✔ eligible independent reviewer keeps the review invitation (1.6863ms)
✔ human gate without requester exclusion still allows the requester (1.8439ms)
✔ completed result does not inherit a pending-review restriction (1.9142ms)
✔ fresh human-only bootstrap can select a runner runtime before any crew exists (4.0591ms)
✔ retired and legacy identities neither enable nor suppress advertised runtimes (0.426ms)
✔ studio requires the exact selected source on a connected runner, not another repository (0.4431ms)
✔ source repository and commit matching are case-insensitive but ref matching is exact (0.2503ms)
✔ unavailable runtimes and non-runtime capabilities are not mission options (1.6911ms)
✔ catalog merging prefers an enabled model without changing the source snapshot (0.8085ms)
✔ unscoped status and crew include ready connection-bound runtimes, but dispatch keeps its exact binding (1.1697ms)
✔ studio always selects Copilot even when another runtime was requested (0.2641ms)
✔ studio does not fall back to another provider or an unavailable Copilot runtime (0.5671ms)
✔ solo selection and deterministic fixtures retain their runtime contracts (0.4443ms)
✔ a disappearing explicit runtime cannot silently switch provider with stale model settings (0.2083ms)
✔ studio uses enabled Copilot model settings or an explicit provider default (0.2476ms)
✔ fixtures ignore hidden provider model settings (0.1256ms)
✔ normal UI bootstrap opts out of seeded crew without changing fixture tooling (13.8078ms)
✔ runtime character descriptors match the shipped manifest, PNG dimensions, and original file bytes (31.993ms)
✔ named characters and stable worker identities retain their appearance across reordered snapshots (0.997ms)
✔ numeric roster positions wrap without producing missing characters, and invalid numbers use the default (0.3208ms)
✔ walking uses the original three poses in a 0,1,2,1 cycle at the 150ms boundaries (0.5499ms)
✔ idle, typing, reading and facing use the actual source-sheet rows and columns (0.4382ms)
✔ invalid or negative animation time selects the first pose without invalid source coordinates (0.2458ms)
✔ every animation and direction remains inside a real sheet after long-running animation (0.5084ms)
✔ default floor distinguishes connected workers from offline and test registrations (2.6069ms)
✔ omitted and null retirement fields keep legacy and mission identities available (0.2328ms)
✔ every non-null retirement excludes an identity regardless of pin, date, or reported work (0.3355ms)
✔ retired identity remains resolvable in the unmodified historical snapshot (0.2514ms)
✔ retiring the selected agent falls back to current crew, including the empty-roster case (0.3098ms)
✔ pagination filters retirement before assigning seats without mutating order (0.6554ms)
✔ idle does not become working or reviewing from a stale station or pending run request (0.3754ms)
✔ working and blocked status still derive from exact server state and current-run requests (0.3196ms)
✔ #154: a selected worker on a later studio is located on initial mount and selection changes (0.5371ms)
✔ #154: studio lookup follows retirement repagination, not stale seat indexes (0.5595ms)
✔ #154: manual paging survives snapshots, but another selected agent resets page and zoom (0.6564ms)
✔ #154: retirement moving the selected agent to a different page resets the camera (0.2816ms)
✔ #154: mounting or remounting the same starting run never fabricates an arrival (0.2509ms)
✔ #154: only an observed new active run can animate once, and reduced motion wins (0.3426ms)
✔ #154: blocked work takes recovery priority over both idle and ordinary active work (0.4607ms)
✔ #154: exact approvals keep priority, and only an unblocked empty floor offers new work (0.2156ms)
✔ history inspectors retain the full snapshot while the floor uses current identities (16.5918ms)
✔ Factory activity prioritizes the exact outcome review, then tool approval, before newer work (3.1875ms)
✔ selection ignores terminal, denied and foreign tool approvals without inventing a run (0.3479ms)
✔ terminal runs cannot become reviewable or active from dangling pending decision records (23.3182ms)
✔ live task, agent, control, timestamps and safe activity come from one scope without mutation (1.2534ms)
✔ a stale Running intake never claims that a cancelled provider is active (1.2655ms)
✔ pending exact-run outcome review is distinct from an active provider and completion (0.7718ms)
✔ tool authority and unavailable decision context do not become outcome approval (1.6242ms)
✔ a completed run is not automatically a completed mission or published application (1.0874ms)
✔ retained data cannot claim current execution: {"connection":"offline"} (0.8619ms)
✔ retained data cannot claim current execution: {"connection":"connecting"} (1.0504ms)
✔ retained data cannot claim current execution: {"snapshotFailed":true} (0.5347ms)
✔ retained data cannot claim current execution: {"snapshotReceivedAt":null} (0.3312ms)
✔ grace, offline and wrong-Corp runner records cannot establish provider liveness (3.1753ms)
✔ runner loss and uncertain teardown remain unknown until a positive termination receipt (1.2453ms)
✔ verifier-only runs never appear as a running model (0.7032ms)
✔ quarantine and protected stops stay prominent even with stale transport (1.1905ms)
✔ failed verification, cancelled work and unknown execution modes remain explicit (1.3101ms)
✔ missing, duplicate or foreign task context cannot fall back to another run (0.9931ms)
✔ activity is scoped, deduplicated, ordered, bounded and never reveals raw payloads (2.9611ms)
✔ missing start, invalid clocks and backwards timestamps do not invent a duration (1.2074ms)
✔ expired leases and foreign attribution do not display an active controller (1.0525ms)
✔ actual React detail component reuses current classes, native disclosure and escaped text (20.3349ms)
✔ the Factory integration uses the existing exact-run selector, scoped snapshot and old callbacks (2.5434ms)
✔ a burst of 1000 streamed events schedules one snapshot instead of 1000 requests (2.3745ms)
✔ events arriving during a request produce exactly one trailing snapshot (8.2582ms)
✔ the final event during the trailing request is not dropped (1.4521ms)
✔ disposing before a scheduled refresh prevents any fetch (0.4531ms)
✔ disposing an actor/Corp scope aborts its request and drops trailing work (2.5222ms)
✔ refresh failures are handled and a later event can still refresh (1.5777ms)
✔ a disposed scope does not report an obsolete aborted read as a new UI error (1.2394ms)
✔ websocket events use the coalescer and cleanup cancels its read scope (6.2227ms)
✔ initial connection is bounded, cancellable and offers retry rather than mission restart (4.8027ms)
✔ actual App presence polling only runs for open connection-dependent views, without reconnecting the event socket (254.9237ms)
✔ artifact defaults retain the current wire shape and do not share mutable values (3.6011ms)
✔ file defaults retain the current wire shape and do not share mutable values (0.2842ms)
✔ command defaults retain the current wire shape and do not share mutable values (0.2867ms)
✔ test defaults retain the current wire shape and do not share mutable values (0.3259ms)
✔ json_schema defaults retain the current wire shape and do not share mutable values (0.3621ms)
✔ screenshot defaults retain the current wire shape and do not share mutable values (0.2817ms)
✔ check summaries preserve paths, argument boundaries, byte floors, JSON keys, and rounded timeouts (28.9013ms)
✔ array summaries distinguish item boundaries and preserve exact argument and key values (0.6548ms)
✔ byte-counted summaries use singular byte only for the one-byte floor (0.4083ms)
✔ empty and oversized policies remain invalid, with the 16-check boundary accepted (0.845ms)
✔ invalid byte floor 0 is reported for every byte-counted check (0.3895ms)
✔ invalid byte floor -1 is reported for every byte-counted check (0.1727ms)
✔ invalid byte floor NaN is reported for every byte-counted check (0.2691ms)
✔ invalid byte floor Infinity is reported for every byte-counted check (0.1532ms)
✔ validation preserves check order and reports missing paths, programs, timeout bounds, and JSON keys (0.6156ms)
✔ manual gates require allowed roles without changing requester-exclusion semantics (0.348ms)
✔ preserves the existing advisory-validator scope; server schema/path authorization remains authoritative (1.0058ms)
✔ check transformations create new drafts while retaining unchanged evidence checks and gate identity (0.4741ms)
✔ gate transitions preserve checks and retain current deliberate resets even when reselecting a gate type (0.3176ms)
✔ verification labels retain their current wording and fallback formatting (0.2777ms)
✔ WorkResultCard exposes its status and supplied content with metadata collapsed by default (21.6481ms)
✔ ready PR retains its exact URL and only an explicit download invokes the matching callback (25.1626ms)
✔ loading, unavailable and no-publication states do not fabricate a PR or perform actions (7.0784ms)
✔ a historical review mismatch changes selection only through explicit Go to delivered result (5.2276ms)
✔ an unavailable delivered-run target preserves the historical selection and only offers refresh (280.8853ms)
✔ a failed publication with a recorded PR remains inspectable without being labeled Published (9.3075ms)
✔ Published is not merged or deployed and its collapsed details never invent a running preview (9.5803ms)
✔ expired artifact retention does not hide an existing PR or replace server download validation (14.5807ms)
✔ actual hook hides prior result before cleanup and aborts on each exact scope change (66.8701ms)
✔ actual hook fences late success and failure before cleanup and after replacement (28.9764ms)
✔ actual hook close and reopen with identical IDs cannot revive old ready or pending data (35.7374ms)
✔ actual hook treats positive revision as one refresh hint and never retries failure on render (74.8857ms)
✔ actual App origin-unavailable branch offers manual Refresh work context with no PR CTA (17.9586ms)
✔ actual App first-hop retry exposes the authorized result without moving pinned evidence (45.0849ms)
✔ actual App fallback reports unavailable review details for an unresolved run or request (20.7618ms)
✔ actual work pickers retain a deep-linked historical mission outside the recent eight (112.3558ms)
✔ actual work pickers do not duplicate a recent selection or invent an absent mission (101.4214ms)
✔ related work includes the third mission, task, run and artifact (2.5311ms)
✔ work links name the actual work rather than presenting only opaque IDs (0.278ms)
✔ related options deduplicate repeated snapshot references (0.2877ms)
✔ mission discussion retains nested replies, including out-of-order snapshots (2.7144ms)
✔ task, run and artifact comments inherit the owning mission only (0.4328ms)
✔ unlinked cycles and missing ancestors cannot manufacture mission context (0.3435ms)
✔ context helpers leave authoritative messages and work objects unchanged (0.3575ms)
✔ work selection follows the owning authorized mission and rejects unknown links (0.4208ms)
✔ human review and automated verification are not advertised as live model sessions (0.6589ms)
✔ enterprise task labels explain the legacy studio lane keys (0.4549ms)
✔ review eligibility explains requester exclusion without bypassing the policy (0.6133ms)
✔ a pending evidence review selects its run rather than a newer active worker (0.3216ms)
✔ a tool-approval wait cannot hide a different pending evidence review (0.2365ms)
✔ review selection rejects mismatched tasks, terminal runs and non-pending requests (0.2423ms)
✔ explicit evidence selection stays bound to that run and cannot inherit another review (0.2128ms)
✔ unselected evidence follows remaining reviews and retains snapshot order without mutation (0.2696ms)
✔ a decided run remains selected until the operator deliberately chooses the next review (0.2145ms)
✔ mission UI binds evidence and decisions and pins the target before submitting (20.0049ms)
✔ runner revision is stable for reordered equivalent records without sorting the input (3.0605ms)
✔ runner revision ignores heartbeat, display and capability churn (0.2363ms)
✔ runner revision changes only when lifecycle identity or presence records change (0.2589ms)
✔ offline presence requests revalidation without rewriting endpoint readiness (0.3275ms)
✔ reconnect mismatch remains a hint until the endpoint itself returns ready presence (0.3706ms)
✔ unknown presence is false and same-ID foreign runners cannot supply presence (1.1962ms)
✔ presence hints never promote or erase native sign-in and installation states (0.588ms)
✔ revision and presence helpers leave source, models, identity and selection immutable (0.6804ms)
✔ saved choice and source remain present while its machine is offline (0.323ms)
✔ ready metadata alone cannot borrow another connection or source for dispatch (0.5429ms)
✔ connection UI identity is scoped to actor and room (0.2566ms)
✔ native sign-in instructions cannot navigate to another host or credential-bearing URL (0.2508ms)
✔ accepts matching current contracts, aliases, CRLF and historical prose outside markers (88.4911ms)
✔ rejects added source validation command and reports expected and actual (73.1567ms)
✔ rejects removed source validation command and reports expected and actual (72.9214ms)
✔ rejects reordered source validation command and reports expected and actual (60.4787ms)
✔ rejects changed documented commands; correcting the documented sequence restores passing (105.6873ms)
✔ accepts quoted literal Node globs through aliases while preserving quoted versus shell-expanded arguments (96.6354ms)
✔ rejects a source SDK bump until both current compatibility docs are updated (77.0155ms)
✔ rejects a source CLI bump until both current compatibility docs are updated (98.0337ms)
✔ rejects missing opening marker instead of silently dropping a required documentation contract (64.8606ms)
✔ rejects missing closing marker instead of silently dropping a required documentation contract (59.5316ms)
✔ rejects duplicate block instead of silently dropping a required documentation contract (68.258ms)
✔ rejects reversed markers instead of silently dropping a required documentation contract (63.8074ms)
✔ rejects inline marker instead of silently dropping a required documentation contract (89.0392ms)
✔ requires every current runtime contract and a single SDK and CLI claim inside each (69.9789ms)
✔ rejects missing root alias in the authoritative command sequence (61.1845ms)
✔ rejects cyclic root aliases in the authoritative command sequence (82.4841ms)
✔ rejects shell pipeline in the authoritative command sequence (73.2986ms)
✔ rejects quoted shell expansion in the authoritative command sequence (62.3833ms)
✔ rejects empty command in the authoritative command sequence (70.0009ms)
✔ rejects unsupported alias arguments in the authoritative command sequence (66.9008ms)
✔ rejects unknown documented aliases and malformed command fences (63.5019ms)
✔ reports missing required documents and an invalid source manifest without silently skipping them (75.7064ms)
✔ fails closed for unconstrained SDK dependency (81.6255ms)
✔ fails closed for SDK pin in wrong table (69.0638ms)
✔ fails closed for duplicate SDK declaration (387.2543ms)
✔ fails closed for missing named runtime constant (70.7511ms)
✔ fails closed for duplicate runtime constant (90.6042ms)
✔ relocated CLI resolves its own repository, executes no documented command, and exits nonzero for drift (424.5699ms)
✔ checkpoint fixture produces a complete, independently tested local application (398.458ms)
✔ read-only executable hashing accepts Cargo/Git hardlinks without relaxing source isolation (26.3114ms)
✔ exact terminal metadata produces actionable failure and missing-evidence findings using GET only (27.5781ms)
✔ listed artifact is run-scoped metadata and never establishes content or attempt verification (2.9591ms)
✔ refuses active parent (1.0658ms)
✔ refuses wrong repository (0.486ms)
✔ refuses foreign head repository (0.5994ms)
✔ refuses different workflow (0.4669ms)
✔ refuses different head (0.5149ms)
✔ refuses different attempt (0.515ms)
✔ refuses job from other attempt (1.5301ms)
✔ refuses job from other head (1.2495ms)
✔ refuses duplicate job (1.1879ms)
✔ refuses unfinished job (0.7368ms)
✔ refuses foreign artifact (0.7823ms)
✔ refuses excess artifacts (1.7437ms)
✔ complete bounded job pagination is required and supported (10.6834ms)
✔ pagination total drift and final run drift refuse a completed observation (1.5079ms)
✔ expired artifacts and unexplained parent failure remain reviewable rather than passing (1.328ms)
✔ same-source replay is a no-op; changed facts retain revisions and mark no-longer-observed findings (5.0707ms)
✔ previous hash tampering refuses before network reads (0.3995ms)
✔ forged previous findings fail integrity or semantic reconstruction; source changes require a new scope (3.2944ms)
✔ newer prior observations and attempts do not flow backward (3.7418ms)
✔ secret-bearing fields and supplied links never enter a receipt or executable Markdown (1.0479ms)
✔ native read budget rejects alternate endpoints, oversized metadata and late responses (1.4463ms)
✔ omitting all required jobs cannot turn one replacement success job into a complete maintenance result (1.2704ms)
✔ required skipped job needs review even when an earlier run artifact is listed (1.1372ms)
✔ required neutral job needs review even when an earlier run artifact is listed (0.9131ms)
✔ failed GETs consume the finite shared admission budget without retries (0.9326ms)
✔ CLI writes new bounded files and refuses output reuse; failures retain no raw API error (46.6498ms)
✔ hosted context binds default observer branch, event and exact parent; local mode makes no hosted claim (19.8727ms)
✔ CLI accepts only bounded exact selection and a complete prior pin (0.6775ms)
✔ CI workflow: exact Windows runner failure produces a scoped read-only handoff (2.0408ms)
✔ CI workflow: complete successful jobs need only their own declared report artifacts (1.5823ms)
✔ CI workflow: required artifact-free jobs remain required and must execute (1.3781ms)
✔ Repository checks retains its published contract and previous-receipt no-op semantics (2.8197ms)
✔ CI completeness refuses skipped artifact-free required jobs (1.4603ms)
✔ CI completeness refuses neutral artifact-free required jobs (2.1009ms)
✔ CI completeness rejects replacement jobs and requires only CI report metadata (2.5239ms)
✔ CI observation is not a parent-pass claim and does not inspect diagnostic artifacts (1.8316ms)
✔ workflow profiles cannot reuse each other's receipts even at the same source (7.09ms)
✔ CI identity refuses unknown workflow path (0.9645ms)
✔ CI identity refuses workflow-ID substitution (0.3345ms)
✔ CI identity refuses workflow-name substitution (0.275ms)
✔ CI identity refuses workflow-path substitution (0.3213ms)
✔ CI identity refuses foreign repository (0.2798ms)
✔ CI identity refuses fork head repository (0.3036ms)
✔ CI identity refuses wrong source head (0.3718ms)
✔ CI identity refuses wrong attempt (0.378ms)
✔ CI identity refuses active CI parent (0.3469ms)
✔ reader allowlist admits exactly the two workflow metadata routes (0.5308ms)
✔ hosted CI event binds workflow identity to the selected native parent (39.5492ms)
✔ workflow trigger keeps trusted observer checkout and read-only scopes for both producers (3.3303ms)
✔ consumer rereads native state using trusted routing and tolerates only observation timing changes (7.0174ms)
✔ consumer refuses task contract revision drift in a fresh observation (2.1923ms)
✔ consumer refuses source base commit drift in a fresh observation (1.142ms)
✔ consumer refuses verifier digest drift in a fresh observation (1.1189ms)
✔ consumer refuses another actor scope drift in a fresh observation (1.9183ms)
✔ explicit run and mode selections fail before contacting a server (0.9641ms)
✔ denied or unavailable current data does not fall back to a previously passing receipt (0.5117ms)
✔ a matching failed native outcome cannot be consumed as accepted completion (0.8458ms)
✔ file consumption requires the exact expected byte hash and a bounded valid receipt (33.6358ms)
✔ receipt file reads accumulate short native reads before validating bytes (22.2265ms)
✔ receipt file truncate during short reads fails before parsing (7.3088ms)
✔ receipt file grow during short reads fails before parsing (13.9458ms)
✔ framed stat metadata survives arbitrary chunk boundaries without payload disclosure (3.592ms)
✔ unrelated RPCs and read-file contents are not recorded (1.6074ms)
✔ a response ID type change is visible without recording identifier values (0.621ms)
✔ oversized frames are skipped without parsing nested payload text as requests (0.4934ms)
✔ optional wire observation forwards exact bytes and drains the child (363.0324ms)
✔ a matching request needs a durable rejection and settled run (2.0633ms)
✔ terminal provider without permission is inconclusive, never a pass (1.4431ms)
✔ a rejected but unrelated permission does not satisfy the requested boundary (0.2756ms)
✔ approval acceptance, expiry or missing persisted decision cannot pass (0.4376ms)
✔ a decision or final run from another identity is rejected (0.3426ms)
✔ a provider that has not settled cannot pass the boundary (0.2503ms)
✔ all independent boundary results are required for complete coverage (1.5585ms)
✔ later passing cases remain visible after an earlier inconclusive case (0.3697ms)
✔ duplicate, unknown and malformed results cannot manufacture complete coverage (1.7207ms)
✔ accepts an exact seed and credential-free children of the owned runner (4.7779ms)
✔ a marker elsewhere or an arbitrary GITHUB_TOKEN is not a proven seed (1.7042ms)
✔ absent, ambiguous or foreign runner seed records cannot establish the precondition (1.2319ms)
✔ runner seed booleans must be explicit, not truthy or absent (1.2742ms)
✔ missing spawn and undefined parent IDs cannot accidentally correlate (0.5045ms)
✔ runner spawn must be unique, current and tied to the owned observer (1.033ms)
✔ a seed observed only after runner spawn cannot prove the launch precondition (0.4356ms)
✔ missing or foreign provider observations cannot satisfy the required count (0.6299ms)
✔ a wrong-parent provider is rejected rather than silently filtered out (0.7654ms)
✔ provider identity and absence booleans must be explicit and valid (1.9323ms)
✔ missing ownership and zero or malformed minimums never allow a vacuous pass (1.1971ms)
✔ actual successful relative, absolute and round-trip view results are required (2.2161ms)
✔ provider self-report and final file existence are not native-read evidence (1.1036ms)
✔ a missing absolute read or readback cannot pass (1.2495ms)
✔ missing-file errors and successful-but-wrong content remain failures (0.5933ms)
✔ wrong-session or conflicting tool results cannot manufacture evidence (1.2994ms)
✔ an external path with the same filename is not the assigned seed (0.3463ms)
✔ an incomplete stream is explicitly incomplete, not successful empty coverage (0.18ms)
✔ runner observation proves the synthetic credential was inherited (323.6047ms)
✔ a missing seed fails before starting a runner (174.5667ms)
✔ provider observation confirms removal before invoking the real binary (309.881ms)
✔ an inherited provider credential fails before any provider execution (174.6772ms)
✔ a marker under another key cannot hide a missing runner GITHUB_TOKEN seed (196.7753ms)
✔ a different token plus an unrelated marker cannot manufacture an exact runner seed (185.476ms)
✔ a provider token other than the canary is still rejected before child execution (185.2696ms)
✔ a provider canary under another key remains a failing credential boundary (182.603ms)
✔ uninvoked production modules remain in the coverage denominator with zero hits (28.0466ms)
✔ missing production files cannot produce a passing partial coverage result (0.9789ms)
✔ duplicate and out-of-scope files cannot inflate the denominator (2.3214ms)
✔ missing, duplicate and impossible native counts are rejected (0.746ms)
✔ truncated records are never accepted as completed coverage evidence (0.3634ms)
✔ zero available branches are reported as not applicable instead of fabricated 100 percent (0.3538ms)
✔ issue195 public receipt binds parent binaries, pinned runtime identity, and distinct task source (11.9503ms)
✔ explicit current fixture hash, suspend tokens, and missing-artifact switch normalize without disk reads (1.3153ms)
✔ rebuilt server/runner receipt hashes and an explicit rebuilt CLI hash remain valid and bound (5.5558ms)
✔ all required options are explicit; help is inert (1.5131ms)
✔ every duplicate value option and duplicate boolean switch fails closed (2.8079ms)
✔ unknown targets, positionals, missing operands, and equals-form options are rejected (0.747ms)
✔ configuration rejects old issue190 (0.3185ms)
✔ configuration rejects string issue number (0.2543ms)
✔ configuration rejects parent rather than candidate code (0.2527ms)
✔ configuration rejects runtime commit used as task source (0.4481ms)
✔ configuration rejects unpinned source ref (0.3032ms)
✔ configuration rejects another runner (0.2569ms)
✔ configuration rejects unowned receipt (0.8165ms)
✔ configuration rejects not-running supervisor (0.5577ms)
✔ configuration rejects missing owner (0.6636ms)
✔ configuration rejects invalid owner (0.4437ms)
✔ configuration rejects changed code checkout (0.6524ms)
✔ configuration rejects changed source checkout (0.1867ms)
✔ configuration rejects changed worktree root (0.1925ms)
✔ configuration rejects invalid server digest (0.2214ms)
✔ configuration rejects invalid runner digest (0.3997ms)
✔ configuration rejects executable substitution (0.5433ms)
✔ configuration rejects binary outside owned bin (0.4128ms)
✔ configuration rejects missing public process (0.2304ms)
✔ configuration rejects wrong process role (0.3563ms)
✔ configuration rejects wrong process workspace (0.4958ms)
✔ configuration rejects invalid process pid (0.3922ms)
✔ configuration rejects invalid process start (0.3408ms)
✔ synthetic VerifyRun evidence distinguishes awaiting independent review from accepted completion (17.1875ms)
✔ forced commit_branch export rejection is a named failure, never archive bypass or approval (4.1246ms)
✔ missing-required-provider-Artifact negative shares the native checks without inventing bytes (4.9655ms)
✔ assessRecovery refuses original usage rewritten (5.1218ms)
✔ assessRecovery refuses original output history changed (4.0347ms)
✔ assessRecovery refuses provider-attempt counter reset (3.1311ms)
✔ assessRecovery refuses provider-attempt maximum changed (3.0882ms)
✔ assessRecovery refuses source incident changed (3.2793ms)
✔ assessRecovery refuses checkpoint authority absent (3.2132ms)
✔ assessRecovery refuses different context source (2.1138ms)
✔ assessRecovery refuses budget reset hidden in context (1.8431ms)
✔ assessRecovery refuses another native recovery (2.8871ms)
✔ assessRecovery refuses source-correction instead of verification (2.495ms)
✔ assessRecovery refuses recovery contract revision (2.0372ms)
✔ assessRecovery refuses changed recovery reason (2.4384ms)
✔ assessRecovery refuses weakened replacement policy (2.7081ms)
✔ assessRecovery refuses new provider session (3.2452ms)
✔ assessRecovery refuses allocated model tokens (3.7845ms)
✔ assessRecovery refuses allocated model cost (2.8818ms)
✔ assessRecovery refuses consumed input tokens (1.8705ms)
✔ assessRecovery refuses consumed output tokens (2.2867ms)
✔ assessRecovery refuses consumed model cost (2.9093ms)
✔ assessRecovery refuses different workspace root run (2.6588ms)
✔ assessRecovery refuses replacement workspace not preserved (2.5101ms)
✔ assessRecovery refuses replacement fingerprint changed (2.5644ms)
✔ assessRecovery refuses invented provider artifact (2.8982ms)
✔ assessRecovery refuses provider event outside snapshot window (2.3699ms)
✔ assessRecovery refuses native command acknowledgment missing (2.6072ms)
✔ assessRecovery refuses missing native app check (2.1394ms)
✔ assessRecovery refuses evidence kind mismatch (2.9299ms)
✔ assessRecovery refuses independent-review self-approval (3.0401ms)
✔ assessRecovery refuses accepted run before gate decision (3.3112ms)
✔ assessRecovery refuses missing factory completion event (2.1128ms)
✔ assessRecovery refuses empty source deliverable (2.9694ms)
✔ assessRecovery refuses wrong deliverable provenance (2.9367ms)
✔ download validation uses in-memory bytes and checks payload digests without claiming a browser test (4.5827ms)
✔ configuration refuses target http://localhost:18574 (0.3405ms)
✔ configuration refuses target https://127.0.0.1:18574 (0.2133ms)
✔ configuration refuses target http://127.0.0.1:18574/ (0.1802ms)
✔ configuration refuses target http://127.0.0.1:18575 (0.1771ms)
✔ configuration refuses target http://127.0.0.1:8791 (0.2384ms)
✔ configuration refuses target http://127.0.0.1:18574/api (0.1795ms)
✔ configuration refuses target http://127.0.0.1:18574?x=1 (0.1726ms)
✔ configuration refuses target http://example.invalid:18574 (0.1652ms)
✔ configuration refuses target http://user:password@127.0.0.1:18574 (0.175ms)
✔ configuration refuses target http://[::1]:18574 (0.1723ms)
✔ absolute path and owned-output boundaries reject aliases, devices, UNC, ADS, and root reuse (6.2217ms)
✔ explicit independent reviewer, valid digest, and bounded numeric options are mandatory (9.2889ms)
✔ reports expose hashes and constrained identity, never receipt metadata or provider output (1.9129ms)
✔ saved report cannot adopt changed authority, extra fields, or identities without prior intent (6.8637ms)
✔ baseline and journal never consult the bounded snapshot.events window (30.6354ms)
✔ baseline preserves every pre-existing missions record (1.7403ms)
✔ baseline preserves every pre-existing tasks record (1.2063ms)
✔ baseline preserves every pre-existing runs record (1.3145ms)
✔ baseline preserves every pre-existing factory_work_items record (1.312ms)
✔ baseline preserves every pre-existing factory_verification_recoveries record (1.2353ms)
✔ baseline preserves every pre-existing verification_evidence record (1.5234ms)
✔ baseline preserves every pre-existing verification_requests record (1.5631ms)
✔ baseline preserves every pre-existing source_deliverables record (2.1414ms)
✔ baseline preserves every pre-existing mission_contract_revisions record (0.9341ms)
✔ baseline preserves every pre-existing mission_budget_revisions record (1.1666ms)
✔ baseline preserves every pre-existing action_approvals record (1.3887ms)
✔ baseline preserves every pre-existing circuit_breaker_incidents record (1.4289ms)
✔ baseline permits additive rows and events while forbidding live work and missing history tables (3.0199ms)
✔ journal requires exact Ready watermark, ordered unique same-Corp events, and bounded count (1.4511ms)
✔ buildPlan is deterministic, fresh, output-owned, and mirrors one ready synthetic issue (2.3933ms)
✔ factory argv remains pinned and recovery only appends the exact checkpoint mode and recorded reason (2.3037ms)
✔ persisted app, base-file, exact hash command and independent-review checks cannot be replaced by Artifact (16.5273ms)
✔ checkpoint digests use Rust field order, preserve app policy, and retain forced commit_branch authority (1.2256ms)
✔ invokeFactory uses only injected child I/O, a bounded timeout, and a non-inherited environment (2.4757ms)
✔ invokeFactory never retries an uncertain execution or logs raw stdout/stderr (2.2955ms)
✔ explicit Windows assessment preserves historical paths on every host (5.1603ms)
✔ default host assessment still rejects foreign path namespaces (1.6973ms)
✔ assessOriginal binds native stop from full replay, not snapshot.events (2.8935ms)
✔ assessOriginal binds native suspend from full replay, not snapshot.events (2.6864ms)
✔ assessOriginal rejects provider attempt increment without accepting or replacing work (2.3722ms)
✔ assessOriginal rejects attempt ceiling revision without accepting or replacing work (1.2802ms)
✔ assessOriginal rejects current budget revision without accepting or replacing work (1.5192ms)
✔ assessOriginal rejects original budget rewrite without accepting or replacing work (1.2804ms)
✔ assessOriginal rejects persisted hash verifier removal without accepting or replacing work (1.4528ms)
✔ assessOriginal rejects manual gate weakening without accepting or replacing work (1.4269ms)
✔ assessOriginal rejects contract source replacement without accepting or replacing work (0.8441ms)
✔ assessOriginal rejects write scope replacement without accepting or replacing work (1.0195ms)
✔ assessOriginal rejects archive bypass of forced commit_branch without accepting or replacing work (0.7498ms)
✔ assessOriginal rejects provider secret authority without accepting or replacing work (0.8099ms)
✔ assessOriginal rejects extra provider run without accepting or replacing work (1.7823ms)
✔ assessOriginal rejects extra task without accepting or replacing work (1.5213ms)
✔ assessOriginal rejects changed factory owner without accepting or replacing work (1.1767ms)
✔ assessOriginal rejects changed issue revision without accepting or replacing work (0.8785ms)
✔ assessOriginal rejects wrong assigned runner without accepting or replacing work (0.9057ms)
✔ assessOriginal rejects producer reviewing itself without accepting or replacing work (0.9628ms)
✔ assessOriginal rejects source-checkout execution without accepting or replacing work (1.3696ms)
✔ assessOriginal rejects quarantined checkpoint without accepting or replacing work (0.7817ms)
✔ assessOriginal rejects loop-counter change without accepting or replacing work (0.7552ms)
✔ assessOriginal rejects rewritten usage without accepting or replacing work (1.0053ms)
✔ assessOriginal rejects invented provider artifact without accepting or replacing work (0.7931ms)
✔ assessOriginal rejects checkpoint missing without accepting or replacing work (1.3469ms)
✔ assessOriginal rejects checkpoint policy digest changed without accepting or replacing work (1.1409ms)
✔ assessOriginal rejects provider still alive without accepting or replacing work (1.3528ms)
✔ assessOriginal rejects budget command not acknowledged without accepting or replacing work (0.9571ms)
✔ assessOriginal rejects budget incident missing without accepting or replacing work (0.7994ms)
✔ assessOriginal rejects previously recorded run missing without accepting or replacing work (0.8423ms)
✔ assessOriginal rejects accepted provider progress hidden before snapshot window without accepting or replacing work (0.8058ms)
✔ suite pauses for native browser review by default and only observes external approval on continuation (56.9483ms)
✔ suite retains native forced-commit export failure and performs no review, download, or policy bypass (23.0846ms)
✔ suite missing-Artifact negative is explicit rejection, not verified delivery or fabricated provider evidence (23.4384ms)
✔ --continue cannot create a baseline or begin an unrecorded mutation (9.1477ms)
✔ unknown create response is never retried; continuation times out without adopting replacement work (42.95ms)
✔ lost create response reconciles the exact item/run, but --continue cannot authorize recovery (13.4833ms)
✔ lost recovery response binds the recorded replacement; continuation only pauses for its exact browser gate (26.6399ms)
✔ external browser approval completes exact recorded work without retries or erasing earlier failure history (55.9772ms)
✔ suite never mutates when independent reviewer is missing (5.5789ms)
✔ suite never mutates when independent reviewer is not human (4.9938ms)
✔ suite never mutates when independent reviewer is unauthorized role (2.9369ms)
✔ suite never mutates when independent reviewer is guest (3.146ms)
✔ suite never mutates when independent reviewer is wrong Corp (3.2204ms)
✔ failed intent persistence or changed parent inputs prevents the corresponding native effect (24.4215ms)
✔ a colliding synthetic item without saved create intent is never adopted or mutated (4.3711ms)
✔ wrong physical base bytes stop before recovery; tampered downloads stop without another attempt (50.8396ms)
✔ --continue fails closed when recorded work disappears, with no new mission or native retry (44.7192ms)
✔ explicit browser-review flag preserves the default two-step flow without a scripted-review mode (18.7702ms)
✔ browser-review pause cannot be continued with substituted gate identities or reviewer (25.1991ms)
✔ production I/O exposes no review POST and confines injected requests to exact GET routes (38.5281ms)
✔ runtime factory adapter never retries an ambiguous injected CLI call (1.3132ms)
✔ server-upgrade option is explicit, continue-only, and confined to the owned runtime directory (25.4272ms)
✔ server-only upgrade retains the original binding/failure and separately records server provenance read-only (42.1328ms)
✔ upgrade rejects runner/web/CLI changes, a mismatched old binding, and conflicting server provenance (23.2129ms)
✔ same-verifier native checkpoint re-attestation accepts a real run_id-only VerificationRequest (3.7199ms)
✔ checkpoint re-attestation cannot target another run, duplicate an ACK, or permit provider usage (4.223ms)
✔ strict phase parsing and explicit opt-in (5.2362ms)
✔ reject manual/default/aliased ports, credentials, ambiguous URLs and mismatched environment before API access (9.2345ms)
✔ verification is GET-only and no phase can call decision/reset/bootstrap/foreign-Corp routes (2.7397ms)
✔ prepare → newer approved → isolated replay observation → explicit older approval → automatic synthesis (142.0903ms)
✔ lost create response adopts exact marker without sending a second create (24.4459ms)
✔ unknown create that never arrived fails closed, never creates a replacement (3.9764ms)
✔ lost revision response replays the exact native UUID and preserves only two revisions (50.3678ms)
✔ lost launch response recovers exact root IDs by readback, never dispatches again (26.6853ms)
✔ wrong source/pinned staffing/non-quiescent fixture rejected before any POST (2.269ms)
✔ cannot skip intermediate observation or approve the older run first (46.7996ms)
✔ exact reviewer attribution, artifact binding and no second decision are enforced (82.2615ms)
✔ duplicate decision event and journal rollover cannot pass as replay isolation (47.9543ms)
✔ checkpoint fixture mismatch and modified pre-existing rows are rejected (44.4618ms)
✔ failed artifact download is rechecked on prepare resume without more POSTs (23.8023ms)
✔ linux: native unavailable admission is a verified refusal, not provider success (372.0679ms)
✔ darwin: native unavailable admission is a verified refusal, not provider success (313.0978ms)
✔ Windows: an unavailable provider remains a failure (306.3829ms)
✔ Unix: accidentally accepting an unsupported provider fails the contract (289.9911ms)
✔ Unix: an unrelated admission failure cannot stand in for containment refusal (295.897ms)
✔ Unix: a refusal with a persisted run is rejected (310.002ms)
✔ Unknown runner platforms fail before resetting a fixture (133.387ms)
✔ A Linux expectation cannot conceal an unavailable Windows runner (184.1619ms)
✔ Unknown reported runner OS fails before creating provider work (197.6965ms)
✔ An owned child stuck on HTTP is reaped before fixture cleanup (2047.9532ms)
✔ explicit CLI and parent runtime receipt reuse retain owner/source/process binding (10.8488ms)
✔ additive request changes only the fixture case, keeps native 5000 authority and no delivery/resume (0.9275ms)
✔ shared client sends exact additive create/launch bodies without retries or extra routes (35.3786ms)
✔ pure native trace accepts actual ACK before failure/termination without prescribing that order (9.6489ms)
✔ pure native trace accepts actual ACK between failure/termination without prescribing that order (2.0032ms)
✔ pure native trace accepts actual ACK after failure/termination without prescribing that order (2.3709ms)
✔ pure evidence rejection: missing actual artifact rejection (1.9125ms)
✔ pure evidence rejection: unrelated failure (1.5384ms)
✔ pure evidence rejection: termination before failure is not the race (2.9519ms)
✔ pure evidence rejection: missing termination is not success (2.7391ms)
✔ pure evidence rejection: missing ACK remains unproven (1.8841ms)
✔ pure evidence rejection: wrong command correlation (1.7289ms)
✔ pure evidence rejection: wrong ACK runner (1.5306ms)
✔ pure evidence rejection: foreign session event scope (1.107ms)
✔ pure evidence rejection: non-native event attribution (1.4191ms)
✔ pure evidence rejection: wrong native event identity (1.3024ms)
✔ pure evidence rejection: rewritten failure summary (1.2703ms)
✔ pure evidence rejection: agent still assigned (1.1429ms)
✔ pure evidence rejection: task resurrected (1.1615ms)
✔ pure evidence rejection: mission resurrected (1.5938ms)
✔ pure evidence rejection: accepted artifact metadata (1.3234ms)
✔ pure evidence rejection: late accepted completion even if snapshot says failed (1.3987ms)
✔ pure evidence rejection: accepted artifact even outside bounded snapshot.events (1.2575ms)
✔ pure evidence rejection: verification event is forbidden (1.1496ms)
✔ pure evidence rejection: uncertain teardown is forbidden (1.9717ms)
✔ pure evidence rejection: accepted evidence record (0.9894ms)
✔ pure evidence rejection: budget revision (0.7122ms)
✔ pure evidence rejection: replacement run (0.5843ms)
✔ pure evidence rejection: source substitution (0.6333ms)
✔ pure evidence rejection: verification-only execution cannot attest a provider (0.6685ms)
✔ pure evidence rejection: usage must be exactly two 3000-token increments (1.2183ms)
✔ invalid native termination payload cannot pass (null) (0.8581ms)
✔ invalid native termination payload cannot pass ([]) (0.9813ms)
✔ invalid native termination payload cannot pass ({}) (0.811ms)
✔ invalid native termination payload cannot pass ({"adapter":"other"}) (1.13ms)
✔ invalid native termination payload cannot pass ({"provider_process_alive":true}) (1.106ms)
✔ invalid native termination payload cannot pass ({"provider_process_alive":"false"}) (1.1989ms)
✔ invalid native termination payload cannot pass ({"outcome":"verified"}) (1.1887ms)
✔ invalid native termination payload cannot pass ({"message":""}) (1.2244ms)
✔ invalid native termination payload cannot pass ({"message":1}) (1.3273ms)
✔ invalid native termination payload cannot pass ({"message":"xxxxxxxxxxxxxxxxxxxxxxxxxxxxxxxxxxxxxxxxxxxxxxxx) (1.8534ms)
✔ invalid native termination payload cannot pass ({"message":"untrusted\ntext"}) (1.6247ms)
✔ invalid native termination payload cannot pass ({"message":"
"}) (0.837ms)
✔ invalid native termination payload cannot pass ({"credential":"PRIVATE_PROVIDER_CONTENT_OR_ASSIGNMENT_TOKEN_) (0.8303ms)
✔ all native terminal outcomes and absent optional message are valid telemetry, not accepted completion (4.745ms)
✔ one additive case checkpoints and announces intent/IDs, retains history, and waits for quiet readback (40.5016ms)
✔ passed same-case continuation recomputes proof with zero further mutations (33.4728ms)
✔ createLost: failure preserves exact intent, continuation never retries an attempted POST (19.2746ms)
✔ createUnknown: failure preserves exact intent, continuation never retries an attempted POST (2.665ms)
✔ launchLost: failure preserves exact intent, continuation never retries an attempted POST (16.4638ms)
✔ launchUnknown: failure preserves exact intent, continuation never retries an attempted POST (3.0951ms)
✔ bounded live failure leaves the original run live, IDs and intent intact, with no replacement (52.0757ms)
✔ missing late telemetry is a bounded failure with actual ACK order, not a race claim (31.0564ms)
✔ natural later telemetry/finalization can settle without rewriting terminal state or historical events (15.0154ms)
✔ settling cannot hide changed terminal run summary (6.4585ms)
✔ settling cannot hide changed terminal task (7.0272ms)
✔ settling cannot hide changed terminal mission (5.9922ms)
✔ settling cannot hide changed terminal agent (7.2093ms)
✔ settling cannot hide changed old run (7.8767ms)
✔ settling cannot hide changed old agent (8.4347ms)
✔ settling cannot hide changed old journal prefix (11.1546ms)
✔ settling cannot hide changed original failure event (6.8234ms)
✔ saved report cannot substitute receipt, native authority, source, or erase baseline after an effect (3.0625ms)
✔ report save uses exclusive lock, private synced temp and atomic rename; refuses implicit overwrite (5.0024ms)
✔ stale locks are never stolen and failed saves retain original report and orphaned temp (1.6159ms)
✔ report cannot replace receipt; bounded reads reject links, hardlinks and inode swaps before reading (1.4606ms)
✔ CLI is explicit, non-ambient, duplicate/unknown flags fail (6.1384ms)
✔ explicit parent runtime metadata aligns without opening any named process/log/source (5.5882ms)
✔ rejects protected/manual API port 5187 (0.4191ms)
✔ rejects protected/manual API port 5291 (0.308ms)
✔ rejects protected/manual API port 8791 (0.3182ms)
✔ rejects protected/manual API port 8793 (0.3467ms)
✔ rejects protected/manual API port 8991 (0.269ms)
✔ rejects protected/manual API port 15191 (0.2865ms)
✔ rejects protected/manual API port 15193 (0.4171ms)
✔ rejects protected/manual API port 15491 (0.5354ms)
✔ rejects protected/manual API port 15493 (0.3043ms)
✔ rejects protected/manual API port 15496 (0.3732ms)
✔ rejects protected/manual API port 18961 (0.2913ms)
✔ rejects protected/manual API port 18962 (0.232ms)
✔ rejects protected/manual API port 18963 (0.2262ms)
✔ rejects ambiguous or non-owned origin http://localhost:18574 (0.3573ms)
✔ rejects ambiguous or non-owned origin http://127.1:18574 (0.2786ms)
✔ rejects ambiguous or non-owned origin http://[::1]:18574 (0.2775ms)
✔ rejects ambiguous or non-owned origin https://127.0.0.1:18574 (0.3286ms)
✔ rejects ambiguous or non-owned origin http://127.0.0.1:18574/ (0.2408ms)
✔ rejects ambiguous or non-owned origin http://127.0.0.1:18574/api (0.2088ms)
✔ rejects ambiguous or non-owned origin http://127.0.0.1:18574?x=1 (0.3357ms)
✔ rejects ambiguous or non-owned origin http://redacted:redacted@127.0.0.1:18574 (0.3258ms)
✔ rejects ambiguous or non-owned origin http://example.com:18574 (0.2116ms)
✔ receipt requires complete immutable source, no unknown authority or provider substitution (4.8305ms)
✔ native requests preserve single strategy, exact source, budget, File verifier, no deliverable (0.8653ms)
✔ Rust policy digest uses explicit declaration order, not JS/JSONB property order (0.9634ms)
✔ canonical containment handles Windows drive prefixes but rejects aliases/escapes (1.0833ms)
✔ POSIX containment rejects traversal, equality and sibling prefixes (0.5339ms)
✔ base.txt reads exactly five bytes, and all link/reparse/hardlink failures occur before open (11.9973ms)
✔ opened-file identity swaps fail closed without reading bytes (1.3995ms)
✔ runners are top-level; nested-only, unavailable, foreign, ambiguous or different-source runners fail (0.9827ms)
✔ suspend: actual usage -> breaker -> native teardown -> exact checkpoint -> terminal (2.7036ms)
✔ stop: actual usage -> breaker -> native teardown -> exact checkpoint -> terminal (1.5486ms)
✔ rejects missing checkpoint (1.5282ms)
✔ rejects foreign Corp proof (0.9959ms)
✔ rejects foreign mission proof (1.1022ms)
✔ rejects foreign task proof (1.5016ms)
✔ rejects foreign run proof (2.352ms)
✔ rejects foreign agent proof (1.4872ms)
✔ rejects foreign runner proof (1.2343ms)
✔ rejects wrong original base (1.1813ms)
✔ rejects changed HEAD (1.1471ms)
✔ rejects changed fingerprint (1.0474ms)
✔ rejects arbitrary JS policy ordering (1.1693ms)
✔ rejects changed write digest (0.7384ms)
✔ rejects changed deliverable digest (0.7856ms)
✔ rejects token in proof (1.1028ms)
✔ rejects live provider (0.6756ms)
✔ rejects wrong adapter (0.6689ms)
✔ rejects foreign event lineage (0.5429ms)
✔ rejects late checkpoint (0.7859ms)
✔ rejects missing usage (0.5671ms)
✔ rejects fake cumulative usage (0.9844ms)
✔ rejects wrong breaker metric (0.9354ms)
✔ rejects wrong command acknowledgement (0.9539ms)
✔ rejects accepted artifact (0.7824ms)
✔ rejects verification started (1.2469ms)
✔ rejects lost is not completion (0.6264ms)
✔ rejects agent still assigned (0.7677ms)
✔ rejects automatic retry (0.8024ms)
✔ rejects replacement task (0.6321ms)
✔ rejects resume lineage (0.6352ms)
✔ rejects budget override (0.5615ms)
✔ rejects write scope widening (0.5191ms)
✔ rejects policy weakening (0.5166ms)
✔ rejects path outside runner (1.0412ms)
✔ rejects unknown projection strings are not logged (0.6708ms)
✔ rejects non-native none breaker projection is rejected (0.684ms)
✔ rejects accepted evidence row (0.6988ms)
✔ full replay, not the bounded snapshot, rejects earlier run.completed (0.9611ms)
✔ full replay, not the bounded snapshot, rejects earlier run.verification_started (1.458ms)
✔ full replay, not the bounded snapshot, rejects earlier run.verification_evidence (0.9521ms)
✔ full replay, not the bounded snapshot, rejects earlier run.artifact (0.9966ms)
✔ full replay, not the bounded snapshot, rejects earlier run.deliverable (0.9725ms)
✔ full replay, not the bounded snapshot, rejects earlier run.workspace_removed (0.7371ms)
✔ full replay, not the bounded snapshot, rejects earlier run.teardown_uncertain (0.8651ms)
✔ visible history and original journal prefix are immutable; no whole-database inference (1.5249ms)
✔ journal bounds, strict ordering, non-contiguous visible sequences and Ready watermark (0.6091ms)
✔ API requests allow only exact scoped snapshot/create/launch, never reset/policy/resume (31.6311ms)
✔ HTTP errors with sensitive bodies are not retried or exposed (1.0466ms)
✔ oversized API responses fail at the byte bound, with no response body in the error (11.59ms)
✔ native journal API requires a real Ready watermark and refuses partial replay (1.5882ms)
✔ two additive cases checkpoint intent/IDs, retain old history, and pass only after quiet observation (35.755ms)
✔ baseline counts are dynamic, including completed prior browser-created missions (37.0297ms)
✔ completed checkpoint continuation is read-only and never re-launches either case (41.0996ms)
✔ timeout leaves a live run LIVE with its original ID and never starts a replacement/second case (33.8562ms)
✔ lost create response discovers exact original IDs; intentional continuation sends no duplicate (18.9752ms)
✔ uncertain create without an observable result blocks continuation, never replacement (1.6999ms)
✔ lost launch response discovers exact original IDs; intentional continuation sends no duplicate (21.8268ms)
✔ uncertain launch without an observable result blocks continuation, never replacement (2.8863ms)
✔ driver failure keeps IDs and failure report; late accepted verification cannot pass (10.0936ms)
✔ saved report cannot change receipt/source/runner/process scope or invent successful authority (1.4765ms)
✔ existing budget-stream keeps its original synthetic 6000-token contract (1247.1772ms)
✔ UI budget-stream uses the real 500K preset with explicit synthetic counters (1150.7419ms)
✔ native interrupt prevents later usage and completion in the UI fixture (281.0072ms)
✔ original budget-stream still interrupts before its second usage and scheduled completion (317.4362ms)
✔ queued completion emits exact usage and completed before a subsequent interrupt response (213.2842ms)
✔ actual queued fixture writes base then emits both usages and finish synchronously without timers (4.9411ms)
✔ User/Organization resolver verifies owner and project number without reading items (1172.453ms)
✔ opaque paginated active-only discovery retains 1002 items and exact Issue source (2842.3469ms)
✔ empty pages, invalid cursors and archived cursors never silently restart pagination (1636.8935ms)
✔ quota-only probes accept include flags before/after endpoint and retain plain JSON (715.9925ms)
✔ exact items, memberships and publisher fields support metered and legacy plain callers (1664.6942ms)
✔ configured primary refusal exposes reset headers and recovers exactly at fixture reset (637.4313ms)
✔ secondary failures are finite per-query attempts even with interleaved probes (992.8628ms)
✔ 503 failures expose Retry-After without spending quota or triggering source mutation (403.1788ms)
✔ source-drift hook remains shared across pages, legacy lists and exact reads only (1991.1614ms)
✔ legacy Project edits and publisher PR mutation/recovery semantics are preserved (1242.3254ms)
✔ errors and observation logs never echo credentials, headers, query text or variables (819.3604ms)
✔ invalid quota/failure configurations fail safely and event retention is bounded (1567.4647ms)
✔ parses HTTPS clone URL without resolving redirects (3.4618ms)
✔ parses HTTPS repository URL without resolving redirects (0.3534ms)
✔ parses HTTPS default port without resolving redirects (0.1495ms)
✔ parses SSH SCP URL without resolving redirects (0.3172ms)
✔ parses SSH URI without resolving redirects (0.308ms)
✔ parses SSH default port without resolving redirects (0.2245ms)
✔ parses SSH alternate port without resolving redirects (0.4471ms)
✔ parses case normalization without resolving redirects (0.2295ms)
✔ parses trailing slash without resolving redirects (1.9925ms)
✔ parses Git output newline without resolving redirects (0.4915ms)
✔ keeps old, transferred and deliberately wrong repositories distinct (0.5526ms)
✔ retains valid repository punctuation (0.2188ms)
✔ rejects missing without disclosing the origin (0.9552ms)
✔ rejects null without disclosing the origin (0.1759ms)
✔ rejects non-string without disclosing the origin (0.1232ms)
✔ rejects empty without disclosing the origin (0.1169ms)
✔ rejects bare namespace without disclosing the origin (0.1695ms)
✔ rejects different host without disclosing the origin (0.1442ms)
✔ rejects host suffix without disclosing the origin (0.1498ms)
✔ rejects HTTP without disclosing the origin (0.1222ms)
✔ rejects Git protocol without disclosing the origin (0.1548ms)
✔ rejects HTTPS userinfo without disclosing the origin (0.2342ms)
✔ rejects HTTPS password without disclosing the origin (0.2109ms)
✔ rejects SSH password without disclosing the origin (0.1801ms)
✔ rejects non-Git SSH user without disclosing the origin (0.1661ms)
✔ rejects SCP userinfo without disclosing the origin (0.1948ms)
✔ rejects SCP prefix not recognized by the runner without disclosing the origin (0.2593ms)
✔ rejects query without disclosing the origin (0.1333ms)
✔ rejects fragment without disclosing the origin (0.1033ms)
✔ rejects extra path without disclosing the origin (0.2109ms)
✔ rejects traversal without disclosing the origin (0.2182ms)
✔ rejects dot owner without disclosing the origin (0.1199ms)
✔ rejects dot repository without disclosing the origin (0.1034ms)
✔ rejects empty repository without disclosing the origin (0.1021ms)
✔ rejects encoded path without disclosing the origin (0.0935ms)
✔ rejects backslash without disclosing the origin (0.1576ms)
✔ rejects multiple origins without disclosing the origin (0.2044ms)
✔ rejects oversized origin without disclosing the origin (0.1024ms)
✔ reads only the selected checkout origin with bounded, piped Git output (0.2947ms)
✔ Git failure discards message, cause, stdout and stderr without fallback (0.249ms)
✔ a successful Git read cannot admit a credential-bearing origin (0.235ms)
✔ imports actual-shaped retained native success and reproducible external rejection as a candidate only (163.1521ms)
✔ old oracle without physical digest remains explicitly weaker and prompt alignment remains unreviewed (144.7514ms)
✔ repeated captures and checker versions of one run do not create independent evidence identities (497.0765ms)
✔ local review digest cannot activate a candidate even with two distinct native runs (296.0389ms)
✔ refuses foreign Corp even with repinned retained files (148.9067ms)
✔ refuses foreign room even with repinned retained files (133.7989ms)
✔ refuses other source even with repinned retained files (167.2604ms)
✔ refuses changed contract source even with repinned retained files (151.3275ms)
✔ refuses missing native checks even with repinned retained files (140.2754ms)
✔ refuses failed test under passed native label even with repinned retained files (173.2986ms)
✔ refuses wrong oracle bytes even with repinned retained files (148.7196ms)
✔ refuses wrong resume identity even with repinned retained files (135.6984ms)
✔ refuses wrong resume ancestry even with repinned retained files (130.6054ms)
✔ refuses cancelled run even with repinned retained files (139.0376ms)
✔ refuses substituted before bytes even with repinned retained files (141.5154ms)
✔ refuses unknown checker even with repinned retained files (31.7902ms)
✔ hash pins, duplicate JSON keys and traversal are rejected before candidate output (145.6066ms)
✔ directory redirection and oversized files fail closed (204.9931ms)
✔ exact append handles LF and CRLF without normalizing changed source (0.9636ms)
✔ external rejection cannot be imported when exact output actually passes (159.1501ms)
✔ CLI reads pinned inputs and creates one new corpus without overwriting source files (377.6976ms)
✔ CLI has one aggregate read budget covering the request, corpus, manifests and retained files (419.1564ms)
▶ local stack owned-process and state regression fixtures
  ✔ identity comes from the live process and binds only the explicit workspace (1.903ms)
  ✔ wrong timestamps, executable, workspace and malformed records fail closed (0.2182ms)
  ✔ a stale creation record aimed at a live synthetic PID cannot stop it (0.2315ms)
  ✔ stopping the verified root leaves its descendant and an unrelated child alive (0.1392ms)
  ✔ Start accepts working and log directories containing spaces (0.1491ms)
  ✔ Start treats bracketed log directories as literal paths (0.1558ms)
  ✔ Start treats bracketed working directories as literal paths (0.221ms)
  ✔ failed-start rollback results preserve the original error and require both success signals (0.2012ms)
  ✔ Start preserves literal arguments, spaces, child-only environment and redacted evidence (0.2795ms)
  ✔ repeated role launches retain earlier logs and allocate unique stdout/stderr files (0.3945ms)
  ✔ extracted Launch preserves ownership on save failure (verified rollback) (0.2001ms)
  ✔ extracted Launch preserves ownership on save failure (unverified rollback) (0.1077ms)
  ✔ v2 state round-trips nested records and read preserves exact bytes (0.1049ms)
  ✔ corrupt, unsupported and differently scoped state is refused without deleting evidence (0.1607ms)
  ✔ state writes reject traversal, sibling-prefix paths and foreign workspace claims (0.1823ms)
  ✔ state writes reject reparse-point parent directories (0.1129ms)
  ✔ a failed atomic replacement preserves old bytes and removes its temporary file (1.4666ms)
  ✔ concurrent synthetic reader observes only complete atomic state generations (0.1422ms)
  ✔ legacy numeric state stays read-only and never authorizes stopping (0.2541ms)
  ✔ cleanup reaps only held synthetic handles and removes only its temporary tree (0.1426ms)
✔ local stack owned-process and state regression fixtures (14110.0515ms)
ℹ PowerShell 7.6.5; 14 synthetic processes reaped; no fixture tree remains
▶ local stack starter source guards
  ✔ starter has no unconditional stop invocation (0.236ms)
  ✔ starter never passes a database URL as a command argument (0.1366ms)
  ✔ starter forwards the native runner startup-recovery opt-out unchanged (0.1073ms)
  ✔ persisted runner IDs block automatic reenrollment even when offline (0.1022ms)
  ✔ Factory policy paths are canonicalized against the checkout before persistence and launch (0.1046ms)
  ✔ Factory saved connection is retained and passed only as an explicit native option (0.1329ms)
  ✔ live source-ref changes use exact comparison for old and current records (0.104ms)
  ✔ starter never deletes enrollment or credentials without an explicit reset/rotation guard (0.1081ms)
  ✔ Compose operations are guarded by external-database selection (0.1004ms)
  ✔ stopper does not rediscover or terminate a descendant tree from saved PIDs (0.096ms)
✔ local stack starter source guards (3378.6407ms)
✔ one checkout serializes commands while another checkout remains usable (7552.6305ms)
✔ explicit restart nesting and failed operations release their native lock (5778.6233ms)
✔ an interrupted command does not leave a stale lock requiring manual cleanup (3688.3464ms)
✔ both supported entrypoints use the same operation boundary (25.2462ms)
✔ reported idle remains idle without a pending request (2.8339ms)
✔ reported starting remains starting without a pending request (0.3107ms)
✔ reported working remains working without a pending request (0.2017ms)
✔ reported blocked remains blocked without a pending request (0.1711ms)
✔ reported reviewing remains reviewing without a pending request (0.2424ms)
✔ reported offline remains offline without a pending request (0.227ms)
✔ working station "read" projects reading (0.2699ms)
✔ working station "search" projects reading (0.2404ms)
✔ working station " READ " projects reading (0.2791ms)
✔ working station "Search" projects reading (0.3163ms)
✔ working station "test" projects working (0.1586ms)
✔ working station "build" projects working (0.2065ms)
✔ working station "review" projects working (0.1164ms)
✔ working station "research" projects working (0.0944ms)
✔ working station "bread" projects working (0.0924ms)
✔ working station "break" projects working (0.0867ms)
✔ working station "unknown-tool" projects working (0.0899ms)
✔ working station null projects working (0.1031ms)
✔ a stale station does not invent activity for a non-working agent (0.2608ms)
✔ a blocked agent needs an exact current-run approval match (0.1635ms)
✔ an exact current-run pending review is distinct from an action approval (0.1802ms)
✔ unrelated and prior-run pending requests cannot affect the current agent (0.2286ms)
✔ an approval stops affecting an agent as soon as its current run changes (0.2269ms)
✔ null and empty current-run IDs cannot acquire pending request state (0.2238ms)
✔ offline wins even when the recorded current run has both pending requests (0.1631ms)
✔ exact action approval takes precedence over exact review (0.1598ms)
✔ explicit current-run requests do not depend on a blocked display status (0.1729ms)
✔ projection does not mutate agents or request sets or infer state from identity text (1.6476ms)
✔ all eight states have distinct labels and factual descriptions (0.708ms)
✔ roster ordering is stable by ID without mutating the source array (0.4644ms)
✔ renaming or changing activity does not move an existing roster to different seats (0.5259ms)
✔ 0 agents occupy exactly 0 studios without stacked seats (0.3109ms)
✔ 1 agents occupy exactly 1 studios without stacked seats (0.3819ms)
✔ 5 agents occupy exactly 1 studios without stacked seats (0.2459ms)
✔ 6 agents occupy exactly 1 studios without stacked seats (0.324ms)
✔ 7 agents occupy exactly 2 studios without stacked seats (0.2935ms)
✔ 11 agents occupy exactly 2 studios without stacked seats (0.2062ms)
✔ 12 agents occupy exactly 2 studios without stacked seats (0.1746ms)
✔ 13 agents occupy exactly 3 studios without stacked seats (0.1361ms)
✔ 17 agents occupy exactly 3 studios without stacked seats (0.1633ms)
✔ 18 agents occupy exactly 3 studios without stacked seats (0.1618ms)
✔ 19 agents occupy exactly 4 studios without stacked seats (0.159ms)
✔ snapshot input reordering preserves page and seat assignment for 18 agents (0.6245ms)
✔ reordering across a partially filled page boundary preserves each agent seat (0.9192ms)
✔ studio dimensions and the six feet anchors match the renderer contract exactly (0.3268ms)
✔ desk access never wraps overflow or invalid indexes onto occupied seats (1.247ms)
✔ all desk footprints stay above their chairs and never overlap another desk or decor (0.4141ms)
✔ desk 0 has one finite arrival route clear of every workstation (0.5981ms)
✔ desk 1 has one finite arrival route clear of every workstation (0.2259ms)
✔ desk 2 has one finite arrival route clear of every workstation (0.2617ms)
✔ desk 3 has one finite arrival route clear of every workstation (0.195ms)
✔ desk 4 has one finite arrival route clear of every workstation (0.1338ms)
✔ desk 5 has one finite arrival route clear of every workstation (0.143ms)
✔ route and desk results do not expose shared mutable layout state (0.1941ms)
✔ pending native review distinguishes invalid artifact paths from invalid artifact IDs (81.8444ms)
✔ pending native intent survives acceptance changes and reviewed adoption replays one exact revision (63.0956ms)
✔ pending intent cannot apply and generic native approval cannot authorize exact feedback (33.0605ms)
✔ reviewed feedback refuses adopter as reviewer before a revision (38.1245ms)
✔ reviewed feedback refuses producer as reviewer before a revision (27.6722ms)
✔ reviewed feedback refuses source requester as reviewer before a revision (24.332ms)
✔ reviewed feedback refuses rejected decision before a revision (23.6007ms)
✔ reviewed feedback refuses future decision before a revision (28.42ms)
✔ reviewed feedback refuses decision before intent before a revision (33.087ms)
✔ reviewed feedback refuses wrong note digest before a revision (25.0693ms)
✔ reviewed feedback refuses extra note prose before a revision (30.9526ms)
✔ reviewed feedback refuses ordinary human gate before a revision (26.2238ms)
✔ reviewed feedback refuses requester exclusion disabled before a revision (27.6429ms)
✔ native approval cannot excuse changed target task (29.314ms)
✔ native approval cannot excuse changed target version (32.6781ms)
✔ native approval cannot excuse changed source commit (22.217ms)
✔ native approval cannot excuse changed artifact identity (21.8557ms)
✔ native approval cannot excuse changed corpus bytes digest (24.284ms)
✔ native approval cannot excuse changed selected rule digest (31.2076ms)
✔ native approval cannot excuse changed selected guidance (28.5496ms)
✔ native approval cannot excuse changed adopter identity (25.7075ms)
✔ native approval cannot excuse changed replacement effect (27.341ms)
✔ native approval cannot excuse changed unknown authority field (24.4196ms)
✔ persisted verifier policy and automated evidence drift invalidate the intent independently of acceptance (69.3066ms)
✔ missing or contradictory native rows and capture drift fail closed (24.4478ms)
✔ reviewed apply rechecks the actual decision and preserves ambiguous outcomes and idempotency (47.3125ms)
✔ reviewed apply rejects altered intent bytes and expired proposal without native effects (34.704ms)
✔ a changed post-effect review remains uncertain and cannot assert a verified binding (36.306ms)
✔ review intent time bounds are revalidated during accepted-source reconstruction (31.3048ms)
✔ CLI native-review preparation, exact intent selection and apply keep separate raw and canonical hashes (154.6426ms)
✔ prepare is read-only and exposes the exact reference-only change for review (24.5354ms)
✔ an unprefixed objective stays candidate because native composition would change it (26.3006ms)
✔ native normalization fixed points retain description and objective exactly (31.2558ms)
✔ public identifiers and digest selectors reject coercible arrays and objects before effects (24.3094ms)
✔ time, timeout and trusted routing fields require their declared primitive types (28.1107ms)
✔ apply performs one native revision, preserves authority and never launches (23.5434ms)
✔ typed native file selection pins outer provenance and exact decoded corpus while preserving raw compatibility (49.5889ms)
✔ native typed unknown schema field is refused even with matching outer artifact digest (19.47ms)
✔ native typed missing native schema field is refused even with matching outer artifact digest (19.3698ms)
✔ native typed coercible version is refused even with matching outer artifact digest (18.6927ms)
✔ native typed unsupported archive form is refused even with matching outer artifact digest (14.1914ms)
✔ native typed wrong base is refused even with matching outer artifact digest (16.161ms)
✔ native typed wrong verifier is refused even with matching outer artifact digest (19.6044ms)
✔ native typed wrong head is refused even with matching outer artifact digest (14.5096ms)
✔ native typed bundle payload is refused even with matching outer artifact digest (19.6585ms)
✔ native typed patch checksum is refused even with matching outer artifact digest (22.3492ms)
✔ native typed patch noncanonical base64 is refused even with matching outer artifact digest (22.8313ms)
✔ native typed selected hash is refused even with matching outer artifact digest (25.352ms)
✔ native typed selected byte count is refused even with matching outer artifact digest (21.5742ms)
✔ native typed selected file size bound is refused even with matching outer artifact digest (18.0313ms)
✔ native typed selected base64 is refused even with matching outer artifact digest (20.2236ms)
✔ native typed selected symlink is refused even with matching outer artifact digest (21.6289ms)
✔ native typed selected submodule is refused even with matching outer artifact digest (22.9033ms)
✔ native typed selected media is refused even with matching outer artifact digest (16.6298ms)
✔ native typed duplicate path is refused even with matching outer artifact digest (21.4201ms)
✔ native typed case alias is refused even with matching outer artifact digest (20.8885ms)
✔ native typed file directory conflict is refused even with matching outer artifact digest (22.5479ms)
✔ native typed traversal is refused even with matching outer artifact digest (20.2525ms)
✔ native typed absolute path is refused even with matching outer artifact digest (19.2632ms)
✔ native typed Windows stream is refused even with matching outer artifact digest (25.5533ms)
✔ native typed Windows device is refused even with matching outer artifact digest (15.3798ms)
✔ native typed trailing dot alias is refused even with matching outer artifact digest (20.5014ms)
✔ native typed coercible entry path is refused even with matching outer artifact digest (18.7796ms)
✔ native typed deleted selection is refused even with matching outer artifact digest (16.4958ms)
✔ typed path selection requires one exact safe file, source role and original outer bytes (25.1348ms)
✔ typed decoded corpus cannot substitute a different well-hashed file or retarget a reviewed proposal (37.0073ms)
✔ typed base64 padding bits are canonical even when permissive decoding preserves the correct bytes (19.0913ms)
✔ same byte-pinned proposal replays its native key without adding guidance or a second revision (28.4637ms)
✔ lost response stays unknown with no automatic retry; exact replay reconciles it (29.1287ms)
✔ an HTTP400 after persistence stays unknown and same-key replay confirms one revision (25.5164ms)
✔ live Corp drift refuses before a request (14.2038ms)
✔ live room drift refuses before a request (18.4624ms)
✔ live mission drift refuses before a request (22.5308ms)
✔ live task drift refuses before a request (21.9401ms)
✔ live run drift refuses before a request (23.9009ms)
✔ live actor drift refuses before a request (24.5812ms)
✔ live source commit drift refuses before a request (20.8969ms)
✔ live verifier digest drift refuses before a request (19.0395ms)
✔ live artifact digest drift refuses before a request (16.879ms)
✔ an accepted receipt with incomplete bounded evidence remains candidate (24.1963ms)
✔ an observed manual gate must retain its native decision and decider (17.1951ms)
✔ missing native corpus evidence or mismatched actual bytes never borrows an unrelated accepted run (17.6038ms)
✔ typed envelopes, missing review bytes and requested independent review remain explicit candidates (17.038ms)
✔ UTF-8 reference bounds do not silently truncate valid longer advisory guidance (19.7416ms)
✔ changed target ready status cannot be overwritten (18.3079ms)
✔ changed target existing run cannot be overwritten (20.7222ms)
✔ changed target contract version cannot be overwritten (20.0123ms)
✔ changed target budget cannot be overwritten (23.3352ms)
✔ changed target verifier cannot be overwritten (18.5254ms)
✔ changed target source cannot be overwritten (16.7399ms)
✔ changed target source connection cannot be overwritten (20.6057ms)
✔ changed target tools cannot be overwritten (19.2136ms)
✔ changed target Corp cannot be overwritten (20.1471ms)
✔ changed target room cannot be overwritten (24.1468ms)
✔ changed target origin cannot be overwritten (23.7523ms)
✔ repinned unauthorized proposal changes cannot alter anything except selected references (44.3182ms)
✔ wrong proposal hash, edited corpus/review/receipt, future or expired proposal fails before POST (25.2793ms)
✔ expired selected guidance is not rescued by the remaining proposal lifetime (26.4894ms)
✔ expiry crossing during live prechecks is repeated immediately before mutation (19.1197ms)
✔ one total operation deadline cannot be renewed by a slow target precheck (236.0309ms)
✔ duplicate-key or reformatted proposal JSON cannot masquerade as the prepared byte representation (29.7848ms)
✔ source drift after successful mutation is accurately retained as applied (21.2538ms)
✔ source access loss after mutation is never mislabeled refusal-before-effects (22.1298ms)
✔ an HTTP error after a request is unknown without transaction-stage evidence and is not retried (22.5949ms)
✔ a contradictory successful response or changed native readback stays unknown (25.6213ms)
✔ exact native target projection refuses filtered context and preserves whole scope (19.79ms)
✔ file input requires selected exact bytes and fails closed on an oversized or malformed input (47.3068ms)
✔ feedback file reads accumulate short native reads before validating bytes (10.3226ms)
✔ feedback file truncate during short reads fails without a hash pin (10.0128ms)
✔ feedback file grow during short reads fails without a hash pin (9.7211ms)
✔ CLI preparation writes new review artifacts and an existing apply receipt refuses before network or effects (98.2911ms)
✔ CLI exits nonzero for refused adoption while preserving its JSON receipt (295.1498ms)
✔ CLI typed prepare explicitly selects the native file and apply has no path override (98.849ms)
✔ retained native candidate cannot become saved-task guidance or a native revision (40.9917ms)
✔ forged locally activated native evidence cannot become saved-task guidance or a native revision (33.0516ms)
✔ native evidence mixed into an activated typed artifact cannot become saved-task guidance or a native revision (28.5375ms)
✔ receipt whitelists metadata and distinguishes persisted acceptance from optional verifier digests (9.9701ms)
✔ native runner, model and ref metadata preserves valid punctuation, spaces, Unicode and UTF-8 limits (4.3426ms)
✔ native metadata keeps bounded invalid text and malformed source tuples out of receipts (23.5995ms)
✔ native source identity accepts uppercase hexadecimal commits and full bounded repository components (1.0342ms)
✔ published native refs and native MIME token punctuation are observed without a custom identifier alphabet (1.4457ms)
✔ historical evidence never borrows the current task verifier policy count (1.6959ms)
✔ conflicting or invalid run-bound check counts remain unknown (3.4408ms)
✔ missing and duplicate check indices cannot establish completeness; malformed indices fail (1.0004ms)
✔ receipt rejects mismatched run Corp (0.5979ms)
✔ receipt rejects mismatched task Corp (0.4273ms)
✔ receipt rejects mismatched mission Corp (0.3233ms)
✔ receipt rejects mismatched room Corp (0.1695ms)
✔ receipt rejects mismatched exact actor (0.1643ms)
✔ receipt rejects mismatched exact room (0.154ms)
✔ receipt rejects mismatched exact mission (0.1893ms)
✔ receipt rejects mismatched evidence task (0.1888ms)
✔ receipt rejects mismatched event room (0.1884ms)
✔ receipt rejects mismatched partial source (0.1604ms)
✔ current-run rejects later same-task runs and tied times, retaining nanosecond ordering (1.0281ms)
✔ typed resume lineage requires same task and producer, and records unavailable ancestors honestly (2.1593ms)
✔ exact recovery count is run-bound; private policy and notes are omitted (0.7554ms)
✔ published-result binds its exact source artifact and hashes opaque source revisions (0.8565ms)
✔ published-result accepts an exact historical publication despite a later same-task run (0.9912ms)
✔ published-result refuses mismatched Factory mission (0.3426ms)
✔ published-result refuses mismatched deliverable task (0.378ms)
✔ published-result refuses mismatched deliverable source base (0.2779ms)
✔ published-result refuses mismatched run deliverable digest (0.2356ms)
✔ published-result refuses mismatched publication run (0.2213ms)
✔ published-result refuses mismatched provenance mission (0.3906ms)
✔ published-result refuses mismatched provenance source issue (0.2685ms)
✔ published-result refuses mismatched provenance target (0.3483ms)
✔ published-result refuses mismatched recorded PR head (0.3163ms)
✔ published-result refuses mismatched recorded PR repository (0.2737ms)
✔ published-result refuses mismatched recorded PR provenance (0.3955ms)
✔ byte verification rejects tampering and each missing or conflicting native response boundary (1.6777ms)
✔ receipt validator rejects extra content, contradictory acceptance, and mixed origin/artifact roles (5.0695ms)
✔ fingerprint tolerates observation timestamps and detects selected source, contract and artifact drift (3.166ms)
✔ compiled native MCP export performs two captures and downloads only selected-origin artifact IDs (816.9622ms)
✔ artifact retention selection is bounded before reading host configuration (1.0228ms)
✔ compiled native evidence retains only explicitly selected verified bytes and preserves public receipt schema (673.5024ms)
✔ compiled native evidence rejects an unowned artifact selection before any artifact download (102.1863ms)
✔ compiled native evidence never returns retained bytes from a tampered artifact or changed source (268.9683ms)
✔ compiled native exporter keeps opaque runner/model/ref metadata out of every request route (189.6533ms)
✔ compiled native export rejects state drift during its artifact read (207.6207ms)
✔ compiled native export rejects mismatched context before downloading artifacts (100.7986ms)
✔ compiled native export refuses artifact redirects without forwarding credentials (112.2558ms)
✔ compiled native export rejects oversized bodies and withholds HTTP error content (186.1031ms)
✔ compiled native export bounds a stalled exact-context body by its whole-operation timeout (1013.8187ms)
✔ receipt CLI writes a create-only metadata file and a compact redacted summary (903.3285ms)
✔ owned server requires matching executable, creation, endpoint, and workspace (3.2182ms)
✔ manual, remote, stale, or non-owned manifests never authorize restart (0.8189ms)
✔ Windows retains legacy timestamp tolerance and case-insensitive paths (0.5344ms)
✔ legacy Windows identity callers remain supported without weakening explicit checks (1.8993ms)
✔ Linux requires the exact boot/PID/start-tick, executable, cwd/root, and socket binding (3.72ms)
✔ Linux rejects malformed, legacy-Windows, and changed receipts (0.8768ms)
✔ every existing manual port remains denied on Windows and Linux and all loopback hosts (1.2379ms)
✔ remote, credentialed, missing-port, and malformed-scope endpoints fail closed (0.6727ms)
✔ only a complete scoped JSON object is a process receipt (0.7326ms)
✔ proc stat parses the final comm parenthesis and preserves 64-bit start ticks (1.0201ms)
✔ proc stat rejects wrong PID, truncated fields, malformed state, and invalid ticks (0.4912ms)
✔ Linux listener proof intersects the exact port and LISTEN state with PID-owned inodes (1.1594ms)
✔ malformed or unavailable proc network input supplies no ownership authority (0.7231ms)
✔ artifact recovery overrides are child-only and match native numeric bounds (0.7092ms)
✔ probe requires explicit scope and forwards only its scoped credential environment (11.4759ms)
✔ probe summary contains collection counts, never snapshot data or private paths (0.8189ms)
✔ probe permits HTTP only for normalized canonical loopback origins and requires HTTPS elsewhere (14.9739ms)
✔ recovery probe reports only native metadata and never infers missing capability or exposes policy (1.4802ms)
✔ recovery probe rejects malformed work-item IDs before spawning any gateway (1.1739ms)
✔ compiled recovery probe rejects impossible native numeric metadata and preserves exhausted authority (693.0017ms)
✔ compiled recovery tool makes exactly the selected authorized GET in both modes (188.7685ms)
✔ compiled recovery probe selects one context without reading the broad snapshot or exposing private fields (94.1894ms)
✔ compiled recovery tool refuses malformed IDs, extra scope or effect arguments before HTTP (150.6204ms)
✔ compiled recovery tool rejects mismatched Corp or work-item responses (393.2103ms)
✔ compiled recovery probe preserves authorization and not-found failures without private diagnostics (383.9605ms)
✔ compiled recovery inspection never follows redirects in either gateway mode (211.5024ms)
✔ compiled recovery inspection caps HTTP bodies even in the legacy write-capable gateway mode (204.4442ms)
✔ compiled read-only MCP completes the real stdio handshake and makes only one scoped GET (102.9189ms)
✔ compiled MCP ignores notifications and denies mutating calls before HTTP while preserving the default catalog (196.2437ms)
✔ compiled MCP keeps malformed omitted-ID objects silent and effect-free (read-only) (119.6686ms)
✔ compiled MCP keeps malformed omitted-ID objects silent and effect-free (unrestricted) (84.0451ms)
✔ compiled probe withholds API error content and enforces its whole-probe timeout (1114.1783ms)
✔ compiled read-only inspection rejects redirects without contacting a second origin (190.3725ms)
✔ compiled read-only startup requires every routing variable before serving even initialization (289.1261ms)
✔ compiled read-only flag rejects command-line tokens (split option, CLI only) (84.7624ms)
✔ compiled read-only flag rejects command-line tokens (split option, CLI plus environment) (82.1577ms)
✔ compiled read-only flag rejects command-line tokens (equals option, CLI only) (91.6487ms)
✔ compiled read-only flag rejects command-line tokens (equals option, CLI plus environment) (85.0803ms)
✔ compiled read-only flag accepts only the environment token and exposes the restricted catalog (127.6242ms)
✔ compiled read-only environment rejects command-line tokens (split option, CLI only) (88.4086ms)
✔ compiled read-only environment rejects command-line tokens (split option, CLI plus environment) (86.4157ms)
✔ compiled read-only environment rejects command-line tokens (equals option, CLI only) (87.2705ms)
✔ compiled read-only environment rejects command-line tokens (equals option, CLI plus environment) (101.4456ms)
✔ compiled read-only environment accepts only the environment token and exposes the restricted catalog (94.8857ms)
✔ compiled unrestricted MCP preserves legacy CLI token precedence (split option) (210.4277ms)
✔ compiled unrestricted MCP preserves legacy CLI token precedence (equals option) (162.4635ms)
✔ compiled native read-only HTTP body rejects oversized declared length before end (200) (73.2832ms)
✔ compiled native read-only HTTP body rejects streamed overflow before end (200) (146.2908ms)
✔ compiled native read-only HTTP body rejects oversized declared length before end (403) (96.4745ms)
✔ compiled native read-only HTTP body rejects streamed overflow before end (403) (171.7229ms)
✔ compiled native HTTP body accepts the inclusive read-only limit and preserves unrestricted transport (917.1988ms)
✔ compiled native HTTP body preserves small successful and error response behavior (517.8733ms)
✔ withholds all six source ACKs for each of two native automatic attempts (12.261ms)
✔ holds all quality ACK duplicates to the same 8-second deadline, preserving bytes (2.4306ms)
✔ gameplay and integration pass source ACKs unchanged (0.5783ms)
✔ native resume passes ACKs and does not consume a third automatic attempt (0.3299ms)
✔ non-source ACK, heartbeat, credential rotation, approval and lifecycle are opaque passthrough (0.5781ms)
✔ rejects foreign or unproven run, Corp and hash before fault decisions (1.7142ms)
✔ assignment rebinding cannot swap a different task, scope or command kind (2.1904ms)
✔ late-ACK release sends one exact original old-run frame once without retagging (0.8063ms)
✔ refuses manual-stack, wrong-repository and missing opt-in config (2.4758ms)
▶ real loopback WebSocket wiring: native schema, ordered forwarding, reconnection and redaction
  ▶ isolated concurrent fixture 1
    ✔ synthetic endpoints require live ownership without relaxing config guards (20.8139ms)
    ✔ persisted owner/name schema binds and stop cannot overtake a pending assignment (81.1965ms)
    ✔ upload byte transparency, ACK withholding and metadata non-disclosure (71.2765ms)
    ✔ a stale snapshot/close callback cannot bind, send or close the replacement connection (243.9707ms)
  ✔ isolated concurrent fixture 1 (1180.7297ms)
  ▶ isolated concurrent fixture 2
    ✔ synthetic endpoints require live ownership without relaxing config guards (16.7819ms)
    ✔ persisted owner/name schema binds and stop cannot overtake a pending assignment (82.2835ms)
    ✔ upload byte transparency, ACK withholding and metadata non-disclosure (70.9779ms)
    ✔ a stale snapshot/close callback cannot bind, send or close the replacement connection (243.0488ms)
  ✔ isolated concurrent fixture 2 (632.9788ms)
✔ real loopback WebSocket wiring: native schema, ordered forwarding, reconnection and redaction (1183.1567ms)
✔ relocated doctor checks declared tools through native version commands without leaking ambient secrets or installing (1842.7077ms)
✔ wrong node version produces a failing CLI result (1811.1064ms)
✔ wrong pnpm version produces a failing CLI result (1576.7291ms)
✔ wrong rustc version produces a failing CLI result (1333.9366ms)
✔ wrong cargo version produces a failing CLI result (1282.1815ms)
✔ missing package manager fails without falling back to another host command (1062.0312ms)
✔ failed component probes suppress raw stdout and stderr (1333.2126ms)
✔ unrecognized version output is rejected without echoing the command response (1300.7686ms)
✔ an unavailable pinned rustup toolchain fails instead of installing or selecting stable (1285.8224ms)
✔ already selected direct Rust binaries can be verified without rustup (1269.5965ms)
✔ invalid .node-version declaration fails before any command runs (version) (188.8665ms)
✔ invalid package.json declaration fails before any command runs (version) (205.071ms)
✔ invalid rust-toolchain.toml declaration fails before any command runs (floating Rust) (198.677ms)
✔ invalid rust-toolchain.toml declaration fails before any command runs (component) (199.2256ms)
✔ unsupported CLI arguments fail before probing tools (192.1318ms)
ℹ tests 1253
ℹ suites 0
ℹ pass 1253
ℹ fail 0
ℹ cancelled 0
ℹ skipped 0
ℹ todo 0
ℹ duration_ms 68875.354
