$ node --test --test-concurrency=2 --test-timeout=180000 "apps/web/src/**/*.test.mjs" "tools/*.test.mjs"
✔ editor preserves its accessible control names, preview hook, and all six check choices (35.0255ms)
✔ switching check types resets their incompatible fields and retains the rest of the policy (7.2598ms)
✔ every check-field callback retains the selected variant and unchanged checks (14.4726ms)
✔ adding and removing checks preserves tab selection, including external policy shrink and the empty state (17.5519ms)
✔ the 16-check add button limit and oversized-policy feedback are retained (10.46ms)
✔ manual-gate transitions retain default role ordering, requester exclusion, and explicit removal (15.4969ms)
✔ preview keeps exact check order, manual-role labels, heading overrides, and requester-exclusion guidance (1.8502ms)
✔ Factory exact-run navigation replaces a remembered newer outcome before mission remount (4.6304ms)
✔ run navigation ignores the duplicate activity marker in a hidden Factory tab (15.0207ms)
✔ artifact navigation chooses its exact producer while mission-only navigation preserves the current choice (1.8655ms)
✔ unavailable run/task/mission cannot overwrite remembered evidence or open another run (4.2892ms)
✔ storage failure or obsolete viewer fails closed before navigation (2.465ms)
✔ explicit navigation writes only the selected viewer scope and only the run identity (1.0714ms)
✔ reload keeps the decided run instead of the other pending review or a newer worker (2.4536ms)
✔ remembered evidence is scoped to the API server, Corp, actor and mission (0.585ms)
✔ missing remembered work never silently substitutes another visible review (0.3985ms)
✔ unreadable or malformed stored context requires explicit selection, not the next review (0.5785ms)
✔ a first visit is distinct from unreadable history; failed writes do not throw (0.5226ms)
✔ only the selected run ID is stored; reviews and authority never enter browser persistence (1.4142ms)
✔ MissionCard scopes remounts, pins initial evidence and fails closed when persistence fails (13.0729ms)
✔ issue210 only the explicit server flag adds correction to a native checkpoint (4.2085ms)
✔ issue210 verifier availability is independent of correction and missing availability preserves legacy behavior (1.7622ms)
✔ issue210 revision source is the exact server-selected verifier, with no cross-item fallback (0.8488ms)
✔ only native proof plus its cancellation marker exposes source-only checkpoint verification (0.4108ms)
✔ a running checkpoint needs no cancellation repair, and ordinary verification failure stays compatible (0.3971ms)
✔ missing/tampered source, checkpoint, head, active recovery or terminal outcome offers no new recovery (0.5048ms)
✔ context requests are not recovery grants and never depend on inferred mission spend/status (0.347ms)
✔ copied command binding retains the saved connection and never falls back on malformed metadata (0.3811ms)
✔ actual presentation selects the endpoint source, not the newest visible run or mission cancellation (156.0329ms)
✔ issue210 presentation separates provider-free verification from a budgeted same-session fix (32.1921ms)
✔ issue210 source-only and unavailable checkpoint presentations never suggest generic recovery (41.6937ms)
✔ actual context loader is GET-only and admits the exact item/version/mission checkpoint (48.7619ms)
✔ actual context loader rejects stale/cross-scope and malformed flags without snapshot fallback (208.8648ms)
✔ issue210 actual loader accepts boolean correction flags and defaults missing legacy authority closed (49.7384ms)
✔ issue210 exact loader retains true, false and missing checkpoint availability without granting another mode (57.1998ms)
✔ actual UI action copies only explicit checkpoint verification with the original scope/connection (237.0829ms)
✔ issue210 actual correction action retains the original CLI route, source and connection (375.4337ms)
✔ issue210 actual card drops correction authority immediately when item, version or actor changes (369.2419ms)
✔ issue210 actual contract submission uses the scoped verifier, not its provider ancestor (57.776ms)
✔ issue210 editor loading, errors, stale context and denied correction cannot fall back or submit (265.6192ms)
✔ issue210 ordinary contract resume, redispatch and requester/role boundaries stay intact (94.5084ms)
✔ issue210 actual source-only context copies correction and revises the exact verifier; no-mode context does neither (185.5377ms)
✔ actual resume handler and rendered provider control respect native recovery blocking (12.4144ms)
✔ actual App Resume control survives an ineligible ordinary Factory recovery lookup and uses the native actor-bound POST (237.3183ms)
✔ issue221 explicit provider-correction permission permits null head without granting checkpoint or generic resume (1.1611ms)
✔ issue221 actual context reader retains null head/current provider proof and malformed heads remain non-actionable (359.8362ms)
✔ issue221 actual copy/revision actions use only source correction for the latest failed provider with null head (275.802ms)
✔ wrong-first legacy Project 174 cannot displace the selected live lab controller (3.3125ms)
✔ every Project/repository/Corp component must match, even with an active-item pointer (1.0111ms)
✔ GitHub owner/repository case and surrounding whitespace normalize independently (2.8517ms)
✔ missing/malformed scope is neutral rather than an empty-scope match (0.4667ms)
✔ the exact active item wins among live controllers in the same scope (0.4426ms)
✔ a current live scope match wins over a stale offline active-item pointer (0.369ms)
✔ with only offline matches, retain the exact item rather than crossing scope (0.3402ms)
✔ without an item, prefer useful live intake in the current Corp (0.5153ms)
✔ empty/no-match and unavailable explicit selections never borrow another controller (0.5388ms)
✔ heartbeat freshness and stable ID break ties without using array order or mutating inputs (2.3274ms)
✔ snapshot refresh and selected scope changes return the exact new ID/version object (0.4311ms)
✔ the actual FactoryPanel resolver feeds displayed state and both action callbacks (17.1448ms)
✔ the actual component guards controller actions, retains role gating and passes the same callback (15.1328ms)
✔ the actual API action handler targets the resolved controller ID and version for all actions (79.9448ms)
✔ the production handler preserves the existing ID-scoped idempotency/version on a lost response (32.5885ms)
✔ primary_rate_limit has a reader-facing reason and an automatic future retry (33.9178ms)
✔ secondary_rate_limit has a reader-facing reason and an automatic future retry (1.2737ms)
✔ graphql_quota has a reader-facing reason and an automatic future retry (1.1475ms)
✔ github_unavailable has a reader-facing reason and an automatic future retry (2.0838ms)
✔ quota, cost and timestamps come from the snapshot, not derived or default budgets (1.4793ms)
✔ equivalent offset timestamps have the same local retry time and boundary (1.6256ms)
✔ at or after the retry deadline, waiting is not presented as a successful retry (1.5827ms)
✔ zero remaining, limit, query cost and failures remain real zeros (0.9373ms)
✔ paused desired state wins without rewriting controller health or promising a retry (1.637ms)
✔ offline health wins over polling metadata, including an elapsed retry (1.4529ms)
✔ paused and offline together retain both conditions and existing paused precedence (0.8486ms)
✔ absent legacy polling leaves the old strip intact and never fabricates a wait (0.301ms)
✔ missing or malformed backoff data is unavailable, never zero or an invented deadline (0.5457ms)
✔ invalid values are not coerced to numbers or dates and unknown reasons are not rendered raw (3.1156ms)
✔ partial quota data preserves observed zeros while missing fields remain unavailable (0.4173ms)
✔ healthy telemetry does not infer a backoff from a zero quota or failure count (0.4852ms)
✔ UI integration remains read-only, accessible, and uses existing controller controls (22.3822ms)
✔ line normalization preserves argument boundaries, literal punctuation, and duplicate values (2.6585ms)
✔ role entry supports commas and CRLF without silently deduplicating or authorizing roles (0.4975ms)
✔ mission projection retains exact task, runner and human control attribution (5.0473ms)
✔ foreign tasks and same-ID foreign-Corp runners cannot supply collaboration state (0.5665ms)
✔ offline retains work without advertising live control or termination (0.552ms)
✔ connecting retains work without advertising live control or termination (0.4266ms)
✔ a failed snapshot refresh retains exact work without advertising live controls (0.5145ms)
✔ invalid snapshot receipt NaN cannot advertise live controls (0.3181ms)
✔ invalid snapshot receipt Infinity cannot advertise live controls (0.4252ms)
✔ invalid snapshot receipt 0 cannot advertise live controls (0.3056ms)
✔ invalid snapshot receipt -1 cannot advertise live controls (0.3481ms)
✔ expired/malformed lease 2026-09-16T11:59:00Z cannot claim a controller (0.8215ms)
✔ expired/malformed lease 2026-09-16T12:00:00Z cannot claim a controller (0.2493ms)
✔ expired/malformed lease bad cannot claim a controller (0.1527ms)
✔ verifying has recorded evidence but no provider controls (0.2472ms)
✔ completed has recorded evidence but no provider controls (0.1093ms)
✔ lost has recorded evidence but no provider controls (0.1636ms)
✔ cancelled has recorded evidence but no provider controls (0.1419ms)
✔ a provider-free run and a superseded agent assignment expose no live controls (0.2624ms)
✔ runner grace and offline remain distinct; neither supplies human presence (0.1784ms)
✔ review links bind exact run/task and explain role and requester exclusion (0.4201ms)
✔ missing and historical identities never become fabricated named owners or current controllers (0.2126ms)
✔ draft cache survives surface remounts but never crosses Corp/actor/room/mission (0.3154ms)
✔ actual component navigation only requests exact context; rendering sends no commands (9.719ms)
✔ actual disconnected component retains readable evidence with an explicit warning (1.2288ms)
✔ actual failed-refresh component distinguishes stale data from a disconnected transport (0.9516ms)
✔ actual component rejects missing receipt freshness and restores controls after a successful refresh (3.3103ms)
✔ App preserves main snapshot metadata and exact-run navigation while passing numeric receipt freshness (5.4322ms)
✔ App embeds existing scoped discussion and pins evidence before exact-run navigation (2.628ms)
✔ late completion notifies remounted composers without clearing a newer or same-text draft (0.5698ms)
✔ late operation acknowledgment cannot clear a replacement idempotency key (133.4745ms)
✔ actual App selection never substitutes another mission after the selected record disappears (86.7118ms)
✔ actual briefing navigation has a visible destination for legacy empty descriptions (73.1041ms)
✔ verification checks do not change launch intent (1.4056ms)
✔ review navigation cannot turn its click into a form submission (0.2437ms)
✔ ordinary application setup cannot silently fall back to the fake runtime (0.459ms)
✔ composer uses two clear steps and starts with an empty goal (0.2345ms)
✔ advanced settings and detailed requirements are optional disclosures (1.0084ms)
✔ closing setup preserves the draft and returns to existing mission context (0.7406ms)
✔ explicit links to existing work reveal it without erasing an open draft (0.5573ms)
✔ native creation and explicit held-plan behavior remain unchanged (0.2262ms)
✔ review keeps the exact source and current server-derived allocation visible (0.539ms)
✔ scope requires four explicit bounded identities and cannot mutate after submission (2.6942ms)
✔ current origin binds the exact view instance, not just equal IDs (0.521ms)
✔ read issues exactly one encoded, uncached GET with cancellation and no body (10.8504ms)
✔ Direct accepts only exact returned linkage and drops unexpected hidden fields (90.4947ms)
✔ Factory retains only the validated work item, repository, issue number and exact URL (1.5615ms)
✔ all four response identities must echo the bound request exactly (23.7358ms)
✔ missing, malformed and older origin responses never become Direct (1.6637ms)
✔ Factory fields are required and null or missing metadata is never partly accepted (1.993ms)
✔ Factory rejects invalid work-item identities, repository paths and issue numbers (2.5775ms)
✔ only the raw HTTPS GitHub issue URL matching returned repository and number is accepted (3.6712ms)
✔ mixed-case owner/repository URLs match normalized identity and retain display case (1.4049ms)
✔ valid case-preserving repositories and positive safe issue numbers remain verbatim (0.7647ms)
✔ old endpoints, denied authorization and transport failures stay unavailable without raw errors (1.8091ms)
✔ a synchronous API failure is contained and clears the read timer (0.6889ms)
✔ timeout aborts an unsettled read and suppresses both late success and late failure (0.8616ms)
✔ a settled success or failure cannot be overwritten by an already queued timeout (0.7731ms)
✔ cancellation before the scheduled read prevents even the GET (0.9071ms)
✔ in-flight cancellation ignores transports that resolve or reject after abort (1.1546ms)
✔ component reads once for a valid view and renders truthful Direct copy in one styled paragraph (18.0628ms)
✔ component links only a fully validated Factory response, not extra returned fields (3.3046ms)
✔ all four operating roles may read; guests, spectators and unknown roles never request context (11.8352ms)
✔ invalid or absent scope props render the conservative fallback without requesting (15.5401ms)
✔ failed exact reads preserve #185 positive or unknown fallback without inventing links or hiding failure (12.93ms)
✔ a failed origin lookup can be retried explicitly without changing the work identities (5.4726ms)
✔ Corp, actor, room and mission changes hide old success and errors before effect cleanup (13.8483ms)
✔ late success and errors from a replaced request cannot update the current component (10.6913ms)
✔ leaving and returning to identical IDs cannot revive an earlier success or failure (3.3709ms)
✔ same-ID reopened pending requests ignore the original response and error after current denial (3.2131ms)
✔ a guest transition revokes displayed source data and returning operators must read again (1.9733ms)
✔ operating-role and API changes also invalidate old privileged context (2.6748ms)
✔ unmount cancels the read and a fresh mount with identical IDs cannot inherit its outcome (2.5633ms)
✔ one builder preserves the complete current creation payload and retained settings (2.4395ms)
✔ provider defaults, supported reasoning and commit-branch semantics match submission (1.0948ms)
✔ existing deterministic fixture semantics are not converted into provider settings (0.2665ms)
✔ scope freezes the exact serialized body and rejects an actor mismatch (0.5995ms)
✔ every request field, Corp and actor invalidate an earlier quote (0.8894ms)
✔ preview debounces, uses the exact creation body, and calls only the read-only preview POST (7.523ms)
✔ an edit or closing the composer before debounce starts no request (0.4126ms)
✔ an invalidated request is aborted and cannot publish a late successful quote (1.5302ms)
✔ late errors after actor/Corp change or unmount cannot replace the new preview (1.014ms)
✔ editing away and back still requires a fresh request, not a revived quote (1.0089ms)
✔ allocations are displayed verbatim from the server, not a frontend Studio formula (0.8858ms)
✔ missing or mismatched quote fields never become a current allocation (1.9985ms)
✔ an absent preview endpoint gives a useful failure state without inventing allocations (1.4596ms)
✔ preview response is bounded to eight tasks without reallocating server budgets (0.826ms)
✔ unknown, self, duplicate and oversized dependency references remain unknown allocations (0.6972ms)
✔ retry clears an old failure immediately and can accept a fresh quote (1.7908ms)
✔ timeout clears the quote, aborts the request and ignores a late response (0.973ms)
✔ App shares the request body, invalidates keyed preview instances and retains native Launch (5.1026ms)
✔ mission selection and Discuss use the authoritative non-first owning room (1.4917ms)
✔ mission, task, run and artifact deep links resolve to the same owning room (0.3157ms)
✔ an explicit room deep link and all-discussion view stay in that room (1.0739ms)
✔ stale, missing and older mission/room projections never fall back to the first room (0.2107ms)
✔ related work is limited to the selected room and mission, not a fixed item count (1.3741ms)
✔ messages are room-filtered before mission links and out-of-order reply ancestry (0.7005ms)
✔ valid room, mission and inherited reply submissions retain the same scope (0.5905ms)
✔ stale actor, Corp, room and mission scopes cannot submit or complete a newer draft (0.3677ms)
✔ a disappearing mission or owning room fences previously valid submissions (0.4818ms)
✔ foreign, missing or stale links and replies cannot silently become general comments (0.6634ms)
✔ guest-shaped and missing Factory projections do not establish Direct origin (0.6425ms)
✔ a mission older than the 500-item Factory window remains origin-unknown (0.5095ms)
✔ a positively matched visible Factory item retains its issue attribution (0.2582ms)
✔ known publication/recovery linkage is generic when intake details are unavailable (0.3337ms)
✔ projection helpers preserve the authoritative input and do not retain hidden origin data (0.3338ms)
✔ the UI uses the tested projection and submission helpers on both discussion entry paths (16.5642ms)
✔ scope requires every explicit identity and repository and freezes the view generation (3.3963ms)
✔ the exact scope object, not equal IDs or a prior A -> B -> A view, selects the load (0.4628ms)
✔ one encoded GET is uncached, abortable and body/header/credential free (7.571ms)
✔ published DTO retains only bound result metadata and leaves raw input untouched (1.7008ms)
✔ only explicit null publication in a correctly scoped response is known absence (2.572ms)
✔ item and publication scope mismatches never expose links or known absence (7.1835ms)
✔ publication source issue matches the work item without equating authorizer, revisions or checkpoint generations (1.1455ms)
✔ publication and artifact identity tuples plus full digests must all match (2.5432ms)
✔ missing, duplicate and unrelated-first deliverables cannot substitute a result (0.91ms)
✔ native provenance identity, source/target branches and digests are checked without retaining authority (4.1915ms)
✔ raw GitHub PR URLs allow native slash suffixes but retain exact repository and number checks (4.7333ms)
✔ owner/repository display case is preserved while full hex values compare by bytes (0.9895ms)
✔ PR state, exact head, owner, recorded metadata and phase cannot contradict each other (1.8406ms)
✔ download metadata rejects controls, external/native paths, malformed hashes and invalid sizes (9.3499ms)
✔ pending, PR-created, published and failed publication are distinct without claiming a live app (2.8568ms)
✔ only a different valid pinned run is a mismatch; same-run contradictions stay unavailable (0.9679ms)
✔ loading, denied and stale contexts cannot become a result or known absence (2.4249ms)
✔ denials, missing endpoints and sync/async transport failures stay unavailable without raw errors (1.1521ms)
✔ timeout aborts and suppresses late successes and failures without retries (1.0525ms)
✔ queued timeout callbacks cannot overwrite a settled success, absence or denial (0.7432ms)
✔ cancellation before start issues no GET; in-flight cancellation publishes no late data (0.8555ms)
✔ new same-ID generation remains unavailable after denial despite a prior response completing later (0.5444ms)
✔ requester summary does not ask for a forbidden independent decision (3.32ms)
✔ wrong-role summary explains the existing role requirement (1.8492ms)
✔ eligible independent reviewer keeps the review invitation (1.5395ms)
✔ human gate without requester exclusion still allows the requester (1.4013ms)
✔ completed result does not inherit a pending-review restriction (1.9355ms)
✔ fresh human-only bootstrap can select a runner runtime before any crew exists (2.5923ms)
✔ retired and legacy identities neither enable nor suppress advertised runtimes (0.3973ms)
✔ studio requires the exact selected source on a connected runner, not another repository (0.4805ms)
✔ source repository and commit matching are case-insensitive but ref matching is exact (0.2937ms)
✔ unavailable runtimes and non-runtime capabilities are not mission options (1.5258ms)
✔ catalog merging prefers an enabled model without changing the source snapshot (0.7697ms)
✔ unscoped status and crew include ready connection-bound runtimes, but dispatch keeps its exact binding (1.1033ms)
✔ studio always selects Copilot even when another runtime was requested (0.2706ms)
✔ studio does not fall back to another provider or an unavailable Copilot runtime (0.5646ms)
✔ solo selection and deterministic fixtures retain their runtime contracts (0.4871ms)
✔ a disappearing explicit runtime cannot silently switch provider with stale model settings (0.2437ms)
✔ studio uses enabled Copilot model settings or an explicit provider default (0.289ms)
✔ fixtures ignore hidden provider model settings (0.1561ms)
✔ normal UI bootstrap opts out of seeded crew without changing fixture tooling (12.8812ms)
✔ runtime character descriptors match the shipped manifest, PNG dimensions, and original file bytes (42.1324ms)
✔ named characters and stable worker identities retain their appearance across reordered snapshots (1.505ms)
✔ numeric roster positions wrap without producing missing characters, and invalid numbers use the default (0.2646ms)
✔ walking uses the original three poses in a 0,1,2,1 cycle at the 150ms boundaries (0.7609ms)
✔ idle, typing, reading and facing use the actual source-sheet rows and columns (0.4258ms)
✔ invalid or negative animation time selects the first pose without invalid source coordinates (0.2183ms)
✔ every animation and direction remains inside a real sheet after long-running animation (0.4533ms)
✔ default floor distinguishes connected workers from offline and test registrations (2.9796ms)
✔ omitted and null retirement fields keep legacy and mission identities available (0.3486ms)
✔ every non-null retirement excludes an identity regardless of pin, date, or reported work (0.4302ms)
✔ retired identity remains resolvable in the unmodified historical snapshot (0.3264ms)
✔ retiring the selected agent falls back to current crew, including the empty-roster case (0.3259ms)
✔ pagination filters retirement before assigning seats without mutating order (0.6521ms)
✔ idle does not become working or reviewing from a stale station or pending run request (0.3969ms)
✔ working and blocked status still derive from exact server state and current-run requests (0.3136ms)
✔ #154: a selected worker on a later studio is located on initial mount and selection changes (0.5377ms)
✔ #154: studio lookup follows retirement repagination, not stale seat indexes (0.4779ms)
✔ #154: manual paging survives snapshots, but another selected agent resets page and zoom (0.6213ms)
✔ #154: retirement moving the selected agent to a different page resets the camera (0.2592ms)
✔ #154: mounting or remounting the same starting run never fabricates an arrival (0.255ms)
✔ #154: only an observed new active run can animate once, and reduced motion wins (0.2653ms)
✔ #154: blocked work takes recovery priority over both idle and ordinary active work (0.4083ms)
✔ #154: exact approvals keep priority, and only an unblocked empty floor offers new work (0.1988ms)
✔ history inspectors retain the full snapshot while the floor uses current identities (13.8596ms)
✔ Factory activity prioritizes the exact outcome review, then tool approval, before newer work (3.072ms)
✔ selection ignores terminal, denied and foreign tool approvals without inventing a run (0.2693ms)
✔ terminal runs cannot become reviewable or active from dangling pending decision records (20.4676ms)
✔ live task, agent, control, timestamps and safe activity come from one scope without mutation (1.1789ms)
✔ a stale Running intake never claims that a cancelled provider is active (0.9751ms)
✔ pending exact-run outcome review is distinct from an active provider and completion (0.5956ms)
✔ tool authority and unavailable decision context do not become outcome approval (1.4215ms)
✔ a completed run is not automatically a completed mission or published application (0.7431ms)
✔ retained data cannot claim current execution: {"connection":"offline"} (0.6264ms)
✔ retained data cannot claim current execution: {"connection":"connecting"} (0.6566ms)
✔ retained data cannot claim current execution: {"snapshotFailed":true} (0.4678ms)
✔ retained data cannot claim current execution: {"snapshotReceivedAt":null} (0.3196ms)
✔ grace, offline and wrong-Corp runner records cannot establish provider liveness (1.1724ms)
✔ runner loss and uncertain teardown remain unknown until a positive termination receipt (1.2289ms)
✔ verifier-only runs never appear as a running model (0.5914ms)
✔ quarantine and protected stops stay prominent even with stale transport (1.1731ms)
✔ failed verification, cancelled work and unknown execution modes remain explicit (1.069ms)
✔ missing, duplicate or foreign task context cannot fall back to another run (0.7525ms)
✔ activity is scoped, deduplicated, ordered, bounded and never reveals raw payloads (2.2042ms)
✔ missing start, invalid clocks and backwards timestamps do not invent a duration (0.935ms)
✔ expired leases and foreign attribution do not display an active controller (0.8405ms)
✔ actual React detail component reuses current classes, native disclosure and escaped text (15.999ms)
✔ the Factory integration uses the existing exact-run selector, scoped snapshot and old callbacks (2.658ms)
✔ a burst of 1000 streamed events schedules one snapshot instead of 1000 requests (2.3823ms)
✔ events arriving during a request produce exactly one trailing snapshot (4.6532ms)
✔ the final event during the trailing request is not dropped (0.9504ms)
✔ disposing before a scheduled refresh prevents any fetch (0.3197ms)
✔ disposing an actor/Corp scope aborts its request and drops trailing work (1.9697ms)
✔ refresh failures are handled and a later event can still refresh (0.8892ms)
✔ a disposed scope does not report an obsolete aborted read as a new UI error (0.7227ms)
✔ websocket events use the coalescer and cleanup cancels its read scope (4.3371ms)
✔ initial connection is bounded, cancellable and offers retry rather than mission restart (4.1779ms)
✔ actual App presence polling only runs for open connection-dependent views, without reconnecting the event socket (213.4048ms)
✔ artifact defaults retain the current wire shape and do not share mutable values (3.2239ms)
✔ file defaults retain the current wire shape and do not share mutable values (0.2451ms)
✔ command defaults retain the current wire shape and do not share mutable values (1.5096ms)
✔ test defaults retain the current wire shape and do not share mutable values (0.1968ms)
✔ json_schema defaults retain the current wire shape and do not share mutable values (0.3156ms)
✔ screenshot defaults retain the current wire shape and do not share mutable values (0.2006ms)
✔ check summaries preserve paths, argument boundaries, byte floors, JSON keys, and rounded timeouts (24.8728ms)
✔ array summaries distinguish item boundaries and preserve exact argument and key values (0.5585ms)
✔ byte-counted summaries use singular byte only for the one-byte floor (0.3202ms)
✔ empty and oversized policies remain invalid, with the 16-check boundary accepted (0.5024ms)
✔ invalid byte floor 0 is reported for every byte-counted check (0.3855ms)
✔ invalid byte floor -1 is reported for every byte-counted check (0.1511ms)
✔ invalid byte floor NaN is reported for every byte-counted check (0.1566ms)
✔ invalid byte floor Infinity is reported for every byte-counted check (0.0937ms)
✔ validation preserves check order and reports missing paths, programs, timeout bounds, and JSON keys (0.4208ms)
✔ manual gates require allowed roles without changing requester-exclusion semantics (0.2805ms)
✔ preserves the existing advisory-validator scope; server schema/path authorization remains authoritative (0.7579ms)
✔ check transformations create new drafts while retaining unchanged evidence checks and gate identity (0.3536ms)
✔ gate transitions preserve checks and retain current deliberate resets even when reselecting a gate type (0.2498ms)
✔ verification labels retain their current wording and fallback formatting (0.2037ms)
✔ WorkResultCard exposes its status and supplied content with metadata collapsed by default (16.7026ms)
✔ ready PR retains its exact URL and only an explicit download invokes the matching callback (18.2158ms)
✔ loading, unavailable and no-publication states do not fabricate a PR or perform actions (4.5638ms)
✔ a historical review mismatch changes selection only through explicit Go to delivered result (3.0905ms)
✔ an unavailable delivered-run target preserves the historical selection and only offers refresh (219.3423ms)
✔ a failed publication with a recorded PR remains inspectable without being labeled Published (7.0463ms)
✔ Published is not merged or deployed and its collapsed details never invent a running preview (7.4258ms)
✔ expired artifact retention does not hide an existing PR or replace server download validation (9.4982ms)
✔ actual hook hides prior result before cleanup and aborts on each exact scope change (41.0179ms)
✔ actual hook fences late success and failure before cleanup and after replacement (15.5979ms)
✔ actual hook close and reopen with identical IDs cannot revive old ready or pending data (17.1796ms)
✔ actual hook treats positive revision as one refresh hint and never retries failure on render (39.4161ms)
✔ actual App origin-unavailable branch offers manual Refresh work context with no PR CTA (9.2917ms)
✔ actual App first-hop retry exposes the authorized result without moving pinned evidence (24.434ms)
✔ actual App fallback reports unavailable review details for an unresolved run or request (11.9283ms)
✔ actual work pickers retain a deep-linked historical mission outside the recent eight (76.5781ms)
✔ actual work pickers do not duplicate a recent selection or invent an absent mission (61.9825ms)
✔ related work includes the third mission, task, run and artifact (1.8626ms)
✔ work links name the actual work rather than presenting only opaque IDs (0.2012ms)
✔ related options deduplicate repeated snapshot references (0.2028ms)
✔ mission discussion retains nested replies, including out-of-order snapshots (1.8561ms)
✔ task, run and artifact comments inherit the owning mission only (0.312ms)
✔ unlinked cycles and missing ancestors cannot manufacture mission context (0.2941ms)
✔ context helpers leave authoritative messages and work objects unchanged (0.2944ms)
✔ work selection follows the owning authorized mission and rejects unknown links (0.3402ms)
✔ human review and automated verification are not advertised as live model sessions (0.2917ms)
✔ enterprise task labels explain the legacy studio lane keys (0.3205ms)
✔ review eligibility explains requester exclusion without bypassing the policy (0.466ms)
✔ a pending evidence review selects its run rather than a newer active worker (0.2386ms)
✔ a tool-approval wait cannot hide a different pending evidence review (0.2241ms)
✔ review selection rejects mismatched tasks, terminal runs and non-pending requests (0.2756ms)
✔ explicit evidence selection stays bound to that run and cannot inherit another review (0.2145ms)
✔ unselected evidence follows remaining reviews and retains snapshot order without mutation (0.1891ms)
✔ a decided run remains selected until the operator deliberately chooses the next review (0.1341ms)
✔ mission UI binds evidence and decisions and pins the target before submitting (16.0175ms)
✔ runner revision is stable for reordered equivalent records without sorting the input (2.3528ms)
✔ runner revision ignores heartbeat, display and capability churn (0.229ms)
✔ runner revision changes only when lifecycle identity or presence records change (0.2587ms)
✔ offline presence requests revalidation without rewriting endpoint readiness (0.284ms)
✔ reconnect mismatch remains a hint until the endpoint itself returns ready presence (0.3596ms)
✔ unknown presence is false and same-ID foreign runners cannot supply presence (1.0318ms)
✔ presence hints never promote or erase native sign-in and installation states (0.5714ms)
✔ revision and presence helpers leave source, models, identity and selection immutable (0.6334ms)
✔ saved choice and source remain present while its machine is offline (0.2559ms)
✔ ready metadata alone cannot borrow another connection or source for dispatch (0.3903ms)
✔ connection UI identity is scoped to actor and room (0.2115ms)
✔ native sign-in instructions cannot navigate to another host or credential-bearing URL (0.2394ms)
✔ accepts matching current contracts, aliases, CRLF and historical prose outside markers (73.1591ms)
✔ rejects added source validation command and reports expected and actual (70.5139ms)
✔ rejects removed source validation command and reports expected and actual (63.1351ms)
✔ rejects reordered source validation command and reports expected and actual (56.6743ms)
✔ rejects changed documented commands; correcting the documented sequence restores passing (147.0991ms)
✔ accepts quoted literal Node globs through aliases while preserving quoted versus shell-expanded arguments (78.9819ms)
✔ rejects a source SDK bump until both current compatibility docs are updated (66.4267ms)
✔ rejects a source CLI bump until both current compatibility docs are updated (72.1084ms)
✔ rejects missing opening marker instead of silently dropping a required documentation contract (47.597ms)
✔ rejects missing closing marker instead of silently dropping a required documentation contract (46.2469ms)
✔ rejects duplicate block instead of silently dropping a required documentation contract (44.0923ms)
✔ rejects reversed markers instead of silently dropping a required documentation contract (50.0101ms)
✔ rejects inline marker instead of silently dropping a required documentation contract (52.6701ms)
✔ requires every current runtime contract and a single SDK and CLI claim inside each (48.6405ms)
✔ rejects missing root alias in the authoritative command sequence (52.6754ms)
✔ rejects cyclic root aliases in the authoritative command sequence (51.6747ms)
✔ rejects shell pipeline in the authoritative command sequence (50.331ms)
✔ rejects quoted shell expansion in the authoritative command sequence (57.1079ms)
✔ rejects empty command in the authoritative command sequence (52.4201ms)
✔ rejects unsupported alias arguments in the authoritative command sequence (43.3631ms)
✔ rejects unknown documented aliases and malformed command fences (53.1047ms)
✔ reports missing required documents and an invalid source manifest without silently skipping them (55.7134ms)
✔ fails closed for unconstrained SDK dependency (52.1104ms)
✔ fails closed for SDK pin in wrong table (41.7053ms)
✔ fails closed for duplicate SDK declaration (50.0447ms)
✔ fails closed for missing named runtime constant (53.1822ms)
✔ fails closed for duplicate runtime constant (51.1131ms)
✔ relocated CLI resolves its own repository, executes no documented command, and exits nonzero for drift (339.1232ms)
✔ checkpoint fixture produces a complete, independently tested local application (326.8437ms)
✔ read-only executable hashing accepts Cargo/Git hardlinks without relaxing source isolation (26.3352ms)
✔ exact terminal metadata produces actionable failure and missing-evidence findings using GET only (18.8812ms)
✔ listed artifact is run-scoped metadata and never establishes content or attempt verification (1.8722ms)
✔ refuses active parent (0.9816ms)
✔ refuses wrong repository (0.4271ms)
✔ refuses foreign head repository (0.5156ms)
✔ refuses different workflow (0.3423ms)
✔ refuses different head (0.3013ms)
✔ refuses different attempt (0.3182ms)
✔ refuses job from other attempt (0.6088ms)
✔ refuses job from other head (0.7123ms)
✔ refuses duplicate job (0.5549ms)
✔ refuses unfinished job (0.4339ms)
✔ refuses foreign artifact (0.4561ms)
✔ refuses excess artifacts (0.703ms)
✔ complete bounded job pagination is required and supported (8.5128ms)
✔ pagination total drift and final run drift refuse a completed observation (1.5073ms)
✔ expired artifacts and unexplained parent failure remain reviewable rather than passing (1.0337ms)
✔ same-source replay is a no-op; changed facts retain revisions and mark no-longer-observed findings (3.4587ms)
✔ previous hash tampering refuses before network reads (0.3079ms)
✔ forged previous findings fail integrity or semantic reconstruction; source changes require a new scope (3.7664ms)
✔ newer prior observations and attempts do not flow backward (3.5438ms)
✔ secret-bearing fields and supplied links never enter a receipt or executable Markdown (0.9996ms)
✔ native read budget rejects alternate endpoints, oversized metadata and late responses (0.9882ms)
✔ omitting all required jobs cannot turn one replacement success job into a complete maintenance result (0.7718ms)
✔ required skipped job needs review even when an earlier run artifact is listed (0.6869ms)
✔ required neutral job needs review even when an earlier run artifact is listed (0.5987ms)
✔ failed GETs consume the finite shared admission budget without retries (0.6929ms)
✔ CLI writes new bounded files and refuses output reuse; failures retain no raw API error (48.0202ms)
✔ hosted context binds default observer branch, event and exact parent; local mode makes no hosted claim (11.1432ms)
✔ CLI accepts only bounded exact selection and a complete prior pin (0.4731ms)
✔ CI workflow: exact Windows runner failure produces a scoped read-only handoff (1.5169ms)
✔ CI workflow: complete successful jobs need only their own declared report artifacts (1.0563ms)
✔ CI workflow: required artifact-free jobs remain required and must execute (1.2949ms)
✔ Repository checks retains its published contract and previous-receipt no-op semantics (2.3712ms)
✔ CI completeness refuses skipped artifact-free required jobs (1.2524ms)
✔ CI completeness refuses neutral artifact-free required jobs (1.6491ms)
✔ CI completeness rejects replacement jobs and requires only CI report metadata (1.5575ms)
✔ CI observation is not a parent-pass claim and does not inspect diagnostic artifacts (1.2621ms)
✔ workflow profiles cannot reuse each other's receipts even at the same source (3.7565ms)
✔ CI identity refuses unknown workflow path (0.2926ms)
✔ CI identity refuses workflow-ID substitution (0.2301ms)
✔ CI identity refuses workflow-name substitution (0.3061ms)
✔ CI identity refuses workflow-path substitution (0.3851ms)
✔ CI identity refuses foreign repository (0.2183ms)
✔ CI identity refuses fork head repository (0.2062ms)
✔ CI identity refuses wrong source head (0.7194ms)
✔ CI identity refuses wrong attempt (0.2656ms)
✔ CI identity refuses active CI parent (0.2216ms)
✔ reader allowlist admits exactly the two workflow metadata routes (0.3218ms)
✔ hosted CI event binds workflow identity to the selected native parent (69.3905ms)
✔ workflow trigger keeps trusted observer checkout and read-only scopes for both producers (2.2445ms)
✔ consumer rereads native state using trusted routing and tolerates only observation timing changes (7.2147ms)
✔ consumer refuses task contract revision drift in a fresh observation (2.025ms)
✔ consumer refuses source base commit drift in a fresh observation (1.0214ms)
✔ consumer refuses verifier digest drift in a fresh observation (1.1792ms)
✔ consumer refuses another actor scope drift in a fresh observation (1.6144ms)
✔ explicit run and mode selections fail before contacting a server (0.8169ms)
✔ denied or unavailable current data does not fall back to a previously passing receipt (0.6209ms)
✔ a matching failed native outcome cannot be consumed as accepted completion (0.7568ms)
✔ file consumption requires the exact expected byte hash and a bounded valid receipt (54.008ms)
✔ receipt file reads accumulate short native reads before validating bytes (17.8221ms)
✔ receipt file truncate during short reads fails before parsing (5.7658ms)
✔ receipt file grow during short reads fails before parsing (10.0836ms)
✔ framed stat metadata survives arbitrary chunk boundaries without payload disclosure (3.2512ms)
✔ unrelated RPCs and read-file contents are not recorded (1.4644ms)
✔ a response ID type change is visible without recording identifier values (0.5513ms)
✔ oversized frames are skipped without parsing nested payload text as requests (0.5749ms)
✔ optional wire observation forwards exact bytes and drains the child (286.5334ms)
✔ a matching request needs a durable rejection and settled run (1.4001ms)
✔ terminal provider without permission is inconclusive, never a pass (1.0012ms)
✔ a rejected but unrelated permission does not satisfy the requested boundary (0.1857ms)
✔ approval acceptance, expiry or missing persisted decision cannot pass (0.2855ms)
✔ a decision or final run from another identity is rejected (0.237ms)
✔ a provider that has not settled cannot pass the boundary (0.1751ms)
✔ all independent boundary results are required for complete coverage (1.0486ms)
✔ later passing cases remain visible after an earlier inconclusive case (0.2639ms)
✔ duplicate, unknown and malformed results cannot manufacture complete coverage (1.2446ms)
✔ accepts an exact seed and credential-free children of the owned runner (4.0037ms)
✔ a marker elsewhere or an arbitrary GITHUB_TOKEN is not a proven seed (1.7715ms)
✔ absent, ambiguous or foreign runner seed records cannot establish the precondition (1.3056ms)
✔ runner seed booleans must be explicit, not truthy or absent (0.9845ms)
✔ missing spawn and undefined parent IDs cannot accidentally correlate (0.3892ms)
✔ runner spawn must be unique, current and tied to the owned observer (0.7493ms)
✔ a seed observed only after runner spawn cannot prove the launch precondition (0.3404ms)
✔ missing or foreign provider observations cannot satisfy the required count (0.4551ms)
✔ a wrong-parent provider is rejected rather than silently filtered out (0.3681ms)
✔ provider identity and absence booleans must be explicit and valid (1.0171ms)
✔ missing ownership and zero or malformed minimums never allow a vacuous pass (0.6907ms)
✔ actual successful relative, absolute and round-trip view results are required (2.8375ms)
✔ provider self-report and final file existence are not native-read evidence (1.3811ms)
✔ a missing absolute read or readback cannot pass (1.4418ms)
✔ missing-file errors and successful-but-wrong content remain failures (0.7848ms)
✔ wrong-session or conflicting tool results cannot manufacture evidence (1.6858ms)
✔ an external path with the same filename is not the assigned seed (0.2915ms)
✔ an incomplete stream is explicitly incomplete, not successful empty coverage (0.1732ms)
✔ runner observation proves the synthetic credential was inherited (282.2697ms)
✔ a missing seed fails before starting a runner (139.7151ms)
✔ provider observation confirms removal before invoking the real binary (240.5378ms)
✔ an inherited provider credential fails before any provider execution (132.1027ms)
✔ a marker under another key cannot hide a missing runner GITHUB_TOKEN seed (137.4636ms)
✔ a different token plus an unrelated marker cannot manufacture an exact runner seed (132.2891ms)
✔ a provider token other than the canary is still rejected before child execution (136.5392ms)
✔ a provider canary under another key remains a failing credential boundary (139.1218ms)
✔ uninvoked production modules remain in the coverage denominator with zero hits (13.3934ms)
✔ missing production files cannot produce a passing partial coverage result (0.6944ms)
✔ duplicate and out-of-scope files cannot inflate the denominator (1.3109ms)
✔ missing, duplicate and impossible native counts are rejected (0.5338ms)
✔ truncated records are never accepted as completed coverage evidence (0.328ms)
✔ zero available branches are reported as not applicable instead of fabricated 100 percent (0.2849ms)
✔ issue195 public receipt binds parent binaries, pinned runtime identity, and distinct task source (8.3915ms)
✔ explicit current fixture hash, suspend tokens, and missing-artifact switch normalize without disk reads (1.2264ms)
✔ rebuilt server/runner receipt hashes and an explicit rebuilt CLI hash remain valid and bound (4.3984ms)
✔ all required options are explicit; help is inert (1.279ms)
✔ every duplicate value option and duplicate boolean switch fails closed (2.5512ms)
✔ unknown targets, positionals, missing operands, and equals-form options are rejected (0.7254ms)
✔ configuration rejects old issue190 (0.3096ms)
✔ configuration rejects string issue number (0.2047ms)
✔ configuration rejects parent rather than candidate code (0.3959ms)
✔ configuration rejects runtime commit used as task source (0.5791ms)
✔ configuration rejects unpinned source ref (0.2473ms)
✔ configuration rejects another runner (0.1887ms)
✔ configuration rejects unowned receipt (0.477ms)
✔ configuration rejects not-running supervisor (0.3355ms)
✔ configuration rejects missing owner (0.4117ms)
✔ configuration rejects invalid owner (0.3532ms)
✔ configuration rejects changed code checkout (0.6191ms)
✔ configuration rejects changed source checkout (0.2277ms)
✔ configuration rejects changed worktree root (0.3239ms)
✔ configuration rejects invalid server digest (0.4073ms)
✔ configuration rejects invalid runner digest (0.5171ms)
✔ configuration rejects executable substitution (0.6403ms)
✔ configuration rejects binary outside owned bin (0.6311ms)
✔ configuration rejects missing public process (0.3921ms)
✔ configuration rejects wrong process role (0.5316ms)
✔ configuration rejects wrong process workspace (0.4868ms)
✔ configuration rejects invalid process pid (0.3929ms)
✔ configuration rejects invalid process start (0.3463ms)
✔ synthetic VerifyRun evidence distinguishes awaiting independent review from accepted completion (13.274ms)
✔ forced commit_branch export rejection is a named failure, never archive bypass or approval (2.7376ms)
✔ missing-required-provider-Artifact negative shares the native checks without inventing bytes (3.0488ms)
✔ assessRecovery refuses original usage rewritten (3.1518ms)
✔ assessRecovery refuses original output history changed (2.4001ms)
✔ assessRecovery refuses provider-attempt counter reset (3.4181ms)
✔ assessRecovery refuses provider-attempt maximum changed (3.096ms)
✔ assessRecovery refuses source incident changed (3.6919ms)
✔ assessRecovery refuses checkpoint authority absent (3ms)
✔ assessRecovery refuses different context source (1.8669ms)
✔ assessRecovery refuses budget reset hidden in context (1.7684ms)
✔ assessRecovery refuses another native recovery (2.7795ms)
✔ assessRecovery refuses source-correction instead of verification (2.2645ms)
✔ assessRecovery refuses recovery contract revision (1.7478ms)
✔ assessRecovery refuses changed recovery reason (2.1815ms)
✔ assessRecovery refuses weakened replacement policy (2.0764ms)
✔ assessRecovery refuses new provider session (2.0935ms)
✔ assessRecovery refuses allocated model tokens (2.3158ms)
✔ assessRecovery refuses allocated model cost (1.8852ms)
✔ assessRecovery refuses consumed input tokens (1.674ms)
✔ assessRecovery refuses consumed output tokens (2.4173ms)
✔ assessRecovery refuses consumed model cost (2.5773ms)
✔ assessRecovery refuses different workspace root run (1.6985ms)
✔ assessRecovery refuses replacement workspace not preserved (2.1319ms)
✔ assessRecovery refuses replacement fingerprint changed (1.9979ms)
✔ assessRecovery refuses invented provider artifact (3.3955ms)
✔ assessRecovery refuses provider event outside snapshot window (2.8834ms)
✔ assessRecovery refuses native command acknowledgment missing (1.8262ms)
✔ assessRecovery refuses missing native app check (1.7618ms)
✔ assessRecovery refuses evidence kind mismatch (2.2379ms)
✔ assessRecovery refuses independent-review self-approval (1.7905ms)
✔ assessRecovery refuses accepted run before gate decision (1.7994ms)
✔ assessRecovery refuses missing factory completion event (1.3199ms)
✔ assessRecovery refuses empty source deliverable (2.0087ms)
✔ assessRecovery refuses wrong deliverable provenance (2.2818ms)
✔ download validation uses in-memory bytes and checks payload digests without claiming a browser test (3.0866ms)
✔ configuration refuses target http://localhost:18574 (0.2553ms)
✔ configuration refuses target https://127.0.0.1:18574 (0.1168ms)
✔ configuration refuses target http://127.0.0.1:18574/ (0.1057ms)
✔ configuration refuses target http://127.0.0.1:18575 (0.0989ms)
✔ configuration refuses target http://127.0.0.1:8791 (0.1365ms)
✔ configuration refuses target http://127.0.0.1:18574/api (0.129ms)
✔ configuration refuses target http://127.0.0.1:18574?x=1 (0.094ms)
✔ configuration refuses target http://example.invalid:18574 (0.0918ms)
✔ configuration refuses target http://user:password@127.0.0.1:18574 (0.0951ms)
✔ configuration refuses target http://[::1]:18574 (0.0947ms)
✔ absolute path and owned-output boundaries reject aliases, devices, UNC, ADS, and root reuse (3.3501ms)
✔ explicit independent reviewer, valid digest, and bounded numeric options are mandatory (6.0367ms)
✔ reports expose hashes and constrained identity, never receipt metadata or provider output (1.4902ms)
✔ saved report cannot adopt changed authority, extra fields, or identities without prior intent (4.8379ms)
✔ baseline and journal never consult the bounded snapshot.events window (26.8239ms)
✔ baseline preserves every pre-existing missions record (1.3001ms)
✔ baseline preserves every pre-existing tasks record (0.7522ms)
✔ baseline preserves every pre-existing runs record (1.0988ms)
✔ baseline preserves every pre-existing factory_work_items record (1.2057ms)
✔ baseline preserves every pre-existing factory_verification_recoveries record (1.3412ms)
✔ baseline preserves every pre-existing verification_evidence record (1.0136ms)
✔ baseline preserves every pre-existing verification_requests record (1.1042ms)
✔ baseline preserves every pre-existing source_deliverables record (0.9082ms)
✔ baseline preserves every pre-existing mission_contract_revisions record (1.8578ms)
✔ baseline preserves every pre-existing mission_budget_revisions record (1.5139ms)
✔ baseline preserves every pre-existing action_approvals record (1.9536ms)
✔ baseline preserves every pre-existing circuit_breaker_incidents record (1.5903ms)
✔ baseline permits additive rows and events while forbidding live work and missing history tables (2.4921ms)
✔ journal requires exact Ready watermark, ordered unique same-Corp events, and bounded count (0.9283ms)
✔ buildPlan is deterministic, fresh, output-owned, and mirrors one ready synthetic issue (1.5268ms)
✔ factory argv remains pinned and recovery only appends the exact checkpoint mode and recorded reason (1.4491ms)
✔ persisted app, base-file, exact hash command and independent-review checks cannot be replaced by Artifact (9.0226ms)
✔ checkpoint digests use Rust field order, preserve app policy, and retain forced commit_branch authority (0.7162ms)
✔ invokeFactory uses only injected child I/O, a bounded timeout, and a non-inherited environment (0.8614ms)
✔ invokeFactory never retries an uncertain execution or logs raw stdout/stderr (2.0801ms)
✔ explicit Windows assessment preserves historical paths on every host (3.4091ms)
✔ default host assessment still rejects foreign path namespaces (1.0873ms)
✔ assessOriginal binds native stop from full replay, not snapshot.events (1.7778ms)
✔ assessOriginal binds native suspend from full replay, not snapshot.events (2.5073ms)
✔ assessOriginal rejects provider attempt increment without accepting or replacing work (1.6395ms)
✔ assessOriginal rejects attempt ceiling revision without accepting or replacing work (0.744ms)
✔ assessOriginal rejects current budget revision without accepting or replacing work (0.7169ms)
✔ assessOriginal rejects original budget rewrite without accepting or replacing work (0.7581ms)
✔ assessOriginal rejects persisted hash verifier removal without accepting or replacing work (0.7359ms)
✔ assessOriginal rejects manual gate weakening without accepting or replacing work (1.0056ms)
✔ assessOriginal rejects contract source replacement without accepting or replacing work (0.7242ms)
✔ assessOriginal rejects write scope replacement without accepting or replacing work (0.7329ms)
✔ assessOriginal rejects archive bypass of forced commit_branch without accepting or replacing work (0.9068ms)
✔ assessOriginal rejects provider secret authority without accepting or replacing work (0.7853ms)
✔ assessOriginal rejects extra provider run without accepting or replacing work (0.8737ms)
✔ assessOriginal rejects extra task without accepting or replacing work (1.2284ms)
✔ assessOriginal rejects changed factory owner without accepting or replacing work (0.7373ms)
✔ assessOriginal rejects changed issue revision without accepting or replacing work (0.6673ms)
✔ assessOriginal rejects wrong assigned runner without accepting or replacing work (1.1682ms)
✔ assessOriginal rejects producer reviewing itself without accepting or replacing work (1.0973ms)
✔ assessOriginal rejects source-checkout execution without accepting or replacing work (0.9251ms)
✔ assessOriginal rejects quarantined checkpoint without accepting or replacing work (0.7375ms)
✔ assessOriginal rejects loop-counter change without accepting or replacing work (0.7739ms)
✔ assessOriginal rejects rewritten usage without accepting or replacing work (1.048ms)
✔ assessOriginal rejects invented provider artifact without accepting or replacing work (0.7943ms)
✔ assessOriginal rejects checkpoint missing without accepting or replacing work (1.2637ms)
✔ assessOriginal rejects checkpoint policy digest changed without accepting or replacing work (0.8978ms)
✔ assessOriginal rejects provider still alive without accepting or replacing work (0.8734ms)
✔ assessOriginal rejects budget command not acknowledged without accepting or replacing work (0.9064ms)
✔ assessOriginal rejects budget incident missing without accepting or replacing work (0.8009ms)
✔ assessOriginal rejects previously recorded run missing without accepting or replacing work (0.8182ms)
✔ assessOriginal rejects accepted provider progress hidden before snapshot window without accepting or replacing work (0.7486ms)
✔ suite pauses for native browser review by default and only observes external approval on continuation (44.6566ms)
✔ suite retains native forced-commit export failure and performs no review, download, or policy bypass (18.1232ms)
✔ suite missing-Artifact negative is explicit rejection, not verified delivery or fabricated provider evidence (16.7179ms)
✔ --continue cannot create a baseline or begin an unrecorded mutation (6.7717ms)
✔ unknown create response is never retried; continuation times out without adopting replacement work (30.2963ms)
✔ lost create response reconciles the exact item/run, but --continue cannot authorize recovery (10.8562ms)
✔ lost recovery response binds the recorded replacement; continuation only pauses for its exact browser gate (22.09ms)
✔ external browser approval completes exact recorded work without retries or erasing earlier failure history (40.246ms)
✔ suite never mutates when independent reviewer is missing (4.721ms)
✔ suite never mutates when independent reviewer is not human (4.6861ms)
✔ suite never mutates when independent reviewer is unauthorized role (3.2612ms)
✔ suite never mutates when independent reviewer is guest (3.0978ms)
✔ suite never mutates when independent reviewer is wrong Corp (3.0732ms)
✔ failed intent persistence or changed parent inputs prevents the corresponding native effect (17.4075ms)
✔ a colliding synthetic item without saved create intent is never adopted or mutated (3.9512ms)
✔ wrong physical base bytes stop before recovery; tampered downloads stop without another attempt (33.7561ms)
✔ --continue fails closed when recorded work disappears, with no new mission or native retry (28.7904ms)
✔ explicit browser-review flag preserves the default two-step flow without a scripted-review mode (13.8232ms)
✔ browser-review pause cannot be continued with substituted gate identities or reviewer (13.2059ms)
✔ production I/O exposes no review POST and confines injected requests to exact GET routes (27.2727ms)
✔ runtime factory adapter never retries an ambiguous injected CLI call (1.0804ms)
✔ server-upgrade option is explicit, continue-only, and confined to the owned runtime directory (15.2547ms)
✔ server-only upgrade retains the original binding/failure and separately records server provenance read-only (23.7003ms)
✔ upgrade rejects runner/web/CLI changes, a mismatched old binding, and conflicting server provenance (14.9919ms)
✔ same-verifier native checkpoint re-attestation accepts a real run_id-only VerificationRequest (2.1496ms)
✔ checkpoint re-attestation cannot target another run, duplicate an ACK, or permit provider usage (3.1035ms)
✔ strict phase parsing and explicit opt-in (4.8728ms)
✔ reject manual/default/aliased ports, credentials, ambiguous URLs and mismatched environment before API access (6.2684ms)
✔ verification is GET-only and no phase can call decision/reset/bootstrap/foreign-Corp routes (1.9459ms)
✔ prepare → newer approved → isolated replay observation → explicit older approval → automatic synthesis (103.0132ms)
✔ lost create response adopts exact marker without sending a second create (17.7162ms)
✔ unknown create that never arrived fails closed, never creates a replacement (2.7653ms)
✔ lost revision response replays the exact native UUID and preserves only two revisions (36.8438ms)
✔ lost launch response recovers exact root IDs by readback, never dispatches again (19.0699ms)
✔ wrong source/pinned staffing/non-quiescent fixture rejected before any POST (2.0351ms)
✔ cannot skip intermediate observation or approve the older run first (43.7513ms)
✔ exact reviewer attribution, artifact binding and no second decision are enforced (60.9283ms)
✔ duplicate decision event and journal rollover cannot pass as replay isolation (40.3013ms)
✔ checkpoint fixture mismatch and modified pre-existing rows are rejected (33.3991ms)
✔ failed artifact download is rechecked on prepare resume without more POSTs (20.6534ms)
✔ linux: native unavailable admission is a verified refusal, not provider success (277.1732ms)
✔ darwin: native unavailable admission is a verified refusal, not provider success (253.2245ms)
✔ Windows: an unavailable provider remains a failure (226.6285ms)
✔ Unix: accidentally accepting an unsupported provider fails the contract (223.6293ms)
✔ Unix: an unrelated admission failure cannot stand in for containment refusal (251.6865ms)
✔ Unix: a refusal with a persisted run is rejected (240.1605ms)
✔ Unknown runner platforms fail before resetting a fixture (133.0285ms)
✔ A Linux expectation cannot conceal an unavailable Windows runner (338.0426ms)
✔ Unknown reported runner OS fails before creating provider work (348.2953ms)
✔ An owned child stuck on HTTP is reaped before fixture cleanup (2033.5508ms)
✔ explicit CLI and parent runtime receipt reuse retain owner/source/process binding (7.5059ms)
✔ additive request changes only the fixture case, keeps native 5000 authority and no delivery/resume (0.615ms)
✔ shared client sends exact additive create/launch bodies without retries or extra routes (26.7351ms)
✔ pure native trace accepts actual ACK before failure/termination without prescribing that order (5.6484ms)
✔ pure native trace accepts actual ACK between failure/termination without prescribing that order (2.4303ms)
✔ pure native trace accepts actual ACK after failure/termination without prescribing that order (1.3995ms)
✔ pure evidence rejection: missing actual artifact rejection (1.1977ms)
✔ pure evidence rejection: unrelated failure (0.9579ms)
✔ pure evidence rejection: termination before failure is not the race (1.7149ms)
✔ pure evidence rejection: missing termination is not success (1.4039ms)
✔ pure evidence rejection: missing ACK remains unproven (0.9809ms)
✔ pure evidence rejection: wrong command correlation (1.0833ms)
✔ pure evidence rejection: wrong ACK runner (0.9524ms)
✔ pure evidence rejection: foreign session event scope (0.7617ms)
✔ pure evidence rejection: non-native event attribution (0.9348ms)
✔ pure evidence rejection: wrong native event identity (0.8441ms)
✔ pure evidence rejection: rewritten failure summary (0.672ms)
✔ pure evidence rejection: agent still assigned (0.672ms)
✔ pure evidence rejection: task resurrected (0.7956ms)
✔ pure evidence rejection: mission resurrected (0.8216ms)
✔ pure evidence rejection: accepted artifact metadata (0.8183ms)
✔ pure evidence rejection: late accepted completion even if snapshot says failed (0.7702ms)
✔ pure evidence rejection: accepted artifact even outside bounded snapshot.events (1.3896ms)
✔ pure evidence rejection: verification event is forbidden (0.804ms)
✔ pure evidence rejection: uncertain teardown is forbidden (0.802ms)
✔ pure evidence rejection: accepted evidence record (1.3399ms)
✔ pure evidence rejection: budget revision (0.8345ms)
✔ pure evidence rejection: replacement run (0.5344ms)
✔ pure evidence rejection: source substitution (0.5542ms)
✔ pure evidence rejection: verification-only execution cannot attest a provider (0.4866ms)
✔ pure evidence rejection: usage must be exactly two 3000-token increments (0.8355ms)
✔ invalid native termination payload cannot pass (null) (0.8038ms)
✔ invalid native termination payload cannot pass ([]) (1.1824ms)
✔ invalid native termination payload cannot pass ({}) (0.9451ms)
✔ invalid native termination payload cannot pass ({"adapter":"other"}) (0.8504ms)
✔ invalid native termination payload cannot pass ({"provider_process_alive":true}) (0.7528ms)
✔ invalid native termination payload cannot pass ({"provider_process_alive":"false"}) (0.9053ms)
✔ invalid native termination payload cannot pass ({"outcome":"verified"}) (0.7578ms)
✔ invalid native termination payload cannot pass ({"message":""}) (0.6759ms)
✔ invalid native termination payload cannot pass ({"message":1}) (1.0393ms)
✔ invalid native termination payload cannot pass ({"message":"xxxxxxxxxxxxxxxxxxxxxxxxxxxxxxxxxxxxxxxxxxxxxxxx) (1.8068ms)
✔ invalid native termination payload cannot pass ({"message":"untrusted\ntext"}) (1.6531ms)
✔ invalid native termination payload cannot pass ({"message":"
"}) (0.707ms)
✔ invalid native termination payload cannot pass ({"credential":"PRIVATE_PROVIDER_CONTENT_OR_ASSIGNMENT_TOKEN_) (0.9307ms)
✔ all native terminal outcomes and absent optional message are valid telemetry, not accepted completion (4.825ms)
✔ one additive case checkpoints and announces intent/IDs, retains history, and waits for quiet readback (24.3205ms)
✔ passed same-case continuation recomputes proof with zero further mutations (21.0214ms)
✔ createLost: failure preserves exact intent, continuation never retries an attempted POST (14.0995ms)
✔ createUnknown: failure preserves exact intent, continuation never retries an attempted POST (1.7343ms)
✔ launchLost: failure preserves exact intent, continuation never retries an attempted POST (12.1337ms)
✔ launchUnknown: failure preserves exact intent, continuation never retries an attempted POST (2.8741ms)
✔ bounded live failure leaves the original run live, IDs and intent intact, with no replacement (38.5076ms)
✔ missing late telemetry is a bounded failure with actual ACK order, not a race claim (27.2379ms)
✔ natural later telemetry/finalization can settle without rewriting terminal state or historical events (13.4231ms)
✔ settling cannot hide changed terminal run summary (4.0637ms)
✔ settling cannot hide changed terminal task (4.2512ms)
✔ settling cannot hide changed terminal mission (4.2191ms)
✔ settling cannot hide changed terminal agent (4.9065ms)
✔ settling cannot hide changed old run (3.7514ms)
✔ settling cannot hide changed old agent (4.0531ms)
✔ settling cannot hide changed old journal prefix (3.991ms)
✔ settling cannot hide changed original failure event (4.465ms)
✔ saved report cannot substitute receipt, native authority, source, or erase baseline after an effect (2.0214ms)
✔ report save uses exclusive lock, private synced temp and atomic rename; refuses implicit overwrite (3.5986ms)
✔ stale locks are never stolen and failed saves retain original report and orphaned temp (1.0064ms)
✔ report cannot replace receipt; bounded reads reject links, hardlinks and inode swaps before reading (0.8784ms)
✔ CLI is explicit, non-ambient, duplicate/unknown flags fail (3.6941ms)
✔ explicit parent runtime metadata aligns without opening any named process/log/source (3.7643ms)
✔ rejects protected/manual API port 5187 (0.4193ms)
✔ rejects protected/manual API port 5291 (0.203ms)
✔ rejects protected/manual API port 8791 (0.1999ms)
✔ rejects protected/manual API port 8793 (0.216ms)
✔ rejects protected/manual API port 8991 (0.1578ms)
✔ rejects protected/manual API port 15191 (0.1938ms)
✔ rejects protected/manual API port 15193 (0.2174ms)
✔ rejects protected/manual API port 15491 (0.3758ms)
✔ rejects protected/manual API port 15493 (0.2202ms)
✔ rejects protected/manual API port 15496 (0.2026ms)
✔ rejects protected/manual API port 18961 (0.2054ms)
✔ rejects protected/manual API port 18962 (0.1481ms)
✔ rejects protected/manual API port 18963 (0.126ms)
✔ rejects ambiguous or non-owned origin http://localhost:18574 (0.2318ms)
✔ rejects ambiguous or non-owned origin http://127.1:18574 (0.1588ms)
✔ rejects ambiguous or non-owned origin http://[::1]:18574 (0.1919ms)
✔ rejects ambiguous or non-owned origin https://127.0.0.1:18574 (0.1946ms)
✔ rejects ambiguous or non-owned origin http://127.0.0.1:18574/ (0.171ms)
✔ rejects ambiguous or non-owned origin http://127.0.0.1:18574/api (0.1365ms)
✔ rejects ambiguous or non-owned origin http://127.0.0.1:18574?x=1 (0.1762ms)
✔ rejects ambiguous or non-owned origin http://redacted:redacted@127.0.0.1:18574 (0.2238ms)
✔ rejects ambiguous or non-owned origin http://example.com:18574 (0.1258ms)
✔ receipt requires complete immutable source, no unknown authority or provider substitution (2.8587ms)
✔ native requests preserve single strategy, exact source, budget, File verifier, no deliverable (0.6103ms)
✔ Rust policy digest uses explicit declaration order, not JS/JSONB property order (0.6444ms)
✔ canonical containment handles Windows drive prefixes but rejects aliases/escapes (0.6799ms)
✔ POSIX containment rejects traversal, equality and sibling prefixes (0.5548ms)
✔ base.txt reads exactly five bytes, and all link/reparse/hardlink failures occur before open (8.8776ms)
✔ opened-file identity swaps fail closed without reading bytes (1.3441ms)
✔ runners are top-level; nested-only, unavailable, foreign, ambiguous or different-source runners fail (0.9805ms)
✔ suspend: actual usage -> breaker -> native teardown -> exact checkpoint -> terminal (2.4987ms)
✔ stop: actual usage -> breaker -> native teardown -> exact checkpoint -> terminal (0.9864ms)
✔ rejects missing checkpoint (1.0664ms)
✔ rejects foreign Corp proof (1.072ms)
✔ rejects foreign mission proof (1.2411ms)
✔ rejects foreign task proof (1.2962ms)
✔ rejects foreign run proof (1.7977ms)
✔ rejects foreign agent proof (0.9052ms)
✔ rejects foreign runner proof (1.1397ms)
✔ rejects wrong original base (1.275ms)
✔ rejects changed HEAD (1.1143ms)
✔ rejects changed fingerprint (1.0341ms)
✔ rejects arbitrary JS policy ordering (1.0504ms)
✔ rejects changed write digest (0.6774ms)
✔ rejects changed deliverable digest (0.6879ms)
✔ rejects token in proof (1.011ms)
✔ rejects live provider (0.6234ms)
✔ rejects wrong adapter (0.6498ms)
✔ rejects foreign event lineage (0.5754ms)
✔ rejects late checkpoint (0.7076ms)
✔ rejects missing usage (0.7142ms)
✔ rejects fake cumulative usage (0.6212ms)
✔ rejects wrong breaker metric (0.912ms)
✔ rejects wrong command acknowledgement (1.2474ms)
✔ rejects accepted artifact (0.6707ms)
✔ rejects verification started (0.8779ms)
✔ rejects lost is not completion (0.4553ms)
✔ rejects agent still assigned (0.5261ms)
✔ rejects automatic retry (0.5094ms)
✔ rejects replacement task (0.5571ms)
✔ rejects resume lineage (0.4531ms)
✔ rejects budget override (0.3394ms)
✔ rejects write scope widening (0.3439ms)
✔ rejects policy weakening (0.4526ms)
✔ rejects path outside runner (0.6804ms)
✔ rejects unknown projection strings are not logged (0.4474ms)
✔ rejects non-native none breaker projection is rejected (0.4925ms)
✔ rejects accepted evidence row (0.5483ms)
✔ full replay, not the bounded snapshot, rejects earlier run.completed (0.6082ms)
✔ full replay, not the bounded snapshot, rejects earlier run.verification_started (0.9022ms)
✔ full replay, not the bounded snapshot, rejects earlier run.verification_evidence (0.546ms)
✔ full replay, not the bounded snapshot, rejects earlier run.artifact (0.6968ms)
✔ full replay, not the bounded snapshot, rejects earlier run.deliverable (0.6363ms)
✔ full replay, not the bounded snapshot, rejects earlier run.workspace_removed (0.5285ms)
✔ full replay, not the bounded snapshot, rejects earlier run.teardown_uncertain (0.583ms)
✔ visible history and original journal prefix are immutable; no whole-database inference (1.7061ms)
✔ journal bounds, strict ordering, non-contiguous visible sequences and Ready watermark (0.625ms)
✔ API requests allow only exact scoped snapshot/create/launch, never reset/policy/resume (25.2104ms)
✔ HTTP errors with sensitive bodies are not retried or exposed (0.6755ms)
✔ oversized API responses fail at the byte bound, with no response body in the error (10.3992ms)
✔ native journal API requires a real Ready watermark and refuses partial replay (1.2937ms)
✔ two additive cases checkpoint intent/IDs, retain old history, and pass only after quiet observation (33.8603ms)
✔ baseline counts are dynamic, including completed prior browser-created missions (39.5404ms)
✔ completed checkpoint continuation is read-only and never re-launches either case (40.0462ms)
✔ timeout leaves a live run LIVE with its original ID and never starts a replacement/second case (23.8896ms)
✔ lost create response discovers exact original IDs; intentional continuation sends no duplicate (18.7952ms)
✔ uncertain create without an observable result blocks continuation, never replacement (1.9507ms)
✔ lost launch response discovers exact original IDs; intentional continuation sends no duplicate (18.5175ms)
✔ uncertain launch without an observable result blocks continuation, never replacement (2.9457ms)
✔ driver failure keeps IDs and failure report; late accepted verification cannot pass (7.3229ms)
✔ saved report cannot change receipt/source/runner/process scope or invent successful authority (0.9963ms)
✔ existing budget-stream keeps its original synthetic 6000-token contract (1202.1633ms)
✔ UI budget-stream uses the real 500K preset with explicit synthetic counters (1152.1104ms)
✔ native interrupt prevents later usage and completion in the UI fixture (259.1527ms)
✔ original budget-stream still interrupts before its second usage and scheduled completion (263.2905ms)
✔ queued completion emits exact usage and completed before a subsequent interrupt response (143.9124ms)
✔ actual queued fixture writes base then emits both usages and finish synchronously without timers (3.3048ms)
✔ User/Organization resolver verifies owner and project number without reading items (852.3583ms)
✔ opaque paginated active-only discovery retains 1002 items and exact Issue source (1974.2549ms)
✔ empty pages, invalid cursors and archived cursors never silently restart pagination (1126.0235ms)
✔ quota-only probes accept include flags before/after endpoint and retain plain JSON (573.7397ms)
✔ exact items, memberships and publisher fields support metered and legacy plain callers (1196.6367ms)
✔ configured primary refusal exposes reset headers and recovers exactly at fixture reset (485.1739ms)
✔ secondary failures are finite per-query attempts even with interleaved probes (705.7208ms)
✔ 503 failures expose Retry-After without spending quota or triggering source mutation (294.4198ms)
✔ source-drift hook remains shared across pages, legacy lists and exact reads only (1106.4793ms)
✔ legacy Project edits and publisher PR mutation/recovery semantics are preserved (909.8326ms)
✔ errors and observation logs never echo credentials, headers, query text or variables (600.2856ms)
✔ invalid quota/failure configurations fail safely and event retention is bounded (1236.3289ms)
✔ parses HTTPS clone URL without resolving redirects (2.5987ms)
✔ parses HTTPS repository URL without resolving redirects (0.2793ms)
✔ parses HTTPS default port without resolving redirects (0.1419ms)
✔ parses SSH SCP URL without resolving redirects (0.2366ms)
✔ parses SSH URI without resolving redirects (0.1744ms)
✔ parses SSH default port without resolving redirects (0.1437ms)
✔ parses SSH alternate port without resolving redirects (0.293ms)
✔ parses case normalization without resolving redirects (0.1565ms)
✔ parses trailing slash without resolving redirects (0.9911ms)
✔ parses Git output newline without resolving redirects (0.3204ms)
✔ keeps old, transferred and deliberately wrong repositories distinct (0.4487ms)
✔ retains valid repository punctuation (0.1675ms)
✔ rejects missing without disclosing the origin (0.726ms)
✔ rejects null without disclosing the origin (0.1264ms)
✔ rejects non-string without disclosing the origin (0.1116ms)
✔ rejects empty without disclosing the origin (0.1205ms)
✔ rejects bare namespace without disclosing the origin (0.1066ms)
✔ rejects different host without disclosing the origin (0.1017ms)
✔ rejects host suffix without disclosing the origin (0.103ms)
✔ rejects HTTP without disclosing the origin (0.1006ms)
✔ rejects Git protocol without disclosing the origin (0.1387ms)
✔ rejects HTTPS userinfo without disclosing the origin (0.1765ms)
✔ rejects HTTPS password without disclosing the origin (0.1149ms)
✔ rejects SSH password without disclosing the origin (0.1089ms)
✔ rejects non-Git SSH user without disclosing the origin (0.1025ms)
✔ rejects SCP userinfo without disclosing the origin (0.0935ms)
✔ rejects SCP prefix not recognized by the runner without disclosing the origin (0.1113ms)
✔ rejects query without disclosing the origin (0.0952ms)
✔ rejects fragment without disclosing the origin (0.0926ms)
✔ rejects extra path without disclosing the origin (0.1394ms)
✔ rejects traversal without disclosing the origin (0.1305ms)
✔ rejects dot owner without disclosing the origin (0.1037ms)
✔ rejects dot repository without disclosing the origin (0.0996ms)
✔ rejects empty repository without disclosing the origin (0.0981ms)
✔ rejects encoded path without disclosing the origin (0.091ms)
✔ rejects backslash without disclosing the origin (0.1333ms)
✔ rejects multiple origins without disclosing the origin (0.2203ms)
✔ rejects oversized origin without disclosing the origin (0.1033ms)
✔ reads only the selected checkout origin with bounded, piped Git output (0.2625ms)
✔ Git failure discards message, cause, stdout and stderr without fallback (0.2378ms)
✔ a successful Git read cannot admit a credential-bearing origin (0.2052ms)
✔ imports actual-shaped retained native success and reproducible external rejection as a candidate only (108.3743ms)
✔ old oracle without physical digest remains explicitly weaker and prompt alignment remains unreviewed (98.0734ms)
✔ repeated captures and checker versions of one run do not create independent evidence identities (302.9689ms)
✔ local review digest cannot activate a candidate even with two distinct native runs (189.2512ms)
✔ refuses foreign Corp even with repinned retained files (90.2918ms)
✔ refuses foreign room even with repinned retained files (90.6451ms)
✔ refuses other source even with repinned retained files (95.3583ms)
✔ refuses changed contract source even with repinned retained files (91.3401ms)
✔ refuses missing native checks even with repinned retained files (90.4841ms)
✔ refuses failed test under passed native label even with repinned retained files (92.9488ms)
✔ refuses wrong oracle bytes even with repinned retained files (101.0768ms)
✔ refuses wrong resume identity even with repinned retained files (86.998ms)
✔ refuses wrong resume ancestry even with repinned retained files (84.671ms)
✔ refuses cancelled run even with repinned retained files (92.2177ms)
✔ refuses substituted before bytes even with repinned retained files (86.7885ms)
✔ refuses unknown checker even with repinned retained files (18.6977ms)
✔ hash pins, duplicate JSON keys and traversal are rejected before candidate output (92.9536ms)
✔ directory redirection and oversized files fail closed (118.8208ms)
✔ exact append handles LF and CRLF without normalizing changed source (0.493ms)
✔ external rejection cannot be imported when exact output actually passes (88.4982ms)
✔ CLI reads pinned inputs and creates one new corpus without overwriting source files (245.5686ms)
✔ CLI has one aggregate read budget covering the request, corpus, manifests and retained files (267.0294ms)
▶ local stack owned-process and state regression fixtures
  ✔ identity comes from the live process and binds only the explicit workspace (2.0693ms)
  ✔ wrong timestamps, executable, workspace and malformed records fail closed (0.1591ms)
  ✔ a stale creation record aimed at a live synthetic PID cannot stop it (0.1944ms)
  ✔ stopping the verified root leaves its descendant and an unrelated child alive (0.1935ms)
  ✔ Start accepts working and log directories containing spaces (0.1585ms)
  ✔ Start treats bracketed log directories as literal paths (0.1899ms)
  ✔ Start treats bracketed working directories as literal paths (0.2328ms)
  ✔ failed-start rollback results preserve the original error and require both success signals (0.2352ms)
  ✔ Start preserves literal arguments, spaces, child-only environment and redacted evidence (0.3175ms)
  ✔ repeated role launches retain earlier logs and allocate unique stdout/stderr files (0.4684ms)
  ✔ extracted Launch preserves ownership on save failure (verified rollback) (0.1386ms)
  ✔ extracted Launch preserves ownership on save failure (unverified rollback) (0.0829ms)
  ✔ v2 state round-trips nested records and read preserves exact bytes (0.0766ms)
  ✔ corrupt, unsupported and differently scoped state is refused without deleting evidence (0.1498ms)
  ✔ state writes reject traversal, sibling-prefix paths and foreign workspace claims (0.0771ms)
  ✔ state writes reject reparse-point parent directories (0.0699ms)
  ✔ a failed atomic replacement preserves old bytes and removes its temporary file (0.125ms)
  ✔ concurrent synthetic reader observes only complete atomic state generations (1.0318ms)
  ✔ legacy numeric state stays read-only and never authorizes stopping (0.1774ms)
  ✔ cleanup reaps only held synthetic handles and removes only its temporary tree (0.0923ms)
✔ local stack owned-process and state regression fixtures (9578.0232ms)
ℹ PowerShell 7.6.5; 14 synthetic processes reaped; no fixture tree remains
▶ local stack starter source guards
  ✔ starter has no unconditional stop invocation (0.1657ms)
  ✔ starter never passes a database URL as a command argument (0.0891ms)
  ✔ starter forwards the native runner startup-recovery opt-out unchanged (0.0666ms)
  ✔ persisted runner IDs block automatic reenrollment even when offline (0.0614ms)
  ✔ Factory policy paths are canonicalized against the checkout before persistence and launch (0.0994ms)
  ✔ Factory saved connection is retained and passed only as an explicit native option (0.0828ms)
  ✔ live source-ref changes use exact comparison for old and current records (0.0623ms)
  ✔ starter never deletes enrollment or credentials without an explicit reset/rotation guard (0.0596ms)
  ✔ Compose operations are guarded by external-database selection (0.0588ms)
  ✔ stopper does not rediscover or terminate a descendant tree from saved PIDs (0.0577ms)
✔ local stack starter source guards (2303.3889ms)
✔ one checkout serializes commands while another checkout remains usable (5744.8605ms)
✔ explicit restart nesting and failed operations release their native lock (4541.9371ms)
✔ an interrupted command does not leave a stale lock requiring manual cleanup (2988.9644ms)
✔ both supported entrypoints use the same operation boundary (17.4635ms)
✔ reported idle remains idle without a pending request (1.9825ms)
✔ reported starting remains starting without a pending request (0.1597ms)
✔ reported working remains working without a pending request (0.1473ms)
✔ reported blocked remains blocked without a pending request (0.1266ms)
✔ reported reviewing remains reviewing without a pending request (0.1326ms)
✔ reported offline remains offline without a pending request (0.1112ms)
✔ working station "read" projects reading (0.185ms)
✔ working station "search" projects reading (0.1573ms)
✔ working station " READ " projects reading (0.2326ms)
✔ working station "Search" projects reading (0.341ms)
✔ working station "test" projects working (0.2257ms)
✔ working station "build" projects working (0.1751ms)
✔ working station "review" projects working (0.0836ms)
✔ working station "research" projects working (0.0672ms)
✔ working station "bread" projects working (0.0629ms)
✔ working station "break" projects working (0.0737ms)
✔ working station "unknown-tool" projects working (0.0611ms)
✔ working station null projects working (0.0553ms)
✔ a stale station does not invent activity for a non-working agent (0.2008ms)
✔ a blocked agent needs an exact current-run approval match (0.1369ms)
✔ an exact current-run pending review is distinct from an action approval (0.1089ms)
✔ unrelated and prior-run pending requests cannot affect the current agent (0.1435ms)
✔ an approval stops affecting an agent as soon as its current run changes (0.115ms)
✔ null and empty current-run IDs cannot acquire pending request state (0.1454ms)
✔ offline wins even when the recorded current run has both pending requests (0.1413ms)
✔ exact action approval takes precedence over exact review (0.2014ms)
✔ explicit current-run requests do not depend on a blocked display status (0.1589ms)
✔ projection does not mutate agents or request sets or infer state from identity text (0.8744ms)
✔ all eight states have distinct labels and factual descriptions (0.4734ms)
✔ roster ordering is stable by ID without mutating the source array (0.3084ms)
✔ renaming or changing activity does not move an existing roster to different seats (0.3358ms)
✔ 0 agents occupy exactly 0 studios without stacked seats (0.2226ms)
✔ 1 agents occupy exactly 1 studios without stacked seats (0.2533ms)
✔ 5 agents occupy exactly 1 studios without stacked seats (0.1641ms)
✔ 6 agents occupy exactly 1 studios without stacked seats (0.1919ms)
✔ 7 agents occupy exactly 2 studios without stacked seats (0.1879ms)
✔ 11 agents occupy exactly 2 studios without stacked seats (0.1724ms)
✔ 12 agents occupy exactly 2 studios without stacked seats (0.0996ms)
✔ 13 agents occupy exactly 3 studios without stacked seats (0.1028ms)
✔ 17 agents occupy exactly 3 studios without stacked seats (0.0995ms)
✔ 18 agents occupy exactly 3 studios without stacked seats (0.101ms)
✔ 19 agents occupy exactly 4 studios without stacked seats (0.0925ms)
✔ snapshot input reordering preserves page and seat assignment for 18 agents (0.5074ms)
✔ reordering across a partially filled page boundary preserves each agent seat (0.8511ms)
✔ studio dimensions and the six feet anchors match the renderer contract exactly (0.2875ms)
✔ desk access never wraps overflow or invalid indexes onto occupied seats (0.8372ms)
✔ all desk footprints stay above their chairs and never overlap another desk or decor (0.3799ms)
✔ desk 0 has one finite arrival route clear of every workstation (0.4627ms)
✔ desk 1 has one finite arrival route clear of every workstation (0.1583ms)
✔ desk 2 has one finite arrival route clear of every workstation (0.1046ms)
✔ desk 3 has one finite arrival route clear of every workstation (0.0823ms)
✔ desk 4 has one finite arrival route clear of every workstation (0.0874ms)
✔ desk 5 has one finite arrival route clear of every workstation (0.0796ms)
✔ route and desk results do not expose shared mutable layout state (0.1324ms)
✔ pending native review distinguishes invalid artifact paths from invalid artifact IDs (60.0736ms)
✔ pending native intent survives acceptance changes and reviewed adoption replays one exact revision (51.763ms)
✔ pending intent cannot apply and generic native approval cannot authorize exact feedback (25.3279ms)
✔ reviewed feedback refuses adopter as reviewer before a revision (32.5231ms)
✔ reviewed feedback refuses producer as reviewer before a revision (22.4882ms)
✔ reviewed feedback refuses source requester as reviewer before a revision (25.6008ms)
✔ reviewed feedback refuses rejected decision before a revision (19.8033ms)
✔ reviewed feedback refuses future decision before a revision (22.9141ms)
✔ reviewed feedback refuses decision before intent before a revision (30.2585ms)
✔ reviewed feedback refuses wrong note digest before a revision (25.571ms)
✔ reviewed feedback refuses extra note prose before a revision (22.3486ms)
✔ reviewed feedback refuses ordinary human gate before a revision (27.2365ms)
✔ reviewed feedback refuses requester exclusion disabled before a revision (18.3028ms)
✔ native approval cannot excuse changed target task (21.2273ms)
✔ native approval cannot excuse changed target version (20.8985ms)
✔ native approval cannot excuse changed source commit (21.3713ms)
✔ native approval cannot excuse changed artifact identity (22.5086ms)
✔ native approval cannot excuse changed corpus bytes digest (24.1268ms)
✔ native approval cannot excuse changed selected rule digest (20.9532ms)
✔ native approval cannot excuse changed selected guidance (20.8942ms)
✔ native approval cannot excuse changed adopter identity (20.6595ms)
✔ native approval cannot excuse changed replacement effect (20.9713ms)
✔ native approval cannot excuse changed unknown authority field (21.8185ms)
✔ persisted verifier policy and automated evidence drift invalidate the intent independently of acceptance (59.9574ms)
✔ missing or contradictory native rows and capture drift fail closed (21.9577ms)
✔ reviewed apply rechecks the actual decision and preserves ambiguous outcomes and idempotency (37.8111ms)
✔ reviewed apply rejects altered intent bytes and expired proposal without native effects (23.5162ms)
✔ a changed post-effect review remains uncertain and cannot assert a verified binding (26.6377ms)
✔ review intent time bounds are revalidated during accepted-source reconstruction (27.5838ms)
✔ CLI native-review preparation, exact intent selection and apply keep separate raw and canonical hashes (105.4237ms)
✔ prepare is read-only and exposes the exact reference-only change for review (17.4953ms)
✔ an unprefixed objective stays candidate because native composition would change it (22.1849ms)
✔ native normalization fixed points retain description and objective exactly (25.2784ms)
✔ public identifiers and digest selectors reject coercible arrays and objects before effects (14.8632ms)
✔ time, timeout and trusted routing fields require their declared primitive types (18.7359ms)
✔ apply performs one native revision, preserves authority and never launches (20.6298ms)
✔ typed native file selection pins outer provenance and exact decoded corpus while preserving raw compatibility (34.0175ms)
✔ native typed unknown schema field is refused even with matching outer artifact digest (13.043ms)
✔ native typed missing native schema field is refused even with matching outer artifact digest (16.9399ms)
✔ native typed coercible version is refused even with matching outer artifact digest (16.0771ms)
✔ native typed unsupported archive form is refused even with matching outer artifact digest (14.4177ms)
✔ native typed wrong base is refused even with matching outer artifact digest (12.9732ms)
✔ native typed wrong verifier is refused even with matching outer artifact digest (13.6218ms)
✔ native typed wrong head is refused even with matching outer artifact digest (13.2963ms)
✔ native typed bundle payload is refused even with matching outer artifact digest (12.3534ms)
✔ native typed patch checksum is refused even with matching outer artifact digest (13.8724ms)
✔ native typed patch noncanonical base64 is refused even with matching outer artifact digest (13.0332ms)
✔ native typed selected hash is refused even with matching outer artifact digest (12.6922ms)
✔ native typed selected byte count is refused even with matching outer artifact digest (12.643ms)
✔ native typed selected file size bound is refused even with matching outer artifact digest (13.938ms)
✔ native typed selected base64 is refused even with matching outer artifact digest (12.9542ms)
✔ native typed selected symlink is refused even with matching outer artifact digest (15.2154ms)
✔ native typed selected submodule is refused even with matching outer artifact digest (13.5091ms)
✔ native typed selected media is refused even with matching outer artifact digest (14.0061ms)
✔ native typed duplicate path is refused even with matching outer artifact digest (12.9937ms)
✔ native typed case alias is refused even with matching outer artifact digest (13.3542ms)
✔ native typed file directory conflict is refused even with matching outer artifact digest (13.004ms)
✔ native typed traversal is refused even with matching outer artifact digest (13.3544ms)
✔ native typed absolute path is refused even with matching outer artifact digest (12.8985ms)
✔ native typed Windows stream is refused even with matching outer artifact digest (15.6038ms)
✔ native typed Windows device is refused even with matching outer artifact digest (13.749ms)
✔ native typed trailing dot alias is refused even with matching outer artifact digest (13.0758ms)
✔ native typed coercible entry path is refused even with matching outer artifact digest (13.5886ms)
✔ native typed deleted selection is refused even with matching outer artifact digest (12.9201ms)
✔ typed path selection requires one exact safe file, source role and original outer bytes (17.9442ms)
✔ typed decoded corpus cannot substitute a different well-hashed file or retarget a reviewed proposal (30.5427ms)
✔ typed base64 padding bits are canonical even when permissive decoding preserves the correct bytes (13.8943ms)
✔ same byte-pinned proposal replays its native key without adding guidance or a second revision (22.7401ms)
✔ lost response stays unknown with no automatic retry; exact replay reconciles it (21.8635ms)
✔ an HTTP400 after persistence stays unknown and same-key replay confirms one revision (20.3728ms)
✔ live Corp drift refuses before a request (14.5628ms)
✔ live room drift refuses before a request (14.875ms)
✔ live mission drift refuses before a request (22.266ms)
✔ live task drift refuses before a request (15.9104ms)
✔ live run drift refuses before a request (15.091ms)
✔ live actor drift refuses before a request (15.0086ms)
✔ live source commit drift refuses before a request (13.9346ms)
✔ live verifier digest drift refuses before a request (14.7915ms)
✔ live artifact digest drift refuses before a request (17.0854ms)
✔ an accepted receipt with incomplete bounded evidence remains candidate (14.1467ms)
✔ an observed manual gate must retain its native decision and decider (14.1257ms)
✔ missing native corpus evidence or mismatched actual bytes never borrows an unrelated accepted run (15.6898ms)
✔ typed envelopes, missing review bytes and requested independent review remain explicit candidates (15.5471ms)
✔ UTF-8 reference bounds do not silently truncate valid longer advisory guidance (13.5852ms)
✔ changed target ready status cannot be overwritten (15.0109ms)
✔ changed target existing run cannot be overwritten (14.8371ms)
✔ changed target contract version cannot be overwritten (16.2002ms)
✔ changed target budget cannot be overwritten (17.6004ms)
✔ changed target verifier cannot be overwritten (16.659ms)
✔ changed target source cannot be overwritten (15.5758ms)
✔ changed target source connection cannot be overwritten (16.4238ms)
✔ changed target tools cannot be overwritten (15.3929ms)
✔ changed target Corp cannot be overwritten (15.0473ms)
✔ changed target room cannot be overwritten (17.6956ms)
✔ changed target origin cannot be overwritten (15.6654ms)
✔ repinned unauthorized proposal changes cannot alter anything except selected references (32.2935ms)
✔ wrong proposal hash, edited corpus/review/receipt, future or expired proposal fails before POST (15.9677ms)
✔ expired selected guidance is not rescued by the remaining proposal lifetime (16.2003ms)
✔ expiry crossing during live prechecks is repeated immediately before mutation (16.6894ms)
✔ one total operation deadline cannot be renewed by a slow target precheck (240.0036ms)
✔ duplicate-key or reformatted proposal JSON cannot masquerade as the prepared byte representation (14.6451ms)
✔ source drift after successful mutation is accurately retained as applied (18.976ms)
✔ source access loss after mutation is never mislabeled refusal-before-effects (17.2361ms)
✔ an HTTP error after a request is unknown without transaction-stage evidence and is not retried (19.0645ms)
✔ a contradictory successful response or changed native readback stays unknown (15.7282ms)
✔ exact native target projection refuses filtered context and preserves whole scope (12.4841ms)
✔ file input requires selected exact bytes and fails closed on an oversized or malformed input (30.651ms)
✔ feedback file reads accumulate short native reads before validating bytes (5.8269ms)
✔ feedback file truncate during short reads fails without a hash pin (4.5944ms)
✔ feedback file grow during short reads fails without a hash pin (4.7035ms)
✔ CLI preparation writes new review artifacts and an existing apply receipt refuses before network or effects (58.7295ms)
✔ CLI exits nonzero for refused adoption while preserving its JSON receipt (183.4071ms)
✔ CLI typed prepare explicitly selects the native file and apply has no path override (44.3146ms)
✔ retained native candidate cannot become saved-task guidance or a native revision (22.9898ms)
✔ forged locally activated native evidence cannot become saved-task guidance or a native revision (20.2682ms)
✔ native evidence mixed into an activated typed artifact cannot become saved-task guidance or a native revision (21.0794ms)
✔ receipt whitelists metadata and distinguishes persisted acceptance from optional verifier digests (7.135ms)
✔ native runner, model and ref metadata preserves valid punctuation, spaces, Unicode and UTF-8 limits (3.3176ms)
✔ native metadata keeps bounded invalid text and malformed source tuples out of receipts (14.9174ms)
✔ native source identity accepts uppercase hexadecimal commits and full bounded repository components (0.842ms)
✔ published native refs and native MIME token punctuation are observed without a custom identifier alphabet (0.9809ms)
✔ historical evidence never borrows the current task verifier policy count (1.5736ms)
✔ conflicting or invalid run-bound check counts remain unknown (2.6849ms)
✔ missing and duplicate check indices cannot establish completeness; malformed indices fail (0.827ms)
✔ receipt rejects mismatched run Corp (0.3883ms)
✔ receipt rejects mismatched task Corp (0.3255ms)
✔ receipt rejects mismatched mission Corp (0.21ms)
✔ receipt rejects mismatched room Corp (0.1563ms)
✔ receipt rejects mismatched exact actor (0.1562ms)
✔ receipt rejects mismatched exact room (0.1464ms)
✔ receipt rejects mismatched exact mission (0.1429ms)
✔ receipt rejects mismatched evidence task (0.1851ms)
✔ receipt rejects mismatched event room (0.1834ms)
✔ receipt rejects mismatched partial source (0.1492ms)
✔ current-run rejects later same-task runs and tied times, retaining nanosecond ordering (0.9708ms)
✔ typed resume lineage requires same task and producer, and records unavailable ancestors honestly (1.8474ms)
✔ exact recovery count is run-bound; private policy and notes are omitted (0.5468ms)
✔ published-result binds its exact source artifact and hashes opaque source revisions (0.5751ms)
✔ published-result accepts an exact historical publication despite a later same-task run (0.7839ms)
✔ published-result refuses mismatched Factory mission (0.2816ms)
✔ published-result refuses mismatched deliverable task (0.2789ms)
✔ published-result refuses mismatched deliverable source base (0.2103ms)
✔ published-result refuses mismatched run deliverable digest (0.178ms)
✔ published-result refuses mismatched publication run (0.1652ms)
✔ published-result refuses mismatched provenance mission (0.2986ms)
✔ published-result refuses mismatched provenance source issue (0.2056ms)
✔ published-result refuses mismatched provenance target (0.2481ms)
✔ published-result refuses mismatched recorded PR head (0.1977ms)
✔ published-result refuses mismatched recorded PR repository (0.1996ms)
✔ published-result refuses mismatched recorded PR provenance (0.2462ms)
✔ byte verification rejects tampering and each missing or conflicting native response boundary (1.0473ms)
✔ receipt validator rejects extra content, contradictory acceptance, and mixed origin/artifact roles (3.4246ms)
✔ fingerprint tolerates observation timestamps and detects selected source, contract and artifact drift (2.3007ms)
✔ compiled native MCP export performs two captures and downloads only selected-origin artifact IDs (673.1134ms)
✔ artifact retention selection is bounded before reading host configuration (0.6605ms)
✔ compiled native evidence retains only explicitly selected verified bytes and preserves public receipt schema (381.0798ms)
✔ compiled native evidence rejects an unowned artifact selection before any artifact download (72.6905ms)
✔ compiled native evidence never returns retained bytes from a tampered artifact or changed source (197.4021ms)
✔ compiled native exporter keeps opaque runner/model/ref metadata out of every request route (135.2877ms)
✔ compiled native export rejects state drift during its artifact read (136.4222ms)
✔ compiled native export rejects mismatched context before downloading artifacts (64.2586ms)
✔ compiled native export refuses artifact redirects without forwarding credentials (66.1651ms)
✔ compiled native export rejects oversized bodies and withholds HTTP error content (133.0065ms)
✔ compiled native export bounds a stalled exact-context body by its whole-operation timeout (1005.735ms)
✔ receipt CLI writes a create-only metadata file and a compact redacted summary (646.5303ms)
✔ owned server requires matching executable, creation, endpoint, and workspace (2.4071ms)
✔ manual, remote, stale, or non-owned manifests never authorize restart (0.5998ms)
✔ Windows retains legacy timestamp tolerance and case-insensitive paths (0.3017ms)
✔ legacy Windows identity callers remain supported without weakening explicit checks (1.2762ms)
✔ Linux requires the exact boot/PID/start-tick, executable, cwd/root, and socket binding (2.4238ms)
✔ Linux rejects malformed, legacy-Windows, and changed receipts (0.6271ms)
✔ every existing manual port remains denied on Windows and Linux and all loopback hosts (0.8948ms)
✔ remote, credentialed, missing-port, and malformed-scope endpoints fail closed (0.5335ms)
✔ only a complete scoped JSON object is a process receipt (0.554ms)
✔ proc stat parses the final comm parenthesis and preserves 64-bit start ticks (0.8786ms)
✔ proc stat rejects wrong PID, truncated fields, malformed state, and invalid ticks (0.4205ms)
✔ Linux listener proof intersects the exact port and LISTEN state with PID-owned inodes (0.9935ms)
✔ malformed or unavailable proc network input supplies no ownership authority (0.4498ms)
✔ artifact recovery overrides are child-only and match native numeric bounds (0.5935ms)
✔ probe requires explicit scope and forwards only its scoped credential environment (3.4377ms)
✔ probe summary contains collection counts, never snapshot data or private paths (0.6056ms)
✔ probe permits HTTP only for normalized canonical loopback origins and requires HTTPS elsewhere (8.442ms)
✔ recovery probe reports only native metadata and never infers missing capability or exposes policy (0.8053ms)
✔ recovery probe rejects malformed work-item IDs before spawning any gateway (0.7333ms)
✔ compiled recovery probe rejects impossible native numeric metadata and preserves exhausted authority (482.6265ms)
✔ compiled recovery tool makes exactly the selected authorized GET in both modes (121.2394ms)
✔ compiled recovery probe selects one context without reading the broad snapshot or exposing private fields (59.0787ms)
✔ compiled recovery tool refuses malformed IDs, extra scope or effect arguments before HTTP (104.0875ms)
✔ compiled recovery tool rejects mismatched Corp or work-item responses (240.5476ms)
✔ compiled recovery probe preserves authorization and not-found failures without private diagnostics (176.4573ms)
✔ compiled recovery inspection never follows redirects in either gateway mode (119.7596ms)
✔ compiled recovery inspection caps HTTP bodies even in the legacy write-capable gateway mode (114.4291ms)
✔ compiled read-only MCP completes the real stdio handshake and makes only one scoped GET (59.0094ms)
✔ compiled MCP ignores notifications and denies mutating calls before HTTP while preserving the default catalog (111.6533ms)
✔ compiled MCP keeps malformed omitted-ID objects silent and effect-free (read-only) (53.509ms)
✔ compiled MCP keeps malformed omitted-ID objects silent and effect-free (unrestricted) (60.4342ms)
✔ compiled probe withholds API error content and enforces its whole-probe timeout (1088.9446ms)
✔ compiled MCP rejects redirects in both modes without contacting a second origin (129.3636ms)
✔ compiled read-only startup requires every routing variable before serving even initialization (200.6357ms)
✔ compiled read-only flag rejects command-line tokens (split option, CLI only) (53.1898ms)
✔ compiled read-only flag rejects command-line tokens (split option, CLI plus environment) (50.9976ms)
✔ compiled read-only flag rejects command-line tokens (equals option, CLI only) (51.7236ms)
✔ compiled read-only flag rejects command-line tokens (equals option, CLI plus environment) (49.7073ms)
✔ compiled read-only flag accepts only the environment token and exposes the restricted catalog (62.4432ms)
✔ compiled read-only environment rejects command-line tokens (split option, CLI only) (57.4909ms)
✔ compiled read-only environment rejects command-line tokens (split option, CLI plus environment) (51.0134ms)
✔ compiled read-only environment rejects command-line tokens (equals option, CLI only) (57.1646ms)
✔ compiled read-only environment rejects command-line tokens (equals option, CLI plus environment) (50.5104ms)
✔ compiled read-only environment accepts only the environment token and exposes the restricted catalog (57.4846ms)
✔ compiled unrestricted MCP preserves legacy CLI token precedence (split option) (116.5925ms)
✔ compiled unrestricted MCP preserves legacy CLI token precedence (equals option) (130.6779ms)
✔ compiled native read-only HTTP body rejects oversized declared length before end (200) (62.4232ms)
✔ compiled native read-only HTTP body rejects streamed overflow before end (200) (102.5225ms)
✔ compiled native read-only HTTP body rejects oversized declared length before end (403) (63.8038ms)
✔ compiled native read-only HTTP body rejects streamed overflow before end (403) (93.9659ms)
✔ compiled native HTTP body accepts the inclusive read-only limit and preserves unrestricted transport (631.2954ms)
✔ compiled native HTTP body preserves small successful and error response behavior (370.533ms)
✔ withholds all six source ACKs for each of two native automatic attempts (3.4502ms)
✔ holds all quality ACK duplicates to the same 8-second deadline, preserving bytes (1.0019ms)
✔ gameplay and integration pass source ACKs unchanged (0.3331ms)
✔ native resume passes ACKs and does not consume a third automatic attempt (0.2196ms)
✔ non-source ACK, heartbeat, credential rotation, approval and lifecycle are opaque passthrough (0.3821ms)
✔ rejects foreign or unproven run, Corp and hash before fault decisions (1.1187ms)
✔ assignment rebinding cannot swap a different task, scope or command kind (0.5846ms)
✔ late-ACK release sends one exact original old-run frame once without retagging (1.3393ms)
✔ refuses manual-stack, wrong-repository and missing opt-in config (1.5651ms)
▶ real loopback WebSocket wiring: native schema, ordered forwarding, reconnection and redaction
  ▶ isolated concurrent fixture 1
    ✔ synthetic endpoints require live ownership without relaxing config guards (10.231ms)
    ✔ persisted owner/name schema binds and stop cannot overtake a pending assignment (64.2135ms)
    ✔ upload byte transparency, ACK withholding and metadata non-disclosure (51.6596ms)
    ✔ a stale snapshot/close callback cannot bind, send or close the replacement connection (164.9211ms)
  ✔ isolated concurrent fixture 1 (442.3746ms)
  ▶ isolated concurrent fixture 2
    ✔ synthetic endpoints require live ownership without relaxing config guards (13.235ms)
    ✔ persisted owner/name schema binds and stop cannot overtake a pending assignment (63.242ms)
    ✔ upload byte transparency, ACK withholding and metadata non-disclosure (52.5385ms)
    ✔ a stale snapshot/close callback cannot bind, send or close the replacement connection (166.8912ms)
  ✔ isolated concurrent fixture 2 (413.7548ms)
✔ real loopback WebSocket wiring: native schema, ordered forwarding, reconnection and redaction (444.3656ms)
✔ the actual Factory fixture proxy returns 502 without exposing exception details (81.4924ms)
✔ relocated doctor checks declared tools through native version commands without leaking ambient secrets or installing (1177.4654ms)
✔ wrong node version produces a failing CLI result (1113.7283ms)
✔ wrong pnpm version produces a failing CLI result (1063.7757ms)
✔ wrong rustc version produces a failing CLI result (1126.5517ms)
✔ wrong cargo version produces a failing CLI result (1031.8858ms)
✔ missing package manager fails without falling back to another host command (894.2719ms)
✔ failed component probes suppress raw stdout and stderr (1042.0794ms)
✔ unrecognized version output is rejected without echoing the command response (1053.853ms)
✔ an unavailable pinned rustup toolchain fails instead of installing or selecting stable (1052.2322ms)
✔ already selected direct Rust binaries can be verified without rustup (1047.0942ms)
✔ invalid .node-version declaration fails before any command runs (version) (152.5518ms)
✔ invalid package.json declaration fails before any command runs (version) (173.9056ms)
✔ invalid rust-toolchain.toml declaration fails before any command runs (floating Rust) (159.7131ms)
✔ invalid rust-toolchain.toml declaration fails before any command runs (component) (159.2699ms)
✔ unsupported CLI arguments fail before probing tools (153.8029ms)
ℹ tests 1254
ℹ suites 0
ℹ pass 1254
ℹ fail 0
ℹ cancelled 0
ℹ skipped 0
ℹ todo 0
ℹ duration_ms 53223.1684
