$ node --test --test-concurrency=2 --test-timeout=180000 "apps/web/src/**/*.test.mjs" "tools/*.test.mjs"
✔ editor preserves its accessible control names, preview hook, and all six check choices (42.923ms)
✔ switching check types resets their incompatible fields and retains the rest of the policy (8.3086ms)
✔ every check-field callback retains the selected variant and unchanged checks (16.0854ms)
✔ adding and removing checks preserves tab selection, including external policy shrink and the empty state (21.0059ms)
✔ the 16-check add button limit and oversized-policy feedback are retained (10.8804ms)
✔ manual-gate transitions retain default role ordering, requester exclusion, and explicit removal (12.085ms)
✔ preview keeps exact check order, manual-role labels, heading overrides, and requester-exclusion guidance (1.9397ms)
✔ Factory exact-run navigation replaces a remembered newer outcome before mission remount (5.3113ms)
✔ run navigation ignores the duplicate activity marker in a hidden Factory tab (16.8055ms)
✔ artifact navigation chooses its exact producer while mission-only navigation preserves the current choice (1.2988ms)
✔ unavailable run/task/mission cannot overwrite remembered evidence or open another run (2.9138ms)
✔ storage failure or obsolete viewer fails closed before navigation (2.6519ms)
✔ explicit navigation writes only the selected viewer scope and only the run identity (1.3107ms)
✔ reload keeps the decided run instead of the other pending review or a newer worker (2.1168ms)
✔ remembered evidence is scoped to the API server, Corp, actor and mission (0.7597ms)
✔ missing remembered work never silently substitutes another visible review (0.5553ms)
✔ unreadable or malformed stored context requires explicit selection, not the next review (0.6338ms)
✔ a first visit is distinct from unreadable history; failed writes do not throw (0.4425ms)
✔ only the selected run ID is stored; reviews and authority never enter browser persistence (1.4312ms)
✔ MissionCard scopes remounts, pins initial evidence and fails closed when persistence fails (23.5763ms)
✔ issue210 only the explicit server flag adds correction to a native checkpoint (4.0779ms)
✔ issue210 verifier availability is independent of correction and missing availability preserves legacy behavior (1.7611ms)
✔ issue210 revision source is the exact server-selected verifier, with no cross-item fallback (0.7866ms)
✔ only native proof plus its cancellation marker exposes source-only checkpoint verification (0.3447ms)
✔ a running checkpoint needs no cancellation repair, and ordinary verification failure stays compatible (0.3011ms)
✔ missing/tampered source, checkpoint, head, active recovery or terminal outcome offers no new recovery (0.4227ms)
✔ context requests are not recovery grants and never depend on inferred mission spend/status (0.3094ms)
✔ copied command binding retains the saved connection and never falls back on malformed metadata (0.3758ms)
✔ actual presentation selects the endpoint source, not the newest visible run or mission cancellation (134.8105ms)
✔ issue210 presentation separates provider-free verification from a budgeted same-session fix (32.6262ms)
✔ issue210 source-only and unavailable checkpoint presentations never suggest generic recovery (42.1059ms)
✔ actual context loader is GET-only and admits the exact item/version/mission checkpoint (50.9631ms)
✔ actual context loader rejects stale/cross-scope and malformed flags without snapshot fallback (186.8989ms)
✔ issue210 actual loader accepts boolean correction flags and defaults missing legacy authority closed (46.6802ms)
✔ issue210 exact loader retains true, false and missing checkpoint availability without granting another mode (54.0067ms)
✔ actual UI action copies only explicit checkpoint verification with the original scope/connection (205.1002ms)
✔ issue210 actual correction action retains the original CLI route, source and connection (343.9828ms)
✔ issue210 actual card drops correction authority immediately when item, version or actor changes (363.9386ms)
✔ issue210 actual contract submission uses the scoped verifier, not its provider ancestor (53.0628ms)
✔ issue210 editor loading, errors, stale context and denied correction cannot fall back or submit (277.4642ms)
✔ issue210 ordinary contract resume, redispatch and requester/role boundaries stay intact (117.3391ms)
✔ issue210 actual source-only context copies correction and revises the exact verifier; no-mode context does neither (231.8495ms)
✔ actual resume handler and rendered provider control respect native recovery blocking (9.1667ms)
✔ actual App Resume control survives an ineligible ordinary Factory recovery lookup and uses the native actor-bound POST (261.2128ms)
✔ issue221 explicit provider-correction permission permits null head without granting checkpoint or generic resume (0.8895ms)
✔ issue221 actual context reader retains null head/current provider proof and malformed heads remain non-actionable (398.6735ms)
✔ issue221 actual copy/revision actions use only source correction for the latest failed provider with null head (284.1395ms)
✔ wrong-first legacy Project 174 cannot displace the selected live lab controller (2.1596ms)
✔ every Project/repository/Corp component must match, even with an active-item pointer (0.4469ms)
✔ GitHub owner/repository case and surrounding whitespace normalize independently (0.3042ms)
✔ missing/malformed scope is neutral rather than an empty-scope match (0.322ms)
✔ the exact active item wins among live controllers in the same scope (0.4017ms)
✔ a current live scope match wins over a stale offline active-item pointer (0.2721ms)
✔ with only offline matches, retain the exact item rather than crossing scope (0.2663ms)
✔ without an item, prefer useful live intake in the current Corp (0.3589ms)
✔ empty/no-match and unavailable explicit selections never borrow another controller (0.4607ms)
✔ heartbeat freshness and stable ID break ties without using array order or mutating inputs (1.8905ms)
✔ snapshot refresh and selected scope changes return the exact new ID/version object (0.334ms)
✔ the actual FactoryPanel resolver feeds displayed state and both action callbacks (23.2309ms)
✔ the actual component guards controller actions, retains role gating and passes the same callback (13.2887ms)
✔ the actual API action handler targets the resolved controller ID and version for all actions (67.7618ms)
✔ the production handler preserves the existing ID-scoped idempotency/version on a lost response (25.6972ms)
✔ primary_rate_limit has a reader-facing reason and an automatic future retry (26.0028ms)
✔ secondary_rate_limit has a reader-facing reason and an automatic future retry (1.0031ms)
✔ graphql_quota has a reader-facing reason and an automatic future retry (0.7507ms)
✔ github_unavailable has a reader-facing reason and an automatic future retry (1.7378ms)
✔ quota, cost and timestamps come from the snapshot, not derived or default budgets (1.271ms)
✔ equivalent offset timestamps have the same local retry time and boundary (1.3907ms)
✔ at or after the retry deadline, waiting is not presented as a successful retry (1.4129ms)
✔ zero remaining, limit, query cost and failures remain real zeros (0.8463ms)
✔ paused desired state wins without rewriting controller health or promising a retry (1.3649ms)
✔ offline health wins over polling metadata, including an elapsed retry (1.4851ms)
✔ paused and offline together retain both conditions and existing paused precedence (0.8933ms)
✔ absent legacy polling leaves the old strip intact and never fabricates a wait (0.2903ms)
✔ missing or malformed backoff data is unavailable, never zero or an invented deadline (0.5612ms)
✔ invalid values are not coerced to numbers or dates and unknown reasons are not rendered raw (2.6962ms)
✔ partial quota data preserves observed zeros while missing fields remain unavailable (0.486ms)
✔ healthy telemetry does not infer a backoff from a zero quota or failure count (0.4717ms)
✔ UI integration remains read-only, accessible, and uses existing controller controls (22.1055ms)
✔ line normalization preserves argument boundaries, literal punctuation, and duplicate values (2.3313ms)
✔ role entry supports commas and CRLF without silently deduplicating or authorizing roles (0.4274ms)
✔ mission projection retains exact task, runner and human control attribution (3.7441ms)
✔ foreign tasks and same-ID foreign-Corp runners cannot supply collaboration state (0.4114ms)
✔ offline retains work without advertising live control or termination (0.5438ms)
✔ connecting retains work without advertising live control or termination (0.356ms)
✔ a failed snapshot refresh retains exact work without advertising live controls (0.4464ms)
✔ invalid snapshot receipt NaN cannot advertise live controls (0.2901ms)
✔ invalid snapshot receipt Infinity cannot advertise live controls (0.3357ms)
✔ invalid snapshot receipt 0 cannot advertise live controls (0.2433ms)
✔ invalid snapshot receipt -1 cannot advertise live controls (0.3257ms)
✔ expired/malformed lease 2026-09-16T11:59:00Z cannot claim a controller (0.5223ms)
✔ expired/malformed lease 2026-09-16T12:00:00Z cannot claim a controller (0.2597ms)
✔ expired/malformed lease bad cannot claim a controller (0.1636ms)
✔ verifying has recorded evidence but no provider controls (0.2317ms)
✔ completed has recorded evidence but no provider controls (0.1193ms)
✔ lost has recorded evidence but no provider controls (0.1815ms)
✔ cancelled has recorded evidence but no provider controls (0.157ms)
✔ a provider-free run and a superseded agent assignment expose no live controls (0.2607ms)
✔ runner grace and offline remain distinct; neither supplies human presence (0.1592ms)
✔ review links bind exact run/task and explain role and requester exclusion (0.4626ms)
✔ missing and historical identities never become fabricated named owners or current controllers (0.1709ms)
✔ draft cache survives surface remounts but never crosses Corp/actor/room/mission (0.3037ms)
✔ actual component navigation only requests exact context; rendering sends no commands (10.7691ms)
✔ actual disconnected component retains readable evidence with an explicit warning (1.4941ms)
✔ actual failed-refresh component distinguishes stale data from a disconnected transport (1.254ms)
✔ actual component rejects missing receipt freshness and restores controls after a successful refresh (5.0941ms)
✔ App preserves main snapshot metadata and exact-run navigation while passing numeric receipt freshness (6.6273ms)
✔ App embeds existing scoped discussion and pins evidence before exact-run navigation (3.2607ms)
✔ late completion notifies remounted composers without clearing a newer or same-text draft (0.7875ms)
✔ late operation acknowledgment cannot clear a replacement idempotency key (162.7396ms)
✔ actual App selection never substitutes another mission after the selected record disappears (108.9427ms)
✔ actual briefing navigation has a visible destination for legacy empty descriptions (90.4185ms)
✔ verification checks do not change launch intent (1.5092ms)
✔ review navigation cannot turn its click into a form submission (0.2502ms)
✔ ordinary application setup cannot silently fall back to the fake runtime (0.5166ms)
✔ composer uses two clear steps and starts with an empty goal (0.2363ms)
✔ advanced settings and detailed requirements are optional disclosures (1.0204ms)
✔ closing setup preserves the draft and returns to existing mission context (0.9369ms)
✔ explicit links to existing work reveal it without erasing an open draft (0.7269ms)
✔ native creation and explicit held-plan behavior remain unchanged (0.3259ms)
✔ review keeps the exact source and current server-derived allocation visible (0.4813ms)
✔ scope requires four explicit bounded identities and cannot mutate after submission (3.5554ms)
✔ current origin binds the exact view instance, not just equal IDs (0.3256ms)
✔ read issues exactly one encoded, uncached GET with cancellation and no body (11.977ms)
✔ Direct accepts only exact returned linkage and drops unexpected hidden fields (1.2943ms)
✔ Factory retains only the validated work item, repository, issue number and exact URL (82.0083ms)
✔ all four response identities must echo the bound request exactly (23.1397ms)
✔ missing, malformed and older origin responses never become Direct (1.9945ms)
✔ Factory fields are required and null or missing metadata is never partly accepted (2.2854ms)
✔ Factory rejects invalid work-item identities, repository paths and issue numbers (2.55ms)
✔ only the raw HTTPS GitHub issue URL matching returned repository and number is accepted (4.5792ms)
✔ mixed-case owner/repository URLs match normalized identity and retain display case (1.2195ms)
✔ valid case-preserving repositories and positive safe issue numbers remain verbatim (0.8984ms)
✔ old endpoints, denied authorization and transport failures stay unavailable without raw errors (1.5009ms)
✔ a synchronous API failure is contained and clears the read timer (0.7496ms)
✔ timeout aborts an unsettled read and suppresses both late success and late failure (0.9762ms)
✔ a settled success or failure cannot be overwritten by an already queued timeout (0.6381ms)
✔ cancellation before the scheduled read prevents even the GET (0.6937ms)
✔ in-flight cancellation ignores transports that resolve or reject after abort (0.5935ms)
✔ component reads once for a valid view and renders truthful Direct copy in one styled paragraph (11.9448ms)
✔ component links only a fully validated Factory response, not extra returned fields (2.1386ms)
✔ all four operating roles may read; guests, spectators and unknown roles never request context (13.0069ms)
✔ invalid or absent scope props render the conservative fallback without requesting (13.843ms)
✔ failed exact reads preserve #185 positive or unknown fallback without inventing links or hiding failure (9.9729ms)
✔ a failed origin lookup can be retried explicitly without changing the work identities (4.638ms)
✔ Corp, actor, room and mission changes hide old success and errors before effect cleanup (11.4727ms)
✔ late success and errors from a replaced request cannot update the current component (13.0821ms)
✔ leaving and returning to identical IDs cannot revive an earlier success or failure (4.279ms)
✔ same-ID reopened pending requests ignore the original response and error after current denial (3.0513ms)
✔ a guest transition revokes displayed source data and returning operators must read again (1.7281ms)
✔ operating-role and API changes also invalidate old privileged context (1.9161ms)
✔ unmount cancels the read and a fresh mount with identical IDs cannot inherit its outcome (2.2951ms)
✔ one builder preserves the complete current creation payload and retained settings (3.3961ms)
✔ provider defaults, supported reasoning and commit-branch semantics match submission (0.324ms)
✔ existing deterministic fixture semantics are not converted into provider settings (0.2869ms)
✔ scope freezes the exact serialized body and rejects an actor mismatch (0.7368ms)
✔ every request field, Corp and actor invalidate an earlier quote (1.0018ms)
✔ preview debounces, uses the exact creation body, and calls only the read-only preview POST (7.6618ms)
✔ an edit or closing the composer before debounce starts no request (0.4081ms)
✔ an invalidated request is aborted and cannot publish a late successful quote (1.5325ms)
✔ late errors after actor/Corp change or unmount cannot replace the new preview (1.2863ms)
✔ editing away and back still requires a fresh request, not a revived quote (0.9819ms)
✔ allocations are displayed verbatim from the server, not a frontend Studio formula (0.9479ms)
✔ missing or mismatched quote fields never become a current allocation (1.7606ms)
✔ an absent preview endpoint gives a useful failure state without inventing allocations (1.3603ms)
✔ preview response is bounded to eight tasks without reallocating server budgets (0.7602ms)
✔ unknown, self, duplicate and oversized dependency references remain unknown allocations (1.1097ms)
✔ retry clears an old failure immediately and can accept a fresh quote (1.5347ms)
✔ timeout clears the quote, aborts the request and ignores a late response (0.779ms)
✔ App shares the request body, invalidates keyed preview instances and retains native Launch (4.7742ms)
✔ mission selection and Discuss use the authoritative non-first owning room (1.5464ms)
✔ mission, task, run and artifact deep links resolve to the same owning room (0.3296ms)
✔ an explicit room deep link and all-discussion view stay in that room (1.2769ms)
✔ stale, missing and older mission/room projections never fall back to the first room (0.3368ms)
✔ related work is limited to the selected room and mission, not a fixed item count (1.5881ms)
✔ messages are room-filtered before mission links and out-of-order reply ancestry (1.0361ms)
✔ valid room, mission and inherited reply submissions retain the same scope (0.7885ms)
✔ stale actor, Corp, room and mission scopes cannot submit or complete a newer draft (0.2872ms)
✔ a disappearing mission or owning room fences previously valid submissions (0.3438ms)
✔ foreign, missing or stale links and replies cannot silently become general comments (0.5151ms)
✔ guest-shaped and missing Factory projections do not establish Direct origin (0.5634ms)
✔ a mission older than the 500-item Factory window remains origin-unknown (0.39ms)
✔ a positively matched visible Factory item retains its issue attribution (0.2013ms)
✔ known publication/recovery linkage is generic when intake details are unavailable (0.3883ms)
✔ projection helpers preserve the authoritative input and do not retain hidden origin data (0.2702ms)
✔ the UI uses the tested projection and submission helpers on both discussion entry paths (15.7638ms)
✔ scope requires every explicit identity and repository and freezes the view generation (4.5318ms)
✔ the exact scope object, not equal IDs or a prior A -> B -> A view, selects the load (0.7286ms)
✔ one encoded GET is uncached, abortable and body/header/credential free (11.8098ms)
✔ published DTO retains only bound result metadata and leaves raw input untouched (2.0948ms)
✔ only explicit null publication in a correctly scoped response is known absence (3.6192ms)
✔ item and publication scope mismatches never expose links or known absence (8.7908ms)
✔ publication source issue matches the work item without equating authorizer, revisions or checkpoint generations (1.6674ms)
✔ publication and artifact identity tuples plus full digests must all match (3.2423ms)
✔ missing, duplicate and unrelated-first deliverables cannot substitute a result (1.2351ms)
✔ native provenance identity, source/target branches and digests are checked without retaining authority (6.4964ms)
✔ raw GitHub PR URLs allow native slash suffixes but retain exact repository and number checks (6.1664ms)
✔ owner/repository display case is preserved while full hex values compare by bytes (1.1122ms)
✔ PR state, exact head, owner, recorded metadata and phase cannot contradict each other (3.0586ms)
✔ download metadata rejects controls, external/native paths, malformed hashes and invalid sizes (14.6354ms)
✔ pending, PR-created, published and failed publication are distinct without claiming a live app (2.972ms)
✔ only a different valid pinned run is a mismatch; same-run contradictions stay unavailable (1.061ms)
✔ loading, denied and stale contexts cannot become a result or known absence (0.8009ms)
✔ denials, missing endpoints and sync/async transport failures stay unavailable without raw errors (1.7313ms)
✔ timeout aborts and suppresses late successes and failures without retries (1.1953ms)
✔ queued timeout callbacks cannot overwrite a settled success, absence or denial (1.0716ms)
✔ cancellation before start issues no GET; in-flight cancellation publishes no late data (0.9364ms)
✔ new same-ID generation remains unavailable after denial despite a prior response completing later (0.7626ms)
✔ requester summary does not ask for a forbidden independent decision (3.4013ms)
✔ wrong-role summary explains the existing role requirement (2.1709ms)
✔ eligible independent reviewer keeps the review invitation (1.8668ms)
✔ human gate without requester exclusion still allows the requester (1.6939ms)
✔ completed result does not inherit a pending-review restriction (1.6376ms)
✔ fresh human-only bootstrap can select a runner runtime before any crew exists (4.0915ms)
✔ retired and legacy identities neither enable nor suppress advertised runtimes (0.3825ms)
✔ studio requires the exact selected source on a connected runner, not another repository (0.4775ms)
✔ source repository and commit matching are case-insensitive but ref matching is exact (0.3282ms)
✔ unavailable runtimes and non-runtime capabilities are not mission options (1.4159ms)
✔ catalog merging prefers an enabled model without changing the source snapshot (0.7307ms)
✔ unscoped status and crew include ready connection-bound runtimes, but dispatch keeps its exact binding (1.1753ms)
✔ studio always selects Copilot even when another runtime was requested (0.2848ms)
✔ studio does not fall back to another provider or an unavailable Copilot runtime (0.4927ms)
✔ solo selection and deterministic fixtures retain their runtime contracts (0.4613ms)
✔ a disappearing explicit runtime cannot silently switch provider with stale model settings (0.2432ms)
✔ studio uses enabled Copilot model settings or an explicit provider default (0.338ms)
✔ fixtures ignore hidden provider model settings (0.1975ms)
✔ normal UI bootstrap opts out of seeded crew without changing fixture tooling (13.4643ms)
✔ runtime character descriptors match the shipped manifest, PNG dimensions, and original file bytes (52.7122ms)
✔ named characters and stable worker identities retain their appearance across reordered snapshots (1.0019ms)
✔ numeric roster positions wrap without producing missing characters, and invalid numbers use the default (0.4394ms)
✔ walking uses the original three poses in a 0,1,2,1 cycle at the 150ms boundaries (0.8894ms)
✔ idle, typing, reading and facing use the actual source-sheet rows and columns (0.5395ms)
✔ invalid or negative animation time selects the first pose without invalid source coordinates (0.3305ms)
✔ every animation and direction remains inside a real sheet after long-running animation (0.5677ms)
✔ default floor distinguishes connected workers from offline and test registrations (2.1387ms)
✔ omitted and null retirement fields keep legacy and mission identities available (0.2013ms)
✔ every non-null retirement excludes an identity regardless of pin, date, or reported work (0.2983ms)
✔ retired identity remains resolvable in the unmodified historical snapshot (1.0864ms)
✔ retiring the selected agent falls back to current crew, including the empty-roster case (0.2467ms)
✔ pagination filters retirement before assigning seats without mutating order (0.5132ms)
✔ idle does not become working or reviewing from a stale station or pending run request (0.3635ms)
✔ working and blocked status still derive from exact server state and current-run requests (0.2302ms)
✔ #154: a selected worker on a later studio is located on initial mount and selection changes (0.4672ms)
✔ #154: studio lookup follows retirement repagination, not stale seat indexes (0.539ms)
✔ #154: manual paging survives snapshots, but another selected agent resets page and zoom (0.633ms)
✔ #154: retirement moving the selected agent to a different page resets the camera (0.1929ms)
✔ #154: mounting or remounting the same starting run never fabricates an arrival (0.1652ms)
✔ #154: only an observed new active run can animate once, and reduced motion wins (0.2822ms)
✔ #154: blocked work takes recovery priority over both idle and ordinary active work (0.4267ms)
✔ #154: exact approvals keep priority, and only an unblocked empty floor offers new work (0.1731ms)
✔ history inspectors retain the full snapshot while the floor uses current identities (15.7817ms)
✔ Factory activity prioritizes the exact outcome review, then tool approval, before newer work (4.589ms)
✔ selection ignores terminal, denied and foreign tool approvals without inventing a run (0.4262ms)
✔ terminal runs cannot become reviewable or active from dangling pending decision records (34.8871ms)
✔ live task, agent, control, timestamps and safe activity come from one scope without mutation (1.2719ms)
✔ a stale Running intake never claims that a cancelled provider is active (0.9369ms)
✔ pending exact-run outcome review is distinct from an active provider and completion (0.8813ms)
✔ tool authority and unavailable decision context do not become outcome approval (2.1007ms)
✔ a completed run is not automatically a completed mission or published application (1.143ms)
✔ retained data cannot claim current execution: {"connection":"offline"} (1.098ms)
✔ retained data cannot claim current execution: {"connection":"connecting"} (1.0745ms)
✔ retained data cannot claim current execution: {"snapshotFailed":true} (0.534ms)
✔ retained data cannot claim current execution: {"snapshotReceivedAt":null} (0.5281ms)
✔ grace, offline and wrong-Corp runner records cannot establish provider liveness (1.3411ms)
✔ runner loss and uncertain teardown remain unknown until a positive termination receipt (1.4213ms)
✔ verifier-only runs never appear as a running model (1.0275ms)
✔ quarantine and protected stops stay prominent even with stale transport (1.9134ms)
✔ failed verification, cancelled work and unknown execution modes remain explicit (1.6097ms)
✔ missing, duplicate or foreign task context cannot fall back to another run (0.7789ms)
✔ activity is scoped, deduplicated, ordered, bounded and never reveals raw payloads (2.6678ms)
✔ missing start, invalid clocks and backwards timestamps do not invent a duration (1.2306ms)
✔ expired leases and foreign attribution do not display an active controller (1.5942ms)
✔ actual React detail component reuses current classes, native disclosure and escaped text (19.151ms)
✔ the Factory integration uses the existing exact-run selector, scoped snapshot and old callbacks (3.129ms)
✔ a burst of 1000 streamed events schedules one snapshot instead of 1000 requests (2.385ms)
✔ events arriving during a request produce exactly one trailing snapshot (5.8199ms)
✔ the final event during the trailing request is not dropped (1.3649ms)
✔ disposing before a scheduled refresh prevents any fetch (0.5667ms)
✔ disposing an actor/Corp scope aborts its request and drops trailing work (2.3936ms)
✔ refresh failures are handled and a later event can still refresh (1.4816ms)
✔ a disposed scope does not report an obsolete aborted read as a new UI error (1.1256ms)
✔ websocket events use the coalescer and cleanup cancels its read scope (3.8117ms)
✔ initial connection is bounded, cancellable and offers retry rather than mission restart (3.6918ms)
✔ actual App presence polling only runs for open connection-dependent views, without reconnecting the event socket (249.0462ms)
✔ artifact defaults retain the current wire shape and do not share mutable values (2.3462ms)
✔ file defaults retain the current wire shape and do not share mutable values (0.2368ms)
✔ command defaults retain the current wire shape and do not share mutable values (0.1833ms)
✔ test defaults retain the current wire shape and do not share mutable values (0.1739ms)
✔ json_schema defaults retain the current wire shape and do not share mutable values (0.3435ms)
✔ screenshot defaults retain the current wire shape and do not share mutable values (0.2308ms)
✔ check summaries preserve paths, argument boundaries, byte floors, JSON keys, and rounded timeouts (21.8964ms)
✔ array summaries distinguish item boundaries and preserve exact argument and key values (0.7268ms)
✔ byte-counted summaries use singular byte only for the one-byte floor (0.4343ms)
✔ empty and oversized policies remain invalid, with the 16-check boundary accepted (0.6818ms)
✔ invalid byte floor 0 is reported for every byte-counted check (0.3251ms)
✔ invalid byte floor -1 is reported for every byte-counted check (0.238ms)
✔ invalid byte floor NaN is reported for every byte-counted check (0.196ms)
✔ invalid byte floor Infinity is reported for every byte-counted check (0.1679ms)
✔ validation preserves check order and reports missing paths, programs, timeout bounds, and JSON keys (0.5087ms)
✔ manual gates require allowed roles without changing requester-exclusion semantics (0.3431ms)
✔ preserves the existing advisory-validator scope; server schema/path authorization remains authoritative (0.8135ms)
✔ check transformations create new drafts while retaining unchanged evidence checks and gate identity (0.4442ms)
✔ gate transitions preserve checks and retain current deliberate resets even when reselecting a gate type (0.4163ms)
✔ verification labels retain their current wording and fallback formatting (0.223ms)
✔ WorkResultCard exposes its status and supplied content with metadata collapsed by default (13.3845ms)
✔ ready PR retains its exact URL and only an explicit download invokes the matching callback (15.2551ms)
✔ loading, unavailable and no-publication states do not fabricate a PR or perform actions (4.6024ms)
✔ a historical review mismatch changes selection only through explicit Go to delivered result (3.4804ms)
✔ an unavailable delivered-run target preserves the historical selection and only offers refresh (247.7289ms)
✔ a failed publication with a recorded PR remains inspectable without being labeled Published (9.587ms)
✔ Published is not merged or deployed and its collapsed details never invent a running preview (12.0392ms)
✔ expired artifact retention does not hide an existing PR or replace server download validation (11.6199ms)
✔ actual hook hides prior result before cleanup and aborts on each exact scope change (53.1418ms)
✔ actual hook fences late success and failure before cleanup and after replacement (20.1344ms)
✔ actual hook close and reopen with identical IDs cannot revive old ready or pending data (20.7559ms)
✔ actual hook treats positive revision as one refresh hint and never retries failure on render (51.74ms)
✔ actual App origin-unavailable branch offers manual Refresh work context with no PR CTA (13.6804ms)
✔ actual App first-hop retry exposes the authorized result without moving pinned evidence (25.9753ms)
✔ actual App fallback reports unavailable review details for an unresolved run or request (15.5976ms)
✔ actual work pickers retain a deep-linked historical mission outside the recent eight (96.6016ms)
✔ actual work pickers do not duplicate a recent selection or invent an absent mission (76.7954ms)
✔ related work includes the third mission, task, run and artifact (2.5751ms)
✔ work links name the actual work rather than presenting only opaque IDs (0.3162ms)
✔ related options deduplicate repeated snapshot references (0.3194ms)
✔ mission discussion retains nested replies, including out-of-order snapshots (2.9358ms)
✔ task, run and artifact comments inherit the owning mission only (0.4714ms)
✔ unlinked cycles and missing ancestors cannot manufacture mission context (0.3559ms)
✔ context helpers leave authoritative messages and work objects unchanged (0.3493ms)
✔ work selection follows the owning authorized mission and rejects unknown links (0.5347ms)
✔ human review and automated verification are not advertised as live model sessions (0.4549ms)
✔ enterprise task labels explain the legacy studio lane keys (0.3611ms)
✔ review eligibility explains requester exclusion without bypassing the policy (0.4508ms)
✔ a pending evidence review selects its run rather than a newer active worker (0.386ms)
✔ a tool-approval wait cannot hide a different pending evidence review (0.2069ms)
✔ review selection rejects mismatched tasks, terminal runs and non-pending requests (0.3802ms)
✔ explicit evidence selection stays bound to that run and cannot inherit another review (0.3732ms)
✔ unselected evidence follows remaining reviews and retains snapshot order without mutation (0.3304ms)
✔ a decided run remains selected until the operator deliberately chooses the next review (0.2042ms)
✔ mission UI binds evidence and decisions and pins the target before submitting (16.5451ms)
✔ runner revision is stable for reordered equivalent records without sorting the input (3.5651ms)
✔ runner revision ignores heartbeat, display and capability churn (0.3559ms)
✔ runner revision changes only when lifecycle identity or presence records change (0.3899ms)
✔ offline presence requests revalidation without rewriting endpoint readiness (0.3873ms)
✔ reconnect mismatch remains a hint until the endpoint itself returns ready presence (0.424ms)
✔ unknown presence is false and same-ID foreign runners cannot supply presence (1.2253ms)
✔ presence hints never promote or erase native sign-in and installation states (0.6705ms)
✔ revision and presence helpers leave source, models, identity and selection immutable (0.7981ms)
✔ saved choice and source remain present while its machine is offline (0.363ms)
✔ ready metadata alone cannot borrow another connection or source for dispatch (0.575ms)
✔ connection UI identity is scoped to actor and room (0.2278ms)
✔ native sign-in instructions cannot navigate to another host or credential-bearing URL (0.259ms)
✔ accepts matching current contracts, aliases, CRLF and historical prose outside markers (110.4947ms)
✔ rejects added source validation command and reports expected and actual (60.0706ms)
✔ rejects removed source validation command and reports expected and actual (70.0056ms)
✔ rejects reordered source validation command and reports expected and actual (57.9822ms)
✔ rejects changed documented commands; correcting the documented sequence restores passing (96.6877ms)
✔ accepts quoted literal Node globs through aliases while preserving quoted versus shell-expanded arguments (99.8033ms)
✔ rejects a source SDK bump until both current compatibility docs are updated (85.1229ms)
✔ rejects a source CLI bump until both current compatibility docs are updated (91.7526ms)
✔ rejects missing opening marker instead of silently dropping a required documentation contract (54.357ms)
✔ rejects missing closing marker instead of silently dropping a required documentation contract (70.9608ms)
✔ rejects duplicate block instead of silently dropping a required documentation contract (64.8897ms)
✔ rejects reversed markers instead of silently dropping a required documentation contract (60.9869ms)
✔ rejects inline marker instead of silently dropping a required documentation contract (60.1655ms)
✔ requires every current runtime contract and a single SDK and CLI claim inside each (58.1222ms)
✔ rejects missing root alias in the authoritative command sequence (60.5161ms)
✔ rejects cyclic root aliases in the authoritative command sequence (67.4539ms)
✔ rejects shell pipeline in the authoritative command sequence (61.5833ms)
✔ rejects quoted shell expansion in the authoritative command sequence (60.7769ms)
✔ rejects empty command in the authoritative command sequence (56.262ms)
✔ rejects unsupported alias arguments in the authoritative command sequence (74.3108ms)
✔ rejects unknown documented aliases and malformed command fences (61.2083ms)
✔ reports missing required documents and an invalid source manifest without silently skipping them (68.4002ms)
✔ fails closed for unconstrained SDK dependency (65.1394ms)
✔ fails closed for SDK pin in wrong table (60.4114ms)
✔ fails closed for duplicate SDK declaration (55.1333ms)
✔ fails closed for missing named runtime constant (48.8304ms)
✔ fails closed for duplicate runtime constant (85.424ms)
✔ relocated CLI resolves its own repository, executes no documented command, and exits nonzero for drift (385.7204ms)
✔ accepts ordered migration versions 1, 2, 3 (199.5477ms)
✔ accepts ordered migration versions 1, 46, 50 (153.8277ms)
✔ rejects invalid migration ordering 1, 1 (143.0439ms)
✔ rejects invalid migration ordering 2, 1 (157.1839ms)
✔ rejects invalid migration ordering 0, 1 (160.6344ms)
✔ rejects malformed or mismatched version "2" (150.0553ms)
✔ rejects malformed or mismatched version 2.5 (139.2511ms)
✔ rejects malformed or mismatched version 3 (150.415ms)
✔ rejects edited historical SQL even with a valid manifest (155.0545ms)
✔ rejects missing or unlisted migration files (260.2351ms)
✔ canonical migration checkout passes with core.autocrlf=true (1164.219ms)
✔ canonical migration checkout passes with core.autocrlf=false (804.9894ms)
✔ checkpoint fixture produces a complete, independently tested local application (414.481ms)
✔ read-only executable hashing accepts Cargo/Git hardlinks without relaxing source isolation (30.1863ms)
✔ exact terminal metadata produces actionable failure and missing-evidence findings using GET only (20.6993ms)
✔ listed artifact is run-scoped metadata and never establishes content or attempt verification (2.3883ms)
✔ refuses active parent (1.1963ms)
✔ refuses wrong repository (0.488ms)
✔ refuses foreign head repository (0.5573ms)
✔ refuses different workflow (0.43ms)
✔ refuses different head (0.3648ms)
✔ refuses different attempt (0.3672ms)
✔ refuses job from other attempt (0.8344ms)
✔ refuses job from other head (1.0421ms)
✔ refuses duplicate job (0.6603ms)
✔ refuses unfinished job (0.5489ms)
✔ refuses foreign artifact (0.6888ms)
✔ refuses excess artifacts (2.1082ms)
✔ complete bounded job pagination is required and supported (10.4578ms)
✔ pagination total drift and final run drift refuse a completed observation (1.9775ms)
✔ expired artifacts and unexplained parent failure remain reviewable rather than passing (1.4013ms)
✔ same-source replay is a no-op; changed facts retain revisions and mark no-longer-observed findings (4.358ms)
✔ previous hash tampering refuses before network reads (0.3896ms)
✔ forged previous findings fail integrity or semantic reconstruction; source changes require a new scope (3.3878ms)
✔ newer prior observations and attempts do not flow backward (3.6708ms)
✔ secret-bearing fields and supplied links never enter a receipt or executable Markdown (1.0002ms)
✔ native read budget rejects alternate endpoints, oversized metadata and late responses (1.113ms)
✔ omitting all required jobs cannot turn one replacement success job into a complete maintenance result (0.7705ms)
✔ required skipped job needs review even when an earlier run artifact is listed (0.8065ms)
✔ required neutral job needs review even when an earlier run artifact is listed (0.6271ms)
✔ failed GETs consume the finite shared admission budget without retries (0.6753ms)
✔ CLI writes new bounded files and refuses output reuse; failures retain no raw API error (66.239ms)
✔ hosted context binds default observer branch, event and exact parent; local mode makes no hosted claim (14.4437ms)
✔ CLI accepts only bounded exact selection and a complete prior pin (0.621ms)
✔ CI workflow: exact Windows runner failure produces a scoped read-only handoff (1.8379ms)
✔ CI workflow: complete successful jobs need only their own declared report artifacts (1.2686ms)
✔ CI workflow: required artifact-free jobs remain required and must execute (1.0756ms)
✔ Repository checks retains its published contract and previous-receipt no-op semantics (2.0426ms)
✔ CI completeness refuses skipped artifact-free required jobs (1.064ms)
✔ CI completeness refuses neutral artifact-free required jobs (1.6529ms)
✔ CI completeness rejects replacement jobs and requires only CI report metadata (2.3817ms)
✔ CI observation is not a parent-pass claim and does not inspect diagnostic artifacts (1.8664ms)
✔ workflow profiles cannot reuse each other's receipts even at the same source (5.5471ms)
✔ CI identity refuses unknown workflow path (0.4237ms)
✔ CI identity refuses workflow-ID substitution (0.2872ms)
✔ CI identity refuses workflow-name substitution (0.2772ms)
✔ CI identity refuses workflow-path substitution (0.334ms)
✔ CI identity refuses foreign repository (0.2839ms)
✔ CI identity refuses fork head repository (1.1827ms)
✔ CI identity refuses wrong source head (0.2517ms)
✔ CI identity refuses wrong attempt (0.2258ms)
✔ CI identity refuses active CI parent (0.2499ms)
✔ reader allowlist admits exactly the two workflow metadata routes (0.349ms)
✔ hosted CI event binds workflow identity to the selected native parent (42.8463ms)
✔ workflow trigger keeps trusted observer checkout and read-only scopes for both producers (4.0528ms)
✔ consumer rereads native state using trusted routing and tolerates only observation timing changes (7.0496ms)
✔ consumer refuses task contract revision drift in a fresh observation (1.9156ms)
✔ consumer refuses source base commit drift in a fresh observation (1.092ms)
✔ consumer refuses verifier digest drift in a fresh observation (0.7825ms)
✔ consumer refuses another actor scope drift in a fresh observation (1.2498ms)
✔ explicit run and mode selections fail before contacting a server (0.557ms)
✔ denied or unavailable current data does not fall back to a previously passing receipt (0.4017ms)
✔ a matching failed native outcome cannot be consumed as accepted completion (0.6952ms)
✔ file consumption requires the exact expected byte hash and a bounded valid receipt (24.8908ms)
✔ receipt file reads accumulate short native reads before validating bytes (28.6127ms)
✔ receipt file truncate during short reads fails before parsing (5.8359ms)
✔ receipt file grow during short reads fails before parsing (14.4293ms)
✔ framed stat metadata survives arbitrary chunk boundaries without payload disclosure (3.6462ms)
✔ unrelated RPCs and read-file contents are not recorded (1.2513ms)
✔ a response ID type change is visible without recording identifier values (0.4322ms)
✔ oversized frames are skipped without parsing nested payload text as requests (0.4007ms)
✔ optional wire observation forwards exact bytes and drains the child (347.071ms)
✔ a matching request needs a durable rejection and settled run (1.5273ms)
✔ terminal provider without permission is inconclusive, never a pass (1.0972ms)
✔ a rejected but unrelated permission does not satisfy the requested boundary (0.1896ms)
✔ approval acceptance, expiry or missing persisted decision cannot pass (0.2868ms)
✔ a decision or final run from another identity is rejected (0.2084ms)
✔ a provider that has not settled cannot pass the boundary (0.1672ms)
✔ all independent boundary results are required for complete coverage (1.192ms)
✔ later passing cases remain visible after an earlier inconclusive case (0.2558ms)
✔ duplicate, unknown and malformed results cannot manufacture complete coverage (1.4137ms)
✔ accepts an exact seed and credential-free children of the owned runner (2.9739ms)
✔ a marker elsewhere or an arbitrary GITHUB_TOKEN is not a proven seed (1.3123ms)
✔ absent, ambiguous or foreign runner seed records cannot establish the precondition (1.3255ms)
✔ runner seed booleans must be explicit, not truthy or absent (1.4306ms)
✔ missing spawn and undefined parent IDs cannot accidentally correlate (0.5311ms)
✔ runner spawn must be unique, current and tied to the owned observer (0.8473ms)
✔ a seed observed only after runner spawn cannot prove the launch precondition (0.3379ms)
✔ missing or foreign provider observations cannot satisfy the required count (1.4616ms)
✔ a wrong-parent provider is rejected rather than silently filtered out (0.4806ms)
✔ provider identity and absence booleans must be explicit and valid (1.0043ms)
✔ missing ownership and zero or malformed minimums never allow a vacuous pass (0.6463ms)
✔ actual successful relative, absolute and round-trip view results are required (2.0199ms)
✔ provider self-report and final file existence are not native-read evidence (1.1935ms)
✔ a missing absolute read or readback cannot pass (0.9375ms)
✔ missing-file errors and successful-but-wrong content remain failures (0.5034ms)
✔ wrong-session or conflicting tool results cannot manufacture evidence (1.3068ms)
✔ an external path with the same filename is not the assigned seed (0.3051ms)
✔ an incomplete stream is explicitly incomplete, not successful empty coverage (0.1687ms)
✔ runner observation proves the synthetic credential was inherited (263.3904ms)
✔ a missing seed fails before starting a runner (166.4534ms)
✔ provider observation confirms removal before invoking the real binary (281.5558ms)
✔ an inherited provider credential fails before any provider execution (161.0518ms)
✔ a marker under another key cannot hide a missing runner GITHUB_TOKEN seed (154.1542ms)
✔ a different token plus an unrelated marker cannot manufacture an exact runner seed (165.8274ms)
✔ a provider token other than the canary is still rejected before child execution (175.3505ms)
✔ a provider canary under another key remains a failing credential boundary (156.904ms)
✔ uninvoked production modules remain in the coverage denominator with zero hits (13.0407ms)
✔ missing production files cannot produce a passing partial coverage result (0.609ms)
✔ duplicate and out-of-scope files cannot inflate the denominator (1.3598ms)
✔ missing, duplicate and impossible native counts are rejected (0.4897ms)
✔ truncated records are never accepted as completed coverage evidence (0.283ms)
✔ zero available branches are reported as not applicable instead of fabricated 100 percent (0.2696ms)
✔ issue195 public receipt binds parent binaries, pinned runtime identity, and distinct task source (11.7082ms)
✔ explicit current fixture hash, suspend tokens, and missing-artifact switch normalize without disk reads (1.4048ms)
✔ rebuilt server/runner receipt hashes and an explicit rebuilt CLI hash remain valid and bound (6.1653ms)
✔ all required options are explicit; help is inert (1.634ms)
✔ every duplicate value option and duplicate boolean switch fails closed (3.6291ms)
✔ unknown targets, positionals, missing operands, and equals-form options are rejected (1.4595ms)
✔ configuration rejects old issue190 (0.4118ms)
✔ configuration rejects string issue number (0.3031ms)
✔ configuration rejects parent rather than candidate code (0.4081ms)
✔ configuration rejects runtime commit used as task source (0.6144ms)
✔ configuration rejects unpinned source ref (0.2961ms)
✔ configuration rejects another runner (0.2266ms)
✔ configuration rejects unowned receipt (0.6581ms)
✔ configuration rejects not-running supervisor (0.5641ms)
✔ configuration rejects missing owner (0.651ms)
✔ configuration rejects invalid owner (0.6375ms)
✔ configuration rejects changed code checkout (0.9907ms)
✔ configuration rejects changed source checkout (0.2966ms)
✔ configuration rejects changed worktree root (0.3276ms)
✔ configuration rejects invalid server digest (0.3946ms)
✔ configuration rejects invalid runner digest (0.4834ms)
✔ configuration rejects executable substitution (0.5729ms)
✔ configuration rejects binary outside owned bin (0.5814ms)
✔ configuration rejects missing public process (0.3693ms)
✔ configuration rejects wrong process role (0.5743ms)
✔ configuration rejects wrong process workspace (0.7488ms)
✔ configuration rejects invalid process pid (0.6762ms)
✔ configuration rejects invalid process start (0.6375ms)
✔ synthetic VerifyRun evidence distinguishes awaiting independent review from accepted completion (20.6967ms)
✔ forced commit_branch export rejection is a named failure, never archive bypass or approval (5.0232ms)
✔ missing-required-provider-Artifact negative shares the native checks without inventing bytes (4.2597ms)
✔ assessRecovery refuses original usage rewritten (3.5449ms)
✔ assessRecovery refuses original output history changed (4.1703ms)
✔ assessRecovery refuses provider-attempt counter reset (4.2965ms)
✔ assessRecovery refuses provider-attempt maximum changed (2.8022ms)
✔ assessRecovery refuses source incident changed (2.7266ms)
✔ assessRecovery refuses checkpoint authority absent (2.9785ms)
✔ assessRecovery refuses different context source (2.6878ms)
✔ assessRecovery refuses budget reset hidden in context (2.7257ms)
✔ assessRecovery refuses another native recovery (1.9549ms)
✔ assessRecovery refuses source-correction instead of verification (3.254ms)
✔ assessRecovery refuses recovery contract revision (2.2977ms)
✔ assessRecovery refuses changed recovery reason (2.3932ms)
✔ assessRecovery refuses weakened replacement policy (1.9429ms)
✔ assessRecovery refuses new provider session (2.561ms)
✔ assessRecovery refuses allocated model tokens (2.118ms)
✔ assessRecovery refuses allocated model cost (2.1103ms)
✔ assessRecovery refuses consumed input tokens (2.7526ms)
✔ assessRecovery refuses consumed output tokens (1.9699ms)
✔ assessRecovery refuses consumed model cost (2.9279ms)
✔ assessRecovery refuses different workspace root run (2.5183ms)
✔ assessRecovery refuses replacement workspace not preserved (2.4525ms)
✔ assessRecovery refuses replacement fingerprint changed (1.9905ms)
✔ assessRecovery refuses invented provider artifact (2.4977ms)
✔ assessRecovery refuses provider event outside snapshot window (3.4606ms)
✔ assessRecovery refuses native command acknowledgment missing (3.3639ms)
✔ assessRecovery refuses missing native app check (2.1331ms)
✔ assessRecovery refuses evidence kind mismatch (2.7636ms)
✔ assessRecovery refuses independent-review self-approval (3.2419ms)
✔ assessRecovery refuses accepted run before gate decision (3.6527ms)
✔ assessRecovery refuses missing factory completion event (1.4869ms)
✔ assessRecovery refuses empty source deliverable (2.1091ms)
✔ assessRecovery refuses wrong deliverable provenance (1.976ms)
✔ download validation uses in-memory bytes and checks payload digests without claiming a browser test (3.9111ms)
✔ configuration refuses target http://localhost:18574 (0.337ms)
✔ configuration refuses target https://127.0.0.1:18574 (0.1212ms)
✔ configuration refuses target http://127.0.0.1:18574/ (0.1025ms)
✔ configuration refuses target http://127.0.0.1:18575 (0.1ms)
✔ configuration refuses target http://127.0.0.1:8791 (0.1653ms)
✔ configuration refuses target http://127.0.0.1:18574/api (0.1189ms)
✔ configuration refuses target http://127.0.0.1:18574?x=1 (0.1497ms)
✔ configuration refuses target http://example.invalid:18574 (0.0993ms)
✔ configuration refuses target http://user:password@127.0.0.1:18574 (0.0937ms)
✔ configuration refuses target http://[::1]:18574 (0.1469ms)
✔ absolute path and owned-output boundaries reject aliases, devices, UNC, ADS, and root reuse (6.5416ms)
✔ explicit independent reviewer, valid digest, and bounded numeric options are mandatory (8.6992ms)
✔ reports expose hashes and constrained identity, never receipt metadata or provider output (2.7762ms)
✔ saved report cannot adopt changed authority, extra fields, or identities without prior intent (5.0082ms)
✔ baseline and journal never consult the bounded snapshot.events window (31.8412ms)
✔ baseline preserves every pre-existing missions record (1.4984ms)
✔ baseline preserves every pre-existing tasks record (0.7744ms)
✔ baseline preserves every pre-existing runs record (1.4725ms)
✔ baseline preserves every pre-existing factory_work_items record (0.7863ms)
✔ baseline preserves every pre-existing factory_verification_recoveries record (0.882ms)
✔ baseline preserves every pre-existing verification_evidence record (1.173ms)
✔ baseline preserves every pre-existing verification_requests record (1.3835ms)
✔ baseline preserves every pre-existing source_deliverables record (0.8675ms)
✔ baseline preserves every pre-existing mission_contract_revisions record (1.0343ms)
✔ baseline preserves every pre-existing mission_budget_revisions record (0.8156ms)
✔ baseline preserves every pre-existing action_approvals record (1.7152ms)
✔ baseline preserves every pre-existing circuit_breaker_incidents record (0.9732ms)
✔ baseline permits additive rows and events while forbidding live work and missing history tables (2.3094ms)
✔ journal requires exact Ready watermark, ordered unique same-Corp events, and bounded count (0.9757ms)
✔ buildPlan is deterministic, fresh, output-owned, and mirrors one ready synthetic issue (2.0646ms)
✔ factory argv remains pinned and recovery only appends the exact checkpoint mode and recorded reason (1.3809ms)
✔ persisted app, base-file, exact hash command and independent-review checks cannot be replaced by Artifact (9.0811ms)
✔ checkpoint digests use Rust field order, preserve app policy, and retain forced commit_branch authority (0.7271ms)
✔ invokeFactory uses only injected child I/O, a bounded timeout, and a non-inherited environment (0.8751ms)
✔ invokeFactory never retries an uncertain execution or logs raw stdout/stderr (1.6274ms)
✔ explicit Windows assessment preserves historical paths on every host (4.6643ms)
✔ default host assessment still rejects foreign path namespaces (0.9983ms)
✔ assessOriginal binds native stop from full replay, not snapshot.events (1.7366ms)
✔ assessOriginal binds native suspend from full replay, not snapshot.events (2.2383ms)
✔ assessOriginal rejects provider attempt increment without accepting or replacing work (0.9218ms)
✔ assessOriginal rejects attempt ceiling revision without accepting or replacing work (0.7591ms)
✔ assessOriginal rejects current budget revision without accepting or replacing work (0.7927ms)
✔ assessOriginal rejects original budget rewrite without accepting or replacing work (0.7262ms)
✔ assessOriginal rejects persisted hash verifier removal without accepting or replacing work (0.7283ms)
✔ assessOriginal rejects manual gate weakening without accepting or replacing work (1.4573ms)
✔ assessOriginal rejects contract source replacement without accepting or replacing work (0.8007ms)
✔ assessOriginal rejects write scope replacement without accepting or replacing work (0.8457ms)
✔ assessOriginal rejects archive bypass of forced commit_branch without accepting or replacing work (0.7335ms)
✔ assessOriginal rejects provider secret authority without accepting or replacing work (0.8003ms)
✔ assessOriginal rejects extra provider run without accepting or replacing work (0.8706ms)
✔ assessOriginal rejects extra task without accepting or replacing work (1.2301ms)
✔ assessOriginal rejects changed factory owner without accepting or replacing work (0.8091ms)
✔ assessOriginal rejects changed issue revision without accepting or replacing work (0.8587ms)
✔ assessOriginal rejects wrong assigned runner without accepting or replacing work (0.8771ms)
✔ assessOriginal rejects producer reviewing itself without accepting or replacing work (1.6678ms)
✔ assessOriginal rejects source-checkout execution without accepting or replacing work (0.9541ms)
✔ assessOriginal rejects quarantined checkpoint without accepting or replacing work (0.8383ms)
✔ assessOriginal rejects loop-counter change without accepting or replacing work (0.7319ms)
✔ assessOriginal rejects rewritten usage without accepting or replacing work (1.1824ms)
✔ assessOriginal rejects invented provider artifact without accepting or replacing work (1.2948ms)
✔ assessOriginal rejects checkpoint missing without accepting or replacing work (1.4094ms)
✔ assessOriginal rejects checkpoint policy digest changed without accepting or replacing work (1.2634ms)
✔ assessOriginal rejects provider still alive without accepting or replacing work (0.95ms)
✔ assessOriginal rejects budget command not acknowledged without accepting or replacing work (0.8589ms)
✔ assessOriginal rejects budget incident missing without accepting or replacing work (1.2675ms)
✔ assessOriginal rejects previously recorded run missing without accepting or replacing work (0.7895ms)
✔ assessOriginal rejects accepted provider progress hidden before snapshot window without accepting or replacing work (0.8151ms)
✔ suite pauses for native browser review by default and only observes external approval on continuation (54.9698ms)
✔ suite retains native forced-commit export failure and performs no review, download, or policy bypass (22.2818ms)
✔ suite missing-Artifact negative is explicit rejection, not verified delivery or fabricated provider evidence (22.232ms)
✔ --continue cannot create a baseline or begin an unrecorded mutation (10.5558ms)
✔ unknown create response is never retried; continuation times out without adopting replacement work (35.6001ms)
✔ lost create response reconciles the exact item/run, but --continue cannot authorize recovery (21.3704ms)
✔ lost recovery response binds the recorded replacement; continuation only pauses for its exact browser gate (21.2359ms)
✔ external browser approval completes exact recorded work without retries or erasing earlier failure history (46.2372ms)
✔ suite never mutates when independent reviewer is missing (4.998ms)
✔ suite never mutates when independent reviewer is not human (4.7927ms)
✔ suite never mutates when independent reviewer is unauthorized role (3.5817ms)
✔ suite never mutates when independent reviewer is guest (3.879ms)
✔ suite never mutates when independent reviewer is wrong Corp (3.2678ms)
✔ failed intent persistence or changed parent inputs prevents the corresponding native effect (17.5446ms)
✔ a colliding synthetic item without saved create intent is never adopted or mutated (8.973ms)
✔ wrong physical base bytes stop before recovery; tampered downloads stop without another attempt (47.0731ms)
✔ --continue fails closed when recorded work disappears, with no new mission or native retry (32.4931ms)
✔ explicit browser-review flag preserves the default two-step flow without a scripted-review mode (18.1019ms)
✔ browser-review pause cannot be continued with substituted gate identities or reviewer (17.2239ms)
✔ production I/O exposes no review POST and confines injected requests to exact GET routes (28.6284ms)
✔ runtime factory adapter never retries an ambiguous injected CLI call (1.6081ms)
✔ server-upgrade option is explicit, continue-only, and confined to the owned runtime directory (25.3343ms)
✔ server-only upgrade retains the original binding/failure and separately records server provenance read-only (32.1018ms)
✔ upgrade rejects runner/web/CLI changes, a mismatched old binding, and conflicting server provenance (20.6818ms)
✔ same-verifier native checkpoint re-attestation accepts a real run_id-only VerificationRequest (2.3589ms)
✔ checkpoint re-attestation cannot target another run, duplicate an ACK, or permit provider usage (4.2595ms)
✔ strict phase parsing and explicit opt-in (5.5905ms)
✔ reject manual/default/aliased ports, credentials, ambiguous URLs and mismatched environment before API access (8.078ms)
✔ verification is GET-only and no phase can call decision/reset/bootstrap/foreign-Corp routes (2.5106ms)
✔ prepare → newer approved → isolated replay observation → explicit older approval → automatic synthesis (114.1205ms)
✔ lost create response adopts exact marker without sending a second create (20.2254ms)
✔ unknown create that never arrived fails closed, never creates a replacement (4.0022ms)
✔ lost revision response replays the exact native UUID and preserves only two revisions (48.1099ms)
✔ lost launch response recovers exact root IDs by readback, never dispatches again (24.2753ms)
✔ wrong source/pinned staffing/non-quiescent fixture rejected before any POST (1.9887ms)
✔ cannot skip intermediate observation or approve the older run first (45.4262ms)
✔ exact reviewer attribution, artifact binding and no second decision are enforced (79.7048ms)
✔ duplicate decision event and journal rollover cannot pass as replay isolation (52.6443ms)
✔ checkpoint fixture mismatch and modified pre-existing rows are rejected (39.9267ms)
✔ failed artifact download is rechecked on prepare resume without more POSTs (23.9115ms)
✔ linux: native unavailable admission is a verified refusal, not provider success (348.1193ms)
✔ darwin: native unavailable admission is a verified refusal, not provider success (271.2602ms)
✔ Windows: an unavailable provider remains a failure (294.9426ms)
✔ Unix: accidentally accepting an unsupported provider fails the contract (290.3299ms)
✔ Unix: an unrelated admission failure cannot stand in for containment refusal (283.5226ms)
✔ Unix: a refusal with a persisted run is rejected (263.3598ms)
✔ Unknown runner platforms fail before resetting a fixture (135.1486ms)
✔ A Linux expectation cannot conceal an unavailable Windows runner (199.4585ms)
✔ Unknown reported runner OS fails before creating provider work (178.3751ms)
✔ An owned child stuck on HTTP is reaped before fixture cleanup (2031.4122ms)
✔ explicit CLI and parent runtime receipt reuse retain owner/source/process binding (7.8436ms)
✔ additive request changes only the fixture case, keeps native 5000 authority and no delivery/resume (0.6645ms)
✔ shared client sends exact additive create/launch bodies without retries or extra routes (26.3303ms)
✔ pure native trace accepts actual ACK before failure/termination without prescribing that order (6.63ms)
✔ pure native trace accepts actual ACK between failure/termination without prescribing that order (2.0705ms)
✔ pure native trace accepts actual ACK after failure/termination without prescribing that order (2.1554ms)
✔ pure evidence rejection: missing actual artifact rejection (1.9164ms)
✔ pure evidence rejection: unrelated failure (1.281ms)
✔ pure evidence rejection: termination before failure is not the race (2.1718ms)
✔ pure evidence rejection: missing termination is not success (2.0552ms)
✔ pure evidence rejection: missing ACK remains unproven (1.4396ms)
✔ pure evidence rejection: wrong command correlation (1.7261ms)
✔ pure evidence rejection: wrong ACK runner (1.2394ms)
✔ pure evidence rejection: foreign session event scope (0.7233ms)
✔ pure evidence rejection: non-native event attribution (0.9369ms)
✔ pure evidence rejection: wrong native event identity (0.8904ms)
✔ pure evidence rejection: rewritten failure summary (0.8527ms)
✔ pure evidence rejection: agent still assigned (0.6853ms)
✔ pure evidence rejection: task resurrected (1.0576ms)
✔ pure evidence rejection: mission resurrected (1.0431ms)
✔ pure evidence rejection: accepted artifact metadata (0.95ms)
✔ pure evidence rejection: late accepted completion even if snapshot says failed (0.8136ms)
✔ pure evidence rejection: accepted artifact even outside bounded snapshot.events (1.0488ms)
✔ pure evidence rejection: verification event is forbidden (0.6863ms)
✔ pure evidence rejection: uncertain teardown is forbidden (1.4449ms)
✔ pure evidence rejection: accepted evidence record (0.8284ms)
✔ pure evidence rejection: budget revision (0.7454ms)
✔ pure evidence rejection: replacement run (0.5832ms)
✔ pure evidence rejection: source substitution (0.542ms)
✔ pure evidence rejection: verification-only execution cannot attest a provider (0.4975ms)
✔ pure evidence rejection: usage must be exactly two 3000-token increments (0.8764ms)
✔ invalid native termination payload cannot pass (null) (1.1556ms)
✔ invalid native termination payload cannot pass ([]) (1.346ms)
✔ invalid native termination payload cannot pass ({}) (0.8263ms)
✔ invalid native termination payload cannot pass ({"adapter":"other"}) (0.7951ms)
✔ invalid native termination payload cannot pass ({"provider_process_alive":true}) (0.777ms)
✔ invalid native termination payload cannot pass ({"provider_process_alive":"false"}) (1.2563ms)
✔ invalid native termination payload cannot pass ({"outcome":"verified"}) (1.2313ms)
✔ invalid native termination payload cannot pass ({"message":""}) (0.807ms)
✔ invalid native termination payload cannot pass ({"message":1}) (0.8397ms)
✔ invalid native termination payload cannot pass ({"message":"xxxxxxxxxxxxxxxxxxxxxxxxxxxxxxxxxxxxxxxxxxxxxxxx) (1.6634ms)
✔ invalid native termination payload cannot pass ({"message":"untrusted\ntext"}) (1.4816ms)
✔ invalid native termination payload cannot pass ({"message":"
"}) (0.6165ms)
✔ invalid native termination payload cannot pass ({"credential":"PRIVATE_PROVIDER_CONTENT_OR_ASSIGNMENT_TOKEN_) (0.6462ms)
✔ all native terminal outcomes and absent optional message are valid telemetry, not accepted completion (4.0137ms)
✔ one additive case checkpoints and announces intent/IDs, retains history, and waits for quiet readback (28.6563ms)
✔ passed same-case continuation recomputes proof with zero further mutations (33.0636ms)
✔ createLost: failure preserves exact intent, continuation never retries an attempted POST (18.6578ms)
✔ createUnknown: failure preserves exact intent, continuation never retries an attempted POST (2.2845ms)
✔ launchLost: failure preserves exact intent, continuation never retries an attempted POST (15.6336ms)
✔ launchUnknown: failure preserves exact intent, continuation never retries an attempted POST (2.9714ms)
✔ bounded live failure leaves the original run live, IDs and intent intact, with no replacement (49.199ms)
✔ missing late telemetry is a bounded failure with actual ACK order, not a race claim (35.1001ms)
✔ natural later telemetry/finalization can settle without rewriting terminal state or historical events (17.2857ms)
✔ settling cannot hide changed terminal run summary (6.2151ms)
✔ settling cannot hide changed terminal task (6.1141ms)
✔ settling cannot hide changed terminal mission (4.6053ms)
✔ settling cannot hide changed terminal agent (4.2057ms)
✔ settling cannot hide changed old run (7.2286ms)
✔ settling cannot hide changed old agent (7.5702ms)
✔ settling cannot hide changed old journal prefix (8.5056ms)
✔ settling cannot hide changed original failure event (7.7046ms)
✔ saved report cannot substitute receipt, native authority, source, or erase baseline after an effect (3.6307ms)
✔ report save uses exclusive lock, private synced temp and atomic rename; refuses implicit overwrite (4.8656ms)
✔ stale locks are never stolen and failed saves retain original report and orphaned temp (1.5424ms)
✔ report cannot replace receipt; bounded reads reject links, hardlinks and inode swaps before reading (1.5412ms)
✔ CLI is explicit, non-ambient, duplicate/unknown flags fail (5.4558ms)
✔ explicit parent runtime metadata aligns without opening any named process/log/source (3.9877ms)
✔ rejects protected/manual API port 5187 (0.3067ms)
✔ rejects protected/manual API port 5291 (0.1885ms)
✔ rejects protected/manual API port 8791 (0.2068ms)
✔ rejects protected/manual API port 8793 (0.1769ms)
✔ rejects protected/manual API port 8991 (0.1628ms)
✔ rejects protected/manual API port 15191 (0.2013ms)
✔ rejects protected/manual API port 15193 (0.3601ms)
✔ rejects protected/manual API port 15491 (0.4887ms)
✔ rejects protected/manual API port 15493 (0.2288ms)
✔ rejects protected/manual API port 15496 (0.1945ms)
✔ rejects protected/manual API port 18961 (0.2539ms)
✔ rejects protected/manual API port 18962 (0.2458ms)
✔ rejects protected/manual API port 18963 (0.1961ms)
✔ rejects ambiguous or non-owned origin http://localhost:18574 (0.414ms)
✔ rejects ambiguous or non-owned origin http://127.1:18574 (0.2171ms)
✔ rejects ambiguous or non-owned origin http://[::1]:18574 (0.2629ms)
✔ rejects ambiguous or non-owned origin https://127.0.0.1:18574 (0.2774ms)
✔ rejects ambiguous or non-owned origin http://127.0.0.1:18574/ (0.2457ms)
✔ rejects ambiguous or non-owned origin http://127.0.0.1:18574/api (0.2217ms)
✔ rejects ambiguous or non-owned origin http://127.0.0.1:18574?x=1 (0.268ms)
✔ rejects ambiguous or non-owned origin http://redacted:redacted@127.0.0.1:18574 (0.2737ms)
✔ rejects ambiguous or non-owned origin http://example.com:18574 (0.1784ms)
✔ receipt requires complete immutable source, no unknown authority or provider substitution (2.223ms)
✔ native requests preserve single strategy, exact source, budget, File verifier, no deliverable (0.7336ms)
✔ Rust policy digest uses explicit declaration order, not JS/JSONB property order (0.6227ms)
✔ canonical containment handles Windows drive prefixes but rejects aliases/escapes (0.8902ms)
✔ POSIX containment rejects traversal, equality and sibling prefixes (0.5805ms)
✔ base.txt reads exactly five bytes, and all link/reparse/hardlink failures occur before open (10.3131ms)
✔ opened-file identity swaps fail closed without reading bytes (1.7401ms)
✔ runners are top-level; nested-only, unavailable, foreign, ambiguous or different-source runners fail (1.1312ms)
✔ suspend: actual usage -> breaker -> native teardown -> exact checkpoint -> terminal (2.496ms)
✔ stop: actual usage -> breaker -> native teardown -> exact checkpoint -> terminal (1.0397ms)
✔ rejects missing checkpoint (0.9963ms)
✔ rejects foreign Corp proof (0.764ms)
✔ rejects foreign mission proof (1.1247ms)
✔ rejects foreign task proof (1.2185ms)
✔ rejects foreign run proof (1.5879ms)
✔ rejects foreign agent proof (1.2064ms)
✔ rejects foreign runner proof (0.9635ms)
✔ rejects wrong original base (1.0725ms)
✔ rejects changed HEAD (1.0084ms)
✔ rejects changed fingerprint (0.8777ms)
✔ rejects arbitrary JS policy ordering (0.9419ms)
✔ rejects changed write digest (0.9615ms)
✔ rejects changed deliverable digest (1.0912ms)
✔ rejects token in proof (1.4729ms)
✔ rejects live provider (0.6971ms)
✔ rejects wrong adapter (0.7692ms)
✔ rejects foreign event lineage (0.6708ms)
✔ rejects late checkpoint (0.9945ms)
✔ rejects missing usage (1.1331ms)
✔ rejects fake cumulative usage (0.8717ms)
✔ rejects wrong breaker metric (1.0321ms)
✔ rejects wrong command acknowledgement (1.1187ms)
✔ rejects accepted artifact (0.9658ms)
✔ rejects verification started (1.207ms)
✔ rejects lost is not completion (0.7006ms)
✔ rejects agent still assigned (0.9392ms)
✔ rejects automatic retry (0.8167ms)
✔ rejects replacement task (0.5607ms)
✔ rejects resume lineage (0.5471ms)
✔ rejects budget override (0.473ms)
✔ rejects write scope widening (0.4489ms)
✔ rejects policy weakening (0.4372ms)
✔ rejects path outside runner (0.8601ms)
✔ rejects unknown projection strings are not logged (0.6254ms)
✔ rejects non-native none breaker projection is rejected (0.5996ms)
✔ rejects accepted evidence row (0.6285ms)
✔ full replay, not the bounded snapshot, rejects earlier run.completed (0.8115ms)
✔ full replay, not the bounded snapshot, rejects earlier run.verification_started (1.3912ms)
✔ full replay, not the bounded snapshot, rejects earlier run.verification_evidence (0.8998ms)
✔ full replay, not the bounded snapshot, rejects earlier run.artifact (0.9903ms)
✔ full replay, not the bounded snapshot, rejects earlier run.deliverable (0.6658ms)
✔ full replay, not the bounded snapshot, rejects earlier run.workspace_removed (0.654ms)
✔ full replay, not the bounded snapshot, rejects earlier run.teardown_uncertain (1.0084ms)
✔ visible history and original journal prefix are immutable; no whole-database inference (2.2019ms)
✔ journal bounds, strict ordering, non-contiguous visible sequences and Ready watermark (0.5721ms)
✔ API requests allow only exact scoped snapshot/create/launch, never reset/policy/resume (34.903ms)
✔ HTTP errors with sensitive bodies are not retried or exposed (0.9353ms)
✔ oversized API responses fail at the byte bound, with no response body in the error (11.9937ms)
✔ native journal API requires a real Ready watermark and refuses partial replay (1.997ms)
✔ two additive cases checkpoint intent/IDs, retain old history, and pass only after quiet observation (33.6006ms)
✔ baseline counts are dynamic, including completed prior browser-created missions (45.286ms)
✔ completed checkpoint continuation is read-only and never re-launches either case (42.9123ms)
✔ timeout leaves a live run LIVE with its original ID and never starts a replacement/second case (30.4211ms)
✔ lost create response discovers exact original IDs; intentional continuation sends no duplicate (22.2541ms)
✔ uncertain create without an observable result blocks continuation, never replacement (2.2995ms)
✔ lost launch response discovers exact original IDs; intentional continuation sends no duplicate (29.5852ms)
✔ uncertain launch without an observable result blocks continuation, never replacement (3.2708ms)
✔ driver failure keeps IDs and failure report; late accepted verification cannot pass (9.068ms)
✔ saved report cannot change receipt/source/runner/process scope or invent successful authority (1.489ms)
✔ existing budget-stream keeps its original synthetic 6000-token contract (1192.0382ms)
✔ UI budget-stream uses the real 500K preset with explicit synthetic counters (1179.6618ms)
✔ native interrupt prevents later usage and completion in the UI fixture (296.0425ms)
✔ original budget-stream still interrupts before its second usage and scheduled completion (298.6023ms)
✔ queued completion emits exact usage and completed before a subsequent interrupt response (169.648ms)
✔ actual queued fixture writes base then emits both usages and finish synchronously without timers (3.4073ms)
✔ User/Organization resolver verifies owner and project number without reading items (995.3949ms)
✔ opaque paginated active-only discovery retains 1002 items and exact Issue source (2341.4764ms)
✔ empty pages, invalid cursors and archived cursors never silently restart pagination (1231.0869ms)
✔ quota-only probes accept include flags before/after endpoint and retain plain JSON (640.6208ms)
✔ exact items, memberships and publisher fields support metered and legacy plain callers (1320.2319ms)
✔ configured primary refusal exposes reset headers and recovers exactly at fixture reset (497.6127ms)
✔ secondary failures are finite per-query attempts even with interleaved probes (895.2929ms)
✔ 503 failures expose Retry-After without spending quota or triggering source mutation (354.0371ms)
✔ source-drift hook remains shared across pages, legacy lists and exact reads only (1251.3552ms)
✔ legacy Project edits and publisher PR mutation/recovery semantics are preserved (989.6691ms)
✔ errors and observation logs never echo credentials, headers, query text or variables (695.4344ms)
✔ invalid quota/failure configurations fail safely and event retention is bounded (1355.3751ms)
✔ parses HTTPS clone URL without resolving redirects (2.6991ms)
✔ parses HTTPS repository URL without resolving redirects (0.3061ms)
✔ parses HTTPS default port without resolving redirects (0.1525ms)
✔ parses SSH SCP URL without resolving redirects (0.2745ms)
✔ parses SSH URI without resolving redirects (0.2387ms)
✔ parses SSH default port without resolving redirects (0.1657ms)
✔ parses SSH alternate port without resolving redirects (0.4271ms)
✔ parses case normalization without resolving redirects (0.1647ms)
✔ parses trailing slash without resolving redirects (0.3372ms)
✔ parses Git output newline without resolving redirects (0.3477ms)
✔ keeps old, transferred and deliberately wrong repositories distinct (0.5399ms)
✔ retains valid repository punctuation (0.2862ms)
✔ rejects missing without disclosing the origin (0.9834ms)
✔ rejects null without disclosing the origin (0.1291ms)
✔ rejects non-string without disclosing the origin (0.1116ms)
✔ rejects empty without disclosing the origin (0.1145ms)
✔ rejects bare namespace without disclosing the origin (0.1067ms)
✔ rejects different host without disclosing the origin (0.1005ms)
✔ rejects host suffix without disclosing the origin (0.1161ms)
✔ rejects HTTP without disclosing the origin (0.1026ms)
✔ rejects Git protocol without disclosing the origin (0.1389ms)
✔ rejects HTTPS userinfo without disclosing the origin (0.1271ms)
✔ rejects HTTPS password without disclosing the origin (0.1065ms)
✔ rejects SSH password without disclosing the origin (0.1032ms)
✔ rejects non-Git SSH user without disclosing the origin (0.105ms)
✔ rejects SCP userinfo without disclosing the origin (0.1166ms)
✔ rejects SCP prefix not recognized by the runner without disclosing the origin (0.0948ms)
✔ rejects query without disclosing the origin (0.0926ms)
✔ rejects fragment without disclosing the origin (0.0918ms)
✔ rejects extra path without disclosing the origin (0.1394ms)
✔ rejects traversal without disclosing the origin (0.1294ms)
✔ rejects dot owner without disclosing the origin (0.106ms)
✔ rejects dot repository without disclosing the origin (0.1429ms)
✔ rejects empty repository without disclosing the origin (0.1088ms)
✔ rejects encoded path without disclosing the origin (0.0935ms)
✔ rejects backslash without disclosing the origin (0.1527ms)
✔ rejects multiple origins without disclosing the origin (0.1326ms)
✔ rejects oversized origin without disclosing the origin (0.1003ms)
✔ reads only the selected checkout origin with bounded, piped Git output (0.2689ms)
✔ Git failure discards message, cause, stdout and stderr without fallback (0.2448ms)
✔ a successful Git read cannot admit a credential-bearing origin (0.2096ms)
✔ imports actual-shaped retained native success and reproducible external rejection as a candidate only (133.0272ms)
✔ old oracle without physical digest remains explicitly weaker and prompt alignment remains unreviewed (117.4644ms)
✔ repeated captures and checker versions of one run do not create independent evidence identities (381.5712ms)
✔ local review digest cannot activate a candidate even with two distinct native runs (241.8725ms)
✔ refuses foreign Corp even with repinned retained files (103.4321ms)
✔ refuses foreign room even with repinned retained files (92.6809ms)
✔ refuses other source even with repinned retained files (99.2061ms)
✔ refuses changed contract source even with repinned retained files (120.03ms)
✔ refuses missing native checks even with repinned retained files (122.5716ms)
✔ refuses failed test under passed native label even with repinned retained files (115.9318ms)
✔ refuses wrong oracle bytes even with repinned retained files (104.8952ms)
✔ refuses wrong resume identity even with repinned retained files (97.0933ms)
✔ refuses wrong resume ancestry even with repinned retained files (101.7012ms)
✔ refuses cancelled run even with repinned retained files (109.7311ms)
✔ refuses substituted before bytes even with repinned retained files (112.0487ms)
✔ refuses unknown checker even with repinned retained files (24.3551ms)
✔ hash pins, duplicate JSON keys and traversal are rejected before candidate output (99.9493ms)
✔ directory redirection and oversized files fail closed (146.2348ms)
✔ exact append handles LF and CRLF without normalizing changed source (0.5422ms)
✔ external rejection cannot be imported when exact output actually passes (93.5343ms)
✔ CLI reads pinned inputs and creates one new corpus without overwriting source files (297.6093ms)
✔ CLI has one aggregate read budget covering the request, corpus, manifests and retained files (332.6246ms)
▶ local stack owned-process and state regression fixtures
  ✔ identity comes from the live process and binds only the explicit workspace (1.5602ms)
  ✔ wrong timestamps, executable, workspace and malformed records fail closed (0.1521ms)
  ✔ a stale creation record aimed at a live synthetic PID cannot stop it (0.177ms)
  ✔ stopping the verified root leaves its descendant and an unrelated child alive (0.1257ms)
  ✔ Start accepts working and log directories containing spaces (0.2292ms)
  ✔ Start treats bracketed log directories as literal paths (0.2196ms)
  ✔ Start treats bracketed working directories as literal paths (0.2122ms)
  ✔ failed-start rollback results preserve the original error and require both success signals (0.2732ms)
  ✔ Start preserves literal arguments, spaces, child-only environment and redacted evidence (0.3303ms)
  ✔ repeated role launches retain earlier logs and allocate unique stdout/stderr files (0.4543ms)
  ✔ extracted Launch preserves ownership on save failure (verified rollback) (0.1935ms)
  ✔ extracted Launch preserves ownership on save failure (unverified rollback) (0.1368ms)
  ✔ v2 state round-trips nested records and read preserves exact bytes (0.13ms)
  ✔ corrupt, unsupported and differently scoped state is refused without deleting evidence (0.212ms)
  ✔ state writes reject traversal, sibling-prefix paths and foreign workspace claims (0.1311ms)
  ✔ state writes reject reparse-point parent directories (0.0977ms)
  ✔ a failed atomic replacement preserves old bytes and removes its temporary file (0.9894ms)
  ✔ concurrent synthetic reader observes only complete atomic state generations (0.0823ms)
  ✔ legacy numeric state stays read-only and never authorizes stopping (0.1601ms)
  ✔ cleanup reaps only held synthetic handles and removes only its temporary tree (0.0825ms)
✔ local stack owned-process and state regression fixtures (10830.7152ms)
ℹ PowerShell 7.6.5; 14 synthetic processes reaped; no fixture tree remains
▶ local stack starter source guards
  ✔ starter has no unconditional stop invocation (0.2048ms)
  ✔ starter never passes a database URL as a command argument (0.1143ms)
  ✔ starter forwards the native runner startup-recovery opt-out unchanged (0.0858ms)
  ✔ persisted runner IDs block automatic reenrollment even when offline (0.0815ms)
  ✔ Factory policy paths are canonicalized against the checkout before persistence and launch (0.0798ms)
  ✔ Factory saved connection is retained and passed only as an explicit native option (0.0971ms)
  ✔ live source-ref changes use exact comparison for old and current records (0.0808ms)
  ✔ starter never deletes enrollment or credentials without an explicit reset/rotation guard (0.08ms)
  ✔ Compose operations are guarded by external-database selection (0.0804ms)
  ✔ stopper does not rediscover or terminate a descendant tree from saved PIDs (0.0809ms)
✔ local stack starter source guards (2558.6389ms)
✔ one checkout serializes commands while another checkout remains usable (6218.2985ms)
✔ explicit restart nesting and failed operations release their native lock (5004.9024ms)
✔ an interrupted command does not leave a stale lock requiring manual cleanup (3288.7336ms)
✔ both supported entrypoints use the same operation boundary (18.6984ms)
✔ reported idle remains idle without a pending request (2.6707ms)
✔ reported starting remains starting without a pending request (0.1664ms)
✔ reported working remains working without a pending request (0.1118ms)
✔ reported blocked remains blocked without a pending request (0.1355ms)
✔ reported reviewing remains reviewing without a pending request (0.1451ms)
✔ reported offline remains offline without a pending request (0.1164ms)
✔ working station "read" projects reading (0.2935ms)
✔ working station "search" projects reading (0.2061ms)
✔ working station " READ " projects reading (0.2468ms)
✔ working station "Search" projects reading (0.2138ms)
✔ working station "test" projects working (0.1111ms)
✔ working station "build" projects working (0.0899ms)
✔ working station "review" projects working (0.0719ms)
✔ working station "research" projects working (0.0688ms)
✔ working station "bread" projects working (0.0681ms)
✔ working station "break" projects working (0.0823ms)
✔ working station "unknown-tool" projects working (0.0933ms)
✔ working station null projects working (0.0659ms)
✔ a stale station does not invent activity for a non-working agent (0.2135ms)
✔ a blocked agent needs an exact current-run approval match (0.1228ms)
✔ an exact current-run pending review is distinct from an action approval (0.1517ms)
✔ unrelated and prior-run pending requests cannot affect the current agent (0.1515ms)
✔ an approval stops affecting an agent as soon as its current run changes (0.1164ms)
✔ null and empty current-run IDs cannot acquire pending request state (0.1227ms)
✔ offline wins even when the recorded current run has both pending requests (0.1811ms)
✔ exact action approval takes precedence over exact review (0.1315ms)
✔ explicit current-run requests do not depend on a blocked display status (0.1581ms)
✔ projection does not mutate agents or request sets or infer state from identity text (1.3023ms)
✔ all eight states have distinct labels and factual descriptions (0.6019ms)
✔ roster ordering is stable by ID without mutating the source array (0.4227ms)
✔ renaming or changing activity does not move an existing roster to different seats (0.5981ms)
✔ 0 agents occupy exactly 0 studios without stacked seats (0.3372ms)
✔ 1 agents occupy exactly 1 studios without stacked seats (0.4079ms)
✔ 5 agents occupy exactly 1 studios without stacked seats (0.2634ms)
✔ 6 agents occupy exactly 1 studios without stacked seats (0.3176ms)
✔ 7 agents occupy exactly 2 studios without stacked seats (0.3138ms)
✔ 11 agents occupy exactly 2 studios without stacked seats (0.2216ms)
✔ 12 agents occupy exactly 2 studios without stacked seats (0.1711ms)
✔ 13 agents occupy exactly 3 studios without stacked seats (0.1933ms)
✔ 17 agents occupy exactly 3 studios without stacked seats (0.185ms)
✔ 18 agents occupy exactly 3 studios without stacked seats (0.183ms)
✔ 19 agents occupy exactly 4 studios without stacked seats (0.2013ms)
✔ snapshot input reordering preserves page and seat assignment for 18 agents (0.4984ms)
✔ reordering across a partially filled page boundary preserves each agent seat (0.9635ms)
✔ studio dimensions and the six feet anchors match the renderer contract exactly (0.4673ms)
✔ desk access never wraps overflow or invalid indexes onto occupied seats (1.1832ms)
✔ all desk footprints stay above their chairs and never overlap another desk or decor (0.3706ms)
✔ desk 0 has one finite arrival route clear of every workstation (0.5264ms)
✔ desk 1 has one finite arrival route clear of every workstation (0.2007ms)
✔ desk 2 has one finite arrival route clear of every workstation (0.1513ms)
✔ desk 3 has one finite arrival route clear of every workstation (0.1241ms)
✔ desk 4 has one finite arrival route clear of every workstation (0.1136ms)
✔ desk 5 has one finite arrival route clear of every workstation (0.1383ms)
✔ route and desk results do not expose shared mutable layout state (0.1514ms)
✔ pending native review distinguishes invalid artifact paths from invalid artifact IDs (71.3142ms)
✔ pending native intent survives acceptance changes and reviewed adoption replays one exact revision (61.885ms)
✔ pending intent cannot apply and generic native approval cannot authorize exact feedback (24.4206ms)
✔ reviewed feedback refuses adopter as reviewer before a revision (31.1531ms)
✔ reviewed feedback refuses producer as reviewer before a revision (31.8033ms)
✔ reviewed feedback refuses source requester as reviewer before a revision (23.5098ms)
✔ reviewed feedback refuses rejected decision before a revision (24.93ms)
✔ reviewed feedback refuses future decision before a revision (28.139ms)
✔ reviewed feedback refuses decision before intent before a revision (25.3127ms)
✔ reviewed feedback refuses wrong note digest before a revision (30.2024ms)
✔ reviewed feedback refuses extra note prose before a revision (24.0557ms)
✔ reviewed feedback refuses ordinary human gate before a revision (23.8672ms)
✔ reviewed feedback refuses requester exclusion disabled before a revision (18.1058ms)
✔ native approval cannot excuse changed target task (20.1964ms)
✔ native approval cannot excuse changed target version (25.4019ms)
✔ native approval cannot excuse changed source commit (20.925ms)
✔ native approval cannot excuse changed artifact identity (25.2797ms)
✔ native approval cannot excuse changed corpus bytes digest (25.2664ms)
✔ native approval cannot excuse changed selected rule digest (26.5601ms)
✔ native approval cannot excuse changed selected guidance (25.7044ms)
✔ native approval cannot excuse changed adopter identity (27.6049ms)
✔ native approval cannot excuse changed replacement effect (24.8172ms)
✔ native approval cannot excuse changed unknown authority field (27.4353ms)
✔ persisted verifier policy and automated evidence drift invalidate the intent independently of acceptance (73.9627ms)
✔ missing or contradictory native rows and capture drift fail closed (24.2186ms)
✔ reviewed apply rechecks the actual decision and preserves ambiguous outcomes and idempotency (38.3185ms)
✔ reviewed apply rejects altered intent bytes and expired proposal without native effects (33.4954ms)
✔ a changed post-effect review remains uncertain and cannot assert a verified binding (29.2473ms)
✔ review intent time bounds are revalidated during accepted-source reconstruction (29.4984ms)
✔ CLI native-review preparation, exact intent selection and apply keep separate raw and canonical hashes (151.4892ms)
✔ prepare is read-only and exposes the exact reference-only change for review (21.6416ms)
✔ an unprefixed objective stays candidate because native composition would change it (24.154ms)
✔ native normalization fixed points retain description and objective exactly (31.15ms)
✔ public identifiers and digest selectors reject coercible arrays and objects before effects (19.023ms)
✔ time, timeout and trusted routing fields require their declared primitive types (25.4676ms)
✔ apply performs one native revision, preserves authority and never launches (21.6538ms)
✔ typed native file selection pins outer provenance and exact decoded corpus while preserving raw compatibility (41.8153ms)
✔ native typed unknown schema field is refused even with matching outer artifact digest (17.4922ms)
✔ native typed missing native schema field is refused even with matching outer artifact digest (15.4368ms)
✔ native typed coercible version is refused even with matching outer artifact digest (21.564ms)
✔ native typed unsupported archive form is refused even with matching outer artifact digest (16.8869ms)
✔ native typed wrong base is refused even with matching outer artifact digest (21.2598ms)
✔ native typed wrong verifier is refused even with matching outer artifact digest (20.4628ms)
✔ native typed wrong head is refused even with matching outer artifact digest (20.2698ms)
✔ native typed bundle payload is refused even with matching outer artifact digest (17.38ms)
✔ native typed patch checksum is refused even with matching outer artifact digest (16.0551ms)
✔ native typed patch noncanonical base64 is refused even with matching outer artifact digest (20.2757ms)
✔ native typed selected hash is refused even with matching outer artifact digest (15.2471ms)
✔ native typed selected byte count is refused even with matching outer artifact digest (15.6779ms)
✔ native typed selected file size bound is refused even with matching outer artifact digest (14.0139ms)
✔ native typed selected base64 is refused even with matching outer artifact digest (15.8516ms)
✔ native typed selected symlink is refused even with matching outer artifact digest (13.9929ms)
✔ native typed selected submodule is refused even with matching outer artifact digest (15.4396ms)
✔ native typed selected media is refused even with matching outer artifact digest (16.9243ms)
✔ native typed duplicate path is refused even with matching outer artifact digest (17.3587ms)
✔ native typed case alias is refused even with matching outer artifact digest (13.7528ms)
✔ native typed file directory conflict is refused even with matching outer artifact digest (16.2752ms)
✔ native typed traversal is refused even with matching outer artifact digest (15.713ms)
✔ native typed absolute path is refused even with matching outer artifact digest (21.6236ms)
✔ native typed Windows stream is refused even with matching outer artifact digest (15.9319ms)
✔ native typed Windows device is refused even with matching outer artifact digest (13.1131ms)
✔ native typed trailing dot alias is refused even with matching outer artifact digest (14.0925ms)
✔ native typed coercible entry path is refused even with matching outer artifact digest (13.959ms)
✔ native typed deleted selection is refused even with matching outer artifact digest (13.8383ms)
✔ typed path selection requires one exact safe file, source role and original outer bytes (19.4655ms)
✔ typed decoded corpus cannot substitute a different well-hashed file or retarget a reviewed proposal (31.0258ms)
✔ typed base64 padding bits are canonical even when permissive decoding preserves the correct bytes (19.8543ms)
✔ same byte-pinned proposal replays its native key without adding guidance or a second revision (23.0827ms)
✔ lost response stays unknown with no automatic retry; exact replay reconciles it (21.9206ms)
✔ an HTTP400 after persistence stays unknown and same-key replay confirms one revision (21.1923ms)
✔ live Corp drift refuses before a request (16.2206ms)
✔ live room drift refuses before a request (13.1928ms)
✔ live mission drift refuses before a request (13.7965ms)
✔ live task drift refuses before a request (13.9887ms)
✔ live run drift refuses before a request (17.3616ms)
✔ live actor drift refuses before a request (15.7326ms)
✔ live source commit drift refuses before a request (15.731ms)
✔ live verifier digest drift refuses before a request (14.1823ms)
✔ live artifact digest drift refuses before a request (18.7676ms)
✔ an accepted receipt with incomplete bounded evidence remains candidate (17.3547ms)
✔ an observed manual gate must retain its native decision and decider (14.6674ms)
✔ missing native corpus evidence or mismatched actual bytes never borrows an unrelated accepted run (16.6166ms)
✔ typed envelopes, missing review bytes and requested independent review remain explicit candidates (19.2876ms)
✔ UTF-8 reference bounds do not silently truncate valid longer advisory guidance (18.9732ms)
✔ changed target ready status cannot be overwritten (24.3485ms)
✔ changed target existing run cannot be overwritten (18.7078ms)
✔ changed target contract version cannot be overwritten (21.1308ms)
✔ changed target budget cannot be overwritten (17.3631ms)
✔ changed target verifier cannot be overwritten (20.6314ms)
✔ changed target source cannot be overwritten (16.2126ms)
✔ changed target source connection cannot be overwritten (19.0693ms)
✔ changed target tools cannot be overwritten (22.3721ms)
✔ changed target Corp cannot be overwritten (21.0849ms)
✔ changed target room cannot be overwritten (20.6618ms)
✔ changed target origin cannot be overwritten (17.325ms)
✔ repinned unauthorized proposal changes cannot alter anything except selected references (41.4041ms)
✔ wrong proposal hash, edited corpus/review/receipt, future or expired proposal fails before POST (25.4355ms)
✔ expired selected guidance is not rescued by the remaining proposal lifetime (22.3136ms)
✔ expiry crossing during live prechecks is repeated immediately before mutation (21.3045ms)
✔ one total operation deadline cannot be renewed by a slow target precheck (234.8046ms)
✔ duplicate-key or reformatted proposal JSON cannot masquerade as the prepared byte representation (30.3252ms)
✔ source drift after successful mutation is accurately retained as applied (21.079ms)
✔ source access loss after mutation is never mislabeled refusal-before-effects (23.2279ms)
✔ an HTTP error after a request is unknown without transaction-stage evidence and is not retried (19.1087ms)
✔ a contradictory successful response or changed native readback stays unknown (19.9955ms)
✔ exact native target projection refuses filtered context and preserves whole scope (20.1428ms)
✔ file input requires selected exact bytes and fails closed on an oversized or malformed input (33.0762ms)
✔ feedback file reads accumulate short native reads before validating bytes (8.1233ms)
✔ feedback file truncate during short reads fails without a hash pin (5.7713ms)
✔ feedback file grow during short reads fails without a hash pin (6.7951ms)
✔ CLI preparation writes new review artifacts and an existing apply receipt refuses before network or effects (66.4112ms)
✔ CLI exits nonzero for refused adoption while preserving its JSON receipt (218.847ms)
✔ CLI typed prepare explicitly selects the native file and apply has no path override (43.6363ms)
✔ retained native candidate cannot become saved-task guidance or a native revision (20.7594ms)
✔ forged locally activated native evidence cannot become saved-task guidance or a native revision (21.5269ms)
✔ native evidence mixed into an activated typed artifact cannot become saved-task guidance or a native revision (20.6757ms)
✔ receipt whitelists metadata and distinguishes persisted acceptance from optional verifier digests (8.1628ms)
✔ native runner, model and ref metadata preserves valid punctuation, spaces, Unicode and UTF-8 limits (3.9733ms)
✔ native metadata keeps bounded invalid text and malformed source tuples out of receipts (18.4394ms)
✔ native source identity accepts uppercase hexadecimal commits and full bounded repository components (0.8149ms)
✔ published native refs and native MIME token punctuation are observed without a custom identifier alphabet (1.0184ms)
✔ historical evidence never borrows the current task verifier policy count (1.4018ms)
✔ conflicting or invalid run-bound check counts remain unknown (3.2715ms)
✔ missing and duplicate check indices cannot establish completeness; malformed indices fail (1.221ms)
✔ receipt rejects mismatched run Corp (0.5501ms)
✔ receipt rejects mismatched task Corp (0.4206ms)
✔ receipt rejects mismatched mission Corp (0.2271ms)
✔ receipt rejects mismatched room Corp (0.2019ms)
✔ receipt rejects mismatched exact actor (0.204ms)
✔ receipt rejects mismatched exact room (0.1864ms)
✔ receipt rejects mismatched exact mission (0.1995ms)
✔ receipt rejects mismatched evidence task (0.2408ms)
✔ receipt rejects mismatched event room (0.2783ms)
✔ receipt rejects mismatched partial source (0.2479ms)
✔ current-run rejects later same-task runs and tied times, retaining nanosecond ordering (1.4971ms)
✔ typed resume lineage requires same task and producer, and records unavailable ancestors honestly (2.6712ms)
✔ exact recovery count is run-bound; private policy and notes are omitted (0.8949ms)
✔ published-result binds its exact source artifact and hashes opaque source revisions (0.9076ms)
✔ published-result accepts an exact historical publication despite a later same-task run (0.9442ms)
✔ published-result refuses mismatched Factory mission (0.2925ms)
✔ published-result refuses mismatched deliverable task (0.2667ms)
✔ published-result refuses mismatched deliverable source base (0.2276ms)
✔ published-result refuses mismatched run deliverable digest (0.1755ms)
✔ published-result refuses mismatched publication run (0.1704ms)
✔ published-result refuses mismatched provenance mission (0.2633ms)
✔ published-result refuses mismatched provenance source issue (0.2454ms)
✔ published-result refuses mismatched provenance target (0.2401ms)
✔ published-result refuses mismatched recorded PR head (0.2009ms)
✔ published-result refuses mismatched recorded PR repository (0.1997ms)
✔ published-result refuses mismatched recorded PR provenance (0.2581ms)
✔ byte verification rejects tampering and each missing or conflicting native response boundary (1.0257ms)
✔ receipt validator rejects extra content, contradictory acceptance, and mixed origin/artifact roles (4.3572ms)
✔ fingerprint tolerates observation timestamps and detects selected source, contract and artifact drift (2.6016ms)
✔ compiled native MCP export performs two captures and downloads only selected-origin artifact IDs (770.0149ms)
✔ artifact retention selection is bounded before reading host configuration (1.1118ms)
✔ compiled native evidence retains only explicitly selected verified bytes and preserves public receipt schema (425.1047ms)
✔ compiled native evidence rejects an unowned artifact selection before any artifact download (70.9587ms)
✔ compiled native evidence never returns retained bytes from a tampered artifact or changed source (220.4443ms)
✔ compiled native exporter keeps opaque runner/model/ref metadata out of every request route (137.6806ms)
✔ compiled native export rejects state drift during its artifact read (152.9429ms)
✔ compiled native export rejects mismatched context before downloading artifacts (72.0921ms)
✔ compiled native export refuses artifact redirects without forwarding credentials (84.1467ms)
✔ compiled native export rejects oversized bodies and withholds HTTP error content (145.997ms)
✔ compiled native export bounds a stalled exact-context body by its whole-operation timeout (1008.8127ms)
✔ receipt CLI writes a create-only metadata file and a compact redacted summary (748.8192ms)
✔ owned server requires matching executable, creation, endpoint, and workspace (3.8695ms)
✔ manual, remote, stale, or non-owned manifests never authorize restart (0.9413ms)
✔ Windows retains legacy timestamp tolerance and case-insensitive paths (0.3444ms)
✔ legacy Windows identity callers remain supported without weakening explicit checks (1.4058ms)
✔ Linux requires the exact boot/PID/start-tick, executable, cwd/root, and socket binding (3.0982ms)
✔ Linux rejects malformed, legacy-Windows, and changed receipts (0.7191ms)
✔ every existing manual port remains denied on Windows and Linux and all loopback hosts (1.1022ms)
✔ remote, credentialed, missing-port, and malformed-scope endpoints fail closed (0.5224ms)
✔ only a complete scoped JSON object is a process receipt (0.7381ms)
✔ proc stat parses the final comm parenthesis and preserves 64-bit start ticks (1.0434ms)
✔ proc stat rejects wrong PID, truncated fields, malformed state, and invalid ticks (0.6068ms)
✔ Linux listener proof intersects the exact port and LISTEN state with PID-owned inodes (1.3358ms)
✔ malformed or unavailable proc network input supplies no ownership authority (0.7037ms)
✔ artifact recovery overrides are child-only and match native numeric bounds (0.6813ms)
✔ probe requires explicit scope and forwards only its scoped credential environment (4.6296ms)
✔ probe summary contains collection counts, never snapshot data or private paths (0.7765ms)
✔ probe permits HTTP only for normalized canonical loopback origins and requires HTTPS elsewhere (13.9129ms)
✔ recovery probe reports only native metadata and never infers missing capability or exposes policy (1.1376ms)
✔ recovery probe rejects malformed work-item IDs before spawning any gateway (0.9616ms)
✔ compiled recovery probe rejects impossible native numeric metadata and preserves exhausted authority (460.4317ms)
✔ compiled recovery tool makes exactly the selected authorized GET in both modes (135.1181ms)
✔ compiled recovery probe selects one context without reading the broad snapshot or exposing private fields (67.0802ms)
✔ compiled recovery tool refuses malformed IDs, extra scope or effect arguments before HTTP (114.6594ms)
✔ compiled recovery tool rejects mismatched Corp or work-item responses (266.9148ms)
✔ compiled recovery probe preserves authorization and not-found failures without private diagnostics (222.1573ms)
✔ compiled recovery inspection never follows redirects in either gateway mode (132.8948ms)
✔ compiled recovery inspection caps HTTP bodies even in the legacy write-capable gateway mode (123.9901ms)
✔ compiled read-only MCP completes the real stdio handshake and makes only one scoped GET (61.1807ms)
✔ compiled MCP ignores notifications and denies mutating calls before HTTP while preserving the default catalog (110.3078ms)
✔ compiled MCP keeps malformed omitted-ID objects silent and effect-free (read-only) (54.6661ms)
✔ compiled MCP keeps malformed omitted-ID objects silent and effect-free (unrestricted) (51.9532ms)
✔ compiled probe withholds API error content and enforces its whole-probe timeout (1083.4448ms)
✔ compiled read-only inspection rejects redirects without contacting a second origin (150.4549ms)
✔ compiled read-only startup requires every routing variable before serving even initialization (234.0382ms)
✔ compiled read-only flag rejects command-line tokens (split option, CLI only) (69.4969ms)
✔ compiled read-only flag rejects command-line tokens (split option, CLI plus environment) (63.6169ms)
✔ compiled read-only flag rejects command-line tokens (equals option, CLI only) (66.8039ms)
✔ compiled read-only flag rejects command-line tokens (equals option, CLI plus environment) (71.1015ms)
✔ compiled read-only flag accepts only the environment token and exposes the restricted catalog (74.5779ms)
✔ compiled read-only environment rejects command-line tokens (split option, CLI only) (60.7072ms)
✔ compiled read-only environment rejects command-line tokens (split option, CLI plus environment) (59.1509ms)
✔ compiled read-only environment rejects command-line tokens (equals option, CLI only) (71.4358ms)
✔ compiled read-only environment rejects command-line tokens (equals option, CLI plus environment) (59.0338ms)
✔ compiled read-only environment accepts only the environment token and exposes the restricted catalog (71.6399ms)
✔ compiled unrestricted MCP preserves legacy CLI token precedence (split option) (147.6691ms)
✔ compiled unrestricted MCP preserves legacy CLI token precedence (equals option) (144.9914ms)
✔ compiled native read-only HTTP body rejects oversized declared length before end (200) (66.5715ms)
✔ compiled native read-only HTTP body rejects streamed overflow before end (200) (103.3175ms)
✔ compiled native read-only HTTP body rejects oversized declared length before end (403) (62.5617ms)
✔ compiled native read-only HTTP body rejects streamed overflow before end (403) (108.8537ms)
✔ compiled native HTTP body accepts the inclusive read-only limit and preserves unrestricted transport (802.3256ms)
✔ compiled native HTTP body preserves small successful and error response behavior (376.2378ms)
✔ withholds all six source ACKs for each of two native automatic attempts (4.7576ms)
✔ holds all quality ACK duplicates to the same 8-second deadline, preserving bytes (1.4825ms)
✔ gameplay and integration pass source ACKs unchanged (0.4716ms)
✔ native resume passes ACKs and does not consume a third automatic attempt (0.2849ms)
✔ non-source ACK, heartbeat, credential rotation, approval and lifecycle are opaque passthrough (0.5187ms)
✔ rejects foreign or unproven run, Corp and hash before fault decisions (1.3763ms)
✔ assignment rebinding cannot swap a different task, scope or command kind (0.8406ms)
✔ late-ACK release sends one exact original old-run frame once without retagging (1.6394ms)
✔ refuses manual-stack, wrong-repository and missing opt-in config (1.9368ms)
▶ real loopback WebSocket wiring: native schema, ordered forwarding, reconnection and redaction
  ▶ isolated concurrent fixture 1
    ✔ synthetic endpoints require live ownership without relaxing config guards (9.9269ms)
    ✔ persisted owner/name schema binds and stop cannot overtake a pending assignment (65.0288ms)
    ✔ upload byte transparency, ACK withholding and metadata non-disclosure (50.1456ms)
    ✔ a stale snapshot/close callback cannot bind, send or close the replacement connection (152.199ms)
  ✔ isolated concurrent fixture 1 (433.2439ms)
  ▶ isolated concurrent fixture 2
    ✔ synthetic endpoints require live ownership without relaxing config guards (13.4606ms)
    ✔ persisted owner/name schema binds and stop cannot overtake a pending assignment (64.707ms)
    ✔ upload byte transparency, ACK withholding and metadata non-disclosure (50.5412ms)
    ✔ a stale snapshot/close callback cannot bind, send or close the replacement connection (154.296ms)
  ✔ isolated concurrent fixture 2 (399.0662ms)
✔ real loopback WebSocket wiring: native schema, ordered forwarding, reconnection and redaction (435.7576ms)
✔ relocated doctor checks declared tools through native version commands without leaking ambient secrets or installing (1291.9714ms)
✔ wrong node version produces a failing CLI result (1338.4202ms)
✔ wrong pnpm version produces a failing CLI result (1241.0415ms)
✔ wrong rustc version produces a failing CLI result (1409.9407ms)
✔ wrong cargo version produces a failing CLI result (1153.9138ms)
✔ missing package manager fails without falling back to another host command (943.9408ms)
✔ failed component probes suppress raw stdout and stderr (1098.0947ms)
✔ unrecognized version output is rejected without echoing the command response (1123.0121ms)
✔ an unavailable pinned rustup toolchain fails instead of installing or selecting stable (1110.2982ms)
✔ already selected direct Rust binaries can be verified without rustup (1152.5581ms)
✔ invalid .node-version declaration fails before any command runs (version) (168.6297ms)
✔ invalid package.json declaration fails before any command runs (version) (157.014ms)
✔ invalid rust-toolchain.toml declaration fails before any command runs (floating Rust) (165.1095ms)
✔ invalid rust-toolchain.toml declaration fails before any command runs (component) (176.4009ms)
✔ unsupported CLI arguments fail before probing tools (174.2663ms)
ℹ tests 1265
ℹ suites 0
ℹ pass 1265
ℹ fail 0
ℹ cancelled 0
ℹ skipped 0
ℹ todo 0
ℹ duration_ms 60257.1658
