$ node --test --test-concurrency=2 --test-timeout=180000 "apps/web/src/**/*.test.mjs" "tools/*.test.mjs"
✔ Pin/Unpin states use existing button styling and explicit retention copy (9.4529ms)
✔ active runs are not a reason to disable safe retention changes (1.6532ms)
✔ non-operators and unknown versions cannot advertise a mutation (0.5278ms)
✔ retired historical identities have no resurrection button (0.3016ms)
✔ Corp identity copy does not promise automatic retirement on unpin (0.8873ms)
✔ failed request leaves button usable after its pending state (0.8615ms)
✔ editor preserves its accessible control names, preview hook, and all six check choices (48.3662ms)
✔ switching check types resets their incompatible fields and retains the rest of the policy (9.8585ms)
✔ every check-field callback retains the selected variant and unchanged checks (15.4437ms)
✔ adding and removing checks preserves tab selection, including external policy shrink and the empty state (17.008ms)
✔ the 16-check add button limit and oversized-policy feedback are retained (10.5693ms)
✔ manual-gate transitions retain default role ordering, requester exclusion, and explicit removal (15.9351ms)
✔ preview keeps exact check order, manual-role labels, heading overrides, and requester-exclusion guidance (2.1321ms)
✔ Factory exact-run navigation replaces a remembered newer outcome before mission remount (4.4076ms)
✔ run navigation ignores the duplicate activity marker in a hidden Factory tab (15.7006ms)
✔ artifact navigation chooses its exact producer while mission-only navigation preserves the current choice (1.6882ms)
✔ unavailable run/task/mission cannot overwrite remembered evidence or open another run (2.784ms)
✔ storage failure or obsolete viewer fails closed before navigation (2.9414ms)
✔ explicit navigation writes only the selected viewer scope and only the run identity (1.5769ms)
✔ reload keeps the decided run instead of the other pending review or a newer worker (2.7143ms)
✔ remembered evidence is scoped to the API server, Corp, actor and mission (0.5865ms)
✔ missing remembered work never silently substitutes another visible review (0.3938ms)
✔ unreadable or malformed stored context requires explicit selection, not the next review (0.6019ms)
✔ a first visit is distinct from unreadable history; failed writes do not throw (0.4639ms)
✔ only the selected run ID is stored; reviews and authority never enter browser persistence (1.3501ms)
✔ MissionCard scopes remounts, pins initial evidence and fails closed when persistence fails (71.7737ms)
✔ issue210 only the explicit server flag adds correction to a native checkpoint (2.792ms)
✔ issue210 verifier availability is independent of correction and missing availability preserves legacy behavior (1.4095ms)
✔ issue210 revision source is the exact server-selected verifier, with no cross-item fallback (0.4981ms)
✔ only native proof plus its cancellation marker exposes source-only checkpoint verification (0.3915ms)
✔ a running checkpoint needs no cancellation repair, and ordinary verification failure stays compatible (0.2593ms)
✔ missing/tampered source, checkpoint, head, active recovery or terminal outcome offers no new recovery (0.3382ms)
✔ context requests are not recovery grants and never depend on inferred mission spend/status (0.2213ms)
✔ copied command binding retains the saved connection and never falls back on malformed metadata (0.2518ms)
✔ actual presentation selects the endpoint source, not the newest visible run or mission cancellation (119.9851ms)
✔ issue210 presentation separates provider-free verification from a budgeted same-session fix (32.6219ms)
✔ issue210 source-only and unavailable checkpoint presentations never suggest generic recovery (49.2246ms)
✔ actual context loader is GET-only and admits the exact item/version/mission checkpoint (58.4713ms)
✔ actual context loader rejects stale/cross-scope and malformed flags without snapshot fallback (208.6336ms)
✔ issue210 actual loader accepts boolean correction flags and defaults missing legacy authority closed (61.8843ms)
✔ issue210 exact loader retains true, false and missing checkpoint availability without granting another mode (53.2268ms)
✔ actual UI action copies only explicit checkpoint verification with the original scope/connection (213.2543ms)
✔ issue210 actual correction action retains the original CLI route, source and connection (325.6014ms)
✔ issue210 actual card drops correction authority immediately when item, version or actor changes (309.8809ms)
✔ issue210 actual contract submission uses the scoped verifier, not its provider ancestor (51.2209ms)
✔ issue210 editor loading, errors, stale context and denied correction cannot fall back or submit (275.8238ms)
✔ issue210 ordinary contract resume, redispatch and requester/role boundaries stay intact (111.0125ms)
✔ issue210 actual source-only context copies correction and revises the exact verifier; no-mode context does neither (226.6771ms)
✔ actual resume handler and rendered provider control respect native recovery blocking (6.855ms)
✔ actual App Resume control survives an ineligible ordinary Factory recovery lookup and uses the native actor-bound POST (294.6292ms)
✔ issue221 explicit provider-correction permission permits null head without granting checkpoint or generic resume (1.308ms)
✔ issue221 actual context reader retains null head/current provider proof and malformed heads remain non-actionable (375.467ms)
✔ issue221 actual copy/revision actions use only source correction for the latest failed provider with null head (278.3984ms)
✔ wrong-first legacy Project 174 cannot displace the selected live lab controller (2.0402ms)
✔ every Project/repository/Corp component must match, even with an active-item pointer (0.4696ms)
✔ GitHub owner/repository case and surrounding whitespace normalize independently (0.2212ms)
✔ missing/malformed scope is neutral rather than an empty-scope match (0.2169ms)
✔ the exact active item wins among live controllers in the same scope (0.2637ms)
✔ a current live scope match wins over a stale offline active-item pointer (0.2713ms)
✔ with only offline matches, retain the exact item rather than crossing scope (0.2402ms)
✔ without an item, prefer useful live intake in the current Corp (0.3881ms)
✔ empty/no-match and unavailable explicit selections never borrow another controller (0.3691ms)
✔ heartbeat freshness and stable ID break ties without using array order or mutating inputs (1.4479ms)
✔ snapshot refresh and selected scope changes return the exact new ID/version object (0.2933ms)
✔ the actual FactoryPanel resolver feeds displayed state and both action callbacks (20.4712ms)
✔ the actual component guards controller actions, retains role gating and passes the same callback (14.0014ms)
✔ the actual API action handler targets the resolved controller ID and version for all actions (67.1987ms)
✔ the production handler preserves the existing ID-scoped idempotency/version on a lost response (26.7464ms)
✔ primary_rate_limit has a reader-facing reason and an automatic future retry (25.8369ms)
✔ secondary_rate_limit has a reader-facing reason and an automatic future retry (0.7617ms)
✔ graphql_quota has a reader-facing reason and an automatic future retry (0.8098ms)
✔ github_unavailable has a reader-facing reason and an automatic future retry (1.7397ms)
✔ quota, cost and timestamps come from the snapshot, not derived or default budgets (1.1066ms)
✔ equivalent offset timestamps have the same local retry time and boundary (1.3324ms)
✔ at or after the retry deadline, waiting is not presented as a successful retry (1.4435ms)
✔ zero remaining, limit, query cost and failures remain real zeros (0.7411ms)
✔ paused desired state wins without rewriting controller health or promising a retry (1.2859ms)
✔ offline health wins over polling metadata, including an elapsed retry (1.2928ms)
✔ paused and offline together retain both conditions and existing paused precedence (0.6458ms)
✔ absent legacy polling leaves the old strip intact and never fabricates a wait (0.2652ms)
✔ missing or malformed backoff data is unavailable, never zero or an invented deadline (0.337ms)
✔ invalid values are not coerced to numbers or dates and unknown reasons are not rendered raw (1.826ms)
✔ partial quota data preserves observed zeros while missing fields remain unavailable (0.4666ms)
✔ healthy telemetry does not infer a backoff from a zero quota or failure count (0.6609ms)
✔ UI integration remains read-only, accessible, and uses existing controller controls (19.7007ms)
✔ line normalization preserves argument boundaries, literal punctuation, and duplicate values (2.7864ms)
✔ role entry supports commas and CRLF without silently deduplicating or authorizing roles (0.4852ms)
✔ mission projection retains exact task, runner and human control attribution (3.7084ms)
✔ foreign tasks and same-ID foreign-Corp runners cannot supply collaboration state (0.3783ms)
✔ offline retains work without advertising live control or termination (0.3974ms)
✔ connecting retains work without advertising live control or termination (0.3222ms)
✔ a failed snapshot refresh retains exact work without advertising live controls (0.3664ms)
✔ invalid snapshot receipt NaN cannot advertise live controls (0.3838ms)
✔ invalid snapshot receipt Infinity cannot advertise live controls (0.2592ms)
✔ invalid snapshot receipt 0 cannot advertise live controls (0.2497ms)
✔ invalid snapshot receipt -1 cannot advertise live controls (0.3714ms)
✔ expired/malformed lease 2026-09-16T11:59:00Z cannot claim a controller (0.5676ms)
✔ expired/malformed lease 2026-09-16T12:00:00Z cannot claim a controller (0.2533ms)
✔ expired/malformed lease bad cannot claim a controller (0.1199ms)
✔ verifying has recorded evidence but no provider controls (0.276ms)
✔ completed has recorded evidence but no provider controls (0.129ms)
✔ lost has recorded evidence but no provider controls (0.2316ms)
✔ cancelled has recorded evidence but no provider controls (0.1288ms)
✔ a provider-free run and a superseded agent assignment expose no live controls (0.2906ms)
✔ runner grace and offline remain distinct; neither supplies human presence (0.154ms)
✔ review links bind exact run/task and explain role and requester exclusion (0.4922ms)
✔ missing and historical identities never become fabricated named owners or current controllers (0.3172ms)
✔ draft cache survives surface remounts but never crosses Corp/actor/room/mission (0.459ms)
✔ actual component navigation only requests exact context; rendering sends no commands (10.5943ms)
✔ actual disconnected component retains readable evidence with an explicit warning (1.2656ms)
✔ actual failed-refresh component distinguishes stale data from a disconnected transport (0.9964ms)
✔ actual component rejects missing receipt freshness and restores controls after a successful refresh (3.5985ms)
✔ App preserves main snapshot metadata and exact-run navigation while passing numeric receipt freshness (6.7302ms)
✔ App embeds existing scoped discussion and pins evidence before exact-run navigation (2.768ms)
✔ late completion notifies remounted composers without clearing a newer or same-text draft (0.609ms)
✔ late operation acknowledgment cannot clear a replacement idempotency key (177.7655ms)
✔ actual App selection never substitutes another mission after the selected record disappears (94.963ms)
✔ actual briefing navigation has a visible destination for legacy empty descriptions (68.5639ms)
✔ verification checks do not change launch intent (1.868ms)
✔ review navigation cannot turn its click into a form submission (0.3215ms)
✔ ordinary application setup cannot silently fall back to the fake runtime (0.5299ms)
✔ composer uses two clear steps and starts with an empty goal (0.2259ms)
✔ advanced settings and detailed requirements are optional disclosures (0.9554ms)
✔ closing setup preserves the draft and returns to existing mission context (0.846ms)
✔ explicit links to existing work reveal it without erasing an open draft (0.6668ms)
✔ native creation and explicit held-plan behavior remain unchanged (0.3362ms)
✔ review keeps the exact source and current server-derived allocation visible (0.4875ms)
✔ scope requires four explicit bounded identities and cannot mutate after submission (2.9015ms)
✔ current origin binds the exact view instance, not just equal IDs (0.3191ms)
✔ read issues exactly one encoded, uncached GET with cancellation and no body (11.3266ms)
✔ Direct accepts only exact returned linkage and drops unexpected hidden fields (1.4101ms)
✔ Factory retains only the validated work item, repository, issue number and exact URL (99.7543ms)
✔ all four response identities must echo the bound request exactly (5.8062ms)
✔ missing, malformed and older origin responses never become Direct (1.8776ms)
✔ Factory fields are required and null or missing metadata is never partly accepted (2.3619ms)
✔ Factory rejects invalid work-item identities, repository paths and issue numbers (2.2628ms)
✔ only the raw HTTPS GitHub issue URL matching returned repository and number is accepted (23.7972ms)
✔ mixed-case owner/repository URLs match normalized identity and retain display case (1.0658ms)
✔ valid case-preserving repositories and positive safe issue numbers remain verbatim (0.8567ms)
✔ old endpoints, denied authorization and transport failures stay unavailable without raw errors (1.4492ms)
✔ a synchronous API failure is contained and clears the read timer (0.672ms)
✔ timeout aborts an unsettled read and suppresses both late success and late failure (0.7727ms)
✔ a settled success or failure cannot be overwritten by an already queued timeout (0.6973ms)
✔ cancellation before the scheduled read prevents even the GET (0.6443ms)
✔ in-flight cancellation ignores transports that resolve or reject after abort (0.7645ms)
✔ component reads once for a valid view and renders truthful Direct copy in one styled paragraph (12.1807ms)
✔ component links only a fully validated Factory response, not extra returned fields (2.4488ms)
✔ all four operating roles may read; guests, spectators and unknown roles never request context (13.9485ms)
✔ invalid or absent scope props render the conservative fallback without requesting (13.904ms)
✔ failed exact reads preserve #185 positive or unknown fallback without inventing links or hiding failure (9.1025ms)
✔ a failed origin lookup can be retried explicitly without changing the work identities (3.721ms)
✔ Corp, actor, room and mission changes hide old success and errors before effect cleanup (11.64ms)
✔ late success and errors from a replaced request cannot update the current component (11.5808ms)
✔ leaving and returning to identical IDs cannot revive an earlier success or failure (2.8834ms)
✔ same-ID reopened pending requests ignore the original response and error after current denial (3.038ms)
✔ a guest transition revokes displayed source data and returning operators must read again (1.4863ms)
✔ operating-role and API changes also invalidate old privileged context (2.7648ms)
✔ unmount cancels the read and a fresh mount with identical IDs cannot inherit its outcome (3.0125ms)
✔ one builder preserves the complete current creation payload and retained settings (2.865ms)
✔ provider defaults, supported reasoning and commit-branch semantics match submission (0.3205ms)
✔ existing deterministic fixture semantics are not converted into provider settings (1.4713ms)
✔ scope freezes the exact serialized body and rejects an actor mismatch (0.7398ms)
✔ every request field, Corp and actor invalidate an earlier quote (1.1681ms)
✔ preview debounces, uses the exact creation body, and calls only the read-only preview POST (10.3723ms)
✔ an edit or closing the composer before debounce starts no request (0.4606ms)
✔ an invalidated request is aborted and cannot publish a late successful quote (1.6974ms)
✔ late errors after actor/Corp change or unmount cannot replace the new preview (1.3862ms)
✔ editing away and back still requires a fresh request, not a revived quote (1.2352ms)
✔ allocations are displayed verbatim from the server, not a frontend Studio formula (1.0029ms)
✔ missing or mismatched quote fields never become a current allocation (2.4076ms)
✔ an absent preview endpoint gives a useful failure state without inventing allocations (1.4661ms)
✔ preview response is bounded to eight tasks without reallocating server budgets (1.0471ms)
✔ unknown, self, duplicate and oversized dependency references remain unknown allocations (1.2546ms)
✔ retry clears an old failure immediately and can accept a fresh quote (2.11ms)
✔ timeout clears the quote, aborts the request and ignores a late response (0.9872ms)
✔ App shares the request body, invalidates keyed preview instances and retains native Launch (5.0216ms)
✔ mission selection and Discuss use the authoritative non-first owning room (2.1892ms)
✔ mission, task, run and artifact deep links resolve to the same owning room (0.3398ms)
✔ an explicit room deep link and all-discussion view stay in that room (1.3689ms)
✔ stale, missing and older mission/room projections never fall back to the first room (0.2533ms)
✔ related work is limited to the selected room and mission, not a fixed item count (2.4789ms)
✔ messages are room-filtered before mission links and out-of-order reply ancestry (1.0921ms)
✔ valid room, mission and inherited reply submissions retain the same scope (0.8318ms)
✔ stale actor, Corp, room and mission scopes cannot submit or complete a newer draft (0.4757ms)
✔ a disappearing mission or owning room fences previously valid submissions (0.4771ms)
✔ foreign, missing or stale links and replies cannot silently become general comments (0.7363ms)
✔ guest-shaped and missing Factory projections do not establish Direct origin (0.7765ms)
✔ a mission older than the 500-item Factory window remains origin-unknown (0.3392ms)
✔ a positively matched visible Factory item retains its issue attribution (0.2258ms)
✔ known publication/recovery linkage is generic when intake details are unavailable (0.5012ms)
✔ projection helpers preserve the authoritative input and do not retain hidden origin data (0.4326ms)
✔ the UI uses the tested projection and submission helpers on both discussion entry paths (17.7876ms)
✔ scope requires every explicit identity and repository and freezes the view generation (5.9789ms)
✔ the exact scope object, not equal IDs or a prior A -> B -> A view, selects the load (0.822ms)
✔ one encoded GET is uncached, abortable and body/header/credential free (12.0618ms)
✔ published DTO retains only bound result metadata and leaves raw input untouched (2.1798ms)
✔ only explicit null publication in a correctly scoped response is known absence (3.6678ms)
✔ item and publication scope mismatches never expose links or known absence (7.4221ms)
✔ publication source issue matches the work item without equating authorizer, revisions or checkpoint generations (1.198ms)
✔ publication and artifact identity tuples plus full digests must all match (2.4948ms)
✔ missing, duplicate and unrelated-first deliverables cannot substitute a result (1.0353ms)
✔ native provenance identity, source/target branches and digests are checked without retaining authority (5.6793ms)
✔ raw GitHub PR URLs allow native slash suffixes but retain exact repository and number checks (5.9519ms)
✔ owner/repository display case is preserved while full hex values compare by bytes (0.7755ms)
✔ PR state, exact head, owner, recorded metadata and phase cannot contradict each other (2.3923ms)
✔ download metadata rejects controls, external/native paths, malformed hashes and invalid sizes (9.8703ms)
✔ pending, PR-created, published and failed publication are distinct without claiming a live app (3.4823ms)
✔ only a different valid pinned run is a mismatch; same-run contradictions stay unavailable (1.185ms)
✔ loading, denied and stale contexts cannot become a result or known absence (2.9793ms)
✔ denials, missing endpoints and sync/async transport failures stay unavailable without raw errors (1.4559ms)
✔ timeout aborts and suppresses late successes and failures without retries (1.3959ms)
✔ queued timeout callbacks cannot overwrite a settled success, absence or denial (1.0652ms)
✔ cancellation before start issues no GET; in-flight cancellation publishes no late data (1.0374ms)
✔ new same-ID generation remains unavailable after denial despite a prior response completing later (0.8772ms)
✔ fresh human-only bootstrap can select a runner runtime before any crew exists (2.8456ms)
✔ retired and legacy identities neither enable nor suppress advertised runtimes (0.4133ms)
✔ studio requires the exact selected source on a connected runner, not another repository (0.5057ms)
✔ source repository and commit matching are case-insensitive but ref matching is exact (0.2759ms)
✔ unavailable runtimes and non-runtime capabilities are not mission options (1.4861ms)
✔ catalog merging prefers an enabled model without changing the source snapshot (0.6607ms)
✔ unscoped status and crew include ready connection-bound runtimes, but dispatch keeps its exact binding (1.0755ms)
✔ studio always selects Copilot even when another runtime was requested (0.2194ms)
✔ studio does not fall back to another provider or an unavailable Copilot runtime (0.5108ms)
✔ solo selection and deterministic fixtures retain their runtime contracts (0.5257ms)
✔ a disappearing explicit runtime cannot silently switch provider with stale model settings (0.2385ms)
✔ studio uses enabled Copilot model settings or an explicit provider default (0.278ms)
✔ fixtures ignore hidden provider model settings (0.138ms)
✔ normal UI bootstrap opts out of seeded crew without changing fixture tooling (14.1946ms)
✔ runtime character descriptors match the shipped manifest, PNG dimensions, and original file bytes (90.9634ms)
✔ named characters and stable worker identities retain their appearance across reordered snapshots (1.024ms)
✔ numeric roster positions wrap without producing missing characters, and invalid numbers use the default (0.5348ms)
✔ walking uses the original three poses in a 0,1,2,1 cycle at the 150ms boundaries (0.7267ms)
✔ idle, typing, reading and facing use the actual source-sheet rows and columns (0.6833ms)
✔ invalid or negative animation time selects the first pose without invalid source coordinates (0.36ms)
✔ every animation and direction remains inside a real sheet after long-running animation (0.6882ms)
✔ default floor distinguishes connected workers from offline and test registrations (3.1389ms)
✔ omitted and null retirement fields keep legacy and mission identities available (0.3188ms)
✔ every non-null retirement excludes an identity regardless of pin, date, or reported work (0.4228ms)
✔ retired identity remains resolvable in the unmodified historical snapshot (0.3335ms)
✔ retiring the selected agent falls back to current crew, including the empty-roster case (0.37ms)
✔ pagination filters retirement before assigning seats without mutating order (0.5594ms)
✔ idle does not become working or reviewing from a stale station or pending run request (0.3515ms)
✔ working and blocked status still derive from exact server state and current-run requests (0.2418ms)
✔ #154: a selected worker on a later studio is located on initial mount and selection changes (0.5025ms)
✔ #154: studio lookup follows retirement repagination, not stale seat indexes (0.5812ms)
✔ #154: manual paging survives snapshots, but another selected agent resets page and zoom (0.8812ms)
✔ #154: retirement moving the selected agent to a different page resets the camera (0.3106ms)
✔ #154: mounting or remounting the same starting run never fabricates an arrival (0.2731ms)
✔ #154: only an observed new active run can animate once, and reduced motion wins (0.3497ms)
✔ #154: blocked work takes recovery priority over both idle and ordinary active work (0.4585ms)
✔ #154: exact approvals keep priority, and only an unblocked empty floor offers new work (0.1943ms)
✔ history inspectors retain the full snapshot while the floor uses current identities (18.2638ms)
✔ Factory activity prioritizes the exact outcome review, then tool approval, before newer work (4.1223ms)
✔ selection ignores terminal, denied and foreign tool approvals without inventing a run (0.4405ms)
✔ terminal runs cannot become reviewable or active from dangling pending decision records (28.0222ms)
✔ live task, agent, control, timestamps and safe activity come from one scope without mutation (1.5526ms)
✔ a stale Running intake never claims that a cancelled provider is active (1.5613ms)
✔ pending exact-run outcome review is distinct from an active provider and completion (1.0002ms)
✔ tool authority and unavailable decision context do not become outcome approval (2.5111ms)
✔ a completed run is not automatically a completed mission or published application (1.3075ms)
✔ retained data cannot claim current execution: {"connection":"offline"} (1.0235ms)
✔ retained data cannot claim current execution: {"connection":"connecting"} (1.138ms)
✔ retained data cannot claim current execution: {"snapshotFailed":true} (0.7976ms)
✔ retained data cannot claim current execution: {"snapshotReceivedAt":null} (0.5549ms)
✔ grace, offline and wrong-Corp runner records cannot establish provider liveness (2.0314ms)
✔ runner loss and uncertain teardown remain unknown until a positive termination receipt (1.8322ms)
✔ verifier-only runs never appear as a running model (0.881ms)
✔ quarantine and protected stops stay prominent even with stale transport (2.3357ms)
✔ failed verification, cancelled work and unknown execution modes remain explicit (1.926ms)
✔ missing, duplicate or foreign task context cannot fall back to another run (1.1758ms)
✔ activity is scoped, deduplicated, ordered, bounded and never reveals raw payloads (3.7853ms)
✔ missing start, invalid clocks and backwards timestamps do not invent a duration (1.6759ms)
✔ expired leases and foreign attribution do not display an active controller (1.4896ms)
✔ actual React detail component reuses current classes, native disclosure and escaped text (19.0769ms)
✔ the Factory integration uses the existing exact-run selector, scoped snapshot and old callbacks (3.8226ms)
✔ a burst of 1000 streamed events schedules one snapshot instead of 1000 requests (2.5607ms)
✔ events arriving during a request produce exactly one trailing snapshot (5.9927ms)
✔ the final event during the trailing request is not dropped (1.6505ms)
✔ disposing before a scheduled refresh prevents any fetch (0.6134ms)
✔ disposing an actor/Corp scope aborts its request and drops trailing work (2.7209ms)
✔ refresh failures are handled and a later event can still refresh (1.1922ms)
✔ a disposed scope does not report an obsolete aborted read as a new UI error (1.2124ms)
✔ websocket events use the coalescer and cleanup cancels its read scope (5.8702ms)
✔ initial connection is bounded, cancellable and offers retry rather than mission restart (5.3623ms)
✔ actual App presence polling only runs for open connection-dependent views, without reconnecting the event socket (254.0063ms)
✔ artifact defaults retain the current wire shape and do not share mutable values (2.9796ms)
✔ file defaults retain the current wire shape and do not share mutable values (0.2248ms)
✔ command defaults retain the current wire shape and do not share mutable values (0.2325ms)
✔ test defaults retain the current wire shape and do not share mutable values (0.2242ms)
✔ json_schema defaults retain the current wire shape and do not share mutable values (0.2691ms)
✔ screenshot defaults retain the current wire shape and do not share mutable values (1.5361ms)
✔ check summaries preserve paths, argument boundaries, byte floors, JSON keys, and rounded timeouts (32.5758ms)
✔ array summaries distinguish item boundaries and preserve exact argument and key values (0.7397ms)
✔ byte-counted summaries use singular byte only for the one-byte floor (0.2959ms)
✔ empty and oversized policies remain invalid, with the 16-check boundary accepted (0.5999ms)
✔ invalid byte floor 0 is reported for every byte-counted check (0.447ms)
✔ invalid byte floor -1 is reported for every byte-counted check (0.2888ms)
✔ invalid byte floor NaN is reported for every byte-counted check (0.2391ms)
✔ invalid byte floor Infinity is reported for every byte-counted check (0.145ms)
✔ validation preserves check order and reports missing paths, programs, timeout bounds, and JSON keys (0.5578ms)
✔ manual gates require allowed roles without changing requester-exclusion semantics (0.3785ms)
✔ preserves the existing advisory-validator scope; server schema/path authorization remains authoritative (0.6838ms)
✔ check transformations create new drafts while retaining unchanged evidence checks and gate identity (0.4088ms)
✔ gate transitions preserve checks and retain current deliberate resets even when reselecting a gate type (0.2476ms)
✔ verification labels retain their current wording and fallback formatting (0.2121ms)
✔ WorkResultCard exposes its status and supplied content with metadata collapsed by default (12.8886ms)
✔ ready PR retains its exact URL and only an explicit download invokes the matching callback (16.7672ms)
✔ loading, unavailable and no-publication states do not fabricate a PR or perform actions (6.4839ms)
✔ a historical review mismatch changes selection only through explicit Go to delivered result (4.2165ms)
✔ an unavailable delivered-run target preserves the historical selection and only offers refresh (256.9217ms)
✔ a failed publication with a recorded PR remains inspectable without being labeled Published (8.7738ms)
✔ Published is not merged or deployed and its collapsed details never invent a running preview (8.7579ms)
✔ expired artifact retention does not hide an existing PR or replace server download validation (13.8167ms)
✔ actual hook hides prior result before cleanup and aborts on each exact scope change (44.4425ms)
✔ actual hook fences late success and failure before cleanup and after replacement (14.9268ms)
✔ actual hook close and reopen with identical IDs cannot revive old ready or pending data (17.4365ms)
✔ actual hook treats positive revision as one refresh hint and never retries failure on render (60.0211ms)
✔ actual App origin-unavailable branch offers manual Refresh work context with no PR CTA (16.7935ms)
✔ actual App first-hop retry exposes the authorized result without moving pinned evidence (33.396ms)
✔ actual App fallback reports unavailable review details for an unresolved run or request (12.0203ms)
✔ actual work pickers retain a deep-linked historical mission outside the recent eight (86.0145ms)
✔ actual work pickers do not duplicate a recent selection or invent an absent mission (82.9214ms)
✔ related work includes the third mission, task, run and artifact (2.7622ms)
✔ work links name the actual work rather than presenting only opaque IDs (0.3916ms)
✔ related options deduplicate repeated snapshot references (0.3545ms)
✔ mission discussion retains nested replies, including out-of-order snapshots (3.0109ms)
✔ task, run and artifact comments inherit the owning mission only (0.5165ms)
✔ unlinked cycles and missing ancestors cannot manufacture mission context (0.3076ms)
✔ context helpers leave authoritative messages and work objects unchanged (0.3049ms)
✔ work selection follows the owning authorized mission and rejects unknown links (0.4264ms)
✔ human review and automated verification are not advertised as live model sessions (0.4337ms)
✔ enterprise task labels explain the legacy studio lane keys (0.5083ms)
✔ review eligibility explains requester exclusion without bypassing the policy (0.5617ms)
✔ a pending evidence review selects its run rather than a newer active worker (0.3721ms)
✔ a tool-approval wait cannot hide a different pending evidence review (0.1973ms)
✔ review selection rejects mismatched tasks, terminal runs and non-pending requests (0.2829ms)
✔ explicit evidence selection stays bound to that run and cannot inherit another review (0.2018ms)
✔ unselected evidence follows remaining reviews and retains snapshot order without mutation (0.218ms)
✔ a decided run remains selected until the operator deliberately chooses the next review (0.202ms)
✔ mission UI binds evidence and decisions and pins the target before submitting (16.7361ms)
✔ runner revision is stable for reordered equivalent records without sorting the input (3.3843ms)
✔ runner revision ignores heartbeat, display and capability churn (0.3026ms)
✔ runner revision changes only when lifecycle identity or presence records change (0.2734ms)
✔ offline presence requests revalidation without rewriting endpoint readiness (0.339ms)
✔ reconnect mismatch remains a hint until the endpoint itself returns ready presence (0.4685ms)
✔ unknown presence is false and same-ID foreign runners cannot supply presence (1.5244ms)
✔ presence hints never promote or erase native sign-in and installation states (0.8795ms)
✔ revision and presence helpers leave source, models, identity and selection immutable (0.8655ms)
✔ saved choice and source remain present while its machine is offline (0.422ms)
✔ ready metadata alone cannot borrow another connection or source for dispatch (0.6242ms)
✔ connection UI identity is scoped to actor and room (0.2864ms)
✔ native sign-in instructions cannot navigate to another host or credential-bearing URL (0.3969ms)
✔ accepts matching current contracts, aliases, CRLF and historical prose outside markers (98.1435ms)
✔ rejects added source validation command and reports expected and actual (55.7642ms)
✔ rejects removed source validation command and reports expected and actual (59.2998ms)
✔ rejects reordered source validation command and reports expected and actual (75.9899ms)
✔ rejects changed documented commands; correcting the documented sequence restores passing (96.5724ms)
✔ accepts quoted literal Node globs through aliases while preserving quoted versus shell-expanded arguments (196.1216ms)
✔ rejects a source SDK bump until both current compatibility docs are updated (86.9173ms)
✔ rejects a source CLI bump until both current compatibility docs are updated (73.1812ms)
✔ rejects missing opening marker instead of silently dropping a required documentation contract (74.0255ms)
✔ rejects missing closing marker instead of silently dropping a required documentation contract (71.9091ms)
✔ rejects duplicate block instead of silently dropping a required documentation contract (54.851ms)
✔ rejects reversed markers instead of silently dropping a required documentation contract (65.1425ms)
✔ rejects inline marker instead of silently dropping a required documentation contract (69.8273ms)
✔ requires every current runtime contract and a single SDK and CLI claim inside each (60.3558ms)
✔ rejects missing root alias in the authoritative command sequence (56.6444ms)
✔ rejects cyclic root aliases in the authoritative command sequence (58.6257ms)
✔ rejects shell pipeline in the authoritative command sequence (58.9062ms)
✔ rejects quoted shell expansion in the authoritative command sequence (53.1378ms)
✔ rejects empty command in the authoritative command sequence (57.6779ms)
✔ rejects unsupported alias arguments in the authoritative command sequence (67.0334ms)
✔ rejects unknown documented aliases and malformed command fences (69.2305ms)
✔ reports missing required documents and an invalid source manifest without silently skipping them (66.7852ms)
✔ fails closed for unconstrained SDK dependency (48.6911ms)
✔ fails closed for SDK pin in wrong table (57.2903ms)
✔ fails closed for duplicate SDK declaration (53.4744ms)
✔ fails closed for missing named runtime constant (42.0856ms)
✔ fails closed for duplicate runtime constant (57.0984ms)
✔ relocated CLI resolves its own repository, executes no documented command, and exits nonzero for drift (368.6566ms)
✔ checkpoint fixture produces a complete, independently tested local application (393.6396ms)
✔ read-only executable hashing accepts Cargo/Git hardlinks without relaxing source isolation (30.3684ms)
✔ exact terminal metadata produces actionable failure and missing-evidence findings using GET only (19.2693ms)
✔ listed artifact is run-scoped metadata and never establishes content or attempt verification (2.168ms)
✔ refuses active parent (1.0801ms)
✔ refuses wrong repository (0.4618ms)
✔ refuses foreign head repository (0.5982ms)
✔ refuses different workflow (0.3721ms)
✔ refuses different head (0.3762ms)
✔ refuses different attempt (0.3267ms)
✔ refuses job from other attempt (0.8723ms)
✔ refuses job from other head (0.9185ms)
✔ refuses duplicate job (0.6929ms)
✔ refuses unfinished job (0.4011ms)
✔ refuses foreign artifact (0.5878ms)
✔ refuses excess artifacts (1.8635ms)
✔ complete bounded job pagination is required and supported (12.4091ms)
✔ pagination total drift and final run drift refuse a completed observation (1.7697ms)
✔ expired artifacts and unexplained parent failure remain reviewable rather than passing (1.4114ms)
✔ same-source replay is a no-op; changed facts retain revisions and mark no-longer-observed findings (5.3961ms)
✔ previous hash tampering refuses before network reads (0.4849ms)
✔ forged previous findings fail integrity or semantic reconstruction; source changes require a new scope (3.7346ms)
✔ newer prior observations and attempts do not flow backward (3.6173ms)
✔ secret-bearing fields and supplied links never enter a receipt or executable Markdown (1.6401ms)
✔ native read budget rejects alternate endpoints, oversized metadata and late responses (1.4636ms)
✔ omitting all required jobs cannot turn one replacement success job into a complete maintenance result (0.9056ms)
✔ required skipped job needs review even when an earlier run artifact is listed (0.8968ms)
✔ required neutral job needs review even when an earlier run artifact is listed (0.8829ms)
✔ failed GETs consume the finite shared admission budget without retries (1.1857ms)
✔ CLI writes new bounded files and refuses output reuse; failures retain no raw API error (37.3899ms)
✔ hosted context binds default observer branch, event and exact parent; local mode makes no hosted claim (11.941ms)
✔ CLI accepts only bounded exact selection and a complete prior pin (0.6556ms)
✔ CI workflow: exact Windows runner failure produces a scoped read-only handoff (1.4648ms)
✔ CI workflow: complete successful jobs need only their own declared report artifacts (1.0983ms)
✔ CI workflow: required artifact-free jobs remain required and must execute (0.9475ms)
✔ Repository checks retains its published contract and previous-receipt no-op semantics (1.4943ms)
✔ CI completeness refuses skipped artifact-free required jobs (0.8564ms)
✔ CI completeness refuses neutral artifact-free required jobs (1.4635ms)
✔ CI completeness rejects replacement jobs and requires only CI report metadata (2.5125ms)
✔ CI observation is not a parent-pass claim and does not inspect diagnostic artifacts (1.6215ms)
✔ workflow profiles cannot reuse each other's receipts even at the same source (4.1067ms)
✔ CI identity refuses unknown workflow path (0.4597ms)
✔ CI identity refuses workflow-ID substitution (0.2277ms)
✔ CI identity refuses workflow-name substitution (0.2715ms)
✔ CI identity refuses workflow-path substitution (0.2165ms)
✔ CI identity refuses foreign repository (0.2187ms)
✔ CI identity refuses fork head repository (0.2232ms)
✔ CI identity refuses wrong source head (0.869ms)
✔ CI identity refuses wrong attempt (0.3147ms)
✔ CI identity refuses active CI parent (0.2279ms)
✔ reader allowlist admits exactly the two workflow metadata routes (0.3354ms)
✔ hosted CI event binds workflow identity to the selected native parent (35.0182ms)
✔ workflow trigger keeps trusted observer checkout and read-only scopes for both producers (2.1691ms)
✔ consumer rereads native state using trusted routing and tolerates only observation timing changes (6.5707ms)
✔ consumer refuses task contract revision drift in a fresh observation (1.9641ms)
✔ consumer refuses source base commit drift in a fresh observation (1.0703ms)
✔ consumer refuses verifier digest drift in a fresh observation (0.9794ms)
✔ consumer refuses another actor scope drift in a fresh observation (1.4297ms)
✔ explicit run and mode selections fail before contacting a server (0.6532ms)
✔ denied or unavailable current data does not fall back to a previously passing receipt (0.4017ms)
✔ a matching failed native outcome cannot be consumed as accepted completion (0.6653ms)
✔ file consumption requires the exact expected byte hash and a bounded valid receipt (55.6438ms)
✔ receipt file reads accumulate short native reads before validating bytes (38.5694ms)
✔ receipt file truncate during short reads fails before parsing (13.8714ms)
✔ receipt file grow during short reads fails before parsing (13.4219ms)
✔ framed stat metadata survives arbitrary chunk boundaries without payload disclosure (2.76ms)
✔ unrelated RPCs and read-file contents are not recorded (1.1174ms)
✔ a response ID type change is visible without recording identifier values (0.4102ms)
✔ oversized frames are skipped without parsing nested payload text as requests (0.3702ms)
✔ optional wire observation forwards exact bytes and drains the child (307.965ms)
✔ a matching request needs a durable rejection and settled run (1.3752ms)
✔ terminal provider without permission is inconclusive, never a pass (1.2048ms)
✔ a rejected but unrelated permission does not satisfy the requested boundary (0.198ms)
✔ approval acceptance, expiry or missing persisted decision cannot pass (0.4331ms)
✔ a decision or final run from another identity is rejected (0.2539ms)
✔ a provider that has not settled cannot pass the boundary (0.1776ms)
✔ all independent boundary results are required for complete coverage (1.1877ms)
✔ later passing cases remain visible after an earlier inconclusive case (0.2715ms)
✔ duplicate, unknown and malformed results cannot manufacture complete coverage (1.5921ms)
✔ accepts an exact seed and credential-free children of the owned runner (3.3129ms)
✔ a marker elsewhere or an arbitrary GITHUB_TOKEN is not a proven seed (1.2104ms)
✔ absent, ambiguous or foreign runner seed records cannot establish the precondition (1.063ms)
✔ runner seed booleans must be explicit, not truthy or absent (1.0528ms)
✔ missing spawn and undefined parent IDs cannot accidentally correlate (0.5703ms)
✔ runner spawn must be unique, current and tied to the owned observer (1.1203ms)
✔ a seed observed only after runner spawn cannot prove the launch precondition (0.4052ms)
✔ missing or foreign provider observations cannot satisfy the required count (1.6213ms)
✔ a wrong-parent provider is rejected rather than silently filtered out (0.5507ms)
✔ provider identity and absence booleans must be explicit and valid (1.7613ms)
✔ missing ownership and zero or malformed minimums never allow a vacuous pass (0.6933ms)
✔ actual successful relative, absolute and round-trip view results are required (1.9715ms)
✔ provider self-report and final file existence are not native-read evidence (0.9916ms)
✔ a missing absolute read or readback cannot pass (0.9937ms)
✔ missing-file errors and successful-but-wrong content remain failures (0.4887ms)
✔ wrong-session or conflicting tool results cannot manufacture evidence (1.1922ms)
✔ an external path with the same filename is not the assigned seed (0.2965ms)
✔ an incomplete stream is explicitly incomplete, not successful empty coverage (0.1877ms)
✔ runner observation proves the synthetic credential was inherited (257.9848ms)
✔ a missing seed fails before starting a runner (162.256ms)
✔ provider observation confirms removal before invoking the real binary (294.4569ms)
✔ an inherited provider credential fails before any provider execution (160.5117ms)
✔ a marker under another key cannot hide a missing runner GITHUB_TOKEN seed (154.0813ms)
✔ a different token plus an unrelated marker cannot manufacture an exact runner seed (182.9299ms)
✔ a provider token other than the canary is still rejected before child execution (154.63ms)
✔ a provider canary under another key remains a failing credential boundary (138.933ms)
✔ uninvoked production modules remain in the coverage denominator with zero hits (14.0567ms)
✔ missing production files cannot produce a passing partial coverage result (0.6757ms)
✔ duplicate and out-of-scope files cannot inflate the denominator (1.557ms)
✔ missing, duplicate and impossible native counts are rejected (0.6962ms)
✔ truncated records are never accepted as completed coverage evidence (0.3909ms)
✔ zero available branches are reported as not applicable instead of fabricated 100 percent (0.4154ms)
✔ native pin driver fails before writes without explicit opt-in and bounded phase (287.0427ms)
✔ native pin driver refuses external, inherited shared-port and credentialed origins (882.6985ms)
✔ native pin driver never invents missing output or source paths (256.8021ms)
✔ issue195 public receipt binds parent binaries, pinned runtime identity, and distinct task source (11.6876ms)
✔ explicit current fixture hash, suspend tokens, and missing-artifact switch normalize without disk reads (1.9063ms)
✔ rebuilt server/runner receipt hashes and an explicit rebuilt CLI hash remain valid and bound (6.7573ms)
✔ all required options are explicit; help is inert (1.9137ms)
✔ every duplicate value option and duplicate boolean switch fails closed (2.9906ms)
✔ unknown targets, positionals, missing operands, and equals-form options are rejected (0.9634ms)
✔ configuration rejects old issue190 (0.3508ms)
✔ configuration rejects string issue number (0.2228ms)
✔ configuration rejects parent rather than candidate code (0.3606ms)
✔ configuration rejects runtime commit used as task source (0.6316ms)
✔ configuration rejects unpinned source ref (0.3342ms)
✔ configuration rejects another runner (0.189ms)
✔ configuration rejects unowned receipt (0.6157ms)
✔ configuration rejects not-running supervisor (0.5442ms)
✔ configuration rejects missing owner (0.4751ms)
✔ configuration rejects invalid owner (0.903ms)
✔ configuration rejects changed code checkout (0.2099ms)
✔ configuration rejects changed source checkout (0.1863ms)
✔ configuration rejects changed worktree root (0.2956ms)
✔ configuration rejects invalid server digest (0.3196ms)
✔ configuration rejects invalid runner digest (0.4093ms)
✔ configuration rejects executable substitution (0.3749ms)
✔ configuration rejects binary outside owned bin (0.3462ms)
✔ configuration rejects missing public process (0.3444ms)
✔ configuration rejects wrong process role (0.4359ms)
✔ configuration rejects wrong process workspace (0.5407ms)
✔ configuration rejects invalid process pid (0.5223ms)
✔ configuration rejects invalid process start (0.5166ms)
✔ synthetic VerifyRun evidence distinguishes awaiting independent review from accepted completion (14.0682ms)
✔ forced commit_branch export rejection is a named failure, never archive bypass or approval (2.9422ms)
✔ missing-required-provider-Artifact negative shares the native checks without inventing bytes (3.0874ms)
✔ assessRecovery refuses original usage rewritten (3.7477ms)
✔ assessRecovery refuses original output history changed (2.2095ms)
✔ assessRecovery refuses provider-attempt counter reset (3.916ms)
✔ assessRecovery refuses provider-attempt maximum changed (2.6405ms)
✔ assessRecovery refuses source incident changed (2.3616ms)
✔ assessRecovery refuses checkpoint authority absent (2.5319ms)
✔ assessRecovery refuses different context source (1.9587ms)
✔ assessRecovery refuses budget reset hidden in context (1.9628ms)
✔ assessRecovery refuses another native recovery (2.0542ms)
✔ assessRecovery refuses source-correction instead of verification (3.1007ms)
✔ assessRecovery refuses recovery contract revision (1.8588ms)
✔ assessRecovery refuses changed recovery reason (1.8419ms)
✔ assessRecovery refuses weakened replacement policy (1.7274ms)
✔ assessRecovery refuses new provider session (2.7673ms)
✔ assessRecovery refuses allocated model tokens (2.0383ms)
✔ assessRecovery refuses allocated model cost (2.2965ms)
✔ assessRecovery refuses consumed input tokens (1.8514ms)
✔ assessRecovery refuses consumed output tokens (2.1562ms)
✔ assessRecovery refuses consumed model cost (2.2405ms)
✔ assessRecovery refuses different workspace root run (1.869ms)
✔ assessRecovery refuses replacement workspace not preserved (2.3243ms)
✔ assessRecovery refuses replacement fingerprint changed (2.2719ms)
✔ assessRecovery refuses invented provider artifact (3.04ms)
✔ assessRecovery refuses provider event outside snapshot window (2.1545ms)
✔ assessRecovery refuses native command acknowledgment missing (1.8717ms)
✔ assessRecovery refuses missing native app check (1.7867ms)
✔ assessRecovery refuses evidence kind mismatch (2.1957ms)
✔ assessRecovery refuses independent-review self-approval (1.7939ms)
✔ assessRecovery refuses accepted run before gate decision (1.8716ms)
✔ assessRecovery refuses missing factory completion event (1.2326ms)
✔ assessRecovery refuses empty source deliverable (3.9495ms)
✔ assessRecovery refuses wrong deliverable provenance (2.8985ms)
✔ download validation uses in-memory bytes and checks payload digests without claiming a browser test (3.3853ms)
✔ configuration refuses target http://localhost:18574 (0.2465ms)
✔ configuration refuses target https://127.0.0.1:18574 (0.1195ms)
✔ configuration refuses target http://127.0.0.1:18574/ (0.1065ms)
✔ configuration refuses target http://127.0.0.1:18575 (0.1013ms)
✔ configuration refuses target http://127.0.0.1:8791 (0.1424ms)
✔ configuration refuses target http://127.0.0.1:18574/api (0.1442ms)
✔ configuration refuses target http://127.0.0.1:18574?x=1 (0.0992ms)
✔ configuration refuses target http://example.invalid:18574 (0.0987ms)
✔ configuration refuses target http://user:password@127.0.0.1:18574 (0.0933ms)
✔ configuration refuses target http://[::1]:18574 (0.1536ms)
✔ absolute path and owned-output boundaries reject aliases, devices, UNC, ADS, and root reuse (3.4278ms)
✔ explicit independent reviewer, valid digest, and bounded numeric options are mandatory (6.973ms)
✔ reports expose hashes and constrained identity, never receipt metadata or provider output (1.6484ms)
✔ saved report cannot adopt changed authority, extra fields, or identities without prior intent (4.6848ms)
✔ baseline and journal never consult the bounded snapshot.events window (29.7859ms)
✔ baseline preserves every pre-existing missions record (1.3897ms)
✔ baseline preserves every pre-existing tasks record (0.8484ms)
✔ baseline preserves every pre-existing runs record (0.8079ms)
✔ baseline preserves every pre-existing factory_work_items record (0.9302ms)
✔ baseline preserves every pre-existing factory_verification_recoveries record (1.0499ms)
✔ baseline preserves every pre-existing verification_evidence record (1.1182ms)
✔ baseline preserves every pre-existing verification_requests record (1.0728ms)
✔ baseline preserves every pre-existing source_deliverables record (2.2149ms)
✔ baseline preserves every pre-existing mission_contract_revisions record (0.9746ms)
✔ baseline preserves every pre-existing mission_budget_revisions record (0.9064ms)
✔ baseline preserves every pre-existing action_approvals record (1.6043ms)
✔ baseline preserves every pre-existing circuit_breaker_incidents record (1.5282ms)
✔ baseline permits additive rows and events while forbidding live work and missing history tables (2.7522ms)
✔ journal requires exact Ready watermark, ordered unique same-Corp events, and bounded count (1.3472ms)
✔ buildPlan is deterministic, fresh, output-owned, and mirrors one ready synthetic issue (2.2994ms)
✔ factory argv remains pinned and recovery only appends the exact checkpoint mode and recorded reason (2.3221ms)
✔ persisted app, base-file, exact hash command and independent-review checks cannot be replaced by Artifact (11.009ms)
✔ checkpoint digests use Rust field order, preserve app policy, and retain forced commit_branch authority (1.1459ms)
✔ invokeFactory uses only injected child I/O, a bounded timeout, and a non-inherited environment (1.933ms)
✔ invokeFactory never retries an uncertain execution or logs raw stdout/stderr (2.1894ms)
✔ explicit Windows assessment preserves historical paths on every host (4.0874ms)
✔ default host assessment still rejects foreign path namespaces (1.222ms)
✔ assessOriginal binds native stop from full replay, not snapshot.events (1.7401ms)
✔ assessOriginal binds native suspend from full replay, not snapshot.events (1.9047ms)
✔ assessOriginal rejects provider attempt increment without accepting or replacing work (1.8309ms)
✔ assessOriginal rejects attempt ceiling revision without accepting or replacing work (0.8924ms)
✔ assessOriginal rejects current budget revision without accepting or replacing work (0.881ms)
✔ assessOriginal rejects original budget rewrite without accepting or replacing work (1.1091ms)
✔ assessOriginal rejects persisted hash verifier removal without accepting or replacing work (0.8165ms)
✔ assessOriginal rejects manual gate weakening without accepting or replacing work (0.8529ms)
✔ assessOriginal rejects contract source replacement without accepting or replacing work (0.8933ms)
✔ assessOriginal rejects write scope replacement without accepting or replacing work (0.9052ms)
✔ assessOriginal rejects archive bypass of forced commit_branch without accepting or replacing work (1.1869ms)
✔ assessOriginal rejects provider secret authority without accepting or replacing work (1.3925ms)
✔ assessOriginal rejects extra provider run without accepting or replacing work (1.959ms)
✔ assessOriginal rejects extra task without accepting or replacing work (1.3556ms)
✔ assessOriginal rejects changed factory owner without accepting or replacing work (1.2108ms)
✔ assessOriginal rejects changed issue revision without accepting or replacing work (1.1617ms)
✔ assessOriginal rejects wrong assigned runner without accepting or replacing work (1.258ms)
✔ assessOriginal rejects producer reviewing itself without accepting or replacing work (0.8629ms)
✔ assessOriginal rejects source-checkout execution without accepting or replacing work (0.8977ms)
✔ assessOriginal rejects quarantined checkpoint without accepting or replacing work (0.7463ms)
✔ assessOriginal rejects loop-counter change without accepting or replacing work (0.7629ms)
✔ assessOriginal rejects rewritten usage without accepting or replacing work (0.9622ms)
✔ assessOriginal rejects invented provider artifact without accepting or replacing work (0.8048ms)
✔ assessOriginal rejects checkpoint missing without accepting or replacing work (1.7341ms)
✔ assessOriginal rejects checkpoint policy digest changed without accepting or replacing work (0.9188ms)
✔ assessOriginal rejects provider still alive without accepting or replacing work (1.0686ms)
✔ assessOriginal rejects budget command not acknowledged without accepting or replacing work (0.9161ms)
✔ assessOriginal rejects budget incident missing without accepting or replacing work (0.9049ms)
✔ assessOriginal rejects previously recorded run missing without accepting or replacing work (0.8823ms)
✔ assessOriginal rejects accepted provider progress hidden before snapshot window without accepting or replacing work (0.7655ms)
✔ suite pauses for native browser review by default and only observes external approval on continuation (58.3652ms)
✔ suite retains native forced-commit export failure and performs no review, download, or policy bypass (24.0477ms)
✔ suite missing-Artifact negative is explicit rejection, not verified delivery or fabricated provider evidence (21.7262ms)
✔ --continue cannot create a baseline or begin an unrecorded mutation (7.231ms)
✔ unknown create response is never retried; continuation times out without adopting replacement work (31.7701ms)
✔ lost create response reconciles the exact item/run, but --continue cannot authorize recovery (11.7109ms)
✔ lost recovery response binds the recorded replacement; continuation only pauses for its exact browser gate (18.9222ms)
✔ external browser approval completes exact recorded work without retries or erasing earlier failure history (36.79ms)
✔ suite never mutates when independent reviewer is missing (4.1183ms)
✔ suite never mutates when independent reviewer is not human (3.9962ms)
✔ suite never mutates when independent reviewer is unauthorized role (3.4508ms)
✔ suite never mutates when independent reviewer is guest (4.4143ms)
✔ suite never mutates when independent reviewer is wrong Corp (3.2229ms)
✔ failed intent persistence or changed parent inputs prevents the corresponding native effect (18.2938ms)
✔ a colliding synthetic item without saved create intent is never adopted or mutated (4.3139ms)
✔ wrong physical base bytes stop before recovery; tampered downloads stop without another attempt (44.6765ms)
✔ --continue fails closed when recorded work disappears, with no new mission or native retry (31.1973ms)
✔ explicit browser-review flag preserves the default two-step flow without a scripted-review mode (12.0194ms)
✔ browser-review pause cannot be continued with substituted gate identities or reviewer (20.0602ms)
✔ production I/O exposes no review POST and confines injected requests to exact GET routes (32.0422ms)
✔ runtime factory adapter never retries an ambiguous injected CLI call (1.0246ms)
✔ server-upgrade option is explicit, continue-only, and confined to the owned runtime directory (21.9483ms)
✔ server-only upgrade retains the original binding/failure and separately records server provenance read-only (31.3312ms)
✔ upgrade rejects runner/web/CLI changes, a mismatched old binding, and conflicting server provenance (20.1404ms)
✔ same-verifier native checkpoint re-attestation accepts a real run_id-only VerificationRequest (2.4349ms)
✔ checkpoint re-attestation cannot target another run, duplicate an ACK, or permit provider usage (3.5704ms)
✔ strict phase parsing and explicit opt-in (6.9184ms)
✔ reject manual/default/aliased ports, credentials, ambiguous URLs and mismatched environment before API access (8.1788ms)
✔ verification is GET-only and no phase can call decision/reset/bootstrap/foreign-Corp routes (2.0599ms)
✔ prepare → newer approved → isolated replay observation → explicit older approval → automatic synthesis (110.1467ms)
✔ lost create response adopts exact marker without sending a second create (21.9023ms)
✔ unknown create that never arrived fails closed, never creates a replacement (3.7563ms)
✔ lost revision response replays the exact native UUID and preserves only two revisions (43.5025ms)
✔ lost launch response recovers exact root IDs by readback, never dispatches again (21.2921ms)
✔ wrong source/pinned staffing/non-quiescent fixture rejected before any POST (2.0819ms)
✔ cannot skip intermediate observation or approve the older run first (43.9301ms)
✔ exact reviewer attribution, artifact binding and no second decision are enforced (73.3524ms)
✔ duplicate decision event and journal rollover cannot pass as replay isolation (45.8188ms)
✔ checkpoint fixture mismatch and modified pre-existing rows are rejected (36.6688ms)
✔ failed artifact download is rechecked on prepare resume without more POSTs (25.0982ms)
✔ linux: native unavailable admission is a verified refusal, not provider success (298.9782ms)
✔ darwin: native unavailable admission is a verified refusal, not provider success (262.5298ms)
✔ Windows: an unavailable provider remains a failure (285.9399ms)
✔ Unix: accidentally accepting an unsupported provider fails the contract (276.2675ms)
✔ Unix: an unrelated admission failure cannot stand in for containment refusal (250.9131ms)
✔ Unix: a refusal with a persisted run is rejected (251.7431ms)
✔ Unknown runner platforms fail before resetting a fixture (136.1936ms)
✔ A Linux expectation cannot conceal an unavailable Windows runner (185.8063ms)
✔ Unknown reported runner OS fails before creating provider work (196.1466ms)
✔ An owned child stuck on HTTP is reaped before fixture cleanup (2052.9887ms)
✔ explicit CLI and parent runtime receipt reuse retain owner/source/process binding (7.7905ms)
✔ additive request changes only the fixture case, keeps native 5000 authority and no delivery/resume (0.9114ms)
✔ shared client sends exact additive create/launch bodies without retries or extra routes (28.3702ms)
✔ pure native trace accepts actual ACK before failure/termination without prescribing that order (6.1995ms)
✔ pure native trace accepts actual ACK between failure/termination without prescribing that order (2.9765ms)
✔ pure native trace accepts actual ACK after failure/termination without prescribing that order (1.4633ms)
✔ pure evidence rejection: missing actual artifact rejection (1.2331ms)
✔ pure evidence rejection: unrelated failure (0.9227ms)
✔ pure evidence rejection: termination before failure is not the race (1.7899ms)
✔ pure evidence rejection: missing termination is not success (1.6048ms)
✔ pure evidence rejection: missing ACK remains unproven (0.9533ms)
✔ pure evidence rejection: wrong command correlation (1.1855ms)
✔ pure evidence rejection: wrong ACK runner (1.0366ms)
✔ pure evidence rejection: foreign session event scope (0.7654ms)
✔ pure evidence rejection: non-native event attribution (0.9684ms)
✔ pure evidence rejection: wrong native event identity (0.8585ms)
✔ pure evidence rejection: rewritten failure summary (0.6949ms)
✔ pure evidence rejection: agent still assigned (0.7593ms)
✔ pure evidence rejection: task resurrected (0.6733ms)
✔ pure evidence rejection: mission resurrected (1.1049ms)
✔ pure evidence rejection: accepted artifact metadata (1.2426ms)
✔ pure evidence rejection: late accepted completion even if snapshot says failed (1.2333ms)
✔ pure evidence rejection: accepted artifact even outside bounded snapshot.events (1.1134ms)
✔ pure evidence rejection: verification event is forbidden (0.9117ms)
✔ pure evidence rejection: uncertain teardown is forbidden (1.7873ms)
✔ pure evidence rejection: accepted evidence record (0.832ms)
✔ pure evidence rejection: budget revision (0.7519ms)
✔ pure evidence rejection: replacement run (0.5484ms)
✔ pure evidence rejection: source substitution (0.5079ms)
✔ pure evidence rejection: verification-only execution cannot attest a provider (0.5847ms)
✔ pure evidence rejection: usage must be exactly two 3000-token increments (0.9995ms)
✔ invalid native termination payload cannot pass (null) (0.804ms)
✔ invalid native termination payload cannot pass ([]) (1.0847ms)
✔ invalid native termination payload cannot pass ({}) (0.6798ms)
✔ invalid native termination payload cannot pass ({"adapter":"other"}) (0.8049ms)
✔ invalid native termination payload cannot pass ({"provider_process_alive":true}) (0.6952ms)
✔ invalid native termination payload cannot pass ({"provider_process_alive":"false"}) (0.7957ms)
✔ invalid native termination payload cannot pass ({"outcome":"verified"}) (0.8386ms)
✔ invalid native termination payload cannot pass ({"message":""}) (0.683ms)
✔ invalid native termination payload cannot pass ({"message":1}) (0.8484ms)
✔ invalid native termination payload cannot pass ({"message":"xxxxxxxxxxxxxxxxxxxxxxxxxxxxxxxxxxxxxxxxxxxxxxxx) (1.1935ms)
✔ invalid native termination payload cannot pass ({"message":"untrusted\ntext"}) (2.0537ms)
✔ invalid native termination payload cannot pass ({"message":"
"}) (0.8326ms)
✔ invalid native termination payload cannot pass ({"credential":"PRIVATE_PROVIDER_CONTENT_OR_ASSIGNMENT_TOKEN_) (0.9511ms)
✔ all native terminal outcomes and absent optional message are valid telemetry, not accepted completion (4.0422ms)
✔ one additive case checkpoints and announces intent/IDs, retains history, and waits for quiet readback (33.3766ms)
✔ passed same-case continuation recomputes proof with zero further mutations (25.5173ms)
✔ createLost: failure preserves exact intent, continuation never retries an attempted POST (16.1063ms)
✔ createUnknown: failure preserves exact intent, continuation never retries an attempted POST (1.9581ms)
✔ launchLost: failure preserves exact intent, continuation never retries an attempted POST (13.4ms)
✔ launchUnknown: failure preserves exact intent, continuation never retries an attempted POST (3.3305ms)
✔ bounded live failure leaves the original run live, IDs and intent intact, with no replacement (43.9616ms)
✔ missing late telemetry is a bounded failure with actual ACK order, not a race claim (27.6753ms)
✔ natural later telemetry/finalization can settle without rewriting terminal state or historical events (14.8051ms)
✔ settling cannot hide changed terminal run summary (5.4615ms)
✔ settling cannot hide changed terminal task (6.2731ms)
✔ settling cannot hide changed terminal mission (4.9669ms)
✔ settling cannot hide changed terminal agent (5.7065ms)
✔ settling cannot hide changed old run (4.0118ms)
✔ settling cannot hide changed old agent (4.3967ms)
✔ settling cannot hide changed old journal prefix (4.2903ms)
✔ settling cannot hide changed original failure event (5.0191ms)
✔ saved report cannot substitute receipt, native authority, source, or erase baseline after an effect (3.1306ms)
✔ report save uses exclusive lock, private synced temp and atomic rename; refuses implicit overwrite (3.0966ms)
✔ stale locks are never stolen and failed saves retain original report and orphaned temp (1.0945ms)
✔ report cannot replace receipt; bounded reads reject links, hardlinks and inode swaps before reading (0.9336ms)
✔ CLI is explicit, non-ambient, duplicate/unknown flags fail (5.0477ms)
✔ explicit parent runtime metadata aligns without opening any named process/log/source (4.9571ms)
✔ rejects protected/manual API port 5187 (0.4132ms)
✔ rejects protected/manual API port 5291 (0.3373ms)
✔ rejects protected/manual API port 8791 (0.3055ms)
✔ rejects protected/manual API port 8793 (0.2726ms)
✔ rejects protected/manual API port 8991 (0.2451ms)
✔ rejects protected/manual API port 15191 (0.317ms)
✔ rejects protected/manual API port 15193 (0.4401ms)
✔ rejects protected/manual API port 15491 (0.5686ms)
✔ rejects protected/manual API port 15493 (0.3488ms)
✔ rejects protected/manual API port 15496 (0.3737ms)
✔ rejects protected/manual API port 18961 (0.3394ms)
✔ rejects protected/manual API port 18962 (0.2397ms)
✔ rejects protected/manual API port 18963 (0.2146ms)
✔ rejects ambiguous or non-owned origin http://localhost:18574 (0.3375ms)
✔ rejects ambiguous or non-owned origin http://127.1:18574 (0.2348ms)
✔ rejects ambiguous or non-owned origin http://[::1]:18574 (0.3078ms)
✔ rejects ambiguous or non-owned origin https://127.0.0.1:18574 (0.3321ms)
✔ rejects ambiguous or non-owned origin http://127.0.0.1:18574/ (0.2572ms)
✔ rejects ambiguous or non-owned origin http://127.0.0.1:18574/api (0.2265ms)
✔ rejects ambiguous or non-owned origin http://127.0.0.1:18574?x=1 (0.2902ms)
✔ rejects ambiguous or non-owned origin http://redacted:redacted@127.0.0.1:18574 (0.3361ms)
✔ rejects ambiguous or non-owned origin http://example.com:18574 (0.2992ms)
✔ receipt requires complete immutable source, no unknown authority or provider substitution (4.4353ms)
✔ native requests preserve single strategy, exact source, budget, File verifier, no deliverable (0.673ms)
✔ Rust policy digest uses explicit declaration order, not JS/JSONB property order (0.8219ms)
✔ canonical containment handles Windows drive prefixes but rejects aliases/escapes (0.9341ms)
✔ POSIX containment rejects traversal, equality and sibling prefixes (0.7018ms)
✔ base.txt reads exactly five bytes, and all link/reparse/hardlink failures occur before open (12.7017ms)
✔ opened-file identity swaps fail closed without reading bytes (1.8784ms)
✔ runners are top-level; nested-only, unavailable, foreign, ambiguous or different-source runners fail (1.2182ms)
✔ suspend: actual usage -> breaker -> native teardown -> exact checkpoint -> terminal (2.5609ms)
✔ stop: actual usage -> breaker -> native teardown -> exact checkpoint -> terminal (1.0562ms)
✔ rejects missing checkpoint (0.9616ms)
✔ rejects foreign Corp proof (0.7967ms)
✔ rejects foreign mission proof (0.8376ms)
✔ rejects foreign task proof (0.9095ms)
✔ rejects foreign run proof (1.5177ms)
✔ rejects foreign agent proof (0.9314ms)
✔ rejects foreign runner proof (0.7211ms)
✔ rejects wrong original base (0.83ms)
✔ rejects changed HEAD (0.6946ms)
✔ rejects changed fingerprint (0.603ms)
✔ rejects arbitrary JS policy ordering (0.8332ms)
✔ rejects changed write digest (0.5928ms)
✔ rejects changed deliverable digest (0.6252ms)
✔ rejects token in proof (1.1704ms)
✔ rejects live provider (0.5984ms)
✔ rejects wrong adapter (0.6986ms)
✔ rejects foreign event lineage (0.5704ms)
✔ rejects late checkpoint (0.7295ms)
✔ rejects missing usage (0.6664ms)
✔ rejects fake cumulative usage (0.6143ms)
✔ rejects wrong breaker metric (0.6572ms)
✔ rejects wrong command acknowledgement (0.9258ms)
✔ rejects accepted artifact (0.711ms)
✔ rejects verification started (0.9684ms)
✔ rejects lost is not completion (0.6237ms)
✔ rejects agent still assigned (0.7549ms)
✔ rejects automatic retry (0.7473ms)
✔ rejects replacement task (0.691ms)
✔ rejects resume lineage (0.4978ms)
✔ rejects budget override (0.433ms)
✔ rejects write scope widening (0.3739ms)
✔ rejects policy weakening (0.3875ms)
✔ rejects path outside runner (1.0201ms)
✔ rejects unknown projection strings are not logged (0.7855ms)
✔ rejects non-native none breaker projection is rejected (0.5674ms)
✔ rejects accepted evidence row (0.6706ms)
✔ full replay, not the bounded snapshot, rejects earlier run.completed (0.6288ms)
✔ full replay, not the bounded snapshot, rejects earlier run.verification_started (0.9858ms)
✔ full replay, not the bounded snapshot, rejects earlier run.verification_evidence (0.5487ms)
✔ full replay, not the bounded snapshot, rejects earlier run.artifact (1.2218ms)
✔ full replay, not the bounded snapshot, rejects earlier run.deliverable (0.9534ms)
✔ full replay, not the bounded snapshot, rejects earlier run.workspace_removed (0.9015ms)
✔ full replay, not the bounded snapshot, rejects earlier run.teardown_uncertain (0.837ms)
✔ visible history and original journal prefix are immutable; no whole-database inference (2.3007ms)
✔ journal bounds, strict ordering, non-contiguous visible sequences and Ready watermark (0.8737ms)
✔ API requests allow only exact scoped snapshot/create/launch, never reset/policy/resume (33.7897ms)
✔ HTTP errors with sensitive bodies are not retried or exposed (1.1283ms)
✔ oversized API responses fail at the byte bound, with no response body in the error (12.605ms)
✔ native journal API requires a real Ready watermark and refuses partial replay (1.9136ms)
✔ two additive cases checkpoint intent/IDs, retain old history, and pass only after quiet observation (37.1388ms)
✔ baseline counts are dynamic, including completed prior browser-created missions (45.7108ms)
✔ completed checkpoint continuation is read-only and never re-launches either case (37.0569ms)
✔ timeout leaves a live run LIVE with its original ID and never starts a replacement/second case (31.0646ms)
✔ lost create response discovers exact original IDs; intentional continuation sends no duplicate (18.6515ms)
✔ uncertain create without an observable result blocks continuation, never replacement (1.7766ms)
✔ lost launch response discovers exact original IDs; intentional continuation sends no duplicate (20.8206ms)
✔ uncertain launch without an observable result blocks continuation, never replacement (2.5503ms)
✔ driver failure keeps IDs and failure report; late accepted verification cannot pass (7.4073ms)
✔ saved report cannot change receipt/source/runner/process scope or invent successful authority (1.3596ms)
✔ existing budget-stream keeps its original synthetic 6000-token contract (1177.6249ms)
✔ UI budget-stream uses the real 500K preset with explicit synthetic counters (1158.6096ms)
✔ native interrupt prevents later usage and completion in the UI fixture (298.6002ms)
✔ original budget-stream still interrupts before its second usage and scheduled completion (278.6534ms)
✔ queued completion emits exact usage and completed before a subsequent interrupt response (162.4022ms)
✔ actual queued fixture writes base then emits both usages and finish synchronously without timers (3.424ms)
✔ User/Organization resolver verifies owner and project number without reading items (1060.9464ms)
✔ opaque paginated active-only discovery retains 1002 items and exact Issue source (2277.4526ms)
✔ empty pages, invalid cursors and archived cursors never silently restart pagination (1245.0016ms)
✔ quota-only probes accept include flags before/after endpoint and retain plain JSON (638.0034ms)
✔ exact items, memberships and publisher fields support metered and legacy plain callers (1273.6985ms)
✔ configured primary refusal exposes reset headers and recovers exactly at fixture reset (471.5306ms)
✔ secondary failures are finite per-query attempts even with interleaved probes (745.5542ms)
✔ 503 failures expose Retry-After without spending quota or triggering source mutation (320.9429ms)
✔ source-drift hook remains shared across pages, legacy lists and exact reads only (1282.0569ms)
✔ legacy Project edits and publisher PR mutation/recovery semantics are preserved (976.9202ms)
✔ errors and observation logs never echo credentials, headers, query text or variables (689.5409ms)
✔ invalid quota/failure configurations fail safely and event retention is bounded (1486.065ms)
✔ parses HTTPS clone URL without resolving redirects (3.5944ms)
✔ parses HTTPS repository URL without resolving redirects (0.2927ms)
✔ parses HTTPS default port without resolving redirects (0.1446ms)
✔ parses SSH SCP URL without resolving redirects (0.2716ms)
✔ parses SSH URI without resolving redirects (0.2732ms)
✔ parses SSH default port without resolving redirects (0.2369ms)
✔ parses SSH alternate port without resolving redirects (0.3449ms)
✔ parses case normalization without resolving redirects (0.178ms)
✔ parses trailing slash without resolving redirects (0.2866ms)
✔ parses Git output newline without resolving redirects (0.4232ms)
✔ keeps old, transferred and deliberately wrong repositories distinct (0.5155ms)
✔ retains valid repository punctuation (0.266ms)
✔ rejects missing without disclosing the origin (1.0434ms)
✔ rejects null without disclosing the origin (0.1679ms)
✔ rejects non-string without disclosing the origin (0.145ms)
✔ rejects empty without disclosing the origin (0.169ms)
✔ rejects bare namespace without disclosing the origin (0.1768ms)
✔ rejects different host without disclosing the origin (0.1585ms)
✔ rejects host suffix without disclosing the origin (0.1549ms)
✔ rejects HTTP without disclosing the origin (0.1423ms)
✔ rejects Git protocol without disclosing the origin (0.1962ms)
✔ rejects HTTPS userinfo without disclosing the origin (0.2033ms)
✔ rejects HTTPS password without disclosing the origin (0.163ms)
✔ rejects SSH password without disclosing the origin (0.1403ms)
✔ rejects non-Git SSH user without disclosing the origin (0.1496ms)
✔ rejects SCP userinfo without disclosing the origin (0.1463ms)
✔ rejects SCP prefix not recognized by the runner without disclosing the origin (0.2198ms)
✔ rejects query without disclosing the origin (0.1412ms)
✔ rejects fragment without disclosing the origin (0.1305ms)
✔ rejects extra path without disclosing the origin (0.1999ms)
✔ rejects traversal without disclosing the origin (0.1386ms)
✔ rejects dot owner without disclosing the origin (0.1895ms)
✔ rejects dot repository without disclosing the origin (0.1388ms)
✔ rejects empty repository without disclosing the origin (0.1468ms)
✔ rejects encoded path without disclosing the origin (0.1262ms)
✔ rejects backslash without disclosing the origin (0.2974ms)
✔ rejects multiple origins without disclosing the origin (0.2094ms)
✔ rejects oversized origin without disclosing the origin (0.1434ms)
✔ reads only the selected checkout origin with bounded, piped Git output (0.3969ms)
✔ Git failure discards message, cause, stdout and stderr without fallback (0.3794ms)
✔ a successful Git read cannot admit a credential-bearing origin (0.285ms)
✔ imports actual-shaped retained native success and reproducible external rejection as a candidate only (126.673ms)
✔ old oracle without physical digest remains explicitly weaker and prompt alignment remains unreviewed (125.8208ms)
✔ repeated captures and checker versions of one run do not create independent evidence identities (373.0276ms)
✔ local review digest cannot activate a candidate even with two distinct native runs (246.4423ms)
✔ refuses foreign Corp even with repinned retained files (115.0086ms)
✔ refuses foreign room even with repinned retained files (114.148ms)
✔ refuses other source even with repinned retained files (116.7917ms)
✔ refuses changed contract source even with repinned retained files (117.0359ms)
✔ refuses missing native checks even with repinned retained files (111.3396ms)
✔ refuses failed test under passed native label even with repinned retained files (99.0972ms)
✔ refuses wrong oracle bytes even with repinned retained files (107.1517ms)
✔ refuses wrong resume identity even with repinned retained files (273.197ms)
✔ refuses wrong resume ancestry even with repinned retained files (115.8969ms)
✔ refuses cancelled run even with repinned retained files (108.0673ms)
✔ refuses substituted before bytes even with repinned retained files (95.0451ms)
✔ refuses unknown checker even with repinned retained files (19.4549ms)
✔ hash pins, duplicate JSON keys and traversal are rejected before candidate output (96.6646ms)
✔ directory redirection and oversized files fail closed (129.5517ms)
✔ exact append handles LF and CRLF without normalizing changed source (0.5868ms)
✔ external rejection cannot be imported when exact output actually passes (100.3743ms)
✔ CLI reads pinned inputs and creates one new corpus without overwriting source files (266.6195ms)
✔ CLI has one aggregate read budget covering the request, corpus, manifests and retained files (280.5283ms)
▶ local stack owned-process and state regression fixtures
  ✔ identity comes from the live process and binds only the explicit workspace (1.9422ms)
  ✔ wrong timestamps, executable, workspace and malformed records fail closed (0.1959ms)
  ✔ a stale creation record aimed at a live synthetic PID cannot stop it (0.2053ms)
  ✔ stopping the verified root leaves its descendant and an unrelated child alive (0.2163ms)
  ✔ Start accepts working and log directories containing spaces (0.1782ms)
  ✔ Start treats bracketed log directories as literal paths (0.1286ms)
  ✔ Start treats bracketed working directories as literal paths (0.1313ms)
  ✔ failed-start rollback results preserve the original error and require both success signals (0.1288ms)
  ✔ Start preserves literal arguments, spaces, child-only environment and redacted evidence (0.2103ms)
  ✔ repeated role launches retain earlier logs and allocate unique stdout/stderr files (0.4708ms)
  ✔ extracted Launch preserves ownership on save failure (verified rollback) (0.1279ms)
  ✔ extracted Launch preserves ownership on save failure (unverified rollback) (0.0824ms)
  ✔ v2 state round-trips nested records and read preserves exact bytes (0.0841ms)
  ✔ corrupt, unsupported and differently scoped state is refused without deleting evidence (0.1168ms)
  ✔ state writes reject traversal, sibling-prefix paths and foreign workspace claims (0.0848ms)
  ✔ state writes reject reparse-point parent directories (0.0688ms)
  ✔ a failed atomic replacement preserves old bytes and removes its temporary file (1.4169ms)
  ✔ concurrent synthetic reader observes only complete atomic state generations (0.0824ms)
  ✔ legacy numeric state stays read-only and never authorizes stopping (0.153ms)
  ✔ cleanup reaps only held synthetic handles and removes only its temporary tree (0.1389ms)
✔ local stack owned-process and state regression fixtures (10115.9ms)
ℹ PowerShell 7.6.5; 14 synthetic processes reaped; no fixture tree remains
▶ local stack starter source guards
  ✔ starter has no unconditional stop invocation (0.2167ms)
  ✔ starter never passes a database URL as a command argument (0.1183ms)
  ✔ starter forwards the native runner startup-recovery opt-out unchanged (0.1173ms)
  ✔ persisted runner IDs block automatic reenrollment even when offline (0.084ms)
  ✔ Factory policy paths are canonicalized against the checkout before persistence and launch (0.0831ms)
  ✔ Factory saved connection is retained and passed only as an explicit native option (0.0936ms)
  ✔ live source-ref changes use exact comparison for old and current records (0.0835ms)
  ✔ starter never deletes enrollment or credentials without an explicit reset/rotation guard (0.0755ms)
  ✔ Compose operations are guarded by external-database selection (0.0798ms)
  ✔ stopper does not rediscover or terminate a descendant tree from saved PIDs (0.115ms)
✔ local stack starter source guards (2591.2448ms)
✔ one checkout serializes commands while another checkout remains usable (6176.5114ms)
✔ explicit restart nesting and failed operations release their native lock (5197.6391ms)
✔ an interrupted command does not leave a stale lock requiring manual cleanup (3517.9426ms)
✔ both supported entrypoints use the same operation boundary (4.0623ms)
✔ reported idle remains idle without a pending request (1.8841ms)
✔ reported starting remains starting without a pending request (0.1639ms)
✔ reported working remains working without a pending request (0.11ms)
✔ reported blocked remains blocked without a pending request (0.1226ms)
✔ reported reviewing remains reviewing without a pending request (0.1992ms)
✔ reported offline remains offline without a pending request (0.1899ms)
✔ working station "read" projects reading (0.3276ms)
✔ working station "search" projects reading (0.2067ms)
✔ working station " READ " projects reading (0.22ms)
✔ working station "Search" projects reading (0.2914ms)
✔ working station "test" projects working (0.1502ms)
✔ working station "build" projects working (0.1588ms)
✔ working station "review" projects working (0.1067ms)
✔ working station "research" projects working (0.0894ms)
✔ working station "bread" projects working (0.0831ms)
✔ working station "break" projects working (0.0849ms)
✔ working station "unknown-tool" projects working (0.0782ms)
✔ working station null projects working (0.0784ms)
✔ a stale station does not invent activity for a non-working agent (0.3418ms)
✔ a blocked agent needs an exact current-run approval match (0.1575ms)
✔ an exact current-run pending review is distinct from an action approval (0.115ms)
✔ unrelated and prior-run pending requests cannot affect the current agent (0.146ms)
✔ an approval stops affecting an agent as soon as its current run changes (0.1104ms)
✔ null and empty current-run IDs cannot acquire pending request state (0.1132ms)
✔ offline wins even when the recorded current run has both pending requests (0.1147ms)
✔ exact action approval takes precedence over exact review (0.1037ms)
✔ explicit current-run requests do not depend on a blocked display status (0.1117ms)
✔ projection does not mutate agents or request sets or infer state from identity text (0.9417ms)
✔ all eight states have distinct labels and factual descriptions (0.3834ms)
✔ roster ordering is stable by ID without mutating the source array (0.2853ms)
✔ renaming or changing activity does not move an existing roster to different seats (0.3235ms)
✔ 0 agents occupy exactly 0 studios without stacked seats (0.2222ms)
✔ 1 agents occupy exactly 1 studios without stacked seats (0.2934ms)
✔ 5 agents occupy exactly 1 studios without stacked seats (0.1705ms)
✔ 6 agents occupy exactly 1 studios without stacked seats (0.2554ms)
✔ 7 agents occupy exactly 2 studios without stacked seats (0.176ms)
✔ 11 agents occupy exactly 2 studios without stacked seats (0.1241ms)
✔ 12 agents occupy exactly 2 studios without stacked seats (0.0944ms)
✔ 13 agents occupy exactly 3 studios without stacked seats (0.1037ms)
✔ 17 agents occupy exactly 3 studios without stacked seats (0.0932ms)
✔ 18 agents occupy exactly 3 studios without stacked seats (0.0954ms)
✔ 19 agents occupy exactly 4 studios without stacked seats (0.0934ms)
✔ snapshot input reordering preserves page and seat assignment for 18 agents (0.2898ms)
✔ reordering across a partially filled page boundary preserves each agent seat (0.7758ms)
✔ studio dimensions and the six feet anchors match the renderer contract exactly (0.3101ms)
✔ desk access never wraps overflow or invalid indexes onto occupied seats (0.8263ms)
✔ all desk footprints stay above their chairs and never overlap another desk or decor (0.3471ms)
✔ desk 0 has one finite arrival route clear of every workstation (0.4183ms)
✔ desk 1 has one finite arrival route clear of every workstation (0.1711ms)
✔ desk 2 has one finite arrival route clear of every workstation (0.1723ms)
✔ desk 3 has one finite arrival route clear of every workstation (0.1623ms)
✔ desk 4 has one finite arrival route clear of every workstation (0.1015ms)
✔ desk 5 has one finite arrival route clear of every workstation (0.0825ms)
✔ route and desk results do not expose shared mutable layout state (0.1331ms)
✔ pending native review distinguishes invalid artifact paths from invalid artifact IDs (67.736ms)
✔ pending native intent survives acceptance changes and reviewed adoption replays one exact revision (62.1844ms)
✔ pending intent cannot apply and generic native approval cannot authorize exact feedback (27.0044ms)
✔ reviewed feedback refuses adopter as reviewer before a revision (28.1155ms)
✔ reviewed feedback refuses producer as reviewer before a revision (25.9115ms)
✔ reviewed feedback refuses source requester as reviewer before a revision (23.8236ms)
✔ reviewed feedback refuses rejected decision before a revision (24.1279ms)
✔ reviewed feedback refuses future decision before a revision (24.4054ms)
✔ reviewed feedback refuses decision before intent before a revision (23.9762ms)
✔ reviewed feedback refuses wrong note digest before a revision (29.1744ms)
✔ reviewed feedback refuses extra note prose before a revision (25.6125ms)
✔ reviewed feedback refuses ordinary human gate before a revision (24.3737ms)
✔ reviewed feedback refuses requester exclusion disabled before a revision (19.1886ms)
✔ native approval cannot excuse changed target task (22.1398ms)
✔ native approval cannot excuse changed target version (22.3932ms)
✔ native approval cannot excuse changed source commit (24.7349ms)
✔ native approval cannot excuse changed artifact identity (27.3627ms)
✔ native approval cannot excuse changed corpus bytes digest (24.1636ms)
✔ native approval cannot excuse changed selected rule digest (22.0816ms)
✔ native approval cannot excuse changed selected guidance (24.4712ms)
✔ native approval cannot excuse changed adopter identity (23.411ms)
✔ native approval cannot excuse changed replacement effect (25.0597ms)
✔ native approval cannot excuse changed unknown authority field (25.4102ms)
✔ persisted verifier policy and automated evidence drift invalidate the intent independently of acceptance (74.6765ms)
✔ missing or contradictory native rows and capture drift fail closed (29.1618ms)
✔ reviewed apply rechecks the actual decision and preserves ambiguous outcomes and idempotency (49.8228ms)
✔ reviewed apply rejects altered intent bytes and expired proposal without native effects (23.8825ms)
✔ a changed post-effect review remains uncertain and cannot assert a verified binding (30.0796ms)
✔ review intent time bounds are revalidated during accepted-source reconstruction (23.7679ms)
✔ CLI native-review preparation, exact intent selection and apply keep separate raw and canonical hashes (112.3636ms)
✔ prepare is read-only and exposes the exact reference-only change for review (17.3011ms)
✔ an unprefixed objective stays candidate because native composition would change it (18.3999ms)
✔ native normalization fixed points retain description and objective exactly (25.1853ms)
✔ public identifiers and digest selectors reject coercible arrays and objects before effects (17.6715ms)
✔ time, timeout and trusted routing fields require their declared primitive types (22.8239ms)
✔ apply performs one native revision, preserves authority and never launches (21.0536ms)
✔ typed native file selection pins outer provenance and exact decoded corpus while preserving raw compatibility (39.7157ms)
✔ native typed unknown schema field is refused even with matching outer artifact digest (15.9155ms)
✔ native typed missing native schema field is refused even with matching outer artifact digest (14.4953ms)
✔ native typed coercible version is refused even with matching outer artifact digest (14.5895ms)
✔ native typed unsupported archive form is refused even with matching outer artifact digest (13.3375ms)
✔ native typed wrong base is refused even with matching outer artifact digest (15.6419ms)
✔ native typed wrong verifier is refused even with matching outer artifact digest (16.6304ms)
✔ native typed wrong head is refused even with matching outer artifact digest (20.5603ms)
✔ native typed bundle payload is refused even with matching outer artifact digest (18.3219ms)
✔ native typed patch checksum is refused even with matching outer artifact digest (22.3244ms)
✔ native typed patch noncanonical base64 is refused even with matching outer artifact digest (21.9179ms)
✔ native typed selected hash is refused even with matching outer artifact digest (16.8758ms)
✔ native typed selected byte count is refused even with matching outer artifact digest (16.5554ms)
✔ native typed selected file size bound is refused even with matching outer artifact digest (19.701ms)
✔ native typed selected base64 is refused even with matching outer artifact digest (15.995ms)
✔ native typed selected symlink is refused even with matching outer artifact digest (16.0588ms)
✔ native typed selected submodule is refused even with matching outer artifact digest (18.1371ms)
✔ native typed selected media is refused even with matching outer artifact digest (18.1664ms)
✔ native typed duplicate path is refused even with matching outer artifact digest (18.1037ms)
✔ native typed case alias is refused even with matching outer artifact digest (14.1224ms)
✔ native typed file directory conflict is refused even with matching outer artifact digest (17.7202ms)
✔ native typed traversal is refused even with matching outer artifact digest (13.838ms)
✔ native typed absolute path is refused even with matching outer artifact digest (18.506ms)
✔ native typed Windows stream is refused even with matching outer artifact digest (16.2716ms)
✔ native typed Windows device is refused even with matching outer artifact digest (15.9804ms)
✔ native typed trailing dot alias is refused even with matching outer artifact digest (14.1276ms)
✔ native typed coercible entry path is refused even with matching outer artifact digest (17.308ms)
✔ native typed deleted selection is refused even with matching outer artifact digest (23.9394ms)
✔ typed path selection requires one exact safe file, source role and original outer bytes (22.6262ms)
✔ typed decoded corpus cannot substitute a different well-hashed file or retarget a reviewed proposal (36.194ms)
✔ typed base64 padding bits are canonical even when permissive decoding preserves the correct bytes (14.2671ms)
✔ same byte-pinned proposal replays its native key without adding guidance or a second revision (26.4461ms)
✔ lost response stays unknown with no automatic retry; exact replay reconciles it (22.743ms)
✔ an HTTP400 after persistence stays unknown and same-key replay confirms one revision (21.8171ms)
✔ live Corp drift refuses before a request (14.4584ms)
✔ live room drift refuses before a request (14.9576ms)
✔ live mission drift refuses before a request (15.4331ms)
✔ live task drift refuses before a request (13.8399ms)
✔ live run drift refuses before a request (15.3012ms)
✔ live actor drift refuses before a request (15.3276ms)
✔ live source commit drift refuses before a request (14.6989ms)
✔ live verifier digest drift refuses before a request (14.676ms)
✔ live artifact digest drift refuses before a request (17.2073ms)
✔ an accepted receipt with incomplete bounded evidence remains candidate (19.3026ms)
✔ an observed manual gate must retain its native decision and decider (15.562ms)
✔ missing native corpus evidence or mismatched actual bytes never borrows an unrelated accepted run (16.2492ms)
✔ typed envelopes, missing review bytes and requested independent review remain explicit candidates (20.0672ms)
✔ UTF-8 reference bounds do not silently truncate valid longer advisory guidance (16.6806ms)
✔ changed target ready status cannot be overwritten (17.1593ms)
✔ changed target existing run cannot be overwritten (15.8409ms)
✔ changed target contract version cannot be overwritten (20.5224ms)
✔ changed target budget cannot be overwritten (16.9719ms)
✔ changed target verifier cannot be overwritten (16.3372ms)
✔ changed target source cannot be overwritten (15.6865ms)
✔ changed target source connection cannot be overwritten (15.5639ms)
✔ changed target tools cannot be overwritten (20.236ms)
✔ changed target Corp cannot be overwritten (15.0101ms)
✔ changed target room cannot be overwritten (15.6105ms)
✔ changed target origin cannot be overwritten (15.2785ms)
✔ repinned unauthorized proposal changes cannot alter anything except selected references (27.9227ms)
✔ wrong proposal hash, edited corpus/review/receipt, future or expired proposal fails before POST (15.616ms)
✔ expired selected guidance is not rescued by the remaining proposal lifetime (15.2191ms)
✔ expiry crossing during live prechecks is repeated immediately before mutation (14.986ms)
✔ one total operation deadline cannot be renewed by a slow target precheck (226.5927ms)
✔ duplicate-key or reformatted proposal JSON cannot masquerade as the prepared byte representation (15.0169ms)
✔ source drift after successful mutation is accurately retained as applied (20.8766ms)
✔ source access loss after mutation is never mislabeled refusal-before-effects (17.1912ms)
✔ an HTTP error after a request is unknown without transaction-stage evidence and is not retried (22.779ms)
✔ a contradictory successful response or changed native readback stays unknown (15.8972ms)
✔ exact native target projection refuses filtered context and preserves whole scope (12.1847ms)
✔ file input requires selected exact bytes and fails closed on an oversized or malformed input (21.7954ms)
✔ feedback file reads accumulate short native reads before validating bytes (6.5621ms)
✔ feedback file truncate during short reads fails without a hash pin (5.2297ms)
✔ feedback file grow during short reads fails without a hash pin (4.7805ms)
✔ CLI preparation writes new review artifacts and an existing apply receipt refuses before network or effects (52.4231ms)
✔ CLI exits nonzero for refused adoption while preserving its JSON receipt (195.6792ms)
✔ CLI typed prepare explicitly selects the native file and apply has no path override (49.9838ms)
✔ retained native candidate cannot become saved-task guidance or a native revision (21.2675ms)
✔ forged locally activated native evidence cannot become saved-task guidance or a native revision (19.144ms)
✔ native evidence mixed into an activated typed artifact cannot become saved-task guidance or a native revision (20.8077ms)
✔ receipt whitelists metadata and distinguishes persisted acceptance from optional verifier digests (8.7646ms)
✔ native runner, model and ref metadata preserves valid punctuation, spaces, Unicode and UTF-8 limits (3.9078ms)
✔ native metadata keeps bounded invalid text and malformed source tuples out of receipts (15.7418ms)
✔ native source identity accepts uppercase hexadecimal commits and full bounded repository components (0.7488ms)
✔ published native refs and native MIME token punctuation are observed without a custom identifier alphabet (0.9785ms)
✔ historical evidence never borrows the current task verifier policy count (1.0756ms)
✔ conflicting or invalid run-bound check counts remain unknown (3.3413ms)
✔ missing and duplicate check indices cannot establish completeness; malformed indices fail (0.9461ms)
✔ receipt rejects mismatched run Corp (0.4926ms)
✔ receipt rejects mismatched task Corp (0.3603ms)
✔ receipt rejects mismatched mission Corp (0.1973ms)
✔ receipt rejects mismatched room Corp (0.1668ms)
✔ receipt rejects mismatched exact actor (0.166ms)
✔ receipt rejects mismatched exact room (0.1573ms)
✔ receipt rejects mismatched exact mission (0.1868ms)
✔ receipt rejects mismatched evidence task (0.2069ms)
✔ receipt rejects mismatched event room (0.1856ms)
✔ receipt rejects mismatched partial source (0.1755ms)
✔ current-run rejects later same-task runs and tied times, retaining nanosecond ordering (0.933ms)
✔ typed resume lineage requires same task and producer, and records unavailable ancestors honestly (2.0963ms)
✔ exact recovery count is run-bound; private policy and notes are omitted (0.6112ms)
✔ published-result binds its exact source artifact and hashes opaque source revisions (0.6524ms)
✔ published-result accepts an exact historical publication despite a later same-task run (0.8851ms)
✔ published-result refuses mismatched Factory mission (0.2974ms)
✔ published-result refuses mismatched deliverable task (0.2876ms)
✔ published-result refuses mismatched deliverable source base (0.2373ms)
✔ published-result refuses mismatched run deliverable digest (0.2211ms)
✔ published-result refuses mismatched publication run (0.2101ms)
✔ published-result refuses mismatched provenance mission (0.2625ms)
✔ published-result refuses mismatched provenance source issue (0.2952ms)
✔ published-result refuses mismatched provenance target (0.2341ms)
✔ published-result refuses mismatched recorded PR head (0.2759ms)
✔ published-result refuses mismatched recorded PR repository (0.2055ms)
✔ published-result refuses mismatched recorded PR provenance (0.309ms)
✔ byte verification rejects tampering and each missing or conflicting native response boundary (1.3057ms)
✔ receipt validator rejects extra content, contradictory acceptance, and mixed origin/artifact roles (3.9576ms)
✔ fingerprint tolerates observation timestamps and detects selected source, contract and artifact drift (2.4435ms)
✔ compiled native MCP export performs two captures and downloads only selected-origin artifact IDs (756.7155ms)
✔ artifact retention selection is bounded before reading host configuration (0.7316ms)
✔ compiled native evidence retains only explicitly selected verified bytes and preserves public receipt schema (466.594ms)
✔ compiled native evidence rejects an unowned artifact selection before any artifact download (85.3206ms)
✔ compiled native evidence never returns retained bytes from a tampered artifact or changed source (253.2125ms)
✔ compiled native exporter keeps opaque runner/model/ref metadata out of every request route (157.2816ms)
✔ compiled native export rejects state drift during its artifact read (167.3939ms)
✔ compiled native export rejects mismatched context before downloading artifacts (81.5299ms)
✔ compiled native export refuses artifact redirects without forwarding credentials (82.3654ms)
✔ compiled native export rejects oversized bodies and withholds HTTP error content (186.1353ms)
✔ compiled native export bounds a stalled exact-context body by its whole-operation timeout (1008.6545ms)
✔ receipt CLI writes a create-only metadata file and a compact redacted summary (881.7295ms)
✔ owned server requires matching executable, creation, endpoint, and workspace (3.4919ms)
✔ manual, remote, stale, or non-owned manifests never authorize restart (0.7477ms)
✔ Windows retains legacy timestamp tolerance and case-insensitive paths (0.6192ms)
✔ legacy Windows identity callers remain supported without weakening explicit checks (1.7919ms)
✔ Linux requires the exact boot/PID/start-tick, executable, cwd/root, and socket binding (3.5999ms)
✔ Linux rejects malformed, legacy-Windows, and changed receipts (0.888ms)
✔ every existing manual port remains denied on Windows and Linux and all loopback hosts (1.2305ms)
✔ remote, credentialed, missing-port, and malformed-scope endpoints fail closed (0.7847ms)
✔ only a complete scoped JSON object is a process receipt (0.7249ms)
✔ proc stat parses the final comm parenthesis and preserves 64-bit start ticks (1.1246ms)
✔ proc stat rejects wrong PID, truncated fields, malformed state, and invalid ticks (0.532ms)
✔ Linux listener proof intersects the exact port and LISTEN state with PID-owned inodes (1.4544ms)
✔ malformed or unavailable proc network input supplies no ownership authority (0.6119ms)
✔ artifact recovery overrides are child-only and match native numeric bounds (1.2214ms)
✔ probe requires explicit scope and forwards only its scoped credential environment (5.22ms)
✔ probe summary contains collection counts, never snapshot data or private paths (0.8858ms)
✔ probe permits HTTP only for normalized canonical loopback origins and requires HTTPS elsewhere (14.4067ms)
✔ recovery probe reports only native metadata and never infers missing capability or exposes policy (1.3603ms)
✔ recovery probe rejects malformed work-item IDs before spawning any gateway (1.1355ms)
✔ compiled recovery probe rejects impossible native numeric metadata and preserves exhausted authority (618.1514ms)
✔ compiled recovery tool makes exactly the selected authorized GET in both modes (175.6672ms)
✔ compiled recovery probe selects one context without reading the broad snapshot or exposing private fields (82.1809ms)
✔ compiled recovery tool refuses malformed IDs, extra scope or effect arguments before HTTP (144.0069ms)
✔ compiled recovery tool rejects mismatched Corp or work-item responses (295.9179ms)
✔ compiled recovery probe preserves authorization and not-found failures without private diagnostics (207.4109ms)
✔ compiled recovery inspection never follows redirects in either gateway mode (150.6287ms)
✔ compiled recovery inspection caps HTTP bodies even in the legacy write-capable gateway mode (129.5368ms)
✔ compiled read-only MCP completes the real stdio handshake and makes only one scoped GET (68.3924ms)
✔ compiled MCP ignores notifications and denies mutating calls before HTTP while preserving the default catalog (124.1236ms)
✔ compiled MCP keeps malformed omitted-ID objects silent and effect-free (read-only) (60.5349ms)
✔ compiled MCP keeps malformed omitted-ID objects silent and effect-free (unrestricted) (67.4094ms)
✔ compiled probe withholds API error content and enforces its whole-probe timeout (1101.2629ms)
✔ compiled read-only inspection rejects redirects without contacting a second origin (145.4581ms)
✔ compiled read-only startup requires every routing variable before serving even initialization (234.849ms)
✔ compiled read-only flag rejects command-line tokens (split option, CLI only) (71.7528ms)
✔ compiled read-only flag rejects command-line tokens (split option, CLI plus environment) (77.2307ms)
✔ compiled read-only flag rejects command-line tokens (equals option, CLI only) (60.286ms)
✔ compiled read-only flag rejects command-line tokens (equals option, CLI plus environment) (58.7816ms)
✔ compiled read-only flag accepts only the environment token and exposes the restricted catalog (70.7135ms)
✔ compiled read-only environment rejects command-line tokens (split option, CLI only) (66.5225ms)
✔ compiled read-only environment rejects command-line tokens (split option, CLI plus environment) (62.7402ms)
✔ compiled read-only environment rejects command-line tokens (equals option, CLI only) (71.3577ms)
✔ compiled read-only environment rejects command-line tokens (equals option, CLI plus environment) (60.2389ms)
✔ compiled read-only environment accepts only the environment token and exposes the restricted catalog (94.2207ms)
✔ compiled unrestricted MCP preserves legacy CLI token precedence (split option) (151.1259ms)
✔ compiled unrestricted MCP preserves legacy CLI token precedence (equals option) (143.6924ms)
✔ compiled native read-only HTTP body rejects oversized declared length before end (200) (59.7937ms)
✔ compiled native read-only HTTP body rejects streamed overflow before end (200) (104.6298ms)
✔ compiled native read-only HTTP body rejects oversized declared length before end (403) (77.6266ms)
✔ compiled native read-only HTTP body rejects streamed overflow before end (403) (115.5414ms)
✔ compiled native HTTP body accepts the inclusive read-only limit and preserves unrestricted transport (709.7025ms)
✔ compiled native HTTP body preserves small successful and error response behavior (413.1503ms)
✔ withholds all six source ACKs for each of two native automatic attempts (3.4136ms)
✔ holds all quality ACK duplicates to the same 8-second deadline, preserving bytes (0.9927ms)
✔ gameplay and integration pass source ACKs unchanged (0.3769ms)
✔ native resume passes ACKs and does not consume a third automatic attempt (0.231ms)
✔ non-source ACK, heartbeat, credential rotation, approval and lifecycle are opaque passthrough (0.3444ms)
✔ rejects foreign or unproven run, Corp and hash before fault decisions (0.9287ms)
✔ assignment rebinding cannot swap a different task, scope or command kind (0.567ms)
✔ late-ACK release sends one exact original old-run frame once without retagging (1.1442ms)
✔ refuses manual-stack, wrong-repository and missing opt-in config (1.3944ms)
▶ real loopback WebSocket wiring: native schema, ordered forwarding, reconnection and redaction
  ▶ isolated concurrent fixture 1
    ✔ synthetic endpoints require live ownership without relaxing config guards (12.717ms)
    ✔ persisted owner/name schema binds and stop cannot overtake a pending assignment (63.2319ms)
    ✔ upload byte transparency, ACK withholding and metadata non-disclosure (54.7728ms)
    ✔ a stale snapshot/close callback cannot bind, send or close the replacement connection (161.8221ms)
  ✔ isolated concurrent fixture 1 (453.784ms)
  ▶ isolated concurrent fixture 2
    ✔ synthetic endpoints require live ownership without relaxing config guards (9.6017ms)
    ✔ persisted owner/name schema binds and stop cannot overtake a pending assignment (63.9445ms)
    ✔ upload byte transparency, ACK withholding and metadata non-disclosure (54.3358ms)
    ✔ a stale snapshot/close callback cannot bind, send or close the replacement connection (159.5505ms)
  ✔ isolated concurrent fixture 2 (423.0203ms)
✔ real loopback WebSocket wiring: native schema, ordered forwarding, reconnection and redaction (454.5731ms)
✔ relocated doctor checks declared tools through native version commands without leaking ambient secrets or installing (1329.1944ms)
✔ wrong node version produces a failing CLI result (1270.487ms)
✔ wrong pnpm version produces a failing CLI result (1167.8406ms)
✔ wrong rustc version produces a failing CLI result (1489.6229ms)
✔ wrong cargo version produces a failing CLI result (1188.5238ms)
✔ missing package manager fails without falling back to another host command (1011.9924ms)
✔ failed component probes suppress raw stdout and stderr (1190.4072ms)
✔ unrecognized version output is rejected without echoing the command response (1177.3811ms)
✔ an unavailable pinned rustup toolchain fails instead of installing or selecting stable (1189.11ms)
✔ already selected direct Rust binaries can be verified without rustup (1149.6173ms)
✔ invalid .node-version declaration fails before any command runs (version) (180.0967ms)
✔ invalid package.json declaration fails before any command runs (version) (188.7266ms)
✔ invalid rust-toolchain.toml declaration fails before any command runs (floating Rust) (178.9316ms)
✔ invalid rust-toolchain.toml declaration fails before any command runs (component) (176.678ms)
✔ unsupported CLI arguments fail before probing tools (164.5374ms)
ℹ tests 1257
ℹ suites 0
ℹ pass 1257
ℹ fail 0
ℹ cancelled 0
ℹ skipped 0
ℹ todo 0
ℹ duration_ms 59667.9447
