$ node --test --test-concurrency=2 --test-timeout=180000 "apps/web/src/**/*.test.mjs" "tools/*.test.mjs"
✔ editor preserves its accessible control names, preview hook, and all six check choices (49.478ms)
✔ switching check types resets their incompatible fields and retains the rest of the policy (11.2303ms)
✔ every check-field callback retains the selected variant and unchanged checks (24.6303ms)
✔ adding and removing checks preserves tab selection, including external policy shrink and the empty state (20.6273ms)
✔ the 16-check add button limit and oversized-policy feedback are retained (8.6559ms)
✔ manual-gate transitions retain default role ordering, requester exclusion, and explicit removal (11.1736ms)
✔ preview keeps exact check order, manual-role labels, heading overrides, and requester-exclusion guidance (1.6503ms)
✔ Factory exact-run navigation replaces a remembered newer outcome before mission remount (3.7375ms)
✔ run navigation ignores the duplicate activity marker in a hidden Factory tab (13.7204ms)
✔ artifact navigation chooses its exact producer while mission-only navigation preserves the current choice (1.1144ms)
✔ unavailable run/task/mission cannot overwrite remembered evidence or open another run (2.4969ms)
✔ storage failure or obsolete viewer fails closed before navigation (2.1559ms)
✔ explicit navigation writes only the selected viewer scope and only the run identity (1.1522ms)
✔ reload keeps the decided run instead of the other pending review or a newer worker (2.5262ms)
✔ remembered evidence is scoped to the API server, Corp, actor and mission (0.5986ms)
✔ missing remembered work never silently substitutes another visible review (0.3589ms)
✔ unreadable or malformed stored context requires explicit selection, not the next review (0.5212ms)
✔ a first visit is distinct from unreadable history; failed writes do not throw (0.3866ms)
✔ only the selected run ID is stored; reviews and authority never enter browser persistence (3.9925ms)
✔ MissionCard scopes remounts, pins initial evidence and fails closed when persistence fails (23.294ms)
✔ issue210 only the explicit server flag adds correction to a native checkpoint (3.5205ms)
✔ issue210 verifier availability is independent of correction and missing availability preserves legacy behavior (1.9304ms)
✔ issue210 revision source is the exact server-selected verifier, with no cross-item fallback (0.9117ms)
✔ only native proof plus its cancellation marker exposes source-only checkpoint verification (0.4351ms)
✔ a running checkpoint needs no cancellation repair, and ordinary verification failure stays compatible (0.3822ms)
✔ missing/tampered source, checkpoint, head, active recovery or terminal outcome offers no new recovery (0.4619ms)
✔ context requests are not recovery grants and never depend on inferred mission spend/status (0.4278ms)
✔ copied command binding retains the saved connection and never falls back on malformed metadata (0.4168ms)
✔ actual presentation selects the endpoint source, not the newest visible run or mission cancellation (142.7325ms)
✔ issue210 presentation separates provider-free verification from a budgeted same-session fix (36.1894ms)
✔ issue210 source-only and unavailable checkpoint presentations never suggest generic recovery (43.874ms)
✔ actual context loader is GET-only and admits the exact item/version/mission checkpoint (57.3307ms)
✔ actual context loader rejects stale/cross-scope and malformed flags without snapshot fallback (222.134ms)
✔ issue210 actual loader accepts boolean correction flags and defaults missing legacy authority closed (73.9029ms)
✔ issue210 exact loader retains true, false and missing checkpoint availability without granting another mode (53.3234ms)
✔ actual UI action copies only explicit checkpoint verification with the original scope/connection (241.0544ms)
✔ issue210 actual correction action retains the original CLI route, source and connection (386.5832ms)
✔ issue210 actual card drops correction authority immediately when item, version or actor changes (524.7913ms)
✔ issue210 actual contract submission uses the scoped verifier, not its provider ancestor (108.3512ms)
✔ issue210 editor loading, errors, stale context and denied correction cannot fall back or submit (357.9962ms)
✔ issue210 ordinary contract resume, redispatch and requester/role boundaries stay intact (140.3303ms)
✔ issue210 actual source-only context copies correction and revises the exact verifier; no-mode context does neither (289.6297ms)
✔ actual resume handler and rendered provider control respect native recovery blocking (10.4212ms)
✔ actual App Resume control survives an ineligible ordinary Factory recovery lookup and uses the native actor-bound POST (408.104ms)
✔ issue221 explicit provider-correction permission permits null head without granting checkpoint or generic resume (1.5524ms)
✔ issue221 actual context reader retains null head/current provider proof and malformed heads remain non-actionable (538.634ms)
✔ issue221 actual copy/revision actions use only source correction for the latest failed provider with null head (386.2739ms)
✔ wrong-first legacy Project 174 cannot displace the selected live lab controller (2.1074ms)
✔ every Project/repository/Corp component must match, even with an active-item pointer (0.4809ms)
✔ GitHub owner/repository case and surrounding whitespace normalize independently (0.3477ms)
✔ missing/malformed scope is neutral rather than an empty-scope match (0.3403ms)
✔ the exact active item wins among live controllers in the same scope (0.3674ms)
✔ a current live scope match wins over a stale offline active-item pointer (0.3306ms)
✔ with only offline matches, retain the exact item rather than crossing scope (0.3528ms)
✔ without an item, prefer useful live intake in the current Corp (0.3665ms)
✔ empty/no-match and unavailable explicit selections never borrow another controller (0.3937ms)
✔ heartbeat freshness and stable ID break ties without using array order or mutating inputs (1.5858ms)
✔ snapshot refresh and selected scope changes return the exact new ID/version object (0.3556ms)
✔ the actual FactoryPanel resolver feeds displayed state and both action callbacks (21.8422ms)
✔ the actual component guards controller actions, retains role gating and passes the same callback (14.7593ms)
✔ the actual API action handler targets the resolved controller ID and version for all actions (91.5058ms)
✔ the production handler preserves the existing ID-scoped idempotency/version on a lost response (28.499ms)
✔ primary_rate_limit has a reader-facing reason and an automatic future retry (35.1553ms)
✔ secondary_rate_limit has a reader-facing reason and an automatic future retry (0.9675ms)
✔ graphql_quota has a reader-facing reason and an automatic future retry (0.9516ms)
✔ github_unavailable has a reader-facing reason and an automatic future retry (1.9504ms)
✔ quota, cost and timestamps come from the snapshot, not derived or default budgets (2.0311ms)
✔ equivalent offset timestamps have the same local retry time and boundary (1.3497ms)
✔ at or after the retry deadline, waiting is not presented as a successful retry (1.7818ms)
✔ zero remaining, limit, query cost and failures remain real zeros (0.6813ms)
✔ paused desired state wins without rewriting controller health or promising a retry (1.3944ms)
✔ offline health wins over polling metadata, including an elapsed retry (1.6534ms)
✔ paused and offline together retain both conditions and existing paused precedence (1.0659ms)
✔ absent legacy polling leaves the old strip intact and never fabricates a wait (0.3599ms)
✔ missing or malformed backoff data is unavailable, never zero or an invented deadline (0.6083ms)
✔ invalid values are not coerced to numbers or dates and unknown reasons are not rendered raw (2.4785ms)
✔ partial quota data preserves observed zeros while missing fields remain unavailable (0.3519ms)
✔ healthy telemetry does not infer a backoff from a zero quota or failure count (0.4467ms)
✔ UI integration remains read-only, accessible, and uses existing controller controls (22.2925ms)
✔ line normalization preserves argument boundaries, literal punctuation, and duplicate values (2.8781ms)
✔ role entry supports commas and CRLF without silently deduplicating or authorizing roles (1.1146ms)
✔ mission projection retains exact task, runner and human control attribution (4.9536ms)
✔ foreign tasks and same-ID foreign-Corp runners cannot supply collaboration state (0.415ms)
✔ offline retains work without advertising live control or termination (0.5247ms)
✔ connecting retains work without advertising live control or termination (0.3258ms)
✔ a failed snapshot refresh retains exact work without advertising live controls (0.5678ms)
✔ invalid snapshot receipt NaN cannot advertise live controls (0.2957ms)
✔ invalid snapshot receipt Infinity cannot advertise live controls (1.0557ms)
✔ invalid snapshot receipt 0 cannot advertise live controls (0.2281ms)
✔ invalid snapshot receipt -1 cannot advertise live controls (0.2681ms)
✔ expired/malformed lease 2026-09-16T11:59:00Z cannot claim a controller (0.6019ms)
✔ expired/malformed lease 2026-09-16T12:00:00Z cannot claim a controller (0.2888ms)
✔ expired/malformed lease bad cannot claim a controller (0.1859ms)
✔ verifying has recorded evidence but no provider controls (4.2819ms)
✔ completed has recorded evidence but no provider controls (0.2405ms)
✔ lost has recorded evidence but no provider controls (0.2186ms)
✔ cancelled has recorded evidence but no provider controls (0.1376ms)
✔ a provider-free run and a superseded agent assignment expose no live controls (0.4234ms)
✔ runner grace and offline remain distinct; neither supplies human presence (0.4018ms)
✔ review links bind exact run/task and explain role and requester exclusion (0.5024ms)
✔ missing and historical identities never become fabricated named owners or current controllers (0.2968ms)
✔ draft cache survives surface remounts but never crosses Corp/actor/room/mission (0.4712ms)
✔ actual component navigation only requests exact context; rendering sends no commands (13.915ms)
✔ actual disconnected component retains readable evidence with an explicit warning (1.7559ms)
✔ actual failed-refresh component distinguishes stale data from a disconnected transport (1.7062ms)
✔ actual component rejects missing receipt freshness and restores controls after a successful refresh (6.9651ms)
✔ App preserves main snapshot metadata and exact-run navigation while passing numeric receipt freshness (7.5789ms)
✔ App embeds existing scoped discussion and pins evidence before exact-run navigation (3.6121ms)
✔ late completion notifies remounted composers without clearing a newer or same-text draft (0.9129ms)
✔ late operation acknowledgment cannot clear a replacement idempotency key (202.8799ms)
✔ actual App selection never substitutes another mission after the selected record disappears (125.407ms)
✔ actual briefing navigation has a visible destination for legacy empty descriptions (95.8709ms)
✔ verification checks do not change launch intent (2.0495ms)
✔ review navigation cannot turn its click into a form submission (0.3379ms)
✔ ordinary application setup cannot silently fall back to the fake runtime (0.5944ms)
✔ composer uses two clear steps and starts with an empty goal (0.3615ms)
✔ advanced settings and detailed requirements are optional disclosures (0.8456ms)
✔ closing setup preserves the draft and returns to existing mission context (0.9078ms)
✔ explicit links to existing work reveal it without erasing an open draft (0.7823ms)
✔ native creation and explicit held-plan behavior remain unchanged (0.3745ms)
✔ review keeps the exact source and current server-derived allocation visible (0.5673ms)
✔ scope requires four explicit bounded identities and cannot mutate after submission (3.6503ms)
✔ current origin binds the exact view instance, not just equal IDs (0.5287ms)
✔ read issues exactly one encoded, uncached GET with cancellation and no body (15.1976ms)
✔ Direct accepts only exact returned linkage and drops unexpected hidden fields (120.2226ms)
✔ Factory retains only the validated work item, repository, issue number and exact URL (1.736ms)
✔ all four response identities must echo the bound request exactly (31.5459ms)
✔ missing, malformed and older origin responses never become Direct (2.4349ms)
✔ Factory fields are required and null or missing metadata is never partly accepted (3.0605ms)
✔ Factory rejects invalid work-item identities, repository paths and issue numbers (4.0766ms)
✔ only the raw HTTPS GitHub issue URL matching returned repository and number is accepted (6.4008ms)
✔ mixed-case owner/repository URLs match normalized identity and retain display case (2.0235ms)
✔ valid case-preserving repositories and positive safe issue numbers remain verbatim (0.883ms)
✔ old endpoints, denied authorization and transport failures stay unavailable without raw errors (2.0237ms)
✔ a synchronous API failure is contained and clears the read timer (0.8573ms)
✔ timeout aborts an unsettled read and suppresses both late success and late failure (1.1112ms)
✔ a settled success or failure cannot be overwritten by an already queued timeout (0.8941ms)
✔ cancellation before the scheduled read prevents even the GET (0.7657ms)
✔ in-flight cancellation ignores transports that resolve or reject after abort (1.6424ms)
✔ component reads once for a valid view and renders truthful Direct copy in one styled paragraph (18.3936ms)
✔ component links only a fully validated Factory response, not extra returned fields (3.175ms)
✔ all four operating roles may read; guests, spectators and unknown roles never request context (16.9727ms)
✔ invalid or absent scope props render the conservative fallback without requesting (17.7282ms)
✔ failed exact reads preserve #185 positive or unknown fallback without inventing links or hiding failure (13.071ms)
✔ a failed origin lookup can be retried explicitly without changing the work identities (5.8155ms)
✔ Corp, actor, room and mission changes hide old success and errors before effect cleanup (13.7742ms)
✔ late success and errors from a replaced request cannot update the current component (16.9959ms)
✔ leaving and returning to identical IDs cannot revive an earlier success or failure (4.4481ms)
✔ same-ID reopened pending requests ignore the original response and error after current denial (4.4262ms)
✔ a guest transition revokes displayed source data and returning operators must read again (2.2469ms)
✔ operating-role and API changes also invalidate old privileged context (3.0642ms)
✔ unmount cancels the read and a fresh mount with identical IDs cannot inherit its outcome (2.6938ms)
✔ one builder preserves the complete current creation payload and retained settings (3.1097ms)
✔ provider defaults, supported reasoning and commit-branch semantics match submission (0.4308ms)
✔ existing deterministic fixture semantics are not converted into provider settings (0.307ms)
✔ scope freezes the exact serialized body and rejects an actor mismatch (0.9191ms)
✔ every request field, Corp and actor invalidate an earlier quote (1.3839ms)
✔ preview debounces, uses the exact creation body, and calls only the read-only preview POST (12.2331ms)
✔ an edit or closing the composer before debounce starts no request (0.4786ms)
✔ an invalidated request is aborted and cannot publish a late successful quote (2.3018ms)
✔ late errors after actor/Corp change or unmount cannot replace the new preview (1.4275ms)
✔ editing away and back still requires a fresh request, not a revived quote (1.0931ms)
✔ allocations are displayed verbatim from the server, not a frontend Studio formula (0.9298ms)
✔ missing or mismatched quote fields never become a current allocation (2.0689ms)
✔ an absent preview endpoint gives a useful failure state without inventing allocations (1.3119ms)
✔ preview response is bounded to eight tasks without reallocating server budgets (0.9942ms)
✔ unknown, self, duplicate and oversized dependency references remain unknown allocations (1.176ms)
✔ retry clears an old failure immediately and can accept a fresh quote (2.2648ms)
✔ timeout clears the quote, aborts the request and ignores a late response (0.9655ms)
✔ App shares the request body, invalidates keyed preview instances and retains native Launch (6.5554ms)
✔ mission selection and Discuss use the authoritative non-first owning room (2.0275ms)
✔ mission, task, run and artifact deep links resolve to the same owning room (0.445ms)
✔ an explicit room deep link and all-discussion view stay in that room (1.3764ms)
✔ stale, missing and older mission/room projections never fall back to the first room (0.3107ms)
✔ related work is limited to the selected room and mission, not a fixed item count (2.0698ms)
✔ messages are room-filtered before mission links and out-of-order reply ancestry (1.0096ms)
✔ valid room, mission and inherited reply submissions retain the same scope (0.7922ms)
✔ stale actor, Corp, room and mission scopes cannot submit or complete a newer draft (0.426ms)
✔ a disappearing mission or owning room fences previously valid submissions (0.4127ms)
✔ foreign, missing or stale links and replies cannot silently become general comments (0.9886ms)
✔ guest-shaped and missing Factory projections do not establish Direct origin (0.6862ms)
✔ a mission older than the 500-item Factory window remains origin-unknown (0.4284ms)
✔ a positively matched visible Factory item retains its issue attribution (0.1993ms)
✔ known publication/recovery linkage is generic when intake details are unavailable (0.5867ms)
✔ projection helpers preserve the authoritative input and do not retain hidden origin data (0.3502ms)
✔ the UI uses the tested projection and submission helpers on both discussion entry paths (18.8995ms)
✔ scope requires every explicit identity and repository and freezes the view generation (5.3309ms)
✔ the exact scope object, not equal IDs or a prior A -> B -> A view, selects the load (0.6757ms)
✔ one encoded GET is uncached, abortable and body/header/credential free (14.206ms)
✔ published DTO retains only bound result metadata and leaves raw input untouched (3.2956ms)
✔ only explicit null publication in a correctly scoped response is known absence (4.1542ms)
✔ item and publication scope mismatches never expose links or known absence (12.4076ms)
✔ publication source issue matches the work item without equating authorizer, revisions or checkpoint generations (1.8278ms)
✔ publication and artifact identity tuples plus full digests must all match (3.9614ms)
✔ missing, duplicate and unrelated-first deliverables cannot substitute a result (1.7428ms)
✔ native provenance identity, source/target branches and digests are checked without retaining authority (7.3504ms)
✔ raw GitHub PR URLs allow native slash suffixes but retain exact repository and number checks (8.0978ms)
✔ owner/repository display case is preserved while full hex values compare by bytes (1.198ms)
✔ PR state, exact head, owner, recorded metadata and phase cannot contradict each other (3.1914ms)
✔ download metadata rejects controls, external/native paths, malformed hashes and invalid sizes (18.982ms)
✔ pending, PR-created, published and failed publication are distinct without claiming a live app (5.6474ms)
✔ only a different valid pinned run is a mismatch; same-run contradictions stay unavailable (1.0638ms)
✔ loading, denied and stale contexts cannot become a result or known absence (3.5066ms)
✔ denials, missing endpoints and sync/async transport failures stay unavailable without raw errors (1.8336ms)
✔ timeout aborts and suppresses late successes and failures without retries (1.0814ms)
✔ queued timeout callbacks cannot overwrite a settled success, absence or denial (1.0726ms)
✔ cancellation before start issues no GET; in-flight cancellation publishes no late data (1.0811ms)
✔ new same-ID generation remains unavailable after denial despite a prior response completing later (0.8579ms)
✔ requester summary does not ask for a forbidden independent decision (3.0059ms)
✔ wrong-role summary explains the existing role requirement (1.5571ms)
✔ eligible independent reviewer keeps the review invitation (1.4504ms)
✔ human gate without requester exclusion still allows the requester (1.4451ms)
✔ completed result does not inherit a pending-review restriction (1.3497ms)
✔ fresh human-only bootstrap can select a runner runtime before any crew exists (3.4806ms)
✔ retired and legacy identities neither enable nor suppress advertised runtimes (0.4821ms)
✔ studio requires the exact selected source on a connected runner, not another repository (0.6621ms)
✔ source repository and commit matching are case-insensitive but ref matching is exact (0.5471ms)
✔ unavailable runtimes and non-runtime capabilities are not mission options (1.6745ms)
✔ catalog merging prefers an enabled model without changing the source snapshot (0.8519ms)
✔ unscoped status and crew include ready connection-bound runtimes, but dispatch keeps its exact binding (1.1994ms)
✔ studio always selects Copilot even when another runtime was requested (0.288ms)
✔ studio does not fall back to another provider or an unavailable Copilot runtime (0.5829ms)
✔ solo selection and deterministic fixtures retain their runtime contracts (0.5624ms)
✔ a disappearing explicit runtime cannot silently switch provider with stale model settings (0.3464ms)
✔ studio uses enabled Copilot model settings or an explicit provider default (0.3374ms)
✔ fixtures ignore hidden provider model settings (0.1888ms)
✔ normal UI bootstrap opts out of seeded crew without changing fixture tooling (16.0757ms)
✔ runtime character descriptors match the shipped manifest, PNG dimensions, and original file bytes (661.9936ms)
✔ named characters and stable worker identities retain their appearance across reordered snapshots (1.3813ms)
✔ numeric roster positions wrap without producing missing characters, and invalid numbers use the default (0.4178ms)
✔ walking uses the original three poses in a 0,1,2,1 cycle at the 150ms boundaries (0.7285ms)
✔ idle, typing, reading and facing use the actual source-sheet rows and columns (0.6499ms)
✔ invalid or negative animation time selects the first pose without invalid source coordinates (0.6168ms)
✔ every animation and direction remains inside a real sheet after long-running animation (0.6089ms)
✔ default floor distinguishes connected workers from offline and test registrations (6.6566ms)
✔ omitted and null retirement fields keep legacy and mission identities available (1.2918ms)
✔ every non-null retirement excludes an identity regardless of pin, date, or reported work (0.8411ms)
✔ retired identity remains resolvable in the unmodified historical snapshot (2.4127ms)
✔ retiring the selected agent falls back to current crew, including the empty-roster case (0.4189ms)
✔ pagination filters retirement before assigning seats without mutating order (1.1241ms)
✔ idle does not become working or reviewing from a stale station or pending run request (0.7035ms)
✔ working and blocked status still derive from exact server state and current-run requests (0.3491ms)
✔ #154: a selected worker on a later studio is located on initial mount and selection changes (0.6419ms)
✔ #154: studio lookup follows retirement repagination, not stale seat indexes (0.6607ms)
✔ #154: manual paging survives snapshots, but another selected agent resets page and zoom (0.6649ms)
✔ #154: retirement moving the selected agent to a different page resets the camera (0.3513ms)
✔ #154: mounting or remounting the same starting run never fabricates an arrival (0.2906ms)
✔ #154: only an observed new active run can animate once, and reduced motion wins (0.3692ms)
✔ #154: blocked work takes recovery priority over both idle and ordinary active work (0.498ms)
✔ #154: exact approvals keep priority, and only an unblocked empty floor offers new work (0.2215ms)
✔ history inspectors retain the full snapshot while the floor uses current identities (36.3089ms)
✔ Factory activity prioritizes the exact outcome review, then tool approval, before newer work (4.6666ms)
✔ selection ignores terminal, denied and foreign tool approvals without inventing a run (0.3687ms)
✔ terminal runs cannot become reviewable or active from dangling pending decision records (31.3077ms)
✔ live task, agent, control, timestamps and safe activity come from one scope without mutation (1.4916ms)
✔ a stale Running intake never claims that a cancelled provider is active (1.2312ms)
✔ pending exact-run outcome review is distinct from an active provider and completion (1.4669ms)
✔ tool authority and unavailable decision context do not become outcome approval (2.4008ms)
✔ a completed run is not automatically a completed mission or published application (1.139ms)
✔ retained data cannot claim current execution: {"connection":"offline"} (0.8983ms)
✔ retained data cannot claim current execution: {"connection":"connecting"} (1.6205ms)
✔ retained data cannot claim current execution: {"snapshotFailed":true} (0.7664ms)
✔ retained data cannot claim current execution: {"snapshotReceivedAt":null} (0.4722ms)
✔ grace, offline and wrong-Corp runner records cannot establish provider liveness (2.0929ms)
✔ runner loss and uncertain teardown remain unknown until a positive termination receipt (3.9458ms)
✔ verifier-only runs never appear as a running model (0.7712ms)
✔ quarantine and protected stops stay prominent even with stale transport (1.6944ms)
✔ failed verification, cancelled work and unknown execution modes remain explicit (1.3454ms)
✔ missing, duplicate or foreign task context cannot fall back to another run (1.0281ms)
✔ activity is scoped, deduplicated, ordered, bounded and never reveals raw payloads (2.7482ms)
✔ missing start, invalid clocks and backwards timestamps do not invent a duration (1.2961ms)
✔ expired leases and foreign attribution do not display an active controller (1.4189ms)
✔ actual React detail component reuses current classes, native disclosure and escaped text (20.2182ms)
✔ the Factory integration uses the existing exact-run selector, scoped snapshot and old callbacks (3.0198ms)
✔ a burst of 1000 streamed events schedules one snapshot instead of 1000 requests (2.5992ms)
✔ events arriving during a request produce exactly one trailing snapshot (6.6417ms)
✔ the final event during the trailing request is not dropped (1.5509ms)
✔ disposing before a scheduled refresh prevents any fetch (0.5141ms)
✔ disposing an actor/Corp scope aborts its request and drops trailing work (3.3857ms)
✔ refresh failures are handled and a later event can still refresh (1.3402ms)
✔ a disposed scope does not report an obsolete aborted read as a new UI error (1.1787ms)
✔ websocket events use the coalescer and cleanup cancels its read scope (7.014ms)
✔ initial connection is bounded, cancellable and offers retry rather than mission restart (5.5948ms)
✔ actual App presence polling only runs for open connection-dependent views, without reconnecting the event socket (271.662ms)
✔ artifact defaults retain the current wire shape and do not share mutable values (3.7671ms)
✔ file defaults retain the current wire shape and do not share mutable values (0.2652ms)
✔ command defaults retain the current wire shape and do not share mutable values (0.3801ms)
✔ test defaults retain the current wire shape and do not share mutable values (0.2344ms)
✔ json_schema defaults retain the current wire shape and do not share mutable values (0.3601ms)
✔ screenshot defaults retain the current wire shape and do not share mutable values (0.2373ms)
✔ check summaries preserve paths, argument boundaries, byte floors, JSON keys, and rounded timeouts (31.843ms)
✔ array summaries distinguish item boundaries and preserve exact argument and key values (0.8211ms)
✔ byte-counted summaries use singular byte only for the one-byte floor (0.4628ms)
✔ empty and oversized policies remain invalid, with the 16-check boundary accepted (0.7649ms)
✔ invalid byte floor 0 is reported for every byte-counted check (0.4313ms)
✔ invalid byte floor -1 is reported for every byte-counted check (0.2389ms)
✔ invalid byte floor NaN is reported for every byte-counted check (0.1843ms)
✔ invalid byte floor Infinity is reported for every byte-counted check (0.1642ms)
✔ validation preserves check order and reports missing paths, programs, timeout bounds, and JSON keys (0.6717ms)
✔ manual gates require allowed roles without changing requester-exclusion semantics (0.4246ms)
✔ preserves the existing advisory-validator scope; server schema/path authorization remains authoritative (1.4939ms)
✔ check transformations create new drafts while retaining unchanged evidence checks and gate identity (0.6189ms)
✔ gate transitions preserve checks and retain current deliberate resets even when reselecting a gate type (0.3504ms)
✔ verification labels retain their current wording and fallback formatting (0.307ms)
✔ WorkResultCard exposes its status and supplied content with metadata collapsed by default (14.261ms)
✔ ready PR retains its exact URL and only an explicit download invokes the matching callback (22.1768ms)
✔ loading, unavailable and no-publication states do not fabricate a PR or perform actions (5.2956ms)
✔ a historical review mismatch changes selection only through explicit Go to delivered result (3.9994ms)
✔ an unavailable delivered-run target preserves the historical selection and only offers refresh (243.9633ms)
✔ a failed publication with a recorded PR remains inspectable without being labeled Published (11.9082ms)
✔ Published is not merged or deployed and its collapsed details never invent a running preview (8.3325ms)
✔ expired artifact retention does not hide an existing PR or replace server download validation (14.7268ms)
✔ actual hook hides prior result before cleanup and aborts on each exact scope change (60.7199ms)
✔ actual hook fences late success and failure before cleanup and after replacement (29.0932ms)
✔ actual hook close and reopen with identical IDs cannot revive old ready or pending data (21.4818ms)
✔ actual hook treats positive revision as one refresh hint and never retries failure on render (50.1713ms)
✔ actual App origin-unavailable branch offers manual Refresh work context with no PR CTA (15.3ms)
✔ actual App first-hop retry exposes the authorized result without moving pinned evidence (38.1601ms)
✔ actual App fallback reports unavailable review details for an unresolved run or request (21.4484ms)
✔ actual work pickers retain a deep-linked historical mission outside the recent eight (108.4833ms)
✔ actual work pickers do not duplicate a recent selection or invent an absent mission (95.2011ms)
✔ related work includes the third mission, task, run and artifact (3.2143ms)
✔ work links name the actual work rather than presenting only opaque IDs (0.5595ms)
✔ related options deduplicate repeated snapshot references (0.3474ms)
✔ mission discussion retains nested replies, including out-of-order snapshots (3.053ms)
✔ task, run and artifact comments inherit the owning mission only (0.562ms)
✔ unlinked cycles and missing ancestors cannot manufacture mission context (0.3685ms)
✔ context helpers leave authoritative messages and work objects unchanged (0.401ms)
✔ work selection follows the owning authorized mission and rejects unknown links (0.5441ms)
✔ human review and automated verification are not advertised as live model sessions (0.4941ms)
✔ enterprise task labels explain the legacy studio lane keys (0.4903ms)
✔ review eligibility explains requester exclusion without bypassing the policy (0.667ms)
✔ a pending evidence review selects its run rather than a newer active worker (0.4336ms)
✔ a tool-approval wait cannot hide a different pending evidence review (0.2633ms)
✔ review selection rejects mismatched tasks, terminal runs and non-pending requests (0.2727ms)
✔ explicit evidence selection stays bound to that run and cannot inherit another review (0.2248ms)
✔ unselected evidence follows remaining reviews and retains snapshot order without mutation (0.2315ms)
✔ a decided run remains selected until the operator deliberately chooses the next review (0.1792ms)
✔ mission UI binds evidence and decisions and pins the target before submitting (19.9004ms)
✔ runner revision is stable for reordered equivalent records without sorting the input (2.548ms)
✔ runner revision ignores heartbeat, display and capability churn (0.2862ms)
✔ runner revision changes only when lifecycle identity or presence records change (0.2769ms)
✔ offline presence requests revalidation without rewriting endpoint readiness (0.3331ms)
✔ reconnect mismatch remains a hint until the endpoint itself returns ready presence (0.3457ms)
✔ unknown presence is false and same-ID foreign runners cannot supply presence (1.2273ms)
✔ presence hints never promote or erase native sign-in and installation states (0.7188ms)
✔ revision and presence helpers leave source, models, identity and selection immutable (0.7579ms)
✔ saved choice and source remain present while its machine is offline (0.431ms)
✔ ready metadata alone cannot borrow another connection or source for dispatch (0.6092ms)
✔ connection UI identity is scoped to actor and room (0.2844ms)
✔ native sign-in instructions cannot navigate to another host or credential-bearing URL (0.3446ms)
✔ accepts matching current contracts, aliases, CRLF and historical prose outside markers (92.0872ms)
✔ rejects added source validation command and reports expected and actual (66.827ms)
✔ rejects removed source validation command and reports expected and actual (76.825ms)
✔ rejects reordered source validation command and reports expected and actual (56.3227ms)
✔ rejects changed documented commands; correcting the documented sequence restores passing (112.4856ms)
✔ accepts quoted literal Node globs through aliases while preserving quoted versus shell-expanded arguments (133.4252ms)
✔ rejects a source SDK bump until both current compatibility docs are updated (113.9987ms)
✔ rejects a source CLI bump until both current compatibility docs are updated (117.711ms)
✔ rejects missing opening marker instead of silently dropping a required documentation contract (67.9547ms)
✔ rejects missing closing marker instead of silently dropping a required documentation contract (73.2269ms)
✔ rejects duplicate block instead of silently dropping a required documentation contract (65.3381ms)
✔ rejects reversed markers instead of silently dropping a required documentation contract (70.1828ms)
✔ rejects inline marker instead of silently dropping a required documentation contract (58.4889ms)
✔ requires every current runtime contract and a single SDK and CLI claim inside each (61.879ms)
✔ rejects missing root alias in the authoritative command sequence (126.6165ms)
✔ rejects cyclic root aliases in the authoritative command sequence (54.984ms)
✔ rejects shell pipeline in the authoritative command sequence (55.3611ms)
✔ rejects quoted shell expansion in the authoritative command sequence (61.9893ms)
✔ rejects empty command in the authoritative command sequence (142.6859ms)
✔ rejects unsupported alias arguments in the authoritative command sequence (86.7388ms)
✔ rejects unknown documented aliases and malformed command fences (184.8179ms)
✔ reports missing required documents and an invalid source manifest without silently skipping them (394.7161ms)
✔ fails closed for unconstrained SDK dependency (153.0525ms)
✔ fails closed for SDK pin in wrong table (75.0937ms)
✔ fails closed for duplicate SDK declaration (74.1231ms)
✔ fails closed for missing named runtime constant (82.9941ms)
✔ fails closed for duplicate runtime constant (82.9346ms)
✔ relocated CLI resolves its own repository, executes no documented command, and exits nonzero for drift (413.2709ms)
✔ checkpoint fixture produces a complete, independently tested local application (459.4302ms)
✔ read-only executable hashing accepts Cargo/Git hardlinks without relaxing source isolation (38.8239ms)
✔ exact terminal metadata produces actionable failure and missing-evidence findings using GET only (33.9345ms)
✔ listed artifact is run-scoped metadata and never establishes content or attempt verification (2.7725ms)
✔ refuses active parent (1.7544ms)
✔ refuses wrong repository (0.6319ms)
✔ refuses foreign head repository (0.5925ms)
✔ refuses different workflow (0.6192ms)
✔ refuses different head (0.4075ms)
✔ refuses different attempt (0.4163ms)
✔ refuses job from other attempt (0.8901ms)
✔ refuses job from other head (1.4356ms)
✔ refuses duplicate job (1.2426ms)
✔ refuses unfinished job (0.7303ms)
✔ refuses foreign artifact (0.9258ms)
✔ refuses excess artifacts (2.7475ms)
✔ complete bounded job pagination is required and supported (14.6721ms)
✔ pagination total drift and final run drift refuse a completed observation (2.297ms)
✔ expired artifacts and unexplained parent failure remain reviewable rather than passing (1.6559ms)
✔ same-source replay is a no-op; changed facts retain revisions and mark no-longer-observed findings (5.6031ms)
✔ previous hash tampering refuses before network reads (0.4458ms)
✔ forged previous findings fail integrity or semantic reconstruction; source changes require a new scope (4.6594ms)
✔ newer prior observations and attempts do not flow backward (6.7743ms)
✔ secret-bearing fields and supplied links never enter a receipt or executable Markdown (1.7748ms)
✔ native read budget rejects alternate endpoints, oversized metadata and late responses (1.5479ms)
✔ omitting all required jobs cannot turn one replacement success job into a complete maintenance result (1.1178ms)
✔ required skipped job needs review even when an earlier run artifact is listed (1.0538ms)
✔ required neutral job needs review even when an earlier run artifact is listed (0.89ms)
✔ failed GETs consume the finite shared admission budget without retries (0.929ms)
✔ CLI writes new bounded files and refuses output reuse; failures retain no raw API error (85.0771ms)
✔ hosted context binds default observer branch, event and exact parent; local mode makes no hosted claim (28.6979ms)
✔ CLI accepts only bounded exact selection and a complete prior pin (0.841ms)
✔ CI workflow: exact Windows runner failure produces a scoped read-only handoff (2.4128ms)
✔ CI workflow: complete successful jobs need only their own declared report artifacts (1.5674ms)
✔ CI workflow: required artifact-free jobs remain required and must execute (1.3913ms)
✔ Repository checks retains its published contract and previous-receipt no-op semantics (2.4475ms)
✔ CI completeness refuses skipped artifact-free required jobs (1.2727ms)
✔ CI completeness refuses neutral artifact-free required jobs (1.0411ms)
✔ CI completeness rejects replacement jobs and requires only CI report metadata (4.4878ms)
✔ CI observation is not a parent-pass claim and does not inspect diagnostic artifacts (1.6663ms)
✔ workflow profiles cannot reuse each other's receipts even at the same source (6.3614ms)
✔ CI identity refuses unknown workflow path (0.724ms)
✔ CI identity refuses workflow-ID substitution (0.4777ms)
✔ CI identity refuses workflow-name substitution (0.3934ms)
✔ CI identity refuses workflow-path substitution (0.6838ms)
✔ CI identity refuses foreign repository (0.443ms)
✔ CI identity refuses fork head repository (0.3284ms)
✔ CI identity refuses wrong source head (0.3512ms)
✔ CI identity refuses wrong attempt (0.3266ms)
✔ CI identity refuses active CI parent (11.9919ms)
✔ reader allowlist admits exactly the two workflow metadata routes (0.6214ms)
✔ hosted CI event binds workflow identity to the selected native parent (117.4383ms)
✔ workflow trigger keeps trusted observer checkout and read-only scopes for both producers (17.6403ms)
✔ consumer rereads native state using trusted routing and tolerates only observation timing changes (9.5617ms)
✔ consumer refuses task contract revision drift in a fresh observation (2.0045ms)
✔ consumer refuses source base commit drift in a fresh observation (1.0907ms)
✔ consumer refuses verifier digest drift in a fresh observation (1.0476ms)
✔ consumer refuses another actor scope drift in a fresh observation (1.6445ms)
✔ explicit run and mode selections fail before contacting a server (1.2668ms)
✔ denied or unavailable current data does not fall back to a previously passing receipt (1.3919ms)
✔ a matching failed native outcome cannot be consumed as accepted completion (0.8923ms)
✔ file consumption requires the exact expected byte hash and a bounded valid receipt (50.832ms)
✔ receipt file reads accumulate short native reads before validating bytes (41.8404ms)
✔ receipt file truncate during short reads fails before parsing (8.6312ms)
✔ receipt file grow during short reads fails before parsing (34.5292ms)
✔ framed stat metadata survives arbitrary chunk boundaries without payload disclosure (3.4383ms)
✔ unrelated RPCs and read-file contents are not recorded (1.7116ms)
✔ a response ID type change is visible without recording identifier values (0.5556ms)
✔ oversized frames are skipped without parsing nested payload text as requests (0.484ms)
✔ optional wire observation forwards exact bytes and drains the child (382.7135ms)
✔ a matching request needs a durable rejection and settled run (2.5017ms)
✔ terminal provider without permission is inconclusive, never a pass (1.8126ms)
✔ a rejected but unrelated permission does not satisfy the requested boundary (0.2997ms)
✔ approval acceptance, expiry or missing persisted decision cannot pass (0.4515ms)
✔ a decision or final run from another identity is rejected (0.2239ms)
✔ a provider that has not settled cannot pass the boundary (0.2614ms)
✔ all independent boundary results are required for complete coverage (1.6784ms)
✔ later passing cases remain visible after an earlier inconclusive case (0.3923ms)
✔ duplicate, unknown and malformed results cannot manufacture complete coverage (1.9412ms)
✔ accepts an exact seed and credential-free children of the owned runner (4.56ms)
✔ a marker elsewhere or an arbitrary GITHUB_TOKEN is not a proven seed (1.7537ms)
✔ absent, ambiguous or foreign runner seed records cannot establish the precondition (1.3833ms)
✔ runner seed booleans must be explicit, not truthy or absent (1.6343ms)
✔ missing spawn and undefined parent IDs cannot accidentally correlate (0.596ms)
✔ runner spawn must be unique, current and tied to the owned observer (1.1025ms)
✔ a seed observed only after runner spawn cannot prove the launch precondition (0.4081ms)
✔ missing or foreign provider observations cannot satisfy the required count (1.6597ms)
✔ a wrong-parent provider is rejected rather than silently filtered out (0.5306ms)
✔ provider identity and absence booleans must be explicit and valid (1.4719ms)
✔ missing ownership and zero or malformed minimums never allow a vacuous pass (1.1248ms)
✔ actual successful relative, absolute and round-trip view results are required (3.1354ms)
✔ provider self-report and final file existence are not native-read evidence (1.2458ms)
✔ a missing absolute read or readback cannot pass (1.3535ms)
✔ missing-file errors and successful-but-wrong content remain failures (0.8741ms)
✔ wrong-session or conflicting tool results cannot manufacture evidence (1.7165ms)
✔ an external path with the same filename is not the assigned seed (0.3114ms)
✔ an incomplete stream is explicitly incomplete, not successful empty coverage (0.2159ms)
✔ runner observation proves the synthetic credential was inherited (271.2326ms)
✔ a missing seed fails before starting a runner (157.815ms)
✔ provider observation confirms removal before invoking the real binary (269.5101ms)
✔ an inherited provider credential fails before any provider execution (144.6366ms)
✔ a marker under another key cannot hide a missing runner GITHUB_TOKEN seed (161.1496ms)
✔ a different token plus an unrelated marker cannot manufacture an exact runner seed (196.6659ms)
✔ a provider token other than the canary is still rejected before child execution (180.976ms)
✔ a provider canary under another key remains a failing credential boundary (151.1674ms)
✔ uninvoked production modules remain in the coverage denominator with zero hits (14.0214ms)
✔ missing production files cannot produce a passing partial coverage result (0.9305ms)
✔ duplicate and out-of-scope files cannot inflate the denominator (1.8952ms)
✔ missing, duplicate and impossible native counts are rejected (0.5328ms)
✔ truncated records are never accepted as completed coverage evidence (0.2775ms)
✔ zero available branches are reported as not applicable instead of fabricated 100 percent (0.3282ms)
✔ issue195 public receipt binds parent binaries, pinned runtime identity, and distinct task source (10.9669ms)
✔ explicit current fixture hash, suspend tokens, and missing-artifact switch normalize without disk reads (1.5608ms)
✔ rebuilt server/runner receipt hashes and an explicit rebuilt CLI hash remain valid and bound (5.5585ms)
✔ all required options are explicit; help is inert (3.2659ms)
✔ every duplicate value option and duplicate boolean switch fails closed (2.5771ms)
✔ unknown targets, positionals, missing operands, and equals-form options are rejected (1.1506ms)
✔ configuration rejects old issue190 (0.4316ms)
✔ configuration rejects string issue number (0.3181ms)
✔ configuration rejects parent rather than candidate code (0.4611ms)
✔ configuration rejects runtime commit used as task source (0.6248ms)
✔ configuration rejects unpinned source ref (0.3219ms)
✔ configuration rejects another runner (0.2514ms)
✔ configuration rejects unowned receipt (0.6987ms)
✔ configuration rejects not-running supervisor (0.4679ms)
✔ configuration rejects missing owner (1.2839ms)
✔ configuration rejects invalid owner (0.5843ms)
✔ configuration rejects changed code checkout (0.3536ms)
✔ configuration rejects changed source checkout (0.294ms)
✔ configuration rejects changed worktree root (0.2373ms)
✔ configuration rejects invalid server digest (0.2288ms)
✔ configuration rejects invalid runner digest (0.4141ms)
✔ configuration rejects executable substitution (0.5725ms)
✔ configuration rejects binary outside owned bin (0.602ms)
✔ configuration rejects missing public process (0.3024ms)
✔ configuration rejects wrong process role (0.3314ms)
✔ configuration rejects wrong process workspace (0.4535ms)
✔ configuration rejects invalid process pid (0.3959ms)
✔ configuration rejects invalid process start (0.4096ms)
✔ synthetic VerifyRun evidence distinguishes awaiting independent review from accepted completion (18.3099ms)
✔ forced commit_branch export rejection is a named failure, never archive bypass or approval (4.3089ms)
✔ missing-required-provider-Artifact negative shares the native checks without inventing bytes (4.549ms)
✔ assessRecovery refuses original usage rewritten (5.4769ms)
✔ assessRecovery refuses original output history changed (4.5527ms)
✔ assessRecovery refuses provider-attempt counter reset (3.8739ms)
✔ assessRecovery refuses provider-attempt maximum changed (2.2625ms)
✔ assessRecovery refuses source incident changed (2.4574ms)
✔ assessRecovery refuses checkpoint authority absent (2.5332ms)
✔ assessRecovery refuses different context source (3.4239ms)
✔ assessRecovery refuses budget reset hidden in context (1.8928ms)
✔ assessRecovery refuses another native recovery (1.9559ms)
✔ assessRecovery refuses source-correction instead of verification (2.4913ms)
✔ assessRecovery refuses recovery contract revision (1.7977ms)
✔ assessRecovery refuses changed recovery reason (1.7879ms)
✔ assessRecovery refuses weakened replacement policy (1.8307ms)
✔ assessRecovery refuses new provider session (3.1919ms)
✔ assessRecovery refuses allocated model tokens (2.7666ms)
✔ assessRecovery refuses allocated model cost (2.0917ms)
✔ assessRecovery refuses consumed input tokens (1.9101ms)
✔ assessRecovery refuses consumed output tokens (1.9917ms)
✔ assessRecovery refuses consumed model cost (2.4595ms)
✔ assessRecovery refuses different workspace root run (1.7666ms)
✔ assessRecovery refuses replacement workspace not preserved (2.0673ms)
✔ assessRecovery refuses replacement fingerprint changed (2.2357ms)
✔ assessRecovery refuses invented provider artifact (3.3778ms)
✔ assessRecovery refuses provider event outside snapshot window (3.0757ms)
✔ assessRecovery refuses native command acknowledgment missing (2.9962ms)
✔ assessRecovery refuses missing native app check (2.2315ms)
✔ assessRecovery refuses evidence kind mismatch (2.6439ms)
✔ assessRecovery refuses independent-review self-approval (2.8117ms)
✔ assessRecovery refuses accepted run before gate decision (2.0159ms)
✔ assessRecovery refuses missing factory completion event (1.8712ms)
✔ assessRecovery refuses empty source deliverable (2.1711ms)
✔ assessRecovery refuses wrong deliverable provenance (2.5279ms)
✔ download validation uses in-memory bytes and checks payload digests without claiming a browser test (3.5633ms)
✔ configuration refuses target http://localhost:18574 (0.3746ms)
✔ configuration refuses target https://127.0.0.1:18574 (0.1445ms)
✔ configuration refuses target http://127.0.0.1:18574/ (0.1557ms)
✔ configuration refuses target http://127.0.0.1:18575 (0.1218ms)
✔ configuration refuses target http://127.0.0.1:8791 (0.1495ms)
✔ configuration refuses target http://127.0.0.1:18574/api (0.1426ms)
✔ configuration refuses target http://127.0.0.1:18574?x=1 (0.1041ms)
✔ configuration refuses target http://example.invalid:18574 (0.0978ms)
✔ configuration refuses target http://user:password@127.0.0.1:18574 (0.0989ms)
✔ configuration refuses target http://[::1]:18574 (0.1028ms)
✔ absolute path and owned-output boundaries reject aliases, devices, UNC, ADS, and root reuse (3.5703ms)
✔ explicit independent reviewer, valid digest, and bounded numeric options are mandatory (9.0588ms)
✔ reports expose hashes and constrained identity, never receipt metadata or provider output (2.6562ms)
✔ saved report cannot adopt changed authority, extra fields, or identities without prior intent (8.4656ms)
✔ baseline and journal never consult the bounded snapshot.events window (31.0849ms)
✔ baseline preserves every pre-existing missions record (1.375ms)
✔ baseline preserves every pre-existing tasks record (1.2241ms)
✔ baseline preserves every pre-existing runs record (0.8921ms)
✔ baseline preserves every pre-existing factory_work_items record (0.9428ms)
✔ baseline preserves every pre-existing factory_verification_recoveries record (0.9484ms)
✔ baseline preserves every pre-existing verification_evidence record (1.0184ms)
✔ baseline preserves every pre-existing verification_requests record (1.2661ms)
✔ baseline preserves every pre-existing source_deliverables record (2.1849ms)
✔ baseline preserves every pre-existing mission_contract_revisions record (1.3225ms)
✔ baseline preserves every pre-existing mission_budget_revisions record (0.8852ms)
✔ baseline preserves every pre-existing action_approvals record (1.5016ms)
✔ baseline preserves every pre-existing circuit_breaker_incidents record (1.2984ms)
✔ baseline permits additive rows and events while forbidding live work and missing history tables (2.6279ms)
✔ journal requires exact Ready watermark, ordered unique same-Corp events, and bounded count (1.0469ms)
✔ buildPlan is deterministic, fresh, output-owned, and mirrors one ready synthetic issue (2.2738ms)
✔ factory argv remains pinned and recovery only appends the exact checkpoint mode and recorded reason (2.248ms)
✔ persisted app, base-file, exact hash command and independent-review checks cannot be replaced by Artifact (10.9649ms)
✔ checkpoint digests use Rust field order, preserve app policy, and retain forced commit_branch authority (1.9465ms)
✔ invokeFactory uses only injected child I/O, a bounded timeout, and a non-inherited environment (1.3699ms)
✔ invokeFactory never retries an uncertain execution or logs raw stdout/stderr (1.6606ms)
✔ explicit Windows assessment preserves historical paths on every host (3.6447ms)
✔ default host assessment still rejects foreign path namespaces (1.0701ms)
✔ assessOriginal binds native stop from full replay, not snapshot.events (1.6162ms)
✔ assessOriginal binds native suspend from full replay, not snapshot.events (2.8649ms)
✔ assessOriginal rejects provider attempt increment without accepting or replacing work (2.4764ms)
✔ assessOriginal rejects attempt ceiling revision without accepting or replacing work (1.4346ms)
✔ assessOriginal rejects current budget revision without accepting or replacing work (1.3458ms)
✔ assessOriginal rejects original budget rewrite without accepting or replacing work (1.2987ms)
✔ assessOriginal rejects persisted hash verifier removal without accepting or replacing work (1.3281ms)
✔ assessOriginal rejects manual gate weakening without accepting or replacing work (1.464ms)
✔ assessOriginal rejects contract source replacement without accepting or replacing work (1.3055ms)
✔ assessOriginal rejects write scope replacement without accepting or replacing work (1.3121ms)
✔ assessOriginal rejects archive bypass of forced commit_branch without accepting or replacing work (1.4167ms)
✔ assessOriginal rejects provider secret authority without accepting or replacing work (1.3822ms)
✔ assessOriginal rejects extra provider run without accepting or replacing work (1.4532ms)
✔ assessOriginal rejects extra task without accepting or replacing work (1.128ms)
✔ assessOriginal rejects changed factory owner without accepting or replacing work (0.9314ms)
✔ assessOriginal rejects changed issue revision without accepting or replacing work (0.7639ms)
✔ assessOriginal rejects wrong assigned runner without accepting or replacing work (0.8094ms)
✔ assessOriginal rejects producer reviewing itself without accepting or replacing work (0.8087ms)
✔ assessOriginal rejects source-checkout execution without accepting or replacing work (0.9211ms)
✔ assessOriginal rejects quarantined checkpoint without accepting or replacing work (0.8741ms)
✔ assessOriginal rejects loop-counter change without accepting or replacing work (0.959ms)
✔ assessOriginal rejects rewritten usage without accepting or replacing work (1.2222ms)
✔ assessOriginal rejects invented provider artifact without accepting or replacing work (1.287ms)
✔ assessOriginal rejects checkpoint missing without accepting or replacing work (2.2988ms)
✔ assessOriginal rejects checkpoint policy digest changed without accepting or replacing work (1.4706ms)
✔ assessOriginal rejects provider still alive without accepting or replacing work (1.3703ms)
✔ assessOriginal rejects budget command not acknowledged without accepting or replacing work (1.363ms)
✔ assessOriginal rejects budget incident missing without accepting or replacing work (1.4654ms)
✔ assessOriginal rejects previously recorded run missing without accepting or replacing work (1.4396ms)
✔ assessOriginal rejects accepted provider progress hidden before snapshot window without accepting or replacing work (1.1067ms)
✔ suite pauses for native browser review by default and only observes external approval on continuation (53.8516ms)
✔ suite retains native forced-commit export failure and performs no review, download, or policy bypass (18.9916ms)
✔ suite missing-Artifact negative is explicit rejection, not verified delivery or fabricated provider evidence (17.576ms)
✔ --continue cannot create a baseline or begin an unrecorded mutation (7.2719ms)
✔ unknown create response is never retried; continuation times out without adopting replacement work (44.4392ms)
✔ lost create response reconciles the exact item/run, but --continue cannot authorize recovery (15.85ms)
✔ lost recovery response binds the recorded replacement; continuation only pauses for its exact browser gate (26.2345ms)
✔ external browser approval completes exact recorded work without retries or erasing earlier failure history (49.887ms)
✔ suite never mutates when independent reviewer is missing (4.1145ms)
✔ suite never mutates when independent reviewer is not human (4.8818ms)
✔ suite never mutates when independent reviewer is unauthorized role (5.058ms)
✔ suite never mutates when independent reviewer is guest (6.0354ms)
✔ suite never mutates when independent reviewer is wrong Corp (3.6926ms)
✔ failed intent persistence or changed parent inputs prevents the corresponding native effect (25.7481ms)
✔ a colliding synthetic item without saved create intent is never adopted or mutated (8.4395ms)
✔ wrong physical base bytes stop before recovery; tampered downloads stop without another attempt (69.3337ms)
✔ --continue fails closed when recorded work disappears, with no new mission or native retry (45.8234ms)
✔ explicit browser-review flag preserves the default two-step flow without a scripted-review mode (22.2268ms)
✔ browser-review pause cannot be continued with substituted gate identities or reviewer (26.4349ms)
✔ production I/O exposes no review POST and confines injected requests to exact GET routes (47.6669ms)
✔ runtime factory adapter never retries an ambiguous injected CLI call (1.8167ms)
✔ server-upgrade option is explicit, continue-only, and confined to the owned runtime directory (25.9011ms)
✔ server-only upgrade retains the original binding/failure and separately records server provenance read-only (41.5699ms)
✔ upgrade rejects runner/web/CLI changes, a mismatched old binding, and conflicting server provenance (29.5026ms)
✔ same-verifier native checkpoint re-attestation accepts a real run_id-only VerificationRequest (3.2542ms)
✔ checkpoint re-attestation cannot target another run, duplicate an ACK, or permit provider usage (4.2985ms)
✔ strict phase parsing and explicit opt-in (5.3867ms)
✔ reject manual/default/aliased ports, credentials, ambiguous URLs and mismatched environment before API access (7.2174ms)
✔ verification is GET-only and no phase can call decision/reset/bootstrap/foreign-Corp routes (1.9171ms)
✔ prepare → newer approved → isolated replay observation → explicit older approval → automatic synthesis (135.478ms)
✔ lost create response adopts exact marker without sending a second create (24.7405ms)
✔ unknown create that never arrived fails closed, never creates a replacement (4.5516ms)
✔ lost revision response replays the exact native UUID and preserves only two revisions (68.8061ms)
✔ lost launch response recovers exact root IDs by readback, never dispatches again (34.4198ms)
✔ wrong source/pinned staffing/non-quiescent fixture rejected before any POST (2.6042ms)
✔ cannot skip intermediate observation or approve the older run first (71.8419ms)
✔ exact reviewer attribution, artifact binding and no second decision are enforced (101.811ms)
✔ duplicate decision event and journal rollover cannot pass as replay isolation (62.4397ms)
✔ checkpoint fixture mismatch and modified pre-existing rows are rejected (43.8216ms)
✔ failed artifact download is rechecked on prepare resume without more POSTs (35.0651ms)
✔ linux: native unavailable admission is a verified refusal, not provider success (405.135ms)
✔ darwin: native unavailable admission is a verified refusal, not provider success (321.1317ms)
✔ Windows: an unavailable provider remains a failure (422.5693ms)
✔ Unix: accidentally accepting an unsupported provider fails the contract (255.3765ms)
✔ Unix: an unrelated admission failure cannot stand in for containment refusal (272.7367ms)
✔ Unix: a refusal with a persisted run is rejected (302.0699ms)
✔ Unknown runner platforms fail before resetting a fixture (154.818ms)
✔ A Linux expectation cannot conceal an unavailable Windows runner (235.2386ms)
✔ Unknown reported runner OS fails before creating provider work (231.626ms)
✔ An owned child stuck on HTTP is reaped before fixture cleanup (2050.0948ms)
✔ explicit CLI and parent runtime receipt reuse retain owner/source/process binding (15.3168ms)
✔ additive request changes only the fixture case, keeps native 5000 authority and no delivery/resume (0.9486ms)
✔ shared client sends exact additive create/launch bodies without retries or extra routes (53.481ms)
✔ pure native trace accepts actual ACK before failure/termination without prescribing that order (9.3396ms)
✔ pure native trace accepts actual ACK between failure/termination without prescribing that order (5.2825ms)
✔ pure native trace accepts actual ACK after failure/termination without prescribing that order (2.6206ms)
✔ pure evidence rejection: missing actual artifact rejection (1.9003ms)
✔ pure evidence rejection: unrelated failure (1.4422ms)
✔ pure evidence rejection: termination before failure is not the race (3.22ms)
✔ pure evidence rejection: missing termination is not success (2.8105ms)
✔ pure evidence rejection: missing ACK remains unproven (1.2784ms)
✔ pure evidence rejection: wrong command correlation (1.6341ms)
✔ pure evidence rejection: wrong ACK runner (1.3457ms)
✔ pure evidence rejection: foreign session event scope (0.9282ms)
✔ pure evidence rejection: non-native event attribution (1.2313ms)
✔ pure evidence rejection: wrong native event identity (1.0923ms)
✔ pure evidence rejection: rewritten failure summary (1.0914ms)
✔ pure evidence rejection: agent still assigned (1.5705ms)
✔ pure evidence rejection: task resurrected (1.4072ms)
✔ pure evidence rejection: mission resurrected (1.5145ms)
✔ pure evidence rejection: accepted artifact metadata (1.3334ms)
✔ pure evidence rejection: late accepted completion even if snapshot says failed (1.369ms)
✔ pure evidence rejection: accepted artifact even outside bounded snapshot.events (1.5233ms)
✔ pure evidence rejection: verification event is forbidden (1.2975ms)
✔ pure evidence rejection: uncertain teardown is forbidden (1.3792ms)
✔ pure evidence rejection: accepted evidence record (2.6936ms)
✔ pure evidence rejection: budget revision (1.0765ms)
✔ pure evidence rejection: replacement run (0.7866ms)
✔ pure evidence rejection: source substitution (0.9971ms)
✔ pure evidence rejection: verification-only execution cannot attest a provider (0.8172ms)
✔ pure evidence rejection: usage must be exactly two 3000-token increments (5.7938ms)
✔ invalid native termination payload cannot pass (null) (1.6055ms)
✔ invalid native termination payload cannot pass ([]) (2.4568ms)
✔ invalid native termination payload cannot pass ({}) (1.3517ms)
✔ invalid native termination payload cannot pass ({"adapter":"other"}) (1.3192ms)
✔ invalid native termination payload cannot pass ({"provider_process_alive":true}) (1.1423ms)
✔ invalid native termination payload cannot pass ({"provider_process_alive":"false"}) (1.0944ms)
✔ invalid native termination payload cannot pass ({"outcome":"verified"}) (1.1483ms)
✔ invalid native termination payload cannot pass ({"message":""}) (1.2147ms)
✔ invalid native termination payload cannot pass ({"message":1}) (1.2681ms)
✔ invalid native termination payload cannot pass ({"message":"xxxxxxxxxxxxxxxxxxxxxxxxxxxxxxxxxxxxxxxxxxxxxxxx) (2.4028ms)
✔ invalid native termination payload cannot pass ({"message":"untrusted\ntext"}) (1.9036ms)
✔ invalid native termination payload cannot pass ({"message":"
"}) (0.9957ms)
✔ invalid native termination payload cannot pass ({"credential":"PRIVATE_PROVIDER_CONTENT_OR_ASSIGNMENT_TOKEN_) (1.0837ms)
✔ all native terminal outcomes and absent optional message are valid telemetry, not accepted completion (5.003ms)
✔ one additive case checkpoints and announces intent/IDs, retains history, and waits for quiet readback (52.0976ms)
✔ passed same-case continuation recomputes proof with zero further mutations (38.7338ms)
✔ createLost: failure preserves exact intent, continuation never retries an attempted POST (19.9777ms)
✔ createUnknown: failure preserves exact intent, continuation never retries an attempted POST (2.3819ms)
✔ launchLost: failure preserves exact intent, continuation never retries an attempted POST (18.4438ms)
✔ launchUnknown: failure preserves exact intent, continuation never retries an attempted POST (4.9269ms)
✔ bounded live failure leaves the original run live, IDs and intent intact, with no replacement (57.5377ms)
✔ missing late telemetry is a bounded failure with actual ACK order, not a race claim (29.2838ms)
✔ natural later telemetry/finalization can settle without rewriting terminal state or historical events (14.8434ms)
✔ settling cannot hide changed terminal run summary (4.7042ms)
✔ settling cannot hide changed terminal task (5.3424ms)
✔ settling cannot hide changed terminal mission (4.6954ms)
✔ settling cannot hide changed terminal agent (7.3775ms)
✔ settling cannot hide changed old run (5.3946ms)
✔ settling cannot hide changed old agent (6.5837ms)
✔ settling cannot hide changed old journal prefix (5.7303ms)
✔ settling cannot hide changed original failure event (6.3234ms)
✔ saved report cannot substitute receipt, native authority, source, or erase baseline after an effect (2.2528ms)
✔ report save uses exclusive lock, private synced temp and atomic rename; refuses implicit overwrite (3.9419ms)
✔ stale locks are never stolen and failed saves retain original report and orphaned temp (1.303ms)
✔ report cannot replace receipt; bounded reads reject links, hardlinks and inode swaps before reading (1.5915ms)
✔ CLI is explicit, non-ambient, duplicate/unknown flags fail (5.6837ms)
✔ explicit parent runtime metadata aligns without opening any named process/log/source (5.8305ms)
✔ rejects protected/manual API port 5187 (0.4322ms)
✔ rejects protected/manual API port 5291 (0.2938ms)
✔ rejects protected/manual API port 8791 (0.2845ms)
✔ rejects protected/manual API port 8793 (0.2195ms)
✔ rejects protected/manual API port 8991 (0.1675ms)
✔ rejects protected/manual API port 15191 (0.2739ms)
✔ rejects protected/manual API port 15193 (0.3643ms)
✔ rejects protected/manual API port 15491 (0.3197ms)
✔ rejects protected/manual API port 15493 (0.3777ms)
✔ rejects protected/manual API port 15496 (0.3562ms)
✔ rejects protected/manual API port 18961 (0.2703ms)
✔ rejects protected/manual API port 18962 (0.2268ms)
✔ rejects protected/manual API port 18963 (0.1563ms)
✔ rejects ambiguous or non-owned origin http://localhost:18574 (0.303ms)
✔ rejects ambiguous or non-owned origin http://127.1:18574 (0.2246ms)
✔ rejects ambiguous or non-owned origin http://[::1]:18574 (0.1992ms)
✔ rejects ambiguous or non-owned origin https://127.0.0.1:18574 (0.3285ms)
✔ rejects ambiguous or non-owned origin http://127.0.0.1:18574/ (0.2491ms)
✔ rejects ambiguous or non-owned origin http://127.0.0.1:18574/api (0.2199ms)
✔ rejects ambiguous or non-owned origin http://127.0.0.1:18574?x=1 (0.2908ms)
✔ rejects ambiguous or non-owned origin http://redacted:redacted@127.0.0.1:18574 (0.6592ms)
✔ rejects ambiguous or non-owned origin http://example.com:18574 (0.2746ms)
✔ receipt requires complete immutable source, no unknown authority or provider substitution (3.8567ms)
✔ native requests preserve single strategy, exact source, budget, File verifier, no deliverable (0.9387ms)
✔ Rust policy digest uses explicit declaration order, not JS/JSONB property order (0.6424ms)
✔ canonical containment handles Windows drive prefixes but rejects aliases/escapes (0.9553ms)
✔ POSIX containment rejects traversal, equality and sibling prefixes (0.7078ms)
✔ base.txt reads exactly five bytes, and all link/reparse/hardlink failures occur before open (11.4915ms)
✔ opened-file identity swaps fail closed without reading bytes (1.7241ms)
✔ runners are top-level; nested-only, unavailable, foreign, ambiguous or different-source runners fail (1.1808ms)
✔ suspend: actual usage -> breaker -> native teardown -> exact checkpoint -> terminal (3.9998ms)
✔ stop: actual usage -> breaker -> native teardown -> exact checkpoint -> terminal (1.582ms)
✔ rejects missing checkpoint (1.6792ms)
✔ rejects foreign Corp proof (1.3915ms)
✔ rejects foreign mission proof (1.0861ms)
✔ rejects foreign task proof (1.3221ms)
✔ rejects foreign run proof (1.4783ms)
✔ rejects foreign agent proof (1.0508ms)
✔ rejects foreign runner proof (0.8222ms)
✔ rejects wrong original base (0.8437ms)
✔ rejects changed HEAD (0.7097ms)
✔ rejects changed fingerprint (0.6044ms)
✔ rejects arbitrary JS policy ordering (0.7375ms)
✔ rejects changed write digest (0.5994ms)
✔ rejects changed deliverable digest (0.8919ms)
✔ rejects token in proof (1.3511ms)
✔ rejects live provider (0.9626ms)
✔ rejects wrong adapter (0.9708ms)
✔ rejects foreign event lineage (0.7064ms)
✔ rejects late checkpoint (0.7252ms)
✔ rejects missing usage (0.7763ms)
✔ rejects fake cumulative usage (0.6261ms)
✔ rejects wrong breaker metric (0.6872ms)
✔ rejects wrong command acknowledgement (0.9779ms)
✔ rejects accepted artifact (0.9ms)
✔ rejects verification started (0.9166ms)
✔ rejects lost is not completion (0.4768ms)
✔ rejects agent still assigned (0.5389ms)
✔ rejects automatic retry (0.5301ms)
✔ rejects replacement task (0.6174ms)
✔ rejects resume lineage (0.459ms)
✔ rejects budget override (0.3558ms)
✔ rejects write scope widening (0.361ms)
✔ rejects policy weakening (0.3418ms)
✔ rejects path outside runner (0.8333ms)
✔ rejects unknown projection strings are not logged (0.5122ms)
✔ rejects non-native none breaker projection is rejected (0.5478ms)
✔ rejects accepted evidence row (0.5783ms)
✔ full replay, not the bounded snapshot, rejects earlier run.completed (0.8115ms)
✔ full replay, not the bounded snapshot, rejects earlier run.verification_started (1.1169ms)
✔ full replay, not the bounded snapshot, rejects earlier run.verification_evidence (0.5658ms)
✔ full replay, not the bounded snapshot, rejects earlier run.artifact (0.7676ms)
✔ full replay, not the bounded snapshot, rejects earlier run.deliverable (0.6043ms)
✔ full replay, not the bounded snapshot, rejects earlier run.workspace_removed (0.4985ms)
✔ full replay, not the bounded snapshot, rejects earlier run.teardown_uncertain (0.6421ms)
✔ visible history and original journal prefix are immutable; no whole-database inference (1.6301ms)
✔ journal bounds, strict ordering, non-contiguous visible sequences and Ready watermark (0.638ms)
✔ API requests allow only exact scoped snapshot/create/launch, never reset/policy/resume (30.5565ms)
✔ HTTP errors with sensitive bodies are not retried or exposed (0.9497ms)
✔ oversized API responses fail at the byte bound, with no response body in the error (12.2529ms)
✔ native journal API requires a real Ready watermark and refuses partial replay (1.7895ms)
✔ two additive cases checkpoint intent/IDs, retain old history, and pass only after quiet observation (46.4194ms)
✔ baseline counts are dynamic, including completed prior browser-created missions (51.0382ms)
✔ completed checkpoint continuation is read-only and never re-launches either case (50.4232ms)
✔ timeout leaves a live run LIVE with its original ID and never starts a replacement/second case (42.2003ms)
✔ lost create response discovers exact original IDs; intentional continuation sends no duplicate (26.5431ms)
✔ uncertain create without an observable result blocks continuation, never replacement (1.908ms)
✔ lost launch response discovers exact original IDs; intentional continuation sends no duplicate (26.8646ms)
✔ uncertain launch without an observable result blocks continuation, never replacement (2.8581ms)
✔ driver failure keeps IDs and failure report; late accepted verification cannot pass (10.6269ms)
✔ saved report cannot change receipt/source/runner/process scope or invent successful authority (1.3839ms)
✔ existing budget-stream keeps its original synthetic 6000-token contract (1249.4292ms)
✔ UI budget-stream uses the real 500K preset with explicit synthetic counters (1211.8526ms)
✔ native interrupt prevents later usage and completion in the UI fixture (327.6893ms)
✔ original budget-stream still interrupts before its second usage and scheduled completion (328.0762ms)
✔ queued completion emits exact usage and completed before a subsequent interrupt response (161.9709ms)
✔ actual queued fixture writes base then emits both usages and finish synchronously without timers (4.3303ms)
✔ User/Organization resolver verifies owner and project number without reading items (1032.2839ms)
✔ opaque paginated active-only discovery retains 1002 items and exact Issue source (2627.8906ms)
✔ empty pages, invalid cursors and archived cursors never silently restart pagination (1615.697ms)
✔ quota-only probes accept include flags before/after endpoint and retain plain JSON (738.1638ms)
✔ exact items, memberships and publisher fields support metered and legacy plain callers (1311.0388ms)
✔ configured primary refusal exposes reset headers and recovers exactly at fixture reset (413.6144ms)
✔ secondary failures are finite per-query attempts even with interleaved probes (786.3923ms)
✔ 503 failures expose Retry-After without spending quota or triggering source mutation (360.7168ms)
✔ source-drift hook remains shared across pages, legacy lists and exact reads only (1724.9751ms)
✔ legacy Project edits and publisher PR mutation/recovery semantics are preserved (1097.6558ms)
✔ errors and observation logs never echo credentials, headers, query text or variables (612.8458ms)
✔ invalid quota/failure configurations fail safely and event retention is bounded (1180.166ms)
✔ parses HTTPS clone URL without resolving redirects (3.0389ms)
✔ parses HTTPS repository URL without resolving redirects (0.2987ms)
✔ parses HTTPS default port without resolving redirects (0.1405ms)
✔ parses SSH SCP URL without resolving redirects (0.2693ms)
✔ parses SSH URI without resolving redirects (0.2916ms)
✔ parses SSH default port without resolving redirects (0.2367ms)
✔ parses SSH alternate port without resolving redirects (0.41ms)
✔ parses case normalization without resolving redirects (0.2362ms)
✔ parses trailing slash without resolving redirects (0.3029ms)
✔ parses Git output newline without resolving redirects (0.375ms)
✔ keeps old, transferred and deliberately wrong repositories distinct (0.4831ms)
✔ retains valid repository punctuation (0.3141ms)
✔ rejects missing without disclosing the origin (1.1245ms)
✔ rejects null without disclosing the origin (0.1857ms)
✔ rejects non-string without disclosing the origin (0.171ms)
✔ rejects empty without disclosing the origin (0.1911ms)
✔ rejects bare namespace without disclosing the origin (0.1637ms)
✔ rejects different host without disclosing the origin (0.163ms)
✔ rejects host suffix without disclosing the origin (0.1684ms)
✔ rejects HTTP without disclosing the origin (0.1744ms)
✔ rejects Git protocol without disclosing the origin (0.2288ms)
✔ rejects HTTPS userinfo without disclosing the origin (0.2321ms)
✔ rejects HTTPS password without disclosing the origin (0.1756ms)
✔ rejects SSH password without disclosing the origin (0.1677ms)
✔ rejects non-Git SSH user without disclosing the origin (0.1631ms)
✔ rejects SCP userinfo without disclosing the origin (0.1589ms)
✔ rejects SCP prefix not recognized by the runner without disclosing the origin (0.1895ms)
✔ rejects query without disclosing the origin (0.1722ms)
✔ rejects fragment without disclosing the origin (0.1517ms)
✔ rejects extra path without disclosing the origin (0.2868ms)
✔ rejects traversal without disclosing the origin (0.2175ms)
✔ rejects dot owner without disclosing the origin (0.1787ms)
✔ rejects dot repository without disclosing the origin (0.1678ms)
✔ rejects empty repository without disclosing the origin (0.1721ms)
✔ rejects encoded path without disclosing the origin (0.1696ms)
✔ rejects backslash without disclosing the origin (0.2229ms)
✔ rejects multiple origins without disclosing the origin (0.206ms)
✔ rejects oversized origin without disclosing the origin (0.1693ms)
✔ reads only the selected checkout origin with bounded, piped Git output (0.519ms)
✔ Git failure discards message, cause, stdout and stderr without fallback (0.3825ms)
✔ a successful Git read cannot admit a credential-bearing origin (0.2946ms)
✔ imports actual-shaped retained native success and reproducible external rejection as a candidate only (167.4192ms)
✔ old oracle without physical digest remains explicitly weaker and prompt alignment remains unreviewed (169.9315ms)
✔ repeated captures and checker versions of one run do not create independent evidence identities (506.5216ms)
✔ local review digest cannot activate a candidate even with two distinct native runs (295.6156ms)
✔ refuses foreign Corp even with repinned retained files (126.8261ms)
✔ refuses foreign room even with repinned retained files (128.593ms)
✔ refuses other source even with repinned retained files (154.2321ms)
✔ refuses changed contract source even with repinned retained files (190.5928ms)
✔ refuses missing native checks even with repinned retained files (158.2686ms)
✔ refuses failed test under passed native label even with repinned retained files (114.9025ms)
✔ refuses wrong oracle bytes even with repinned retained files (124.7469ms)
✔ refuses wrong resume identity even with repinned retained files (111.0144ms)
✔ refuses wrong resume ancestry even with repinned retained files (121.099ms)
✔ refuses cancelled run even with repinned retained files (149.8357ms)
✔ refuses substituted before bytes even with repinned retained files (141.2874ms)
✔ refuses unknown checker even with repinned retained files (31.3277ms)
✔ hash pins, duplicate JSON keys and traversal are rejected before candidate output (161.9181ms)
✔ directory redirection and oversized files fail closed (212.6352ms)
✔ exact append handles LF and CRLF without normalizing changed source (0.886ms)
✔ external rejection cannot be imported when exact output actually passes (158.4615ms)
✔ CLI reads pinned inputs and creates one new corpus without overwriting source files (399.522ms)
✔ CLI has one aggregate read budget covering the request, corpus, manifests and retained files (381.1379ms)
▶ local stack owned-process and state regression fixtures
  ✔ identity comes from the live process and binds only the explicit workspace (2.3457ms)
  ✔ wrong timestamps, executable, workspace and malformed records fail closed (0.2657ms)
  ✔ a stale creation record aimed at a live synthetic PID cannot stop it (0.2626ms)
  ✔ stopping the verified root leaves its descendant and an unrelated child alive (0.2084ms)
  ✔ Start accepts working and log directories containing spaces (0.1432ms)
  ✔ Start treats bracketed log directories as literal paths (0.1909ms)
  ✔ Start treats bracketed working directories as literal paths (0.1917ms)
  ✔ failed-start rollback results preserve the original error and require both success signals (0.2217ms)
  ✔ Start preserves literal arguments, spaces, child-only environment and redacted evidence (0.3315ms)
  ✔ repeated role launches retain earlier logs and allocate unique stdout/stderr files (0.5272ms)
  ✔ extracted Launch preserves ownership on save failure (verified rollback) (0.2291ms)
  ✔ extracted Launch preserves ownership on save failure (unverified rollback) (0.1357ms)
  ✔ v2 state round-trips nested records and read preserves exact bytes (0.1601ms)
  ✔ corrupt, unsupported and differently scoped state is refused without deleting evidence (0.2453ms)
  ✔ state writes reject traversal, sibling-prefix paths and foreign workspace claims (0.1728ms)
  ✔ state writes reject reparse-point parent directories (0.1183ms)
  ✔ a failed atomic replacement preserves old bytes and removes its temporary file (0.2472ms)
  ✔ concurrent synthetic reader observes only complete atomic state generations (1.4398ms)
  ✔ legacy numeric state stays read-only and never authorizes stopping (0.2641ms)
  ✔ cleanup reaps only held synthetic handles and removes only its temporary tree (0.1232ms)
✔ local stack owned-process and state regression fixtures (11338.434ms)
ℹ PowerShell 7.6.5; 14 synthetic processes reaped; no fixture tree remains
▶ local stack starter source guards
  ✔ starter has no unconditional stop invocation (0.19ms)
  ✔ starter never passes a database URL as a command argument (0.1024ms)
  ✔ starter forwards the native runner startup-recovery opt-out unchanged (0.0749ms)
  ✔ persisted runner IDs block automatic reenrollment even when offline (0.0679ms)
  ✔ Factory policy paths are canonicalized against the checkout before persistence and launch (0.0641ms)
  ✔ Factory saved connection is retained and passed only as an explicit native option (0.0616ms)
  ✔ live source-ref changes use exact comparison for old and current records (0.0925ms)
  ✔ starter never deletes enrollment or credentials without an explicit reset/rotation guard (0.1086ms)
  ✔ Compose operations are guarded by external-database selection (0.0673ms)
  ✔ stopper does not rediscover or terminate a descendant tree from saved PIDs (0.1126ms)
✔ local stack starter source guards (2855.6209ms)
✔ one checkout serializes commands while another checkout remains usable (6603.8922ms)
✔ explicit restart nesting and failed operations release their native lock (5340.2806ms)
✔ an interrupted command does not leave a stale lock requiring manual cleanup (3263.3064ms)
✔ both supported entrypoints use the same operation boundary (4.8189ms)
✔ reported idle remains idle without a pending request (2.4523ms)
✔ reported starting remains starting without a pending request (0.1487ms)
✔ reported working remains working without a pending request (0.1115ms)
✔ reported blocked remains blocked without a pending request (0.1368ms)
✔ reported reviewing remains reviewing without a pending request (0.1385ms)
✔ reported offline remains offline without a pending request (0.1181ms)
✔ working station "read" projects reading (0.1963ms)
✔ working station "search" projects reading (0.21ms)
✔ working station " READ " projects reading (0.2691ms)
✔ working station "Search" projects reading (0.2223ms)
✔ working station "test" projects working (0.1622ms)
✔ working station "build" projects working (0.0955ms)
✔ working station "review" projects working (0.0699ms)
✔ working station "research" projects working (0.063ms)
✔ working station "bread" projects working (0.0609ms)
✔ working station "break" projects working (0.0636ms)
✔ working station "unknown-tool" projects working (0.0696ms)
✔ working station null projects working (0.0588ms)
✔ a stale station does not invent activity for a non-working agent (0.2033ms)
✔ a blocked agent needs an exact current-run approval match (0.1313ms)
✔ an exact current-run pending review is distinct from an action approval (0.1286ms)
✔ unrelated and prior-run pending requests cannot affect the current agent (0.2117ms)
✔ an approval stops affecting an agent as soon as its current run changes (0.1341ms)
✔ null and empty current-run IDs cannot acquire pending request state (0.1179ms)
✔ offline wins even when the recorded current run has both pending requests (0.1136ms)
✔ exact action approval takes precedence over exact review (0.113ms)
✔ explicit current-run requests do not depend on a blocked display status (0.1132ms)
✔ projection does not mutate agents or request sets or infer state from identity text (0.8797ms)
✔ all eight states have distinct labels and factual descriptions (0.4854ms)
✔ roster ordering is stable by ID without mutating the source array (0.3069ms)
✔ renaming or changing activity does not move an existing roster to different seats (0.3292ms)
✔ 0 agents occupy exactly 0 studios without stacked seats (0.227ms)
✔ 1 agents occupy exactly 1 studios without stacked seats (0.2623ms)
✔ 5 agents occupy exactly 1 studios without stacked seats (0.1709ms)
✔ 6 agents occupy exactly 1 studios without stacked seats (0.2269ms)
✔ 7 agents occupy exactly 2 studios without stacked seats (0.2718ms)
✔ 11 agents occupy exactly 2 studios without stacked seats (0.1264ms)
✔ 12 agents occupy exactly 2 studios without stacked seats (0.1024ms)
✔ 13 agents occupy exactly 3 studios without stacked seats (0.097ms)
✔ 17 agents occupy exactly 3 studios without stacked seats (0.0973ms)
✔ 18 agents occupy exactly 3 studios without stacked seats (0.1167ms)
✔ 19 agents occupy exactly 4 studios without stacked seats (0.0961ms)
✔ snapshot input reordering preserves page and seat assignment for 18 agents (0.3106ms)
✔ reordering across a partially filled page boundary preserves each agent seat (0.6669ms)
✔ studio dimensions and the six feet anchors match the renderer contract exactly (0.2513ms)
✔ desk access never wraps overflow or invalid indexes onto occupied seats (0.7688ms)
✔ all desk footprints stay above their chairs and never overlap another desk or decor (0.2919ms)
✔ desk 0 has one finite arrival route clear of every workstation (0.4929ms)
✔ desk 1 has one finite arrival route clear of every workstation (0.2109ms)
✔ desk 2 has one finite arrival route clear of every workstation (0.1109ms)
✔ desk 3 has one finite arrival route clear of every workstation (0.0941ms)
✔ desk 4 has one finite arrival route clear of every workstation (0.0883ms)
✔ desk 5 has one finite arrival route clear of every workstation (0.0829ms)
✔ route and desk results do not expose shared mutable layout state (0.1381ms)
✔ pending native review distinguishes invalid artifact paths from invalid artifact IDs (98.6176ms)
✔ pending native intent survives acceptance changes and reviewed adoption replays one exact revision (76.8184ms)
✔ pending intent cannot apply and generic native approval cannot authorize exact feedback (40.4928ms)
✔ reviewed feedback refuses adopter as reviewer before a revision (33.9588ms)
✔ reviewed feedback refuses producer as reviewer before a revision (26.6366ms)
✔ reviewed feedback refuses source requester as reviewer before a revision (26.6563ms)
✔ reviewed feedback refuses rejected decision before a revision (35.6172ms)
✔ reviewed feedback refuses future decision before a revision (27.6282ms)
✔ reviewed feedback refuses decision before intent before a revision (35.3451ms)
✔ reviewed feedback refuses wrong note digest before a revision (29.9542ms)
✔ reviewed feedback refuses extra note prose before a revision (25.1987ms)
✔ reviewed feedback refuses ordinary human gate before a revision (25.6044ms)
✔ reviewed feedback refuses requester exclusion disabled before a revision (24.1124ms)
✔ native approval cannot excuse changed target task (29.1388ms)
✔ native approval cannot excuse changed target version (29.5083ms)
✔ native approval cannot excuse changed source commit (22.0171ms)
✔ native approval cannot excuse changed artifact identity (20.8467ms)
✔ native approval cannot excuse changed corpus bytes digest (21.382ms)
✔ native approval cannot excuse changed selected rule digest (22.3942ms)
✔ native approval cannot excuse changed selected guidance (26.8731ms)
✔ native approval cannot excuse changed adopter identity (21.3598ms)
✔ native approval cannot excuse changed replacement effect (20.8895ms)
✔ native approval cannot excuse changed unknown authority field (22.5173ms)
✔ persisted verifier policy and automated evidence drift invalidate the intent independently of acceptance (68.3095ms)
✔ missing or contradictory native rows and capture drift fail closed (24.1439ms)
✔ reviewed apply rechecks the actual decision and preserves ambiguous outcomes and idempotency (37.5938ms)
✔ reviewed apply rejects altered intent bytes and expired proposal without native effects (22.0778ms)
✔ a changed post-effect review remains uncertain and cannot assert a verified binding (27.1557ms)
✔ review intent time bounds are revalidated during accepted-source reconstruction (26.3903ms)
✔ CLI native-review preparation, exact intent selection and apply keep separate raw and canonical hashes (137.0578ms)
✔ prepare is read-only and exposes the exact reference-only change for review (22.022ms)
✔ an unprefixed objective stays candidate because native composition would change it (33.4514ms)
✔ native normalization fixed points retain description and objective exactly (38.031ms)
✔ public identifiers and digest selectors reject coercible arrays and objects before effects (25.7585ms)
✔ time, timeout and trusted routing fields require their declared primitive types (31.4171ms)
✔ apply performs one native revision, preserves authority and never launches (30.2619ms)
✔ typed native file selection pins outer provenance and exact decoded corpus while preserving raw compatibility (52.953ms)
✔ native typed unknown schema field is refused even with matching outer artifact digest (22.6457ms)
✔ native typed missing native schema field is refused even with matching outer artifact digest (32.9845ms)
✔ native typed coercible version is refused even with matching outer artifact digest (28.0049ms)
✔ native typed unsupported archive form is refused even with matching outer artifact digest (26.1466ms)
✔ native typed wrong base is refused even with matching outer artifact digest (27.6453ms)
✔ native typed wrong verifier is refused even with matching outer artifact digest (23.5462ms)
✔ native typed wrong head is refused even with matching outer artifact digest (20.6725ms)
✔ native typed bundle payload is refused even with matching outer artifact digest (25.4155ms)
✔ native typed patch checksum is refused even with matching outer artifact digest (19.7665ms)
✔ native typed patch noncanonical base64 is refused even with matching outer artifact digest (20.9576ms)
✔ native typed selected hash is refused even with matching outer artifact digest (19.0113ms)
✔ native typed selected byte count is refused even with matching outer artifact digest (17.2372ms)
✔ native typed selected file size bound is refused even with matching outer artifact digest (16.2085ms)
✔ native typed selected base64 is refused even with matching outer artifact digest (21.5909ms)
✔ native typed selected symlink is refused even with matching outer artifact digest (21.6671ms)
✔ native typed selected submodule is refused even with matching outer artifact digest (24.1325ms)
✔ native typed selected media is refused even with matching outer artifact digest (19.7599ms)
✔ native typed duplicate path is refused even with matching outer artifact digest (23.789ms)
✔ native typed case alias is refused even with matching outer artifact digest (26.9891ms)
✔ native typed file directory conflict is refused even with matching outer artifact digest (33.1068ms)
✔ native typed traversal is refused even with matching outer artifact digest (22.4829ms)
✔ native typed absolute path is refused even with matching outer artifact digest (18.8572ms)
✔ native typed Windows stream is refused even with matching outer artifact digest (21.2844ms)
✔ native typed Windows device is refused even with matching outer artifact digest (35.6317ms)
✔ native typed trailing dot alias is refused even with matching outer artifact digest (19.5762ms)
✔ native typed coercible entry path is refused even with matching outer artifact digest (17.839ms)
✔ native typed deleted selection is refused even with matching outer artifact digest (19.2071ms)
✔ typed path selection requires one exact safe file, source role and original outer bytes (25.2837ms)
✔ typed decoded corpus cannot substitute a different well-hashed file or retarget a reviewed proposal (46.1306ms)
✔ typed base64 padding bits are canonical even when permissive decoding preserves the correct bytes (23.8297ms)
✔ same byte-pinned proposal replays its native key without adding guidance or a second revision (34.2631ms)
✔ lost response stays unknown with no automatic retry; exact replay reconciles it (28.2888ms)
✔ an HTTP400 after persistence stays unknown and same-key replay confirms one revision (27.5565ms)
✔ live Corp drift refuses before a request (22.0077ms)
✔ live room drift refuses before a request (17.376ms)
✔ live mission drift refuses before a request (18.4444ms)
✔ live task drift refuses before a request (17.8873ms)
✔ live run drift refuses before a request (26.9309ms)
✔ live actor drift refuses before a request (22.4088ms)
✔ live source commit drift refuses before a request (17.974ms)
✔ live verifier digest drift refuses before a request (16.6744ms)
✔ live artifact digest drift refuses before a request (13.9837ms)
✔ an accepted receipt with incomplete bounded evidence remains candidate (15.9287ms)
✔ an observed manual gate must retain its native decision and decider (18.4998ms)
✔ missing native corpus evidence or mismatched actual bytes never borrows an unrelated accepted run (15.9423ms)
✔ typed envelopes, missing review bytes and requested independent review remain explicit candidates (21.6286ms)
✔ UTF-8 reference bounds do not silently truncate valid longer advisory guidance (14.5288ms)
✔ changed target ready status cannot be overwritten (17.3221ms)
✔ changed target existing run cannot be overwritten (17.3664ms)
✔ changed target contract version cannot be overwritten (16.9815ms)
✔ changed target budget cannot be overwritten (18.5961ms)
✔ changed target verifier cannot be overwritten (20.5748ms)
✔ changed target source cannot be overwritten (18.1083ms)
✔ changed target source connection cannot be overwritten (27.2074ms)
✔ changed target tools cannot be overwritten (21.5909ms)
✔ changed target Corp cannot be overwritten (19.2707ms)
✔ changed target room cannot be overwritten (22.1515ms)
✔ changed target origin cannot be overwritten (22.8749ms)
✔ repinned unauthorized proposal changes cannot alter anything except selected references (35.8441ms)
✔ wrong proposal hash, edited corpus/review/receipt, future or expired proposal fails before POST (22.2099ms)
✔ expired selected guidance is not rescued by the remaining proposal lifetime (20.44ms)
✔ expiry crossing during live prechecks is repeated immediately before mutation (23.4072ms)
✔ one total operation deadline cannot be renewed by a slow target precheck (240.6268ms)
✔ duplicate-key or reformatted proposal JSON cannot masquerade as the prepared byte representation (25.3826ms)
✔ source drift after successful mutation is accurately retained as applied (24.3746ms)
✔ source access loss after mutation is never mislabeled refusal-before-effects (32.7732ms)
✔ an HTTP error after a request is unknown without transaction-stage evidence and is not retried (27.2906ms)
✔ a contradictory successful response or changed native readback stays unknown (29.4461ms)
✔ exact native target projection refuses filtered context and preserves whole scope (26.1498ms)
✔ file input requires selected exact bytes and fails closed on an oversized or malformed input (31.1516ms)
✔ feedback file reads accumulate short native reads before validating bytes (9.6098ms)
✔ feedback file truncate during short reads fails without a hash pin (6.6091ms)
✔ feedback file grow during short reads fails without a hash pin (6.5502ms)
✔ CLI preparation writes new review artifacts and an existing apply receipt refuses before network or effects (76.4308ms)
✔ CLI exits nonzero for refused adoption while preserving its JSON receipt (216.7984ms)
✔ CLI typed prepare explicitly selects the native file and apply has no path override (54.0927ms)
✔ retained native candidate cannot become saved-task guidance or a native revision (27.8944ms)
✔ forged locally activated native evidence cannot become saved-task guidance or a native revision (27.8975ms)
✔ native evidence mixed into an activated typed artifact cannot become saved-task guidance or a native revision (24.0642ms)
✔ receipt whitelists metadata and distinguishes persisted acceptance from optional verifier digests (12.0047ms)
✔ native runner, model and ref metadata preserves valid punctuation, spaces, Unicode and UTF-8 limits (5.906ms)
✔ native metadata keeps bounded invalid text and malformed source tuples out of receipts (19.4243ms)
✔ native source identity accepts uppercase hexadecimal commits and full bounded repository components (1.1326ms)
✔ published native refs and native MIME token punctuation are observed without a custom identifier alphabet (1.0337ms)
✔ historical evidence never borrows the current task verifier policy count (1.8865ms)
✔ conflicting or invalid run-bound check counts remain unknown (4.308ms)
✔ missing and duplicate check indices cannot establish completeness; malformed indices fail (0.9399ms)
✔ receipt rejects mismatched run Corp (0.4782ms)
✔ receipt rejects mismatched task Corp (0.5224ms)
✔ receipt rejects mismatched mission Corp (0.2122ms)
✔ receipt rejects mismatched room Corp (0.1687ms)
✔ receipt rejects mismatched exact actor (0.1934ms)
✔ receipt rejects mismatched exact room (0.1934ms)
✔ receipt rejects mismatched exact mission (0.1514ms)
✔ receipt rejects mismatched evidence task (0.2303ms)
✔ receipt rejects mismatched event room (0.2726ms)
✔ receipt rejects mismatched partial source (0.2518ms)
✔ current-run rejects later same-task runs and tied times, retaining nanosecond ordering (1.4862ms)
✔ typed resume lineage requires same task and producer, and records unavailable ancestors honestly (2.4966ms)
✔ exact recovery count is run-bound; private policy and notes are omitted (0.5802ms)
✔ published-result binds its exact source artifact and hashes opaque source revisions (1.3777ms)
✔ published-result accepts an exact historical publication despite a later same-task run (1.6478ms)
✔ published-result refuses mismatched Factory mission (0.5047ms)
✔ published-result refuses mismatched deliverable task (0.3988ms)
✔ published-result refuses mismatched deliverable source base (0.3132ms)
✔ published-result refuses mismatched run deliverable digest (0.2825ms)
✔ published-result refuses mismatched publication run (0.3184ms)
✔ published-result refuses mismatched provenance mission (0.3783ms)
✔ published-result refuses mismatched provenance source issue (0.3077ms)
✔ published-result refuses mismatched provenance target (0.3649ms)
✔ published-result refuses mismatched recorded PR head (0.3092ms)
✔ published-result refuses mismatched recorded PR repository (0.2958ms)
✔ published-result refuses mismatched recorded PR provenance (0.38ms)
✔ byte verification rejects tampering and each missing or conflicting native response boundary (1.6615ms)
✔ receipt validator rejects extra content, contradictory acceptance, and mixed origin/artifact roles (5.9443ms)
✔ fingerprint tolerates observation timestamps and detects selected source, contract and artifact drift (3.9378ms)
✔ compiled native MCP export performs two captures and downloads only selected-origin artifact IDs (811.7125ms)
✔ artifact retention selection is bounded before reading host configuration (0.8198ms)
✔ compiled native evidence retains only explicitly selected verified bytes and preserves public receipt schema (375.9567ms)
✔ compiled native evidence rejects an unowned artifact selection before any artifact download (69.6214ms)
✔ compiled native evidence never returns retained bytes from a tampered artifact or changed source (211.0228ms)
✔ compiled native exporter keeps opaque runner/model/ref metadata out of every request route (143.7694ms)
✔ compiled native export rejects state drift during its artifact read (138.9762ms)
✔ compiled native export rejects mismatched context before downloading artifacts (76.1021ms)
✔ compiled native export refuses artifact redirects without forwarding credentials (70.7867ms)
✔ compiled native export rejects oversized bodies and withholds HTTP error content (132.396ms)
✔ compiled native export bounds a stalled exact-context body by its whole-operation timeout (1015.8156ms)
✔ receipt CLI writes a create-only metadata file and a compact redacted summary (694.7354ms)
✔ owned server requires matching executable, creation, endpoint, and workspace (2.7728ms)
✔ manual, remote, stale, or non-owned manifests never authorize restart (0.805ms)
✔ Windows retains legacy timestamp tolerance and case-insensitive paths (0.3677ms)
✔ legacy Windows identity callers remain supported without weakening explicit checks (1.4466ms)
✔ Linux requires the exact boot/PID/start-tick, executable, cwd/root, and socket binding (3.0106ms)
✔ Linux rejects malformed, legacy-Windows, and changed receipts (0.6657ms)
✔ every existing manual port remains denied on Windows and Linux and all loopback hosts (1.2082ms)
✔ remote, credentialed, missing-port, and malformed-scope endpoints fail closed (0.5739ms)
✔ only a complete scoped JSON object is a process receipt (0.5793ms)
✔ proc stat parses the final comm parenthesis and preserves 64-bit start ticks (1.006ms)
✔ proc stat rejects wrong PID, truncated fields, malformed state, and invalid ticks (0.5706ms)
✔ Linux listener proof intersects the exact port and LISTEN state with PID-owned inodes (1.3835ms)
✔ malformed or unavailable proc network input supplies no ownership authority (0.6775ms)
✔ artifact recovery overrides are child-only and match native numeric bounds (0.7222ms)
✔ probe requires explicit scope and forwards only its scoped credential environment (3.9118ms)
✔ probe summary contains collection counts, never snapshot data or private paths (0.6814ms)
✔ probe permits HTTP only for normalized canonical loopback origins and requires HTTPS elsewhere (8.4001ms)
✔ recovery probe reports only native metadata and never infers missing capability or exposes policy (0.9808ms)
✔ recovery probe rejects malformed work-item IDs before spawning any gateway (0.7824ms)
✔ compiled recovery probe rejects impossible native numeric metadata and preserves exhausted authority (467.3054ms)
✔ compiled recovery tool makes exactly the selected authorized GET in both modes (127.536ms)
✔ compiled recovery probe selects one context without reading the broad snapshot or exposing private fields (61.0575ms)
✔ compiled recovery tool refuses malformed IDs, extra scope or effect arguments before HTTP (101.8845ms)
✔ compiled recovery tool rejects mismatched Corp or work-item responses (240.2439ms)
✔ compiled recovery probe preserves authorization and not-found failures without private diagnostics (198.7064ms)
✔ compiled recovery inspection never follows redirects in either gateway mode (139.1014ms)
✔ compiled recovery inspection caps HTTP bodies even in the legacy write-capable gateway mode (139.745ms)
✔ compiled read-only MCP completes the real stdio handshake and makes only one scoped GET (72.9511ms)
✔ compiled MCP ignores notifications and denies mutating calls before HTTP while preserving the default catalog (116.4161ms)
✔ compiled MCP keeps malformed omitted-ID objects silent and effect-free (read-only) (55.5541ms)
✔ compiled MCP keeps malformed omitted-ID objects silent and effect-free (unrestricted) (53.3132ms)
✔ compiled probe withholds API error content and enforces its whole-probe timeout (1093.3314ms)
✔ compiled read-only inspection rejects redirects without contacting a second origin (135.8577ms)
✔ compiled read-only startup requires every routing variable before serving even initialization (187.5282ms)
✔ compiled read-only flag rejects command-line tokens (split option, CLI only) (51.5139ms)
✔ compiled read-only flag rejects command-line tokens (split option, CLI plus environment) (53.6362ms)
✔ compiled read-only flag rejects command-line tokens (equals option, CLI only) (54.8917ms)
✔ compiled read-only flag rejects command-line tokens (equals option, CLI plus environment) (48.5422ms)
✔ compiled read-only flag accepts only the environment token and exposes the restricted catalog (62.2692ms)
✔ compiled read-only environment rejects command-line tokens (split option, CLI only) (55.4437ms)
✔ compiled read-only environment rejects command-line tokens (split option, CLI plus environment) (51.1787ms)
✔ compiled read-only environment rejects command-line tokens (equals option, CLI only) (65.8655ms)
✔ compiled read-only environment rejects command-line tokens (equals option, CLI plus environment) (51.2305ms)
✔ compiled read-only environment accepts only the environment token and exposes the restricted catalog (58.3949ms)
✔ compiled unrestricted MCP preserves legacy CLI token precedence (split option) (105.8888ms)
✔ compiled unrestricted MCP preserves legacy CLI token precedence (equals option) (107.4487ms)
✔ compiled native read-only HTTP body rejects oversized declared length before end (200) (56.2818ms)
✔ compiled native read-only HTTP body rejects streamed overflow before end (200) (110.9496ms)
✔ compiled native read-only HTTP body rejects oversized declared length before end (403) (62.633ms)
✔ compiled native read-only HTTP body rejects streamed overflow before end (403) (122.3071ms)
✔ compiled native HTTP body accepts the inclusive read-only limit and preserves unrestricted transport (675.2829ms)
✔ compiled native HTTP body preserves small successful and error response behavior (350.9338ms)
✔ withholds all six source ACKs for each of two native automatic attempts (6.7496ms)
✔ holds all quality ACK duplicates to the same 8-second deadline, preserving bytes (2.4334ms)
✔ gameplay and integration pass source ACKs unchanged (0.6835ms)
✔ native resume passes ACKs and does not consume a third automatic attempt (0.3683ms)
✔ non-source ACK, heartbeat, credential rotation, approval and lifecycle are opaque passthrough (0.6731ms)
✔ rejects foreign or unproven run, Corp and hash before fault decisions (2.0254ms)
✔ assignment rebinding cannot swap a different task, scope or command kind (0.8817ms)
✔ late-ACK release sends one exact original old-run frame once without retagging (1.712ms)
✔ refuses manual-stack, wrong-repository and missing opt-in config (2.201ms)
▶ real loopback WebSocket wiring: native schema, ordered forwarding, reconnection and redaction
  ▶ isolated concurrent fixture 1
    ✔ synthetic endpoints require live ownership without relaxing config guards (17.9379ms)
    ✔ persisted owner/name schema binds and stop cannot overtake a pending assignment (61.31ms)
    ✔ upload byte transparency, ACK withholding and metadata non-disclosure (54.8284ms)
    ✔ a stale snapshot/close callback cannot bind, send or close the replacement connection (162.5608ms)
  ✔ isolated concurrent fixture 1 (483.5287ms)
  ▶ isolated concurrent fixture 2
    ✔ synthetic endpoints require live ownership without relaxing config guards (14.258ms)
    ✔ persisted owner/name schema binds and stop cannot overtake a pending assignment (62.1543ms)
    ✔ upload byte transparency, ACK withholding and metadata non-disclosure (54.8335ms)
    ✔ a stale snapshot/close callback cannot bind, send or close the replacement connection (161.7961ms)
  ✔ isolated concurrent fixture 2 (445.0053ms)
✔ real loopback WebSocket wiring: native schema, ordered forwarding, reconnection and redaction (486.0781ms)
✔ relocated doctor checks declared tools through native version commands without leaking ambient secrets or installing (1203.154ms)
✔ wrong node version produces a failing CLI result (1163.3945ms)
✔ wrong pnpm version produces a failing CLI result (1141.1654ms)
✔ wrong rustc version produces a failing CLI result (1117.1286ms)
✔ wrong cargo version produces a failing CLI result (1339.4361ms)
✔ missing package manager fails without falling back to another host command (1037.5182ms)
✔ failed component probes suppress raw stdout and stderr (1240.8084ms)
✔ unrecognized version output is rejected without echoing the command response (1297.9383ms)
✔ an unavailable pinned rustup toolchain fails instead of installing or selecting stable (1092.2595ms)
✔ already selected direct Rust binaries can be verified without rustup (1113.7188ms)
✔ invalid .node-version declaration fails before any command runs (version) (251.3808ms)
✔ invalid package.json declaration fails before any command runs (version) (221.0653ms)
✔ invalid rust-toolchain.toml declaration fails before any command runs (floating Rust) (184.0577ms)
✔ invalid rust-toolchain.toml declaration fails before any command runs (component) (145.9856ms)
✔ unsupported CLI arguments fail before probing tools (146.889ms)
ℹ tests 1253
ℹ suites 0
ℹ pass 1253
ℹ fail 0
ℹ cancelled 0
ℹ skipped 0
ℹ todo 0
ℹ duration_ms 63258.9881
