$ node --test --test-concurrency=2 --test-timeout=180000 "apps/web/src/**/*.test.mjs" "tools/*.test.mjs"
✔ editor preserves its accessible control names, preview hook, and all six check choices (59.2803ms)
✔ switching check types resets their incompatible fields and retains the rest of the policy (16.7782ms)
✔ every check-field callback retains the selected variant and unchanged checks (34.0768ms)
✔ adding and removing checks preserves tab selection, including external policy shrink and the empty state (21.4026ms)
✔ the 16-check add button limit and oversized-policy feedback are retained (16.9619ms)
✔ manual-gate transitions retain default role ordering, requester exclusion, and explicit removal (20.0478ms)
✔ preview keeps exact check order, manual-role labels, heading overrides, and requester-exclusion guidance (3.086ms)
✔ Factory exact-run navigation replaces a remembered newer outcome before mission remount (5.3696ms)
✔ run navigation ignores the duplicate activity marker in a hidden Factory tab (20.6765ms)
✔ artifact navigation chooses its exact producer while mission-only navigation preserves the current choice (1.496ms)
✔ unavailable run/task/mission cannot overwrite remembered evidence or open another run (3.3045ms)
✔ storage failure or obsolete viewer fails closed before navigation (2.7156ms)
✔ explicit navigation writes only the selected viewer scope and only the run identity (1.693ms)
✔ reload keeps the decided run instead of the other pending review or a newer worker (2.7001ms)
✔ remembered evidence is scoped to the API server, Corp, actor and mission (0.4725ms)
✔ missing remembered work never silently substitutes another visible review (0.372ms)
✔ unreadable or malformed stored context requires explicit selection, not the next review (0.4747ms)
✔ a first visit is distinct from unreadable history; failed writes do not throw (0.3542ms)
✔ only the selected run ID is stored; reviews and authority never enter browser persistence (1.7361ms)
✔ MissionCard scopes remounts, pins initial evidence and fails closed when persistence fails (16.4621ms)
✔ issue210 only the explicit server flag adds correction to a native checkpoint (3.1094ms)
✔ issue210 verifier availability is independent of correction and missing availability preserves legacy behavior (1.3868ms)
✔ issue210 revision source is the exact server-selected verifier, with no cross-item fallback (0.5855ms)
✔ only native proof plus its cancellation marker exposes source-only checkpoint verification (0.4653ms)
✔ a running checkpoint needs no cancellation repair, and ordinary verification failure stays compatible (0.381ms)
✔ missing/tampered source, checkpoint, head, active recovery or terminal outcome offers no new recovery (0.551ms)
✔ context requests are not recovery grants and never depend on inferred mission spend/status (0.3418ms)
✔ copied command binding retains the saved connection and never falls back on malformed metadata (0.4034ms)
✔ actual presentation selects the endpoint source, not the newest visible run or mission cancellation (148.5238ms)
✔ issue210 presentation separates provider-free verification from a budgeted same-session fix (39.5245ms)
✔ issue210 source-only and unavailable checkpoint presentations never suggest generic recovery (51.5593ms)
✔ actual context loader is GET-only and admits the exact item/version/mission checkpoint (65.6619ms)
✔ actual context loader rejects stale/cross-scope and malformed flags without snapshot fallback (253.5148ms)
✔ issue210 actual loader accepts boolean correction flags and defaults missing legacy authority closed (65.4804ms)
✔ issue210 exact loader retains true, false and missing checkpoint availability without granting another mode (61.9043ms)
✔ actual UI action copies only explicit checkpoint verification with the original scope/connection (261.1889ms)
✔ issue210 actual correction action retains the original CLI route, source and connection (428.3654ms)
✔ issue210 actual card drops correction authority immediately when item, version or actor changes (436.3042ms)
✔ issue210 actual contract submission uses the scoped verifier, not its provider ancestor (57.4365ms)
✔ issue210 editor loading, errors, stale context and denied correction cannot fall back or submit (344.5089ms)
✔ issue210 ordinary contract resume, redispatch and requester/role boundaries stay intact (119.2058ms)
✔ issue210 actual source-only context copies correction and revises the exact verifier; no-mode context does neither (260.7853ms)
✔ actual resume handler and rendered provider control respect native recovery blocking (9.6334ms)
✔ actual App Resume control survives an ineligible ordinary Factory recovery lookup and uses the native actor-bound POST (354.7839ms)
✔ issue221 explicit provider-correction permission permits null head without granting checkpoint or generic resume (1.0275ms)
✔ issue221 actual context reader retains null head/current provider proof and malformed heads remain non-actionable (411.5713ms)
✔ issue221 actual copy/revision actions use only source correction for the latest failed provider with null head (356.6259ms)
✔ wrong-first legacy Project 174 cannot displace the selected live lab controller (2.5944ms)
✔ every Project/repository/Corp component must match, even with an active-item pointer (0.5448ms)
✔ GitHub owner/repository case and surrounding whitespace normalize independently (0.3567ms)
✔ missing/malformed scope is neutral rather than an empty-scope match (0.3641ms)
✔ the exact active item wins among live controllers in the same scope (0.4396ms)
✔ a current live scope match wins over a stale offline active-item pointer (0.3532ms)
✔ with only offline matches, retain the exact item rather than crossing scope (0.2981ms)
✔ without an item, prefer useful live intake in the current Corp (0.4465ms)
✔ empty/no-match and unavailable explicit selections never borrow another controller (0.4394ms)
✔ heartbeat freshness and stable ID break ties without using array order or mutating inputs (2.0986ms)
✔ snapshot refresh and selected scope changes return the exact new ID/version object (0.3556ms)
✔ the actual FactoryPanel resolver feeds displayed state and both action callbacks (23.9107ms)
✔ the actual component guards controller actions, retains role gating and passes the same callback (16.9415ms)
✔ the actual API action handler targets the resolved controller ID and version for all actions (94.2937ms)
✔ the production handler preserves the existing ID-scoped idempotency/version on a lost response (30.7774ms)
✔ primary_rate_limit has a reader-facing reason and an automatic future retry (40.2758ms)
✔ secondary_rate_limit has a reader-facing reason and an automatic future retry (1.2096ms)
✔ graphql_quota has a reader-facing reason and an automatic future retry (1.4426ms)
✔ github_unavailable has a reader-facing reason and an automatic future retry (2.2806ms)
✔ quota, cost and timestamps come from the snapshot, not derived or default budgets (1.822ms)
✔ equivalent offset timestamps have the same local retry time and boundary (1.8023ms)
✔ at or after the retry deadline, waiting is not presented as a successful retry (2.0414ms)
✔ zero remaining, limit, query cost and failures remain real zeros (1.0034ms)
✔ paused desired state wins without rewriting controller health or promising a retry (1.835ms)
✔ offline health wins over polling metadata, including an elapsed retry (2.4301ms)
✔ paused and offline together retain both conditions and existing paused precedence (0.8507ms)
✔ absent legacy polling leaves the old strip intact and never fabricates a wait (0.2933ms)
✔ missing or malformed backoff data is unavailable, never zero or an invented deadline (0.5057ms)
✔ invalid values are not coerced to numbers or dates and unknown reasons are not rendered raw (2.8072ms)
✔ partial quota data preserves observed zeros while missing fields remain unavailable (0.5335ms)
✔ healthy telemetry does not infer a backoff from a zero quota or failure count (0.6339ms)
✔ UI integration remains read-only, accessible, and uses existing controller controls (24.735ms)
✔ line normalization preserves argument boundaries, literal punctuation, and duplicate values (2.7757ms)
✔ role entry supports commas and CRLF without silently deduplicating or authorizing roles (0.5978ms)
✔ mission projection retains exact task, runner and human control attribution (3.4519ms)
✔ foreign tasks and same-ID foreign-Corp runners cannot supply collaboration state (0.304ms)
✔ offline retains work without advertising live control or termination (0.3458ms)
✔ connecting retains work without advertising live control or termination (0.3101ms)
✔ a failed snapshot refresh retains exact work without advertising live controls (0.4863ms)
✔ invalid snapshot receipt NaN cannot advertise live controls (0.2713ms)
✔ invalid snapshot receipt Infinity cannot advertise live controls (0.221ms)
✔ invalid snapshot receipt 0 cannot advertise live controls (0.3633ms)
✔ invalid snapshot receipt -1 cannot advertise live controls (0.3454ms)
✔ expired/malformed lease 2026-09-16T11:59:00Z cannot claim a controller (0.6412ms)
✔ expired/malformed lease 2026-09-16T12:00:00Z cannot claim a controller (0.3128ms)
✔ expired/malformed lease bad cannot claim a controller (0.1826ms)
✔ verifying has recorded evidence but no provider controls (0.2402ms)
✔ completed has recorded evidence but no provider controls (0.133ms)
✔ lost has recorded evidence but no provider controls (0.2485ms)
✔ cancelled has recorded evidence but no provider controls (0.1489ms)
✔ a provider-free run and a superseded agent assignment expose no live controls (0.3055ms)
✔ runner grace and offline remain distinct; neither supplies human presence (0.2058ms)
✔ review links bind exact run/task and explain role and requester exclusion (0.5094ms)
✔ missing and historical identities never become fabricated named owners or current controllers (0.2507ms)
✔ draft cache survives surface remounts but never crosses Corp/actor/room/mission (0.5097ms)
✔ actual component navigation only requests exact context; rendering sends no commands (14.174ms)
✔ actual disconnected component retains readable evidence with an explicit warning (1.93ms)
✔ actual failed-refresh component distinguishes stale data from a disconnected transport (1.5488ms)
✔ actual component rejects missing receipt freshness and restores controls after a successful refresh (4.6589ms)
✔ App preserves main snapshot metadata and exact-run navigation while passing numeric receipt freshness (8.3733ms)
✔ App embeds existing scoped discussion and pins evidence before exact-run navigation (3.4069ms)
✔ late completion notifies remounted composers without clearing a newer or same-text draft (0.7217ms)
✔ late operation acknowledgment cannot clear a replacement idempotency key (178.3527ms)
✔ actual App selection never substitutes another mission after the selected record disappears (114.5154ms)
✔ actual briefing navigation has a visible destination for legacy empty descriptions (84.4061ms)
✔ verification checks do not change launch intent (1.9649ms)
✔ review navigation cannot turn its click into a form submission (0.3397ms)
✔ ordinary application setup cannot silently fall back to the fake runtime (0.632ms)
✔ composer uses two clear steps and starts with an empty goal (0.3761ms)
✔ advanced settings and detailed requirements are optional disclosures (0.8124ms)
✔ closing setup preserves the draft and returns to existing mission context (0.8055ms)
✔ explicit links to existing work reveal it without erasing an open draft (0.6293ms)
✔ native creation and explicit held-plan behavior remain unchanged (0.2613ms)
✔ review keeps the exact source and current server-derived allocation visible (0.6365ms)
✔ scope requires four explicit bounded identities and cannot mutate after submission (3.0759ms)
✔ current origin binds the exact view instance, not just equal IDs (0.4792ms)
✔ read issues exactly one encoded, uncached GET with cancellation and no body (11.1057ms)
✔ Direct accepts only exact returned linkage and drops unexpected hidden fields (1.2983ms)
✔ Factory retains only the validated work item, repository, issue number and exact URL (1.8338ms)
✔ all four response identities must echo the bound request exactly (143.0888ms)
✔ missing, malformed and older origin responses never become Direct (2.9375ms)
✔ Factory fields are required and null or missing metadata is never partly accepted (2.7382ms)
✔ Factory rejects invalid work-item identities, repository paths and issue numbers (3.4811ms)
✔ only the raw HTTPS GitHub issue URL matching returned repository and number is accepted (4.8627ms)
✔ mixed-case owner/repository URLs match normalized identity and retain display case (1.3911ms)
✔ valid case-preserving repositories and positive safe issue numbers remain verbatim (0.9432ms)
✔ old endpoints, denied authorization and transport failures stay unavailable without raw errors (1.9508ms)
✔ a synchronous API failure is contained and clears the read timer (0.7143ms)
✔ timeout aborts an unsettled read and suppresses both late success and late failure (1.0605ms)
✔ a settled success or failure cannot be overwritten by an already queued timeout (0.8701ms)
✔ cancellation before the scheduled read prevents even the GET (0.9971ms)
✔ in-flight cancellation ignores transports that resolve or reject after abort (0.9141ms)
✔ component reads once for a valid view and renders truthful Direct copy in one styled paragraph (16.8664ms)
✔ component links only a fully validated Factory response, not extra returned fields (3.7057ms)
✔ all four operating roles may read; guests, spectators and unknown roles never request context (12.6746ms)
✔ invalid or absent scope props render the conservative fallback without requesting (16.2885ms)
✔ failed exact reads preserve #185 positive or unknown fallback without inventing links or hiding failure (10.6478ms)
✔ a failed origin lookup can be retried explicitly without changing the work identities (5.1416ms)
✔ Corp, actor, room and mission changes hide old success and errors before effect cleanup (10.9762ms)
✔ late success and errors from a replaced request cannot update the current component (11.4106ms)
✔ leaving and returning to identical IDs cannot revive an earlier success or failure (4.7008ms)
✔ same-ID reopened pending requests ignore the original response and error after current denial (4.3187ms)
✔ a guest transition revokes displayed source data and returning operators must read again (2.0917ms)
✔ operating-role and API changes also invalidate old privileged context (2.1657ms)
✔ unmount cancels the read and a fresh mount with identical IDs cannot inherit its outcome (2.1486ms)
✔ one builder preserves the complete current creation payload and retained settings (2.3469ms)
✔ provider defaults, supported reasoning and commit-branch semantics match submission (1.3522ms)
✔ existing deterministic fixture semantics are not converted into provider settings (0.3752ms)
✔ scope freezes the exact serialized body and rejects an actor mismatch (0.827ms)
✔ every request field, Corp and actor invalidate an earlier quote (1.1538ms)
✔ preview debounces, uses the exact creation body, and calls only the read-only preview POST (9.1462ms)
✔ an edit or closing the composer before debounce starts no request (0.3961ms)
✔ an invalidated request is aborted and cannot publish a late successful quote (1.6179ms)
✔ late errors after actor/Corp change or unmount cannot replace the new preview (1.2256ms)
✔ editing away and back still requires a fresh request, not a revived quote (1.0317ms)
✔ allocations are displayed verbatim from the server, not a frontend Studio formula (0.8049ms)
✔ missing or mismatched quote fields never become a current allocation (2.1511ms)
✔ an absent preview endpoint gives a useful failure state without inventing allocations (1.487ms)
✔ preview response is bounded to eight tasks without reallocating server budgets (0.959ms)
✔ unknown, self, duplicate and oversized dependency references remain unknown allocations (1.1608ms)
✔ retry clears an old failure immediately and can accept a fresh quote (1.7578ms)
✔ timeout clears the quote, aborts the request and ignores a late response (0.8685ms)
✔ App shares the request body, invalidates keyed preview instances and retains native Launch (4.8017ms)
✔ mission selection and Discuss use the authoritative non-first owning room (1.5462ms)
✔ mission, task, run and artifact deep links resolve to the same owning room (0.3204ms)
✔ an explicit room deep link and all-discussion view stay in that room (1.2759ms)
✔ stale, missing and older mission/room projections never fall back to the first room (0.2364ms)
✔ related work is limited to the selected room and mission, not a fixed item count (1.7003ms)
✔ messages are room-filtered before mission links and out-of-order reply ancestry (0.6696ms)
✔ valid room, mission and inherited reply submissions retain the same scope (0.6945ms)
✔ stale actor, Corp, room and mission scopes cannot submit or complete a newer draft (0.2689ms)
✔ a disappearing mission or owning room fences previously valid submissions (0.3012ms)
✔ foreign, missing or stale links and replies cannot silently become general comments (0.4496ms)
✔ guest-shaped and missing Factory projections do not establish Direct origin (0.5199ms)
✔ a mission older than the 500-item Factory window remains origin-unknown (0.4823ms)
✔ a positively matched visible Factory item retains its issue attribution (0.204ms)
✔ known publication/recovery linkage is generic when intake details are unavailable (0.4367ms)
✔ projection helpers preserve the authoritative input and do not retain hidden origin data (0.3456ms)
✔ the UI uses the tested projection and submission helpers on both discussion entry paths (17.1568ms)
✔ scope requires every explicit identity and repository and freezes the view generation (4.9383ms)
✔ the exact scope object, not equal IDs or a prior A -> B -> A view, selects the load (0.6736ms)
✔ one encoded GET is uncached, abortable and body/header/credential free (12.7759ms)
✔ published DTO retains only bound result metadata and leaves raw input untouched (2.6956ms)
✔ only explicit null publication in a correctly scoped response is known absence (3.8293ms)
✔ item and publication scope mismatches never expose links or known absence (9.3153ms)
✔ publication source issue matches the work item without equating authorizer, revisions or checkpoint generations (1.4869ms)
✔ publication and artifact identity tuples plus full digests must all match (4.061ms)
✔ missing, duplicate and unrelated-first deliverables cannot substitute a result (1.2812ms)
✔ native provenance identity, source/target branches and digests are checked without retaining authority (5.5793ms)
✔ raw GitHub PR URLs allow native slash suffixes but retain exact repository and number checks (6.2713ms)
✔ owner/repository display case is preserved while full hex values compare by bytes (1.1421ms)
✔ PR state, exact head, owner, recorded metadata and phase cannot contradict each other (2.61ms)
✔ download metadata rejects controls, external/native paths, malformed hashes and invalid sizes (13.8406ms)
✔ pending, PR-created, published and failed publication are distinct without claiming a live app (3.4065ms)
✔ only a different valid pinned run is a mismatch; same-run contradictions stay unavailable (1.2546ms)
✔ loading, denied and stale contexts cannot become a result or known absence (2.6489ms)
✔ denials, missing endpoints and sync/async transport failures stay unavailable without raw errors (1.2202ms)
✔ timeout aborts and suppresses late successes and failures without retries (1.2071ms)
✔ queued timeout callbacks cannot overwrite a settled success, absence or denial (0.7516ms)
✔ cancellation before start issues no GET; in-flight cancellation publishes no late data (0.787ms)
✔ new same-ID generation remains unavailable after denial despite a prior response completing later (0.5489ms)
✔ requester summary does not ask for a forbidden independent decision (4.0598ms)
✔ wrong-role summary explains the existing role requirement (2.0624ms)
✔ eligible independent reviewer keeps the review invitation (1.9014ms)
✔ human gate without requester exclusion still allows the requester (1.8934ms)
✔ completed result does not inherit a pending-review restriction (1.9206ms)
✔ fresh human-only bootstrap can select a runner runtime before any crew exists (3.5841ms)
✔ retired and legacy identities neither enable nor suppress advertised runtimes (0.4903ms)
✔ studio requires the exact selected source on a connected runner, not another repository (0.5735ms)
✔ source repository and commit matching are case-insensitive but ref matching is exact (0.3517ms)
✔ unavailable runtimes and non-runtime capabilities are not mission options (1.5061ms)
✔ catalog merging prefers an enabled model without changing the source snapshot (0.7581ms)
✔ unscoped status and crew include ready connection-bound runtimes, but dispatch keeps its exact binding (1.29ms)
✔ studio always selects Copilot even when another runtime was requested (0.2624ms)
✔ studio does not fall back to another provider or an unavailable Copilot runtime (0.5981ms)
✔ solo selection and deterministic fixtures retain their runtime contracts (0.6302ms)
✔ a disappearing explicit runtime cannot silently switch provider with stale model settings (0.2861ms)
✔ studio uses enabled Copilot model settings or an explicit provider default (0.2796ms)
✔ fixtures ignore hidden provider model settings (0.1852ms)
✔ normal UI bootstrap opts out of seeded crew without changing fixture tooling (11.6319ms)
✔ runtime character descriptors match the shipped manifest, PNG dimensions, and original file bytes (56.2538ms)
✔ named characters and stable worker identities retain their appearance across reordered snapshots (1.4735ms)
✔ numeric roster positions wrap without producing missing characters, and invalid numbers use the default (0.6401ms)
✔ walking uses the original three poses in a 0,1,2,1 cycle at the 150ms boundaries (0.8446ms)
✔ idle, typing, reading and facing use the actual source-sheet rows and columns (0.7193ms)
✔ invalid or negative animation time selects the first pose without invalid source coordinates (0.4436ms)
✔ every animation and direction remains inside a real sheet after long-running animation (0.8476ms)
✔ default floor distinguishes connected workers from offline and test registrations (3.8176ms)
✔ omitted and null retirement fields keep legacy and mission identities available (0.3596ms)
✔ every non-null retirement excludes an identity regardless of pin, date, or reported work (0.509ms)
✔ retired identity remains resolvable in the unmodified historical snapshot (1.4054ms)
✔ retiring the selected agent falls back to current crew, including the empty-roster case (0.3932ms)
✔ pagination filters retirement before assigning seats without mutating order (0.7302ms)
✔ idle does not become working or reviewing from a stale station or pending run request (0.3993ms)
✔ working and blocked status still derive from exact server state and current-run requests (0.2826ms)
✔ #154: a selected worker on a later studio is located on initial mount and selection changes (0.652ms)
✔ #154: studio lookup follows retirement repagination, not stale seat indexes (0.7173ms)
✔ #154: manual paging survives snapshots, but another selected agent resets page and zoom (0.6855ms)
✔ #154: retirement moving the selected agent to a different page resets the camera (0.3003ms)
✔ #154: mounting or remounting the same starting run never fabricates an arrival (0.2738ms)
✔ #154: only an observed new active run can animate once, and reduced motion wins (0.369ms)
✔ #154: blocked work takes recovery priority over both idle and ordinary active work (0.5063ms)
✔ #154: exact approvals keep priority, and only an unblocked empty floor offers new work (0.2417ms)
✔ history inspectors retain the full snapshot while the floor uses current identities (16.6822ms)
✔ Factory activity prioritizes the exact outcome review, then tool approval, before newer work (3.8903ms)
✔ selection ignores terminal, denied and foreign tool approvals without inventing a run (0.362ms)
✔ terminal runs cannot become reviewable or active from dangling pending decision records (23.8684ms)
✔ live task, agent, control, timestamps and safe activity come from one scope without mutation (1.6795ms)
✔ a stale Running intake never claims that a cancelled provider is active (1.3462ms)
✔ pending exact-run outcome review is distinct from an active provider and completion (1.0747ms)
✔ tool authority and unavailable decision context do not become outcome approval (2.2649ms)
✔ a completed run is not automatically a completed mission or published application (1.1632ms)
✔ retained data cannot claim current execution: {"connection":"offline"} (0.8411ms)
✔ retained data cannot claim current execution: {"connection":"connecting"} (1.0768ms)
✔ retained data cannot claim current execution: {"snapshotFailed":true} (0.8225ms)
✔ retained data cannot claim current execution: {"snapshotReceivedAt":null} (0.5055ms)
✔ grace, offline and wrong-Corp runner records cannot establish provider liveness (3.0092ms)
✔ runner loss and uncertain teardown remain unknown until a positive termination receipt (1.9965ms)
✔ verifier-only runs never appear as a running model (0.9986ms)
✔ quarantine and protected stops stay prominent even with stale transport (1.9264ms)
✔ failed verification, cancelled work and unknown execution modes remain explicit (1.6513ms)
✔ missing, duplicate or foreign task context cannot fall back to another run (1.0376ms)
✔ activity is scoped, deduplicated, ordered, bounded and never reveals raw payloads (3.1216ms)
✔ missing start, invalid clocks and backwards timestamps do not invent a duration (0.8901ms)
✔ expired leases and foreign attribution do not display an active controller (0.963ms)
✔ actual React detail component reuses current classes, native disclosure and escaped text (17.8778ms)
✔ the Factory integration uses the existing exact-run selector, scoped snapshot and old callbacks (2.3784ms)
✔ a burst of 1000 streamed events schedules one snapshot instead of 1000 requests (2.4687ms)
✔ events arriving during a request produce exactly one trailing snapshot (6.6385ms)
✔ the final event during the trailing request is not dropped (1.3057ms)
✔ disposing before a scheduled refresh prevents any fetch (0.4171ms)
✔ disposing an actor/Corp scope aborts its request and drops trailing work (2.32ms)
✔ refresh failures are handled and a later event can still refresh (1.3322ms)
✔ a disposed scope does not report an obsolete aborted read as a new UI error (0.9409ms)
✔ websocket events use the coalescer and cleanup cancels its read scope (5.7113ms)
✔ initial connection is bounded, cancellable and offers retry rather than mission restart (5.5123ms)
✔ actual App presence polling only runs for open connection-dependent views, without reconnecting the event socket (248.8656ms)
✔ artifact defaults retain the current wire shape and do not share mutable values (3.7759ms)
✔ file defaults retain the current wire shape and do not share mutable values (0.1868ms)
✔ command defaults retain the current wire shape and do not share mutable values (0.1908ms)
✔ test defaults retain the current wire shape and do not share mutable values (0.1737ms)
✔ json_schema defaults retain the current wire shape and do not share mutable values (0.2203ms)
✔ screenshot defaults retain the current wire shape and do not share mutable values (0.1666ms)
✔ check summaries preserve paths, argument boundaries, byte floors, JSON keys, and rounded timeouts (21.479ms)
✔ array summaries distinguish item boundaries and preserve exact argument and key values (0.6362ms)
✔ byte-counted summaries use singular byte only for the one-byte floor (0.3989ms)
✔ empty and oversized policies remain invalid, with the 16-check boundary accepted (0.6804ms)
✔ invalid byte floor 0 is reported for every byte-counted check (0.2565ms)
✔ invalid byte floor -1 is reported for every byte-counted check (0.1229ms)
✔ invalid byte floor NaN is reported for every byte-counted check (0.1705ms)
✔ invalid byte floor Infinity is reported for every byte-counted check (0.1523ms)
✔ validation preserves check order and reports missing paths, programs, timeout bounds, and JSON keys (0.4157ms)
✔ manual gates require allowed roles without changing requester-exclusion semantics (0.4084ms)
✔ preserves the existing advisory-validator scope; server schema/path authorization remains authoritative (0.6781ms)
✔ check transformations create new drafts while retaining unchanged evidence checks and gate identity (0.3803ms)
✔ gate transitions preserve checks and retain current deliberate resets even when reselecting a gate type (0.2899ms)
✔ verification labels retain their current wording and fallback formatting (0.3547ms)
✔ WorkResultCard exposes its status and supplied content with metadata collapsed by default (15.5065ms)
✔ ready PR retains its exact URL and only an explicit download invokes the matching callback (16.1986ms)
✔ loading, unavailable and no-publication states do not fabricate a PR or perform actions (4.8975ms)
✔ a historical review mismatch changes selection only through explicit Go to delivered result (3.3435ms)
✔ an unavailable delivered-run target preserves the historical selection and only offers refresh (270.2427ms)
✔ a failed publication with a recorded PR remains inspectable without being labeled Published (8.1093ms)
✔ Published is not merged or deployed and its collapsed details never invent a running preview (6.8391ms)
✔ expired artifact retention does not hide an existing PR or replace server download validation (12.129ms)
✔ actual hook hides prior result before cleanup and aborts on each exact scope change (48.0583ms)
✔ actual hook fences late success and failure before cleanup and after replacement (20.0394ms)
✔ actual hook close and reopen with identical IDs cannot revive old ready or pending data (23.328ms)
✔ actual hook treats positive revision as one refresh hint and never retries failure on render (52.8603ms)
✔ actual App origin-unavailable branch offers manual Refresh work context with no PR CTA (13.4278ms)
✔ actual App first-hop retry exposes the authorized result without moving pinned evidence (28.5788ms)
✔ actual App fallback reports unavailable review details for an unresolved run or request (14.2441ms)
✔ actual work pickers retain a deep-linked historical mission outside the recent eight (104.9237ms)
✔ actual work pickers do not duplicate a recent selection or invent an absent mission (78.0526ms)
✔ related work includes the third mission, task, run and artifact (2.3039ms)
✔ work links name the actual work rather than presenting only opaque IDs (0.3347ms)
✔ related options deduplicate repeated snapshot references (0.289ms)
✔ mission discussion retains nested replies, including out-of-order snapshots (2.3027ms)
✔ task, run and artifact comments inherit the owning mission only (0.3797ms)
✔ unlinked cycles and missing ancestors cannot manufacture mission context (0.3504ms)
✔ context helpers leave authoritative messages and work objects unchanged (0.3479ms)
✔ work selection follows the owning authorized mission and rejects unknown links (0.4021ms)
✔ human review and automated verification are not advertised as live model sessions (0.4263ms)
✔ enterprise task labels explain the legacy studio lane keys (0.4797ms)
✔ review eligibility explains requester exclusion without bypassing the policy (0.6263ms)
✔ a pending evidence review selects its run rather than a newer active worker (0.3264ms)
✔ a tool-approval wait cannot hide a different pending evidence review (0.1826ms)
✔ review selection rejects mismatched tasks, terminal runs and non-pending requests (0.2889ms)
✔ explicit evidence selection stays bound to that run and cannot inherit another review (0.206ms)
✔ unselected evidence follows remaining reviews and retains snapshot order without mutation (0.2565ms)
✔ a decided run remains selected until the operator deliberately chooses the next review (0.182ms)
✔ mission UI binds evidence and decisions and pins the target before submitting (15.5181ms)
✔ runner revision is stable for reordered equivalent records without sorting the input (3.5341ms)
✔ runner revision ignores heartbeat, display and capability churn (0.3613ms)
✔ runner revision changes only when lifecycle identity or presence records change (0.4307ms)
✔ offline presence requests revalidation without rewriting endpoint readiness (0.3983ms)
✔ reconnect mismatch remains a hint until the endpoint itself returns ready presence (0.5359ms)
✔ unknown presence is false and same-ID foreign runners cannot supply presence (1.5276ms)
✔ presence hints never promote or erase native sign-in and installation states (1.0022ms)
✔ revision and presence helpers leave source, models, identity and selection immutable (0.996ms)
✔ saved choice and source remain present while its machine is offline (0.4062ms)
✔ ready metadata alone cannot borrow another connection or source for dispatch (0.6422ms)
✔ connection UI identity is scoped to actor and room (0.2795ms)
✔ native sign-in instructions cannot navigate to another host or credential-bearing URL (0.3727ms)
✔ accepts matching current contracts, aliases, CRLF and historical prose outside markers (121.2774ms)
✔ rejects added source validation command and reports expected and actual (158.4036ms)
✔ rejects removed source validation command and reports expected and actual (52.223ms)
✔ rejects reordered source validation command and reports expected and actual (53.3266ms)
✔ rejects changed documented commands; correcting the documented sequence restores passing (108.6352ms)
✔ accepts quoted literal Node globs through aliases while preserving quoted versus shell-expanded arguments (87.2754ms)
✔ rejects a source SDK bump until both current compatibility docs are updated (76.7026ms)
✔ rejects a source CLI bump until both current compatibility docs are updated (67.8866ms)
✔ rejects missing opening marker instead of silently dropping a required documentation contract (58.487ms)
✔ rejects missing closing marker instead of silently dropping a required documentation contract (53.7205ms)
✔ rejects duplicate block instead of silently dropping a required documentation contract (59.7246ms)
✔ rejects reversed markers instead of silently dropping a required documentation contract (71.1252ms)
✔ rejects inline marker instead of silently dropping a required documentation contract (62.5302ms)
✔ requires every current runtime contract and a single SDK and CLI claim inside each (63.2901ms)
✔ rejects missing root alias in the authoritative command sequence (82.9017ms)
✔ rejects cyclic root aliases in the authoritative command sequence (107.8842ms)
✔ rejects shell pipeline in the authoritative command sequence (60.2423ms)
✔ rejects quoted shell expansion in the authoritative command sequence (56.1529ms)
✔ rejects empty command in the authoritative command sequence (71.832ms)
✔ rejects unsupported alias arguments in the authoritative command sequence (70.0193ms)
✔ rejects unknown documented aliases and malformed command fences (58.9462ms)
✔ reports missing required documents and an invalid source manifest without silently skipping them (62.5353ms)
✔ fails closed for unconstrained SDK dependency (48.3215ms)
✔ fails closed for SDK pin in wrong table (68.4513ms)
✔ fails closed for duplicate SDK declaration (53.4256ms)
✔ fails closed for missing named runtime constant (49.4501ms)
✔ fails closed for duplicate runtime constant (55.1082ms)
✔ relocated CLI resolves its own repository, executes no documented command, and exits nonzero for drift (381.4269ms)
✔ checkpoint fixture produces a complete, independently tested local application (453.561ms)
✔ read-only executable hashing accepts Cargo/Git hardlinks without relaxing source isolation (35.8248ms)
✔ exact terminal metadata produces actionable failure and missing-evidence findings using GET only (25.1257ms)
✔ listed artifact is run-scoped metadata and never establishes content or attempt verification (2.9901ms)
✔ refuses active parent (1.2642ms)
✔ refuses wrong repository (0.5667ms)
✔ refuses foreign head repository (0.7463ms)
✔ refuses different workflow (0.4744ms)
✔ refuses different head (0.41ms)
✔ refuses different attempt (0.4395ms)
✔ refuses job from other attempt (0.873ms)
✔ refuses job from other head (0.9648ms)
✔ refuses duplicate job (1.0014ms)
✔ refuses unfinished job (0.7913ms)
✔ refuses foreign artifact (0.7372ms)
✔ refuses excess artifacts (1.8855ms)
✔ complete bounded job pagination is required and supported (10.3785ms)
✔ pagination total drift and final run drift refuse a completed observation (1.793ms)
✔ expired artifacts and unexplained parent failure remain reviewable rather than passing (1.3522ms)
✔ same-source replay is a no-op; changed facts retain revisions and mark no-longer-observed findings (4.3881ms)
✔ previous hash tampering refuses before network reads (0.4346ms)
✔ forged previous findings fail integrity or semantic reconstruction; source changes require a new scope (4.0782ms)
✔ newer prior observations and attempts do not flow backward (4.0788ms)
✔ secret-bearing fields and supplied links never enter a receipt or executable Markdown (1.4583ms)
✔ native read budget rejects alternate endpoints, oversized metadata and late responses (1.4351ms)
✔ omitting all required jobs cannot turn one replacement success job into a complete maintenance result (1.0278ms)
✔ required skipped job needs review even when an earlier run artifact is listed (1.0906ms)
✔ required neutral job needs review even when an earlier run artifact is listed (0.9653ms)
✔ failed GETs consume the finite shared admission budget without retries (1.1294ms)
✔ CLI writes new bounded files and refuses output reuse; failures retain no raw API error (59.3963ms)
✔ hosted context binds default observer branch, event and exact parent; local mode makes no hosted claim (17.3557ms)
✔ CLI accepts only bounded exact selection and a complete prior pin (0.7982ms)
✔ CI workflow: exact Windows runner failure produces a scoped read-only handoff (2.3196ms)
✔ CI workflow: complete successful jobs need only their own declared report artifacts (1.8969ms)
✔ CI workflow: required artifact-free jobs remain required and must execute (1.4738ms)
✔ Repository checks retains its published contract and previous-receipt no-op semantics (2.7793ms)
✔ CI completeness refuses skipped artifact-free required jobs (1.6648ms)
✔ CI completeness refuses neutral artifact-free required jobs (1.1479ms)
✔ CI completeness rejects replacement jobs and requires only CI report metadata (3.3454ms)
✔ CI observation is not a parent-pass claim and does not inspect diagnostic artifacts (1.3959ms)
✔ workflow profiles cannot reuse each other's receipts even at the same source (5.6287ms)
✔ CI identity refuses unknown workflow path (0.4301ms)
✔ CI identity refuses workflow-ID substitution (0.3066ms)
✔ CI identity refuses workflow-name substitution (0.3606ms)
✔ CI identity refuses workflow-path substitution (0.3142ms)
✔ CI identity refuses foreign repository (0.3644ms)
✔ CI identity refuses fork head repository (0.5811ms)
✔ CI identity refuses wrong source head (0.3619ms)
✔ CI identity refuses wrong attempt (0.9812ms)
✔ CI identity refuses active CI parent (0.2537ms)
✔ reader allowlist admits exactly the two workflow metadata routes (0.3478ms)
✔ hosted CI event binds workflow identity to the selected native parent (40.2741ms)
✔ workflow trigger keeps trusted observer checkout and read-only scopes for both producers (2.6337ms)
✔ consumer rereads native state using trusted routing and tolerates only observation timing changes (8.3395ms)
✔ consumer refuses task contract revision drift in a fresh observation (1.6371ms)
✔ consumer refuses source base commit drift in a fresh observation (0.9775ms)
✔ consumer refuses verifier digest drift in a fresh observation (0.9605ms)
✔ consumer refuses another actor scope drift in a fresh observation (1.5397ms)
✔ explicit run and mode selections fail before contacting a server (0.6501ms)
✔ denied or unavailable current data does not fall back to a previously passing receipt (0.3956ms)
✔ a matching failed native outcome cannot be consumed as accepted completion (0.6926ms)
✔ file consumption requires the exact expected byte hash and a bounded valid receipt (54.229ms)
✔ receipt file reads accumulate short native reads before validating bytes (21.0795ms)
✔ receipt file truncate during short reads fails before parsing (6.035ms)
✔ receipt file grow during short reads fails before parsing (11.285ms)
✔ framed stat metadata survives arbitrary chunk boundaries without payload disclosure (3.6652ms)
✔ unrelated RPCs and read-file contents are not recorded (1.6423ms)
✔ a response ID type change is visible without recording identifier values (0.5574ms)
✔ oversized frames are skipped without parsing nested payload text as requests (0.5396ms)
✔ optional wire observation forwards exact bytes and drains the child (327.8136ms)
✔ a matching request needs a durable rejection and settled run (2.0828ms)
✔ terminal provider without permission is inconclusive, never a pass (1.6276ms)
✔ a rejected but unrelated permission does not satisfy the requested boundary (0.2656ms)
✔ approval acceptance, expiry or missing persisted decision cannot pass (0.4229ms)
✔ a decision or final run from another identity is rejected (0.2797ms)
✔ a provider that has not settled cannot pass the boundary (0.2719ms)
✔ all independent boundary results are required for complete coverage (1.4162ms)
✔ later passing cases remain visible after an earlier inconclusive case (0.3918ms)
✔ duplicate, unknown and malformed results cannot manufacture complete coverage (1.7355ms)
✔ accepts an exact seed and credential-free children of the owned runner (4.3672ms)
✔ a marker elsewhere or an arbitrary GITHUB_TOKEN is not a proven seed (1.8859ms)
✔ absent, ambiguous or foreign runner seed records cannot establish the precondition (1.3916ms)
✔ runner seed booleans must be explicit, not truthy or absent (1.5082ms)
✔ missing spawn and undefined parent IDs cannot accidentally correlate (0.5085ms)
✔ runner spawn must be unique, current and tied to the owned observer (0.7136ms)
✔ a seed observed only after runner spawn cannot prove the launch precondition (0.3648ms)
✔ missing or foreign provider observations cannot satisfy the required count (0.4822ms)
✔ a wrong-parent provider is rejected rather than silently filtered out (0.5157ms)
✔ provider identity and absence booleans must be explicit and valid (1.122ms)
✔ missing ownership and zero or malformed minimums never allow a vacuous pass (0.5984ms)
✔ actual successful relative, absolute and round-trip view results are required (2.2121ms)
✔ provider self-report and final file existence are not native-read evidence (1.394ms)
✔ a missing absolute read or readback cannot pass (1.0894ms)
✔ missing-file errors and successful-but-wrong content remain failures (0.6185ms)
✔ wrong-session or conflicting tool results cannot manufacture evidence (1.2537ms)
✔ an external path with the same filename is not the assigned seed (0.3137ms)
✔ an incomplete stream is explicitly incomplete, not successful empty coverage (0.1941ms)
✔ runner observation proves the synthetic credential was inherited (282.4866ms)
✔ a missing seed fails before starting a runner (141.5976ms)
✔ provider observation confirms removal before invoking the real binary (298.2825ms)
✔ an inherited provider credential fails before any provider execution (170.8861ms)
✔ a marker under another key cannot hide a missing runner GITHUB_TOKEN seed (192.0324ms)
✔ a different token plus an unrelated marker cannot manufacture an exact runner seed (189.9734ms)
✔ a provider token other than the canary is still rejected before child execution (202.8742ms)
✔ a provider canary under another key remains a failing credential boundary (145.9032ms)
✔ uninvoked production modules remain in the coverage denominator with zero hits (14.5009ms)
✔ missing production files cannot produce a passing partial coverage result (0.6547ms)
✔ duplicate and out-of-scope files cannot inflate the denominator (1.4781ms)
✔ missing, duplicate and impossible native counts are rejected (0.4936ms)
✔ truncated records are never accepted as completed coverage evidence (0.394ms)
✔ zero available branches are reported as not applicable instead of fabricated 100 percent (0.401ms)
✔ issue195 public receipt binds parent binaries, pinned runtime identity, and distinct task source (8.115ms)
✔ explicit current fixture hash, suspend tokens, and missing-artifact switch normalize without disk reads (1.2109ms)
✔ rebuilt server/runner receipt hashes and an explicit rebuilt CLI hash remain valid and bound (4.7973ms)
✔ all required options are explicit; help is inert (1.4067ms)
✔ every duplicate value option and duplicate boolean switch fails closed (2.3561ms)
✔ unknown targets, positionals, missing operands, and equals-form options are rejected (0.784ms)
✔ configuration rejects old issue190 (0.3122ms)
✔ configuration rejects string issue number (0.2144ms)
✔ configuration rejects parent rather than candidate code (0.2683ms)
✔ configuration rejects runtime commit used as task source (0.5227ms)
✔ configuration rejects unpinned source ref (0.2862ms)
✔ configuration rejects another runner (0.1838ms)
✔ configuration rejects unowned receipt (0.5131ms)
✔ configuration rejects not-running supervisor (0.3153ms)
✔ configuration rejects missing owner (0.4416ms)
✔ configuration rejects invalid owner (0.3276ms)
✔ configuration rejects changed code checkout (0.63ms)
✔ configuration rejects changed source checkout (0.2075ms)
✔ configuration rejects changed worktree root (0.1944ms)
✔ configuration rejects invalid server digest (0.2217ms)
✔ configuration rejects invalid runner digest (0.3415ms)
✔ configuration rejects executable substitution (0.371ms)
✔ configuration rejects binary outside owned bin (0.3552ms)
✔ configuration rejects missing public process (0.2241ms)
✔ configuration rejects wrong process role (0.3316ms)
✔ configuration rejects wrong process workspace (0.449ms)
✔ configuration rejects invalid process pid (0.3811ms)
✔ configuration rejects invalid process start (0.3889ms)
✔ synthetic VerifyRun evidence distinguishes awaiting independent review from accepted completion (13.4697ms)
✔ forced commit_branch export rejection is a named failure, never archive bypass or approval (2.9887ms)
✔ missing-required-provider-Artifact negative shares the native checks without inventing bytes (3.1477ms)
✔ assessRecovery refuses original usage rewritten (3.3077ms)
✔ assessRecovery refuses original output history changed (2.2417ms)
✔ assessRecovery refuses provider-attempt counter reset (3.8764ms)
✔ assessRecovery refuses provider-attempt maximum changed (3.0277ms)
✔ assessRecovery refuses source incident changed (3.1925ms)
✔ assessRecovery refuses checkpoint authority absent (3.7586ms)
✔ assessRecovery refuses different context source (2.1554ms)
✔ assessRecovery refuses budget reset hidden in context (2.0109ms)
✔ assessRecovery refuses another native recovery (2.3982ms)
✔ assessRecovery refuses source-correction instead of verification (2.5772ms)
✔ assessRecovery refuses recovery contract revision (1.8378ms)
✔ assessRecovery refuses changed recovery reason (1.8006ms)
✔ assessRecovery refuses weakened replacement policy (1.8437ms)
✔ assessRecovery refuses new provider session (2.4467ms)
✔ assessRecovery refuses allocated model tokens (2.5905ms)
✔ assessRecovery refuses allocated model cost (2.4202ms)
✔ assessRecovery refuses consumed input tokens (3.1947ms)
✔ assessRecovery refuses consumed output tokens (2.7708ms)
✔ assessRecovery refuses consumed model cost (2.7924ms)
✔ assessRecovery refuses different workspace root run (2.3055ms)
✔ assessRecovery refuses replacement workspace not preserved (3.0933ms)
✔ assessRecovery refuses replacement fingerprint changed (3.789ms)
✔ assessRecovery refuses invented provider artifact (4.3807ms)
✔ assessRecovery refuses provider event outside snapshot window (2.588ms)
✔ assessRecovery refuses native command acknowledgment missing (2.6676ms)
✔ assessRecovery refuses missing native app check (2.4787ms)
✔ assessRecovery refuses evidence kind mismatch (3.9399ms)
✔ assessRecovery refuses independent-review self-approval (2.0729ms)
✔ assessRecovery refuses accepted run before gate decision (1.9271ms)
✔ assessRecovery refuses missing factory completion event (1.353ms)
✔ assessRecovery refuses empty source deliverable (2.1227ms)
✔ assessRecovery refuses wrong deliverable provenance (2.7758ms)
✔ download validation uses in-memory bytes and checks payload digests without claiming a browser test (3.9929ms)
✔ configuration refuses target http://localhost:18574 (0.4025ms)
✔ configuration refuses target https://127.0.0.1:18574 (0.1184ms)
✔ configuration refuses target http://127.0.0.1:18574/ (0.1184ms)
✔ configuration refuses target http://127.0.0.1:18575 (0.1557ms)
✔ configuration refuses target http://127.0.0.1:8791 (0.2464ms)
✔ configuration refuses target http://127.0.0.1:18574/api (0.1494ms)
✔ configuration refuses target http://127.0.0.1:18574?x=1 (0.1027ms)
✔ configuration refuses target http://example.invalid:18574 (0.0992ms)
✔ configuration refuses target http://user:password@127.0.0.1:18574 (0.098ms)
✔ configuration refuses target http://[::1]:18574 (0.0994ms)
✔ absolute path and owned-output boundaries reject aliases, devices, UNC, ADS, and root reuse (4.2816ms)
✔ explicit independent reviewer, valid digest, and bounded numeric options are mandatory (8.1991ms)
✔ reports expose hashes and constrained identity, never receipt metadata or provider output (2.6011ms)
✔ saved report cannot adopt changed authority, extra fields, or identities without prior intent (8.1022ms)
✔ baseline and journal never consult the bounded snapshot.events window (35.8989ms)
✔ baseline preserves every pre-existing missions record (1.7549ms)
✔ baseline preserves every pre-existing tasks record (0.8382ms)
✔ baseline preserves every pre-existing runs record (1.412ms)
✔ baseline preserves every pre-existing factory_work_items record (1.539ms)
✔ baseline preserves every pre-existing factory_verification_recoveries record (1.3985ms)
✔ baseline preserves every pre-existing verification_evidence record (1.3149ms)
✔ baseline preserves every pre-existing verification_requests record (1.5648ms)
✔ baseline preserves every pre-existing source_deliverables record (2.5552ms)
✔ baseline preserves every pre-existing mission_contract_revisions record (1.6682ms)
✔ baseline preserves every pre-existing mission_budget_revisions record (1.721ms)
✔ baseline preserves every pre-existing action_approvals record (1.9031ms)
✔ baseline preserves every pre-existing circuit_breaker_incidents record (1.7975ms)
✔ baseline permits additive rows and events while forbidding live work and missing history tables (2.8745ms)
✔ journal requires exact Ready watermark, ordered unique same-Corp events, and bounded count (1.4416ms)
✔ buildPlan is deterministic, fresh, output-owned, and mirrors one ready synthetic issue (1.811ms)
✔ factory argv remains pinned and recovery only appends the exact checkpoint mode and recorded reason (1.8132ms)
✔ persisted app, base-file, exact hash command and independent-review checks cannot be replaced by Artifact (9.1961ms)
✔ checkpoint digests use Rust field order, preserve app policy, and retain forced commit_branch authority (0.7979ms)
✔ invokeFactory uses only injected child I/O, a bounded timeout, and a non-inherited environment (1.675ms)
✔ invokeFactory never retries an uncertain execution or logs raw stdout/stderr (1.5802ms)
✔ explicit Windows assessment preserves historical paths on every host (5.4245ms)
✔ default host assessment still rejects foreign path namespaces (1.807ms)
✔ assessOriginal binds native stop from full replay, not snapshot.events (2.7917ms)
✔ assessOriginal binds native suspend from full replay, not snapshot.events (3.2575ms)
✔ assessOriginal rejects provider attempt increment without accepting or replacing work (2.6378ms)
✔ assessOriginal rejects attempt ceiling revision without accepting or replacing work (1.3663ms)
✔ assessOriginal rejects current budget revision without accepting or replacing work (1.2997ms)
✔ assessOriginal rejects original budget rewrite without accepting or replacing work (1.3288ms)
✔ assessOriginal rejects persisted hash verifier removal without accepting or replacing work (1.4386ms)
✔ assessOriginal rejects manual gate weakening without accepting or replacing work (1.4003ms)
✔ assessOriginal rejects contract source replacement without accepting or replacing work (0.8686ms)
✔ assessOriginal rejects write scope replacement without accepting or replacing work (0.9098ms)
✔ assessOriginal rejects archive bypass of forced commit_branch without accepting or replacing work (0.8487ms)
✔ assessOriginal rejects provider secret authority without accepting or replacing work (1.1319ms)
✔ assessOriginal rejects extra provider run without accepting or replacing work (1.8646ms)
✔ assessOriginal rejects extra task without accepting or replacing work (1.4213ms)
✔ assessOriginal rejects changed factory owner without accepting or replacing work (1.3853ms)
✔ assessOriginal rejects changed issue revision without accepting or replacing work (1.3121ms)
✔ assessOriginal rejects wrong assigned runner without accepting or replacing work (1.4042ms)
✔ assessOriginal rejects producer reviewing itself without accepting or replacing work (1.4082ms)
✔ assessOriginal rejects source-checkout execution without accepting or replacing work (1.6854ms)
✔ assessOriginal rejects quarantined checkpoint without accepting or replacing work (1.2822ms)
✔ assessOriginal rejects loop-counter change without accepting or replacing work (1.3032ms)
✔ assessOriginal rejects rewritten usage without accepting or replacing work (1.4829ms)
✔ assessOriginal rejects invented provider artifact without accepting or replacing work (1.292ms)
✔ assessOriginal rejects checkpoint missing without accepting or replacing work (1.6978ms)
✔ assessOriginal rejects checkpoint policy digest changed without accepting or replacing work (1.055ms)
✔ assessOriginal rejects provider still alive without accepting or replacing work (1.6503ms)
✔ assessOriginal rejects budget command not acknowledged without accepting or replacing work (1.3485ms)
✔ assessOriginal rejects budget incident missing without accepting or replacing work (1.0201ms)
✔ assessOriginal rejects previously recorded run missing without accepting or replacing work (0.8264ms)
✔ assessOriginal rejects accepted provider progress hidden before snapshot window without accepting or replacing work (1.1298ms)
✔ suite pauses for native browser review by default and only observes external approval on continuation (63.6977ms)
✔ suite retains native forced-commit export failure and performs no review, download, or policy bypass (26.2783ms)
✔ suite missing-Artifact negative is explicit rejection, not verified delivery or fabricated provider evidence (27.9723ms)
✔ --continue cannot create a baseline or begin an unrecorded mutation (11.5665ms)
✔ unknown create response is never retried; continuation times out without adopting replacement work (42.0226ms)
✔ lost create response reconciles the exact item/run, but --continue cannot authorize recovery (15.1489ms)
✔ lost recovery response binds the recorded replacement; continuation only pauses for its exact browser gate (23.5898ms)
✔ external browser approval completes exact recorded work without retries or erasing earlier failure history (52.4469ms)
✔ suite never mutates when independent reviewer is missing (5.9942ms)
✔ suite never mutates when independent reviewer is not human (5.4921ms)
✔ suite never mutates when independent reviewer is unauthorized role (5.8662ms)
✔ suite never mutates when independent reviewer is guest (5.401ms)
✔ suite never mutates when independent reviewer is wrong Corp (5.3956ms)
✔ failed intent persistence or changed parent inputs prevents the corresponding native effect (26.2419ms)
✔ a colliding synthetic item without saved create intent is never adopted or mutated (6.9095ms)
✔ wrong physical base bytes stop before recovery; tampered downloads stop without another attempt (53.007ms)
✔ --continue fails closed when recorded work disappears, with no new mission or native retry (36.6612ms)
✔ explicit browser-review flag preserves the default two-step flow without a scripted-review mode (18.2043ms)
✔ browser-review pause cannot be continued with substituted gate identities or reviewer (21.0246ms)
✔ production I/O exposes no review POST and confines injected requests to exact GET routes (39.3812ms)
✔ runtime factory adapter never retries an ambiguous injected CLI call (1.6903ms)
✔ server-upgrade option is explicit, continue-only, and confined to the owned runtime directory (23.209ms)
✔ server-only upgrade retains the original binding/failure and separately records server provenance read-only (35.3174ms)
✔ upgrade rejects runner/web/CLI changes, a mismatched old binding, and conflicting server provenance (20.7252ms)
✔ same-verifier native checkpoint re-attestation accepts a real run_id-only VerificationRequest (3.569ms)
✔ checkpoint re-attestation cannot target another run, duplicate an ACK, or permit provider usage (5.0789ms)
✔ strict phase parsing and explicit opt-in (5.2177ms)
✔ reject manual/default/aliased ports, credentials, ambiguous URLs and mismatched environment before API access (6.5663ms)
✔ verification is GET-only and no phase can call decision/reset/bootstrap/foreign-Corp routes (1.9938ms)
✔ prepare → newer approved → isolated replay observation → explicit older approval → automatic synthesis (107.7506ms)
✔ lost create response adopts exact marker without sending a second create (24.5144ms)
✔ unknown create that never arrived fails closed, never creates a replacement (3.7428ms)
✔ lost revision response replays the exact native UUID and preserves only two revisions (48.5456ms)
✔ lost launch response recovers exact root IDs by readback, never dispatches again (25.2844ms)
✔ wrong source/pinned staffing/non-quiescent fixture rejected before any POST (2.1469ms)
✔ cannot skip intermediate observation or approve the older run first (62.4207ms)
✔ exact reviewer attribution, artifact binding and no second decision are enforced (78.8408ms)
✔ duplicate decision event and journal rollover cannot pass as replay isolation (49.5005ms)
✔ checkpoint fixture mismatch and modified pre-existing rows are rejected (36.2506ms)
✔ failed artifact download is rechecked on prepare resume without more POSTs (20.2285ms)
✔ linux: native unavailable admission is a verified refusal, not provider success (319.805ms)
✔ darwin: native unavailable admission is a verified refusal, not provider success (282.0996ms)
✔ Windows: an unavailable provider remains a failure (264.4742ms)
✔ Unix: accidentally accepting an unsupported provider fails the contract (257.7395ms)
✔ Unix: an unrelated admission failure cannot stand in for containment refusal (285.3832ms)
✔ Unix: a refusal with a persisted run is rejected (241.3637ms)
✔ Unknown runner platforms fail before resetting a fixture (132.8339ms)
✔ A Linux expectation cannot conceal an unavailable Windows runner (180.2981ms)
✔ Unknown reported runner OS fails before creating provider work (176.0762ms)
✔ An owned child stuck on HTTP is reaped before fixture cleanup (2043.3987ms)
✔ explicit CLI and parent runtime receipt reuse retain owner/source/process binding (8.3466ms)
✔ additive request changes only the fixture case, keeps native 5000 authority and no delivery/resume (0.9726ms)
✔ shared client sends exact additive create/launch bodies without retries or extra routes (40.0891ms)
✔ pure native trace accepts actual ACK before failure/termination without prescribing that order (8.7115ms)
✔ pure native trace accepts actual ACK between failure/termination without prescribing that order (3.82ms)
✔ pure native trace accepts actual ACK after failure/termination without prescribing that order (1.7369ms)
✔ pure evidence rejection: missing actual artifact rejection (1.571ms)
✔ pure evidence rejection: unrelated failure (1.284ms)
✔ pure evidence rejection: termination before failure is not the race (2.6379ms)
✔ pure evidence rejection: missing termination is not success (2.4743ms)
✔ pure evidence rejection: missing ACK remains unproven (1.3393ms)
✔ pure evidence rejection: wrong command correlation (1.4761ms)
✔ pure evidence rejection: wrong ACK runner (1.1441ms)
✔ pure evidence rejection: foreign session event scope (1.2373ms)
✔ pure evidence rejection: non-native event attribution (1.493ms)
✔ pure evidence rejection: wrong native event identity (1.2356ms)
✔ pure evidence rejection: rewritten failure summary (1.4905ms)
✔ pure evidence rejection: agent still assigned (1.1569ms)
✔ pure evidence rejection: task resurrected (1.2238ms)
✔ pure evidence rejection: mission resurrected (1.3028ms)
✔ pure evidence rejection: accepted artifact metadata (1.3767ms)
✔ pure evidence rejection: late accepted completion even if snapshot says failed (1.0144ms)
✔ pure evidence rejection: accepted artifact even outside bounded snapshot.events (0.9671ms)
✔ pure evidence rejection: verification event is forbidden (0.9294ms)
✔ pure evidence rejection: uncertain teardown is forbidden (1.1483ms)
✔ pure evidence rejection: accepted evidence record (1.636ms)
✔ pure evidence rejection: budget revision (0.931ms)
✔ pure evidence rejection: replacement run (0.6461ms)
✔ pure evidence rejection: source substitution (0.6011ms)
✔ pure evidence rejection: verification-only execution cannot attest a provider (0.5665ms)
✔ pure evidence rejection: usage must be exactly two 3000-token increments (0.7772ms)
✔ invalid native termination payload cannot pass (null) (0.8363ms)
✔ invalid native termination payload cannot pass ([]) (0.8238ms)
✔ invalid native termination payload cannot pass ({}) (0.6501ms)
✔ invalid native termination payload cannot pass ({"adapter":"other"}) (0.7436ms)
✔ invalid native termination payload cannot pass ({"provider_process_alive":true}) (0.7ms)
✔ invalid native termination payload cannot pass ({"provider_process_alive":"false"}) (1.0665ms)
✔ invalid native termination payload cannot pass ({"outcome":"verified"}) (1.2744ms)
✔ invalid native termination payload cannot pass ({"message":""}) (0.7839ms)
✔ invalid native termination payload cannot pass ({"message":1}) (0.8099ms)
✔ invalid native termination payload cannot pass ({"message":"xxxxxxxxxxxxxxxxxxxxxxxxxxxxxxxxxxxxxxxxxxxxxxxx) (1.0214ms)
✔ invalid native termination payload cannot pass ({"message":"untrusted\ntext"}) (1.3949ms)
✔ invalid native termination payload cannot pass ({"message":"
"}) (0.6015ms)
✔ invalid native termination payload cannot pass ({"credential":"PRIVATE_PROVIDER_CONTENT_OR_ASSIGNMENT_TOKEN_) (0.6757ms)
✔ all native terminal outcomes and absent optional message are valid telemetry, not accepted completion (3.1259ms)
✔ one additive case checkpoints and announces intent/IDs, retains history, and waits for quiet readback (36.9927ms)
✔ passed same-case continuation recomputes proof with zero further mutations (27.2795ms)
✔ createLost: failure preserves exact intent, continuation never retries an attempted POST (15.9921ms)
✔ createUnknown: failure preserves exact intent, continuation never retries an attempted POST (2.252ms)
✔ launchLost: failure preserves exact intent, continuation never retries an attempted POST (16.4479ms)
✔ launchUnknown: failure preserves exact intent, continuation never retries an attempted POST (3.2527ms)
✔ bounded live failure leaves the original run live, IDs and intent intact, with no replacement (47.8653ms)
✔ missing late telemetry is a bounded failure with actual ACK order, not a race claim (23.2ms)
✔ natural later telemetry/finalization can settle without rewriting terminal state or historical events (14.9271ms)
✔ settling cannot hide changed terminal run summary (4.4009ms)
✔ settling cannot hide changed terminal task (4.0794ms)
✔ settling cannot hide changed terminal mission (4.9303ms)
✔ settling cannot hide changed terminal agent (7.1973ms)
✔ settling cannot hide changed old run (6.7729ms)
✔ settling cannot hide changed old agent (7.3163ms)
✔ settling cannot hide changed old journal prefix (5.6464ms)
✔ settling cannot hide changed original failure event (8.2205ms)
✔ saved report cannot substitute receipt, native authority, source, or erase baseline after an effect (3.9084ms)
✔ report save uses exclusive lock, private synced temp and atomic rename; refuses implicit overwrite (3.5319ms)
✔ stale locks are never stolen and failed saves retain original report and orphaned temp (1.1845ms)
✔ report cannot replace receipt; bounded reads reject links, hardlinks and inode swaps before reading (1.2671ms)
✔ CLI is explicit, non-ambient, duplicate/unknown flags fail (3.8455ms)
✔ explicit parent runtime metadata aligns without opening any named process/log/source (4.2922ms)
✔ rejects protected/manual API port 5187 (0.2954ms)
✔ rejects protected/manual API port 5291 (0.2084ms)
✔ rejects protected/manual API port 8791 (0.2535ms)
✔ rejects protected/manual API port 8793 (0.2272ms)
✔ rejects protected/manual API port 8991 (0.1673ms)
✔ rejects protected/manual API port 15191 (0.2017ms)
✔ rejects protected/manual API port 15193 (0.2574ms)
✔ rejects protected/manual API port 15491 (0.3089ms)
✔ rejects protected/manual API port 15493 (0.2539ms)
✔ rejects protected/manual API port 15496 (0.2831ms)
✔ rejects protected/manual API port 18961 (0.2578ms)
✔ rejects protected/manual API port 18962 (0.2133ms)
✔ rejects protected/manual API port 18963 (0.1751ms)
✔ rejects ambiguous or non-owned origin http://localhost:18574 (0.2825ms)
✔ rejects ambiguous or non-owned origin http://127.1:18574 (0.1845ms)
✔ rejects ambiguous or non-owned origin http://[::1]:18574 (0.2151ms)
✔ rejects ambiguous or non-owned origin https://127.0.0.1:18574 (0.3189ms)
✔ rejects ambiguous or non-owned origin http://127.0.0.1:18574/ (0.1705ms)
✔ rejects ambiguous or non-owned origin http://127.0.0.1:18574/api (0.1475ms)
✔ rejects ambiguous or non-owned origin http://127.0.0.1:18574?x=1 (0.2451ms)
✔ rejects ambiguous or non-owned origin http://redacted:redacted@127.0.0.1:18574 (0.3031ms)
✔ rejects ambiguous or non-owned origin http://example.com:18574 (0.2287ms)
✔ receipt requires complete immutable source, no unknown authority or provider substitution (3.2559ms)
✔ native requests preserve single strategy, exact source, budget, File verifier, no deliverable (0.5975ms)
✔ Rust policy digest uses explicit declaration order, not JS/JSONB property order (0.6758ms)
✔ canonical containment handles Windows drive prefixes but rejects aliases/escapes (0.7001ms)
✔ POSIX containment rejects traversal, equality and sibling prefixes (0.5804ms)
✔ base.txt reads exactly five bytes, and all link/reparse/hardlink failures occur before open (9.1487ms)
✔ opened-file identity swaps fail closed without reading bytes (1.3544ms)
✔ runners are top-level; nested-only, unavailable, foreign, ambiguous or different-source runners fail (0.9765ms)
✔ suspend: actual usage -> breaker -> native teardown -> exact checkpoint -> terminal (2.428ms)
✔ stop: actual usage -> breaker -> native teardown -> exact checkpoint -> terminal (0.9825ms)
✔ rejects missing checkpoint (0.9046ms)
✔ rejects foreign Corp proof (0.8284ms)
✔ rejects foreign mission proof (0.781ms)
✔ rejects foreign task proof (1.0333ms)
✔ rejects foreign run proof (1.579ms)
✔ rejects foreign agent proof (1.0081ms)
✔ rejects foreign runner proof (0.7092ms)
✔ rejects wrong original base (0.9ms)
✔ rejects changed HEAD (0.6858ms)
✔ rejects changed fingerprint (0.5899ms)
✔ rejects arbitrary JS policy ordering (0.7905ms)
✔ rejects changed write digest (0.5819ms)
✔ rejects changed deliverable digest (0.6302ms)
✔ rejects token in proof (1.0421ms)
✔ rejects live provider (0.5879ms)
✔ rejects wrong adapter (0.6799ms)
✔ rejects foreign event lineage (0.5299ms)
✔ rejects late checkpoint (0.6591ms)
✔ rejects missing usage (0.6848ms)
✔ rejects fake cumulative usage (0.5791ms)
✔ rejects wrong breaker metric (0.637ms)
✔ rejects wrong command acknowledgement (0.7462ms)
✔ rejects accepted artifact (0.6041ms)
✔ rejects verification started (0.9997ms)
✔ rejects lost is not completion (0.6635ms)
✔ rejects agent still assigned (0.7356ms)
✔ rejects automatic retry (0.752ms)
✔ rejects replacement task (0.6505ms)
✔ rejects resume lineage (0.4749ms)
✔ rejects budget override (0.3504ms)
✔ rejects write scope widening (0.4128ms)
✔ rejects policy weakening (0.3497ms)
✔ rejects path outside runner (0.6467ms)
✔ rejects unknown projection strings are not logged (0.4514ms)
✔ rejects non-native none breaker projection is rejected (0.574ms)
✔ rejects accepted evidence row (0.5111ms)
✔ full replay, not the bounded snapshot, rejects earlier run.completed (0.5981ms)
✔ full replay, not the bounded snapshot, rejects earlier run.verification_started (0.997ms)
✔ full replay, not the bounded snapshot, rejects earlier run.verification_evidence (0.5069ms)
✔ full replay, not the bounded snapshot, rejects earlier run.artifact (1.2057ms)
✔ full replay, not the bounded snapshot, rejects earlier run.deliverable (0.627ms)
✔ full replay, not the bounded snapshot, rejects earlier run.workspace_removed (0.6143ms)
✔ full replay, not the bounded snapshot, rejects earlier run.teardown_uncertain (1.056ms)
✔ visible history and original journal prefix are immutable; no whole-database inference (1.7ms)
✔ journal bounds, strict ordering, non-contiguous visible sequences and Ready watermark (0.8497ms)
✔ API requests allow only exact scoped snapshot/create/launch, never reset/policy/resume (31.7279ms)
✔ HTTP errors with sensitive bodies are not retried or exposed (1.1766ms)
✔ oversized API responses fail at the byte bound, with no response body in the error (12.1034ms)
✔ native journal API requires a real Ready watermark and refuses partial replay (1.677ms)
✔ two additive cases checkpoint intent/IDs, retain old history, and pass only after quiet observation (41.0026ms)
✔ baseline counts are dynamic, including completed prior browser-created missions (50.9233ms)
✔ completed checkpoint continuation is read-only and never re-launches either case (42.4826ms)
✔ timeout leaves a live run LIVE with its original ID and never starts a replacement/second case (29.6031ms)
✔ lost create response discovers exact original IDs; intentional continuation sends no duplicate (18.9079ms)
✔ uncertain create without an observable result blocks continuation, never replacement (1.4964ms)
✔ lost launch response discovers exact original IDs; intentional continuation sends no duplicate (24.0025ms)
✔ uncertain launch without an observable result blocks continuation, never replacement (2.4147ms)
✔ driver failure keeps IDs and failure report; late accepted verification cannot pass (7.1811ms)
✔ saved report cannot change receipt/source/runner/process scope or invent successful authority (1.1217ms)
✔ existing budget-stream keeps its original synthetic 6000-token contract (1178.8569ms)
✔ UI budget-stream uses the real 500K preset with explicit synthetic counters (1141.3944ms)
✔ native interrupt prevents later usage and completion in the UI fixture (280.7106ms)
✔ original budget-stream still interrupts before its second usage and scheduled completion (294.8202ms)
✔ queued completion emits exact usage and completed before a subsequent interrupt response (173.719ms)
✔ actual queued fixture writes base then emits both usages and finish synchronously without timers (4.3922ms)
✔ User/Organization resolver verifies owner and project number without reading items (1050.7518ms)
✔ opaque paginated active-only discovery retains 1002 items and exact Issue source (2426.9286ms)
✔ empty pages, invalid cursors and archived cursors never silently restart pagination (1343.1835ms)
✔ quota-only probes accept include flags before/after endpoint and retain plain JSON (673.4009ms)
✔ exact items, memberships and publisher fields support metered and legacy plain callers (1533.7164ms)
✔ configured primary refusal exposes reset headers and recovers exactly at fixture reset (499.3493ms)
✔ secondary failures are finite per-query attempts even with interleaved probes (802.3881ms)
✔ 503 failures expose Retry-After without spending quota or triggering source mutation (365.8522ms)
✔ source-drift hook remains shared across pages, legacy lists and exact reads only (1468.2955ms)
✔ legacy Project edits and publisher PR mutation/recovery semantics are preserved (1048.3987ms)
✔ errors and observation logs never echo credentials, headers, query text or variables (779.0623ms)
✔ invalid quota/failure configurations fail safely and event retention is bounded (1648.7918ms)
✔ parses HTTPS clone URL without resolving redirects (3.1482ms)
✔ parses HTTPS repository URL without resolving redirects (0.3456ms)
✔ parses HTTPS default port without resolving redirects (0.1544ms)
✔ parses SSH SCP URL without resolving redirects (0.3235ms)
✔ parses SSH URI without resolving redirects (0.3045ms)
✔ parses SSH default port without resolving redirects (0.2235ms)
✔ parses SSH alternate port without resolving redirects (0.4416ms)
✔ parses case normalization without resolving redirects (0.1554ms)
✔ parses trailing slash without resolving redirects (1.1106ms)
✔ parses Git output newline without resolving redirects (0.385ms)
✔ keeps old, transferred and deliberately wrong repositories distinct (0.5626ms)
✔ retains valid repository punctuation (0.2077ms)
✔ rejects missing without disclosing the origin (0.8559ms)
✔ rejects null without disclosing the origin (0.1485ms)
✔ rejects non-string without disclosing the origin (0.2235ms)
✔ rejects empty without disclosing the origin (0.2242ms)
✔ rejects bare namespace without disclosing the origin (0.1483ms)
✔ rejects different host without disclosing the origin (0.1091ms)
✔ rejects host suffix without disclosing the origin (0.115ms)
✔ rejects HTTP without disclosing the origin (0.1097ms)
✔ rejects Git protocol without disclosing the origin (0.1581ms)
✔ rejects HTTPS userinfo without disclosing the origin (0.2374ms)
✔ rejects HTTPS password without disclosing the origin (0.1105ms)
✔ rejects SSH password without disclosing the origin (0.1009ms)
✔ rejects non-Git SSH user without disclosing the origin (0.1153ms)
✔ rejects SCP userinfo without disclosing the origin (0.1015ms)
✔ rejects SCP prefix not recognized by the runner without disclosing the origin (0.1439ms)
✔ rejects query without disclosing the origin (0.1397ms)
✔ rejects fragment without disclosing the origin (0.1186ms)
✔ rejects extra path without disclosing the origin (0.2395ms)
✔ rejects traversal without disclosing the origin (0.2068ms)
✔ rejects dot owner without disclosing the origin (0.1418ms)
✔ rejects dot repository without disclosing the origin (0.1971ms)
✔ rejects empty repository without disclosing the origin (0.1347ms)
✔ rejects encoded path without disclosing the origin (0.0989ms)
✔ rejects backslash without disclosing the origin (0.1409ms)
✔ rejects multiple origins without disclosing the origin (0.1085ms)
✔ rejects oversized origin without disclosing the origin (0.1465ms)
✔ reads only the selected checkout origin with bounded, piped Git output (0.3181ms)
✔ Git failure discards message, cause, stdout and stderr without fallback (0.2462ms)
✔ a successful Git read cannot admit a credential-bearing origin (0.2149ms)
✔ imports actual-shaped retained native success and reproducible external rejection as a candidate only (237.1208ms)
✔ old oracle without physical digest remains explicitly weaker and prompt alignment remains unreviewed (128.4996ms)
✔ repeated captures and checker versions of one run do not create independent evidence identities (399.3564ms)
✔ local review digest cannot activate a candidate even with two distinct native runs (244.9404ms)
✔ refuses foreign Corp even with repinned retained files (116.423ms)
✔ refuses foreign room even with repinned retained files (124.502ms)
✔ refuses other source even with repinned retained files (138.1605ms)
✔ refuses changed contract source even with repinned retained files (122.989ms)
✔ refuses missing native checks even with repinned retained files (110.5014ms)
✔ refuses failed test under passed native label even with repinned retained files (113.537ms)
✔ refuses wrong oracle bytes even with repinned retained files (116.2764ms)
✔ refuses wrong resume identity even with repinned retained files (121.0477ms)
✔ refuses wrong resume ancestry even with repinned retained files (125.9771ms)
✔ refuses cancelled run even with repinned retained files (100.2949ms)
✔ refuses substituted before bytes even with repinned retained files (91.4552ms)
✔ refuses unknown checker even with repinned retained files (22.9457ms)
✔ hash pins, duplicate JSON keys and traversal are rejected before candidate output (96.9594ms)
✔ directory redirection and oversized files fail closed (170.0224ms)
✔ exact append handles LF and CRLF without normalizing changed source (0.5699ms)
✔ external rejection cannot be imported when exact output actually passes (119.7341ms)
✔ CLI reads pinned inputs and creates one new corpus without overwriting source files (304.3395ms)
✔ CLI has one aggregate read budget covering the request, corpus, manifests and retained files (335.9971ms)
▶ local stack owned-process and state regression fixtures
  ✔ identity comes from the live process and binds only the explicit workspace (2.3645ms)
  ✔ wrong timestamps, executable, workspace and malformed records fail closed (0.2352ms)
  ✔ a stale creation record aimed at a live synthetic PID cannot stop it (0.2431ms)
  ✔ stopping the verified root leaves its descendant and an unrelated child alive (0.205ms)
  ✔ Start accepts working and log directories containing spaces (0.1865ms)
  ✔ Start treats bracketed log directories as literal paths (0.1598ms)
  ✔ Start treats bracketed working directories as literal paths (0.1585ms)
  ✔ failed-start rollback results preserve the original error and require both success signals (0.1982ms)
  ✔ Start preserves literal arguments, spaces, child-only environment and redacted evidence (0.3252ms)
  ✔ repeated role launches retain earlier logs and allocate unique stdout/stderr files (0.3955ms)
  ✔ extracted Launch preserves ownership on save failure (verified rollback) (0.2497ms)
  ✔ extracted Launch preserves ownership on save failure (unverified rollback) (0.1236ms)
  ✔ v2 state round-trips nested records and read preserves exact bytes (0.1383ms)
  ✔ corrupt, unsupported and differently scoped state is refused without deleting evidence (0.2435ms)
  ✔ state writes reject traversal, sibling-prefix paths and foreign workspace claims (0.1395ms)
  ✔ state writes reject reparse-point parent directories (0.1318ms)
  ✔ a failed atomic replacement preserves old bytes and removes its temporary file (0.2538ms)
  ✔ concurrent synthetic reader observes only complete atomic state generations (1.3416ms)
  ✔ legacy numeric state stays read-only and never authorizes stopping (0.2138ms)
  ✔ cleanup reaps only held synthetic handles and removes only its temporary tree (0.1321ms)
✔ local stack owned-process and state regression fixtures (11558.7596ms)
ℹ PowerShell 7.6.5; 14 synthetic processes reaped; no fixture tree remains
▶ local stack starter source guards
  ✔ starter has no unconditional stop invocation (0.2789ms)
  ✔ starter never passes a database URL as a command argument (0.1528ms)
  ✔ starter forwards the native runner startup-recovery opt-out unchanged (0.1182ms)
  ✔ persisted runner IDs block automatic reenrollment even when offline (0.1139ms)
  ✔ Factory policy paths are canonicalized against the checkout before persistence and launch (0.1176ms)
  ✔ Factory saved connection is retained and passed only as an explicit native option (0.1489ms)
  ✔ live source-ref changes use exact comparison for old and current records (0.1238ms)
  ✔ starter never deletes enrollment or credentials without an explicit reset/rotation guard (0.1722ms)
  ✔ Compose operations are guarded by external-database selection (0.1085ms)
  ✔ stopper does not rediscover or terminate a descendant tree from saved PIDs (0.1128ms)
✔ local stack starter source guards (3154.0165ms)
✔ one checkout serializes commands while another checkout remains usable (7721.6277ms)
✔ explicit restart nesting and failed operations release their native lock (5273.3876ms)
✔ an interrupted command does not leave a stale lock requiring manual cleanup (3346.2897ms)
✔ both supported entrypoints use the same operation boundary (4.5322ms)
✔ reported idle remains idle without a pending request (3.1008ms)
✔ reported starting remains starting without a pending request (0.2556ms)
✔ reported working remains working without a pending request (0.1996ms)
✔ reported blocked remains blocked without a pending request (0.1951ms)
✔ reported reviewing remains reviewing without a pending request (0.2022ms)
✔ reported offline remains offline without a pending request (0.2304ms)
✔ working station "read" projects reading (0.3061ms)
✔ working station "search" projects reading (0.1789ms)
✔ working station " READ " projects reading (0.2029ms)
✔ working station "Search" projects reading (0.2172ms)
✔ working station "test" projects working (0.1143ms)
✔ working station "build" projects working (0.0921ms)
✔ working station "review" projects working (0.0748ms)
✔ working station "research" projects working (0.0696ms)
✔ working station "bread" projects working (0.0784ms)
✔ working station "break" projects working (0.1787ms)
✔ working station "unknown-tool" projects working (0.0956ms)
✔ working station null projects working (0.0835ms)
✔ a stale station does not invent activity for a non-working agent (0.2866ms)
✔ a blocked agent needs an exact current-run approval match (0.1712ms)
✔ an exact current-run pending review is distinct from an action approval (0.212ms)
✔ unrelated and prior-run pending requests cannot affect the current agent (0.2044ms)
✔ an approval stops affecting an agent as soon as its current run changes (0.1207ms)
✔ null and empty current-run IDs cannot acquire pending request state (0.1297ms)
✔ offline wins even when the recorded current run has both pending requests (0.115ms)
✔ exact action approval takes precedence over exact review (0.1074ms)
✔ explicit current-run requests do not depend on a blocked display status (0.1314ms)
✔ projection does not mutate agents or request sets or infer state from identity text (0.9513ms)
✔ all eight states have distinct labels and factual descriptions (0.4037ms)
✔ roster ordering is stable by ID without mutating the source array (0.3263ms)
✔ renaming or changing activity does not move an existing roster to different seats (0.4205ms)
✔ 0 agents occupy exactly 0 studios without stacked seats (0.2707ms)
✔ 1 agents occupy exactly 1 studios without stacked seats (0.4134ms)
✔ 5 agents occupy exactly 1 studios without stacked seats (0.2524ms)
✔ 6 agents occupy exactly 1 studios without stacked seats (0.3064ms)
✔ 7 agents occupy exactly 2 studios without stacked seats (0.324ms)
✔ 11 agents occupy exactly 2 studios without stacked seats (0.1913ms)
✔ 12 agents occupy exactly 2 studios without stacked seats (0.1576ms)
✔ 13 agents occupy exactly 3 studios without stacked seats (0.1682ms)
✔ 17 agents occupy exactly 3 studios without stacked seats (0.1509ms)
✔ 18 agents occupy exactly 3 studios without stacked seats (0.154ms)
✔ 19 agents occupy exactly 4 studios without stacked seats (0.1482ms)
✔ snapshot input reordering preserves page and seat assignment for 18 agents (0.3882ms)
✔ reordering across a partially filled page boundary preserves each agent seat (0.8935ms)
✔ studio dimensions and the six feet anchors match the renderer contract exactly (0.3033ms)
✔ desk access never wraps overflow or invalid indexes onto occupied seats (1.1457ms)
✔ all desk footprints stay above their chairs and never overlap another desk or decor (0.4623ms)
✔ desk 0 has one finite arrival route clear of every workstation (0.5779ms)
✔ desk 1 has one finite arrival route clear of every workstation (0.2213ms)
✔ desk 2 has one finite arrival route clear of every workstation (0.1498ms)
✔ desk 3 has one finite arrival route clear of every workstation (0.1714ms)
✔ desk 4 has one finite arrival route clear of every workstation (0.1348ms)
✔ desk 5 has one finite arrival route clear of every workstation (0.1225ms)
✔ route and desk results do not expose shared mutable layout state (0.1966ms)
✔ pending native review distinguishes invalid artifact paths from invalid artifact IDs (97.2017ms)
✔ pending native intent survives acceptance changes and reviewed adoption replays one exact revision (81.6679ms)
✔ pending intent cannot apply and generic native approval cannot authorize exact feedback (36.5123ms)
✔ reviewed feedback refuses adopter as reviewer before a revision (38.8032ms)
✔ reviewed feedback refuses producer as reviewer before a revision (36.2118ms)
✔ reviewed feedback refuses source requester as reviewer before a revision (29.121ms)
✔ reviewed feedback refuses rejected decision before a revision (30.5661ms)
✔ reviewed feedback refuses future decision before a revision (37.461ms)
✔ reviewed feedback refuses decision before intent before a revision (35.8315ms)
✔ reviewed feedback refuses wrong note digest before a revision (42.8143ms)
✔ reviewed feedback refuses extra note prose before a revision (24.6536ms)
✔ reviewed feedback refuses ordinary human gate before a revision (23.2241ms)
✔ reviewed feedback refuses requester exclusion disabled before a revision (22.2528ms)
✔ native approval cannot excuse changed target task (24.3313ms)
✔ native approval cannot excuse changed target version (29.2614ms)
✔ native approval cannot excuse changed source commit (25.8031ms)
✔ native approval cannot excuse changed artifact identity (26.1657ms)
✔ native approval cannot excuse changed corpus bytes digest (33.2337ms)
✔ native approval cannot excuse changed selected rule digest (23.4316ms)
✔ native approval cannot excuse changed selected guidance (24.418ms)
✔ native approval cannot excuse changed adopter identity (24.7025ms)
✔ native approval cannot excuse changed replacement effect (27.3915ms)
✔ native approval cannot excuse changed unknown authority field (32.7904ms)
✔ persisted verifier policy and automated evidence drift invalidate the intent independently of acceptance (94.5734ms)
✔ missing or contradictory native rows and capture drift fail closed (37.7403ms)
✔ reviewed apply rechecks the actual decision and preserves ambiguous outcomes and idempotency (61.594ms)
✔ reviewed apply rejects altered intent bytes and expired proposal without native effects (37.8566ms)
✔ a changed post-effect review remains uncertain and cannot assert a verified binding (41.1937ms)
✔ review intent time bounds are revalidated during accepted-source reconstruction (39.293ms)
✔ CLI native-review preparation, exact intent selection and apply keep separate raw and canonical hashes (145.7534ms)
✔ prepare is read-only and exposes the exact reference-only change for review (25.1622ms)
✔ an unprefixed objective stays candidate because native composition would change it (28.0646ms)
✔ native normalization fixed points retain description and objective exactly (33.3614ms)
✔ public identifiers and digest selectors reject coercible arrays and objects before effects (25.2009ms)
✔ time, timeout and trusted routing fields require their declared primitive types (33.6802ms)
✔ apply performs one native revision, preserves authority and never launches (27.4372ms)
✔ typed native file selection pins outer provenance and exact decoded corpus while preserving raw compatibility (62.3487ms)
✔ native typed unknown schema field is refused even with matching outer artifact digest (23.0653ms)
✔ native typed missing native schema field is refused even with matching outer artifact digest (25.0115ms)
✔ native typed coercible version is refused even with matching outer artifact digest (21.4876ms)
✔ native typed unsupported archive form is refused even with matching outer artifact digest (20.2945ms)
✔ native typed wrong base is refused even with matching outer artifact digest (22.0253ms)
✔ native typed wrong verifier is refused even with matching outer artifact digest (23.6584ms)
✔ native typed wrong head is refused even with matching outer artifact digest (22.9437ms)
✔ native typed bundle payload is refused even with matching outer artifact digest (21.587ms)
✔ native typed patch checksum is refused even with matching outer artifact digest (21.7898ms)
✔ native typed patch noncanonical base64 is refused even with matching outer artifact digest (19.5804ms)
✔ native typed selected hash is refused even with matching outer artifact digest (20.5347ms)
✔ native typed selected byte count is refused even with matching outer artifact digest (25.7446ms)
✔ native typed selected file size bound is refused even with matching outer artifact digest (15.4089ms)
✔ native typed selected base64 is refused even with matching outer artifact digest (17.7993ms)
✔ native typed selected symlink is refused even with matching outer artifact digest (21.5827ms)
✔ native typed selected submodule is refused even with matching outer artifact digest (13.3005ms)
✔ native typed selected media is refused even with matching outer artifact digest (16.002ms)
✔ native typed duplicate path is refused even with matching outer artifact digest (15.6516ms)
✔ native typed case alias is refused even with matching outer artifact digest (16.0118ms)
✔ native typed file directory conflict is refused even with matching outer artifact digest (18.1466ms)
✔ native typed traversal is refused even with matching outer artifact digest (15.7595ms)
✔ native typed absolute path is refused even with matching outer artifact digest (14.1211ms)
✔ native typed Windows stream is refused even with matching outer artifact digest (13.7965ms)
✔ native typed Windows device is refused even with matching outer artifact digest (16.167ms)
✔ native typed trailing dot alias is refused even with matching outer artifact digest (14.0461ms)
✔ native typed coercible entry path is refused even with matching outer artifact digest (13.0983ms)
✔ native typed deleted selection is refused even with matching outer artifact digest (15.5386ms)
✔ typed path selection requires one exact safe file, source role and original outer bytes (19.4474ms)
✔ typed decoded corpus cannot substitute a different well-hashed file or retarget a reviewed proposal (29.494ms)
✔ typed base64 padding bits are canonical even when permissive decoding preserves the correct bytes (21.3433ms)
✔ same byte-pinned proposal replays its native key without adding guidance or a second revision (27.9422ms)
✔ lost response stays unknown with no automatic retry; exact replay reconciles it (31.1159ms)
✔ an HTTP400 after persistence stays unknown and same-key replay confirms one revision (29.3079ms)
✔ live Corp drift refuses before a request (19.3659ms)
✔ live room drift refuses before a request (32.3734ms)
✔ live mission drift refuses before a request (22.9302ms)
✔ live task drift refuses before a request (22.8153ms)
✔ live run drift refuses before a request (25.767ms)
✔ live actor drift refuses before a request (19.4026ms)
✔ live source commit drift refuses before a request (23.0759ms)
✔ live verifier digest drift refuses before a request (26.7673ms)
✔ live artifact digest drift refuses before a request (21.7579ms)
✔ an accepted receipt with incomplete bounded evidence remains candidate (22.461ms)
✔ an observed manual gate must retain its native decision and decider (29.0052ms)
✔ missing native corpus evidence or mismatched actual bytes never borrows an unrelated accepted run (25.4894ms)
✔ typed envelopes, missing review bytes and requested independent review remain explicit candidates (24.9178ms)
✔ UTF-8 reference bounds do not silently truncate valid longer advisory guidance (19.2663ms)
✔ changed target ready status cannot be overwritten (24.7987ms)
✔ changed target existing run cannot be overwritten (21.9044ms)
✔ changed target contract version cannot be overwritten (20.8177ms)
✔ changed target budget cannot be overwritten (17.6364ms)
✔ changed target verifier cannot be overwritten (17.6315ms)
✔ changed target source cannot be overwritten (15.997ms)
✔ changed target source connection cannot be overwritten (18.4663ms)
✔ changed target tools cannot be overwritten (18.9345ms)
✔ changed target Corp cannot be overwritten (23.8382ms)
✔ changed target room cannot be overwritten (19.4874ms)
✔ changed target origin cannot be overwritten (22.8333ms)
✔ repinned unauthorized proposal changes cannot alter anything except selected references (43.2126ms)
✔ wrong proposal hash, edited corpus/review/receipt, future or expired proposal fails before POST (19.8948ms)
✔ expired selected guidance is not rescued by the remaining proposal lifetime (22.628ms)
✔ expiry crossing during live prechecks is repeated immediately before mutation (19.8858ms)
✔ one total operation deadline cannot be renewed by a slow target precheck (237.0645ms)
✔ duplicate-key or reformatted proposal JSON cannot masquerade as the prepared byte representation (22.2074ms)
✔ source drift after successful mutation is accurately retained as applied (29.539ms)
✔ source access loss after mutation is never mislabeled refusal-before-effects (20.2182ms)
✔ an HTTP error after a request is unknown without transaction-stage evidence and is not retried (19.7757ms)
✔ a contradictory successful response or changed native readback stays unknown (24.1384ms)
✔ exact native target projection refuses filtered context and preserves whole scope (12.9336ms)
✔ file input requires selected exact bytes and fails closed on an oversized or malformed input (22.4436ms)
✔ feedback file reads accumulate short native reads before validating bytes (8.6777ms)
✔ feedback file truncate during short reads fails without a hash pin (8.1031ms)
✔ feedback file grow during short reads fails without a hash pin (6.3046ms)
✔ CLI preparation writes new review artifacts and an existing apply receipt refuses before network or effects (70.382ms)
✔ CLI exits nonzero for refused adoption while preserving its JSON receipt (233.8502ms)
✔ CLI typed prepare explicitly selects the native file and apply has no path override (51.3692ms)
✔ retained native candidate cannot become saved-task guidance or a native revision (23.3136ms)
✔ forged locally activated native evidence cannot become saved-task guidance or a native revision (21.4762ms)
✔ native evidence mixed into an activated typed artifact cannot become saved-task guidance or a native revision (20.2074ms)
✔ receipt whitelists metadata and distinguishes persisted acceptance from optional verifier digests (10.2776ms)
✔ native runner, model and ref metadata preserves valid punctuation, spaces, Unicode and UTF-8 limits (4.5936ms)
✔ native metadata keeps bounded invalid text and malformed source tuples out of receipts (18.2669ms)
✔ native source identity accepts uppercase hexadecimal commits and full bounded repository components (1.0076ms)
✔ published native refs and native MIME token punctuation are observed without a custom identifier alphabet (1.0423ms)
✔ historical evidence never borrows the current task verifier policy count (1.5901ms)
✔ conflicting or invalid run-bound check counts remain unknown (3.0957ms)
✔ missing and duplicate check indices cannot establish completeness; malformed indices fail (1.0751ms)
✔ receipt rejects mismatched run Corp (0.6106ms)
✔ receipt rejects mismatched task Corp (0.4076ms)
✔ receipt rejects mismatched mission Corp (0.285ms)
✔ receipt rejects mismatched room Corp (0.167ms)
✔ receipt rejects mismatched exact actor (0.1622ms)
✔ receipt rejects mismatched exact room (0.1499ms)
✔ receipt rejects mismatched exact mission (0.154ms)
✔ receipt rejects mismatched evidence task (0.2077ms)
✔ receipt rejects mismatched event room (0.2252ms)
✔ receipt rejects mismatched partial source (0.2101ms)
✔ current-run rejects later same-task runs and tied times, retaining nanosecond ordering (0.9746ms)
✔ typed resume lineage requires same task and producer, and records unavailable ancestors honestly (2.1742ms)
✔ exact recovery count is run-bound; private policy and notes are omitted (0.5665ms)
✔ published-result binds its exact source artifact and hashes opaque source revisions (0.7145ms)
✔ published-result accepts an exact historical publication despite a later same-task run (0.9642ms)
✔ published-result refuses mismatched Factory mission (0.3311ms)
✔ published-result refuses mismatched deliverable task (0.3782ms)
✔ published-result refuses mismatched deliverable source base (0.2186ms)
✔ published-result refuses mismatched run deliverable digest (0.1865ms)
✔ published-result refuses mismatched publication run (0.1848ms)
✔ published-result refuses mismatched provenance mission (0.3406ms)
✔ published-result refuses mismatched provenance source issue (0.1975ms)
✔ published-result refuses mismatched provenance target (0.2397ms)
✔ published-result refuses mismatched recorded PR head (0.2682ms)
✔ published-result refuses mismatched recorded PR repository (0.2559ms)
✔ published-result refuses mismatched recorded PR provenance (0.2727ms)
✔ byte verification rejects tampering and each missing or conflicting native response boundary (1.1027ms)
✔ receipt validator rejects extra content, contradictory acceptance, and mixed origin/artifact roles (4.9165ms)
✔ fingerprint tolerates observation timestamps and detects selected source, contract and artifact drift (2.7205ms)
✔ compiled native MCP export performs two captures and downloads only selected-origin artifact IDs (803.8458ms)
✔ artifact retention selection is bounded before reading host configuration (0.7571ms)
✔ compiled native evidence retains only explicitly selected verified bytes and preserves public receipt schema (462.0815ms)
✔ compiled native evidence rejects an unowned artifact selection before any artifact download (85.7655ms)
✔ compiled native evidence never returns retained bytes from a tampered artifact or changed source (267.5919ms)
✔ compiled native exporter keeps opaque runner/model/ref metadata out of every request route (155.805ms)
✔ compiled native export rejects state drift during its artifact read (148.3763ms)
✔ compiled native export rejects mismatched context before downloading artifacts (65.3106ms)
✔ compiled native export refuses artifact redirects without forwarding credentials (70.3686ms)
✔ compiled native export rejects oversized bodies and withholds HTTP error content (141.0281ms)
✔ compiled native export bounds a stalled exact-context body by its whole-operation timeout (1014.391ms)
✔ receipt CLI writes a create-only metadata file and a compact redacted summary (777.5035ms)
✔ owned server requires matching executable, creation, endpoint, and workspace (3.2149ms)
✔ manual, remote, stale, or non-owned manifests never authorize restart (0.8876ms)
✔ Windows retains legacy timestamp tolerance and case-insensitive paths (0.5585ms)
✔ legacy Windows identity callers remain supported without weakening explicit checks (2.148ms)
✔ Linux requires the exact boot/PID/start-tick, executable, cwd/root, and socket binding (3.5757ms)
✔ Linux rejects malformed, legacy-Windows, and changed receipts (1.0879ms)
✔ every existing manual port remains denied on Windows and Linux and all loopback hosts (1.5241ms)
✔ remote, credentialed, missing-port, and malformed-scope endpoints fail closed (0.5415ms)
✔ only a complete scoped JSON object is a process receipt (0.9096ms)
✔ proc stat parses the final comm parenthesis and preserves 64-bit start ticks (1.1787ms)
✔ proc stat rejects wrong PID, truncated fields, malformed state, and invalid ticks (0.6088ms)
✔ Linux listener proof intersects the exact port and LISTEN state with PID-owned inodes (1.3588ms)
✔ malformed or unavailable proc network input supplies no ownership authority (0.6344ms)
✔ artifact recovery overrides are child-only and match native numeric bounds (0.6528ms)
✔ probe requires explicit scope and forwards only its scoped credential environment (3.6838ms)
✔ probe summary contains collection counts, never snapshot data or private paths (0.6111ms)
✔ probe permits HTTP only for normalized canonical loopback origins and requires HTTPS elsewhere (8.8929ms)
✔ recovery probe reports only native metadata and never infers missing capability or exposes policy (0.8335ms)
✔ recovery probe rejects malformed work-item IDs before spawning any gateway (0.9118ms)
✔ compiled recovery probe rejects impossible native numeric metadata and preserves exhausted authority (520.963ms)
✔ compiled recovery tool makes exactly the selected authorized GET in both modes (143.0014ms)
✔ compiled recovery probe selects one context without reading the broad snapshot or exposing private fields (73.2905ms)
✔ compiled recovery tool refuses malformed IDs, extra scope or effect arguments before HTTP (140.3056ms)
✔ compiled recovery tool rejects mismatched Corp or work-item responses (270.7942ms)
✔ compiled recovery probe preserves authorization and not-found failures without private diagnostics (179.9115ms)
✔ compiled recovery inspection never follows redirects in either gateway mode (125.6892ms)
✔ compiled recovery inspection caps HTTP bodies even in the legacy write-capable gateway mode (130.7716ms)
✔ compiled read-only MCP completes the real stdio handshake and makes only one scoped GET (68.8474ms)
✔ compiled MCP ignores notifications and denies mutating calls before HTTP while preserving the default catalog (121.0534ms)
✔ compiled MCP keeps malformed omitted-ID objects silent and effect-free (read-only) (61.3159ms)
✔ compiled MCP keeps malformed omitted-ID objects silent and effect-free (unrestricted) (62.7897ms)
✔ compiled probe withholds API error content and enforces its whole-probe timeout (1090.4758ms)
✔ compiled read-only inspection rejects redirects without contacting a second origin (139.1705ms)
✔ compiled read-only startup requires every routing variable before serving even initialization (231.2488ms)
✔ compiled read-only flag rejects command-line tokens (split option, CLI only) (66.6495ms)
✔ compiled read-only flag rejects command-line tokens (split option, CLI plus environment) (54.5334ms)
✔ compiled read-only flag rejects command-line tokens (equals option, CLI only) (56.7071ms)
✔ compiled read-only flag rejects command-line tokens (equals option, CLI plus environment) (56.4182ms)
✔ compiled read-only flag accepts only the environment token and exposes the restricted catalog (71.3514ms)
✔ compiled read-only environment rejects command-line tokens (split option, CLI only) (55.7753ms)
✔ compiled read-only environment rejects command-line tokens (split option, CLI plus environment) (55.0859ms)
✔ compiled read-only environment rejects command-line tokens (equals option, CLI only) (64.6533ms)
✔ compiled read-only environment rejects command-line tokens (equals option, CLI plus environment) (59.9717ms)
✔ compiled read-only environment accepts only the environment token and exposes the restricted catalog (65.2975ms)
✔ compiled unrestricted MCP preserves legacy CLI token precedence (split option) (130.2354ms)
✔ compiled unrestricted MCP preserves legacy CLI token precedence (equals option) (134.4264ms)
✔ compiled native read-only HTTP body rejects oversized declared length before end (200) (70.3101ms)
✔ compiled native read-only HTTP body rejects streamed overflow before end (200) (119.4718ms)
✔ compiled native read-only HTTP body rejects oversized declared length before end (403) (76.7723ms)
✔ compiled native read-only HTTP body rejects streamed overflow before end (403) (114.6812ms)
✔ compiled native HTTP body accepts the inclusive read-only limit and preserves unrestricted transport (769.2526ms)
✔ compiled native HTTP body preserves small successful and error response behavior (430.7595ms)
✔ withholds all six source ACKs for each of two native automatic attempts (3.3572ms)
✔ holds all quality ACK duplicates to the same 8-second deadline, preserving bytes (0.9866ms)
✔ gameplay and integration pass source ACKs unchanged (0.3457ms)
✔ native resume passes ACKs and does not consume a third automatic attempt (0.3016ms)
✔ non-source ACK, heartbeat, credential rotation, approval and lifecycle are opaque passthrough (0.3533ms)
✔ rejects foreign or unproven run, Corp and hash before fault decisions (0.9428ms)
✔ assignment rebinding cannot swap a different task, scope or command kind (0.6231ms)
✔ late-ACK release sends one exact original old-run frame once without retagging (1.2056ms)
✔ refuses manual-stack, wrong-repository and missing opt-in config (1.6083ms)
▶ real loopback WebSocket wiring: native schema, ordered forwarding, reconnection and redaction
  ▶ isolated concurrent fixture 1
    ✔ synthetic endpoints require live ownership without relaxing config guards (8.7834ms)
    ✔ persisted owner/name schema binds and stop cannot overtake a pending assignment (58.1004ms)
    ✔ upload byte transparency, ACK withholding and metadata non-disclosure (50.3649ms)
    ✔ a stale snapshot/close callback cannot bind, send or close the replacement connection (158.8671ms)
  ✔ isolated concurrent fixture 1 (418.9838ms)
  ▶ isolated concurrent fixture 2
    ✔ synthetic endpoints require live ownership without relaxing config guards (11.5388ms)
    ✔ persisted owner/name schema binds and stop cannot overtake a pending assignment (57.5566ms)
    ✔ upload byte transparency, ACK withholding and metadata non-disclosure (50.6468ms)
    ✔ a stale snapshot/close callback cannot bind, send or close the replacement connection (159.0213ms)
  ✔ isolated concurrent fixture 2 (387.6429ms)
✔ real loopback WebSocket wiring: native schema, ordered forwarding, reconnection and redaction (419.7842ms)
✔ relocated doctor checks declared tools through native version commands without leaking ambient secrets or installing (1276.1161ms)
✔ wrong node version produces a failing CLI result (1388.2484ms)
✔ wrong pnpm version produces a failing CLI result (1201.7145ms)
✔ wrong rustc version produces a failing CLI result (1186.7342ms)
✔ wrong cargo version produces a failing CLI result (1345.9182ms)
✔ missing package manager fails without falling back to another host command (985.8126ms)
✔ failed component probes suppress raw stdout and stderr (1179.5676ms)
✔ unrecognized version output is rejected without echoing the command response (1143.9665ms)
✔ an unavailable pinned rustup toolchain fails instead of installing or selecting stable (1169.1617ms)
✔ already selected direct Rust binaries can be verified without rustup (1198.9089ms)
✔ invalid .node-version declaration fails before any command runs (version) (186.6006ms)
✔ invalid package.json declaration fails before any command runs (version) (191.0553ms)
✔ invalid rust-toolchain.toml declaration fails before any command runs (floating Rust) (177.7461ms)
✔ invalid rust-toolchain.toml declaration fails before any command runs (component) (165.1785ms)
✔ unsupported CLI arguments fail before probing tools (162.0023ms)
ℹ tests 1253
ℹ suites 0
ℹ pass 1253
ℹ fail 0
ℹ cancelled 0
ℹ skipped 0
ℹ todo 0
ℹ duration_ms 62266.1059
