$ node --test --test-concurrency=2 --test-timeout=180000 "apps/web/src/**/*.test.mjs" "tools/*.test.mjs"
✔ editor preserves its accessible control names, preview hook, and all six check choices (33.29ms)
✔ switching check types resets their incompatible fields and retains the rest of the policy (7.0815ms)
✔ every check-field callback retains the selected variant and unchanged checks (15.9592ms)
✔ adding and removing checks preserves tab selection, including external policy shrink and the empty state (16.1736ms)
✔ the 16-check add button limit and oversized-policy feedback are retained (8.5143ms)
✔ manual-gate transitions retain default role ordering, requester exclusion, and explicit removal (9.6716ms)
✔ preview keeps exact check order, manual-role labels, heading overrides, and requester-exclusion guidance (1.916ms)
✔ Factory exact-run navigation replaces a remembered newer outcome before mission remount (3.6143ms)
✔ run navigation ignores the duplicate activity marker in a hidden Factory tab (13.3722ms)
✔ artifact navigation chooses its exact producer while mission-only navigation preserves the current choice (1.1991ms)
✔ unavailable run/task/mission cannot overwrite remembered evidence or open another run (2.3275ms)
✔ storage failure or obsolete viewer fails closed before navigation (2.0717ms)
✔ explicit navigation writes only the selected viewer scope and only the run identity (1.0978ms)
✔ reload keeps the decided run instead of the other pending review or a newer worker (1.727ms)
✔ remembered evidence is scoped to the API server, Corp, actor and mission (0.3681ms)
✔ missing remembered work never silently substitutes another visible review (0.2472ms)
✔ unreadable or malformed stored context requires explicit selection, not the next review (0.5154ms)
✔ a first visit is distinct from unreadable history; failed writes do not throw (0.4174ms)
✔ only the selected run ID is stored; reviews and authority never enter browser persistence (1.4447ms)
✔ MissionCard scopes remounts, pins initial evidence and fails closed when persistence fails (10.6629ms)
✔ issue210 only the explicit server flag adds correction to a native checkpoint (3.7455ms)
✔ issue210 verifier availability is independent of correction and missing availability preserves legacy behavior (1.0595ms)
✔ issue210 revision source is the exact server-selected verifier, with no cross-item fallback (0.5133ms)
✔ only native proof plus its cancellation marker exposes source-only checkpoint verification (0.262ms)
✔ a running checkpoint needs no cancellation repair, and ordinary verification failure stays compatible (0.261ms)
✔ missing/tampered source, checkpoint, head, active recovery or terminal outcome offers no new recovery (0.3195ms)
✔ context requests are not recovery grants and never depend on inferred mission spend/status (0.2284ms)
✔ copied command binding retains the saved connection and never falls back on malformed metadata (0.258ms)
✔ actual presentation selects the endpoint source, not the newest visible run or mission cancellation (104.6768ms)
✔ issue210 presentation separates provider-free verification from a budgeted same-session fix (33.1507ms)
✔ issue210 source-only and unavailable checkpoint presentations never suggest generic recovery (40.5325ms)
✔ actual context loader is GET-only and admits the exact item/version/mission checkpoint (50.5291ms)
✔ actual context loader rejects stale/cross-scope and malformed flags without snapshot fallback (180.8641ms)
✔ issue210 actual loader accepts boolean correction flags and defaults missing legacy authority closed (58.6962ms)
✔ issue210 exact loader retains true, false and missing checkpoint availability without granting another mode (56.2127ms)
✔ actual UI action copies only explicit checkpoint verification with the original scope/connection (230.8547ms)
✔ issue210 actual correction action retains the original CLI route, source and connection (287.738ms)
✔ issue210 actual card drops correction authority immediately when item, version or actor changes (265.942ms)
✔ issue210 actual contract submission uses the scoped verifier, not its provider ancestor (65.3813ms)
✔ issue210 editor loading, errors, stale context and denied correction cannot fall back or submit (245.3053ms)
✔ issue210 ordinary contract resume, redispatch and requester/role boundaries stay intact (101.2755ms)
✔ issue210 actual source-only context copies correction and revises the exact verifier; no-mode context does neither (252.0417ms)
✔ actual resume handler and rendered provider control respect native recovery blocking (10.018ms)
✔ actual App Resume control survives an ineligible ordinary Factory recovery lookup and uses the native actor-bound POST (292.7147ms)
✔ issue221 explicit provider-correction permission permits null head without granting checkpoint or generic resume (1.1038ms)
✔ issue221 actual context reader retains null head/current provider proof and malformed heads remain non-actionable (380.4631ms)
✔ issue221 actual copy/revision actions use only source correction for the latest failed provider with null head (311.1236ms)
✔ wrong-first legacy Project 174 cannot displace the selected live lab controller (2.0157ms)
✔ every Project/repository/Corp component must match, even with an active-item pointer (0.5281ms)
✔ GitHub owner/repository case and surrounding whitespace normalize independently (0.2987ms)
✔ missing/malformed scope is neutral rather than an empty-scope match (0.3549ms)
✔ the exact active item wins among live controllers in the same scope (0.3649ms)
✔ a current live scope match wins over a stale offline active-item pointer (0.2832ms)
✔ with only offline matches, retain the exact item rather than crossing scope (0.3143ms)
✔ without an item, prefer useful live intake in the current Corp (0.4243ms)
✔ empty/no-match and unavailable explicit selections never borrow another controller (0.3898ms)
✔ heartbeat freshness and stable ID break ties without using array order or mutating inputs (1.5255ms)
✔ snapshot refresh and selected scope changes return the exact new ID/version object (0.3074ms)
✔ the actual FactoryPanel resolver feeds displayed state and both action callbacks (23.859ms)
✔ the actual component guards controller actions, retains role gating and passes the same callback (13.9476ms)
✔ the actual API action handler targets the resolved controller ID and version for all actions (67.5286ms)
✔ the production handler preserves the existing ID-scoped idempotency/version on a lost response (26.4766ms)
✔ primary_rate_limit has a reader-facing reason and an automatic future retry (24.0202ms)
✔ secondary_rate_limit has a reader-facing reason and an automatic future retry (0.777ms)
✔ graphql_quota has a reader-facing reason and an automatic future retry (0.7232ms)
✔ github_unavailable has a reader-facing reason and an automatic future retry (0.6381ms)
✔ quota, cost and timestamps come from the snapshot, not derived or default budgets (2.2617ms)
✔ equivalent offset timestamps have the same local retry time and boundary (0.9145ms)
✔ at or after the retry deadline, waiting is not presented as a successful retry (1.2986ms)
✔ zero remaining, limit, query cost and failures remain real zeros (0.6541ms)
✔ paused desired state wins without rewriting controller health or promising a retry (1.1876ms)
✔ offline health wins over polling metadata, including an elapsed retry (1.1397ms)
✔ paused and offline together retain both conditions and existing paused precedence (0.6585ms)
✔ absent legacy polling leaves the old strip intact and never fabricates a wait (0.2086ms)
✔ missing or malformed backoff data is unavailable, never zero or an invented deadline (0.3676ms)
✔ invalid values are not coerced to numbers or dates and unknown reasons are not rendered raw (1.8125ms)
✔ partial quota data preserves observed zeros while missing fields remain unavailable (0.3227ms)
✔ healthy telemetry does not infer a backoff from a zero quota or failure count (0.4998ms)
✔ UI integration remains read-only, accessible, and uses existing controller controls (22.7866ms)
✔ line normalization preserves argument boundaries, literal punctuation, and duplicate values (2.4132ms)
✔ role entry supports commas and CRLF without silently deduplicating or authorizing roles (0.505ms)
✔ mission projection retains exact task, runner and human control attribution (2.8715ms)
✔ foreign tasks and same-ID foreign-Corp runners cannot supply collaboration state (0.2687ms)
✔ offline retains work without advertising live control or termination (0.3116ms)
✔ connecting retains work without advertising live control or termination (0.2976ms)
✔ a failed snapshot refresh retains exact work without advertising live controls (0.3479ms)
✔ invalid snapshot receipt NaN cannot advertise live controls (0.2477ms)
✔ invalid snapshot receipt Infinity cannot advertise live controls (0.1736ms)
✔ invalid snapshot receipt 0 cannot advertise live controls (0.1295ms)
✔ invalid snapshot receipt -1 cannot advertise live controls (0.1817ms)
✔ expired/malformed lease 2026-09-16T11:59:00Z cannot claim a controller (0.3924ms)
✔ expired/malformed lease 2026-09-16T12:00:00Z cannot claim a controller (0.2408ms)
✔ expired/malformed lease bad cannot claim a controller (0.1043ms)
✔ verifying has recorded evidence but no provider controls (0.1631ms)
✔ completed has recorded evidence but no provider controls (0.1724ms)
✔ lost has recorded evidence but no provider controls (0.1228ms)
✔ cancelled has recorded evidence but no provider controls (0.0765ms)
✔ a provider-free run and a superseded agent assignment expose no live controls (0.2006ms)
✔ runner grace and offline remain distinct; neither supplies human presence (0.1564ms)
✔ review links bind exact run/task and explain role and requester exclusion (0.3814ms)
✔ missing and historical identities never become fabricated named owners or current controllers (0.1781ms)
✔ draft cache survives surface remounts but never crosses Corp/actor/room/mission (0.2454ms)
✔ actual component navigation only requests exact context; rendering sends no commands (11.8692ms)
✔ actual disconnected component retains readable evidence with an explicit warning (1.2825ms)
✔ actual failed-refresh component distinguishes stale data from a disconnected transport (1.0463ms)
✔ actual component rejects missing receipt freshness and restores controls after a successful refresh (3.4794ms)
✔ App preserves main snapshot metadata and exact-run navigation while passing numeric receipt freshness (6.0725ms)
✔ App embeds existing scoped discussion and pins evidence before exact-run navigation (3.0513ms)
✔ late completion notifies remounted composers without clearing a newer or same-text draft (0.7381ms)
✔ late operation acknowledgment cannot clear a replacement idempotency key (153.7235ms)
✔ actual App selection never substitutes another mission after the selected record disappears (95.3782ms)
✔ actual briefing navigation has a visible destination for legacy empty descriptions (68.0565ms)
✔ verification checks do not change launch intent (1.4145ms)
✔ review navigation cannot turn its click into a form submission (0.4245ms)
✔ ordinary application setup cannot silently fall back to the fake runtime (0.6673ms)
✔ composer uses two clear steps and starts with an empty goal (0.3592ms)
✔ advanced settings and detailed requirements are optional disclosures (0.9181ms)
✔ closing setup preserves the draft and returns to existing mission context (0.7809ms)
✔ explicit links to existing work reveal it without erasing an open draft (0.6241ms)
✔ native creation and explicit held-plan behavior remain unchanged (0.3436ms)
✔ review keeps the exact source and current server-derived allocation visible (0.4646ms)
✔ scope requires four explicit bounded identities and cannot mutate after submission (3.3093ms)
✔ current origin binds the exact view instance, not just equal IDs (0.4052ms)
✔ read issues exactly one encoded, uncached GET with cancellation and no body (12.925ms)
✔ Direct accepts only exact returned linkage and drops unexpected hidden fields (99.4656ms)
✔ Factory retains only the validated work item, repository, issue number and exact URL (1.2691ms)
✔ all four response identities must echo the bound request exactly (30.9231ms)
✔ missing, malformed and older origin responses never become Direct (2.8191ms)
✔ Factory fields are required and null or missing metadata is never partly accepted (2.6637ms)
✔ Factory rejects invalid work-item identities, repository paths and issue numbers (3.2688ms)
✔ only the raw HTTPS GitHub issue URL matching returned repository and number is accepted (5.8481ms)
✔ mixed-case owner/repository URLs match normalized identity and retain display case (2.1704ms)
✔ valid case-preserving repositories and positive safe issue numbers remain verbatim (1.1272ms)
✔ old endpoints, denied authorization and transport failures stay unavailable without raw errors (2.0533ms)
✔ a synchronous API failure is contained and clears the read timer (0.834ms)
✔ timeout aborts an unsettled read and suppresses both late success and late failure (1.0181ms)
✔ a settled success or failure cannot be overwritten by an already queued timeout (0.8135ms)
✔ cancellation before the scheduled read prevents even the GET (0.8326ms)
✔ in-flight cancellation ignores transports that resolve or reject after abort (1.0418ms)
✔ component reads once for a valid view and renders truthful Direct copy in one styled paragraph (17.9752ms)
✔ component links only a fully validated Factory response, not extra returned fields (3.8104ms)
✔ all four operating roles may read; guests, spectators and unknown roles never request context (17.1895ms)
✔ invalid or absent scope props render the conservative fallback without requesting (16.4052ms)
✔ failed exact reads preserve #185 positive or unknown fallback without inventing links or hiding failure (11.6146ms)
✔ a failed origin lookup can be retried explicitly without changing the work identities (5.212ms)
✔ Corp, actor, room and mission changes hide old success and errors before effect cleanup (13.5744ms)
✔ late success and errors from a replaced request cannot update the current component (12.4265ms)
✔ leaving and returning to identical IDs cannot revive an earlier success or failure (3.1053ms)
✔ same-ID reopened pending requests ignore the original response and error after current denial (2.4277ms)
✔ a guest transition revokes displayed source data and returning operators must read again (1.545ms)
✔ operating-role and API changes also invalidate old privileged context (2.2357ms)
✔ unmount cancels the read and a fresh mount with identical IDs cannot inherit its outcome (2.2712ms)
✔ one builder preserves the complete current creation payload and retained settings (3.4089ms)
✔ provider defaults, supported reasoning and commit-branch semantics match submission (1.548ms)
✔ existing deterministic fixture semantics are not converted into provider settings (0.2713ms)
✔ scope freezes the exact serialized body and rejects an actor mismatch (0.9442ms)
✔ every request field, Corp and actor invalidate an earlier quote (1.174ms)
✔ preview debounces, uses the exact creation body, and calls only the read-only preview POST (10.3022ms)
✔ an edit or closing the composer before debounce starts no request (0.4831ms)
✔ an invalidated request is aborted and cannot publish a late successful quote (1.9515ms)
✔ late errors after actor/Corp change or unmount cannot replace the new preview (1.6993ms)
✔ editing away and back still requires a fresh request, not a revived quote (1.1013ms)
✔ allocations are displayed verbatim from the server, not a frontend Studio formula (0.9833ms)
✔ missing or mismatched quote fields never become a current allocation (1.991ms)
✔ an absent preview endpoint gives a useful failure state without inventing allocations (1.148ms)
✔ preview response is bounded to eight tasks without reallocating server budgets (1.3274ms)
✔ unknown, self, duplicate and oversized dependency references remain unknown allocations (1.3883ms)
✔ retry clears an old failure immediately and can accept a fresh quote (2.0006ms)
✔ timeout clears the quote, aborts the request and ignores a late response (0.961ms)
✔ App shares the request body, invalidates keyed preview instances and retains native Launch (5.0554ms)
✔ mission selection and Discuss use the authoritative non-first owning room (2.0645ms)
✔ mission, task, run and artifact deep links resolve to the same owning room (0.4936ms)
✔ an explicit room deep link and all-discussion view stay in that room (1.5163ms)
✔ stale, missing and older mission/room projections never fall back to the first room (0.3196ms)
✔ related work is limited to the selected room and mission, not a fixed item count (2.1813ms)
✔ messages are room-filtered before mission links and out-of-order reply ancestry (1.0739ms)
✔ valid room, mission and inherited reply submissions retain the same scope (0.7191ms)
✔ stale actor, Corp, room and mission scopes cannot submit or complete a newer draft (0.3002ms)
✔ a disappearing mission or owning room fences previously valid submissions (0.4495ms)
✔ foreign, missing or stale links and replies cannot silently become general comments (0.6948ms)
✔ guest-shaped and missing Factory projections do not establish Direct origin (0.608ms)
✔ a mission older than the 500-item Factory window remains origin-unknown (0.3363ms)
✔ a positively matched visible Factory item retains its issue attribution (0.1642ms)
✔ known publication/recovery linkage is generic when intake details are unavailable (0.4866ms)
✔ projection helpers preserve the authoritative input and do not retain hidden origin data (0.328ms)
✔ the UI uses the tested projection and submission helpers on both discussion entry paths (20.046ms)
✔ scope requires every explicit identity and repository and freezes the view generation (5.2976ms)
✔ the exact scope object, not equal IDs or a prior A -> B -> A view, selects the load (0.7749ms)
✔ one encoded GET is uncached, abortable and body/header/credential free (12.1322ms)
✔ published DTO retains only bound result metadata and leaves raw input untouched (2.2642ms)
✔ only explicit null publication in a correctly scoped response is known absence (4.1464ms)
✔ item and publication scope mismatches never expose links or known absence (11.4733ms)
✔ publication source issue matches the work item without equating authorizer, revisions or checkpoint generations (1.915ms)
✔ publication and artifact identity tuples plus full digests must all match (4.0873ms)
✔ missing, duplicate and unrelated-first deliverables cannot substitute a result (1.5247ms)
✔ native provenance identity, source/target branches and digests are checked without retaining authority (6.9133ms)
✔ raw GitHub PR URLs allow native slash suffixes but retain exact repository and number checks (6.8628ms)
✔ owner/repository display case is preserved while full hex values compare by bytes (0.9905ms)
✔ PR state, exact head, owner, recorded metadata and phase cannot contradict each other (3.3403ms)
✔ download metadata rejects controls, external/native paths, malformed hashes and invalid sizes (15.1133ms)
✔ pending, PR-created, published and failed publication are distinct without claiming a live app (2.4337ms)
✔ only a different valid pinned run is a mismatch; same-run contradictions stay unavailable (1.0286ms)
✔ loading, denied and stale contexts cannot become a result or known absence (0.8101ms)
✔ denials, missing endpoints and sync/async transport failures stay unavailable without raw errors (1.0661ms)
✔ timeout aborts and suppresses late successes and failures without retries (0.7952ms)
✔ queued timeout callbacks cannot overwrite a settled success, absence or denial (0.9277ms)
✔ cancellation before start issues no GET; in-flight cancellation publishes no late data (0.8587ms)
✔ new same-ID generation remains unavailable after denial despite a prior response completing later (0.7402ms)
✔ fresh human-only bootstrap can select a runner runtime before any crew exists (4.1434ms)
✔ retired and legacy identities neither enable nor suppress advertised runtimes (0.5501ms)
✔ studio requires the exact selected source on a connected runner, not another repository (0.6534ms)
✔ source repository and commit matching are case-insensitive but ref matching is exact (1.9073ms)
✔ unavailable runtimes and non-runtime capabilities are not mission options (0.525ms)
✔ catalog merging prefers an enabled model without changing the source snapshot (0.5676ms)
✔ unscoped status and crew include ready connection-bound runtimes, but dispatch keeps its exact binding (0.9211ms)
✔ studio always selects Copilot even when another runtime was requested (0.2521ms)
✔ studio does not fall back to another provider or an unavailable Copilot runtime (0.5186ms)
✔ solo selection and deterministic fixtures retain their runtime contracts (0.4611ms)
✔ a disappearing explicit runtime cannot silently switch provider with stale model settings (0.227ms)
✔ studio uses enabled Copilot model settings or an explicit provider default (0.3107ms)
✔ fixtures ignore hidden provider model settings (0.1368ms)
✔ normal UI bootstrap opts out of seeded crew without changing fixture tooling (15.3441ms)
✔ runtime character descriptors match the shipped manifest, PNG dimensions, and original file bytes (30.1196ms)
✔ named characters and stable worker identities retain their appearance across reordered snapshots (1.0632ms)
✔ numeric roster positions wrap without producing missing characters, and invalid numbers use the default (0.3934ms)
✔ walking uses the original three poses in a 0,1,2,1 cycle at the 150ms boundaries (0.8487ms)
✔ idle, typing, reading and facing use the actual source-sheet rows and columns (0.8642ms)
✔ invalid or negative animation time selects the first pose without invalid source coordinates (0.5563ms)
✔ every animation and direction remains inside a real sheet after long-running animation (0.956ms)
✔ default floor distinguishes connected workers from offline and test registrations (2.7798ms)
✔ omitted and null retirement fields keep legacy and mission identities available (0.2356ms)
✔ every non-null retirement excludes an identity regardless of pin, date, or reported work (0.3147ms)
✔ retired identity remains resolvable in the unmodified historical snapshot (1.4692ms)
✔ retiring the selected agent falls back to current crew, including the empty-roster case (0.4337ms)
✔ pagination filters retirement before assigning seats without mutating order (0.5474ms)
✔ idle does not become working or reviewing from a stale station or pending run request (0.3723ms)
✔ working and blocked status still derive from exact server state and current-run requests (0.1947ms)
✔ #154: a selected worker on a later studio is located on initial mount and selection changes (0.3499ms)
✔ #154: studio lookup follows retirement repagination, not stale seat indexes (0.3604ms)
✔ #154: manual paging survives snapshots, but another selected agent resets page and zoom (0.6796ms)
✔ #154: retirement moving the selected agent to a different page resets the camera (0.2701ms)
✔ #154: mounting or remounting the same starting run never fabricates an arrival (0.2483ms)
✔ #154: only an observed new active run can animate once, and reduced motion wins (0.3819ms)
✔ #154: blocked work takes recovery priority over both idle and ordinary active work (0.5864ms)
✔ #154: exact approvals keep priority, and only an unblocked empty floor offers new work (0.2541ms)
✔ history inspectors retain the full snapshot while the floor uses current identities (15.4928ms)
✔ Factory activity prioritizes the exact outcome review, then tool approval, before newer work (4.3671ms)
✔ selection ignores terminal, denied and foreign tool approvals without inventing a run (0.4481ms)
✔ terminal runs cannot become reviewable or active from dangling pending decision records (32.8227ms)
✔ live task, agent, control, timestamps and safe activity come from one scope without mutation (1.7739ms)
✔ a stale Running intake never claims that a cancelled provider is active (1.8129ms)
✔ pending exact-run outcome review is distinct from an active provider and completion (1.177ms)
✔ tool authority and unavailable decision context do not become outcome approval (2.6911ms)
✔ a completed run is not automatically a completed mission or published application (1.2296ms)
✔ retained data cannot claim current execution: {"connection":"offline"} (0.9742ms)
✔ retained data cannot claim current execution: {"connection":"connecting"} (1.2102ms)
✔ retained data cannot claim current execution: {"snapshotFailed":true} (0.858ms)
✔ retained data cannot claim current execution: {"snapshotReceivedAt":null} (0.5691ms)
✔ grace, offline and wrong-Corp runner records cannot establish provider liveness (3.8988ms)
✔ runner loss and uncertain teardown remain unknown until a positive termination receipt (1.5645ms)
✔ verifier-only runs never appear as a running model (0.6751ms)
✔ quarantine and protected stops stay prominent even with stale transport (1.3229ms)
✔ failed verification, cancelled work and unknown execution modes remain explicit (1.0107ms)
✔ missing, duplicate or foreign task context cannot fall back to another run (0.7505ms)
✔ activity is scoped, deduplicated, ordered, bounded and never reveals raw payloads (3.3835ms)
✔ missing start, invalid clocks and backwards timestamps do not invent a duration (1.5844ms)
✔ expired leases and foreign attribution do not display an active controller (1.5227ms)
✔ actual React detail component reuses current classes, native disclosure and escaped text (20.7109ms)
✔ the Factory integration uses the existing exact-run selector, scoped snapshot and old callbacks (2.8054ms)
✔ a burst of 1000 streamed events schedules one snapshot instead of 1000 requests (2.7558ms)
✔ events arriving during a request produce exactly one trailing snapshot (6.5132ms)
✔ the final event during the trailing request is not dropped (1.4511ms)
✔ disposing before a scheduled refresh prevents any fetch (0.51ms)
✔ disposing an actor/Corp scope aborts its request and drops trailing work (3.1485ms)
✔ refresh failures are handled and a later event can still refresh (1.1623ms)
✔ a disposed scope does not report an obsolete aborted read as a new UI error (0.9299ms)
✔ websocket events use the coalescer and cleanup cancels its read scope (6.3643ms)
✔ initial connection is bounded, cancellable and offers retry rather than mission restart (5.7991ms)
✔ actual App presence polling only runs for open connection-dependent views, without reconnecting the event socket (267.4106ms)
✔ artifact defaults retain the current wire shape and do not share mutable values (3.1135ms)
✔ file defaults retain the current wire shape and do not share mutable values (0.3499ms)
✔ command defaults retain the current wire shape and do not share mutable values (0.3003ms)
✔ test defaults retain the current wire shape and do not share mutable values (0.3172ms)
✔ json_schema defaults retain the current wire shape and do not share mutable values (1.91ms)
✔ screenshot defaults retain the current wire shape and do not share mutable values (0.2574ms)
✔ check summaries preserve paths, argument boundaries, byte floors, JSON keys, and rounded timeouts (20.8581ms)
✔ array summaries distinguish item boundaries and preserve exact argument and key values (0.7823ms)
✔ byte-counted summaries use singular byte only for the one-byte floor (0.4358ms)
✔ empty and oversized policies remain invalid, with the 16-check boundary accepted (0.7813ms)
✔ invalid byte floor 0 is reported for every byte-counted check (0.5128ms)
✔ invalid byte floor -1 is reported for every byte-counted check (0.1836ms)
✔ invalid byte floor NaN is reported for every byte-counted check (0.1795ms)
✔ invalid byte floor Infinity is reported for every byte-counted check (0.1722ms)
✔ validation preserves check order and reports missing paths, programs, timeout bounds, and JSON keys (0.5948ms)
✔ manual gates require allowed roles without changing requester-exclusion semantics (0.4073ms)
✔ preserves the existing advisory-validator scope; server schema/path authorization remains authoritative (0.6627ms)
✔ check transformations create new drafts while retaining unchanged evidence checks and gate identity (0.3787ms)
✔ gate transitions preserve checks and retain current deliberate resets even when reselecting a gate type (0.2508ms)
✔ verification labels retain their current wording and fallback formatting (0.2565ms)
✔ WorkResultCard exposes its status and supplied content with metadata collapsed by default (19.4313ms)
✔ ready PR retains its exact URL and only an explicit download invokes the matching callback (22.0573ms)
✔ loading, unavailable and no-publication states do not fabricate a PR or perform actions (6.1519ms)
✔ a historical review mismatch changes selection only through explicit Go to delivered result (4.7145ms)
✔ an unavailable delivered-run target preserves the historical selection and only offers refresh (271.8805ms)
✔ a failed publication with a recorded PR remains inspectable without being labeled Published (9.5103ms)
✔ Published is not merged or deployed and its collapsed details never invent a running preview (8.7076ms)
✔ expired artifact retention does not hide an existing PR or replace server download validation (15.7847ms)
✔ actual hook hides prior result before cleanup and aborts on each exact scope change (54.1386ms)
✔ actual hook fences late success and failure before cleanup and after replacement (27.368ms)
✔ actual hook close and reopen with identical IDs cannot revive old ready or pending data (21.6812ms)
✔ actual hook treats positive revision as one refresh hint and never retries failure on render (70.9479ms)
✔ actual App origin-unavailable branch offers manual Refresh work context with no PR CTA (15.5598ms)
✔ actual App first-hop retry exposes the authorized result without moving pinned evidence (31.4899ms)
✔ actual App fallback reports unavailable review details for an unresolved run or request (17.5299ms)
✔ actual work pickers retain a deep-linked historical mission outside the recent eight (98.3304ms)
✔ actual work pickers do not duplicate a recent selection or invent an absent mission (71.8678ms)
✔ related work includes the third mission, task, run and artifact (2.1157ms)
✔ work links name the actual work rather than presenting only opaque IDs (0.262ms)
✔ related options deduplicate repeated snapshot references (0.2209ms)
✔ mission discussion retains nested replies, including out-of-order snapshots (2.7138ms)
✔ task, run and artifact comments inherit the owning mission only (0.4741ms)
✔ unlinked cycles and missing ancestors cannot manufacture mission context (0.4305ms)
✔ context helpers leave authoritative messages and work objects unchanged (0.359ms)
✔ work selection follows the owning authorized mission and rejects unknown links (0.3116ms)
✔ human review and automated verification are not advertised as live model sessions (0.409ms)
✔ enterprise task labels explain the legacy studio lane keys (0.5285ms)
✔ review eligibility explains requester exclusion without bypassing the policy (0.5475ms)
✔ a pending evidence review selects its run rather than a newer active worker (0.4106ms)
✔ a tool-approval wait cannot hide a different pending evidence review (0.2161ms)
✔ review selection rejects mismatched tasks, terminal runs and non-pending requests (0.3102ms)
✔ explicit evidence selection stays bound to that run and cannot inherit another review (0.1905ms)
✔ unselected evidence follows remaining reviews and retains snapshot order without mutation (0.2535ms)
✔ a decided run remains selected until the operator deliberately chooses the next review (0.1996ms)
✔ mission UI binds evidence and decisions and pins the target before submitting (16.2199ms)
✔ runner revision is stable for reordered equivalent records without sorting the input (2.9306ms)
✔ runner revision ignores heartbeat, display and capability churn (0.4166ms)
✔ runner revision changes only when lifecycle identity or presence records change (0.4472ms)
✔ offline presence requests revalidation without rewriting endpoint readiness (0.4072ms)
✔ reconnect mismatch remains a hint until the endpoint itself returns ready presence (0.5018ms)
✔ unknown presence is false and same-ID foreign runners cannot supply presence (1.6506ms)
✔ presence hints never promote or erase native sign-in and installation states (1.0074ms)
✔ revision and presence helpers leave source, models, identity and selection immutable (0.8873ms)
✔ saved choice and source remain present while its machine is offline (0.2666ms)
✔ ready metadata alone cannot borrow another connection or source for dispatch (0.5551ms)
✔ connection UI identity is scoped to actor and room (0.2422ms)
✔ native sign-in instructions cannot navigate to another host or credential-bearing URL (0.2843ms)
✔ accepts matching current contracts, aliases, CRLF and historical prose outside markers (126.0416ms)
✔ rejects added source validation command and reports expected and actual (85.3796ms)
✔ rejects removed source validation command and reports expected and actual (85.1318ms)
✔ rejects reordered source validation command and reports expected and actual (77.6968ms)
✔ rejects changed documented commands; correcting the documented sequence restores passing (125.3795ms)
✔ accepts quoted literal Node globs through aliases while preserving quoted versus shell-expanded arguments (102.2498ms)
✔ rejects a source SDK bump until both current compatibility docs are updated (85.1323ms)
✔ rejects a source CLI bump until both current compatibility docs are updated (89.8352ms)
✔ rejects missing opening marker instead of silently dropping a required documentation contract (69.2669ms)
✔ rejects missing closing marker instead of silently dropping a required documentation contract (62.2508ms)
✔ rejects duplicate block instead of silently dropping a required documentation contract (54.5323ms)
✔ rejects reversed markers instead of silently dropping a required documentation contract (55.2913ms)
✔ rejects inline marker instead of silently dropping a required documentation contract (72.5293ms)
✔ requires every current runtime contract and a single SDK and CLI claim inside each (61.0061ms)
✔ rejects missing root alias in the authoritative command sequence (72.4272ms)
✔ rejects cyclic root aliases in the authoritative command sequence (74.5999ms)
✔ rejects shell pipeline in the authoritative command sequence (82.1402ms)
✔ rejects quoted shell expansion in the authoritative command sequence (73.7564ms)
✔ rejects empty command in the authoritative command sequence (75.8219ms)
✔ rejects unsupported alias arguments in the authoritative command sequence (76.6146ms)
✔ rejects unknown documented aliases and malformed command fences (63.6506ms)
✔ reports missing required documents and an invalid source manifest without silently skipping them (72.1428ms)
✔ fails closed for unconstrained SDK dependency (68.296ms)
✔ fails closed for SDK pin in wrong table (57.0354ms)
✔ fails closed for duplicate SDK declaration (59.2751ms)
✔ fails closed for missing named runtime constant (46.421ms)
✔ fails closed for duplicate runtime constant (63.1953ms)
✔ relocated CLI resolves its own repository, executes no documented command, and exits nonzero for drift (344.9405ms)
✔ personal paths include drive-relative, prefixed, escaped and alternate separators (2.9395ms)
✔ normalized placeholders and ordinary prose remain valid (0.3989ms)
✔ recursive packet scan and CLI reject a leak without printing its value (400.3199ms)
✔ both retained PR226 packets contain no personal user paths (2479.6395ms)
✔ checkpoint fixture produces a complete, independently tested local application (410.4265ms)
✔ read-only executable hashing accepts Cargo/Git hardlinks without relaxing source isolation (29.9155ms)
✔ exact terminal metadata produces actionable failure and missing-evidence findings using GET only (19.8804ms)
✔ listed artifact is run-scoped metadata and never establishes content or attempt verification (1.9197ms)
✔ refuses active parent (0.9935ms)
✔ refuses wrong repository (0.3903ms)
✔ refuses foreign head repository (0.4707ms)
✔ refuses different workflow (0.3571ms)
✔ refuses different head (0.3093ms)
✔ refuses different attempt (0.3538ms)
✔ refuses job from other attempt (0.591ms)
✔ refuses job from other head (0.7164ms)
✔ refuses duplicate job (0.6004ms)
✔ refuses unfinished job (0.394ms)
✔ refuses foreign artifact (0.5317ms)
✔ refuses excess artifacts (1.3744ms)
✔ complete bounded job pagination is required and supported (9.6563ms)
✔ pagination total drift and final run drift refuse a completed observation (1.407ms)
✔ expired artifacts and unexplained parent failure remain reviewable rather than passing (1.1285ms)
✔ same-source replay is a no-op; changed facts retain revisions and mark no-longer-observed findings (4.0385ms)
✔ previous hash tampering refuses before network reads (0.2745ms)
✔ forged previous findings fail integrity or semantic reconstruction; source changes require a new scope (3.0573ms)
✔ newer prior observations and attempts do not flow backward (2.9698ms)
✔ secret-bearing fields and supplied links never enter a receipt or executable Markdown (1.0656ms)
✔ native read budget rejects alternate endpoints, oversized metadata and late responses (1.168ms)
✔ omitting all required jobs cannot turn one replacement success job into a complete maintenance result (0.8513ms)
✔ required skipped job needs review even when an earlier run artifact is listed (0.707ms)
✔ required neutral job needs review even when an earlier run artifact is listed (0.551ms)
✔ failed GETs consume the finite shared admission budget without retries (0.6762ms)
✔ CLI writes new bounded files and refuses output reuse; failures retain no raw API error (55.5476ms)
✔ hosted context binds default observer branch, event and exact parent; local mode makes no hosted claim (23.5725ms)
✔ CLI accepts only bounded exact selection and a complete prior pin (0.6566ms)
✔ CI workflow: exact Windows runner failure produces a scoped read-only handoff (1.6733ms)
✔ CI workflow: complete successful jobs need only their own declared report artifacts (1.2856ms)
✔ CI workflow: required artifact-free jobs remain required and must execute (0.8534ms)
✔ Repository checks retains its published contract and previous-receipt no-op semantics (2.012ms)
✔ CI completeness refuses skipped artifact-free required jobs (1.0658ms)
✔ CI completeness refuses neutral artifact-free required jobs (1.5936ms)
✔ CI completeness rejects replacement jobs and requires only CI report metadata (1.278ms)
✔ CI observation is not a parent-pass claim and does not inspect diagnostic artifacts (1.3871ms)
✔ workflow profiles cannot reuse each other's receipts even at the same source (4.1054ms)
✔ CI identity refuses unknown workflow path (0.3133ms)
✔ CI identity refuses workflow-ID substitution (0.2295ms)
✔ CI identity refuses workflow-name substitution (0.2235ms)
✔ CI identity refuses workflow-path substitution (0.2264ms)
✔ CI identity refuses foreign repository (1.1435ms)
✔ CI identity refuses fork head repository (0.3094ms)
✔ CI identity refuses wrong source head (0.3274ms)
✔ CI identity refuses wrong attempt (0.2602ms)
✔ CI identity refuses active CI parent (0.2674ms)
✔ reader allowlist admits exactly the two workflow metadata routes (0.4394ms)
✔ hosted CI event binds workflow identity to the selected native parent (72.7479ms)
✔ workflow trigger keeps trusted observer checkout and read-only scopes for both producers (14.3577ms)
✔ consumer rereads native state using trusted routing and tolerates only observation timing changes (8.7885ms)
✔ consumer refuses task contract revision drift in a fresh observation (1.9892ms)
✔ consumer refuses source base commit drift in a fresh observation (1.0039ms)
✔ consumer refuses verifier digest drift in a fresh observation (1.0249ms)
✔ consumer refuses another actor scope drift in a fresh observation (1.7584ms)
✔ explicit run and mode selections fail before contacting a server (0.8078ms)
✔ denied or unavailable current data does not fall back to a previously passing receipt (0.5432ms)
✔ a matching failed native outcome cannot be consumed as accepted completion (0.8487ms)
✔ file consumption requires the exact expected byte hash and a bounded valid receipt (62.8307ms)
✔ receipt file reads accumulate short native reads before validating bytes (39.6198ms)
✔ receipt file truncate during short reads fails before parsing (7.3538ms)
✔ receipt file grow during short reads fails before parsing (13.642ms)
✔ framed stat metadata survives arbitrary chunk boundaries without payload disclosure (3.2323ms)
✔ unrelated RPCs and read-file contents are not recorded (1.3523ms)
✔ a response ID type change is visible without recording identifier values (0.5006ms)
✔ oversized frames are skipped without parsing nested payload text as requests (0.4249ms)
✔ optional wire observation forwards exact bytes and drains the child (334.4791ms)
✔ a matching request needs a durable rejection and settled run (2.0251ms)
✔ terminal provider without permission is inconclusive, never a pass (1.4248ms)
✔ a rejected but unrelated permission does not satisfy the requested boundary (0.2352ms)
✔ approval acceptance, expiry or missing persisted decision cannot pass (0.3493ms)
✔ a decision or final run from another identity is rejected (0.2536ms)
✔ a provider that has not settled cannot pass the boundary (0.2404ms)
✔ all independent boundary results are required for complete coverage (1.4434ms)
✔ later passing cases remain visible after an earlier inconclusive case (0.3044ms)
✔ duplicate, unknown and malformed results cannot manufacture complete coverage (1.597ms)
✔ accepts an exact seed and credential-free children of the owned runner (3.868ms)
✔ a marker elsewhere or an arbitrary GITHUB_TOKEN is not a proven seed (1.5066ms)
✔ absent, ambiguous or foreign runner seed records cannot establish the precondition (1.0306ms)
✔ runner seed booleans must be explicit, not truthy or absent (1.2869ms)
✔ missing spawn and undefined parent IDs cannot accidentally correlate (0.4583ms)
✔ runner spawn must be unique, current and tied to the owned observer (0.9375ms)
✔ a seed observed only after runner spawn cannot prove the launch precondition (0.3748ms)
✔ missing or foreign provider observations cannot satisfy the required count (1.3278ms)
✔ a wrong-parent provider is rejected rather than silently filtered out (0.3569ms)
✔ provider identity and absence booleans must be explicit and valid (1.1864ms)
✔ missing ownership and zero or malformed minimums never allow a vacuous pass (0.9623ms)
✔ actual successful relative, absolute and round-trip view results are required (2.5755ms)
✔ provider self-report and final file existence are not native-read evidence (1.1986ms)
✔ a missing absolute read or readback cannot pass (1.4434ms)
✔ missing-file errors and successful-but-wrong content remain failures (0.7506ms)
✔ wrong-session or conflicting tool results cannot manufacture evidence (1.5967ms)
✔ an external path with the same filename is not the assigned seed (0.3412ms)
✔ an incomplete stream is explicitly incomplete, not successful empty coverage (0.24ms)
✔ runner observation proves the synthetic credential was inherited (266.9837ms)
✔ a missing seed fails before starting a runner (158.6559ms)
✔ provider observation confirms removal before invoking the real binary (287.0167ms)
✔ an inherited provider credential fails before any provider execution (179.1305ms)
✔ a marker under another key cannot hide a missing runner GITHUB_TOKEN seed (170.5114ms)
✔ a different token plus an unrelated marker cannot manufacture an exact runner seed (162.0173ms)
✔ a provider token other than the canary is still rejected before child execution (151.9886ms)
✔ a provider canary under another key remains a failing credential boundary (149.424ms)
✔ uninvoked production modules remain in the coverage denominator with zero hits (14.1554ms)
✔ missing production files cannot produce a passing partial coverage result (0.6675ms)
✔ duplicate and out-of-scope files cannot inflate the denominator (1.8203ms)
✔ missing, duplicate and impossible native counts are rejected (0.4909ms)
✔ truncated records are never accepted as completed coverage evidence (0.3249ms)
✔ zero available branches are reported as not applicable instead of fabricated 100 percent (0.287ms)
✔ issue195 public receipt binds parent binaries, pinned runtime identity, and distinct task source (8.9076ms)
✔ explicit current fixture hash, suspend tokens, and missing-artifact switch normalize without disk reads (1.3404ms)
✔ rebuilt server/runner receipt hashes and an explicit rebuilt CLI hash remain valid and bound (5.4462ms)
✔ all required options are explicit; help is inert (1.4511ms)
✔ every duplicate value option and duplicate boolean switch fails closed (3.1838ms)
✔ unknown targets, positionals, missing operands, and equals-form options are rejected (0.8648ms)
✔ configuration rejects old issue190 (0.3203ms)
✔ configuration rejects string issue number (0.2763ms)
✔ configuration rejects parent rather than candidate code (0.2572ms)
✔ configuration rejects runtime commit used as task source (0.4527ms)
✔ configuration rejects unpinned source ref (0.2816ms)
✔ configuration rejects another runner (0.2055ms)
✔ configuration rejects unowned receipt (0.5167ms)
✔ configuration rejects not-running supervisor (0.3086ms)
✔ configuration rejects missing owner (0.3776ms)
✔ configuration rejects invalid owner (0.815ms)
✔ configuration rejects changed code checkout (0.2057ms)
✔ configuration rejects changed source checkout (0.1871ms)
✔ configuration rejects changed worktree root (0.1866ms)
✔ configuration rejects invalid server digest (0.2155ms)
✔ configuration rejects invalid runner digest (0.3262ms)
✔ configuration rejects executable substitution (0.363ms)
✔ configuration rejects binary outside owned bin (0.3353ms)
✔ configuration rejects missing public process (0.2163ms)
✔ configuration rejects wrong process role (0.31ms)
✔ configuration rejects wrong process workspace (0.405ms)
✔ configuration rejects invalid process pid (0.4249ms)
✔ configuration rejects invalid process start (0.3513ms)
✔ synthetic VerifyRun evidence distinguishes awaiting independent review from accepted completion (14.0033ms)
✔ forced commit_branch export rejection is a named failure, never archive bypass or approval (3.9451ms)
✔ missing-required-provider-Artifact negative shares the native checks without inventing bytes (4.4386ms)
✔ assessRecovery refuses original usage rewritten (2.7825ms)
✔ assessRecovery refuses original output history changed (3.3316ms)
✔ assessRecovery refuses provider-attempt counter reset (3.6434ms)
✔ assessRecovery refuses provider-attempt maximum changed (2.0778ms)
✔ assessRecovery refuses source incident changed (3.4029ms)
✔ assessRecovery refuses checkpoint authority absent (3.6073ms)
✔ assessRecovery refuses different context source (3.7041ms)
✔ assessRecovery refuses budget reset hidden in context (4.2112ms)
✔ assessRecovery refuses another native recovery (3.5088ms)
✔ assessRecovery refuses source-correction instead of verification (3.3608ms)
✔ assessRecovery refuses recovery contract revision (3.1335ms)
✔ assessRecovery refuses changed recovery reason (2.4801ms)
✔ assessRecovery refuses weakened replacement policy (1.7992ms)
✔ assessRecovery refuses new provider session (2.453ms)
✔ assessRecovery refuses allocated model tokens (2.1078ms)
✔ assessRecovery refuses allocated model cost (1.8734ms)
✔ assessRecovery refuses consumed input tokens (3.2833ms)
✔ assessRecovery refuses consumed output tokens (2.9473ms)
✔ assessRecovery refuses consumed model cost (2.666ms)
✔ assessRecovery refuses different workspace root run (2.8148ms)
✔ assessRecovery refuses replacement workspace not preserved (2.8766ms)
✔ assessRecovery refuses replacement fingerprint changed (2.6379ms)
✔ assessRecovery refuses invented provider artifact (3.1825ms)
✔ assessRecovery refuses provider event outside snapshot window (3.0844ms)
✔ assessRecovery refuses native command acknowledgment missing (2.9556ms)
✔ assessRecovery refuses missing native app check (1.9676ms)
✔ assessRecovery refuses evidence kind mismatch (2.0968ms)
✔ assessRecovery refuses independent-review self-approval (1.9657ms)
✔ assessRecovery refuses accepted run before gate decision (2.4235ms)
✔ assessRecovery refuses missing factory completion event (2.1045ms)
✔ assessRecovery refuses empty source deliverable (3.4313ms)
✔ assessRecovery refuses wrong deliverable provenance (3.0363ms)
✔ download validation uses in-memory bytes and checks payload digests without claiming a browser test (4.712ms)
✔ configuration refuses target http://localhost:18574 (0.3573ms)
✔ configuration refuses target https://127.0.0.1:18574 (0.1753ms)
✔ configuration refuses target http://127.0.0.1:18574/ (0.1536ms)
✔ configuration refuses target http://127.0.0.1:18575 (0.1911ms)
✔ configuration refuses target http://127.0.0.1:8791 (0.244ms)
✔ configuration refuses target http://127.0.0.1:18574/api (0.1728ms)
✔ configuration refuses target http://127.0.0.1:18574?x=1 (0.1387ms)
✔ configuration refuses target http://example.invalid:18574 (0.1395ms)
✔ configuration refuses target http://user:password@127.0.0.1:18574 (0.7417ms)
✔ configuration refuses target http://[::1]:18574 (0.1584ms)
✔ absolute path and owned-output boundaries reject aliases, devices, UNC, ADS, and root reuse (6.418ms)
✔ explicit independent reviewer, valid digest, and bounded numeric options are mandatory (9.6387ms)
✔ reports expose hashes and constrained identity, never receipt metadata or provider output (2.7415ms)
✔ saved report cannot adopt changed authority, extra fields, or identities without prior intent (6.5212ms)
✔ baseline and journal never consult the bounded snapshot.events window (36.944ms)
✔ baseline preserves every pre-existing missions record (1.5587ms)
✔ baseline preserves every pre-existing tasks record (1.7222ms)
✔ baseline preserves every pre-existing runs record (0.8716ms)
✔ baseline preserves every pre-existing factory_work_items record (0.99ms)
✔ baseline preserves every pre-existing factory_verification_recoveries record (0.9886ms)
✔ baseline preserves every pre-existing verification_evidence record (0.9475ms)
✔ baseline preserves every pre-existing verification_requests record (0.9053ms)
✔ baseline preserves every pre-existing source_deliverables record (0.918ms)
✔ baseline preserves every pre-existing mission_contract_revisions record (0.8117ms)
✔ baseline preserves every pre-existing mission_budget_revisions record (0.8206ms)
✔ baseline preserves every pre-existing action_approvals record (1.7128ms)
✔ baseline preserves every pre-existing circuit_breaker_incidents record (0.9578ms)
✔ baseline permits additive rows and events while forbidding live work and missing history tables (3.7019ms)
✔ journal requires exact Ready watermark, ordered unique same-Corp events, and bounded count (1.2583ms)
✔ buildPlan is deterministic, fresh, output-owned, and mirrors one ready synthetic issue (2.3414ms)
✔ factory argv remains pinned and recovery only appends the exact checkpoint mode and recorded reason (2.3413ms)
✔ persisted app, base-file, exact hash command and independent-review checks cannot be replaced by Artifact (10.7233ms)
✔ checkpoint digests use Rust field order, preserve app policy, and retain forced commit_branch authority (1.2494ms)
✔ invokeFactory uses only injected child I/O, a bounded timeout, and a non-inherited environment (1.5513ms)
✔ invokeFactory never retries an uncertain execution or logs raw stdout/stderr (2.5322ms)
✔ explicit Windows assessment preserves historical paths on every host (6.8867ms)
✔ default host assessment still rejects foreign path namespaces (1.8595ms)
✔ assessOriginal binds native stop from full replay, not snapshot.events (2.4879ms)
✔ assessOriginal binds native suspend from full replay, not snapshot.events (3.1625ms)
✔ assessOriginal rejects provider attempt increment without accepting or replacing work (1.4401ms)
✔ assessOriginal rejects attempt ceiling revision without accepting or replacing work (1.0325ms)
✔ assessOriginal rejects current budget revision without accepting or replacing work (1.0507ms)
✔ assessOriginal rejects original budget rewrite without accepting or replacing work (0.9828ms)
✔ assessOriginal rejects persisted hash verifier removal without accepting or replacing work (1.0335ms)
✔ assessOriginal rejects manual gate weakening without accepting or replacing work (2.2203ms)
✔ assessOriginal rejects contract source replacement without accepting or replacing work (0.9272ms)
✔ assessOriginal rejects write scope replacement without accepting or replacing work (0.9369ms)
✔ assessOriginal rejects archive bypass of forced commit_branch without accepting or replacing work (0.9087ms)
✔ assessOriginal rejects provider secret authority without accepting or replacing work (1.4311ms)
✔ assessOriginal rejects extra provider run without accepting or replacing work (1.2959ms)
✔ assessOriginal rejects extra task without accepting or replacing work (1.0666ms)
✔ assessOriginal rejects changed factory owner without accepting or replacing work (0.7904ms)
✔ assessOriginal rejects changed issue revision without accepting or replacing work (1.2334ms)
✔ assessOriginal rejects wrong assigned runner without accepting or replacing work (1.3509ms)
✔ assessOriginal rejects producer reviewing itself without accepting or replacing work (1.9194ms)
✔ assessOriginal rejects source-checkout execution without accepting or replacing work (1.4577ms)
✔ assessOriginal rejects quarantined checkpoint without accepting or replacing work (1.3105ms)
✔ assessOriginal rejects loop-counter change without accepting or replacing work (1.2771ms)
✔ assessOriginal rejects rewritten usage without accepting or replacing work (1.5142ms)
✔ assessOriginal rejects invented provider artifact without accepting or replacing work (1.4002ms)
✔ assessOriginal rejects checkpoint missing without accepting or replacing work (1.5512ms)
✔ assessOriginal rejects checkpoint policy digest changed without accepting or replacing work (1.0352ms)
✔ assessOriginal rejects provider still alive without accepting or replacing work (1.1572ms)
✔ assessOriginal rejects budget command not acknowledged without accepting or replacing work (0.9451ms)
✔ assessOriginal rejects budget incident missing without accepting or replacing work (1.2381ms)
✔ assessOriginal rejects previously recorded run missing without accepting or replacing work (1.1365ms)
✔ assessOriginal rejects accepted provider progress hidden before snapshot window without accepting or replacing work (1.28ms)
✔ suite pauses for native browser review by default and only observes external approval on continuation (63.0583ms)
✔ suite retains native forced-commit export failure and performs no review, download, or policy bypass (26.2318ms)
✔ suite missing-Artifact negative is explicit rejection, not verified delivery or fabricated provider evidence (22.5177ms)
✔ --continue cannot create a baseline or begin an unrecorded mutation (10.3951ms)
✔ unknown create response is never retried; continuation times out without adopting replacement work (42.8426ms)
✔ lost create response reconciles the exact item/run, but --continue cannot authorize recovery (15.5393ms)
✔ lost recovery response binds the recorded replacement; continuation only pauses for its exact browser gate (23.4599ms)
✔ external browser approval completes exact recorded work without retries or erasing earlier failure history (40.2672ms)
✔ suite never mutates when independent reviewer is missing (8.431ms)
✔ suite never mutates when independent reviewer is not human (3.1174ms)
✔ suite never mutates when independent reviewer is unauthorized role (4.382ms)
✔ suite never mutates when independent reviewer is guest (3.0329ms)
✔ suite never mutates when independent reviewer is wrong Corp (4.4629ms)
✔ failed intent persistence or changed parent inputs prevents the corresponding native effect (21.3193ms)
✔ a colliding synthetic item without saved create intent is never adopted or mutated (5.0579ms)
✔ wrong physical base bytes stop before recovery; tampered downloads stop without another attempt (45.1023ms)
✔ --continue fails closed when recorded work disappears, with no new mission or native retry (35.5829ms)
✔ explicit browser-review flag preserves the default two-step flow without a scripted-review mode (15.9683ms)
✔ browser-review pause cannot be continued with substituted gate identities or reviewer (21.0907ms)
✔ production I/O exposes no review POST and confines injected requests to exact GET routes (26.7755ms)
✔ runtime factory adapter never retries an ambiguous injected CLI call (1.1112ms)
✔ server-upgrade option is explicit, continue-only, and confined to the owned runtime directory (22.9699ms)
✔ server-only upgrade retains the original binding/failure and separately records server provenance read-only (31.102ms)
✔ upgrade rejects runner/web/CLI changes, a mismatched old binding, and conflicting server provenance (21.1278ms)
✔ same-verifier native checkpoint re-attestation accepts a real run_id-only VerificationRequest (3.0052ms)
✔ checkpoint re-attestation cannot target another run, duplicate an ACK, or permit provider usage (5.3549ms)
✔ strict phase parsing and explicit opt-in (5.1445ms)
✔ reject manual/default/aliased ports, credentials, ambiguous URLs and mismatched environment before API access (7.7882ms)
✔ verification is GET-only and no phase can call decision/reset/bootstrap/foreign-Corp routes (2.9606ms)
✔ prepare → newer approved → isolated replay observation → explicit older approval → automatic synthesis (100.3766ms)
✔ lost create response adopts exact marker without sending a second create (18.4433ms)
✔ unknown create that never arrived fails closed, never creates a replacement (3.1441ms)
✔ lost revision response replays the exact native UUID and preserves only two revisions (53.2544ms)
✔ lost launch response recovers exact root IDs by readback, never dispatches again (27.4607ms)
✔ wrong source/pinned staffing/non-quiescent fixture rejected before any POST (2.2213ms)
✔ cannot skip intermediate observation or approve the older run first (51.0986ms)
✔ exact reviewer attribution, artifact binding and no second decision are enforced (72.5471ms)
✔ duplicate decision event and journal rollover cannot pass as replay isolation (59.4321ms)
✔ checkpoint fixture mismatch and modified pre-existing rows are rejected (44.8039ms)
✔ failed artifact download is rechecked on prepare resume without more POSTs (26.3567ms)
✔ linux: native unavailable admission is a verified refusal, not provider success (361.3064ms)
✔ darwin: native unavailable admission is a verified refusal, not provider success (292.9427ms)
✔ Windows: an unavailable provider remains a failure (253.709ms)
✔ Unix: accidentally accepting an unsupported provider fails the contract (249.8519ms)
✔ Unix: an unrelated admission failure cannot stand in for containment refusal (286.8621ms)
✔ Unix: a refusal with a persisted run is rejected (283.9433ms)
✔ Unknown runner platforms fail before resetting a fixture (148.5351ms)
✔ A Linux expectation cannot conceal an unavailable Windows runner (181.6572ms)
✔ Unknown reported runner OS fails before creating provider work (180.0721ms)
✔ An owned child stuck on HTTP is reaped before fixture cleanup (2030.5773ms)
✔ explicit CLI and parent runtime receipt reuse retain owner/source/process binding (11.2281ms)
✔ additive request changes only the fixture case, keeps native 5000 authority and no delivery/resume (0.8597ms)
✔ shared client sends exact additive create/launch bodies without retries or extra routes (33.1998ms)
✔ pure native trace accepts actual ACK before failure/termination without prescribing that order (6.7483ms)
✔ pure native trace accepts actual ACK between failure/termination without prescribing that order (2.9141ms)
✔ pure native trace accepts actual ACK after failure/termination without prescribing that order (1.3621ms)
✔ pure evidence rejection: missing actual artifact rejection (1.136ms)
✔ pure evidence rejection: unrelated failure (0.9173ms)
✔ pure evidence rejection: termination before failure is not the race (1.7981ms)
✔ pure evidence rejection: missing termination is not success (2.0931ms)
✔ pure evidence rejection: missing ACK remains unproven (1.3867ms)
✔ pure evidence rejection: wrong command correlation (1.73ms)
✔ pure evidence rejection: wrong ACK runner (1.3687ms)
✔ pure evidence rejection: foreign session event scope (1.0552ms)
✔ pure evidence rejection: non-native event attribution (1.2299ms)
✔ pure evidence rejection: wrong native event identity (0.9392ms)
✔ pure evidence rejection: rewritten failure summary (0.7621ms)
✔ pure evidence rejection: agent still assigned (1.1359ms)
✔ pure evidence rejection: task resurrected (0.7268ms)
✔ pure evidence rejection: mission resurrected (0.8953ms)
✔ pure evidence rejection: accepted artifact metadata (1.0689ms)
✔ pure evidence rejection: late accepted completion even if snapshot says failed (0.8646ms)
✔ pure evidence rejection: accepted artifact even outside bounded snapshot.events (1.1596ms)
✔ pure evidence rejection: verification event is forbidden (1.2673ms)
✔ pure evidence rejection: uncertain teardown is forbidden (2.4848ms)
✔ pure evidence rejection: accepted evidence record (1.5554ms)
✔ pure evidence rejection: budget revision (1.5335ms)
✔ pure evidence rejection: replacement run (0.8902ms)
✔ pure evidence rejection: source substitution (0.9014ms)
✔ pure evidence rejection: verification-only execution cannot attest a provider (0.8809ms)
✔ pure evidence rejection: usage must be exactly two 3000-token increments (1.2586ms)
✔ invalid native termination payload cannot pass (null) (1.2102ms)
✔ invalid native termination payload cannot pass ([]) (1.271ms)
✔ invalid native termination payload cannot pass ({}) (1.0141ms)
✔ invalid native termination payload cannot pass ({"adapter":"other"}) (0.8176ms)
✔ invalid native termination payload cannot pass ({"provider_process_alive":true}) (0.899ms)
✔ invalid native termination payload cannot pass ({"provider_process_alive":"false"}) (0.8584ms)
✔ invalid native termination payload cannot pass ({"outcome":"verified"}) (1.0893ms)
✔ invalid native termination payload cannot pass ({"message":""}) (0.9823ms)
✔ invalid native termination payload cannot pass ({"message":1}) (1.0498ms)
✔ invalid native termination payload cannot pass ({"message":"xxxxxxxxxxxxxxxxxxxxxxxxxxxxxxxxxxxxxxxxxxxxxxxx) (1.3747ms)
✔ invalid native termination payload cannot pass ({"message":"untrusted\ntext"}) (1.8412ms)
✔ invalid native termination payload cannot pass ({"message":"
"}) (0.8688ms)
✔ invalid native termination payload cannot pass ({"credential":"PRIVATE_PROVIDER_CONTENT_OR_ASSIGNMENT_TOKEN_) (0.8629ms)
✔ all native terminal outcomes and absent optional message are valid telemetry, not accepted completion (4.0905ms)
✔ one additive case checkpoints and announces intent/IDs, retains history, and waits for quiet readback (32.9632ms)
✔ passed same-case continuation recomputes proof with zero further mutations (28.0973ms)
✔ createLost: failure preserves exact intent, continuation never retries an attempted POST (14.8622ms)
✔ createUnknown: failure preserves exact intent, continuation never retries an attempted POST (1.865ms)
✔ launchLost: failure preserves exact intent, continuation never retries an attempted POST (16.7088ms)
✔ launchUnknown: failure preserves exact intent, continuation never retries an attempted POST (3.5653ms)
✔ bounded live failure leaves the original run live, IDs and intent intact, with no replacement (45.2028ms)
✔ missing late telemetry is a bounded failure with actual ACK order, not a race claim (26.0506ms)
✔ natural later telemetry/finalization can settle without rewriting terminal state or historical events (12.5637ms)
✔ settling cannot hide changed terminal run summary (4.9155ms)
✔ settling cannot hide changed terminal task (6.6271ms)
✔ settling cannot hide changed terminal mission (5.8088ms)
✔ settling cannot hide changed terminal agent (4.8926ms)
✔ settling cannot hide changed old run (4.8514ms)
✔ settling cannot hide changed old agent (5.4102ms)
✔ settling cannot hide changed old journal prefix (6.4733ms)
✔ settling cannot hide changed original failure event (4.9887ms)
✔ saved report cannot substitute receipt, native authority, source, or erase baseline after an effect (2.6949ms)
✔ report save uses exclusive lock, private synced temp and atomic rename; refuses implicit overwrite (4.305ms)
✔ stale locks are never stolen and failed saves retain original report and orphaned temp (1.4909ms)
✔ report cannot replace receipt; bounded reads reject links, hardlinks and inode swaps before reading (1.4554ms)
✔ CLI is explicit, non-ambient, duplicate/unknown flags fail (4.0871ms)
✔ explicit parent runtime metadata aligns without opening any named process/log/source (3.6836ms)
✔ rejects protected/manual API port 5187 (0.2918ms)
✔ rejects protected/manual API port 5291 (0.1841ms)
✔ rejects protected/manual API port 8791 (0.1934ms)
✔ rejects protected/manual API port 8793 (0.178ms)
✔ rejects protected/manual API port 8991 (0.1592ms)
✔ rejects protected/manual API port 15191 (0.1972ms)
✔ rejects protected/manual API port 15193 (0.2464ms)
✔ rejects protected/manual API port 15491 (0.2942ms)
✔ rejects protected/manual API port 15493 (0.3241ms)
✔ rejects protected/manual API port 15496 (0.2145ms)
✔ rejects protected/manual API port 18961 (0.2175ms)
✔ rejects protected/manual API port 18962 (0.153ms)
✔ rejects protected/manual API port 18963 (0.1428ms)
✔ rejects ambiguous or non-owned origin http://localhost:18574 (0.2434ms)
✔ rejects ambiguous or non-owned origin http://127.1:18574 (0.1851ms)
✔ rejects ambiguous or non-owned origin http://[::1]:18574 (0.1792ms)
✔ rejects ambiguous or non-owned origin https://127.0.0.1:18574 (0.2393ms)
✔ rejects ambiguous or non-owned origin http://127.0.0.1:18574/ (0.1726ms)
✔ rejects ambiguous or non-owned origin http://127.0.0.1:18574/api (0.1372ms)
✔ rejects ambiguous or non-owned origin http://127.0.0.1:18574?x=1 (0.2896ms)
✔ rejects ambiguous or non-owned origin http://redacted:redacted@127.0.0.1:18574 (0.1873ms)
✔ rejects ambiguous or non-owned origin http://example.com:18574 (0.1295ms)
✔ receipt requires complete immutable source, no unknown authority or provider substitution (3.4151ms)
✔ native requests preserve single strategy, exact source, budget, File verifier, no deliverable (0.6838ms)
✔ Rust policy digest uses explicit declaration order, not JS/JSONB property order (0.6275ms)
✔ canonical containment handles Windows drive prefixes but rejects aliases/escapes (1.1354ms)
✔ POSIX containment rejects traversal, equality and sibling prefixes (0.7084ms)
✔ base.txt reads exactly five bytes, and all link/reparse/hardlink failures occur before open (10.3096ms)
✔ opened-file identity swaps fail closed without reading bytes (1.4329ms)
✔ runners are top-level; nested-only, unavailable, foreign, ambiguous or different-source runners fail (1.0515ms)
✔ suspend: actual usage -> breaker -> native teardown -> exact checkpoint -> terminal (2.5765ms)
✔ stop: actual usage -> breaker -> native teardown -> exact checkpoint -> terminal (1.0471ms)
✔ rejects missing checkpoint (1.3966ms)
✔ rejects foreign Corp proof (0.786ms)
✔ rejects foreign mission proof (1.045ms)
✔ rejects foreign task proof (1.2209ms)
✔ rejects foreign run proof (1.5254ms)
✔ rejects foreign agent proof (1.0109ms)
✔ rejects foreign runner proof (0.7227ms)
✔ rejects wrong original base (0.7901ms)
✔ rejects changed HEAD (0.7857ms)
✔ rejects changed fingerprint (0.6236ms)
✔ rejects arbitrary JS policy ordering (0.7159ms)
✔ rejects changed write digest (0.7597ms)
✔ rejects changed deliverable digest (0.9434ms)
✔ rejects token in proof (1.0199ms)
✔ rejects live provider (0.59ms)
✔ rejects wrong adapter (0.6773ms)
✔ rejects foreign event lineage (0.5393ms)
✔ rejects late checkpoint (0.6626ms)
✔ rejects missing usage (0.7468ms)
✔ rejects fake cumulative usage (0.5451ms)
✔ rejects wrong breaker metric (0.6293ms)
✔ rejects wrong command acknowledgement (0.7977ms)
✔ rejects accepted artifact (0.57ms)
✔ rejects verification started (0.9872ms)
✔ rejects lost is not completion (0.4641ms)
✔ rejects agent still assigned (0.4894ms)
✔ rejects automatic retry (0.5539ms)
✔ rejects replacement task (0.5206ms)
✔ rejects resume lineage (0.4452ms)
✔ rejects budget override (0.3447ms)
✔ rejects write scope widening (0.3456ms)
✔ rejects policy weakening (0.3447ms)
✔ rejects path outside runner (0.7407ms)
✔ rejects unknown projection strings are not logged (0.5465ms)
✔ rejects non-native none breaker projection is rejected (0.5199ms)
✔ rejects accepted evidence row (0.6484ms)
✔ full replay, not the bounded snapshot, rejects earlier run.completed (1.1527ms)
✔ full replay, not the bounded snapshot, rejects earlier run.verification_started (1.5886ms)
✔ full replay, not the bounded snapshot, rejects earlier run.verification_evidence (1.048ms)
✔ full replay, not the bounded snapshot, rejects earlier run.artifact (1.3518ms)
✔ full replay, not the bounded snapshot, rejects earlier run.deliverable (0.8839ms)
✔ full replay, not the bounded snapshot, rejects earlier run.workspace_removed (0.8287ms)
✔ full replay, not the bounded snapshot, rejects earlier run.teardown_uncertain (0.9883ms)
✔ visible history and original journal prefix are immutable; no whole-database inference (1.7484ms)
✔ journal bounds, strict ordering, non-contiguous visible sequences and Ready watermark (0.5993ms)
✔ API requests allow only exact scoped snapshot/create/launch, never reset/policy/resume (27.4769ms)
✔ HTTP errors with sensitive bodies are not retried or exposed (0.7456ms)
✔ oversized API responses fail at the byte bound, with no response body in the error (10.299ms)
✔ native journal API requires a real Ready watermark and refuses partial replay (1.5905ms)
✔ two additive cases checkpoint intent/IDs, retain old history, and pass only after quiet observation (32.138ms)
✔ baseline counts are dynamic, including completed prior browser-created missions (35.2356ms)
✔ completed checkpoint continuation is read-only and never re-launches either case (38.8988ms)
✔ timeout leaves a live run LIVE with its original ID and never starts a replacement/second case (27.2147ms)
✔ lost create response discovers exact original IDs; intentional continuation sends no duplicate (17.7476ms)
✔ uncertain create without an observable result blocks continuation, never replacement (1.3486ms)
✔ lost launch response discovers exact original IDs; intentional continuation sends no duplicate (18.9716ms)
✔ uncertain launch without an observable result blocks continuation, never replacement (3.777ms)
✔ driver failure keeps IDs and failure report; late accepted verification cannot pass (8.8664ms)
✔ saved report cannot change receipt/source/runner/process scope or invent successful authority (1.6189ms)
✔ existing budget-stream keeps its original synthetic 6000-token contract (1229.5088ms)
✔ UI budget-stream uses the real 500K preset with explicit synthetic counters (1171.469ms)
✔ native interrupt prevents later usage and completion in the UI fixture (312.0685ms)
✔ original budget-stream still interrupts before its second usage and scheduled completion (310.1102ms)
✔ queued completion emits exact usage and completed before a subsequent interrupt response (166.0427ms)
✔ actual queued fixture writes base then emits both usages and finish synchronously without timers (3.6111ms)
✔ User/Organization resolver verifies owner and project number without reading items (1058.1609ms)
✔ opaque paginated active-only discovery retains 1002 items and exact Issue source (2469.0366ms)
✔ empty pages, invalid cursors and archived cursors never silently restart pagination (1353.6198ms)
✔ quota-only probes accept include flags before/after endpoint and retain plain JSON (625.0994ms)
✔ exact items, memberships and publisher fields support metered and legacy plain callers (1354.0698ms)
✔ configured primary refusal exposes reset headers and recovers exactly at fixture reset (502.0065ms)
✔ secondary failures are finite per-query attempts even with interleaved probes (802.2059ms)
✔ 503 failures expose Retry-After without spending quota or triggering source mutation (339.7239ms)
✔ source-drift hook remains shared across pages, legacy lists and exact reads only (1300.49ms)
✔ legacy Project edits and publisher PR mutation/recovery semantics are preserved (995.531ms)
✔ errors and observation logs never echo credentials, headers, query text or variables (647.3813ms)
✔ invalid quota/failure configurations fail safely and event retention is bounded (1353.0672ms)
✔ parses HTTPS clone URL without resolving redirects (2.9468ms)
✔ parses HTTPS repository URL without resolving redirects (0.2851ms)
✔ parses HTTPS default port without resolving redirects (0.1636ms)
✔ parses SSH SCP URL without resolving redirects (0.3161ms)
✔ parses SSH URI without resolving redirects (0.2834ms)
✔ parses SSH default port without resolving redirects (0.2322ms)
✔ parses SSH alternate port without resolving redirects (0.4968ms)
✔ parses case normalization without resolving redirects (0.1779ms)
✔ parses trailing slash without resolving redirects (0.2757ms)
✔ parses Git output newline without resolving redirects (1.7349ms)
✔ keeps old, transferred and deliberately wrong repositories distinct (0.4751ms)
✔ retains valid repository punctuation (0.1666ms)
✔ rejects missing without disclosing the origin (0.7588ms)
✔ rejects null without disclosing the origin (0.1401ms)
✔ rejects non-string without disclosing the origin (0.1151ms)
✔ rejects empty without disclosing the origin (0.1218ms)
✔ rejects bare namespace without disclosing the origin (0.1057ms)
✔ rejects different host without disclosing the origin (0.1069ms)
✔ rejects host suffix without disclosing the origin (0.2958ms)
✔ rejects HTTP without disclosing the origin (0.3324ms)
✔ rejects Git protocol without disclosing the origin (0.2409ms)
✔ rejects HTTPS userinfo without disclosing the origin (0.2801ms)
✔ rejects HTTPS password without disclosing the origin (0.1315ms)
✔ rejects SSH password without disclosing the origin (0.1115ms)
✔ rejects non-Git SSH user without disclosing the origin (0.1099ms)
✔ rejects SCP userinfo without disclosing the origin (0.1051ms)
✔ rejects SCP prefix not recognized by the runner without disclosing the origin (0.1155ms)
✔ rejects query without disclosing the origin (0.1108ms)
✔ rejects fragment without disclosing the origin (0.1089ms)
✔ rejects extra path without disclosing the origin (0.143ms)
✔ rejects traversal without disclosing the origin (0.1068ms)
✔ rejects dot owner without disclosing the origin (0.1293ms)
✔ rejects dot repository without disclosing the origin (0.106ms)
✔ rejects empty repository without disclosing the origin (0.1503ms)
✔ rejects encoded path without disclosing the origin (0.0978ms)
✔ rejects backslash without disclosing the origin (0.1332ms)
✔ rejects multiple origins without disclosing the origin (0.1316ms)
✔ rejects oversized origin without disclosing the origin (0.0979ms)
✔ reads only the selected checkout origin with bounded, piped Git output (0.3097ms)
✔ Git failure discards message, cause, stdout and stderr without fallback (0.2488ms)
✔ a successful Git read cannot admit a credential-bearing origin (0.2114ms)
✔ imports actual-shaped retained native success and reproducible external rejection as a candidate only (133.9205ms)
✔ old oracle without physical digest remains explicitly weaker and prompt alignment remains unreviewed (118.7536ms)
✔ repeated captures and checker versions of one run do not create independent evidence identities (442.9907ms)
✔ local review digest cannot activate a candidate even with two distinct native runs (232.9008ms)
✔ refuses foreign Corp even with repinned retained files (114.5308ms)
✔ refuses foreign room even with repinned retained files (112.7751ms)
✔ refuses other source even with repinned retained files (126.4743ms)
✔ refuses changed contract source even with repinned retained files (123.0362ms)
✔ refuses missing native checks even with repinned retained files (107.2693ms)
✔ refuses failed test under passed native label even with repinned retained files (114.1621ms)
✔ refuses wrong oracle bytes even with repinned retained files (111.321ms)
✔ refuses wrong resume identity even with repinned retained files (94.4079ms)
✔ refuses wrong resume ancestry even with repinned retained files (111.5034ms)
✔ refuses cancelled run even with repinned retained files (102.6855ms)
✔ refuses substituted before bytes even with repinned retained files (96.9964ms)
✔ refuses unknown checker even with repinned retained files (21.576ms)
✔ hash pins, duplicate JSON keys and traversal are rejected before candidate output (95.3917ms)
✔ directory redirection and oversized files fail closed (170.0687ms)
✔ exact append handles LF and CRLF without normalizing changed source (0.733ms)
✔ external rejection cannot be imported when exact output actually passes (114.0597ms)
✔ CLI reads pinned inputs and creates one new corpus without overwriting source files (292.5204ms)
✔ CLI has one aggregate read budget covering the request, corpus, manifests and retained files (315.8109ms)
▶ local stack owned-process and state regression fixtures
  ✔ identity comes from the live process and binds only the explicit workspace (1.9571ms)
  ✔ wrong timestamps, executable, workspace and malformed records fail closed (0.1414ms)
  ✔ a stale creation record aimed at a live synthetic PID cannot stop it (0.2307ms)
  ✔ stopping the verified root leaves its descendant and an unrelated child alive (0.139ms)
  ✔ Start accepts working and log directories containing spaces (0.1428ms)
  ✔ Start treats bracketed log directories as literal paths (0.1381ms)
  ✔ Start treats bracketed working directories as literal paths (0.1971ms)
  ✔ failed-start rollback results preserve the original error and require both success signals (0.1291ms)
  ✔ Start preserves literal arguments, spaces, child-only environment and redacted evidence (0.2045ms)
  ✔ repeated role launches retain earlier logs and allocate unique stdout/stderr files (0.378ms)
  ✔ extracted Launch preserves ownership on save failure (verified rollback) (0.1331ms)
  ✔ extracted Launch preserves ownership on save failure (unverified rollback) (0.0777ms)
  ✔ v2 state round-trips nested records and read preserves exact bytes (0.0809ms)
  ✔ corrupt, unsupported and differently scoped state is refused without deleting evidence (0.1183ms)
  ✔ state writes reject traversal, sibling-prefix paths and foreign workspace claims (0.0861ms)
  ✔ state writes reject reparse-point parent directories (0.0714ms)
  ✔ a failed atomic replacement preserves old bytes and removes its temporary file (0.1452ms)
  ✔ concurrent synthetic reader observes only complete atomic state generations (0.1437ms)
  ✔ legacy numeric state stays read-only and never authorizes stopping (0.1691ms)
  ✔ cleanup reaps only held synthetic handles and removes only its temporary tree (0.2084ms)
✔ local stack owned-process and state regression fixtures (10597.9652ms)
ℹ PowerShell 7.6.5; 14 synthetic processes reaped; no fixture tree remains
▶ local stack starter source guards
  ✔ starter has no unconditional stop invocation (0.2148ms)
  ✔ starter never passes a database URL as a command argument (0.1505ms)
  ✔ starter forwards the native runner startup-recovery opt-out unchanged (0.0952ms)
  ✔ persisted runner IDs block automatic reenrollment even when offline (0.0974ms)
  ✔ Factory policy paths are canonicalized against the checkout before persistence and launch (0.0807ms)
  ✔ Factory saved connection is retained and passed only as an explicit native option (0.0754ms)
  ✔ live source-ref changes use exact comparison for old and current records (0.096ms)
  ✔ starter never deletes enrollment or credentials without an explicit reset/rotation guard (0.079ms)
  ✔ Compose operations are guarded by external-database selection (0.0778ms)
  ✔ stopper does not rediscover or terminate a descendant tree from saved PIDs (0.0854ms)
✔ local stack starter source guards (2620.4111ms)
✔ one checkout serializes commands while another checkout remains usable (6397.3704ms)
✔ explicit restart nesting and failed operations release their native lock (5122.8055ms)
✔ an interrupted command does not leave a stale lock requiring manual cleanup (3386.2762ms)
✔ both supported entrypoints use the same operation boundary (22.3485ms)
✔ reported idle remains idle without a pending request (2.2485ms)
✔ reported starting remains starting without a pending request (0.2515ms)
✔ reported working remains working without a pending request (0.1782ms)
✔ reported blocked remains blocked without a pending request (0.1854ms)
✔ reported reviewing remains reviewing without a pending request (0.2279ms)
✔ reported offline remains offline without a pending request (0.2326ms)
✔ working station "read" projects reading (0.2919ms)
✔ working station "search" projects reading (0.1746ms)
✔ working station " READ " projects reading (0.246ms)
✔ working station "Search" projects reading (0.3001ms)
✔ working station "test" projects working (0.19ms)
✔ working station "build" projects working (0.2007ms)
✔ working station "review" projects working (0.1275ms)
✔ working station "research" projects working (0.1155ms)
✔ working station "bread" projects working (0.109ms)
✔ working station "break" projects working (0.1096ms)
✔ working station "unknown-tool" projects working (0.104ms)
✔ working station null projects working (0.1045ms)
✔ a stale station does not invent activity for a non-working agent (0.3296ms)
✔ a blocked agent needs an exact current-run approval match (0.1896ms)
✔ an exact current-run pending review is distinct from an action approval (0.1724ms)
✔ unrelated and prior-run pending requests cannot affect the current agent (0.2058ms)
✔ an approval stops affecting an agent as soon as its current run changes (0.1768ms)
✔ null and empty current-run IDs cannot acquire pending request state (0.1825ms)
✔ offline wins even when the recorded current run has both pending requests (0.1817ms)
✔ exact action approval takes precedence over exact review (0.1721ms)
✔ explicit current-run requests do not depend on a blocked display status (0.1982ms)
✔ projection does not mutate agents or request sets or infer state from identity text (1.3901ms)
✔ all eight states have distinct labels and factual descriptions (0.6363ms)
✔ roster ordering is stable by ID without mutating the source array (0.4138ms)
✔ renaming or changing activity does not move an existing roster to different seats (0.5878ms)
✔ 0 agents occupy exactly 0 studios without stacked seats (0.3234ms)
✔ 1 agents occupy exactly 1 studios without stacked seats (0.3939ms)
✔ 5 agents occupy exactly 1 studios without stacked seats (0.2623ms)
✔ 6 agents occupy exactly 1 studios without stacked seats (0.3025ms)
✔ 7 agents occupy exactly 2 studios without stacked seats (0.3009ms)
✔ 11 agents occupy exactly 2 studios without stacked seats (0.2146ms)
✔ 12 agents occupy exactly 2 studios without stacked seats (0.1876ms)
✔ 13 agents occupy exactly 3 studios without stacked seats (0.1724ms)
✔ 17 agents occupy exactly 3 studios without stacked seats (0.1841ms)
✔ 18 agents occupy exactly 3 studios without stacked seats (0.1738ms)
✔ 19 agents occupy exactly 4 studios without stacked seats (0.1807ms)
✔ snapshot input reordering preserves page and seat assignment for 18 agents (0.485ms)
✔ reordering across a partially filled page boundary preserves each agent seat (1.0434ms)
✔ studio dimensions and the six feet anchors match the renderer contract exactly (0.489ms)
✔ desk access never wraps overflow or invalid indexes onto occupied seats (1.0966ms)
✔ all desk footprints stay above their chairs and never overlap another desk or decor (0.3965ms)
✔ desk 0 has one finite arrival route clear of every workstation (0.4735ms)
✔ desk 1 has one finite arrival route clear of every workstation (0.2128ms)
✔ desk 2 has one finite arrival route clear of every workstation (0.1831ms)
✔ desk 3 has one finite arrival route clear of every workstation (0.104ms)
✔ desk 4 has one finite arrival route clear of every workstation (0.0845ms)
✔ desk 5 has one finite arrival route clear of every workstation (0.0951ms)
✔ route and desk results do not expose shared mutable layout state (0.1366ms)
✔ pending native review distinguishes invalid artifact paths from invalid artifact IDs (92.273ms)
✔ pending native intent survives acceptance changes and reviewed adoption replays one exact revision (67.3423ms)
✔ pending intent cannot apply and generic native approval cannot authorize exact feedback (31.6367ms)
✔ reviewed feedback refuses adopter as reviewer before a revision (30.5307ms)
✔ reviewed feedback refuses producer as reviewer before a revision (32.6097ms)
✔ reviewed feedback refuses source requester as reviewer before a revision (26.1679ms)
✔ reviewed feedback refuses rejected decision before a revision (31.8587ms)
✔ reviewed feedback refuses future decision before a revision (32.8497ms)
✔ reviewed feedback refuses decision before intent before a revision (31.073ms)
✔ reviewed feedback refuses wrong note digest before a revision (22.6353ms)
✔ reviewed feedback refuses extra note prose before a revision (22.4387ms)
✔ reviewed feedback refuses ordinary human gate before a revision (23.2255ms)
✔ reviewed feedback refuses requester exclusion disabled before a revision (23.0329ms)
✔ native approval cannot excuse changed target task (21.8316ms)
✔ native approval cannot excuse changed target version (22.952ms)
✔ native approval cannot excuse changed source commit (21.1687ms)
✔ native approval cannot excuse changed artifact identity (21.6185ms)
✔ native approval cannot excuse changed corpus bytes digest (26.4873ms)
✔ native approval cannot excuse changed selected rule digest (21.8859ms)
✔ native approval cannot excuse changed selected guidance (22.0148ms)
✔ native approval cannot excuse changed adopter identity (21.8446ms)
✔ native approval cannot excuse changed replacement effect (21.5488ms)
✔ native approval cannot excuse changed unknown authority field (23.5426ms)
✔ persisted verifier policy and automated evidence drift invalidate the intent independently of acceptance (71.3789ms)
✔ missing or contradictory native rows and capture drift fail closed (30.2434ms)
✔ reviewed apply rechecks the actual decision and preserves ambiguous outcomes and idempotency (44.2423ms)
✔ reviewed apply rejects altered intent bytes and expired proposal without native effects (27.3122ms)
✔ a changed post-effect review remains uncertain and cannot assert a verified binding (32.7896ms)
✔ review intent time bounds are revalidated during accepted-source reconstruction (28.6066ms)
✔ CLI native-review preparation, exact intent selection and apply keep separate raw and canonical hashes (143.3357ms)
✔ prepare is read-only and exposes the exact reference-only change for review (21.6699ms)
✔ an unprefixed objective stays candidate because native composition would change it (21.0118ms)
✔ native normalization fixed points retain description and objective exactly (26.6019ms)
✔ public identifiers and digest selectors reject coercible arrays and objects before effects (19.6149ms)
✔ time, timeout and trusted routing fields require their declared primitive types (24.132ms)
✔ apply performs one native revision, preserves authority and never launches (23.4644ms)
✔ typed native file selection pins outer provenance and exact decoded corpus while preserving raw compatibility (47.4127ms)
✔ native typed unknown schema field is refused even with matching outer artifact digest (19.5757ms)
✔ native typed missing native schema field is refused even with matching outer artifact digest (24.3646ms)
✔ native typed coercible version is refused even with matching outer artifact digest (14.1554ms)
✔ native typed unsupported archive form is refused even with matching outer artifact digest (14.2671ms)
✔ native typed wrong base is refused even with matching outer artifact digest (14.2182ms)
✔ native typed wrong verifier is refused even with matching outer artifact digest (14.2731ms)
✔ native typed wrong head is refused even with matching outer artifact digest (15.9021ms)
✔ native typed bundle payload is refused even with matching outer artifact digest (17.3811ms)
✔ native typed patch checksum is refused even with matching outer artifact digest (15.9681ms)
✔ native typed patch noncanonical base64 is refused even with matching outer artifact digest (15.2259ms)
✔ native typed selected hash is refused even with matching outer artifact digest (14.0827ms)
✔ native typed selected byte count is refused even with matching outer artifact digest (15.9248ms)
✔ native typed selected file size bound is refused even with matching outer artifact digest (17.3577ms)
✔ native typed selected base64 is refused even with matching outer artifact digest (18.201ms)
✔ native typed selected symlink is refused even with matching outer artifact digest (18.2944ms)
✔ native typed selected submodule is refused even with matching outer artifact digest (21.5218ms)
✔ native typed selected media is refused even with matching outer artifact digest (17.6205ms)
✔ native typed duplicate path is refused even with matching outer artifact digest (22.0618ms)
✔ native typed case alias is refused even with matching outer artifact digest (18.8735ms)
✔ native typed file directory conflict is refused even with matching outer artifact digest (17.9007ms)
✔ native typed traversal is refused even with matching outer artifact digest (16.495ms)
✔ native typed absolute path is refused even with matching outer artifact digest (25.0159ms)
✔ native typed Windows stream is refused even with matching outer artifact digest (13.3285ms)
✔ native typed Windows device is refused even with matching outer artifact digest (14.6849ms)
✔ native typed trailing dot alias is refused even with matching outer artifact digest (18.0351ms)
✔ native typed coercible entry path is refused even with matching outer artifact digest (17.6582ms)
✔ native typed deleted selection is refused even with matching outer artifact digest (16.2354ms)
✔ typed path selection requires one exact safe file, source role and original outer bytes (18.9907ms)
✔ typed decoded corpus cannot substitute a different well-hashed file or retarget a reviewed proposal (33.356ms)
✔ typed base64 padding bits are canonical even when permissive decoding preserves the correct bytes (14.4675ms)
✔ same byte-pinned proposal replays its native key without adding guidance or a second revision (23.7409ms)
✔ lost response stays unknown with no automatic retry; exact replay reconciles it (21.2055ms)
✔ an HTTP400 after persistence stays unknown and same-key replay confirms one revision (21.8826ms)
✔ live Corp drift refuses before a request (14.2255ms)
✔ live room drift refuses before a request (14.7561ms)
✔ live mission drift refuses before a request (16.3856ms)
✔ live task drift refuses before a request (14.6589ms)
✔ live run drift refuses before a request (18.1476ms)
✔ live actor drift refuses before a request (14.7991ms)
✔ live source commit drift refuses before a request (20.5089ms)
✔ live verifier digest drift refuses before a request (15.5664ms)
✔ live artifact digest drift refuses before a request (18.5941ms)
✔ an accepted receipt with incomplete bounded evidence remains candidate (17.2355ms)
✔ an observed manual gate must retain its native decision and decider (18.6226ms)
✔ missing native corpus evidence or mismatched actual bytes never borrows an unrelated accepted run (18.8538ms)
✔ typed envelopes, missing review bytes and requested independent review remain explicit candidates (19.5443ms)
✔ UTF-8 reference bounds do not silently truncate valid longer advisory guidance (16.8443ms)
✔ changed target ready status cannot be overwritten (21.9326ms)
✔ changed target existing run cannot be overwritten (21.0774ms)
✔ changed target contract version cannot be overwritten (17.0116ms)
✔ changed target budget cannot be overwritten (19.2346ms)
✔ changed target verifier cannot be overwritten (25.3938ms)
✔ changed target source cannot be overwritten (23.7394ms)
✔ changed target source connection cannot be overwritten (19.6591ms)
✔ changed target tools cannot be overwritten (22.086ms)
✔ changed target Corp cannot be overwritten (30.8984ms)
✔ changed target room cannot be overwritten (22.635ms)
✔ changed target origin cannot be overwritten (17.965ms)
✔ repinned unauthorized proposal changes cannot alter anything except selected references (34.907ms)
✔ wrong proposal hash, edited corpus/review/receipt, future or expired proposal fails before POST (21.9475ms)
✔ expired selected guidance is not rescued by the remaining proposal lifetime (21.0724ms)
✔ expiry crossing during live prechecks is repeated immediately before mutation (18.8859ms)
✔ one total operation deadline cannot be renewed by a slow target precheck (235.0292ms)
✔ duplicate-key or reformatted proposal JSON cannot masquerade as the prepared byte representation (25.2464ms)
✔ source drift after successful mutation is accurately retained as applied (22.0561ms)
✔ source access loss after mutation is never mislabeled refusal-before-effects (20.2073ms)
✔ an HTTP error after a request is unknown without transaction-stage evidence and is not retried (25.2905ms)
✔ a contradictory successful response or changed native readback stays unknown (19.9036ms)
✔ exact native target projection refuses filtered context and preserves whole scope (16.6018ms)
✔ file input requires selected exact bytes and fails closed on an oversized or malformed input (34.0279ms)
✔ feedback file reads accumulate short native reads before validating bytes (10.8054ms)
✔ feedback file truncate during short reads fails without a hash pin (8.0333ms)
✔ feedback file grow during short reads fails without a hash pin (8.0012ms)
✔ CLI preparation writes new review artifacts and an existing apply receipt refuses before network or effects (118.7862ms)
✔ CLI exits nonzero for refused adoption while preserving its JSON receipt (217.7456ms)
✔ CLI typed prepare explicitly selects the native file and apply has no path override (51.9597ms)
✔ retained native candidate cannot become saved-task guidance or a native revision (24.9332ms)
✔ forged locally activated native evidence cannot become saved-task guidance or a native revision (21.6441ms)
✔ native evidence mixed into an activated typed artifact cannot become saved-task guidance or a native revision (23.2792ms)
✔ receipt whitelists metadata and distinguishes persisted acceptance from optional verifier digests (8.8901ms)
✔ native runner, model and ref metadata preserves valid punctuation, spaces, Unicode and UTF-8 limits (5.1737ms)
✔ native metadata keeps bounded invalid text and malformed source tuples out of receipts (27.6497ms)
✔ native source identity accepts uppercase hexadecimal commits and full bounded repository components (1.2785ms)
✔ published native refs and native MIME token punctuation are observed without a custom identifier alphabet (1.5972ms)
✔ historical evidence never borrows the current task verifier policy count (1.6692ms)
✔ conflicting or invalid run-bound check counts remain unknown (4.2581ms)
✔ missing and duplicate check indices cannot establish completeness; malformed indices fail (1.2391ms)
✔ receipt rejects mismatched run Corp (0.5698ms)
✔ receipt rejects mismatched task Corp (0.485ms)
✔ receipt rejects mismatched mission Corp (0.2415ms)
✔ receipt rejects mismatched room Corp (0.2037ms)
✔ receipt rejects mismatched exact actor (0.1988ms)
✔ receipt rejects mismatched exact room (0.1811ms)
✔ receipt rejects mismatched exact mission (0.1708ms)
✔ receipt rejects mismatched evidence task (0.2512ms)
✔ receipt rejects mismatched event room (0.2796ms)
✔ receipt rejects mismatched partial source (0.1894ms)
✔ current-run rejects later same-task runs and tied times, retaining nanosecond ordering (1.2171ms)
✔ typed resume lineage requires same task and producer, and records unavailable ancestors honestly (2.4251ms)
✔ exact recovery count is run-bound; private policy and notes are omitted (1.5131ms)
✔ published-result binds its exact source artifact and hashes opaque source revisions (0.9324ms)
✔ published-result accepts an exact historical publication despite a later same-task run (1.0584ms)
✔ published-result refuses mismatched Factory mission (0.4707ms)
✔ published-result refuses mismatched deliverable task (0.4105ms)
✔ published-result refuses mismatched deliverable source base (0.2991ms)
✔ published-result refuses mismatched run deliverable digest (0.2246ms)
✔ published-result refuses mismatched publication run (0.2253ms)
✔ published-result refuses mismatched provenance mission (0.332ms)
✔ published-result refuses mismatched provenance source issue (0.2569ms)
✔ published-result refuses mismatched provenance target (0.3014ms)
✔ published-result refuses mismatched recorded PR head (0.2542ms)
✔ published-result refuses mismatched recorded PR repository (0.2553ms)
✔ published-result refuses mismatched recorded PR provenance (0.323ms)
✔ byte verification rejects tampering and each missing or conflicting native response boundary (1.3458ms)
✔ receipt validator rejects extra content, contradictory acceptance, and mixed origin/artifact roles (4.2491ms)
✔ fingerprint tolerates observation timestamps and detects selected source, contract and artifact drift (3.9731ms)
✔ compiled native MCP export performs two captures and downloads only selected-origin artifact IDs (838.6985ms)
✔ artifact retention selection is bounded before reading host configuration (0.9634ms)
✔ compiled native evidence retains only explicitly selected verified bytes and preserves public receipt schema (516.5033ms)
✔ compiled native evidence rejects an unowned artifact selection before any artifact download (76.354ms)
✔ compiled native evidence never returns retained bytes from a tampered artifact or changed source (228.6171ms)
✔ compiled native exporter keeps opaque runner/model/ref metadata out of every request route (143.339ms)
✔ compiled native export rejects state drift during its artifact read (155.4094ms)
✔ compiled native export rejects mismatched context before downloading artifacts (69.9061ms)
✔ compiled native export refuses artifact redirects without forwarding credentials (78.7574ms)
✔ compiled native export rejects oversized bodies and withholds HTTP error content (137.0816ms)
✔ compiled native export bounds a stalled exact-context body by its whole-operation timeout (1005.3667ms)
✔ receipt CLI writes a create-only metadata file and a compact redacted summary (761.6506ms)
✔ owned server requires matching executable, creation, endpoint, and workspace (4.1666ms)
✔ manual, remote, stale, or non-owned manifests never authorize restart (1.2079ms)
✔ Windows retains legacy timestamp tolerance and case-insensitive paths (0.4203ms)
✔ legacy Windows identity callers remain supported without weakening explicit checks (1.4193ms)
✔ Linux requires the exact boot/PID/start-tick, executable, cwd/root, and socket binding (3.1765ms)
✔ Linux rejects malformed, legacy-Windows, and changed receipts (0.6341ms)
✔ every existing manual port remains denied on Windows and Linux and all loopback hosts (0.9705ms)
✔ remote, credentialed, missing-port, and malformed-scope endpoints fail closed (0.4924ms)
✔ only a complete scoped JSON object is a process receipt (0.8668ms)
✔ proc stat parses the final comm parenthesis and preserves 64-bit start ticks (0.9648ms)
✔ proc stat rejects wrong PID, truncated fields, malformed state, and invalid ticks (0.4057ms)
✔ Linux listener proof intersects the exact port and LISTEN state with PID-owned inodes (1.0751ms)
✔ malformed or unavailable proc network input supplies no ownership authority (0.6161ms)
✔ artifact recovery overrides are child-only and match native numeric bounds (0.6803ms)
✔ probe requires explicit scope and forwards only its scoped credential environment (5.1978ms)
✔ probe summary contains collection counts, never snapshot data or private paths (0.9982ms)
✔ probe permits HTTP only for normalized canonical loopback origins and requires HTTPS elsewhere (15.5789ms)
✔ recovery probe reports only native metadata and never infers missing capability or exposes policy (1.2815ms)
✔ recovery probe rejects malformed work-item IDs before spawning any gateway (1.1334ms)
✔ compiled recovery probe rejects impossible native numeric metadata and preserves exhausted authority (534.8112ms)
✔ compiled recovery tool makes exactly the selected authorized GET in both modes (158.8133ms)
✔ compiled recovery probe selects one context without reading the broad snapshot or exposing private fields (78.8089ms)
✔ compiled recovery tool refuses malformed IDs, extra scope or effect arguments before HTTP (133.9705ms)
✔ compiled recovery tool rejects mismatched Corp or work-item responses (298.8078ms)
✔ compiled recovery probe preserves authorization and not-found failures without private diagnostics (233.6125ms)
✔ compiled recovery inspection never follows redirects in either gateway mode (147.3336ms)
✔ compiled recovery inspection caps HTTP bodies even in the legacy write-capable gateway mode (131.5967ms)
✔ compiled read-only MCP completes the real stdio handshake and makes only one scoped GET (69.1795ms)
✔ compiled MCP ignores notifications and denies mutating calls before HTTP while preserving the default catalog (132.4054ms)
✔ compiled MCP keeps malformed omitted-ID objects silent and effect-free (read-only) (62.3026ms)
✔ compiled MCP keeps malformed omitted-ID objects silent and effect-free (unrestricted) (61.8813ms)
✔ compiled probe withholds API error content and enforces its whole-probe timeout (1091.5143ms)
✔ compiled read-only inspection rejects redirects without contacting a second origin (148.4679ms)
✔ compiled read-only startup requires every routing variable before serving even initialization (241.6649ms)
✔ compiled read-only flag rejects command-line tokens (split option, CLI only) (62.5982ms)
✔ compiled read-only flag rejects command-line tokens (split option, CLI plus environment) (61.1932ms)
✔ compiled read-only flag rejects command-line tokens (equals option, CLI only) (69.124ms)
✔ compiled read-only flag rejects command-line tokens (equals option, CLI plus environment) (62.395ms)
✔ compiled read-only flag accepts only the environment token and exposes the restricted catalog (72.512ms)
✔ compiled read-only environment rejects command-line tokens (split option, CLI only) (82.4122ms)
✔ compiled read-only environment rejects command-line tokens (split option, CLI plus environment) (62.1878ms)
✔ compiled read-only environment rejects command-line tokens (equals option, CLI only) (61.9676ms)
✔ compiled read-only environment rejects command-line tokens (equals option, CLI plus environment) (58.2812ms)
✔ compiled read-only environment accepts only the environment token and exposes the restricted catalog (70.4056ms)
✔ compiled unrestricted MCP preserves legacy CLI token precedence (split option) (159.7224ms)
✔ compiled unrestricted MCP preserves legacy CLI token precedence (equals option) (145.757ms)
✔ compiled native read-only HTTP body rejects oversized declared length before end (200) (79.9694ms)
✔ compiled native read-only HTTP body rejects streamed overflow before end (200) (129.4431ms)
✔ compiled native read-only HTTP body rejects oversized declared length before end (403) (74.4898ms)
✔ compiled native read-only HTTP body rejects streamed overflow before end (403) (132.7643ms)
✔ compiled native HTTP body accepts the inclusive read-only limit and preserves unrestricted transport (783.1035ms)
✔ compiled native HTTP body preserves small successful and error response behavior (441.0689ms)
✔ withholds all six source ACKs for each of two native automatic attempts (5.5522ms)
✔ holds all quality ACK duplicates to the same 8-second deadline, preserving bytes (1.7909ms)
✔ gameplay and integration pass source ACKs unchanged (0.5168ms)
✔ native resume passes ACKs and does not consume a third automatic attempt (0.363ms)
✔ non-source ACK, heartbeat, credential rotation, approval and lifecycle are opaque passthrough (0.6209ms)
✔ rejects foreign or unproven run, Corp and hash before fault decisions (1.5952ms)
✔ assignment rebinding cannot swap a different task, scope or command kind (0.9413ms)
✔ late-ACK release sends one exact original old-run frame once without retagging (0.8097ms)
✔ refuses manual-stack, wrong-repository and missing opt-in config (2.1948ms)
▶ real loopback WebSocket wiring: native schema, ordered forwarding, reconnection and redaction
  ▶ isolated concurrent fixture 1
    ✔ synthetic endpoints require live ownership without relaxing config guards (15.5332ms)
    ✔ persisted owner/name schema binds and stop cannot overtake a pending assignment (61.6805ms)
    ✔ upload byte transparency, ACK withholding and metadata non-disclosure (53.4464ms)
    ✔ a stale snapshot/close callback cannot bind, send or close the replacement connection (165.2709ms)
  ✔ isolated concurrent fixture 1 (469.2939ms)
  ▶ isolated concurrent fixture 2
    ✔ synthetic endpoints require live ownership without relaxing config guards (12.824ms)
    ✔ persisted owner/name schema binds and stop cannot overtake a pending assignment (62.3653ms)
    ✔ upload byte transparency, ACK withholding and metadata non-disclosure (53.2618ms)
    ✔ a stale snapshot/close callback cannot bind, send or close the replacement connection (162.862ms)
  ✔ isolated concurrent fixture 2 (426.1194ms)
✔ real loopback WebSocket wiring: native schema, ordered forwarding, reconnection and redaction (470.3789ms)
✔ relocated doctor checks declared tools through native version commands without leaking ambient secrets or installing (1353.2054ms)
✔ wrong node version produces a failing CLI result (1366.4838ms)
✔ wrong pnpm version produces a failing CLI result (1242.4001ms)
✔ wrong rustc version produces a failing CLI result (1170.6483ms)
✔ wrong cargo version produces a failing CLI result (1207.5071ms)
✔ missing package manager fails without falling back to another host command (1069.9011ms)
✔ failed component probes suppress raw stdout and stderr (1337.7433ms)
✔ unrecognized version output is rejected without echoing the command response (1362.533ms)
✔ an unavailable pinned rustup toolchain fails instead of installing or selecting stable (1279.9376ms)
✔ already selected direct Rust binaries can be verified without rustup (1330.7714ms)
✔ invalid .node-version declaration fails before any command runs (version) (173.5076ms)
✔ invalid package.json declaration fails before any command runs (version) (183.0064ms)
✔ invalid rust-toolchain.toml declaration fails before any command runs (floating Rust) (199.541ms)
✔ invalid rust-toolchain.toml declaration fails before any command runs (component) (188.2333ms)
✔ unsupported CLI arguments fail before probing tools (208.2318ms)
ℹ tests 1252
ℹ suites 0
ℹ pass 1252
ℹ fail 0
ℹ cancelled 0
ℹ skipped 0
ℹ todo 0
ℹ duration_ms 61402.0955
