$ node --test --test-concurrency=2 --test-timeout=180000 "apps/web/src/**/*.test.mjs" "tools/*.test.mjs"
✔ editor preserves its accessible control names, preview hook, and all six check choices (49.1143ms)
✔ switching check types resets their incompatible fields and retains the rest of the policy (9.5847ms)
✔ every check-field callback retains the selected variant and unchanged checks (18.1889ms)
✔ adding and removing checks preserves tab selection, including external policy shrink and the empty state (20.953ms)
✔ the 16-check add button limit and oversized-policy feedback are retained (16.1379ms)
✔ manual-gate transitions retain default role ordering, requester exclusion, and explicit removal (17.8584ms)
✔ preview keeps exact check order, manual-role labels, heading overrides, and requester-exclusion guidance (5.0317ms)
✔ Factory exact-run navigation replaces a remembered newer outcome before mission remount (5.4949ms)
✔ run navigation ignores the duplicate activity marker in a hidden Factory tab (16.2182ms)
✔ artifact navigation chooses its exact producer while mission-only navigation preserves the current choice (1.3928ms)
✔ unavailable run/task/mission cannot overwrite remembered evidence or open another run (4.238ms)
✔ storage failure or obsolete viewer fails closed before navigation (3.7361ms)
✔ explicit navigation writes only the selected viewer scope and only the run identity (1.4279ms)
✔ reload keeps the decided run instead of the other pending review or a newer worker (2.3121ms)
✔ remembered evidence is scoped to the API server, Corp, actor and mission (0.4971ms)
✔ missing remembered work never silently substitutes another visible review (0.3475ms)
✔ unreadable or malformed stored context requires explicit selection, not the next review (0.5153ms)
✔ a first visit is distinct from unreadable history; failed writes do not throw (0.3772ms)
✔ only the selected run ID is stored; reviews and authority never enter browser persistence (1.3205ms)
✔ MissionCard scopes remounts, pins initial evidence and fails closed when persistence fails (12.198ms)
✔ issue210 only the explicit server flag adds correction to a native checkpoint (3.6763ms)
✔ issue210 verifier availability is independent of correction and missing availability preserves legacy behavior (1.5365ms)
✔ issue210 revision source is the exact server-selected verifier, with no cross-item fallback (0.6767ms)
✔ only native proof plus its cancellation marker exposes source-only checkpoint verification (0.3188ms)
✔ a running checkpoint needs no cancellation repair, and ordinary verification failure stays compatible (0.2891ms)
✔ missing/tampered source, checkpoint, head, active recovery or terminal outcome offers no new recovery (0.3969ms)
✔ context requests are not recovery grants and never depend on inferred mission spend/status (0.254ms)
✔ copied command binding retains the saved connection and never falls back on malformed metadata (0.3058ms)
✔ actual presentation selects the endpoint source, not the newest visible run or mission cancellation (128.7971ms)
✔ issue210 presentation separates provider-free verification from a budgeted same-session fix (29.5515ms)
✔ issue210 source-only and unavailable checkpoint presentations never suggest generic recovery (43.8958ms)
✔ actual context loader is GET-only and admits the exact item/version/mission checkpoint (54.1774ms)
✔ actual context loader rejects stale/cross-scope and malformed flags without snapshot fallback (204.3244ms)
✔ issue210 actual loader accepts boolean correction flags and defaults missing legacy authority closed (55.019ms)
✔ issue210 exact loader retains true, false and missing checkpoint availability without granting another mode (52.3631ms)
✔ actual UI action copies only explicit checkpoint verification with the original scope/connection (237.2274ms)
✔ issue210 actual correction action retains the original CLI route, source and connection (392.9519ms)
✔ issue210 actual card drops correction authority immediately when item, version or actor changes (450.6036ms)
✔ issue210 actual contract submission uses the scoped verifier, not its provider ancestor (64.827ms)
✔ issue210 editor loading, errors, stale context and denied correction cannot fall back or submit (386.1992ms)
✔ issue210 ordinary contract resume, redispatch and requester/role boundaries stay intact (134.7027ms)
✔ issue210 actual source-only context copies correction and revises the exact verifier; no-mode context does neither (288.2907ms)
✔ actual resume handler and rendered provider control respect native recovery blocking (10.8275ms)
✔ actual App Resume control survives an ineligible ordinary Factory recovery lookup and uses the native actor-bound POST (397.8528ms)
✔ issue221 explicit provider-correction permission permits null head without granting checkpoint or generic resume (2.5775ms)
✔ issue221 actual context reader retains null head/current provider proof and malformed heads remain non-actionable (536.3723ms)
✔ issue221 actual copy/revision actions use only source correction for the latest failed provider with null head (371.7463ms)
✔ wrong-first legacy Project 174 cannot displace the selected live lab controller (2.3208ms)
✔ every Project/repository/Corp component must match, even with an active-item pointer (0.4885ms)
✔ GitHub owner/repository case and surrounding whitespace normalize independently (0.2943ms)
✔ missing/malformed scope is neutral rather than an empty-scope match (0.3276ms)
✔ the exact active item wins among live controllers in the same scope (0.3287ms)
✔ a current live scope match wins over a stale offline active-item pointer (0.2626ms)
✔ with only offline matches, retain the exact item rather than crossing scope (0.285ms)
✔ without an item, prefer useful live intake in the current Corp (0.4043ms)
✔ empty/no-match and unavailable explicit selections never borrow another controller (0.3903ms)
✔ heartbeat freshness and stable ID break ties without using array order or mutating inputs (1.5914ms)
✔ snapshot refresh and selected scope changes return the exact new ID/version object (0.3323ms)
✔ the actual FactoryPanel resolver feeds displayed state and both action callbacks (22.0739ms)
✔ the actual component guards controller actions, retains role gating and passes the same callback (14.9391ms)
✔ the actual API action handler targets the resolved controller ID and version for all actions (75.2092ms)
✔ the production handler preserves the existing ID-scoped idempotency/version on a lost response (25.8995ms)
✔ primary_rate_limit has a reader-facing reason and an automatic future retry (29.1517ms)
✔ secondary_rate_limit has a reader-facing reason and an automatic future retry (1.2389ms)
✔ graphql_quota has a reader-facing reason and an automatic future retry (1.1147ms)
✔ github_unavailable has a reader-facing reason and an automatic future retry (2.2194ms)
✔ quota, cost and timestamps come from the snapshot, not derived or default budgets (1.6472ms)
✔ equivalent offset timestamps have the same local retry time and boundary (1.5749ms)
✔ at or after the retry deadline, waiting is not presented as a successful retry (1.8369ms)
✔ zero remaining, limit, query cost and failures remain real zeros (0.9583ms)
✔ paused desired state wins without rewriting controller health or promising a retry (1.5202ms)
✔ offline health wins over polling metadata, including an elapsed retry (1.3921ms)
✔ paused and offline together retain both conditions and existing paused precedence (0.6113ms)
✔ absent legacy polling leaves the old strip intact and never fabricates a wait (0.2275ms)
✔ missing or malformed backoff data is unavailable, never zero or an invented deadline (0.3654ms)
✔ invalid values are not coerced to numbers or dates and unknown reasons are not rendered raw (1.8187ms)
✔ partial quota data preserves observed zeros while missing fields remain unavailable (0.3646ms)
✔ healthy telemetry does not infer a backoff from a zero quota or failure count (0.459ms)
✔ UI integration remains read-only, accessible, and uses existing controller controls (18.438ms)
✔ line normalization preserves argument boundaries, literal punctuation, and duplicate values (2.9509ms)
✔ role entry supports commas and CRLF without silently deduplicating or authorizing roles (0.5877ms)
✔ mission projection retains exact task, runner and human control attribution (4.985ms)
✔ foreign tasks and same-ID foreign-Corp runners cannot supply collaboration state (0.4549ms)
✔ offline retains work without advertising live control or termination (0.5826ms)
✔ connecting retains work without advertising live control or termination (0.4791ms)
✔ a failed snapshot refresh retains exact work without advertising live controls (0.4971ms)
✔ invalid snapshot receipt NaN cannot advertise live controls (0.3676ms)
✔ invalid snapshot receipt Infinity cannot advertise live controls (0.2534ms)
✔ invalid snapshot receipt 0 cannot advertise live controls (0.241ms)
✔ invalid snapshot receipt -1 cannot advertise live controls (0.3007ms)
✔ expired/malformed lease 2026-09-16T11:59:00Z cannot claim a controller (0.455ms)
✔ expired/malformed lease 2026-09-16T12:00:00Z cannot claim a controller (0.2444ms)
✔ expired/malformed lease bad cannot claim a controller (0.1592ms)
✔ verifying has recorded evidence but no provider controls (0.22ms)
✔ completed has recorded evidence but no provider controls (0.1216ms)
✔ lost has recorded evidence but no provider controls (0.2055ms)
✔ cancelled has recorded evidence but no provider controls (0.1238ms)
✔ a provider-free run and a superseded agent assignment expose no live controls (0.2771ms)
✔ runner grace and offline remain distinct; neither supplies human presence (0.2455ms)
✔ review links bind exact run/task and explain role and requester exclusion (0.5104ms)
✔ missing and historical identities never become fabricated named owners or current controllers (0.2201ms)
✔ draft cache survives surface remounts but never crosses Corp/actor/room/mission (0.4218ms)
✔ actual component navigation only requests exact context; rendering sends no commands (17.1434ms)
✔ actual disconnected component retains readable evidence with an explicit warning (1.9403ms)
✔ actual failed-refresh component distinguishes stale data from a disconnected transport (6.0254ms)
✔ actual component rejects missing receipt freshness and restores controls after a successful refresh (6.52ms)
✔ App preserves main snapshot metadata and exact-run navigation while passing numeric receipt freshness (8.38ms)
✔ App embeds existing scoped discussion and pins evidence before exact-run navigation (3.3606ms)
✔ late completion notifies remounted composers without clearing a newer or same-text draft (0.873ms)
✔ late operation acknowledgment cannot clear a replacement idempotency key (196.6212ms)
✔ actual App selection never substitutes another mission after the selected record disappears (111.0478ms)
✔ actual briefing navigation has a visible destination for legacy empty descriptions (95.2429ms)
✔ verification checks do not change launch intent (2.1069ms)
✔ review navigation cannot turn its click into a form submission (0.3824ms)
✔ ordinary application setup cannot silently fall back to the fake runtime (0.5906ms)
✔ composer uses two clear steps and starts with an empty goal (0.403ms)
✔ advanced settings and detailed requirements are optional disclosures (0.8548ms)
✔ closing setup preserves the draft and returns to existing mission context (0.8065ms)
✔ explicit links to existing work reveal it without erasing an open draft (0.7158ms)
✔ native creation and explicit held-plan behavior remain unchanged (0.3304ms)
✔ review keeps the exact source and current server-derived allocation visible (0.5294ms)
✔ scope requires four explicit bounded identities and cannot mutate after submission (3.4164ms)
✔ current origin binds the exact view instance, not just equal IDs (0.4815ms)
✔ read issues exactly one encoded, uncached GET with cancellation and no body (15.5418ms)
✔ Direct accepts only exact returned linkage and drops unexpected hidden fields (1.9795ms)
✔ Factory retains only the validated work item, repository, issue number and exact URL (130.6312ms)
✔ all four response identities must echo the bound request exactly (32.3534ms)
✔ missing, malformed and older origin responses never become Direct (3.0223ms)
✔ Factory fields are required and null or missing metadata is never partly accepted (3.7322ms)
✔ Factory rejects invalid work-item identities, repository paths and issue numbers (4.6602ms)
✔ only the raw HTTPS GitHub issue URL matching returned repository and number is accepted (5.1824ms)
✔ mixed-case owner/repository URLs match normalized identity and retain display case (1.4817ms)
✔ valid case-preserving repositories and positive safe issue numbers remain verbatim (1.0237ms)
✔ old endpoints, denied authorization and transport failures stay unavailable without raw errors (1.836ms)
✔ a synchronous API failure is contained and clears the read timer (0.8293ms)
✔ timeout aborts an unsettled read and suppresses both late success and late failure (1.1018ms)
✔ a settled success or failure cannot be overwritten by an already queued timeout (0.9385ms)
✔ cancellation before the scheduled read prevents even the GET (0.9148ms)
✔ in-flight cancellation ignores transports that resolve or reject after abort (0.9112ms)
✔ component reads once for a valid view and renders truthful Direct copy in one styled paragraph (18.75ms)
✔ component links only a fully validated Factory response, not extra returned fields (3.3092ms)
✔ all four operating roles may read; guests, spectators and unknown roles never request context (15.9893ms)
✔ invalid or absent scope props render the conservative fallback without requesting (16.4479ms)
✔ failed exact reads preserve #185 positive or unknown fallback without inventing links or hiding failure (11.2817ms)
✔ a failed origin lookup can be retried explicitly without changing the work identities (4.6761ms)
✔ Corp, actor, room and mission changes hide old success and errors before effect cleanup (14.2423ms)
✔ late success and errors from a replaced request cannot update the current component (13.6687ms)
✔ leaving and returning to identical IDs cannot revive an earlier success or failure (4.0553ms)
✔ same-ID reopened pending requests ignore the original response and error after current denial (4.0034ms)
✔ a guest transition revokes displayed source data and returning operators must read again (2.1836ms)
✔ operating-role and API changes also invalidate old privileged context (3.8966ms)
✔ unmount cancels the read and a fresh mount with identical IDs cannot inherit its outcome (3.1413ms)
✔ one builder preserves the complete current creation payload and retained settings (3.3413ms)
✔ provider defaults, supported reasoning and commit-branch semantics match submission (1.6497ms)
✔ existing deterministic fixture semantics are not converted into provider settings (0.3552ms)
✔ scope freezes the exact serialized body and rejects an actor mismatch (0.8595ms)
✔ every request field, Corp and actor invalidate an earlier quote (1.3845ms)
✔ preview debounces, uses the exact creation body, and calls only the read-only preview POST (9.7899ms)
✔ an edit or closing the composer before debounce starts no request (0.4566ms)
✔ an invalidated request is aborted and cannot publish a late successful quote (1.642ms)
✔ late errors after actor/Corp change or unmount cannot replace the new preview (1.287ms)
✔ editing away and back still requires a fresh request, not a revived quote (1.1052ms)
✔ allocations are displayed verbatim from the server, not a frontend Studio formula (0.9303ms)
✔ missing or mismatched quote fields never become a current allocation (2.125ms)
✔ an absent preview endpoint gives a useful failure state without inventing allocations (1.4063ms)
✔ preview response is bounded to eight tasks without reallocating server budgets (1.1309ms)
✔ unknown, self, duplicate and oversized dependency references remain unknown allocations (1.2027ms)
✔ retry clears an old failure immediately and can accept a fresh quote (2.1229ms)
✔ timeout clears the quote, aborts the request and ignores a late response (0.8686ms)
✔ App shares the request body, invalidates keyed preview instances and retains native Launch (5.4735ms)
✔ mission selection and Discuss use the authoritative non-first owning room (2.571ms)
✔ mission, task, run and artifact deep links resolve to the same owning room (0.448ms)
✔ an explicit room deep link and all-discussion view stay in that room (1.335ms)
✔ stale, missing and older mission/room projections never fall back to the first room (0.4109ms)
✔ related work is limited to the selected room and mission, not a fixed item count (2.3452ms)
✔ messages are room-filtered before mission links and out-of-order reply ancestry (11.9131ms)
✔ valid room, mission and inherited reply submissions retain the same scope (1.8702ms)
✔ stale actor, Corp, room and mission scopes cannot submit or complete a newer draft (0.4305ms)
✔ a disappearing mission or owning room fences previously valid submissions (0.4836ms)
✔ foreign, missing or stale links and replies cannot silently become general comments (0.7869ms)
✔ guest-shaped and missing Factory projections do not establish Direct origin (0.7549ms)
✔ a mission older than the 500-item Factory window remains origin-unknown (0.4679ms)
✔ a positively matched visible Factory item retains its issue attribution (0.2721ms)
✔ known publication/recovery linkage is generic when intake details are unavailable (0.6199ms)
✔ projection helpers preserve the authoritative input and do not retain hidden origin data (0.5913ms)
✔ the UI uses the tested projection and submission helpers on both discussion entry paths (20.0331ms)
✔ scope requires every explicit identity and repository and freezes the view generation (5.571ms)
✔ the exact scope object, not equal IDs or a prior A -> B -> A view, selects the load (0.7035ms)
✔ one encoded GET is uncached, abortable and body/header/credential free (10.4811ms)
✔ published DTO retains only bound result metadata and leaves raw input untouched (2.3218ms)
✔ only explicit null publication in a correctly scoped response is known absence (5.5426ms)
✔ item and publication scope mismatches never expose links or known absence (13.3608ms)
✔ publication source issue matches the work item without equating authorizer, revisions or checkpoint generations (2.0995ms)
✔ publication and artifact identity tuples plus full digests must all match (4.5916ms)
✔ missing, duplicate and unrelated-first deliverables cannot substitute a result (1.7421ms)
✔ native provenance identity, source/target branches and digests are checked without retaining authority (7.4446ms)
✔ raw GitHub PR URLs allow native slash suffixes but retain exact repository and number checks (18.5088ms)
✔ owner/repository display case is preserved while full hex values compare by bytes (0.9369ms)
✔ PR state, exact head, owner, recorded metadata and phase cannot contradict each other (3.5915ms)
✔ download metadata rejects controls, external/native paths, malformed hashes and invalid sizes (16.7259ms)
✔ pending, PR-created, published and failed publication are distinct without claiming a live app (2.4289ms)
✔ only a different valid pinned run is a mismatch; same-run contradictions stay unavailable (3.628ms)
✔ loading, denied and stale contexts cannot become a result or known absence (0.8797ms)
✔ denials, missing endpoints and sync/async transport failures stay unavailable without raw errors (1.8274ms)
✔ timeout aborts and suppresses late successes and failures without retries (1.577ms)
✔ queued timeout callbacks cannot overwrite a settled success, absence or denial (0.9144ms)
✔ cancellation before start issues no GET; in-flight cancellation publishes no late data (1.0348ms)
✔ new same-ID generation remains unavailable after denial despite a prior response completing later (0.9142ms)
✔ requester summary does not ask for a forbidden independent decision (3.2821ms)
✔ wrong-role summary explains the existing role requirement (1.451ms)
✔ eligible independent reviewer keeps the review invitation (1.4547ms)
✔ human gate without requester exclusion still allows the requester (1.4083ms)
✔ completed result does not inherit a pending-review restriction (1.364ms)
✔ fresh human-only bootstrap can select a runner runtime before any crew exists (3.9668ms)
✔ retired and legacy identities neither enable nor suppress advertised runtimes (0.3397ms)
✔ studio requires the exact selected source on a connected runner, not another repository (0.3777ms)
✔ source repository and commit matching are case-insensitive but ref matching is exact (0.2531ms)
✔ unavailable runtimes and non-runtime capabilities are not mission options (1.6024ms)
✔ catalog merging prefers an enabled model without changing the source snapshot (0.7689ms)
✔ unscoped status and crew include ready connection-bound runtimes, but dispatch keeps its exact binding (1.1779ms)
✔ studio always selects Copilot even when another runtime was requested (0.3211ms)
✔ studio does not fall back to another provider or an unavailable Copilot runtime (0.5811ms)
✔ solo selection and deterministic fixtures retain their runtime contracts (0.6315ms)
✔ a disappearing explicit runtime cannot silently switch provider with stale model settings (0.3096ms)
✔ studio uses enabled Copilot model settings or an explicit provider default (0.3794ms)
✔ fixtures ignore hidden provider model settings (0.1551ms)
✔ normal UI bootstrap opts out of seeded crew without changing fixture tooling (13.9458ms)
✔ runtime character descriptors match the shipped manifest, PNG dimensions, and original file bytes (43.0278ms)
✔ named characters and stable worker identities retain their appearance across reordered snapshots (0.9241ms)
✔ numeric roster positions wrap without producing missing characters, and invalid numbers use the default (0.3205ms)
✔ walking uses the original three poses in a 0,1,2,1 cycle at the 150ms boundaries (0.6454ms)
✔ idle, typing, reading and facing use the actual source-sheet rows and columns (0.4627ms)
✔ invalid or negative animation time selects the first pose without invalid source coordinates (0.276ms)
✔ every animation and direction remains inside a real sheet after long-running animation (0.5972ms)
✔ default floor distinguishes connected workers from offline and test registrations (3.0826ms)
✔ omitted and null retirement fields keep legacy and mission identities available (0.3499ms)
✔ every non-null retirement excludes an identity regardless of pin, date, or reported work (0.5369ms)
✔ retired identity remains resolvable in the unmodified historical snapshot (0.3447ms)
✔ retiring the selected agent falls back to current crew, including the empty-roster case (0.2996ms)
✔ pagination filters retirement before assigning seats without mutating order (0.7167ms)
✔ idle does not become working or reviewing from a stale station or pending run request (0.435ms)
✔ working and blocked status still derive from exact server state and current-run requests (0.3394ms)
✔ #154: a selected worker on a later studio is located on initial mount and selection changes (0.7023ms)
✔ #154: studio lookup follows retirement repagination, not stale seat indexes (0.6701ms)
✔ #154: manual paging survives snapshots, but another selected agent resets page and zoom (0.6477ms)
✔ #154: retirement moving the selected agent to a different page resets the camera (0.351ms)
✔ #154: mounting or remounting the same starting run never fabricates an arrival (0.2436ms)
✔ #154: only an observed new active run can animate once, and reduced motion wins (0.4231ms)
✔ #154: blocked work takes recovery priority over both idle and ordinary active work (0.5859ms)
✔ #154: exact approvals keep priority, and only an unblocked empty floor offers new work (0.2382ms)
✔ history inspectors retain the full snapshot while the floor uses current identities (17.777ms)
✔ Factory activity prioritizes the exact outcome review, then tool approval, before newer work (5.26ms)
✔ selection ignores terminal, denied and foreign tool approvals without inventing a run (0.4111ms)
✔ terminal runs cannot become reviewable or active from dangling pending decision records (30.2867ms)
✔ live task, agent, control, timestamps and safe activity come from one scope without mutation (2.0109ms)
✔ a stale Running intake never claims that a cancelled provider is active (1.2148ms)
✔ pending exact-run outcome review is distinct from an active provider and completion (1.2134ms)
✔ tool authority and unavailable decision context do not become outcome approval (2.026ms)
✔ a completed run is not automatically a completed mission or published application (1.2804ms)
✔ retained data cannot claim current execution: {"connection":"offline"} (1.0309ms)
✔ retained data cannot claim current execution: {"connection":"connecting"} (1.2149ms)
✔ retained data cannot claim current execution: {"snapshotFailed":true} (0.8929ms)
✔ retained data cannot claim current execution: {"snapshotReceivedAt":null} (0.6454ms)
✔ grace, offline and wrong-Corp runner records cannot establish provider liveness (2.0573ms)
✔ runner loss and uncertain teardown remain unknown until a positive termination receipt (2.1204ms)
✔ verifier-only runs never appear as a running model (1.1314ms)
✔ quarantine and protected stops stay prominent even with stale transport (2.2945ms)
✔ failed verification, cancelled work and unknown execution modes remain explicit (1.9335ms)
✔ missing, duplicate or foreign task context cannot fall back to another run (1.2626ms)
✔ activity is scoped, deduplicated, ordered, bounded and never reveals raw payloads (4.5067ms)
✔ missing start, invalid clocks and backwards timestamps do not invent a duration (1.7348ms)
✔ expired leases and foreign attribution do not display an active controller (1.6495ms)
✔ actual React detail component reuses current classes, native disclosure and escaped text (19.1452ms)
✔ the Factory integration uses the existing exact-run selector, scoped snapshot and old callbacks (3.2583ms)
✔ a burst of 1000 streamed events schedules one snapshot instead of 1000 requests (2.1414ms)
✔ events arriving during a request produce exactly one trailing snapshot (5.4152ms)
✔ the final event during the trailing request is not dropped (1.421ms)
✔ disposing before a scheduled refresh prevents any fetch (0.4791ms)
✔ disposing an actor/Corp scope aborts its request and drops trailing work (2.266ms)
✔ refresh failures are handled and a later event can still refresh (1.0875ms)
✔ a disposed scope does not report an obsolete aborted read as a new UI error (0.8368ms)
✔ websocket events use the coalescer and cleanup cancels its read scope (4.7214ms)
✔ initial connection is bounded, cancellable and offers retry rather than mission restart (4.2262ms)
✔ actual App presence polling only runs for open connection-dependent views, without reconnecting the event socket (252.466ms)
✔ artifact defaults retain the current wire shape and do not share mutable values (2.2789ms)
✔ file defaults retain the current wire shape and do not share mutable values (0.1864ms)
✔ command defaults retain the current wire shape and do not share mutable values (1.0652ms)
✔ test defaults retain the current wire shape and do not share mutable values (0.21ms)
✔ json_schema defaults retain the current wire shape and do not share mutable values (0.2522ms)
✔ screenshot defaults retain the current wire shape and do not share mutable values (0.171ms)
✔ check summaries preserve paths, argument boundaries, byte floors, JSON keys, and rounded timeouts (21.6187ms)
✔ array summaries distinguish item boundaries and preserve exact argument and key values (0.5471ms)
✔ byte-counted summaries use singular byte only for the one-byte floor (0.3601ms)
✔ empty and oversized policies remain invalid, with the 16-check boundary accepted (0.6664ms)
✔ invalid byte floor 0 is reported for every byte-counted check (0.4524ms)
✔ invalid byte floor -1 is reported for every byte-counted check (0.2184ms)
✔ invalid byte floor NaN is reported for every byte-counted check (0.1362ms)
✔ invalid byte floor Infinity is reported for every byte-counted check (0.1378ms)
✔ validation preserves check order and reports missing paths, programs, timeout bounds, and JSON keys (0.4047ms)
✔ manual gates require allowed roles without changing requester-exclusion semantics (0.2374ms)
✔ preserves the existing advisory-validator scope; server schema/path authorization remains authoritative (0.6713ms)
✔ check transformations create new drafts while retaining unchanged evidence checks and gate identity (0.3546ms)
✔ gate transitions preserve checks and retain current deliberate resets even when reselecting a gate type (0.2491ms)
✔ verification labels retain their current wording and fallback formatting (0.2093ms)
✔ WorkResultCard exposes its status and supplied content with metadata collapsed by default (13.7534ms)
✔ ready PR retains its exact URL and only an explicit download invokes the matching callback (16.0684ms)
✔ loading, unavailable and no-publication states do not fabricate a PR or perform actions (5.9581ms)
✔ a historical review mismatch changes selection only through explicit Go to delivered result (5.707ms)
✔ an unavailable delivered-run target preserves the historical selection and only offers refresh (270.5417ms)
✔ a failed publication with a recorded PR remains inspectable without being labeled Published (7.8959ms)
✔ Published is not merged or deployed and its collapsed details never invent a running preview (6.281ms)
✔ expired artifact retention does not hide an existing PR or replace server download validation (12.6251ms)
✔ actual hook hides prior result before cleanup and aborts on each exact scope change (50.261ms)
✔ actual hook fences late success and failure before cleanup and after replacement (23.3775ms)
✔ actual hook close and reopen with identical IDs cannot revive old ready or pending data (26.2787ms)
✔ actual hook treats positive revision as one refresh hint and never retries failure on render (50.6249ms)
✔ actual App origin-unavailable branch offers manual Refresh work context with no PR CTA (17.1338ms)
✔ actual App first-hop retry exposes the authorized result without moving pinned evidence (34.5432ms)
✔ actual App fallback reports unavailable review details for an unresolved run or request (18.8089ms)
✔ actual work pickers retain a deep-linked historical mission outside the recent eight (85.483ms)
✔ actual work pickers do not duplicate a recent selection or invent an absent mission (70.7599ms)
✔ related work includes the third mission, task, run and artifact (2.2881ms)
✔ work links name the actual work rather than presenting only opaque IDs (0.3839ms)
✔ related options deduplicate repeated snapshot references (0.3278ms)
✔ mission discussion retains nested replies, including out-of-order snapshots (2.5435ms)
✔ task, run and artifact comments inherit the owning mission only (0.502ms)
✔ unlinked cycles and missing ancestors cannot manufacture mission context (0.391ms)
✔ context helpers leave authoritative messages and work objects unchanged (0.3076ms)
✔ work selection follows the owning authorized mission and rejects unknown links (0.2928ms)
✔ human review and automated verification are not advertised as live model sessions (0.4319ms)
✔ enterprise task labels explain the legacy studio lane keys (0.7004ms)
✔ review eligibility explains requester exclusion without bypassing the policy (0.6627ms)
✔ a pending evidence review selects its run rather than a newer active worker (0.3444ms)
✔ a tool-approval wait cannot hide a different pending evidence review (0.2363ms)
✔ review selection rejects mismatched tasks, terminal runs and non-pending requests (0.2916ms)
✔ explicit evidence selection stays bound to that run and cannot inherit another review (0.2311ms)
✔ unselected evidence follows remaining reviews and retains snapshot order without mutation (0.2365ms)
✔ a decided run remains selected until the operator deliberately chooses the next review (0.1994ms)
✔ mission UI binds evidence and decisions and pins the target before submitting (15.9878ms)
✔ runner revision is stable for reordered equivalent records without sorting the input (2.6502ms)
✔ runner revision ignores heartbeat, display and capability churn (0.3049ms)
✔ runner revision changes only when lifecycle identity or presence records change (0.2745ms)
✔ offline presence requests revalidation without rewriting endpoint readiness (0.2737ms)
✔ reconnect mismatch remains a hint until the endpoint itself returns ready presence (1.3275ms)
✔ unknown presence is false and same-ID foreign runners cannot supply presence (0.2467ms)
✔ presence hints never promote or erase native sign-in and installation states (0.79ms)
✔ revision and presence helpers leave source, models, identity and selection immutable (1.0243ms)
✔ saved choice and source remain present while its machine is offline (0.4876ms)
✔ ready metadata alone cannot borrow another connection or source for dispatch (0.6456ms)
✔ connection UI identity is scoped to actor and room (0.3162ms)
✔ native sign-in instructions cannot navigate to another host or credential-bearing URL (0.3934ms)
✔ accepts matching current contracts, aliases, CRLF and historical prose outside markers (102.2416ms)
✔ rejects added source validation command and reports expected and actual (64.6945ms)
✔ rejects removed source validation command and reports expected and actual (73.0355ms)
✔ rejects reordered source validation command and reports expected and actual (52.0098ms)
✔ rejects changed documented commands; correcting the documented sequence restores passing (103.5084ms)
✔ accepts quoted literal Node globs through aliases while preserving quoted versus shell-expanded arguments (82.4959ms)
✔ rejects a source SDK bump until both current compatibility docs are updated (64.8203ms)
✔ rejects a source CLI bump until both current compatibility docs are updated (66.3449ms)
✔ rejects missing opening marker instead of silently dropping a required documentation contract (54.0577ms)
✔ rejects missing closing marker instead of silently dropping a required documentation contract (65.483ms)
✔ rejects duplicate block instead of silently dropping a required documentation contract (63.1755ms)
✔ rejects reversed markers instead of silently dropping a required documentation contract (67.1285ms)
✔ rejects inline marker instead of silently dropping a required documentation contract (53.3396ms)
✔ requires every current runtime contract and a single SDK and CLI claim inside each (65.0726ms)
✔ rejects missing root alias in the authoritative command sequence (75.5767ms)
✔ rejects cyclic root aliases in the authoritative command sequence (58.6769ms)
✔ rejects shell pipeline in the authoritative command sequence (59.7207ms)
✔ rejects quoted shell expansion in the authoritative command sequence (63.4931ms)
✔ rejects empty command in the authoritative command sequence (62.9542ms)
✔ rejects unsupported alias arguments in the authoritative command sequence (69.7233ms)
✔ rejects unknown documented aliases and malformed command fences (59.7243ms)
✔ reports missing required documents and an invalid source manifest without silently skipping them (81.6972ms)
✔ fails closed for unconstrained SDK dependency (61.7949ms)
✔ fails closed for SDK pin in wrong table (51.8813ms)
✔ fails closed for duplicate SDK declaration (48.8929ms)
✔ fails closed for missing named runtime constant (52.4905ms)
✔ fails closed for duplicate runtime constant (72.3683ms)
✔ relocated CLI resolves its own repository, executes no documented command, and exits nonzero for drift (371.944ms)
✔ checkpoint fixture produces a complete, independently tested local application (371.7843ms)
✔ read-only executable hashing accepts Cargo/Git hardlinks without relaxing source isolation (32.9114ms)
✔ exact terminal metadata produces actionable failure and missing-evidence findings using GET only (26.004ms)
✔ listed artifact is run-scoped metadata and never establishes content or attempt verification (3.258ms)
✔ refuses active parent (1.1351ms)
✔ refuses wrong repository (0.5931ms)
✔ refuses foreign head repository (0.6848ms)
✔ refuses different workflow (0.4378ms)
✔ refuses different head (0.3863ms)
✔ refuses different attempt (0.3726ms)
✔ refuses job from other attempt (0.7656ms)
✔ refuses job from other head (0.7806ms)
✔ refuses duplicate job (0.5641ms)
✔ refuses unfinished job (0.4157ms)
✔ refuses foreign artifact (0.5591ms)
✔ refuses excess artifacts (1.3271ms)
✔ complete bounded job pagination is required and supported (9.5513ms)
✔ pagination total drift and final run drift refuse a completed observation (2.0172ms)
✔ expired artifacts and unexplained parent failure remain reviewable rather than passing (1.6014ms)
✔ same-source replay is a no-op; changed facts retain revisions and mark no-longer-observed findings (5.1699ms)
✔ previous hash tampering refuses before network reads (0.4312ms)
✔ forged previous findings fail integrity or semantic reconstruction; source changes require a new scope (4.1404ms)
✔ newer prior observations and attempts do not flow backward (2.9928ms)
✔ secret-bearing fields and supplied links never enter a receipt or executable Markdown (1.0538ms)
✔ native read budget rejects alternate endpoints, oversized metadata and late responses (1.1848ms)
✔ omitting all required jobs cannot turn one replacement success job into a complete maintenance result (0.8236ms)
✔ required skipped job needs review even when an earlier run artifact is listed (0.7829ms)
✔ required neutral job needs review even when an earlier run artifact is listed (0.5699ms)
✔ failed GETs consume the finite shared admission budget without retries (0.7689ms)
✔ CLI writes new bounded files and refuses output reuse; failures retain no raw API error (62.8262ms)
✔ hosted context binds default observer branch, event and exact parent; local mode makes no hosted claim (13.5704ms)
✔ CLI accepts only bounded exact selection and a complete prior pin (0.4974ms)
✔ CI workflow: exact Windows runner failure produces a scoped read-only handoff (1.6102ms)
✔ CI workflow: complete successful jobs need only their own declared report artifacts (1.1186ms)
✔ CI workflow: required artifact-free jobs remain required and must execute (0.8959ms)
✔ Repository checks retains its published contract and previous-receipt no-op semantics (1.5832ms)
✔ CI completeness refuses skipped artifact-free required jobs (0.752ms)
✔ CI completeness refuses neutral artifact-free required jobs (1.3177ms)
✔ CI completeness rejects replacement jobs and requires only CI report metadata (1.7293ms)
✔ CI observation is not a parent-pass claim and does not inspect diagnostic artifacts (1.9187ms)
✔ workflow profiles cannot reuse each other's receipts even at the same source (4.1982ms)
✔ CI identity refuses unknown workflow path (0.3324ms)
✔ CI identity refuses workflow-ID substitution (0.2949ms)
✔ CI identity refuses workflow-name substitution (0.3773ms)
✔ CI identity refuses workflow-path substitution (0.2212ms)
✔ CI identity refuses foreign repository (0.2245ms)
✔ CI identity refuses fork head repository (0.7974ms)
✔ CI identity refuses wrong source head (0.235ms)
✔ CI identity refuses wrong attempt (0.2134ms)
✔ CI identity refuses active CI parent (0.2016ms)
✔ reader allowlist admits exactly the two workflow metadata routes (0.3237ms)
✔ hosted CI event binds workflow identity to the selected native parent (48.1111ms)
✔ workflow trigger keeps trusted observer checkout and read-only scopes for both producers (13.4846ms)
✔ consumer rereads native state using trusted routing and tolerates only observation timing changes (6.0445ms)
✔ consumer refuses task contract revision drift in a fresh observation (1.4517ms)
✔ consumer refuses source base commit drift in a fresh observation (0.7541ms)
✔ consumer refuses verifier digest drift in a fresh observation (0.7349ms)
✔ consumer refuses another actor scope drift in a fresh observation (1.463ms)
✔ explicit run and mode selections fail before contacting a server (0.6846ms)
✔ denied or unavailable current data does not fall back to a previously passing receipt (0.5406ms)
✔ a matching failed native outcome cannot be consumed as accepted completion (0.895ms)
✔ file consumption requires the exact expected byte hash and a bounded valid receipt (31.724ms)
✔ receipt file reads accumulate short native reads before validating bytes (40.5863ms)
✔ receipt file truncate during short reads fails before parsing (6.6092ms)
✔ receipt file grow during short reads fails before parsing (15.7645ms)
✔ framed stat metadata survives arbitrary chunk boundaries without payload disclosure (2.9324ms)
✔ unrelated RPCs and read-file contents are not recorded (1.7825ms)
✔ a response ID type change is visible without recording identifier values (0.7248ms)
✔ oversized frames are skipped without parsing nested payload text as requests (0.5458ms)
✔ optional wire observation forwards exact bytes and drains the child (390.6056ms)
✔ a matching request needs a durable rejection and settled run (2.331ms)
✔ terminal provider without permission is inconclusive, never a pass (1.5295ms)
✔ a rejected but unrelated permission does not satisfy the requested boundary (0.3146ms)
✔ approval acceptance, expiry or missing persisted decision cannot pass (0.4283ms)
✔ a decision or final run from another identity is rejected (0.3284ms)
✔ a provider that has not settled cannot pass the boundary (0.2692ms)
✔ all independent boundary results are required for complete coverage (1.5979ms)
✔ later passing cases remain visible after an earlier inconclusive case (0.42ms)
✔ duplicate, unknown and malformed results cannot manufacture complete coverage (1.5593ms)
✔ accepts an exact seed and credential-free children of the owned runner (5.636ms)
✔ a marker elsewhere or an arbitrary GITHUB_TOKEN is not a proven seed (2.0091ms)
✔ absent, ambiguous or foreign runner seed records cannot establish the precondition (1.5054ms)
✔ runner seed booleans must be explicit, not truthy or absent (1.8795ms)
✔ missing spawn and undefined parent IDs cannot accidentally correlate (0.6203ms)
✔ runner spawn must be unique, current and tied to the owned observer (1.3248ms)
✔ a seed observed only after runner spawn cannot prove the launch precondition (0.488ms)
✔ missing or foreign provider observations cannot satisfy the required count (1.7888ms)
✔ a wrong-parent provider is rejected rather than silently filtered out (0.6589ms)
✔ provider identity and absence booleans must be explicit and valid (2.4505ms)
✔ missing ownership and zero or malformed minimums never allow a vacuous pass (0.9493ms)
✔ actual successful relative, absolute and round-trip view results are required (2.4457ms)
✔ provider self-report and final file existence are not native-read evidence (1.1253ms)
✔ a missing absolute read or readback cannot pass (1.1701ms)
✔ missing-file errors and successful-but-wrong content remain failures (0.5661ms)
✔ wrong-session or conflicting tool results cannot manufacture evidence (1.6087ms)
✔ an external path with the same filename is not the assigned seed (0.2636ms)
✔ an incomplete stream is explicitly incomplete, not successful empty coverage (0.1731ms)
✔ runner observation proves the synthetic credential was inherited (281.4308ms)
✔ a missing seed fails before starting a runner (175.6703ms)
✔ provider observation confirms removal before invoking the real binary (291.2881ms)
✔ an inherited provider credential fails before any provider execution (161.36ms)
✔ a marker under another key cannot hide a missing runner GITHUB_TOKEN seed (174.0059ms)
✔ a different token plus an unrelated marker cannot manufacture an exact runner seed (170.1146ms)
✔ a provider token other than the canary is still rejected before child execution (168.0984ms)
✔ a provider canary under another key remains a failing credential boundary (200.0785ms)
✔ uninvoked production modules remain in the coverage denominator with zero hits (20.7321ms)
✔ missing production files cannot produce a passing partial coverage result (0.9389ms)
✔ duplicate and out-of-scope files cannot inflate the denominator (1.8117ms)
✔ missing, duplicate and impossible native counts are rejected (0.587ms)
✔ truncated records are never accepted as completed coverage evidence (0.3228ms)
✔ zero available branches are reported as not applicable instead of fabricated 100 percent (0.2844ms)
✔ issue195 public receipt binds parent binaries, pinned runtime identity, and distinct task source (9.924ms)
✔ explicit current fixture hash, suspend tokens, and missing-artifact switch normalize without disk reads (2.1347ms)
✔ rebuilt server/runner receipt hashes and an explicit rebuilt CLI hash remain valid and bound (5.6181ms)
✔ all required options are explicit; help is inert (2.4519ms)
✔ every duplicate value option and duplicate boolean switch fails closed (3.38ms)
✔ unknown targets, positionals, missing operands, and equals-form options are rejected (1.1901ms)
✔ configuration rejects old issue190 (0.4312ms)
✔ configuration rejects string issue number (0.2784ms)
✔ configuration rejects parent rather than candidate code (0.3678ms)
✔ configuration rejects runtime commit used as task source (0.5718ms)
✔ configuration rejects unpinned source ref (0.261ms)
✔ configuration rejects another runner (0.2726ms)
✔ configuration rejects unowned receipt (0.8159ms)
✔ configuration rejects not-running supervisor (0.4833ms)
✔ configuration rejects missing owner (0.6132ms)
✔ configuration rejects invalid owner (1.206ms)
✔ configuration rejects changed code checkout (0.2852ms)
✔ configuration rejects changed source checkout (0.299ms)
✔ configuration rejects changed worktree root (0.3251ms)
✔ configuration rejects invalid server digest (0.3381ms)
✔ configuration rejects invalid runner digest (0.4565ms)
✔ configuration rejects executable substitution (0.5515ms)
✔ configuration rejects binary outside owned bin (0.5855ms)
✔ configuration rejects missing public process (0.3327ms)
✔ configuration rejects wrong process role (0.6044ms)
✔ configuration rejects wrong process workspace (0.5466ms)
✔ configuration rejects invalid process pid (0.6786ms)
✔ configuration rejects invalid process start (0.4935ms)
✔ synthetic VerifyRun evidence distinguishes awaiting independent review from accepted completion (19.2418ms)
✔ forced commit_branch export rejection is a named failure, never archive bypass or approval (3.6325ms)
✔ missing-required-provider-Artifact negative shares the native checks without inventing bytes (4.5013ms)
✔ assessRecovery refuses original usage rewritten (4.7499ms)
✔ assessRecovery refuses original output history changed (3.8747ms)
✔ assessRecovery refuses provider-attempt counter reset (3.6791ms)
✔ assessRecovery refuses provider-attempt maximum changed (2.9049ms)
✔ assessRecovery refuses source incident changed (3.4165ms)
✔ assessRecovery refuses checkpoint authority absent (4.0273ms)
✔ assessRecovery refuses different context source (3.6944ms)
✔ assessRecovery refuses budget reset hidden in context (2.7281ms)
✔ assessRecovery refuses another native recovery (2.598ms)
✔ assessRecovery refuses source-correction instead of verification (3.1986ms)
✔ assessRecovery refuses recovery contract revision (3.0623ms)
✔ assessRecovery refuses changed recovery reason (2.9237ms)
✔ assessRecovery refuses weakened replacement policy (2.0118ms)
✔ assessRecovery refuses new provider session (2.5744ms)
✔ assessRecovery refuses allocated model tokens (2.4907ms)
✔ assessRecovery refuses allocated model cost (2.0903ms)
✔ assessRecovery refuses consumed input tokens (2.4584ms)
✔ assessRecovery refuses consumed output tokens (3.2239ms)
✔ assessRecovery refuses consumed model cost (3.4793ms)
✔ assessRecovery refuses different workspace root run (2.4402ms)
✔ assessRecovery refuses replacement workspace not preserved (2.4548ms)
✔ assessRecovery refuses replacement fingerprint changed (2.4957ms)
✔ assessRecovery refuses invented provider artifact (3.3515ms)
✔ assessRecovery refuses provider event outside snapshot window (2.6806ms)
✔ assessRecovery refuses native command acknowledgment missing (2.8513ms)
✔ assessRecovery refuses missing native app check (2.9067ms)
✔ assessRecovery refuses evidence kind mismatch (2.7574ms)
✔ assessRecovery refuses independent-review self-approval (3.0507ms)
✔ assessRecovery refuses accepted run before gate decision (3.2273ms)
✔ assessRecovery refuses missing factory completion event (2.229ms)
✔ assessRecovery refuses empty source deliverable (3.0247ms)
✔ assessRecovery refuses wrong deliverable provenance (3.23ms)
✔ download validation uses in-memory bytes and checks payload digests without claiming a browser test (4.3138ms)
✔ configuration refuses target http://localhost:18574 (0.407ms)
✔ configuration refuses target https://127.0.0.1:18574 (0.2041ms)
✔ configuration refuses target http://127.0.0.1:18574/ (0.1808ms)
✔ configuration refuses target http://127.0.0.1:18575 (0.1571ms)
✔ configuration refuses target http://127.0.0.1:8791 (0.2191ms)
✔ configuration refuses target http://127.0.0.1:18574/api (0.1889ms)
✔ configuration refuses target http://127.0.0.1:18574?x=1 (0.1797ms)
✔ configuration refuses target http://example.invalid:18574 (0.1611ms)
✔ configuration refuses target http://user:password@127.0.0.1:18574 (0.1219ms)
✔ configuration refuses target http://[::1]:18574 (0.1157ms)
✔ absolute path and owned-output boundaries reject aliases, devices, UNC, ADS, and root reuse (5.2387ms)
✔ explicit independent reviewer, valid digest, and bounded numeric options are mandatory (9.7664ms)
✔ reports expose hashes and constrained identity, never receipt metadata or provider output (1.7706ms)
✔ saved report cannot adopt changed authority, extra fields, or identities without prior intent (4.5444ms)
✔ baseline and journal never consult the bounded snapshot.events window (29.8899ms)
✔ baseline preserves every pre-existing missions record (1.319ms)
✔ baseline preserves every pre-existing tasks record (0.8226ms)
✔ baseline preserves every pre-existing runs record (0.7968ms)
✔ baseline preserves every pre-existing factory_work_items record (0.9497ms)
✔ baseline preserves every pre-existing factory_verification_recoveries record (1.0421ms)
✔ baseline preserves every pre-existing verification_evidence record (1.0334ms)
✔ baseline preserves every pre-existing verification_requests record (0.8219ms)
✔ baseline preserves every pre-existing source_deliverables record (1.8182ms)
✔ baseline preserves every pre-existing mission_contract_revisions record (0.8286ms)
✔ baseline preserves every pre-existing mission_budget_revisions record (0.8782ms)
✔ baseline preserves every pre-existing action_approvals record (1.1286ms)
✔ baseline preserves every pre-existing circuit_breaker_incidents record (1.4522ms)
✔ baseline permits additive rows and events while forbidding live work and missing history tables (2.8133ms)
✔ journal requires exact Ready watermark, ordered unique same-Corp events, and bounded count (1.7791ms)
✔ buildPlan is deterministic, fresh, output-owned, and mirrors one ready synthetic issue (1.8097ms)
✔ factory argv remains pinned and recovery only appends the exact checkpoint mode and recorded reason (2.2764ms)
✔ persisted app, base-file, exact hash command and independent-review checks cannot be replaced by Artifact (10.9992ms)
✔ checkpoint digests use Rust field order, preserve app policy, and retain forced commit_branch authority (1.1321ms)
✔ invokeFactory uses only injected child I/O, a bounded timeout, and a non-inherited environment (2.4666ms)
✔ invokeFactory never retries an uncertain execution or logs raw stdout/stderr (2.4065ms)
✔ explicit Windows assessment preserves historical paths on every host (5.5999ms)
✔ default host assessment still rejects foreign path namespaces (1.7243ms)
✔ assessOriginal binds native stop from full replay, not snapshot.events (2.6987ms)
✔ assessOriginal binds native suspend from full replay, not snapshot.events (2.9648ms)
✔ assessOriginal rejects provider attempt increment without accepting or replacing work (2.3185ms)
✔ assessOriginal rejects attempt ceiling revision without accepting or replacing work (1.349ms)
✔ assessOriginal rejects current budget revision without accepting or replacing work (1.2775ms)
✔ assessOriginal rejects original budget rewrite without accepting or replacing work (1.2831ms)
✔ assessOriginal rejects persisted hash verifier removal without accepting or replacing work (1.3243ms)
✔ assessOriginal rejects manual gate weakening without accepting or replacing work (1.463ms)
✔ assessOriginal rejects contract source replacement without accepting or replacing work (1.4055ms)
✔ assessOriginal rejects write scope replacement without accepting or replacing work (1.3216ms)
✔ assessOriginal rejects archive bypass of forced commit_branch without accepting or replacing work (1.3137ms)
✔ assessOriginal rejects provider secret authority without accepting or replacing work (1.4101ms)
✔ assessOriginal rejects extra provider run without accepting or replacing work (2.0188ms)
✔ assessOriginal rejects extra task without accepting or replacing work (1.3774ms)
✔ assessOriginal rejects changed factory owner without accepting or replacing work (1.3457ms)
✔ assessOriginal rejects changed issue revision without accepting or replacing work (1.2696ms)
✔ assessOriginal rejects wrong assigned runner without accepting or replacing work (1.3173ms)
✔ assessOriginal rejects producer reviewing itself without accepting or replacing work (1.1074ms)
✔ assessOriginal rejects source-checkout execution without accepting or replacing work (0.9684ms)
✔ assessOriginal rejects quarantined checkpoint without accepting or replacing work (0.9572ms)
✔ assessOriginal rejects loop-counter change without accepting or replacing work (1.0238ms)
✔ assessOriginal rejects rewritten usage without accepting or replacing work (1.31ms)
✔ assessOriginal rejects invented provider artifact without accepting or replacing work (1.0605ms)
✔ assessOriginal rejects checkpoint missing without accepting or replacing work (2.3249ms)
✔ assessOriginal rejects checkpoint policy digest changed without accepting or replacing work (1.5182ms)
✔ assessOriginal rejects provider still alive without accepting or replacing work (1.2359ms)
✔ assessOriginal rejects budget command not acknowledged without accepting or replacing work (0.8649ms)
✔ assessOriginal rejects budget incident missing without accepting or replacing work (0.9058ms)
✔ assessOriginal rejects previously recorded run missing without accepting or replacing work (0.7675ms)
✔ assessOriginal rejects accepted provider progress hidden before snapshot window without accepting or replacing work (0.905ms)
✔ suite pauses for native browser review by default and only observes external approval on continuation (60.3052ms)
✔ suite retains native forced-commit export failure and performs no review, download, or policy bypass (21.078ms)
✔ suite missing-Artifact negative is explicit rejection, not verified delivery or fabricated provider evidence (22.4537ms)
✔ --continue cannot create a baseline or begin an unrecorded mutation (8.2963ms)
✔ unknown create response is never retried; continuation times out without adopting replacement work (44.1411ms)
✔ lost create response reconciles the exact item/run, but --continue cannot authorize recovery (14.472ms)
✔ lost recovery response binds the recorded replacement; continuation only pauses for its exact browser gate (21.505ms)
✔ external browser approval completes exact recorded work without retries or erasing earlier failure history (36.7489ms)
✔ suite never mutates when independent reviewer is missing (3.8515ms)
✔ suite never mutates when independent reviewer is not human (5.431ms)
✔ suite never mutates when independent reviewer is unauthorized role (4.8603ms)
✔ suite never mutates when independent reviewer is guest (4.8941ms)
✔ suite never mutates when independent reviewer is wrong Corp (4.1537ms)
✔ failed intent persistence or changed parent inputs prevents the corresponding native effect (21.3191ms)
✔ a colliding synthetic item without saved create intent is never adopted or mutated (4.7908ms)
✔ wrong physical base bytes stop before recovery; tampered downloads stop without another attempt (41.1028ms)
✔ --continue fails closed when recorded work disappears, with no new mission or native retry (48.665ms)
✔ explicit browser-review flag preserves the default two-step flow without a scripted-review mode (20.1003ms)
✔ browser-review pause cannot be continued with substituted gate identities or reviewer (14.9289ms)
✔ production I/O exposes no review POST and confines injected requests to exact GET routes (28.094ms)
✔ runtime factory adapter never retries an ambiguous injected CLI call (1.6379ms)
✔ server-upgrade option is explicit, continue-only, and confined to the owned runtime directory (22.8363ms)
✔ server-only upgrade retains the original binding/failure and separately records server provenance read-only (26.2092ms)
✔ upgrade rejects runner/web/CLI changes, a mismatched old binding, and conflicting server provenance (16.401ms)
✔ same-verifier native checkpoint re-attestation accepts a real run_id-only VerificationRequest (3.465ms)
✔ checkpoint re-attestation cannot target another run, duplicate an ACK, or permit provider usage (4.3272ms)
✔ strict phase parsing and explicit opt-in (6.767ms)
✔ reject manual/default/aliased ports, credentials, ambiguous URLs and mismatched environment before API access (10.0538ms)
✔ verification is GET-only and no phase can call decision/reset/bootstrap/foreign-Corp routes (2.9301ms)
✔ prepare → newer approved → isolated replay observation → explicit older approval → automatic synthesis (135.3798ms)
✔ lost create response adopts exact marker without sending a second create (26.6255ms)
✔ unknown create that never arrived fails closed, never creates a replacement (4.2472ms)
✔ lost revision response replays the exact native UUID and preserves only two revisions (65.1098ms)
✔ lost launch response recovers exact root IDs by readback, never dispatches again (33.679ms)
✔ wrong source/pinned staffing/non-quiescent fixture rejected before any POST (4.4574ms)
✔ cannot skip intermediate observation or approve the older run first (67.8168ms)
✔ exact reviewer attribution, artifact binding and no second decision are enforced (114.2611ms)
✔ duplicate decision event and journal rollover cannot pass as replay isolation (85.3349ms)
✔ checkpoint fixture mismatch and modified pre-existing rows are rejected (87.808ms)
✔ failed artifact download is rechecked on prepare resume without more POSTs (44.9336ms)
✔ linux: native unavailable admission is a verified refusal, not provider success (709.7708ms)
✔ darwin: native unavailable admission is a verified refusal, not provider success (485.2033ms)
✔ Windows: an unavailable provider remains a failure (314.5819ms)
✔ Unix: accidentally accepting an unsupported provider fails the contract (357.9932ms)
✔ Unix: an unrelated admission failure cannot stand in for containment refusal (304.4861ms)
✔ Unix: a refusal with a persisted run is rejected (270.5807ms)
✔ Unknown runner platforms fail before resetting a fixture (144.2398ms)
✔ A Linux expectation cannot conceal an unavailable Windows runner (191.4487ms)
✔ Unknown reported runner OS fails before creating provider work (190.0582ms)
✔ An owned child stuck on HTTP is reaped before fixture cleanup (2039.7414ms)
✔ explicit CLI and parent runtime receipt reuse retain owner/source/process binding (11.3476ms)
✔ additive request changes only the fixture case, keeps native 5000 authority and no delivery/resume (0.8879ms)
✔ shared client sends exact additive create/launch bodies without retries or extra routes (50.7988ms)
✔ pure native trace accepts actual ACK before failure/termination without prescribing that order (8.1882ms)
✔ pure native trace accepts actual ACK between failure/termination without prescribing that order (3.3643ms)
✔ pure native trace accepts actual ACK after failure/termination without prescribing that order (2.5029ms)
✔ pure evidence rejection: missing actual artifact rejection (1.8111ms)
✔ pure evidence rejection: unrelated failure (1.5401ms)
✔ pure evidence rejection: termination before failure is not the race (2.7345ms)
✔ pure evidence rejection: missing termination is not success (2.5531ms)
✔ pure evidence rejection: missing ACK remains unproven (3.4944ms)
✔ pure evidence rejection: wrong command correlation (1.6177ms)
✔ pure evidence rejection: wrong ACK runner (1.487ms)
✔ pure evidence rejection: foreign session event scope (1.2412ms)
✔ pure evidence rejection: non-native event attribution (3.4624ms)
✔ pure evidence rejection: wrong native event identity (2.0726ms)
✔ pure evidence rejection: rewritten failure summary (1.1139ms)
✔ pure evidence rejection: agent still assigned (1.0868ms)
✔ pure evidence rejection: task resurrected (1.0271ms)
✔ pure evidence rejection: mission resurrected (1.3532ms)
✔ pure evidence rejection: accepted artifact metadata (15.7486ms)
✔ pure evidence rejection: late accepted completion even if snapshot says failed (1.581ms)
✔ pure evidence rejection: accepted artifact even outside bounded snapshot.events (1.9148ms)
✔ pure evidence rejection: verification event is forbidden (11.3806ms)
✔ pure evidence rejection: uncertain teardown is forbidden (1.3525ms)
✔ pure evidence rejection: accepted evidence record (4.4358ms)
✔ pure evidence rejection: budget revision (1.2041ms)
✔ pure evidence rejection: replacement run (0.8727ms)
✔ pure evidence rejection: source substitution (0.8806ms)
✔ pure evidence rejection: verification-only execution cannot attest a provider (0.793ms)
✔ pure evidence rejection: usage must be exactly two 3000-token increments (1.2752ms)
✔ invalid native termination payload cannot pass (null) (1.2115ms)
✔ invalid native termination payload cannot pass ([]) (1.3847ms)
✔ invalid native termination payload cannot pass ({}) (1.0478ms)
✔ invalid native termination payload cannot pass ({"adapter":"other"}) (1.0523ms)
✔ invalid native termination payload cannot pass ({"provider_process_alive":true}) (1.0731ms)
✔ invalid native termination payload cannot pass ({"provider_process_alive":"false"}) (1.0855ms)
✔ invalid native termination payload cannot pass ({"outcome":"verified"}) (1.3148ms)
✔ invalid native termination payload cannot pass ({"message":""}) (1.1598ms)
✔ invalid native termination payload cannot pass ({"message":1}) (1.1135ms)
✔ invalid native termination payload cannot pass ({"message":"xxxxxxxxxxxxxxxxxxxxxxxxxxxxxxxxxxxxxxxxxxxxxxxx) (1.8161ms)
✔ invalid native termination payload cannot pass ({"message":"untrusted\ntext"}) (1.9331ms)
✔ invalid native termination payload cannot pass ({"message":"
"}) (1.1087ms)
✔ invalid native termination payload cannot pass ({"credential":"PRIVATE_PROVIDER_CONTENT_OR_ASSIGNMENT_TOKEN_) (1.0471ms)
✔ all native terminal outcomes and absent optional message are valid telemetry, not accepted completion (4.9342ms)
✔ one additive case checkpoints and announces intent/IDs, retains history, and waits for quiet readback (45.3532ms)
✔ passed same-case continuation recomputes proof with zero further mutations (39.9476ms)
✔ createLost: failure preserves exact intent, continuation never retries an attempted POST (21.0803ms)
✔ createUnknown: failure preserves exact intent, continuation never retries an attempted POST (2.6394ms)
✔ launchLost: failure preserves exact intent, continuation never retries an attempted POST (21.3279ms)
✔ launchUnknown: failure preserves exact intent, continuation never retries an attempted POST (3.8064ms)
✔ bounded live failure leaves the original run live, IDs and intent intact, with no replacement (58.0572ms)
✔ missing late telemetry is a bounded failure with actual ACK order, not a race claim (40.8517ms)
✔ natural later telemetry/finalization can settle without rewriting terminal state or historical events (24.6672ms)
✔ settling cannot hide changed terminal run summary (10.4066ms)
✔ settling cannot hide changed terminal task (6.6032ms)
✔ settling cannot hide changed terminal mission (6.8691ms)
✔ settling cannot hide changed terminal agent (8.328ms)
✔ settling cannot hide changed old run (6.8679ms)
✔ settling cannot hide changed old agent (7.4498ms)
✔ settling cannot hide changed old journal prefix (7.2592ms)
✔ settling cannot hide changed original failure event (6.6717ms)
✔ saved report cannot substitute receipt, native authority, source, or erase baseline after an effect (2.6115ms)
✔ report save uses exclusive lock, private synced temp and atomic rename; refuses implicit overwrite (5.9784ms)
✔ stale locks are never stolen and failed saves retain original report and orphaned temp (1.4344ms)
✔ report cannot replace receipt; bounded reads reject links, hardlinks and inode swaps before reading (1.2509ms)
✔ CLI is explicit, non-ambient, duplicate/unknown flags fail (5.5993ms)
✔ explicit parent runtime metadata aligns without opening any named process/log/source (4.9945ms)
✔ rejects protected/manual API port 5187 (0.3796ms)
✔ rejects protected/manual API port 5291 (0.2808ms)
✔ rejects protected/manual API port 8791 (0.2904ms)
✔ rejects protected/manual API port 8793 (0.3187ms)
✔ rejects protected/manual API port 8991 (0.2429ms)
✔ rejects protected/manual API port 15191 (0.278ms)
✔ rejects protected/manual API port 15193 (0.3205ms)
✔ rejects protected/manual API port 15491 (0.4097ms)
✔ rejects protected/manual API port 15493 (0.3385ms)
✔ rejects protected/manual API port 15496 (0.2898ms)
✔ rejects protected/manual API port 18961 (0.3071ms)
✔ rejects protected/manual API port 18962 (0.2116ms)
✔ rejects protected/manual API port 18963 (0.1861ms)
✔ rejects ambiguous or non-owned origin http://localhost:18574 (0.3389ms)
✔ rejects ambiguous or non-owned origin http://127.1:18574 (0.2138ms)
✔ rejects ambiguous or non-owned origin http://[::1]:18574 (0.2724ms)
✔ rejects ambiguous or non-owned origin https://127.0.0.1:18574 (0.2543ms)
✔ rejects ambiguous or non-owned origin http://127.0.0.1:18574/ (0.236ms)
✔ rejects ambiguous or non-owned origin http://127.0.0.1:18574/api (0.1952ms)
✔ rejects ambiguous or non-owned origin http://127.0.0.1:18574?x=1 (0.2503ms)
✔ rejects ambiguous or non-owned origin http://redacted:redacted@127.0.0.1:18574 (0.3343ms)
✔ rejects ambiguous or non-owned origin http://example.com:18574 (0.1768ms)
✔ receipt requires complete immutable source, no unknown authority or provider substitution (3.9905ms)
✔ native requests preserve single strategy, exact source, budget, File verifier, no deliverable (0.7834ms)
✔ Rust policy digest uses explicit declaration order, not JS/JSONB property order (0.8453ms)
✔ canonical containment handles Windows drive prefixes but rejects aliases/escapes (0.9086ms)
✔ POSIX containment rejects traversal, equality and sibling prefixes (0.8369ms)
✔ base.txt reads exactly five bytes, and all link/reparse/hardlink failures occur before open (13.317ms)
✔ opened-file identity swaps fail closed without reading bytes (1.865ms)
✔ runners are top-level; nested-only, unavailable, foreign, ambiguous or different-source runners fail (1.4466ms)
✔ suspend: actual usage -> breaker -> native teardown -> exact checkpoint -> terminal (3.565ms)
✔ stop: actual usage -> breaker -> native teardown -> exact checkpoint -> terminal (1.4973ms)
✔ rejects missing checkpoint (1.4632ms)
✔ rejects foreign Corp proof (1.1747ms)
✔ rejects foreign mission proof (1.286ms)
✔ rejects foreign task proof (1.3997ms)
✔ rejects foreign run proof (2.0934ms)
✔ rejects foreign agent proof (1.4703ms)
✔ rejects foreign runner proof (1.0462ms)
✔ rejects wrong original base (1.1544ms)
✔ rejects changed HEAD (0.9936ms)
✔ rejects changed fingerprint (1.0253ms)
✔ rejects arbitrary JS policy ordering (1.0563ms)
✔ rejects changed write digest (1.0034ms)
✔ rejects changed deliverable digest (0.9281ms)
✔ rejects token in proof (1.4173ms)
✔ rejects live provider (0.899ms)
✔ rejects wrong adapter (0.9908ms)
✔ rejects foreign event lineage (0.8116ms)
✔ rejects late checkpoint (1.109ms)
✔ rejects missing usage (1.0103ms)
✔ rejects fake cumulative usage (0.8395ms)
✔ rejects wrong breaker metric (0.9274ms)
✔ rejects wrong command acknowledgement (0.8991ms)
✔ rejects accepted artifact (0.6694ms)
✔ rejects verification started (1.2572ms)
✔ rejects lost is not completion (0.6509ms)
✔ rejects agent still assigned (0.8374ms)
✔ rejects automatic retry (0.6041ms)
✔ rejects replacement task (0.6111ms)
✔ rejects resume lineage (0.6009ms)
✔ rejects budget override (0.4581ms)
✔ rejects write scope widening (0.5675ms)
✔ rejects policy weakening (0.5126ms)
✔ rejects path outside runner (0.9264ms)
✔ rejects unknown projection strings are not logged (0.664ms)
✔ rejects non-native none breaker projection is rejected (0.7197ms)
✔ rejects accepted evidence row (0.6532ms)
✔ full replay, not the bounded snapshot, rejects earlier run.completed (0.8223ms)
✔ full replay, not the bounded snapshot, rejects earlier run.verification_started (1.3101ms)
✔ full replay, not the bounded snapshot, rejects earlier run.verification_evidence (0.8029ms)
✔ full replay, not the bounded snapshot, rejects earlier run.artifact (1.2376ms)
✔ full replay, not the bounded snapshot, rejects earlier run.deliverable (0.9547ms)
✔ full replay, not the bounded snapshot, rejects earlier run.workspace_removed (0.6857ms)
✔ full replay, not the bounded snapshot, rejects earlier run.teardown_uncertain (0.8712ms)
✔ visible history and original journal prefix are immutable; no whole-database inference (2.3904ms)
✔ journal bounds, strict ordering, non-contiguous visible sequences and Ready watermark (0.9254ms)
✔ API requests allow only exact scoped snapshot/create/launch, never reset/policy/resume (50.7151ms)
✔ HTTP errors with sensitive bodies are not retried or exposed (1.1936ms)
✔ oversized API responses fail at the byte bound, with no response body in the error (15.0716ms)
✔ native journal API requires a real Ready watermark and refuses partial replay (2.4923ms)
✔ two additive cases checkpoint intent/IDs, retain old history, and pass only after quiet observation (42.6867ms)
✔ baseline counts are dynamic, including completed prior browser-created missions (59.5455ms)
✔ completed checkpoint continuation is read-only and never re-launches either case (61.0672ms)
✔ timeout leaves a live run LIVE with its original ID and never starts a replacement/second case (35.8295ms)
✔ lost create response discovers exact original IDs; intentional continuation sends no duplicate (21.2237ms)
✔ uncertain create without an observable result blocks continuation, never replacement (1.9302ms)
✔ lost launch response discovers exact original IDs; intentional continuation sends no duplicate (21.4096ms)
✔ uncertain launch without an observable result blocks continuation, never replacement (3.3714ms)
✔ driver failure keeps IDs and failure report; late accepted verification cannot pass (9.2236ms)
✔ saved report cannot change receipt/source/runner/process scope or invent successful authority (1.033ms)
✔ existing budget-stream keeps its original synthetic 6000-token contract (1241.2854ms)
✔ UI budget-stream uses the real 500K preset with explicit synthetic counters (1178.7669ms)
✔ native interrupt prevents later usage and completion in the UI fixture (276.9297ms)
✔ original budget-stream still interrupts before its second usage and scheduled completion (333.1955ms)
✔ queued completion emits exact usage and completed before a subsequent interrupt response (192.018ms)
✔ actual queued fixture writes base then emits both usages and finish synchronously without timers (4.1894ms)
✔ User/Organization resolver verifies owner and project number without reading items (1188.0956ms)
✔ opaque paginated active-only discovery retains 1002 items and exact Issue source (2636.7849ms)
✔ empty pages, invalid cursors and archived cursors never silently restart pagination (1481.9573ms)
✔ quota-only probes accept include flags before/after endpoint and retain plain JSON (716.5711ms)
✔ exact items, memberships and publisher fields support metered and legacy plain callers (1388.2285ms)
✔ configured primary refusal exposes reset headers and recovers exactly at fixture reset (492.8688ms)
✔ secondary failures are finite per-query attempts even with interleaved probes (782.5979ms)
✔ 503 failures expose Retry-After without spending quota or triggering source mutation (346.0388ms)
✔ source-drift hook remains shared across pages, legacy lists and exact reads only (1298.8726ms)
✔ legacy Project edits and publisher PR mutation/recovery semantics are preserved (1071.7947ms)
✔ errors and observation logs never echo credentials, headers, query text or variables (689.0888ms)
✔ invalid quota/failure configurations fail safely and event retention is bounded (1425.0233ms)
✔ parses HTTPS clone URL without resolving redirects (3.456ms)
✔ parses HTTPS repository URL without resolving redirects (0.3019ms)
✔ parses HTTPS default port without resolving redirects (0.1481ms)
✔ parses SSH SCP URL without resolving redirects (0.272ms)
✔ parses SSH URI without resolving redirects (0.3083ms)
✔ parses SSH default port without resolving redirects (0.2588ms)
✔ parses SSH alternate port without resolving redirects (0.3359ms)
✔ parses case normalization without resolving redirects (0.2766ms)
✔ parses trailing slash without resolving redirects (1.5819ms)
✔ parses Git output newline without resolving redirects (0.4833ms)
✔ keeps old, transferred and deliberately wrong repositories distinct (0.5143ms)
✔ retains valid repository punctuation (0.2411ms)
✔ rejects missing without disclosing the origin (0.8924ms)
✔ rejects null without disclosing the origin (0.1328ms)
✔ rejects non-string without disclosing the origin (0.1147ms)
✔ rejects empty without disclosing the origin (0.1208ms)
✔ rejects bare namespace without disclosing the origin (0.11ms)
✔ rejects different host without disclosing the origin (0.1431ms)
✔ rejects host suffix without disclosing the origin (0.1121ms)
✔ rejects HTTP without disclosing the origin (0.153ms)
✔ rejects Git protocol without disclosing the origin (0.1508ms)
✔ rejects HTTPS userinfo without disclosing the origin (0.1392ms)
✔ rejects HTTPS password without disclosing the origin (0.1135ms)
✔ rejects SSH password without disclosing the origin (0.1109ms)
✔ rejects non-Git SSH user without disclosing the origin (0.105ms)
✔ rejects SCP userinfo without disclosing the origin (0.1171ms)
✔ rejects SCP prefix not recognized by the runner without disclosing the origin (0.0973ms)
✔ rejects query without disclosing the origin (0.0996ms)
✔ rejects fragment without disclosing the origin (0.0978ms)
✔ rejects extra path without disclosing the origin (0.1441ms)
✔ rejects traversal without disclosing the origin (0.1539ms)
✔ rejects dot owner without disclosing the origin (0.119ms)
✔ rejects dot repository without disclosing the origin (0.1006ms)
✔ rejects empty repository without disclosing the origin (0.1406ms)
✔ rejects encoded path without disclosing the origin (0.0994ms)
✔ rejects backslash without disclosing the origin (0.1376ms)
✔ rejects multiple origins without disclosing the origin (0.1347ms)
✔ rejects oversized origin without disclosing the origin (0.0966ms)
✔ reads only the selected checkout origin with bounded, piped Git output (0.3024ms)
✔ Git failure discards message, cause, stdout and stderr without fallback (0.2522ms)
✔ a successful Git read cannot admit a credential-bearing origin (0.2159ms)
✔ imports actual-shaped retained native success and reproducible external rejection as a candidate only (161.9731ms)
✔ old oracle without physical digest remains explicitly weaker and prompt alignment remains unreviewed (141.4003ms)
✔ repeated captures and checker versions of one run do not create independent evidence identities (397.9791ms)
✔ local review digest cannot activate a candidate even with two distinct native runs (220.3378ms)
✔ refuses foreign Corp even with repinned retained files (111.3485ms)
✔ refuses foreign room even with repinned retained files (123.3761ms)
✔ refuses other source even with repinned retained files (121.643ms)
✔ refuses changed contract source even with repinned retained files (108.7831ms)
✔ refuses missing native checks even with repinned retained files (108.6743ms)
✔ refuses failed test under passed native label even with repinned retained files (125.6654ms)
✔ refuses wrong oracle bytes even with repinned retained files (133.6025ms)
✔ refuses wrong resume identity even with repinned retained files (120.8969ms)
✔ refuses wrong resume ancestry even with repinned retained files (125.4771ms)
✔ refuses cancelled run even with repinned retained files (108.6622ms)
✔ refuses substituted before bytes even with repinned retained files (101.8117ms)
✔ refuses unknown checker even with repinned retained files (20.394ms)
✔ hash pins, duplicate JSON keys and traversal are rejected before candidate output (93.9773ms)
✔ directory redirection and oversized files fail closed (153.4627ms)
✔ exact append handles LF and CRLF without normalizing changed source (0.6552ms)
✔ external rejection cannot be imported when exact output actually passes (105.6902ms)
✔ CLI reads pinned inputs and creates one new corpus without overwriting source files (276.6183ms)
✔ CLI has one aggregate read budget covering the request, corpus, manifests and retained files (364.5978ms)
▶ local stack owned-process and state regression fixtures
  ✔ identity comes from the live process and binds only the explicit workspace (2.0918ms)
  ✔ wrong timestamps, executable, workspace and malformed records fail closed (0.2476ms)
  ✔ a stale creation record aimed at a live synthetic PID cannot stop it (0.2289ms)
  ✔ stopping the verified root leaves its descendant and an unrelated child alive (0.1766ms)
  ✔ Start accepts working and log directories containing spaces (0.1873ms)
  ✔ Start treats bracketed log directories as literal paths (0.175ms)
  ✔ Start treats bracketed working directories as literal paths (0.1829ms)
  ✔ failed-start rollback results preserve the original error and require both success signals (0.1932ms)
  ✔ Start preserves literal arguments, spaces, child-only environment and redacted evidence (0.3197ms)
  ✔ repeated role launches retain earlier logs and allocate unique stdout/stderr files (0.397ms)
  ✔ extracted Launch preserves ownership on save failure (verified rollback) (0.183ms)
  ✔ extracted Launch preserves ownership on save failure (unverified rollback) (0.1519ms)
  ✔ v2 state round-trips nested records and read preserves exact bytes (0.147ms)
  ✔ corrupt, unsupported and differently scoped state is refused without deleting evidence (0.2204ms)
  ✔ state writes reject traversal, sibling-prefix paths and foreign workspace claims (0.1495ms)
  ✔ state writes reject reparse-point parent directories (0.0967ms)
  ✔ a failed atomic replacement preserves old bytes and removes its temporary file (0.2495ms)
  ✔ concurrent synthetic reader observes only complete atomic state generations (0.1276ms)
  ✔ legacy numeric state stays read-only and never authorizes stopping (0.2077ms)
  ✔ cleanup reaps only held synthetic handles and removes only its temporary tree (0.1595ms)
✔ local stack owned-process and state regression fixtures (10941.1423ms)
ℹ PowerShell 7.6.5; 14 synthetic processes reaped; no fixture tree remains
▶ local stack starter source guards
  ✔ starter has no unconditional stop invocation (0.4845ms)
  ✔ starter never passes a database URL as a command argument (0.145ms)
  ✔ starter forwards the native runner startup-recovery opt-out unchanged (0.1019ms)
  ✔ persisted runner IDs block automatic reenrollment even when offline (0.1039ms)
  ✔ Factory policy paths are canonicalized against the checkout before persistence and launch (0.102ms)
  ✔ Factory saved connection is retained and passed only as an explicit native option (0.1025ms)
  ✔ live source-ref changes use exact comparison for old and current records (0.0699ms)
  ✔ starter never deletes enrollment or credentials without an explicit reset/rotation guard (0.0643ms)
  ✔ Compose operations are guarded by external-database selection (0.0638ms)
  ✔ stopper does not rediscover or terminate a descendant tree from saved PIDs (0.0604ms)
✔ local stack starter source guards (2827.3091ms)
✔ one checkout serializes commands while another checkout remains usable (6895.3535ms)
✔ explicit restart nesting and failed operations release their native lock (5458.2831ms)
✔ an interrupted command does not leave a stale lock requiring manual cleanup (3830.3556ms)
✔ both supported entrypoints use the same operation boundary (4.3421ms)
✔ reported idle remains idle without a pending request (2.5791ms)
✔ reported starting remains starting without a pending request (0.2572ms)
✔ reported working remains working without a pending request (0.2096ms)
✔ reported blocked remains blocked without a pending request (0.2579ms)
✔ reported reviewing remains reviewing without a pending request (0.2145ms)
✔ reported offline remains offline without a pending request (0.185ms)
✔ working station "read" projects reading (0.2472ms)
✔ working station "search" projects reading (0.2497ms)
✔ working station " READ " projects reading (0.2501ms)
✔ working station "Search" projects reading (0.2813ms)
✔ working station "test" projects working (0.1507ms)
✔ working station "build" projects working (0.125ms)
✔ working station "review" projects working (0.0872ms)
✔ working station "research" projects working (0.0813ms)
✔ working station "bread" projects working (0.08ms)
✔ working station "break" projects working (0.0792ms)
✔ working station "unknown-tool" projects working (0.0716ms)
✔ working station null projects working (0.0657ms)
✔ a stale station does not invent activity for a non-working agent (0.2892ms)
✔ a blocked agent needs an exact current-run approval match (0.1563ms)
✔ an exact current-run pending review is distinct from an action approval (0.147ms)
✔ unrelated and prior-run pending requests cannot affect the current agent (0.1764ms)
✔ an approval stops affecting an agent as soon as its current run changes (0.1318ms)
✔ null and empty current-run IDs cannot acquire pending request state (0.1395ms)
✔ offline wins even when the recorded current run has both pending requests (0.1349ms)
✔ exact action approval takes precedence over exact review (0.1347ms)
✔ explicit current-run requests do not depend on a blocked display status (0.1377ms)
✔ projection does not mutate agents or request sets or infer state from identity text (1.1098ms)
✔ all eight states have distinct labels and factual descriptions (0.474ms)
✔ roster ordering is stable by ID without mutating the source array (0.3361ms)
✔ renaming or changing activity does not move an existing roster to different seats (0.4482ms)
✔ 0 agents occupy exactly 0 studios without stacked seats (0.2749ms)
✔ 1 agents occupy exactly 1 studios without stacked seats (0.3127ms)
✔ 5 agents occupy exactly 1 studios without stacked seats (0.1958ms)
✔ 6 agents occupy exactly 1 studios without stacked seats (0.2329ms)
✔ 7 agents occupy exactly 2 studios without stacked seats (0.1998ms)
✔ 11 agents occupy exactly 2 studios without stacked seats (0.1586ms)
✔ 12 agents occupy exactly 2 studios without stacked seats (0.1708ms)
✔ 13 agents occupy exactly 3 studios without stacked seats (0.1341ms)
✔ 17 agents occupy exactly 3 studios without stacked seats (0.1209ms)
✔ 18 agents occupy exactly 3 studios without stacked seats (0.125ms)
✔ 19 agents occupy exactly 4 studios without stacked seats (0.1351ms)
✔ snapshot input reordering preserves page and seat assignment for 18 agents (0.3512ms)
✔ reordering across a partially filled page boundary preserves each agent seat (0.7284ms)
✔ studio dimensions and the six feet anchors match the renderer contract exactly (0.2982ms)
✔ desk access never wraps overflow or invalid indexes onto occupied seats (0.9296ms)
✔ all desk footprints stay above their chairs and never overlap another desk or decor (0.341ms)
✔ desk 0 has one finite arrival route clear of every workstation (0.7955ms)
✔ desk 1 has one finite arrival route clear of every workstation (0.2715ms)
✔ desk 2 has one finite arrival route clear of every workstation (0.2285ms)
✔ desk 3 has one finite arrival route clear of every workstation (0.1185ms)
✔ desk 4 has one finite arrival route clear of every workstation (0.1005ms)
✔ desk 5 has one finite arrival route clear of every workstation (0.0854ms)
✔ route and desk results do not expose shared mutable layout state (0.1514ms)
✔ pending native review distinguishes invalid artifact paths from invalid artifact IDs (96.8501ms)
✔ pending native intent survives acceptance changes and reviewed adoption replays one exact revision (63.8023ms)
✔ pending intent cannot apply and generic native approval cannot authorize exact feedback (28.7313ms)
✔ reviewed feedback refuses adopter as reviewer before a revision (26.4821ms)
✔ reviewed feedback refuses producer as reviewer before a revision (24.2885ms)
✔ reviewed feedback refuses source requester as reviewer before a revision (31.0114ms)
✔ reviewed feedback refuses rejected decision before a revision (22.2224ms)
✔ reviewed feedback refuses future decision before a revision (25.3003ms)
✔ reviewed feedback refuses decision before intent before a revision (22.1678ms)
✔ reviewed feedback refuses wrong note digest before a revision (24.0842ms)
✔ reviewed feedback refuses extra note prose before a revision (32.4799ms)
✔ reviewed feedback refuses ordinary human gate before a revision (24.433ms)
✔ reviewed feedback refuses requester exclusion disabled before a revision (24.5562ms)
✔ native approval cannot excuse changed target task (27.1314ms)
✔ native approval cannot excuse changed target version (26.559ms)
✔ native approval cannot excuse changed source commit (33.1288ms)
✔ native approval cannot excuse changed artifact identity (32.0764ms)
✔ native approval cannot excuse changed corpus bytes digest (34.8537ms)
✔ native approval cannot excuse changed selected rule digest (33.7439ms)
✔ native approval cannot excuse changed selected guidance (40.2613ms)
✔ native approval cannot excuse changed adopter identity (50.9703ms)
✔ native approval cannot excuse changed replacement effect (59.0098ms)
✔ native approval cannot excuse changed unknown authority field (38.1072ms)
✔ persisted verifier policy and automated evidence drift invalidate the intent independently of acceptance (90.7398ms)
✔ missing or contradictory native rows and capture drift fail closed (33.0112ms)
✔ reviewed apply rechecks the actual decision and preserves ambiguous outcomes and idempotency (44.1745ms)
✔ reviewed apply rejects altered intent bytes and expired proposal without native effects (21.2624ms)
✔ a changed post-effect review remains uncertain and cannot assert a verified binding (26.1755ms)
✔ review intent time bounds are revalidated during accepted-source reconstruction (23.9157ms)
✔ CLI native-review preparation, exact intent selection and apply keep separate raw and canonical hashes (135.5506ms)
✔ prepare is read-only and exposes the exact reference-only change for review (19.9708ms)
✔ an unprefixed objective stays candidate because native composition would change it (25.8537ms)
✔ native normalization fixed points retain description and objective exactly (33.9193ms)
✔ public identifiers and digest selectors reject coercible arrays and objects before effects (17.7902ms)
✔ time, timeout and trusted routing fields require their declared primitive types (24.514ms)
✔ apply performs one native revision, preserves authority and never launches (21.5018ms)
✔ typed native file selection pins outer provenance and exact decoded corpus while preserving raw compatibility (46.5321ms)
✔ native typed unknown schema field is refused even with matching outer artifact digest (22.7588ms)
✔ native typed missing native schema field is refused even with matching outer artifact digest (21.7819ms)
✔ native typed coercible version is refused even with matching outer artifact digest (21.5008ms)
✔ native typed unsupported archive form is refused even with matching outer artifact digest (31.0255ms)
✔ native typed wrong base is refused even with matching outer artifact digest (17.3114ms)
✔ native typed wrong verifier is refused even with matching outer artifact digest (21.6204ms)
✔ native typed wrong head is refused even with matching outer artifact digest (18.2116ms)
✔ native typed bundle payload is refused even with matching outer artifact digest (15.2292ms)
✔ native typed patch checksum is refused even with matching outer artifact digest (14.225ms)
✔ native typed patch noncanonical base64 is refused even with matching outer artifact digest (22.109ms)
✔ native typed selected hash is refused even with matching outer artifact digest (30.4979ms)
✔ native typed selected byte count is refused even with matching outer artifact digest (18.7254ms)
✔ native typed selected file size bound is refused even with matching outer artifact digest (17.8652ms)
✔ native typed selected base64 is refused even with matching outer artifact digest (14.8923ms)
✔ native typed selected symlink is refused even with matching outer artifact digest (18.5525ms)
✔ native typed selected submodule is refused even with matching outer artifact digest (15.5611ms)
✔ native typed selected media is refused even with matching outer artifact digest (22.0055ms)
✔ native typed duplicate path is refused even with matching outer artifact digest (23.4003ms)
✔ native typed case alias is refused even with matching outer artifact digest (24.3204ms)
✔ native typed file directory conflict is refused even with matching outer artifact digest (26.1333ms)
✔ native typed traversal is refused even with matching outer artifact digest (24.6172ms)
✔ native typed absolute path is refused even with matching outer artifact digest (23.8652ms)
✔ native typed Windows stream is refused even with matching outer artifact digest (17.9038ms)
✔ native typed Windows device is refused even with matching outer artifact digest (20.0693ms)
✔ native typed trailing dot alias is refused even with matching outer artifact digest (20.7705ms)
✔ native typed coercible entry path is refused even with matching outer artifact digest (20.4883ms)
✔ native typed deleted selection is refused even with matching outer artifact digest (17.4374ms)
✔ typed path selection requires one exact safe file, source role and original outer bytes (28.5472ms)
✔ typed decoded corpus cannot substitute a different well-hashed file or retarget a reviewed proposal (43.8956ms)
✔ typed base64 padding bits are canonical even when permissive decoding preserves the correct bytes (26.9879ms)
✔ same byte-pinned proposal replays its native key without adding guidance or a second revision (37.2598ms)
✔ lost response stays unknown with no automatic retry; exact replay reconciles it (32.127ms)
✔ an HTTP400 after persistence stays unknown and same-key replay confirms one revision (32.6762ms)
✔ live Corp drift refuses before a request (25.1681ms)
✔ live room drift refuses before a request (23.2539ms)
✔ live mission drift refuses before a request (21.512ms)
✔ live task drift refuses before a request (20.8832ms)
✔ live run drift refuses before a request (17.0376ms)
✔ live actor drift refuses before a request (17.0688ms)
✔ live source commit drift refuses before a request (21.4345ms)
✔ live verifier digest drift refuses before a request (20.1716ms)
✔ live artifact digest drift refuses before a request (24.0919ms)
✔ an accepted receipt with incomplete bounded evidence remains candidate (15.5588ms)
✔ an observed manual gate must retain its native decision and decider (18.9226ms)
✔ missing native corpus evidence or mismatched actual bytes never borrows an unrelated accepted run (16.0435ms)
✔ typed envelopes, missing review bytes and requested independent review remain explicit candidates (16.2829ms)
✔ UTF-8 reference bounds do not silently truncate valid longer advisory guidance (20.7247ms)
✔ changed target ready status cannot be overwritten (23.0098ms)
✔ changed target existing run cannot be overwritten (22.1947ms)
✔ changed target contract version cannot be overwritten (23.1599ms)
✔ changed target budget cannot be overwritten (19.622ms)
✔ changed target verifier cannot be overwritten (21.7967ms)
✔ changed target source cannot be overwritten (20.2915ms)
✔ changed target source connection cannot be overwritten (21.7104ms)
✔ changed target tools cannot be overwritten (19.9503ms)
✔ changed target Corp cannot be overwritten (18.2495ms)
✔ changed target room cannot be overwritten (18.3122ms)
✔ changed target origin cannot be overwritten (21.0045ms)
✔ repinned unauthorized proposal changes cannot alter anything except selected references (37.4184ms)
✔ wrong proposal hash, edited corpus/review/receipt, future or expired proposal fails before POST (24.8704ms)
✔ expired selected guidance is not rescued by the remaining proposal lifetime (22.6401ms)
✔ expiry crossing during live prechecks is repeated immediately before mutation (19.2207ms)
✔ one total operation deadline cannot be renewed by a slow target precheck (249.3206ms)
✔ duplicate-key or reformatted proposal JSON cannot masquerade as the prepared byte representation (19.9976ms)
✔ source drift after successful mutation is accurately retained as applied (19.0792ms)
✔ source access loss after mutation is never mislabeled refusal-before-effects (19.1863ms)
✔ an HTTP error after a request is unknown without transaction-stage evidence and is not retried (21.8785ms)
✔ a contradictory successful response or changed native readback stays unknown (19.7164ms)
✔ exact native target projection refuses filtered context and preserves whole scope (23.979ms)
✔ file input requires selected exact bytes and fails closed on an oversized or malformed input (37.2862ms)
✔ feedback file reads accumulate short native reads before validating bytes (8.6008ms)
✔ feedback file truncate during short reads fails without a hash pin (6.4437ms)
✔ feedback file grow during short reads fails without a hash pin (5.9997ms)
✔ CLI preparation writes new review artifacts and an existing apply receipt refuses before network or effects (65.0438ms)
✔ CLI exits nonzero for refused adoption while preserving its JSON receipt (257.9702ms)
✔ CLI typed prepare explicitly selects the native file and apply has no path override (64.9948ms)
✔ retained native candidate cannot become saved-task guidance or a native revision (28.3283ms)
✔ forged locally activated native evidence cannot become saved-task guidance or a native revision (25.8247ms)
✔ native evidence mixed into an activated typed artifact cannot become saved-task guidance or a native revision (21.8949ms)
✔ receipt whitelists metadata and distinguishes persisted acceptance from optional verifier digests (9.818ms)
✔ native runner, model and ref metadata preserves valid punctuation, spaces, Unicode and UTF-8 limits (4.2829ms)
✔ native metadata keeps bounded invalid text and malformed source tuples out of receipts (20.2169ms)
✔ native source identity accepts uppercase hexadecimal commits and full bounded repository components (1.1941ms)
✔ published native refs and native MIME token punctuation are observed without a custom identifier alphabet (1.6531ms)
✔ historical evidence never borrows the current task verifier policy count (2.0754ms)
✔ conflicting or invalid run-bound check counts remain unknown (4.657ms)
✔ missing and duplicate check indices cannot establish completeness; malformed indices fail (1.2824ms)
✔ receipt rejects mismatched run Corp (0.5761ms)
✔ receipt rejects mismatched task Corp (0.4063ms)
✔ receipt rejects mismatched mission Corp (0.3176ms)
✔ receipt rejects mismatched room Corp (0.263ms)
✔ receipt rejects mismatched exact actor (0.3113ms)
✔ receipt rejects mismatched exact room (0.2517ms)
✔ receipt rejects mismatched exact mission (0.2432ms)
✔ receipt rejects mismatched evidence task (0.331ms)
✔ receipt rejects mismatched event room (0.3024ms)
✔ receipt rejects mismatched partial source (0.187ms)
✔ current-run rejects later same-task runs and tied times, retaining nanosecond ordering (1.4374ms)
✔ typed resume lineage requires same task and producer, and records unavailable ancestors honestly (2.8354ms)
✔ exact recovery count is run-bound; private policy and notes are omitted (0.6841ms)
✔ published-result binds its exact source artifact and hashes opaque source revisions (0.787ms)
✔ published-result accepts an exact historical publication despite a later same-task run (1.211ms)
✔ published-result refuses mismatched Factory mission (0.5176ms)
✔ published-result refuses mismatched deliverable task (0.4063ms)
✔ published-result refuses mismatched deliverable source base (0.4152ms)
✔ published-result refuses mismatched run deliverable digest (0.3203ms)
✔ published-result refuses mismatched publication run (0.3241ms)
✔ published-result refuses mismatched provenance mission (0.426ms)
✔ published-result refuses mismatched provenance source issue (0.3386ms)
✔ published-result refuses mismatched provenance target (0.3893ms)
✔ published-result refuses mismatched recorded PR head (0.328ms)
✔ published-result refuses mismatched recorded PR repository (0.3341ms)
✔ published-result refuses mismatched recorded PR provenance (0.4319ms)
✔ byte verification rejects tampering and each missing or conflicting native response boundary (1.7672ms)
✔ receipt validator rejects extra content, contradictory acceptance, and mixed origin/artifact roles (5.6502ms)
✔ fingerprint tolerates observation timestamps and detects selected source, contract and artifact drift (3.3119ms)
✔ compiled native MCP export performs two captures and downloads only selected-origin artifact IDs (844.0764ms)
✔ artifact retention selection is bounded before reading host configuration (1.0401ms)
✔ compiled native evidence retains only explicitly selected verified bytes and preserves public receipt schema (469.1973ms)
✔ compiled native evidence rejects an unowned artifact selection before any artifact download (95.7511ms)
✔ compiled native evidence never returns retained bytes from a tampered artifact or changed source (269.0169ms)
✔ compiled native exporter keeps opaque runner/model/ref metadata out of every request route (168.5749ms)
✔ compiled native export rejects state drift during its artifact read (149.7362ms)
✔ compiled native export rejects mismatched context before downloading artifacts (82.7146ms)
✔ compiled native export refuses artifact redirects without forwarding credentials (82.4008ms)
✔ compiled native export rejects oversized bodies and withholds HTTP error content (139.4497ms)
✔ compiled native export bounds a stalled exact-context body by its whole-operation timeout (1018.8863ms)
✔ receipt CLI writes a create-only metadata file and a compact redacted summary (777.8278ms)
✔ owned server requires matching executable, creation, endpoint, and workspace (4.0733ms)
✔ manual, remote, stale, or non-owned manifests never authorize restart (0.8132ms)
✔ Windows retains legacy timestamp tolerance and case-insensitive paths (0.3635ms)
✔ legacy Windows identity callers remain supported without weakening explicit checks (1.435ms)
✔ Linux requires the exact boot/PID/start-tick, executable, cwd/root, and socket binding (4.1796ms)
✔ Linux rejects malformed, legacy-Windows, and changed receipts (1.1766ms)
✔ every existing manual port remains denied on Windows and Linux and all loopback hosts (1.6721ms)
✔ remote, credentialed, missing-port, and malformed-scope endpoints fail closed (0.9552ms)
✔ only a complete scoped JSON object is a process receipt (0.9235ms)
✔ proc stat parses the final comm parenthesis and preserves 64-bit start ticks (1.9527ms)
✔ proc stat rejects wrong PID, truncated fields, malformed state, and invalid ticks (1.113ms)
✔ Linux listener proof intersects the exact port and LISTEN state with PID-owned inodes (1.9685ms)
✔ malformed or unavailable proc network input supplies no ownership authority (1.3877ms)
✔ artifact recovery overrides are child-only and match native numeric bounds (0.7736ms)
✔ probe requires explicit scope and forwards only its scoped credential environment (5.168ms)
✔ probe summary contains collection counts, never snapshot data or private paths (0.9332ms)
✔ probe permits HTTP only for normalized canonical loopback origins and requires HTTPS elsewhere (15.8911ms)
✔ recovery probe reports only native metadata and never infers missing capability or exposes policy (1.5246ms)
✔ recovery probe rejects malformed work-item IDs before spawning any gateway (3.4978ms)
✔ compiled recovery probe rejects impossible native numeric metadata and preserves exhausted authority (655.1154ms)
✔ compiled recovery tool makes exactly the selected authorized GET in both modes (167.1409ms)
✔ compiled recovery probe selects one context without reading the broad snapshot or exposing private fields (78.0219ms)
✔ compiled recovery tool refuses malformed IDs, extra scope or effect arguments before HTTP (130.2678ms)
✔ compiled recovery tool rejects mismatched Corp or work-item responses (291.8005ms)
✔ compiled recovery probe preserves authorization and not-found failures without private diagnostics (224.5323ms)
✔ compiled recovery inspection never follows redirects in either gateway mode (287.9647ms)
✔ compiled recovery inspection caps HTTP bodies even in the legacy write-capable gateway mode (150.4841ms)
✔ compiled read-only MCP completes the real stdio handshake and makes only one scoped GET (95.1421ms)
✔ compiled MCP ignores notifications and denies mutating calls before HTTP while preserving the default catalog (156.6319ms)
✔ compiled MCP keeps malformed omitted-ID objects silent and effect-free (read-only) (71.3498ms)
✔ compiled MCP keeps malformed omitted-ID objects silent and effect-free (unrestricted) (80.9646ms)
✔ compiled probe withholds API error content and enforces its whole-probe timeout (1107.4601ms)
✔ compiled read-only inspection rejects redirects without contacting a second origin (161.0661ms)
✔ compiled read-only startup requires every routing variable before serving even initialization (253.3749ms)
✔ compiled read-only flag rejects command-line tokens (split option, CLI only) (73.0115ms)
✔ compiled read-only flag rejects command-line tokens (split option, CLI plus environment) (66.1281ms)
✔ compiled read-only flag rejects command-line tokens (equals option, CLI only) (69.5523ms)
✔ compiled read-only flag rejects command-line tokens (equals option, CLI plus environment) (67.018ms)
✔ compiled read-only flag accepts only the environment token and exposes the restricted catalog (71.8842ms)
✔ compiled read-only environment rejects command-line tokens (split option, CLI only) (69.3038ms)
✔ compiled read-only environment rejects command-line tokens (split option, CLI plus environment) (60.5894ms)
✔ compiled read-only environment rejects command-line tokens (equals option, CLI only) (63.5481ms)
✔ compiled read-only environment rejects command-line tokens (equals option, CLI plus environment) (63.4955ms)
✔ compiled read-only environment accepts only the environment token and exposes the restricted catalog (104.4775ms)
✔ compiled unrestricted MCP preserves legacy CLI token precedence (split option) (162.5622ms)
✔ compiled unrestricted MCP preserves legacy CLI token precedence (equals option) (161.9199ms)
✔ compiled native read-only HTTP body rejects oversized declared length before end (200) (73.4678ms)
✔ compiled native read-only HTTP body rejects streamed overflow before end (200) (131.5853ms)
✔ compiled native read-only HTTP body rejects oversized declared length before end (403) (73.082ms)
✔ compiled native read-only HTTP body rejects streamed overflow before end (403) (119.8493ms)
✔ compiled native HTTP body accepts the inclusive read-only limit and preserves unrestricted transport (778.2235ms)
✔ compiled native HTTP body preserves small successful and error response behavior (461.8077ms)
✔ withholds all six source ACKs for each of two native automatic attempts (4.8608ms)
✔ holds all quality ACK duplicates to the same 8-second deadline, preserving bytes (1.6875ms)
✔ gameplay and integration pass source ACKs unchanged (0.6003ms)
✔ native resume passes ACKs and does not consume a third automatic attempt (0.435ms)
✔ non-source ACK, heartbeat, credential rotation, approval and lifecycle are opaque passthrough (0.6025ms)
✔ rejects foreign or unproven run, Corp and hash before fault decisions (1.5346ms)
✔ assignment rebinding cannot swap a different task, scope or command kind (0.805ms)
✔ late-ACK release sends one exact original old-run frame once without retagging (1.7155ms)
✔ refuses manual-stack, wrong-repository and missing opt-in config (2.1525ms)
▶ real loopback WebSocket wiring: native schema, ordered forwarding, reconnection and redaction
  ▶ isolated concurrent fixture 1
    ✔ synthetic endpoints require live ownership without relaxing config guards (10.3713ms)
    ✔ persisted owner/name schema binds and stop cannot overtake a pending assignment (77.6441ms)
    ✔ upload byte transparency, ACK withholding and metadata non-disclosure (50.4354ms)
    ✔ a stale snapshot/close callback cannot bind, send or close the replacement connection (151.1259ms)
  ✔ isolated concurrent fixture 1 (457.1327ms)
  ▶ isolated concurrent fixture 2
    ✔ synthetic endpoints require live ownership without relaxing config guards (13.3361ms)
    ✔ persisted owner/name schema binds and stop cannot overtake a pending assignment (77.3923ms)
    ✔ upload byte transparency, ACK withholding and metadata non-disclosure (50.3231ms)
    ✔ a stale snapshot/close callback cannot bind, send or close the replacement connection (151.8305ms)
  ✔ isolated concurrent fixture 2 (420.2769ms)
✔ real loopback WebSocket wiring: native schema, ordered forwarding, reconnection and redaction (459.2045ms)
✔ completed findings emit only bounded attribution metadata, never report content (212.9975ms)
✔ clean requires native success and a valid empty report (195.7126ms)
✔ native path-only findings retain hashed attribution and zero lines (185.0931ms)
✔ invalid path/line location [0,1] remains a diagnostic failure (164.6668ms)
✔ invalid path/line location [1,0] remains a diagnostic failure (242.9203ms)
✔ invalid path/line location [-1,0] remains a diagnostic failure (216.948ms)
✔ invalid path/line location [0,-1] remains a diagnostic failure (203.6089ms)
✔ invalid path/line location ["0",0] remains a diagnostic failure (200.0267ms)
✔ invalid path/line location [0,"0"] remains a diagnostic failure (172.871ms)
✔ invalid path/line location [0.5,0] remains a diagnostic failure (167.6989ms)
✔ invalid path/line location [1,0.5] remains a diagnostic failure (194.7621ms)
✔ workflow-command delimiters stay private while safe identifiers preserve attribution (179.3471ms)
✔ empty findings do not hide scanner/tool exit 1 (187.6184ms)
✔ empty findings do not hide scanner/tool exit 2 (211.0158ms)
✔ empty findings do not hide scanner/tool exit 124 (184.7222ms)
✔ empty findings do not hide scanner/tool exit 137 (163.4707ms)
✔ empty findings do not hide scanner/tool exit 255 (167.0938ms)
✔ native success with findings cannot become a passing result (183.1897ms)
✔ missing report fails without echoing input or inventing clean results (175.9051ms)
✔ empty report fails without echoing input or inventing clean results (194.0021ms)
✔ invalid JSON report fails without echoing input or inventing clean results (174.4016ms)
✔ invalid UTF8 report fails without echoing input or inventing clean results (181.1433ms)
✔ null report fails without echoing input or inventing clean results (193.1865ms)
✔ object report fails without echoing input or inventing clean results (194.8819ms)
✔ too many findings report fails without echoing input or inventing clean results (191.235ms)
✔ oversized report fails without echoing input or inventing clean results (213.278ms)
✔ non-regular report is rejected before reading (191.3001ms)
✔ exact report byte limit accepts valid JSON without truncation (208.6808ms)
✔ exact finding limit is accepted with explicit bounded display (240.9911ms)
✔ exact metadata limits preserve identifiers for all validated values (181.6895ms)
✔ malformed finding is rejected (null) (173.3055ms)
✔ malformed finding is rejected ([]) (178.5099ms)
✔ malformed finding is rejected (1) (194.3298ms)
✔ malformed finding is rejected ("not a record") (187.3203ms)
✔ reject invalid Commit metadata ("main") (197.6329ms)
✔ reject invalid Commit metadata (123) (192.8008ms)
✔ reject invalid Commit metadata ("aaaaaaaaaaaaaaaaaaaaaaaaaaaaaaaaaaaaaaa") (179.4629ms)
✔ reject invalid Commit metadata ("aaaaaaaaaaaaaaaaaaaaaaaaaaaaaaaaaaaaaaaaa") (190.9315ms)
✔ reject invalid Commit metadata ("gggggggggggggggggggggggggggggggggggggggg") (180.2718ms)
✔ reject invalid File metadata ("/absolute") (191.0091ms)
✔ reject invalid File metadata ("C:\\absolute") (205.3294ms)
✔ reject invalid File metadata ("../outside") (187.3542ms)
✔ reject invalid File metadata ("dir/../outside") (179.7623ms)
✔ reject invalid File metadata ("dir//file") (168.2354ms)
✔ reject invalid File metadata ("name\n::error::NON_CREDENTIAL_DIAGNOSTIC_TES) (176.7462ms)
✔ reject invalid File metadata ("\u001b[31mfile") (179.7646ms)
✔ reject invalid File metadata ("‮file") (171.6172ms)
✔ reject invalid File metadata ("xxxxxxxxxxxxxxxxxxxxxxxxxxxxxxxxxxxxxxxxxxxx) (196.4047ms)
✔ reject invalid RuleID metadata ("bad NON_CREDENTIAL_DIAGNOSTIC_TEST_CANARY") (193.3414ms)
✔ reject invalid RuleID metadata ("rrrrrrrrrrrrrrrrrrrrrrrrrrrrrrrrrrrrrrrrrrrr) (201.0458ms)
✔ reject invalid StartLine metadata (0) (167.8371ms)
✔ reject invalid StartLine metadata ("1") (169.2587ms)
✔ reject invalid StartLine metadata (9007199254740992) (173.6079ms)
✔ reject invalid EndLine metadata (2) (176.3018ms)
✔ all findings are validated before bounded display (384.9383ms)
✔ invalid scanner status is rejected (-1) (175.0627ms)
✔ invalid scanner status is rejected (256) (176.7779ms)
✔ invalid scanner status is rejected (1.5) (170.0516ms)
✔ invalid scanner status is rejected () (187.799ms)
✔ invalid scanner status is rejected (01) (175.5118ms)
✔ invalid scanner status is rejected (NON_CREDENTIAL_DIAGNOSTIC_TEST_CANARY) (193.5163ms)
✔ unexpected arguments are not echoed (207.6571ms)
✔ workflow retains scan scope, redaction, pinning, failure propagation and ephemeral reports (0.4303ms)
✔ selected metadata never publishes a canary in a path or rule identifier (216.7276ms)
✔ completed finding and partial scan results retain distinct native outcomes (410.4527ms)
✔ production scan is independent of selected-head fixture code and fixture job tests its workflow revision (0.4631ms)
﹣ native scanner clean history yields a clean bounded report (1.2762ms) # Set ECORP_GITLEAKS_BINARY to the verified Gitleaks 8.30.1 executable
﹣ native default pkcs12-file rule preserves path-only attribution without inventing lines (0.1491ms) # Set ECORP_GITLEAKS_BINARY to the verified Gitleaks 8.30.1 executable
﹣ native scanner attributes a current finding and preserves failure (0.1123ms) # Set ECORP_GITLEAKS_BINARY to the verified Gitleaks 8.30.1 executable
﹣ native scanner attributes a historical finding and preserves failure (0.1067ms) # Set ECORP_GITLEAKS_BINARY to the verified Gitleaks 8.30.1 executable
﹣ native scanner configuration failure cannot become a clean result (0.1792ms) # Set ECORP_GITLEAKS_BINARY to the verified Gitleaks 8.30.1 executable
﹣ native scanner redaction does not permit a sensitive filename in diagnostics (0.1174ms) # Set ECORP_GITLEAKS_BINARY to the verified Gitleaks 8.30.1 executable
﹣ native scan works on an older selected head without workflow support files (0.1275ms) # Set ECORP_GITLEAKS_BINARY to the verified Gitleaks 8.30.1 executable
﹣ selected-head executable fixtures cannot run in the production scan path (0.1507ms) # Set ECORP_GITLEAKS_BINARY to the verified Gitleaks 8.30.1 executable
﹣ native Git completeness check rejects unavailable historical objects before scanning (0.2039ms) # Set ECORP_GITLEAKS_BINARY to the verified Gitleaks 8.30.1 executable
﹣ native partial timeout keeps collected findings explicitly incomplete (0.2084ms) # Set ECORP_GITLEAKS_BINARY to the verified Gitleaks 8.30.1 executable
✔ relocated doctor checks declared tools through native version commands without leaking ambient secrets or installing (1470.5078ms)
✔ wrong node version produces a failing CLI result (1417.3288ms)
✔ wrong pnpm version produces a failing CLI result (1429.6621ms)
✔ wrong rustc version produces a failing CLI result (1426.9778ms)
✔ wrong cargo version produces a failing CLI result (1415.0644ms)
✔ missing package manager fails without falling back to another host command (1161.7116ms)
✔ failed component probes suppress raw stdout and stderr (1583.7822ms)
✔ unrecognized version output is rejected without echoing the command response (1456.8247ms)
✔ an unavailable pinned rustup toolchain fails instead of installing or selecting stable (1349.1798ms)
✔ already selected direct Rust binaries can be verified without rustup (1347.8142ms)
✔ invalid .node-version declaration fails before any command runs (version) (229.564ms)
✔ invalid package.json declaration fails before any command runs (version) (203.876ms)
✔ invalid rust-toolchain.toml declaration fails before any command runs (floating Rust) (177.1099ms)
✔ invalid rust-toolchain.toml declaration fails before any command runs (component) (177.0785ms)
✔ unsupported CLI arguments fail before probing tools (185.3071ms)
ℹ tests 1329
ℹ suites 0
ℹ pass 1319
ℹ fail 0
ℹ cancelled 0
ℹ skipped 10
ℹ todo 0
ℹ duration_ms 68257.3765
