$ node --test --test-concurrency=2 --test-timeout=180000 "apps/web/src/**/*.test.mjs" "tools/*.test.mjs"
✔ editor preserves its accessible control names, preview hook, and all six check choices (35.5645ms)
✔ switching check types resets their incompatible fields and retains the rest of the policy (7.9738ms)
✔ every check-field callback retains the selected variant and unchanged checks (18.4567ms)
✔ adding and removing checks preserves tab selection, including external policy shrink and the empty state (18.7036ms)
✔ the 16-check add button limit and oversized-policy feedback are retained (15.243ms)
✔ manual-gate transitions retain default role ordering, requester exclusion, and explicit removal (11.6234ms)
✔ preview keeps exact check order, manual-role labels, heading overrides, and requester-exclusion guidance (2.3049ms)
✔ Factory exact-run navigation replaces a remembered newer outcome before mission remount (3.9577ms)
✔ run navigation ignores the duplicate activity marker in a hidden Factory tab (14.7011ms)
✔ artifact navigation chooses its exact producer while mission-only navigation preserves the current choice (1.1107ms)
✔ unavailable run/task/mission cannot overwrite remembered evidence or open another run (2.4126ms)
✔ storage failure or obsolete viewer fails closed before navigation (2.2537ms)
✔ explicit navigation writes only the selected viewer scope and only the run identity (1.0517ms)
✔ reload keeps the decided run instead of the other pending review or a newer worker (2.1062ms)
✔ remembered evidence is scoped to the API server, Corp, actor and mission (0.4343ms)
✔ missing remembered work never silently substitutes another visible review (0.3131ms)
✔ unreadable or malformed stored context requires explicit selection, not the next review (0.5163ms)
✔ a first visit is distinct from unreadable history; failed writes do not throw (0.4253ms)
✔ only the selected run ID is stored; reviews and authority never enter browser persistence (1.1878ms)
✔ MissionCard scopes remounts, pins initial evidence and fails closed when persistence fails (12.1963ms)
✔ issue210 only the explicit server flag adds correction to a native checkpoint (3.022ms)
✔ issue210 verifier availability is independent of correction and missing availability preserves legacy behavior (1.3652ms)
✔ issue210 revision source is the exact server-selected verifier, with no cross-item fallback (0.659ms)
✔ only native proof plus its cancellation marker exposes source-only checkpoint verification (0.3178ms)
✔ a running checkpoint needs no cancellation repair, and ordinary verification failure stays compatible (0.2683ms)
✔ missing/tampered source, checkpoint, head, active recovery or terminal outcome offers no new recovery (0.3396ms)
✔ context requests are not recovery grants and never depend on inferred mission spend/status (0.2565ms)
✔ copied command binding retains the saved connection and never falls back on malformed metadata (0.3375ms)
✔ actual presentation selects the endpoint source, not the newest visible run or mission cancellation (142.3328ms)
✔ issue210 presentation separates provider-free verification from a budgeted same-session fix (28.6623ms)
✔ issue210 source-only and unavailable checkpoint presentations never suggest generic recovery (43.1709ms)
✔ actual context loader is GET-only and admits the exact item/version/mission checkpoint (50.2416ms)
✔ actual context loader rejects stale/cross-scope and malformed flags without snapshot fallback (194.4274ms)
✔ issue210 actual loader accepts boolean correction flags and defaults missing legacy authority closed (58.3168ms)
✔ issue210 exact loader retains true, false and missing checkpoint availability without granting another mode (56.7474ms)
✔ actual UI action copies only explicit checkpoint verification with the original scope/connection (189.6216ms)
✔ issue210 actual correction action retains the original CLI route, source and connection (303.9467ms)
✔ issue210 actual card drops correction authority immediately when item, version or actor changes (300.0823ms)
✔ issue210 actual contract submission uses the scoped verifier, not its provider ancestor (47.0946ms)
✔ issue210 editor loading, errors, stale context and denied correction cannot fall back or submit (263.7867ms)
✔ issue210 ordinary contract resume, redispatch and requester/role boundaries stay intact (107.9704ms)
✔ issue210 actual source-only context copies correction and revises the exact verifier; no-mode context does neither (192.7084ms)
✔ actual resume handler and rendered provider control respect native recovery blocking (5.6113ms)
✔ actual App Resume control survives an ineligible ordinary Factory recovery lookup and uses the native actor-bound POST (243.275ms)
✔ issue221 explicit provider-correction permission permits null head without granting checkpoint or generic resume (1.1867ms)
✔ issue221 actual context reader retains null head/current provider proof and malformed heads remain non-actionable (387.474ms)
✔ issue221 actual copy/revision actions use only source correction for the latest failed provider with null head (284.2393ms)
✔ wrong-first legacy Project 174 cannot displace the selected live lab controller (2.0299ms)
✔ every Project/repository/Corp component must match, even with an active-item pointer (0.4208ms)
✔ GitHub owner/repository case and surrounding whitespace normalize independently (0.2666ms)
✔ missing/malformed scope is neutral rather than an empty-scope match (0.2242ms)
✔ the exact active item wins among live controllers in the same scope (0.2489ms)
✔ a current live scope match wins over a stale offline active-item pointer (0.2463ms)
✔ with only offline matches, retain the exact item rather than crossing scope (0.1983ms)
✔ without an item, prefer useful live intake in the current Corp (0.3474ms)
✔ empty/no-match and unavailable explicit selections never borrow another controller (0.3884ms)
✔ heartbeat freshness and stable ID break ties without using array order or mutating inputs (2.1783ms)
✔ snapshot refresh and selected scope changes return the exact new ID/version object (0.3625ms)
✔ the actual FactoryPanel resolver feeds displayed state and both action callbacks (20.23ms)
✔ the actual component guards controller actions, retains role gating and passes the same callback (16.6673ms)
✔ the actual API action handler targets the resolved controller ID and version for all actions (89.3441ms)
✔ the production handler preserves the existing ID-scoped idempotency/version on a lost response (26.3311ms)
✔ primary_rate_limit has a reader-facing reason and an automatic future retry (32.6719ms)
✔ secondary_rate_limit has a reader-facing reason and an automatic future retry (0.8789ms)
✔ graphql_quota has a reader-facing reason and an automatic future retry (0.8828ms)
✔ github_unavailable has a reader-facing reason and an automatic future retry (2.0783ms)
✔ quota, cost and timestamps come from the snapshot, not derived or default budgets (1.7615ms)
✔ equivalent offset timestamps have the same local retry time and boundary (1.5117ms)
✔ at or after the retry deadline, waiting is not presented as a successful retry (1.8931ms)
✔ zero remaining, limit, query cost and failures remain real zeros (0.9033ms)
✔ paused desired state wins without rewriting controller health or promising a retry (1.4563ms)
✔ offline health wins over polling metadata, including an elapsed retry (1.425ms)
✔ paused and offline together retain both conditions and existing paused precedence (0.7779ms)
✔ absent legacy polling leaves the old strip intact and never fabricates a wait (0.2683ms)
✔ missing or malformed backoff data is unavailable, never zero or an invented deadline (0.4673ms)
✔ invalid values are not coerced to numbers or dates and unknown reasons are not rendered raw (2.3019ms)
✔ partial quota data preserves observed zeros while missing fields remain unavailable (0.4392ms)
✔ healthy telemetry does not infer a backoff from a zero quota or failure count (0.5704ms)
✔ UI integration remains read-only, accessible, and uses existing controller controls (14.6753ms)
✔ line normalization preserves argument boundaries, literal punctuation, and duplicate values (1.8357ms)
✔ role entry supports commas and CRLF without silently deduplicating or authorizing roles (0.344ms)
✔ mission projection retains exact task, runner and human control attribution (4.1528ms)
✔ foreign tasks and same-ID foreign-Corp runners cannot supply collaboration state (0.3142ms)
✔ offline retains work without advertising live control or termination (0.3831ms)
✔ connecting retains work without advertising live control or termination (0.3088ms)
✔ a failed snapshot refresh retains exact work without advertising live controls (0.3194ms)
✔ invalid snapshot receipt NaN cannot advertise live controls (0.1996ms)
✔ invalid snapshot receipt Infinity cannot advertise live controls (0.1878ms)
✔ invalid snapshot receipt 0 cannot advertise live controls (0.1863ms)
✔ invalid snapshot receipt -1 cannot advertise live controls (0.1989ms)
✔ expired/malformed lease 2026-09-16T11:59:00Z cannot claim a controller (0.5469ms)
✔ expired/malformed lease 2026-09-16T12:00:00Z cannot claim a controller (0.2678ms)
✔ expired/malformed lease bad cannot claim a controller (0.1178ms)
✔ verifying has recorded evidence but no provider controls (0.5903ms)
✔ completed has recorded evidence but no provider controls (0.1355ms)
✔ lost has recorded evidence but no provider controls (0.1964ms)
✔ cancelled has recorded evidence but no provider controls (0.1383ms)
✔ a provider-free run and a superseded agent assignment expose no live controls (0.3118ms)
✔ runner grace and offline remain distinct; neither supplies human presence (0.2101ms)
✔ review links bind exact run/task and explain role and requester exclusion (0.5435ms)
✔ missing and historical identities never become fabricated named owners or current controllers (1.6655ms)
✔ draft cache survives surface remounts but never crosses Corp/actor/room/mission (0.3487ms)
✔ actual component navigation only requests exact context; rendering sends no commands (13.3202ms)
✔ actual disconnected component retains readable evidence with an explicit warning (1.6466ms)
✔ actual failed-refresh component distinguishes stale data from a disconnected transport (1.7879ms)
✔ actual component rejects missing receipt freshness and restores controls after a successful refresh (6.2568ms)
✔ App preserves main snapshot metadata and exact-run navigation while passing numeric receipt freshness (4.3325ms)
✔ App embeds existing scoped discussion and pins evidence before exact-run navigation (3.3317ms)
✔ late completion notifies remounted composers without clearing a newer or same-text draft (0.9197ms)
✔ late operation acknowledgment cannot clear a replacement idempotency key (178.8233ms)
✔ actual App selection never substitutes another mission after the selected record disappears (99.4085ms)
✔ actual briefing navigation has a visible destination for legacy empty descriptions (60.7312ms)
✔ verification checks do not change launch intent (1.3589ms)
✔ review navigation cannot turn its click into a form submission (0.236ms)
✔ ordinary application setup cannot silently fall back to the fake runtime (0.5157ms)
✔ composer uses two clear steps and starts with an empty goal (0.2389ms)
✔ advanced settings and detailed requirements are optional disclosures (0.7716ms)
✔ closing setup preserves the draft and returns to existing mission context (0.7173ms)
✔ explicit links to existing work reveal it without erasing an open draft (0.5602ms)
✔ native creation and explicit held-plan behavior remain unchanged (0.2237ms)
✔ review keeps the exact source and current server-derived allocation visible (0.4898ms)
✔ scope requires four explicit bounded identities and cannot mutate after submission (3.6748ms)
✔ current origin binds the exact view instance, not just equal IDs (0.6068ms)
✔ read issues exactly one encoded, uncached GET with cancellation and no body (10.6728ms)
✔ Direct accepts only exact returned linkage and drops unexpected hidden fields (1.3229ms)
✔ Factory retains only the validated work item, repository, issue number and exact URL (99.2625ms)
✔ all four response identities must echo the bound request exactly (6.8206ms)
✔ missing, malformed and older origin responses never become Direct (2.4568ms)
✔ Factory fields are required and null or missing metadata is never partly accepted (3.1102ms)
✔ Factory rejects invalid work-item identities, repository paths and issue numbers (4.6746ms)
✔ only the raw HTTPS GitHub issue URL matching returned repository and number is accepted (29.167ms)
✔ mixed-case owner/repository URLs match normalized identity and retain display case (1.3568ms)
✔ valid case-preserving repositories and positive safe issue numbers remain verbatim (0.842ms)
✔ old endpoints, denied authorization and transport failures stay unavailable without raw errors (1.6111ms)
✔ a synchronous API failure is contained and clears the read timer (0.8605ms)
✔ timeout aborts an unsettled read and suppresses both late success and late failure (0.9323ms)
✔ a settled success or failure cannot be overwritten by an already queued timeout (0.8197ms)
✔ cancellation before the scheduled read prevents even the GET (0.8772ms)
✔ in-flight cancellation ignores transports that resolve or reject after abort (0.9485ms)
✔ component reads once for a valid view and renders truthful Direct copy in one styled paragraph (13.9644ms)
✔ component links only a fully validated Factory response, not extra returned fields (2.804ms)
✔ all four operating roles may read; guests, spectators and unknown roles never request context (11.5916ms)
✔ invalid or absent scope props render the conservative fallback without requesting (14.977ms)
✔ failed exact reads preserve #185 positive or unknown fallback without inventing links or hiding failure (11.1014ms)
✔ a failed origin lookup can be retried explicitly without changing the work identities (4.0656ms)
✔ Corp, actor, room and mission changes hide old success and errors before effect cleanup (10.6819ms)
✔ late success and errors from a replaced request cannot update the current component (12.3478ms)
✔ leaving and returning to identical IDs cannot revive an earlier success or failure (2.6305ms)
✔ same-ID reopened pending requests ignore the original response and error after current denial (2.4638ms)
✔ a guest transition revokes displayed source data and returning operators must read again (1.8101ms)
✔ operating-role and API changes also invalidate old privileged context (2.1851ms)
✔ unmount cancels the read and a fresh mount with identical IDs cannot inherit its outcome (2.1312ms)
✔ one builder preserves the complete current creation payload and retained settings (2.1966ms)
✔ provider defaults, supported reasoning and commit-branch semantics match submission (1.1581ms)
✔ existing deterministic fixture semantics are not converted into provider settings (0.1809ms)
✔ scope freezes the exact serialized body and rejects an actor mismatch (0.5444ms)
✔ every request field, Corp and actor invalidate an earlier quote (0.9086ms)
✔ preview debounces, uses the exact creation body, and calls only the read-only preview POST (8.8083ms)
✔ an edit or closing the composer before debounce starts no request (0.4096ms)
✔ an invalidated request is aborted and cannot publish a late successful quote (1.7722ms)
✔ late errors after actor/Corp change or unmount cannot replace the new preview (1.3812ms)
✔ editing away and back still requires a fresh request, not a revived quote (1.1349ms)
✔ allocations are displayed verbatim from the server, not a frontend Studio formula (0.8181ms)
✔ missing or mismatched quote fields never become a current allocation (1.9105ms)
✔ an absent preview endpoint gives a useful failure state without inventing allocations (1.2338ms)
✔ preview response is bounded to eight tasks without reallocating server budgets (0.9688ms)
✔ unknown, self, duplicate and oversized dependency references remain unknown allocations (1.1061ms)
✔ retry clears an old failure immediately and can accept a fresh quote (1.8133ms)
✔ timeout clears the quote, aborts the request and ignores a late response (0.9214ms)
✔ App shares the request body, invalidates keyed preview instances and retains native Launch (6.6722ms)
✔ mission selection and Discuss use the authoritative non-first owning room (2.4216ms)
✔ mission, task, run and artifact deep links resolve to the same owning room (0.4355ms)
✔ an explicit room deep link and all-discussion view stay in that room (1.5686ms)
✔ stale, missing and older mission/room projections never fall back to the first room (0.3581ms)
✔ related work is limited to the selected room and mission, not a fixed item count (1.8561ms)
✔ messages are room-filtered before mission links and out-of-order reply ancestry (0.9405ms)
✔ valid room, mission and inherited reply submissions retain the same scope (0.7283ms)
✔ stale actor, Corp, room and mission scopes cannot submit or complete a newer draft (0.3449ms)
✔ a disappearing mission or owning room fences previously valid submissions (0.3679ms)
✔ foreign, missing or stale links and replies cannot silently become general comments (0.6853ms)
✔ guest-shaped and missing Factory projections do not establish Direct origin (0.6534ms)
✔ a mission older than the 500-item Factory window remains origin-unknown (0.404ms)
✔ a positively matched visible Factory item retains its issue attribution (0.1799ms)
✔ known publication/recovery linkage is generic when intake details are unavailable (0.4125ms)
✔ projection helpers preserve the authoritative input and do not retain hidden origin data (0.3366ms)
✔ the UI uses the tested projection and submission helpers on both discussion entry paths (15.5289ms)
✔ scope requires every explicit identity and repository and freezes the view generation (4.3499ms)
✔ the exact scope object, not equal IDs or a prior A -> B -> A view, selects the load (0.6189ms)
✔ one encoded GET is uncached, abortable and body/header/credential free (10.2883ms)
✔ published DTO retains only bound result metadata and leaves raw input untouched (2.0085ms)
✔ only explicit null publication in a correctly scoped response is known absence (3.0599ms)
✔ item and publication scope mismatches never expose links or known absence (9.14ms)
✔ publication source issue matches the work item without equating authorizer, revisions or checkpoint generations (1.5199ms)
✔ publication and artifact identity tuples plus full digests must all match (3.8278ms)
✔ missing, duplicate and unrelated-first deliverables cannot substitute a result (1.6983ms)
✔ native provenance identity, source/target branches and digests are checked without retaining authority (5.779ms)
✔ raw GitHub PR URLs allow native slash suffixes but retain exact repository and number checks (4.9053ms)
✔ owner/repository display case is preserved while full hex values compare by bytes (0.8666ms)
✔ PR state, exact head, owner, recorded metadata and phase cannot contradict each other (2.6147ms)
✔ download metadata rejects controls, external/native paths, malformed hashes and invalid sizes (9.9084ms)
✔ pending, PR-created, published and failed publication are distinct without claiming a live app (1.7833ms)
✔ only a different valid pinned run is a mismatch; same-run contradictions stay unavailable (0.6166ms)
✔ loading, denied and stale contexts cannot become a result or known absence (0.9852ms)
✔ denials, missing endpoints and sync/async transport failures stay unavailable without raw errors (1.7886ms)
✔ timeout aborts and suppresses late successes and failures without retries (1.2883ms)
✔ queued timeout callbacks cannot overwrite a settled success, absence or denial (1.0872ms)
✔ cancellation before start issues no GET; in-flight cancellation publishes no late data (0.9483ms)
✔ new same-ID generation remains unavailable after denial despite a prior response completing later (0.5595ms)
✔ requester summary does not ask for a forbidden independent decision (3.69ms)
✔ wrong-role summary explains the existing role requirement (1.8429ms)
✔ eligible independent reviewer keeps the review invitation (1.6155ms)
✔ human gate without requester exclusion still allows the requester (1.5345ms)
✔ completed result does not inherit a pending-review restriction (1.589ms)
✔ fresh human-only bootstrap can select a runner runtime before any crew exists (3.6497ms)
✔ retired and legacy identities neither enable nor suppress advertised runtimes (0.458ms)
✔ studio requires the exact selected source on a connected runner, not another repository (0.5313ms)
✔ source repository and commit matching are case-insensitive but ref matching is exact (0.2958ms)
✔ unavailable runtimes and non-runtime capabilities are not mission options (1.1919ms)
✔ catalog merging prefers an enabled model without changing the source snapshot (0.6534ms)
✔ unscoped status and crew include ready connection-bound runtimes, but dispatch keeps its exact binding (0.8332ms)
✔ studio always selects Copilot even when another runtime was requested (0.2171ms)
✔ studio does not fall back to another provider or an unavailable Copilot runtime (0.4423ms)
✔ solo selection and deterministic fixtures retain their runtime contracts (0.4521ms)
✔ a disappearing explicit runtime cannot silently switch provider with stale model settings (0.2065ms)
✔ studio uses enabled Copilot model settings or an explicit provider default (0.2422ms)
✔ fixtures ignore hidden provider model settings (0.1262ms)
✔ normal UI bootstrap opts out of seeded crew without changing fixture tooling (14.3833ms)
✔ runtime character descriptors match the shipped manifest, PNG dimensions, and original file bytes (108.8702ms)
✔ named characters and stable worker identities retain their appearance across reordered snapshots (0.9677ms)
✔ numeric roster positions wrap without producing missing characters, and invalid numbers use the default (0.3111ms)
✔ walking uses the original three poses in a 0,1,2,1 cycle at the 150ms boundaries (0.578ms)
✔ idle, typing, reading and facing use the actual source-sheet rows and columns (0.383ms)
✔ invalid or negative animation time selects the first pose without invalid source coordinates (0.2325ms)
✔ every animation and direction remains inside a real sheet after long-running animation (0.4342ms)
✔ default floor distinguishes connected workers from offline and test registrations (2.3873ms)
✔ omitted and null retirement fields keep legacy and mission identities available (0.2246ms)
✔ every non-null retirement excludes an identity regardless of pin, date, or reported work (0.403ms)
✔ retired identity remains resolvable in the unmodified historical snapshot (1.1036ms)
✔ retiring the selected agent falls back to current crew, including the empty-roster case (0.3239ms)
✔ pagination filters retirement before assigning seats without mutating order (0.4327ms)
✔ idle does not become working or reviewing from a stale station or pending run request (0.2964ms)
✔ working and blocked status still derive from exact server state and current-run requests (0.2339ms)
✔ #154: a selected worker on a later studio is located on initial mount and selection changes (0.5322ms)
✔ #154: studio lookup follows retirement repagination, not stale seat indexes (0.3751ms)
✔ #154: manual paging survives snapshots, but another selected agent resets page and zoom (0.4505ms)
✔ #154: retirement moving the selected agent to a different page resets the camera (0.1997ms)
✔ #154: mounting or remounting the same starting run never fabricates an arrival (0.1827ms)
✔ #154: only an observed new active run can animate once, and reduced motion wins (0.276ms)
✔ #154: blocked work takes recovery priority over both idle and ordinary active work (0.4785ms)
✔ #154: exact approvals keep priority, and only an unblocked empty floor offers new work (0.1639ms)
✔ history inspectors retain the full snapshot while the floor uses current identities (16.2608ms)
✔ Factory activity prioritizes the exact outcome review, then tool approval, before newer work (3.0452ms)
✔ selection ignores terminal, denied and foreign tool approvals without inventing a run (0.2764ms)
✔ terminal runs cannot become reviewable or active from dangling pending decision records (27.1149ms)
✔ live task, agent, control, timestamps and safe activity come from one scope without mutation (1.4163ms)
✔ a stale Running intake never claims that a cancelled provider is active (1.1976ms)
✔ pending exact-run outcome review is distinct from an active provider and completion (0.7515ms)
✔ tool authority and unavailable decision context do not become outcome approval (1.8445ms)
✔ a completed run is not automatically a completed mission or published application (1.0504ms)
✔ retained data cannot claim current execution: {"connection":"offline"} (0.7676ms)
✔ retained data cannot claim current execution: {"connection":"connecting"} (0.8316ms)
✔ retained data cannot claim current execution: {"snapshotFailed":true} (0.588ms)
✔ retained data cannot claim current execution: {"snapshotReceivedAt":null} (0.412ms)
✔ grace, offline and wrong-Corp runner records cannot establish provider liveness (3.3772ms)
✔ runner loss and uncertain teardown remain unknown until a positive termination receipt (1.3129ms)
✔ verifier-only runs never appear as a running model (0.5527ms)
✔ quarantine and protected stops stay prominent even with stale transport (1.2541ms)
✔ failed verification, cancelled work and unknown execution modes remain explicit (1.0316ms)
✔ missing, duplicate or foreign task context cannot fall back to another run (0.8273ms)
✔ activity is scoped, deduplicated, ordered, bounded and never reveals raw payloads (2.0526ms)
✔ missing start, invalid clocks and backwards timestamps do not invent a duration (0.9241ms)
✔ expired leases and foreign attribution do not display an active controller (0.9746ms)
✔ actual React detail component reuses current classes, native disclosure and escaped text (19.0154ms)
✔ the Factory integration uses the existing exact-run selector, scoped snapshot and old callbacks (2.3447ms)
✔ a burst of 1000 streamed events schedules one snapshot instead of 1000 requests (2.2378ms)
✔ events arriving during a request produce exactly one trailing snapshot (5.2955ms)
✔ the final event during the trailing request is not dropped (1.1959ms)
✔ disposing before a scheduled refresh prevents any fetch (0.4009ms)
✔ disposing an actor/Corp scope aborts its request and drops trailing work (2.2958ms)
✔ refresh failures are handled and a later event can still refresh (1.0764ms)
✔ a disposed scope does not report an obsolete aborted read as a new UI error (0.9221ms)
✔ websocket events use the coalescer and cleanup cancels its read scope (5.536ms)
✔ initial connection is bounded, cancellable and offers retry rather than mission restart (5.4453ms)
✔ actual App presence polling only runs for open connection-dependent views, without reconnecting the event socket (218.5588ms)
✔ artifact defaults retain the current wire shape and do not share mutable values (3.4636ms)
✔ file defaults retain the current wire shape and do not share mutable values (0.2641ms)
✔ command defaults retain the current wire shape and do not share mutable values (0.2719ms)
✔ test defaults retain the current wire shape and do not share mutable values (0.2494ms)
✔ json_schema defaults retain the current wire shape and do not share mutable values (1.4457ms)
✔ screenshot defaults retain the current wire shape and do not share mutable values (0.1825ms)
✔ check summaries preserve paths, argument boundaries, byte floors, JSON keys, and rounded timeouts (17.4811ms)
✔ array summaries distinguish item boundaries and preserve exact argument and key values (0.5173ms)
✔ byte-counted summaries use singular byte only for the one-byte floor (0.2548ms)
✔ empty and oversized policies remain invalid, with the 16-check boundary accepted (0.4869ms)
✔ invalid byte floor 0 is reported for every byte-counted check (0.2631ms)
✔ invalid byte floor -1 is reported for every byte-counted check (0.1167ms)
✔ invalid byte floor NaN is reported for every byte-counted check (0.2048ms)
✔ invalid byte floor Infinity is reported for every byte-counted check (0.1275ms)
✔ validation preserves check order and reports missing paths, programs, timeout bounds, and JSON keys (0.3895ms)
✔ manual gates require allowed roles without changing requester-exclusion semantics (0.2458ms)
✔ preserves the existing advisory-validator scope; server schema/path authorization remains authoritative (0.6263ms)
✔ check transformations create new drafts while retaining unchanged evidence checks and gate identity (0.3488ms)
✔ gate transitions preserve checks and retain current deliberate resets even when reselecting a gate type (0.2793ms)
✔ verification labels retain their current wording and fallback formatting (0.2062ms)
✔ WorkResultCard exposes its status and supplied content with metadata collapsed by default (11.137ms)
✔ ready PR retains its exact URL and only an explicit download invokes the matching callback (13.3197ms)
✔ loading, unavailable and no-publication states do not fabricate a PR or perform actions (4.5107ms)
✔ a historical review mismatch changes selection only through explicit Go to delivered result (3.5364ms)
✔ an unavailable delivered-run target preserves the historical selection and only offers refresh (212.2273ms)
✔ a failed publication with a recorded PR remains inspectable without being labeled Published (9.0183ms)
✔ Published is not merged or deployed and its collapsed details never invent a running preview (6.2045ms)
✔ expired artifact retention does not hide an existing PR or replace server download validation (11.8872ms)
✔ actual hook hides prior result before cleanup and aborts on each exact scope change (44.7786ms)
✔ actual hook fences late success and failure before cleanup and after replacement (18.3654ms)
✔ actual hook close and reopen with identical IDs cannot revive old ready or pending data (17.3978ms)
✔ actual hook treats positive revision as one refresh hint and never retries failure on render (36.576ms)
✔ actual App origin-unavailable branch offers manual Refresh work context with no PR CTA (13.9693ms)
✔ actual App first-hop retry exposes the authorized result without moving pinned evidence (31.9679ms)
✔ actual App fallback reports unavailable review details for an unresolved run or request (17.472ms)
✔ actual work pickers retain a deep-linked historical mission outside the recent eight (88.1891ms)
✔ actual work pickers do not duplicate a recent selection or invent an absent mission (56.0065ms)
✔ related work includes the third mission, task, run and artifact (1.8841ms)
✔ work links name the actual work rather than presenting only opaque IDs (0.265ms)
✔ related options deduplicate repeated snapshot references (0.2715ms)
✔ mission discussion retains nested replies, including out-of-order snapshots (2.4034ms)
✔ task, run and artifact comments inherit the owning mission only (0.3656ms)
✔ unlinked cycles and missing ancestors cannot manufacture mission context (0.2623ms)
✔ context helpers leave authoritative messages and work objects unchanged (0.3107ms)
✔ work selection follows the owning authorized mission and rejects unknown links (0.3853ms)
✔ human review and automated verification are not advertised as live model sessions (0.3165ms)
✔ enterprise task labels explain the legacy studio lane keys (0.3734ms)
✔ review eligibility explains requester exclusion without bypassing the policy (0.4377ms)
✔ a pending evidence review selects its run rather than a newer active worker (0.2639ms)
✔ a tool-approval wait cannot hide a different pending evidence review (0.163ms)
✔ review selection rejects mismatched tasks, terminal runs and non-pending requests (0.2067ms)
✔ explicit evidence selection stays bound to that run and cannot inherit another review (0.2027ms)
✔ unselected evidence follows remaining reviews and retains snapshot order without mutation (0.2087ms)
✔ a decided run remains selected until the operator deliberately chooses the next review (0.159ms)
✔ mission UI binds evidence and decisions and pins the target before submitting (13.888ms)
✔ runner revision is stable for reordered equivalent records without sorting the input (2.5644ms)
✔ runner revision ignores heartbeat, display and capability churn (0.2491ms)
✔ runner revision changes only when lifecycle identity or presence records change (0.2984ms)
✔ offline presence requests revalidation without rewriting endpoint readiness (0.4786ms)
✔ reconnect mismatch remains a hint until the endpoint itself returns ready presence (0.3139ms)
✔ unknown presence is false and same-ID foreign runners cannot supply presence (1.1759ms)
✔ presence hints never promote or erase native sign-in and installation states (0.6065ms)
✔ revision and presence helpers leave source, models, identity and selection immutable (0.6432ms)
✔ saved choice and source remain present while its machine is offline (0.3442ms)
✔ ready metadata alone cannot borrow another connection or source for dispatch (0.577ms)
✔ connection UI identity is scoped to actor and room (0.2872ms)
✔ native sign-in instructions cannot navigate to another host or credential-bearing URL (0.2768ms)
✔ accepts matching current contracts, aliases, CRLF and historical prose outside markers (78.5297ms)
✔ rejects added source validation command and reports expected and actual (48.1678ms)
✔ rejects removed source validation command and reports expected and actual (62.3987ms)
✔ rejects reordered source validation command and reports expected and actual (50.1633ms)
✔ rejects changed documented commands; correcting the documented sequence restores passing (86.6373ms)
✔ accepts quoted literal Node globs through aliases while preserving quoted versus shell-expanded arguments (88.1413ms)
✔ rejects a source SDK bump until both current compatibility docs are updated (75.6931ms)
✔ rejects a source CLI bump until both current compatibility docs are updated (56.8362ms)
✔ rejects missing opening marker instead of silently dropping a required documentation contract (53.0818ms)
✔ rejects missing closing marker instead of silently dropping a required documentation contract (44.1545ms)
✔ rejects duplicate block instead of silently dropping a required documentation contract (45.1195ms)
✔ rejects reversed markers instead of silently dropping a required documentation contract (55.4309ms)
✔ rejects inline marker instead of silently dropping a required documentation contract (47.8768ms)
✔ requires every current runtime contract and a single SDK and CLI claim inside each (53.3417ms)
✔ rejects missing root alias in the authoritative command sequence (69.604ms)
✔ rejects cyclic root aliases in the authoritative command sequence (59.0527ms)
✔ rejects shell pipeline in the authoritative command sequence (60.9545ms)
✔ rejects quoted shell expansion in the authoritative command sequence (59.6654ms)
✔ rejects empty command in the authoritative command sequence (63.8003ms)
✔ rejects unsupported alias arguments in the authoritative command sequence (54.9952ms)
✔ rejects unknown documented aliases and malformed command fences (54.3224ms)
✔ reports missing required documents and an invalid source manifest without silently skipping them (43.6376ms)
✔ fails closed for unconstrained SDK dependency (53.7655ms)
✔ fails closed for SDK pin in wrong table (45.1571ms)
✔ fails closed for duplicate SDK declaration (49.5229ms)
✔ fails closed for missing named runtime constant (64.6504ms)
✔ fails closed for duplicate runtime constant (64.5905ms)
✔ relocated CLI resolves its own repository, executes no documented command, and exits nonzero for drift (343.2819ms)
✔ checkpoint fixture produces a complete, independently tested local application (361.7249ms)
✔ read-only executable hashing accepts Cargo/Git hardlinks without relaxing source isolation (26.7826ms)
✔ exact terminal metadata produces actionable failure and missing-evidence findings using GET only (21.8317ms)
✔ listed artifact is run-scoped metadata and never establishes content or attempt verification (2.3623ms)
✔ refuses active parent (0.9649ms)
✔ refuses wrong repository (0.551ms)
✔ refuses foreign head repository (0.5745ms)
✔ refuses different workflow (0.4687ms)
✔ refuses different head (0.4151ms)
✔ refuses different attempt (0.3673ms)
✔ refuses job from other attempt (0.8261ms)
✔ refuses job from other head (0.9985ms)
✔ refuses duplicate job (0.6497ms)
✔ refuses unfinished job (0.4336ms)
✔ refuses foreign artifact (0.5234ms)
✔ refuses excess artifacts (1.5245ms)
✔ complete bounded job pagination is required and supported (8.9847ms)
✔ pagination total drift and final run drift refuse a completed observation (1.4636ms)
✔ expired artifacts and unexplained parent failure remain reviewable rather than passing (1.0378ms)
✔ same-source replay is a no-op; changed facts retain revisions and mark no-longer-observed findings (4.554ms)
✔ previous hash tampering refuses before network reads (0.2758ms)
✔ forged previous findings fail integrity or semantic reconstruction; source changes require a new scope (4.0337ms)
✔ newer prior observations and attempts do not flow backward (3.3342ms)
✔ secret-bearing fields and supplied links never enter a receipt or executable Markdown (1.2405ms)
✔ native read budget rejects alternate endpoints, oversized metadata and late responses (1.3368ms)
✔ omitting all required jobs cannot turn one replacement success job into a complete maintenance result (0.8763ms)
✔ required skipped job needs review even when an earlier run artifact is listed (0.7153ms)
✔ required neutral job needs review even when an earlier run artifact is listed (0.6555ms)
✔ failed GETs consume the finite shared admission budget without retries (0.726ms)
✔ CLI writes new bounded files and refuses output reuse; failures retain no raw API error (57.0292ms)
✔ hosted context binds default observer branch, event and exact parent; local mode makes no hosted claim (13.1051ms)
✔ CLI accepts only bounded exact selection and a complete prior pin (0.5291ms)
✔ CI workflow: exact Windows runner failure produces a scoped read-only handoff (1.5427ms)
✔ CI workflow: complete successful jobs need only their own declared report artifacts (1.1347ms)
✔ CI workflow: required artifact-free jobs remain required and must execute (1.2033ms)
✔ Repository checks retains its published contract and previous-receipt no-op semantics (1.7598ms)
✔ CI completeness refuses skipped artifact-free required jobs (1.1399ms)
✔ CI completeness refuses neutral artifact-free required jobs (1.9124ms)
✔ CI completeness rejects replacement jobs and requires only CI report metadata (2.2972ms)
✔ CI observation is not a parent-pass claim and does not inspect diagnostic artifacts (1.7956ms)
✔ workflow profiles cannot reuse each other's receipts even at the same source (4.7483ms)
✔ CI identity refuses unknown workflow path (0.4474ms)
✔ CI identity refuses workflow-ID substitution (0.2281ms)
✔ CI identity refuses workflow-name substitution (0.2145ms)
✔ CI identity refuses workflow-path substitution (0.2091ms)
✔ CI identity refuses foreign repository (0.2834ms)
✔ CI identity refuses fork head repository (0.3498ms)
✔ CI identity refuses wrong source head (0.7371ms)
✔ CI identity refuses wrong attempt (0.2006ms)
✔ CI identity refuses active CI parent (0.2037ms)
✔ reader allowlist admits exactly the two workflow metadata routes (0.3238ms)
✔ hosted CI event binds workflow identity to the selected native parent (44.6906ms)
✔ workflow trigger keeps trusted observer checkout and read-only scopes for both producers (2.3949ms)
✔ consumer rereads native state using trusted routing and tolerates only observation timing changes (6.7188ms)
✔ consumer refuses task contract revision drift in a fresh observation (1.5577ms)
✔ consumer refuses source base commit drift in a fresh observation (0.8551ms)
✔ consumer refuses verifier digest drift in a fresh observation (0.966ms)
✔ consumer refuses another actor scope drift in a fresh observation (1.7702ms)
✔ explicit run and mode selections fail before contacting a server (1.052ms)
✔ denied or unavailable current data does not fall back to a previously passing receipt (0.6306ms)
✔ a matching failed native outcome cannot be consumed as accepted completion (0.7316ms)
✔ file consumption requires the exact expected byte hash and a bounded valid receipt (24.0753ms)
✔ receipt file reads accumulate short native reads before validating bytes (16.7145ms)
✔ receipt file truncate during short reads fails before parsing (7.3493ms)
✔ receipt file grow during short reads fails before parsing (12.7814ms)
✔ framed stat metadata survives arbitrary chunk boundaries without payload disclosure (2.7757ms)
✔ unrelated RPCs and read-file contents are not recorded (1.1288ms)
✔ a response ID type change is visible without recording identifier values (0.4017ms)
✔ oversized frames are skipped without parsing nested payload text as requests (0.3428ms)
✔ optional wire observation forwards exact bytes and drains the child (326.4074ms)
✔ a matching request needs a durable rejection and settled run (1.5074ms)
✔ terminal provider without permission is inconclusive, never a pass (1.1328ms)
✔ a rejected but unrelated permission does not satisfy the requested boundary (0.2517ms)
✔ approval acceptance, expiry or missing persisted decision cannot pass (0.4099ms)
✔ a decision or final run from another identity is rejected (0.3374ms)
✔ a provider that has not settled cannot pass the boundary (0.255ms)
✔ all independent boundary results are required for complete coverage (1.6212ms)
✔ later passing cases remain visible after an earlier inconclusive case (0.2705ms)
✔ duplicate, unknown and malformed results cannot manufacture complete coverage (1.5697ms)
✔ accepts an exact seed and credential-free children of the owned runner (2.95ms)
✔ a marker elsewhere or an arbitrary GITHUB_TOKEN is not a proven seed (1.1935ms)
✔ absent, ambiguous or foreign runner seed records cannot establish the precondition (1.1654ms)
✔ runner seed booleans must be explicit, not truthy or absent (1.7174ms)
✔ missing spawn and undefined parent IDs cannot accidentally correlate (0.3901ms)
✔ runner spawn must be unique, current and tied to the owned observer (0.6628ms)
✔ a seed observed only after runner spawn cannot prove the launch precondition (0.2801ms)
✔ missing or foreign provider observations cannot satisfy the required count (1.1935ms)
✔ a wrong-parent provider is rejected rather than silently filtered out (0.3595ms)
✔ provider identity and absence booleans must be explicit and valid (1.1191ms)
✔ missing ownership and zero or malformed minimums never allow a vacuous pass (0.5721ms)
✔ actual successful relative, absolute and round-trip view results are required (1.8399ms)
✔ provider self-report and final file existence are not native-read evidence (1.0641ms)
✔ a missing absolute read or readback cannot pass (0.9265ms)
✔ missing-file errors and successful-but-wrong content remain failures (0.4612ms)
✔ wrong-session or conflicting tool results cannot manufacture evidence (1.1513ms)
✔ an external path with the same filename is not the assigned seed (0.2391ms)
✔ an incomplete stream is explicitly incomplete, not successful empty coverage (0.1643ms)
✔ runner observation proves the synthetic credential was inherited (262.2361ms)
✔ a missing seed fails before starting a runner (148.7337ms)
✔ provider observation confirms removal before invoking the real binary (241.8583ms)
✔ an inherited provider credential fails before any provider execution (167.4693ms)
✔ a marker under another key cannot hide a missing runner GITHUB_TOKEN seed (156.6733ms)
✔ a different token plus an unrelated marker cannot manufacture an exact runner seed (155.6434ms)
✔ a provider token other than the canary is still rejected before child execution (135.2569ms)
✔ a provider canary under another key remains a failing credential boundary (140.136ms)
✔ uninvoked production modules remain in the coverage denominator with zero hits (15.3746ms)
✔ missing production files cannot produce a passing partial coverage result (0.7343ms)
✔ duplicate and out-of-scope files cannot inflate the denominator (1.5897ms)
✔ missing, duplicate and impossible native counts are rejected (0.4977ms)
✔ truncated records are never accepted as completed coverage evidence (0.3114ms)
✔ zero available branches are reported as not applicable instead of fabricated 100 percent (0.3926ms)
✔ issue195 public receipt binds parent binaries, pinned runtime identity, and distinct task source (8.1652ms)
✔ explicit current fixture hash, suspend tokens, and missing-artifact switch normalize without disk reads (1.5316ms)
✔ rebuilt server/runner receipt hashes and an explicit rebuilt CLI hash remain valid and bound (4.5309ms)
✔ all required options are explicit; help is inert (1.3316ms)
✔ every duplicate value option and duplicate boolean switch fails closed (2.2699ms)
✔ unknown targets, positionals, missing operands, and equals-form options are rejected (0.7569ms)
✔ configuration rejects old issue190 (0.2972ms)
✔ configuration rejects string issue number (0.201ms)
✔ configuration rejects parent rather than candidate code (0.2397ms)
✔ configuration rejects runtime commit used as task source (0.4058ms)
✔ configuration rejects unpinned source ref (0.2879ms)
✔ configuration rejects another runner (0.1818ms)
✔ configuration rejects unowned receipt (0.4868ms)
✔ configuration rejects not-running supervisor (0.3017ms)
✔ configuration rejects missing owner (0.3822ms)
✔ configuration rejects invalid owner (0.3166ms)
✔ configuration rejects changed code checkout (0.6185ms)
✔ configuration rejects changed source checkout (0.2117ms)
✔ configuration rejects changed worktree root (0.198ms)
✔ configuration rejects invalid server digest (0.2241ms)
✔ configuration rejects invalid runner digest (0.2932ms)
✔ configuration rejects executable substitution (0.3786ms)
✔ configuration rejects binary outside owned bin (0.421ms)
✔ configuration rejects missing public process (0.2238ms)
✔ configuration rejects wrong process role (0.3269ms)
✔ configuration rejects wrong process workspace (0.3968ms)
✔ configuration rejects invalid process pid (0.42ms)
✔ configuration rejects invalid process start (0.3447ms)
✔ synthetic VerifyRun evidence distinguishes awaiting independent review from accepted completion (13.8494ms)
✔ forced commit_branch export rejection is a named failure, never archive bypass or approval (3.165ms)
✔ missing-required-provider-Artifact negative shares the native checks without inventing bytes (3.1746ms)
✔ assessRecovery refuses original usage rewritten (3.0601ms)
✔ assessRecovery refuses original output history changed (2.2654ms)
✔ assessRecovery refuses provider-attempt counter reset (2.5297ms)
✔ assessRecovery refuses provider-attempt maximum changed (1.9379ms)
✔ assessRecovery refuses source incident changed (2.106ms)
✔ assessRecovery refuses checkpoint authority absent (2.3033ms)
✔ assessRecovery refuses different context source (1.8588ms)
✔ assessRecovery refuses budget reset hidden in context (1.9196ms)
✔ assessRecovery refuses another native recovery (1.8224ms)
✔ assessRecovery refuses source-correction instead of verification (2.2439ms)
✔ assessRecovery refuses recovery contract revision (1.7262ms)
✔ assessRecovery refuses changed recovery reason (1.8017ms)
✔ assessRecovery refuses weakened replacement policy (1.7105ms)
✔ assessRecovery refuses new provider session (2.3823ms)
✔ assessRecovery refuses allocated model tokens (2.6267ms)
✔ assessRecovery refuses allocated model cost (2.5414ms)
✔ assessRecovery refuses consumed input tokens (1.7431ms)
✔ assessRecovery refuses consumed output tokens (1.8969ms)
✔ assessRecovery refuses consumed model cost (2.1811ms)
✔ assessRecovery refuses different workspace root run (1.6791ms)
✔ assessRecovery refuses replacement workspace not preserved (1.9952ms)
✔ assessRecovery refuses replacement fingerprint changed (1.9692ms)
✔ assessRecovery refuses invented provider artifact (3.2297ms)
✔ assessRecovery refuses provider event outside snapshot window (1.9728ms)
✔ assessRecovery refuses native command acknowledgment missing (1.7671ms)
✔ assessRecovery refuses missing native app check (1.8506ms)
✔ assessRecovery refuses evidence kind mismatch (2.3579ms)
✔ assessRecovery refuses independent-review self-approval (1.8269ms)
✔ assessRecovery refuses accepted run before gate decision (1.9085ms)
✔ assessRecovery refuses missing factory completion event (1.3873ms)
✔ assessRecovery refuses empty source deliverable (1.9723ms)
✔ assessRecovery refuses wrong deliverable provenance (2.2767ms)
✔ download validation uses in-memory bytes and checks payload digests without claiming a browser test (3.3087ms)
✔ configuration refuses target http://localhost:18574 (0.2749ms)
✔ configuration refuses target https://127.0.0.1:18574 (0.1249ms)
✔ configuration refuses target http://127.0.0.1:18574/ (0.1165ms)
✔ configuration refuses target http://127.0.0.1:18575 (0.0983ms)
✔ configuration refuses target http://127.0.0.1:8791 (0.1325ms)
✔ configuration refuses target http://127.0.0.1:18574/api (0.145ms)
✔ configuration refuses target http://127.0.0.1:18574?x=1 (0.116ms)
✔ configuration refuses target http://example.invalid:18574 (0.1ms)
✔ configuration refuses target http://user:password@127.0.0.1:18574 (0.0962ms)
✔ configuration refuses target http://[::1]:18574 (0.0936ms)
✔ absolute path and owned-output boundaries reject aliases, devices, UNC, ADS, and root reuse (3.3481ms)
✔ explicit independent reviewer, valid digest, and bounded numeric options are mandatory (6.2788ms)
✔ reports expose hashes and constrained identity, never receipt metadata or provider output (1.5896ms)
✔ saved report cannot adopt changed authority, extra fields, or identities without prior intent (5.0572ms)
✔ baseline and journal never consult the bounded snapshot.events window (24.7597ms)
✔ baseline preserves every pre-existing missions record (1.1829ms)
✔ baseline preserves every pre-existing tasks record (0.7748ms)
✔ baseline preserves every pre-existing runs record (0.839ms)
✔ baseline preserves every pre-existing factory_work_items record (0.7802ms)
✔ baseline preserves every pre-existing factory_verification_recoveries record (0.9669ms)
✔ baseline preserves every pre-existing verification_evidence record (0.778ms)
✔ baseline preserves every pre-existing verification_requests record (0.8619ms)
✔ baseline preserves every pre-existing source_deliverables record (0.8816ms)
✔ baseline preserves every pre-existing mission_contract_revisions record (1.6712ms)
✔ baseline preserves every pre-existing mission_budget_revisions record (0.85ms)
✔ baseline preserves every pre-existing action_approvals record (1.1706ms)
✔ baseline preserves every pre-existing circuit_breaker_incidents record (0.9249ms)
✔ baseline permits additive rows and events while forbidding live work and missing history tables (1.708ms)
✔ journal requires exact Ready watermark, ordered unique same-Corp events, and bounded count (0.8107ms)
✔ buildPlan is deterministic, fresh, output-owned, and mirrors one ready synthetic issue (1.308ms)
✔ factory argv remains pinned and recovery only appends the exact checkpoint mode and recorded reason (1.5797ms)
✔ persisted app, base-file, exact hash command and independent-review checks cannot be replaced by Artifact (8.5056ms)
✔ checkpoint digests use Rust field order, preserve app policy, and retain forced commit_branch authority (0.7489ms)
✔ invokeFactory uses only injected child I/O, a bounded timeout, and a non-inherited environment (0.9151ms)
✔ invokeFactory never retries an uncertain execution or logs raw stdout/stderr (2.1234ms)
✔ explicit Windows assessment preserves historical paths on every host (3.3954ms)
✔ default host assessment still rejects foreign path namespaces (1.1201ms)
✔ assessOriginal binds native stop from full replay, not snapshot.events (1.9237ms)
✔ assessOriginal binds native suspend from full replay, not snapshot.events (2.3273ms)
✔ assessOriginal rejects provider attempt increment without accepting or replacing work (1.5019ms)
✔ assessOriginal rejects attempt ceiling revision without accepting or replacing work (0.8104ms)
✔ assessOriginal rejects current budget revision without accepting or replacing work (0.7633ms)
✔ assessOriginal rejects original budget rewrite without accepting or replacing work (0.7669ms)
✔ assessOriginal rejects persisted hash verifier removal without accepting or replacing work (0.7348ms)
✔ assessOriginal rejects manual gate weakening without accepting or replacing work (0.8044ms)
✔ assessOriginal rejects contract source replacement without accepting or replacing work (0.8182ms)
✔ assessOriginal rejects write scope replacement without accepting or replacing work (0.8516ms)
✔ assessOriginal rejects archive bypass of forced commit_branch without accepting or replacing work (0.9017ms)
✔ assessOriginal rejects provider secret authority without accepting or replacing work (1.1615ms)
✔ assessOriginal rejects extra provider run without accepting or replacing work (1.2851ms)
✔ assessOriginal rejects extra task without accepting or replacing work (1.3966ms)
✔ assessOriginal rejects changed factory owner without accepting or replacing work (0.7299ms)
✔ assessOriginal rejects changed issue revision without accepting or replacing work (0.6783ms)
✔ assessOriginal rejects wrong assigned runner without accepting or replacing work (0.7753ms)
✔ assessOriginal rejects producer reviewing itself without accepting or replacing work (0.7122ms)
✔ assessOriginal rejects source-checkout execution without accepting or replacing work (0.9073ms)
✔ assessOriginal rejects quarantined checkpoint without accepting or replacing work (0.7329ms)
✔ assessOriginal rejects loop-counter change without accepting or replacing work (0.7225ms)
✔ assessOriginal rejects rewritten usage without accepting or replacing work (1.1167ms)
✔ assessOriginal rejects invented provider artifact without accepting or replacing work (0.7974ms)
✔ assessOriginal rejects checkpoint missing without accepting or replacing work (0.9248ms)
✔ assessOriginal rejects checkpoint policy digest changed without accepting or replacing work (1.3662ms)
✔ assessOriginal rejects provider still alive without accepting or replacing work (0.9033ms)
✔ assessOriginal rejects budget command not acknowledged without accepting or replacing work (0.8688ms)
✔ assessOriginal rejects budget incident missing without accepting or replacing work (0.8362ms)
✔ assessOriginal rejects previously recorded run missing without accepting or replacing work (0.7626ms)
✔ assessOriginal rejects accepted provider progress hidden before snapshot window without accepting or replacing work (0.7946ms)
✔ suite pauses for native browser review by default and only observes external approval on continuation (47.6896ms)
✔ suite retains native forced-commit export failure and performs no review, download, or policy bypass (19.4953ms)
✔ suite missing-Artifact negative is explicit rejection, not verified delivery or fabricated provider evidence (21.078ms)
✔ --continue cannot create a baseline or begin an unrecorded mutation (10.0282ms)
✔ unknown create response is never retried; continuation times out without adopting replacement work (37.1868ms)
✔ lost create response reconciles the exact item/run, but --continue cannot authorize recovery (12.9579ms)
✔ lost recovery response binds the recorded replacement; continuation only pauses for its exact browser gate (19.8483ms)
✔ external browser approval completes exact recorded work without retries or erasing earlier failure history (36.1796ms)
✔ suite never mutates when independent reviewer is missing (3.4014ms)
✔ suite never mutates when independent reviewer is not human (3.4431ms)
✔ suite never mutates when independent reviewer is unauthorized role (3.494ms)
✔ suite never mutates when independent reviewer is guest (4.6012ms)
✔ suite never mutates when independent reviewer is wrong Corp (3.3324ms)
✔ failed intent persistence or changed parent inputs prevents the corresponding native effect (24.2179ms)
✔ a colliding synthetic item without saved create intent is never adopted or mutated (5.8864ms)
✔ wrong physical base bytes stop before recovery; tampered downloads stop without another attempt (52.6966ms)
✔ --continue fails closed when recorded work disappears, with no new mission or native retry (29.1509ms)
✔ explicit browser-review flag preserves the default two-step flow without a scripted-review mode (12.1207ms)
✔ browser-review pause cannot be continued with substituted gate identities or reviewer (15.2824ms)
✔ production I/O exposes no review POST and confines injected requests to exact GET routes (29.8274ms)
✔ runtime factory adapter never retries an ambiguous injected CLI call (1.0215ms)
✔ server-upgrade option is explicit, continue-only, and confined to the owned runtime directory (14.4637ms)
✔ server-only upgrade retains the original binding/failure and separately records server provenance read-only (25.0159ms)
✔ upgrade rejects runner/web/CLI changes, a mismatched old binding, and conflicting server provenance (18.0695ms)
✔ same-verifier native checkpoint re-attestation accepts a real run_id-only VerificationRequest (2.3445ms)
✔ checkpoint re-attestation cannot target another run, duplicate an ACK, or permit provider usage (3.1171ms)
✔ strict phase parsing and explicit opt-in (4.6253ms)
✔ reject manual/default/aliased ports, credentials, ambiguous URLs and mismatched environment before API access (6.0157ms)
✔ verification is GET-only and no phase can call decision/reset/bootstrap/foreign-Corp routes (1.9257ms)
✔ prepare → newer approved → isolated replay observation → explicit older approval → automatic synthesis (100.2953ms)
✔ lost create response adopts exact marker without sending a second create (19.7882ms)
✔ unknown create that never arrived fails closed, never creates a replacement (3.155ms)
✔ lost revision response replays the exact native UUID and preserves only two revisions (44.2481ms)
✔ lost launch response recovers exact root IDs by readback, never dispatches again (22.3528ms)
✔ wrong source/pinned staffing/non-quiescent fixture rejected before any POST (2.2273ms)
✔ cannot skip intermediate observation or approve the older run first (43.2988ms)
✔ exact reviewer attribution, artifact binding and no second decision are enforced (75.0783ms)
✔ duplicate decision event and journal rollover cannot pass as replay isolation (43.7906ms)
✔ checkpoint fixture mismatch and modified pre-existing rows are rejected (31.4118ms)
✔ failed artifact download is rechecked on prepare resume without more POSTs (21.2328ms)
✔ linux: native unavailable admission is a verified refusal, not provider success (297.4601ms)
✔ darwin: native unavailable admission is a verified refusal, not provider success (266.7017ms)
✔ Windows: an unavailable provider remains a failure (258.3638ms)
✔ Unix: accidentally accepting an unsupported provider fails the contract (227.768ms)
✔ Unix: an unrelated admission failure cannot stand in for containment refusal (243.6807ms)
✔ Unix: a refusal with a persisted run is rejected (281.058ms)
✔ Unknown runner platforms fail before resetting a fixture (159.2185ms)
✔ A Linux expectation cannot conceal an unavailable Windows runner (203.5482ms)
✔ Unknown reported runner OS fails before creating provider work (229.2019ms)
✔ An owned child stuck on HTTP is reaped before fixture cleanup (2033.7811ms)
✔ explicit CLI and parent runtime receipt reuse retain owner/source/process binding (7.6234ms)
✔ additive request changes only the fixture case, keeps native 5000 authority and no delivery/resume (0.6522ms)
✔ shared client sends exact additive create/launch bodies without retries or extra routes (28.4555ms)
✔ pure native trace accepts actual ACK before failure/termination without prescribing that order (6.5542ms)
✔ pure native trace accepts actual ACK between failure/termination without prescribing that order (2.6609ms)
✔ pure native trace accepts actual ACK after failure/termination without prescribing that order (1.4832ms)
✔ pure evidence rejection: missing actual artifact rejection (1.1741ms)
✔ pure evidence rejection: unrelated failure (0.9326ms)
✔ pure evidence rejection: termination before failure is not the race (1.6257ms)
✔ pure evidence rejection: missing termination is not success (1.673ms)
✔ pure evidence rejection: missing ACK remains unproven (0.9453ms)
✔ pure evidence rejection: wrong command correlation (1.0821ms)
✔ pure evidence rejection: wrong ACK runner (0.9561ms)
✔ pure evidence rejection: foreign session event scope (0.7261ms)
✔ pure evidence rejection: non-native event attribution (1.0106ms)
✔ pure evidence rejection: wrong native event identity (0.8453ms)
✔ pure evidence rejection: rewritten failure summary (0.6886ms)
✔ pure evidence rejection: agent still assigned (0.7518ms)
✔ pure evidence rejection: task resurrected (1.3015ms)
✔ pure evidence rejection: mission resurrected (1.4624ms)
✔ pure evidence rejection: accepted artifact metadata (1.2611ms)
✔ pure evidence rejection: late accepted completion even if snapshot says failed (1.4536ms)
✔ pure evidence rejection: accepted artifact even outside bounded snapshot.events (1.3071ms)
✔ pure evidence rejection: verification event is forbidden (1.1301ms)
✔ pure evidence rejection: uncertain teardown is forbidden (1.2505ms)
✔ pure evidence rejection: accepted evidence record (1.9726ms)
✔ pure evidence rejection: budget revision (1.2692ms)
✔ pure evidence rejection: replacement run (1.0881ms)
✔ pure evidence rejection: source substitution (0.99ms)
✔ pure evidence rejection: verification-only execution cannot attest a provider (0.8387ms)
✔ pure evidence rejection: usage must be exactly two 3000-token increments (1.3448ms)
✔ invalid native termination payload cannot pass (null) (1.2318ms)
✔ invalid native termination payload cannot pass ([]) (1.2234ms)
✔ invalid native termination payload cannot pass ({}) (1.1495ms)
✔ invalid native termination payload cannot pass ({"adapter":"other"}) (1.2071ms)
✔ invalid native termination payload cannot pass ({"provider_process_alive":true}) (0.9737ms)
✔ invalid native termination payload cannot pass ({"provider_process_alive":"false"}) (0.7554ms)
✔ invalid native termination payload cannot pass ({"outcome":"verified"}) (0.8946ms)
✔ invalid native termination payload cannot pass ({"message":""}) (0.6773ms)
✔ invalid native termination payload cannot pass ({"message":1}) (0.75ms)
✔ invalid native termination payload cannot pass ({"message":"xxxxxxxxxxxxxxxxxxxxxxxxxxxxxxxxxxxxxxxxxxxxxxxx) (1.5685ms)
✔ invalid native termination payload cannot pass ({"message":"untrusted\ntext"}) (1.1658ms)
✔ invalid native termination payload cannot pass ({"message":"
"}) (0.6636ms)
✔ invalid native termination payload cannot pass ({"credential":"PRIVATE_PROVIDER_CONTENT_OR_ASSIGNMENT_TOKEN_) (0.583ms)
✔ all native terminal outcomes and absent optional message are valid telemetry, not accepted completion (2.9298ms)
✔ one additive case checkpoints and announces intent/IDs, retains history, and waits for quiet readback (27.9204ms)
✔ passed same-case continuation recomputes proof with zero further mutations (23.1131ms)
✔ createLost: failure preserves exact intent, continuation never retries an attempted POST (15.5148ms)
✔ createUnknown: failure preserves exact intent, continuation never retries an attempted POST (2.4367ms)
✔ launchLost: failure preserves exact intent, continuation never retries an attempted POST (21.1059ms)
✔ launchUnknown: failure preserves exact intent, continuation never retries an attempted POST (4.2758ms)
✔ bounded live failure leaves the original run live, IDs and intent intact, with no replacement (47.2705ms)
✔ missing late telemetry is a bounded failure with actual ACK order, not a race claim (34.4408ms)
✔ natural later telemetry/finalization can settle without rewriting terminal state or historical events (13.8109ms)
✔ settling cannot hide changed terminal run summary (4.5307ms)
✔ settling cannot hide changed terminal task (4.2041ms)
✔ settling cannot hide changed terminal mission (4.2322ms)
✔ settling cannot hide changed terminal agent (5.0262ms)
✔ settling cannot hide changed old run (3.8496ms)
✔ settling cannot hide changed old agent (5.6992ms)
✔ settling cannot hide changed old journal prefix (4.2179ms)
✔ settling cannot hide changed original failure event (4.6604ms)
✔ saved report cannot substitute receipt, native authority, source, or erase baseline after an effect (3.7169ms)
✔ report save uses exclusive lock, private synced temp and atomic rename; refuses implicit overwrite (3.2449ms)
✔ stale locks are never stolen and failed saves retain original report and orphaned temp (1.1877ms)
✔ report cannot replace receipt; bounded reads reject links, hardlinks and inode swaps before reading (1.0917ms)
✔ CLI is explicit, non-ambient, duplicate/unknown flags fail (3.8439ms)
✔ explicit parent runtime metadata aligns without opening any named process/log/source (3.726ms)
✔ rejects protected/manual API port 5187 (0.2546ms)
✔ rejects protected/manual API port 5291 (0.188ms)
✔ rejects protected/manual API port 8791 (0.2023ms)
✔ rejects protected/manual API port 8793 (0.187ms)
✔ rejects protected/manual API port 8991 (0.161ms)
✔ rejects protected/manual API port 15191 (0.2198ms)
✔ rejects protected/manual API port 15193 (0.3409ms)
✔ rejects protected/manual API port 15491 (0.3338ms)
✔ rejects protected/manual API port 15493 (0.2251ms)
✔ rejects protected/manual API port 15496 (0.2069ms)
✔ rejects protected/manual API port 18961 (0.201ms)
✔ rejects protected/manual API port 18962 (0.1514ms)
✔ rejects protected/manual API port 18963 (0.1295ms)
✔ rejects ambiguous or non-owned origin http://localhost:18574 (0.2968ms)
✔ rejects ambiguous or non-owned origin http://127.1:18574 (0.1643ms)
✔ rejects ambiguous or non-owned origin http://[::1]:18574 (0.1697ms)
✔ rejects ambiguous or non-owned origin https://127.0.0.1:18574 (0.1926ms)
✔ rejects ambiguous or non-owned origin http://127.0.0.1:18574/ (0.1647ms)
✔ rejects ambiguous or non-owned origin http://127.0.0.1:18574/api (0.1357ms)
✔ rejects ambiguous or non-owned origin http://127.0.0.1:18574?x=1 (0.2115ms)
✔ rejects ambiguous or non-owned origin http://redacted:redacted@127.0.0.1:18574 (0.1819ms)
✔ rejects ambiguous or non-owned origin http://example.com:18574 (0.1327ms)
✔ receipt requires complete immutable source, no unknown authority or provider substitution (3.6782ms)
✔ native requests preserve single strategy, exact source, budget, File verifier, no deliverable (0.6194ms)
✔ Rust policy digest uses explicit declaration order, not JS/JSONB property order (0.6493ms)
✔ canonical containment handles Windows drive prefixes but rejects aliases/escapes (1.0074ms)
✔ POSIX containment rejects traversal, equality and sibling prefixes (0.6117ms)
✔ base.txt reads exactly five bytes, and all link/reparse/hardlink failures occur before open (8.744ms)
✔ opened-file identity swaps fail closed without reading bytes (1.7376ms)
✔ runners are top-level; nested-only, unavailable, foreign, ambiguous or different-source runners fail (1.1632ms)
✔ suspend: actual usage -> breaker -> native teardown -> exact checkpoint -> terminal (2.5489ms)
✔ stop: actual usage -> breaker -> native teardown -> exact checkpoint -> terminal (0.8888ms)
✔ rejects missing checkpoint (1.1214ms)
✔ rejects foreign Corp proof (1.1276ms)
✔ rejects foreign mission proof (1.0267ms)
✔ rejects foreign task proof (0.7609ms)
✔ rejects foreign run proof (1.3447ms)
✔ rejects foreign agent proof (0.89ms)
✔ rejects foreign runner proof (0.7318ms)
✔ rejects wrong original base (0.7831ms)
✔ rejects changed HEAD (0.7183ms)
✔ rejects changed fingerprint (0.5826ms)
✔ rejects arbitrary JS policy ordering (0.6601ms)
✔ rejects changed write digest (0.7375ms)
✔ rejects changed deliverable digest (0.6992ms)
✔ rejects token in proof (1.1227ms)
✔ rejects live provider (0.5836ms)
✔ rejects wrong adapter (0.7019ms)
✔ rejects foreign event lineage (0.5884ms)
✔ rejects late checkpoint (0.8098ms)
✔ rejects missing usage (0.6214ms)
✔ rejects fake cumulative usage (0.5764ms)
✔ rejects wrong breaker metric (0.7448ms)
✔ rejects wrong command acknowledgement (0.7602ms)
✔ rejects accepted artifact (0.7485ms)
✔ rejects verification started (1.1166ms)
✔ rejects lost is not completion (0.6463ms)
✔ rejects agent still assigned (0.6347ms)
✔ rejects automatic retry (0.4859ms)
✔ rejects replacement task (0.4252ms)
✔ rejects resume lineage (0.6037ms)
✔ rejects budget override (0.401ms)
✔ rejects write scope widening (0.4018ms)
✔ rejects policy weakening (0.382ms)
✔ rejects path outside runner (0.7091ms)
✔ rejects unknown projection strings are not logged (0.4463ms)
✔ rejects non-native none breaker projection is rejected (0.5077ms)
✔ rejects accepted evidence row (0.4885ms)
✔ full replay, not the bounded snapshot, rejects earlier run.completed (0.6629ms)
✔ full replay, not the bounded snapshot, rejects earlier run.verification_started (0.9151ms)
✔ full replay, not the bounded snapshot, rejects earlier run.verification_evidence (0.4978ms)
✔ full replay, not the bounded snapshot, rejects earlier run.artifact (0.6559ms)
✔ full replay, not the bounded snapshot, rejects earlier run.deliverable (0.6429ms)
✔ full replay, not the bounded snapshot, rejects earlier run.workspace_removed (0.4774ms)
✔ full replay, not the bounded snapshot, rejects earlier run.teardown_uncertain (0.6281ms)
✔ visible history and original journal prefix are immutable; no whole-database inference (1.5714ms)
✔ journal bounds, strict ordering, non-contiguous visible sequences and Ready watermark (0.5509ms)
✔ API requests allow only exact scoped snapshot/create/launch, never reset/policy/resume (24.7527ms)
✔ HTTP errors with sensitive bodies are not retried or exposed (0.6496ms)
✔ oversized API responses fail at the byte bound, with no response body in the error (10.3024ms)
✔ native journal API requires a real Ready watermark and refuses partial replay (1.2972ms)
✔ two additive cases checkpoint intent/IDs, retain old history, and pass only after quiet observation (25.1138ms)
✔ baseline counts are dynamic, including completed prior browser-created missions (30.9051ms)
✔ completed checkpoint continuation is read-only and never re-launches either case (40.1583ms)
✔ timeout leaves a live run LIVE with its original ID and never starts a replacement/second case (27.987ms)
✔ lost create response discovers exact original IDs; intentional continuation sends no duplicate (17.5353ms)
✔ uncertain create without an observable result blocks continuation, never replacement (1.5031ms)
✔ lost launch response discovers exact original IDs; intentional continuation sends no duplicate (17.4267ms)
✔ uncertain launch without an observable result blocks continuation, never replacement (2.5462ms)
✔ driver failure keeps IDs and failure report; late accepted verification cannot pass (7.3216ms)
✔ saved report cannot change receipt/source/runner/process scope or invent successful authority (1.4914ms)
✔ existing budget-stream keeps its original synthetic 6000-token contract (1205.9741ms)
✔ UI budget-stream uses the real 500K preset with explicit synthetic counters (1154.169ms)
✔ native interrupt prevents later usage and completion in the UI fixture (275.986ms)
✔ original budget-stream still interrupts before its second usage and scheduled completion (270.416ms)
✔ queued completion emits exact usage and completed before a subsequent interrupt response (170.1542ms)
✔ actual queued fixture writes base then emits both usages and finish synchronously without timers (4.2116ms)
✔ User/Organization resolver verifies owner and project number without reading items (915.8156ms)
✔ opaque paginated active-only discovery retains 1002 items and exact Issue source (2286.7834ms)
✔ empty pages, invalid cursors and archived cursors never silently restart pagination (1233.9979ms)
✔ quota-only probes accept include flags before/after endpoint and retain plain JSON (610.6373ms)
✔ exact items, memberships and publisher fields support metered and legacy plain callers (1240.5191ms)
✔ configured primary refusal exposes reset headers and recovers exactly at fixture reset (464.4311ms)
✔ secondary failures are finite per-query attempts even with interleaved probes (690.7345ms)
✔ 503 failures expose Retry-After without spending quota or triggering source mutation (289.7382ms)
✔ source-drift hook remains shared across pages, legacy lists and exact reads only (1102.4685ms)
✔ legacy Project edits and publisher PR mutation/recovery semantics are preserved (868.9399ms)
✔ errors and observation logs never echo credentials, headers, query text or variables (560.139ms)
✔ invalid quota/failure configurations fail safely and event retention is bounded (1191.0695ms)
✔ parses HTTPS clone URL without resolving redirects (2.8971ms)
✔ parses HTTPS repository URL without resolving redirects (0.3064ms)
✔ parses HTTPS default port without resolving redirects (0.1522ms)
✔ parses SSH SCP URL without resolving redirects (0.3156ms)
✔ parses SSH URI without resolving redirects (0.2947ms)
✔ parses SSH default port without resolving redirects (0.276ms)
✔ parses SSH alternate port without resolving redirects (0.331ms)
✔ parses case normalization without resolving redirects (0.1909ms)
✔ parses trailing slash without resolving redirects (0.2479ms)
✔ parses Git output newline without resolving redirects (0.3249ms)
✔ keeps old, transferred and deliberately wrong repositories distinct (0.4561ms)
✔ retains valid repository punctuation (0.2807ms)
✔ rejects missing without disclosing the origin (0.9297ms)
✔ rejects null without disclosing the origin (0.1433ms)
✔ rejects non-string without disclosing the origin (0.1444ms)
✔ rejects empty without disclosing the origin (0.1498ms)
✔ rejects bare namespace without disclosing the origin (0.1641ms)
✔ rejects different host without disclosing the origin (0.1653ms)
✔ rejects host suffix without disclosing the origin (0.1673ms)
✔ rejects HTTP without disclosing the origin (0.1731ms)
✔ rejects Git protocol without disclosing the origin (0.2499ms)
✔ rejects HTTPS userinfo without disclosing the origin (0.2397ms)
✔ rejects HTTPS password without disclosing the origin (0.178ms)
✔ rejects SSH password without disclosing the origin (0.1666ms)
✔ rejects non-Git SSH user without disclosing the origin (0.1148ms)
✔ rejects SCP userinfo without disclosing the origin (0.1167ms)
✔ rejects SCP prefix not recognized by the runner without disclosing the origin (0.0967ms)
✔ rejects query without disclosing the origin (0.0967ms)
✔ rejects fragment without disclosing the origin (0.0939ms)
✔ rejects extra path without disclosing the origin (0.1487ms)
✔ rejects traversal without disclosing the origin (0.2173ms)
✔ rejects dot owner without disclosing the origin (0.2377ms)
✔ rejects dot repository without disclosing the origin (0.1131ms)
✔ rejects empty repository without disclosing the origin (0.1026ms)
✔ rejects encoded path without disclosing the origin (0.0934ms)
✔ rejects backslash without disclosing the origin (0.1496ms)
✔ rejects multiple origins without disclosing the origin (0.1679ms)
✔ rejects oversized origin without disclosing the origin (0.1026ms)
✔ reads only the selected checkout origin with bounded, piped Git output (0.3334ms)
✔ Git failure discards message, cause, stdout and stderr without fallback (0.2904ms)
✔ a successful Git read cannot admit a credential-bearing origin (0.2571ms)
✔ imports actual-shaped retained native success and reproducible external rejection as a candidate only (113.0753ms)
✔ old oracle without physical digest remains explicitly weaker and prompt alignment remains unreviewed (108.8257ms)
✔ repeated captures and checker versions of one run do not create independent evidence identities (302.4825ms)
✔ local review digest cannot activate a candidate even with two distinct native runs (209.476ms)
✔ refuses foreign Corp even with repinned retained files (100.1758ms)
✔ refuses foreign room even with repinned retained files (101.2799ms)
✔ refuses other source even with repinned retained files (103.4469ms)
✔ refuses changed contract source even with repinned retained files (103.0834ms)
✔ refuses missing native checks even with repinned retained files (94.9321ms)
✔ refuses failed test under passed native label even with repinned retained files (102.7199ms)
✔ refuses wrong oracle bytes even with repinned retained files (96.5557ms)
✔ refuses wrong resume identity even with repinned retained files (114.7819ms)
✔ refuses wrong resume ancestry even with repinned retained files (93.439ms)
✔ refuses cancelled run even with repinned retained files (97.8766ms)
✔ refuses substituted before bytes even with repinned retained files (105.1365ms)
✔ refuses unknown checker even with repinned retained files (21.4999ms)
✔ hash pins, duplicate JSON keys and traversal are rejected before candidate output (106.0887ms)
✔ directory redirection and oversized files fail closed (158.8334ms)
✔ exact append handles LF and CRLF without normalizing changed source (0.5403ms)
✔ external rejection cannot be imported when exact output actually passes (101.5344ms)
✔ CLI reads pinned inputs and creates one new corpus without overwriting source files (277.4431ms)
✔ CLI has one aggregate read budget covering the request, corpus, manifests and retained files (299.4795ms)
▶ local stack owned-process and state regression fixtures
  ✔ identity comes from the live process and binds only the explicit workspace (2.1151ms)
  ✔ wrong timestamps, executable, workspace and malformed records fail closed (0.2127ms)
  ✔ a stale creation record aimed at a live synthetic PID cannot stop it (0.2543ms)
  ✔ stopping the verified root leaves its descendant and an unrelated child alive (0.168ms)
  ✔ Start accepts working and log directories containing spaces (0.1627ms)
  ✔ Start treats bracketed log directories as literal paths (0.151ms)
  ✔ Start treats bracketed working directories as literal paths (0.1504ms)
  ✔ failed-start rollback results preserve the original error and require both success signals (0.2086ms)
  ✔ Start preserves literal arguments, spaces, child-only environment and redacted evidence (0.2537ms)
  ✔ repeated role launches retain earlier logs and allocate unique stdout/stderr files (0.3683ms)
  ✔ extracted Launch preserves ownership on save failure (verified rollback) (0.1678ms)
  ✔ extracted Launch preserves ownership on save failure (unverified rollback) (0.1029ms)
  ✔ v2 state round-trips nested records and read preserves exact bytes (0.14ms)
  ✔ corrupt, unsupported and differently scoped state is refused without deleting evidence (0.1739ms)
  ✔ state writes reject traversal, sibling-prefix paths and foreign workspace claims (0.102ms)
  ✔ state writes reject reparse-point parent directories (0.0918ms)
  ✔ a failed atomic replacement preserves old bytes and removes its temporary file (0.1391ms)
  ✔ concurrent synthetic reader observes only complete atomic state generations (0.0944ms)
  ✔ legacy numeric state stays read-only and never authorizes stopping (0.1894ms)
  ✔ cleanup reaps only held synthetic handles and removes only its temporary tree (0.1214ms)
✔ local stack owned-process and state regression fixtures (9466.9448ms)
ℹ PowerShell 7.6.5; 14 synthetic processes reaped; no fixture tree remains
▶ local stack starter source guards
  ✔ starter has no unconditional stop invocation (0.2269ms)
  ✔ starter never passes a database URL as a command argument (0.1329ms)
  ✔ starter forwards the native runner startup-recovery opt-out unchanged (0.0877ms)
  ✔ persisted runner IDs block automatic reenrollment even when offline (0.0826ms)
  ✔ Factory policy paths are canonicalized against the checkout before persistence and launch (0.0823ms)
  ✔ Factory saved connection is retained and passed only as an explicit native option (0.0926ms)
  ✔ live source-ref changes use exact comparison for old and current records (0.1308ms)
  ✔ starter never deletes enrollment or credentials without an explicit reset/rotation guard (0.1015ms)
  ✔ Compose operations are guarded by external-database selection (0.0627ms)
  ✔ stopper does not rediscover or terminate a descendant tree from saved PIDs (0.0631ms)
✔ local stack starter source guards (2345.2684ms)
✔ one checkout serializes commands while another checkout remains usable (5721.0068ms)
✔ explicit restart nesting and failed operations release their native lock (4696.8162ms)
✔ an interrupted command does not leave a stale lock requiring manual cleanup (3045.2596ms)
✔ both supported entrypoints use the same operation boundary (3.7139ms)
✔ reported idle remains idle without a pending request (2.0227ms)
✔ reported starting remains starting without a pending request (0.1539ms)
✔ reported working remains working without a pending request (0.1079ms)
✔ reported blocked remains blocked without a pending request (0.1236ms)
✔ reported reviewing remains reviewing without a pending request (0.1968ms)
✔ reported offline remains offline without a pending request (0.119ms)
✔ working station "read" projects reading (0.3879ms)
✔ working station "search" projects reading (0.3024ms)
✔ working station " READ " projects reading (0.3048ms)
✔ working station "Search" projects reading (0.4674ms)
✔ working station "test" projects working (0.2213ms)
✔ working station "build" projects working (0.1513ms)
✔ working station "review" projects working (0.1352ms)
✔ working station "research" projects working (0.1177ms)
✔ working station "bread" projects working (0.116ms)
✔ working station "break" projects working (0.1077ms)
✔ working station "unknown-tool" projects working (0.0978ms)
✔ working station null projects working (0.0606ms)
✔ a stale station does not invent activity for a non-working agent (0.2196ms)
✔ a blocked agent needs an exact current-run approval match (0.1606ms)
✔ an exact current-run pending review is distinct from an action approval (0.1162ms)
✔ unrelated and prior-run pending requests cannot affect the current agent (0.145ms)
✔ an approval stops affecting an agent as soon as its current run changes (0.1111ms)
✔ null and empty current-run IDs cannot acquire pending request state (0.123ms)
✔ offline wins even when the recorded current run has both pending requests (0.1067ms)
✔ exact action approval takes precedence over exact review (0.103ms)
✔ explicit current-run requests do not depend on a blocked display status (0.1147ms)
✔ projection does not mutate agents or request sets or infer state from identity text (0.8505ms)
✔ all eight states have distinct labels and factual descriptions (0.4392ms)
✔ roster ordering is stable by ID without mutating the source array (0.2838ms)
✔ renaming or changing activity does not move an existing roster to different seats (0.3232ms)
✔ 0 agents occupy exactly 0 studios without stacked seats (0.2524ms)
✔ 1 agents occupy exactly 1 studios without stacked seats (0.2505ms)
✔ 5 agents occupy exactly 1 studios without stacked seats (0.1475ms)
✔ 6 agents occupy exactly 1 studios without stacked seats (0.2595ms)
✔ 7 agents occupy exactly 2 studios without stacked seats (0.1749ms)
✔ 11 agents occupy exactly 2 studios without stacked seats (0.158ms)
✔ 12 agents occupy exactly 2 studios without stacked seats (0.0996ms)
✔ 13 agents occupy exactly 3 studios without stacked seats (0.1031ms)
✔ 17 agents occupy exactly 3 studios without stacked seats (0.0963ms)
✔ 18 agents occupy exactly 3 studios without stacked seats (0.0992ms)
✔ 19 agents occupy exactly 4 studios without stacked seats (0.0974ms)
✔ snapshot input reordering preserves page and seat assignment for 18 agents (0.3046ms)
✔ reordering across a partially filled page boundary preserves each agent seat (0.6087ms)
✔ studio dimensions and the six feet anchors match the renderer contract exactly (0.3834ms)
✔ desk access never wraps overflow or invalid indexes onto occupied seats (0.8021ms)
✔ all desk footprints stay above their chairs and never overlap another desk or decor (0.2869ms)
✔ desk 0 has one finite arrival route clear of every workstation (0.4339ms)
✔ desk 1 has one finite arrival route clear of every workstation (0.1407ms)
✔ desk 2 has one finite arrival route clear of every workstation (0.1089ms)
✔ desk 3 has one finite arrival route clear of every workstation (0.0906ms)
✔ desk 4 has one finite arrival route clear of every workstation (0.0932ms)
✔ desk 5 has one finite arrival route clear of every workstation (0.0833ms)
✔ route and desk results do not expose shared mutable layout state (0.1401ms)
✔ pending native review distinguishes invalid artifact paths from invalid artifact IDs (97.6453ms)
✔ pending native intent survives acceptance changes and reviewed adoption replays one exact revision (67.3444ms)
✔ pending intent cannot apply and generic native approval cannot authorize exact feedback (35.8288ms)
✔ reviewed feedback refuses adopter as reviewer before a revision (37.8533ms)
✔ reviewed feedback refuses producer as reviewer before a revision (23.7069ms)
✔ reviewed feedback refuses source requester as reviewer before a revision (22.1442ms)
✔ reviewed feedback refuses rejected decision before a revision (19.88ms)
✔ reviewed feedback refuses future decision before a revision (23.3334ms)
✔ reviewed feedback refuses decision before intent before a revision (29.4125ms)
✔ reviewed feedback refuses wrong note digest before a revision (23.9648ms)
✔ reviewed feedback refuses extra note prose before a revision (23.4704ms)
✔ reviewed feedback refuses ordinary human gate before a revision (28.5994ms)
✔ reviewed feedback refuses requester exclusion disabled before a revision (18.3932ms)
✔ native approval cannot excuse changed target task (20.0651ms)
✔ native approval cannot excuse changed target version (21.9435ms)
✔ native approval cannot excuse changed source commit (20.3207ms)
✔ native approval cannot excuse changed artifact identity (21.5504ms)
✔ native approval cannot excuse changed corpus bytes digest (24.1891ms)
✔ native approval cannot excuse changed selected rule digest (23.9341ms)
✔ native approval cannot excuse changed selected guidance (21.1206ms)
✔ native approval cannot excuse changed adopter identity (25.2802ms)
✔ native approval cannot excuse changed replacement effect (21.5049ms)
✔ native approval cannot excuse changed unknown authority field (20.6539ms)
✔ persisted verifier policy and automated evidence drift invalidate the intent independently of acceptance (57.5068ms)
✔ missing or contradictory native rows and capture drift fail closed (21.6606ms)
✔ reviewed apply rechecks the actual decision and preserves ambiguous outcomes and idempotency (38.517ms)
✔ reviewed apply rejects altered intent bytes and expired proposal without native effects (23.2143ms)
✔ a changed post-effect review remains uncertain and cannot assert a verified binding (25.2047ms)
✔ review intent time bounds are revalidated during accepted-source reconstruction (24.4305ms)
✔ CLI native-review preparation, exact intent selection and apply keep separate raw and canonical hashes (133.3642ms)
✔ prepare is read-only and exposes the exact reference-only change for review (22.3981ms)
✔ an unprefixed objective stays candidate because native composition would change it (26.756ms)
✔ native normalization fixed points retain description and objective exactly (26.2617ms)
✔ public identifiers and digest selectors reject coercible arrays and objects before effects (15.8491ms)
✔ time, timeout and trusted routing fields require their declared primitive types (18.9976ms)
✔ apply performs one native revision, preserves authority and never launches (17.7237ms)
✔ typed native file selection pins outer provenance and exact decoded corpus while preserving raw compatibility (34.8606ms)
✔ native typed unknown schema field is refused even with matching outer artifact digest (12.937ms)
✔ native typed missing native schema field is refused even with matching outer artifact digest (13.1665ms)
✔ native typed coercible version is refused even with matching outer artifact digest (13.8843ms)
✔ native typed unsupported archive form is refused even with matching outer artifact digest (13.9487ms)
✔ native typed wrong base is refused even with matching outer artifact digest (16.4574ms)
✔ native typed wrong verifier is refused even with matching outer artifact digest (14.1735ms)
✔ native typed wrong head is refused even with matching outer artifact digest (15.2912ms)
✔ native typed bundle payload is refused even with matching outer artifact digest (14.797ms)
✔ native typed patch checksum is refused even with matching outer artifact digest (14.6008ms)
✔ native typed patch noncanonical base64 is refused even with matching outer artifact digest (13.8374ms)
✔ native typed selected hash is refused even with matching outer artifact digest (14.3148ms)
✔ native typed selected byte count is refused even with matching outer artifact digest (13.6747ms)
✔ native typed selected file size bound is refused even with matching outer artifact digest (13.5954ms)
✔ native typed selected base64 is refused even with matching outer artifact digest (13.8613ms)
✔ native typed selected symlink is refused even with matching outer artifact digest (13.4173ms)
✔ native typed selected submodule is refused even with matching outer artifact digest (15.9464ms)
✔ native typed selected media is refused even with matching outer artifact digest (13.7213ms)
✔ native typed duplicate path is refused even with matching outer artifact digest (13.0519ms)
✔ native typed case alias is refused even with matching outer artifact digest (13.7213ms)
✔ native typed file directory conflict is refused even with matching outer artifact digest (13.3874ms)
✔ native typed traversal is refused even with matching outer artifact digest (23.1378ms)
✔ native typed absolute path is refused even with matching outer artifact digest (13.938ms)
✔ native typed Windows stream is refused even with matching outer artifact digest (13.4035ms)
✔ native typed Windows device is refused even with matching outer artifact digest (13.807ms)
✔ native typed trailing dot alias is refused even with matching outer artifact digest (13.2643ms)
✔ native typed coercible entry path is refused even with matching outer artifact digest (12.7197ms)
✔ native typed deleted selection is refused even with matching outer artifact digest (16.3199ms)
✔ typed path selection requires one exact safe file, source role and original outer bytes (19.3398ms)
✔ typed decoded corpus cannot substitute a different well-hashed file or retarget a reviewed proposal (33.695ms)
✔ typed base64 padding bits are canonical even when permissive decoding preserves the correct bytes (18.0094ms)
✔ same byte-pinned proposal replays its native key without adding guidance or a second revision (22.5454ms)
✔ lost response stays unknown with no automatic retry; exact replay reconciles it (21.911ms)
✔ an HTTP400 after persistence stays unknown and same-key replay confirms one revision (21.1113ms)
✔ live Corp drift refuses before a request (15.8873ms)
✔ live room drift refuses before a request (14.5105ms)
✔ live mission drift refuses before a request (15.7453ms)
✔ live task drift refuses before a request (15.2876ms)
✔ live run drift refuses before a request (14.6631ms)
✔ live actor drift refuses before a request (14.5318ms)
✔ live source commit drift refuses before a request (16.0763ms)
✔ live verifier digest drift refuses before a request (15.1344ms)
✔ live artifact digest drift refuses before a request (15.7631ms)
✔ an accepted receipt with incomplete bounded evidence remains candidate (15.7174ms)
✔ an observed manual gate must retain its native decision and decider (15.9835ms)
✔ missing native corpus evidence or mismatched actual bytes never borrows an unrelated accepted run (20.818ms)
✔ typed envelopes, missing review bytes and requested independent review remain explicit candidates (17.3759ms)
✔ UTF-8 reference bounds do not silently truncate valid longer advisory guidance (17.7494ms)
✔ changed target ready status cannot be overwritten (16.924ms)
✔ changed target existing run cannot be overwritten (16.6968ms)
✔ changed target contract version cannot be overwritten (16.2544ms)
✔ changed target budget cannot be overwritten (16.9059ms)
✔ changed target verifier cannot be overwritten (15.8946ms)
✔ changed target source cannot be overwritten (15.8429ms)
✔ changed target source connection cannot be overwritten (16.2658ms)
✔ changed target tools cannot be overwritten (16.7079ms)
✔ changed target Corp cannot be overwritten (16.4805ms)
✔ changed target room cannot be overwritten (17.5599ms)
✔ changed target origin cannot be overwritten (16.0609ms)
✔ repinned unauthorized proposal changes cannot alter anything except selected references (28.4758ms)
✔ wrong proposal hash, edited corpus/review/receipt, future or expired proposal fails before POST (17.6983ms)
✔ expired selected guidance is not rescued by the remaining proposal lifetime (18.1942ms)
✔ expiry crossing during live prechecks is repeated immediately before mutation (16.1426ms)
✔ one total operation deadline cannot be renewed by a slow target precheck (243.7024ms)
✔ duplicate-key or reformatted proposal JSON cannot masquerade as the prepared byte representation (16.9839ms)
✔ source drift after successful mutation is accurately retained as applied (18.0255ms)
✔ source access loss after mutation is never mislabeled refusal-before-effects (17.5849ms)
✔ an HTTP error after a request is unknown without transaction-stage evidence and is not retried (17.3619ms)
✔ a contradictory successful response or changed native readback stays unknown (16.5939ms)
✔ exact native target projection refuses filtered context and preserves whole scope (13.2137ms)
✔ file input requires selected exact bytes and fails closed on an oversized or malformed input (35.3232ms)
✔ feedback file reads accumulate short native reads before validating bytes (7.9869ms)
✔ feedback file truncate during short reads fails without a hash pin (5.5735ms)
✔ feedback file grow during short reads fails without a hash pin (5.6801ms)
✔ CLI preparation writes new review artifacts and an existing apply receipt refuses before network or effects (62.112ms)
✔ CLI exits nonzero for refused adoption while preserving its JSON receipt (208.2161ms)
✔ CLI typed prepare explicitly selects the native file and apply has no path override (43.2998ms)
✔ retained native candidate cannot become saved-task guidance or a native revision (22.3902ms)
✔ forged locally activated native evidence cannot become saved-task guidance or a native revision (20.7647ms)
✔ native evidence mixed into an activated typed artifact cannot become saved-task guidance or a native revision (20.1156ms)
✔ receipt whitelists metadata and distinguishes persisted acceptance from optional verifier digests (7.7971ms)
✔ native runner, model and ref metadata preserves valid punctuation, spaces, Unicode and UTF-8 limits (3.391ms)
✔ native metadata keeps bounded invalid text and malformed source tuples out of receipts (15.1061ms)
✔ native source identity accepts uppercase hexadecimal commits and full bounded repository components (0.8776ms)
✔ published native refs and native MIME token punctuation are observed without a custom identifier alphabet (1.0451ms)
✔ historical evidence never borrows the current task verifier policy count (1.1763ms)
✔ conflicting or invalid run-bound check counts remain unknown (2.8472ms)
✔ missing and duplicate check indices cannot establish completeness; malformed indices fail (0.8923ms)
✔ receipt rejects mismatched run Corp (0.6369ms)
✔ receipt rejects mismatched task Corp (0.4731ms)
✔ receipt rejects mismatched mission Corp (0.2118ms)
✔ receipt rejects mismatched room Corp (0.165ms)
✔ receipt rejects mismatched exact actor (0.1598ms)
✔ receipt rejects mismatched exact room (0.1522ms)
✔ receipt rejects mismatched exact mission (0.1431ms)
✔ receipt rejects mismatched evidence task (0.1913ms)
✔ receipt rejects mismatched event room (0.1867ms)
✔ receipt rejects mismatched partial source (0.1508ms)
✔ current-run rejects later same-task runs and tied times, retaining nanosecond ordering (0.932ms)
✔ typed resume lineage requires same task and producer, and records unavailable ancestors honestly (1.8958ms)
✔ exact recovery count is run-bound; private policy and notes are omitted (0.5527ms)
✔ published-result binds its exact source artifact and hashes opaque source revisions (0.6547ms)
✔ published-result accepts an exact historical publication despite a later same-task run (0.7725ms)
✔ published-result refuses mismatched Factory mission (0.2848ms)
✔ published-result refuses mismatched deliverable task (0.2831ms)
✔ published-result refuses mismatched deliverable source base (0.2057ms)
✔ published-result refuses mismatched run deliverable digest (0.2998ms)
✔ published-result refuses mismatched publication run (0.1727ms)
✔ published-result refuses mismatched provenance mission (0.2571ms)
✔ published-result refuses mismatched provenance source issue (0.2035ms)
✔ published-result refuses mismatched provenance target (0.2314ms)
✔ published-result refuses mismatched recorded PR head (0.207ms)
✔ published-result refuses mismatched recorded PR repository (0.2072ms)
✔ published-result refuses mismatched recorded PR provenance (0.243ms)
✔ byte verification rejects tampering and each missing or conflicting native response boundary (1.0662ms)
✔ receipt validator rejects extra content, contradictory acceptance, and mixed origin/artifact roles (3.6337ms)
✔ fingerprint tolerates observation timestamps and detects selected source, contract and artifact drift (2.434ms)
✔ compiled native MCP export performs two captures and downloads only selected-origin artifact IDs (680.5871ms)
✔ artifact retention selection is bounded before reading host configuration (0.7724ms)
✔ compiled native evidence retains only explicitly selected verified bytes and preserves public receipt schema (516.8626ms)
✔ compiled native evidence rejects an unowned artifact selection before any artifact download (75.4328ms)
✔ compiled native evidence never returns retained bytes from a tampered artifact or changed source (194.9057ms)
✔ compiled native exporter keeps opaque runner/model/ref metadata out of every request route (134.8724ms)
✔ compiled native export rejects state drift during its artifact read (123.9708ms)
✔ compiled native export rejects mismatched context before downloading artifacts (62.3012ms)
✔ compiled native export refuses artifact redirects without forwarding credentials (70.7733ms)
✔ compiled native export rejects oversized bodies and withholds HTTP error content (145.424ms)
✔ compiled native export bounds a stalled exact-context body by its whole-operation timeout (1007.2806ms)
✔ receipt CLI writes a create-only metadata file and a compact redacted summary (698.8111ms)
✔ owned server requires matching executable, creation, endpoint, and workspace (2.5054ms)
✔ manual, remote, stale, or non-owned manifests never authorize restart (0.652ms)
✔ Windows retains legacy timestamp tolerance and case-insensitive paths (0.3092ms)
✔ legacy Windows identity callers remain supported without weakening explicit checks (1.312ms)
✔ Linux requires the exact boot/PID/start-tick, executable, cwd/root, and socket binding (2.709ms)
✔ Linux rejects malformed, legacy-Windows, and changed receipts (0.594ms)
✔ every existing manual port remains denied on Windows and Linux and all loopback hosts (0.8634ms)
✔ remote, credentialed, missing-port, and malformed-scope endpoints fail closed (0.4745ms)
✔ only a complete scoped JSON object is a process receipt (0.5459ms)
✔ proc stat parses the final comm parenthesis and preserves 64-bit start ticks (0.8204ms)
✔ proc stat rejects wrong PID, truncated fields, malformed state, and invalid ticks (0.3695ms)
✔ Linux listener proof intersects the exact port and LISTEN state with PID-owned inodes (1.0401ms)
✔ malformed or unavailable proc network input supplies no ownership authority (0.4308ms)
✔ artifact recovery overrides are child-only and match native numeric bounds (0.6187ms)
✔ probe requires explicit scope and forwards only its scoped credential environment (3.5817ms)
✔ probe summary contains collection counts, never snapshot data or private paths (0.59ms)
✔ probe permits HTTP only for normalized canonical loopback origins and requires HTTPS elsewhere (9.5959ms)
✔ recovery probe reports only native metadata and never infers missing capability or exposes policy (1.2907ms)
✔ recovery probe rejects malformed work-item IDs before spawning any gateway (0.9623ms)
✔ compiled recovery probe rejects impossible native numeric metadata and preserves exhausted authority (463.3458ms)
✔ compiled recovery tool makes exactly the selected authorized GET in both modes (128.6882ms)
✔ compiled recovery probe selects one context without reading the broad snapshot or exposing private fields (59.7058ms)
✔ compiled recovery tool refuses malformed IDs, extra scope or effect arguments before HTTP (105.7872ms)
✔ compiled recovery tool rejects mismatched Corp or work-item responses (246.7207ms)
✔ compiled recovery probe preserves authorization and not-found failures without private diagnostics (195.5548ms)
✔ compiled recovery inspection never follows redirects in either gateway mode (132.8043ms)
✔ compiled recovery inspection caps HTTP bodies even in the legacy write-capable gateway mode (110.7434ms)
✔ compiled read-only MCP completes the real stdio handshake and makes only one scoped GET (60.177ms)
✔ compiled MCP ignores notifications and denies mutating calls before HTTP while preserving the default catalog (113.2672ms)
✔ compiled MCP keeps malformed omitted-ID objects silent and effect-free (read-only) (61.515ms)
✔ compiled MCP keeps malformed omitted-ID objects silent and effect-free (unrestricted) (61.7292ms)
✔ compiled probe withholds API error content and enforces its whole-probe timeout (1091.1372ms)
✔ compiled read-only inspection rejects redirects without contacting a second origin (127.2585ms)
✔ compiled read-only startup requires every routing variable before serving even initialization (222.6205ms)
✔ compiled read-only flag rejects command-line tokens (split option, CLI only) (62.688ms)
✔ compiled read-only flag rejects command-line tokens (split option, CLI plus environment) (53.1707ms)
✔ compiled read-only flag rejects command-line tokens (equals option, CLI only) (58.9775ms)
✔ compiled read-only flag rejects command-line tokens (equals option, CLI plus environment) (55.1489ms)
✔ compiled read-only flag accepts only the environment token and exposes the restricted catalog (57.0693ms)
✔ compiled read-only environment rejects command-line tokens (split option, CLI only) (54.0143ms)
✔ compiled read-only environment rejects command-line tokens (split option, CLI plus environment) (52.3791ms)
✔ compiled read-only environment rejects command-line tokens (equals option, CLI only) (59.7888ms)
✔ compiled read-only environment rejects command-line tokens (equals option, CLI plus environment) (57.3528ms)
✔ compiled read-only environment accepts only the environment token and exposes the restricted catalog (62.6568ms)
✔ compiled unrestricted MCP preserves legacy CLI token precedence (split option) (129.5423ms)
✔ compiled unrestricted MCP preserves legacy CLI token precedence (equals option) (120.6308ms)
✔ compiled native read-only HTTP body rejects oversized declared length before end (200) (59.1655ms)
✔ compiled native read-only HTTP body rejects streamed overflow before end (200) (109.5795ms)
✔ compiled native read-only HTTP body rejects oversized declared length before end (403) (64.5863ms)
✔ compiled native read-only HTTP body rejects streamed overflow before end (403) (129.557ms)
✔ compiled native HTTP body accepts the inclusive read-only limit and preserves unrestricted transport (670.0072ms)
✔ compiled native HTTP body preserves small successful and error response behavior (362.9046ms)
✔ withholds all six source ACKs for each of two native automatic attempts (3.4106ms)
✔ holds all quality ACK duplicates to the same 8-second deadline, preserving bytes (1.024ms)
✔ gameplay and integration pass source ACKs unchanged (0.3481ms)
✔ native resume passes ACKs and does not consume a third automatic attempt (0.2568ms)
✔ non-source ACK, heartbeat, credential rotation, approval and lifecycle are opaque passthrough (0.3583ms)
✔ rejects foreign or unproven run, Corp and hash before fault decisions (0.9763ms)
✔ assignment rebinding cannot swap a different task, scope or command kind (0.6076ms)
✔ late-ACK release sends one exact original old-run frame once without retagging (1.2414ms)
✔ refuses manual-stack, wrong-repository and missing opt-in config (1.395ms)
▶ real loopback WebSocket wiring: native schema, ordered forwarding, reconnection and redaction
  ▶ isolated concurrent fixture 1
    ✔ synthetic endpoints require live ownership without relaxing config guards (11.6101ms)
    ✔ persisted owner/name schema binds and stop cannot overtake a pending assignment (63.0678ms)
    ✔ upload byte transparency, ACK withholding and metadata non-disclosure (53.8432ms)
    ✔ a stale snapshot/close callback cannot bind, send or close the replacement connection (146.9228ms)
  ✔ isolated concurrent fixture 1 (414.6511ms)
  ▶ isolated concurrent fixture 2
    ✔ synthetic endpoints require live ownership without relaxing config guards (8.9227ms)
    ✔ persisted owner/name schema binds and stop cannot overtake a pending assignment (63.9044ms)
    ✔ upload byte transparency, ACK withholding and metadata non-disclosure (51.0992ms)
    ✔ a stale snapshot/close callback cannot bind, send or close the replacement connection (147.2582ms)
  ✔ isolated concurrent fixture 2 (383.2256ms)
✔ real loopback WebSocket wiring: native schema, ordered forwarding, reconnection and redaction (415.4987ms)
✔ relocated doctor checks declared tools through native version commands without leaking ambient secrets or installing (1207.8167ms)
✔ wrong node version produces a failing CLI result (1139.2318ms)
✔ wrong pnpm version produces a failing CLI result (1077.6243ms)
✔ wrong rustc version produces a failing CLI result (1092.8669ms)
✔ wrong cargo version produces a failing CLI result (1079.216ms)
✔ missing package manager fails without falling back to another host command (893.4205ms)
✔ failed component probes suppress raw stdout and stderr (1073.1623ms)
✔ unrecognized version output is rejected without echoing the command response (1169.3363ms)
✔ an unavailable pinned rustup toolchain fails instead of installing or selecting stable (1136.9196ms)
✔ already selected direct Rust binaries can be verified without rustup (1087.8813ms)
✔ invalid .node-version declaration fails before any command runs (version) (163.2158ms)
✔ invalid package.json declaration fails before any command runs (version) (165.9282ms)
✔ invalid rust-toolchain.toml declaration fails before any command runs (floating Rust) (190.0057ms)
✔ invalid rust-toolchain.toml declaration fails before any command runs (component) (176.2124ms)
✔ unsupported CLI arguments fail before probing tools (161.6041ms)
ℹ tests 1253
ℹ suites 0
ℹ pass 1253
ℹ fail 0
ℹ cancelled 0
ℹ skipped 0
ℹ todo 0
ℹ duration_ms 54241.1003
