$ node --test --test-concurrency=2 --test-timeout=180000 "apps/web/src/**/*.test.mjs" "tools/*.test.mjs"
✔ editor preserves its accessible control names, preview hook, and all six check choices (39.1118ms)
✔ switching check types resets their incompatible fields and retains the rest of the policy (9.5517ms)
✔ every check-field callback retains the selected variant and unchanged checks (17.1422ms)
✔ adding and removing checks preserves tab selection, including external policy shrink and the empty state (12.9583ms)
✔ the 16-check add button limit and oversized-policy feedback are retained (8.7455ms)
✔ manual-gate transitions retain default role ordering, requester exclusion, and explicit removal (10.2236ms)
✔ preview keeps exact check order, manual-role labels, heading overrides, and requester-exclusion guidance (1.7627ms)
✔ Factory exact-run navigation replaces a remembered newer outcome before mission remount (4.787ms)
✔ run navigation ignores the duplicate activity marker in a hidden Factory tab (15.5522ms)
✔ artifact navigation chooses its exact producer while mission-only navigation preserves the current choice (1.2623ms)
✔ unavailable run/task/mission cannot overwrite remembered evidence or open another run (2.6597ms)
✔ storage failure or obsolete viewer fails closed before navigation (2.5069ms)
✔ explicit navigation writes only the selected viewer scope and only the run identity (1.2424ms)
✔ reload keeps the decided run instead of the other pending review or a newer worker (1.9533ms)
✔ remembered evidence is scoped to the API server, Corp, actor and mission (0.3243ms)
✔ missing remembered work never silently substitutes another visible review (0.3188ms)
✔ unreadable or malformed stored context requires explicit selection, not the next review (0.4706ms)
✔ a first visit is distinct from unreadable history; failed writes do not throw (0.3338ms)
✔ only the selected run ID is stored; reviews and authority never enter browser persistence (0.9588ms)
✔ MissionCard scopes remounts, pins initial evidence and fails closed when persistence fails (11.8192ms)
✔ issue210 only the explicit server flag adds correction to a native checkpoint (2.5122ms)
✔ issue210 verifier availability is independent of correction and missing availability preserves legacy behavior (1.1067ms)
✔ issue210 revision source is the exact server-selected verifier, with no cross-item fallback (0.5752ms)
✔ only native proof plus its cancellation marker exposes source-only checkpoint verification (0.2773ms)
✔ a running checkpoint needs no cancellation repair, and ordinary verification failure stays compatible (0.2943ms)
✔ missing/tampered source, checkpoint, head, active recovery or terminal outcome offers no new recovery (0.3929ms)
✔ context requests are not recovery grants and never depend on inferred mission spend/status (0.2507ms)
✔ copied command binding retains the saved connection and never falls back on malformed metadata (0.2899ms)
✔ actual presentation selects the endpoint source, not the newest visible run or mission cancellation (110.3415ms)
✔ issue210 presentation separates provider-free verification from a budgeted same-session fix (28.383ms)
✔ issue210 source-only and unavailable checkpoint presentations never suggest generic recovery (40.4097ms)
✔ actual context loader is GET-only and admits the exact item/version/mission checkpoint (48.9447ms)
✔ actual context loader rejects stale/cross-scope and malformed flags without snapshot fallback (167.9147ms)
✔ issue210 actual loader accepts boolean correction flags and defaults missing legacy authority closed (43.0214ms)
✔ issue210 exact loader retains true, false and missing checkpoint availability without granting another mode (44.7985ms)
✔ actual UI action copies only explicit checkpoint verification with the original scope/connection (193.4139ms)
✔ issue210 actual correction action retains the original CLI route, source and connection (293.2307ms)
✔ issue210 actual card drops correction authority immediately when item, version or actor changes (312.2603ms)
✔ issue210 actual contract submission uses the scoped verifier, not its provider ancestor (57.7475ms)
✔ issue210 editor loading, errors, stale context and denied correction cannot fall back or submit (322.6746ms)
✔ issue210 ordinary contract resume, redispatch and requester/role boundaries stay intact (118.1976ms)
✔ issue210 actual source-only context copies correction and revises the exact verifier; no-mode context does neither (294.5109ms)
✔ actual resume handler and rendered provider control respect native recovery blocking (8.735ms)
✔ actual App Resume control survives an ineligible ordinary Factory recovery lookup and uses the native actor-bound POST (334.0175ms)
✔ issue221 explicit provider-correction permission permits null head without granting checkpoint or generic resume (1.9159ms)
✔ issue221 actual context reader retains null head/current provider proof and malformed heads remain non-actionable (416.553ms)
✔ issue221 actual copy/revision actions use only source correction for the latest failed provider with null head (260.8443ms)
✔ wrong-first legacy Project 174 cannot displace the selected live lab controller (1.6313ms)
✔ every Project/repository/Corp component must match, even with an active-item pointer (0.3591ms)
✔ GitHub owner/repository case and surrounding whitespace normalize independently (0.2084ms)
✔ missing/malformed scope is neutral rather than an empty-scope match (0.2262ms)
✔ the exact active item wins among live controllers in the same scope (0.2337ms)
✔ a current live scope match wins over a stale offline active-item pointer (0.1826ms)
✔ with only offline matches, retain the exact item rather than crossing scope (0.2013ms)
✔ without an item, prefer useful live intake in the current Corp (0.2825ms)
✔ empty/no-match and unavailable explicit selections never borrow another controller (0.244ms)
✔ heartbeat freshness and stable ID break ties without using array order or mutating inputs (1.5497ms)
✔ snapshot refresh and selected scope changes return the exact new ID/version object (0.2434ms)
✔ the actual FactoryPanel resolver feeds displayed state and both action callbacks (20.4202ms)
✔ the actual component guards controller actions, retains role gating and passes the same callback (16.2564ms)
✔ the actual API action handler targets the resolved controller ID and version for all actions (65.8431ms)
✔ the production handler preserves the existing ID-scoped idempotency/version on a lost response (23.1463ms)
✔ primary_rate_limit has a reader-facing reason and an automatic future retry (32.106ms)
✔ secondary_rate_limit has a reader-facing reason and an automatic future retry (1.1303ms)
✔ graphql_quota has a reader-facing reason and an automatic future retry (0.9444ms)
✔ github_unavailable has a reader-facing reason and an automatic future retry (2.0036ms)
✔ quota, cost and timestamps come from the snapshot, not derived or default budgets (1.7017ms)
✔ equivalent offset timestamps have the same local retry time and boundary (1.3625ms)
✔ at or after the retry deadline, waiting is not presented as a successful retry (1.9707ms)
✔ zero remaining, limit, query cost and failures remain real zeros (0.9345ms)
✔ paused desired state wins without rewriting controller health or promising a retry (1.5934ms)
✔ offline health wins over polling metadata, including an elapsed retry (1.7431ms)
✔ paused and offline together retain both conditions and existing paused precedence (0.9431ms)
✔ absent legacy polling leaves the old strip intact and never fabricates a wait (0.3112ms)
✔ missing or malformed backoff data is unavailable, never zero or an invented deadline (0.4913ms)
✔ invalid values are not coerced to numbers or dates and unknown reasons are not rendered raw (2.5893ms)
✔ partial quota data preserves observed zeros while missing fields remain unavailable (0.4565ms)
✔ healthy telemetry does not infer a backoff from a zero quota or failure count (0.8649ms)
✔ UI integration remains read-only, accessible, and uses existing controller controls (17.4734ms)
✔ line normalization preserves argument boundaries, literal punctuation, and duplicate values (1.9562ms)
✔ role entry supports commas and CRLF without silently deduplicating or authorizing roles (0.4603ms)
✔ mission projection retains exact task, runner and human control attribution (4.7256ms)
✔ foreign tasks and same-ID foreign-Corp runners cannot supply collaboration state (0.2749ms)
✔ offline retains work without advertising live control or termination (0.423ms)
✔ connecting retains work without advertising live control or termination (0.2631ms)
✔ a failed snapshot refresh retains exact work without advertising live controls (0.3781ms)
✔ invalid snapshot receipt NaN cannot advertise live controls (0.2072ms)
✔ invalid snapshot receipt Infinity cannot advertise live controls (0.1948ms)
✔ invalid snapshot receipt 0 cannot advertise live controls (0.1746ms)
✔ invalid snapshot receipt -1 cannot advertise live controls (0.3331ms)
✔ expired/malformed lease 2026-09-16T11:59:00Z cannot claim a controller (0.3447ms)
✔ expired/malformed lease 2026-09-16T12:00:00Z cannot claim a controller (0.1433ms)
✔ expired/malformed lease bad cannot claim a controller (0.1348ms)
✔ verifying has recorded evidence but no provider controls (0.2294ms)
✔ completed has recorded evidence but no provider controls (0.1ms)
✔ lost has recorded evidence but no provider controls (0.147ms)
✔ cancelled has recorded evidence but no provider controls (0.0828ms)
✔ a provider-free run and a superseded agent assignment expose no live controls (0.2707ms)
✔ runner grace and offline remain distinct; neither supplies human presence (0.1991ms)
✔ review links bind exact run/task and explain role and requester exclusion (0.4081ms)
✔ missing and historical identities never become fabricated named owners or current controllers (0.1784ms)
✔ draft cache survives surface remounts but never crosses Corp/actor/room/mission (0.2607ms)
✔ actual component navigation only requests exact context; rendering sends no commands (13.6552ms)
✔ actual disconnected component retains readable evidence with an explicit warning (1.2549ms)
✔ actual failed-refresh component distinguishes stale data from a disconnected transport (1.7926ms)
✔ actual component rejects missing receipt freshness and restores controls after a successful refresh (4.9051ms)
✔ App preserves main snapshot metadata and exact-run navigation while passing numeric receipt freshness (6.8168ms)
✔ App embeds existing scoped discussion and pins evidence before exact-run navigation (2.8921ms)
✔ late completion notifies remounted composers without clearing a newer or same-text draft (0.7719ms)
✔ late operation acknowledgment cannot clear a replacement idempotency key (171.0829ms)
✔ actual App selection never substitutes another mission after the selected record disappears (105.7957ms)
✔ actual briefing navigation has a visible destination for legacy empty descriptions (108.5012ms)
✔ verification checks do not change launch intent (1.4375ms)
✔ review navigation cannot turn its click into a form submission (0.3808ms)
✔ ordinary application setup cannot silently fall back to the fake runtime (0.7325ms)
✔ composer uses two clear steps and starts with an empty goal (0.5547ms)
✔ advanced settings and detailed requirements are optional disclosures (1.2662ms)
✔ closing setup preserves the draft and returns to existing mission context (1.0034ms)
✔ explicit links to existing work reveal it without erasing an open draft (0.7631ms)
✔ native creation and explicit held-plan behavior remain unchanged (0.4004ms)
✔ review keeps the exact source and current server-derived allocation visible (0.5237ms)
✔ scope requires four explicit bounded identities and cannot mutate after submission (2.3908ms)
✔ current origin binds the exact view instance, not just equal IDs (0.3099ms)
✔ read issues exactly one encoded, uncached GET with cancellation and no body (8.8075ms)
✔ Direct accepts only exact returned linkage and drops unexpected hidden fields (1.4296ms)
✔ Factory retains only the validated work item, repository, issue number and exact URL (78.194ms)
✔ all four response identities must echo the bound request exactly (26.1985ms)
✔ missing, malformed and older origin responses never become Direct (1.8519ms)
✔ Factory fields are required and null or missing metadata is never partly accepted (2.7415ms)
✔ Factory rejects invalid work-item identities, repository paths and issue numbers (2.5632ms)
✔ only the raw HTTPS GitHub issue URL matching returned repository and number is accepted (3.1473ms)
✔ mixed-case owner/repository URLs match normalized identity and retain display case (1.2231ms)
✔ valid case-preserving repositories and positive safe issue numbers remain verbatim (0.8419ms)
✔ old endpoints, denied authorization and transport failures stay unavailable without raw errors (1.409ms)
✔ a synchronous API failure is contained and clears the read timer (0.476ms)
✔ timeout aborts an unsettled read and suppresses both late success and late failure (0.7541ms)
✔ a settled success or failure cannot be overwritten by an already queued timeout (0.7501ms)
✔ cancellation before the scheduled read prevents even the GET (0.7007ms)
✔ in-flight cancellation ignores transports that resolve or reject after abort (0.7553ms)
✔ component reads once for a valid view and renders truthful Direct copy in one styled paragraph (13.8901ms)
✔ component links only a fully validated Factory response, not extra returned fields (2.4171ms)
✔ all four operating roles may read; guests, spectators and unknown roles never request context (9.5572ms)
✔ invalid or absent scope props render the conservative fallback without requesting (16.1704ms)
✔ failed exact reads preserve #185 positive or unknown fallback without inventing links or hiding failure (9.1356ms)
✔ a failed origin lookup can be retried explicitly without changing the work identities (3.6142ms)
✔ Corp, actor, room and mission changes hide old success and errors before effect cleanup (13.4011ms)
✔ late success and errors from a replaced request cannot update the current component (11.4192ms)
✔ leaving and returning to identical IDs cannot revive an earlier success or failure (3.5516ms)
✔ same-ID reopened pending requests ignore the original response and error after current denial (3.0122ms)
✔ a guest transition revokes displayed source data and returning operators must read again (1.5419ms)
✔ operating-role and API changes also invalidate old privileged context (1.9971ms)
✔ unmount cancels the read and a fresh mount with identical IDs cannot inherit its outcome (3.0936ms)
✔ one builder preserves the complete current creation payload and retained settings (3.4117ms)
✔ provider defaults, supported reasoning and commit-branch semantics match submission (0.4202ms)
✔ existing deterministic fixture semantics are not converted into provider settings (0.4108ms)
✔ scope freezes the exact serialized body and rejects an actor mismatch (0.9436ms)
✔ every request field, Corp and actor invalidate an earlier quote (1.3774ms)
✔ preview debounces, uses the exact creation body, and calls only the read-only preview POST (11.1776ms)
✔ an edit or closing the composer before debounce starts no request (0.4034ms)
✔ an invalidated request is aborted and cannot publish a late successful quote (1.8657ms)
✔ late errors after actor/Corp change or unmount cannot replace the new preview (1.5754ms)
✔ editing away and back still requires a fresh request, not a revived quote (1.0877ms)
✔ allocations are displayed verbatim from the server, not a frontend Studio formula (1.1101ms)
✔ missing or mismatched quote fields never become a current allocation (2.0405ms)
✔ an absent preview endpoint gives a useful failure state without inventing allocations (1.935ms)
✔ preview response is bounded to eight tasks without reallocating server budgets (1.1507ms)
✔ unknown, self, duplicate and oversized dependency references remain unknown allocations (1.0358ms)
✔ retry clears an old failure immediately and can accept a fresh quote (1.9735ms)
✔ timeout clears the quote, aborts the request and ignores a late response (1.0155ms)
✔ App shares the request body, invalidates keyed preview instances and retains native Launch (4.6855ms)
✔ mission selection and Discuss use the authoritative non-first owning room (2.2265ms)
✔ mission, task, run and artifact deep links resolve to the same owning room (0.4279ms)
✔ an explicit room deep link and all-discussion view stay in that room (0.3003ms)
✔ stale, missing and older mission/room projections never fall back to the first room (1.2706ms)
✔ related work is limited to the selected room and mission, not a fixed item count (2.0729ms)
✔ messages are room-filtered before mission links and out-of-order reply ancestry (1.0477ms)
✔ valid room, mission and inherited reply submissions retain the same scope (0.8161ms)
✔ stale actor, Corp, room and mission scopes cannot submit or complete a newer draft (0.4331ms)
✔ a disappearing mission or owning room fences previously valid submissions (0.4741ms)
✔ foreign, missing or stale links and replies cannot silently become general comments (0.6555ms)
✔ guest-shaped and missing Factory projections do not establish Direct origin (0.6402ms)
✔ a mission older than the 500-item Factory window remains origin-unknown (0.3937ms)
✔ a positively matched visible Factory item retains its issue attribution (0.1867ms)
✔ known publication/recovery linkage is generic when intake details are unavailable (0.4434ms)
✔ projection helpers preserve the authoritative input and do not retain hidden origin data (0.3502ms)
✔ the UI uses the tested projection and submission helpers on both discussion entry paths (16.382ms)
✔ scope requires every explicit identity and repository and freezes the view generation (3.6591ms)
✔ the exact scope object, not equal IDs or a prior A -> B -> A view, selects the load (0.5395ms)
✔ one encoded GET is uncached, abortable and body/header/credential free (8.6595ms)
✔ published DTO retains only bound result metadata and leaves raw input untouched (1.7018ms)
✔ only explicit null publication in a correctly scoped response is known absence (2.5589ms)
✔ item and publication scope mismatches never expose links or known absence (7.6852ms)
✔ publication source issue matches the work item without equating authorizer, revisions or checkpoint generations (1.3764ms)
✔ publication and artifact identity tuples plus full digests must all match (2.6177ms)
✔ missing, duplicate and unrelated-first deliverables cannot substitute a result (0.9928ms)
✔ native provenance identity, source/target branches and digests are checked without retaining authority (4.5892ms)
✔ raw GitHub PR URLs allow native slash suffixes but retain exact repository and number checks (4.7257ms)
✔ owner/repository display case is preserved while full hex values compare by bytes (0.6709ms)
✔ PR state, exact head, owner, recorded metadata and phase cannot contradict each other (2.6127ms)
✔ download metadata rejects controls, external/native paths, malformed hashes and invalid sizes (10.3355ms)
✔ pending, PR-created, published and failed publication are distinct without claiming a live app (1.9054ms)
✔ only a different valid pinned run is a mismatch; same-run contradictions stay unavailable (0.9179ms)
✔ loading, denied and stale contexts cannot become a result or known absence (0.6628ms)
✔ denials, missing endpoints and sync/async transport failures stay unavailable without raw errors (1.3145ms)
✔ timeout aborts and suppresses late successes and failures without retries (1.2157ms)
✔ queued timeout callbacks cannot overwrite a settled success, absence or denial (0.6676ms)
✔ cancellation before start issues no GET; in-flight cancellation publishes no late data (0.6991ms)
✔ new same-ID generation remains unavailable after denial despite a prior response completing later (0.6328ms)
✔ requester summary does not ask for a forbidden independent decision (3.013ms)
✔ wrong-role summary explains the existing role requirement (1.5675ms)
✔ eligible independent reviewer keeps the review invitation (1.4529ms)
✔ human gate without requester exclusion still allows the requester (1.5342ms)
✔ completed result does not inherit a pending-review restriction (1.3178ms)
✔ fresh human-only bootstrap can select a runner runtime before any crew exists (3.1814ms)
✔ retired and legacy identities neither enable nor suppress advertised runtimes (0.3504ms)
✔ studio requires the exact selected source on a connected runner, not another repository (0.4449ms)
✔ source repository and commit matching are case-insensitive but ref matching is exact (0.3065ms)
✔ unavailable runtimes and non-runtime capabilities are not mission options (1.4046ms)
✔ catalog merging prefers an enabled model without changing the source snapshot (0.7403ms)
✔ unscoped status and crew include ready connection-bound runtimes, but dispatch keeps its exact binding (1.1431ms)
✔ studio always selects Copilot even when another runtime was requested (0.2549ms)
✔ studio does not fall back to another provider or an unavailable Copilot runtime (0.5714ms)
✔ solo selection and deterministic fixtures retain their runtime contracts (0.5551ms)
✔ a disappearing explicit runtime cannot silently switch provider with stale model settings (0.2645ms)
✔ studio uses enabled Copilot model settings or an explicit provider default (0.3072ms)
✔ fixtures ignore hidden provider model settings (0.1597ms)
✔ normal UI bootstrap opts out of seeded crew without changing fixture tooling (13.8237ms)
✔ runtime character descriptors match the shipped manifest, PNG dimensions, and original file bytes (25.1427ms)
✔ named characters and stable worker identities retain their appearance across reordered snapshots (0.7389ms)
✔ numeric roster positions wrap without producing missing characters, and invalid numbers use the default (0.2298ms)
✔ walking uses the original three poses in a 0,1,2,1 cycle at the 150ms boundaries (0.4264ms)
✔ idle, typing, reading and facing use the actual source-sheet rows and columns (0.3695ms)
✔ invalid or negative animation time selects the first pose without invalid source coordinates (0.3588ms)
✔ every animation and direction remains inside a real sheet after long-running animation (0.5018ms)
✔ default floor distinguishes connected workers from offline and test registrations (2.4466ms)
✔ omitted and null retirement fields keep legacy and mission identities available (0.2754ms)
✔ every non-null retirement excludes an identity regardless of pin, date, or reported work (0.3151ms)
✔ retired identity remains resolvable in the unmodified historical snapshot (1.387ms)
✔ retiring the selected agent falls back to current crew, including the empty-roster case (0.3721ms)
✔ pagination filters retirement before assigning seats without mutating order (0.6697ms)
✔ idle does not become working or reviewing from a stale station or pending run request (0.389ms)
✔ working and blocked status still derive from exact server state and current-run requests (0.3248ms)
✔ #154: a selected worker on a later studio is located on initial mount and selection changes (0.5813ms)
✔ #154: studio lookup follows retirement repagination, not stale seat indexes (0.591ms)
✔ #154: manual paging survives snapshots, but another selected agent resets page and zoom (0.6322ms)
✔ #154: retirement moving the selected agent to a different page resets the camera (0.2693ms)
✔ #154: mounting or remounting the same starting run never fabricates an arrival (0.2633ms)
✔ #154: only an observed new active run can animate once, and reduced motion wins (0.3134ms)
✔ #154: blocked work takes recovery priority over both idle and ordinary active work (0.4937ms)
✔ #154: exact approvals keep priority, and only an unblocked empty floor offers new work (0.2688ms)
✔ history inspectors retain the full snapshot while the floor uses current identities (17.0496ms)
✔ Factory activity prioritizes the exact outcome review, then tool approval, before newer work (4.3684ms)
✔ selection ignores terminal, denied and foreign tool approvals without inventing a run (0.4195ms)
✔ terminal runs cannot become reviewable or active from dangling pending decision records (32.1544ms)
✔ live task, agent, control, timestamps and safe activity come from one scope without mutation (1.5083ms)
✔ a stale Running intake never claims that a cancelled provider is active (1.19ms)
✔ pending exact-run outcome review is distinct from an active provider and completion (0.9701ms)
✔ tool authority and unavailable decision context do not become outcome approval (2.1605ms)
✔ a completed run is not automatically a completed mission or published application (1.2827ms)
✔ retained data cannot claim current execution: {"connection":"offline"} (0.9729ms)
✔ retained data cannot claim current execution: {"connection":"connecting"} (1.0649ms)
✔ retained data cannot claim current execution: {"snapshotFailed":true} (0.7533ms)
✔ retained data cannot claim current execution: {"snapshotReceivedAt":null} (0.4449ms)
✔ grace, offline and wrong-Corp runner records cannot establish provider liveness (1.5512ms)
✔ runner loss and uncertain teardown remain unknown until a positive termination receipt (3.7623ms)
✔ verifier-only runs never appear as a running model (0.8294ms)
✔ quarantine and protected stops stay prominent even with stale transport (2.0343ms)
✔ failed verification, cancelled work and unknown execution modes remain explicit (1.6685ms)
✔ missing, duplicate or foreign task context cannot fall back to another run (1.0864ms)
✔ activity is scoped, deduplicated, ordered, bounded and never reveals raw payloads (3.4853ms)
✔ missing start, invalid clocks and backwards timestamps do not invent a duration (1.4561ms)
✔ expired leases and foreign attribution do not display an active controller (1.5622ms)
✔ actual React detail component reuses current classes, native disclosure and escaped text (19.8995ms)
✔ the Factory integration uses the existing exact-run selector, scoped snapshot and old callbacks (2.8467ms)
✔ a burst of 1000 streamed events schedules one snapshot instead of 1000 requests (2.5484ms)
✔ events arriving during a request produce exactly one trailing snapshot (5.5818ms)
✔ the final event during the trailing request is not dropped (1.2974ms)
✔ disposing before a scheduled refresh prevents any fetch (0.4665ms)
✔ disposing an actor/Corp scope aborts its request and drops trailing work (2.3621ms)
✔ refresh failures are handled and a later event can still refresh (0.8644ms)
✔ a disposed scope does not report an obsolete aborted read as a new UI error (0.9073ms)
✔ websocket events use the coalescer and cleanup cancels its read scope (4.1907ms)
✔ initial connection is bounded, cancellable and offers retry rather than mission restart (4.4108ms)
✔ actual App presence polling only runs for open connection-dependent views, without reconnecting the event socket (250.0686ms)
✔ artifact defaults retain the current wire shape and do not share mutable values (2.2666ms)
✔ file defaults retain the current wire shape and do not share mutable values (0.1764ms)
✔ command defaults retain the current wire shape and do not share mutable values (0.1791ms)
✔ test defaults retain the current wire shape and do not share mutable values (0.2175ms)
✔ json_schema defaults retain the current wire shape and do not share mutable values (1.2279ms)
✔ screenshot defaults retain the current wire shape and do not share mutable values (0.1662ms)
✔ check summaries preserve paths, argument boundaries, byte floors, JSON keys, and rounded timeouts (18.098ms)
✔ array summaries distinguish item boundaries and preserve exact argument and key values (0.5034ms)
✔ byte-counted summaries use singular byte only for the one-byte floor (0.3982ms)
✔ empty and oversized policies remain invalid, with the 16-check boundary accepted (0.742ms)
✔ invalid byte floor 0 is reported for every byte-counted check (0.2747ms)
✔ invalid byte floor -1 is reported for every byte-counted check (0.1153ms)
✔ invalid byte floor NaN is reported for every byte-counted check (0.1286ms)
✔ invalid byte floor Infinity is reported for every byte-counted check (0.0849ms)
✔ validation preserves check order and reports missing paths, programs, timeout bounds, and JSON keys (0.444ms)
✔ manual gates require allowed roles without changing requester-exclusion semantics (0.2397ms)
✔ preserves the existing advisory-validator scope; server schema/path authorization remains authoritative (0.6106ms)
✔ check transformations create new drafts while retaining unchanged evidence checks and gate identity (0.3432ms)
✔ gate transitions preserve checks and retain current deliberate resets even when reselecting a gate type (0.2296ms)
✔ verification labels retain their current wording and fallback formatting (0.257ms)
✔ WorkResultCard exposes its status and supplied content with metadata collapsed by default (16.7385ms)
✔ ready PR retains its exact URL and only an explicit download invokes the matching callback (18.6147ms)
✔ loading, unavailable and no-publication states do not fabricate a PR or perform actions (4.186ms)
✔ a historical review mismatch changes selection only through explicit Go to delivered result (2.9528ms)
✔ an unavailable delivered-run target preserves the historical selection and only offers refresh (221.8162ms)
✔ a failed publication with a recorded PR remains inspectable without being labeled Published (8.4995ms)
✔ Published is not merged or deployed and its collapsed details never invent a running preview (7.6562ms)
✔ expired artifact retention does not hide an existing PR or replace server download validation (13.2083ms)
✔ actual hook hides prior result before cleanup and aborts on each exact scope change (35.9747ms)
✔ actual hook fences late success and failure before cleanup and after replacement (15.6026ms)
✔ actual hook close and reopen with identical IDs cannot revive old ready or pending data (16.4879ms)
✔ actual hook treats positive revision as one refresh hint and never retries failure on render (39.705ms)
✔ actual App origin-unavailable branch offers manual Refresh work context with no PR CTA (9.4955ms)
✔ actual App first-hop retry exposes the authorized result without moving pinned evidence (20.8477ms)
✔ actual App fallback reports unavailable review details for an unresolved run or request (15.3565ms)
✔ actual work pickers retain a deep-linked historical mission outside the recent eight (68.1713ms)
✔ actual work pickers do not duplicate a recent selection or invent an absent mission (58.4102ms)
✔ related work includes the third mission, task, run and artifact (2.1181ms)
✔ work links name the actual work rather than presenting only opaque IDs (0.2053ms)
✔ related options deduplicate repeated snapshot references (0.2108ms)
✔ mission discussion retains nested replies, including out-of-order snapshots (2.2514ms)
✔ task, run and artifact comments inherit the owning mission only (0.4242ms)
✔ unlinked cycles and missing ancestors cannot manufacture mission context (0.2876ms)
✔ context helpers leave authoritative messages and work objects unchanged (0.3082ms)
✔ work selection follows the owning authorized mission and rejects unknown links (0.2968ms)
✔ human review and automated verification are not advertised as live model sessions (0.4134ms)
✔ enterprise task labels explain the legacy studio lane keys (0.479ms)
✔ review eligibility explains requester exclusion without bypassing the policy (0.5953ms)
✔ a pending evidence review selects its run rather than a newer active worker (0.3621ms)
✔ a tool-approval wait cannot hide a different pending evidence review (0.2193ms)
✔ review selection rejects mismatched tasks, terminal runs and non-pending requests (0.2912ms)
✔ explicit evidence selection stays bound to that run and cannot inherit another review (0.2635ms)
✔ unselected evidence follows remaining reviews and retains snapshot order without mutation (0.4073ms)
✔ a decided run remains selected until the operator deliberately chooses the next review (0.2049ms)
✔ mission UI binds evidence and decisions and pins the target before submitting (14.1739ms)
✔ runner revision is stable for reordered equivalent records without sorting the input (2.5237ms)
✔ runner revision ignores heartbeat, display and capability churn (0.2587ms)
✔ runner revision changes only when lifecycle identity or presence records change (0.3025ms)
✔ offline presence requests revalidation without rewriting endpoint readiness (0.3531ms)
✔ reconnect mismatch remains a hint until the endpoint itself returns ready presence (0.3362ms)
✔ unknown presence is false and same-ID foreign runners cannot supply presence (1.0263ms)
✔ presence hints never promote or erase native sign-in and installation states (0.6466ms)
✔ revision and presence helpers leave source, models, identity and selection immutable (0.6021ms)
✔ saved choice and source remain present while its machine is offline (0.2889ms)
✔ ready metadata alone cannot borrow another connection or source for dispatch (0.4171ms)
✔ connection UI identity is scoped to actor and room (0.1857ms)
✔ native sign-in instructions cannot navigate to another host or credential-bearing URL (0.2962ms)
✔ accepts matching current contracts, aliases, CRLF and historical prose outside markers (76.7152ms)
✔ rejects added source validation command and reports expected and actual (51.3792ms)
✔ rejects removed source validation command and reports expected and actual (48.8125ms)
✔ rejects reordered source validation command and reports expected and actual (42.511ms)
✔ rejects changed documented commands; correcting the documented sequence restores passing (74.9895ms)
✔ accepts quoted literal Node globs through aliases while preserving quoted versus shell-expanded arguments (76.2149ms)
✔ rejects a source SDK bump until both current compatibility docs are updated (62.9472ms)
✔ rejects a source CLI bump until both current compatibility docs are updated (52.331ms)
✔ rejects missing opening marker instead of silently dropping a required documentation contract (45.1269ms)
✔ rejects missing closing marker instead of silently dropping a required documentation contract (46.9405ms)
✔ rejects duplicate block instead of silently dropping a required documentation contract (41.8016ms)
✔ rejects reversed markers instead of silently dropping a required documentation contract (42.9115ms)
✔ rejects inline marker instead of silently dropping a required documentation contract (53.0518ms)
✔ requires every current runtime contract and a single SDK and CLI claim inside each (56.048ms)
✔ rejects missing root alias in the authoritative command sequence (65.1999ms)
✔ rejects cyclic root aliases in the authoritative command sequence (49.108ms)
✔ rejects shell pipeline in the authoritative command sequence (50.2509ms)
✔ rejects quoted shell expansion in the authoritative command sequence (76.0524ms)
✔ rejects empty command in the authoritative command sequence (55.1693ms)
✔ rejects unsupported alias arguments in the authoritative command sequence (62.3628ms)
✔ rejects unknown documented aliases and malformed command fences (60.0604ms)
✔ reports missing required documents and an invalid source manifest without silently skipping them (55.7454ms)
✔ fails closed for unconstrained SDK dependency (55.3276ms)
✔ fails closed for SDK pin in wrong table (61.18ms)
✔ fails closed for duplicate SDK declaration (53.648ms)
✔ fails closed for missing named runtime constant (43.737ms)
✔ fails closed for duplicate runtime constant (55.6366ms)
✔ relocated CLI resolves its own repository, executes no documented command, and exits nonzero for drift (323.19ms)
✔ checkpoint fixture produces a complete, independently tested local application (433.6834ms)
✔ read-only executable hashing accepts Cargo/Git hardlinks without relaxing source isolation (26.5588ms)
✔ exact terminal metadata produces actionable failure and missing-evidence findings using GET only (19.1177ms)
✔ listed artifact is run-scoped metadata and never establishes content or attempt verification (1.9168ms)
✔ refuses active parent (0.8821ms)
✔ refuses wrong repository (0.3557ms)
✔ refuses foreign head repository (0.4341ms)
✔ refuses different workflow (0.3275ms)
✔ refuses different head (0.2886ms)
✔ refuses different attempt (0.3114ms)
✔ refuses job from other attempt (0.5989ms)
✔ refuses job from other head (0.6606ms)
✔ refuses duplicate job (0.5524ms)
✔ refuses unfinished job (0.4254ms)
✔ refuses foreign artifact (0.456ms)
✔ refuses excess artifacts (1.2531ms)
✔ complete bounded job pagination is required and supported (7.4373ms)
✔ pagination total drift and final run drift refuse a completed observation (1.5529ms)
✔ expired artifacts and unexplained parent failure remain reviewable rather than passing (0.9974ms)
✔ same-source replay is a no-op; changed facts retain revisions and mark no-longer-observed findings (3.5253ms)
✔ previous hash tampering refuses before network reads (0.2653ms)
✔ forged previous findings fail integrity or semantic reconstruction; source changes require a new scope (3.0128ms)
✔ newer prior observations and attempts do not flow backward (2.7818ms)
✔ secret-bearing fields and supplied links never enter a receipt or executable Markdown (1.2109ms)
✔ native read budget rejects alternate endpoints, oversized metadata and late responses (1.1748ms)
✔ omitting all required jobs cannot turn one replacement success job into a complete maintenance result (0.8217ms)
✔ required skipped job needs review even when an earlier run artifact is listed (0.6966ms)
✔ required neutral job needs review even when an earlier run artifact is listed (0.5936ms)
✔ failed GETs consume the finite shared admission budget without retries (0.6055ms)
✔ CLI writes new bounded files and refuses output reuse; failures retain no raw API error (43.9795ms)
✔ hosted context binds default observer branch, event and exact parent; local mode makes no hosted claim (11.1674ms)
✔ CLI accepts only bounded exact selection and a complete prior pin (0.4644ms)
✔ CI workflow: exact Windows runner failure produces a scoped read-only handoff (1.4485ms)
✔ CI workflow: complete successful jobs need only their own declared report artifacts (1.0836ms)
✔ CI workflow: required artifact-free jobs remain required and must execute (0.7871ms)
✔ Repository checks retains its published contract and previous-receipt no-op semantics (1.451ms)
✔ CI completeness refuses skipped artifact-free required jobs (0.8008ms)
✔ CI completeness refuses neutral artifact-free required jobs (1.1763ms)
✔ CI completeness rejects replacement jobs and requires only CI report metadata (1.5297ms)
✔ CI observation is not a parent-pass claim and does not inspect diagnostic artifacts (1.2546ms)
✔ workflow profiles cannot reuse each other's receipts even at the same source (3.8496ms)
✔ CI identity refuses unknown workflow path (0.2894ms)
✔ CI identity refuses workflow-ID substitution (0.2453ms)
✔ CI identity refuses workflow-name substitution (0.2167ms)
✔ CI identity refuses workflow-path substitution (0.301ms)
✔ CI identity refuses foreign repository (0.2115ms)
✔ CI identity refuses fork head repository (0.7412ms)
✔ CI identity refuses wrong source head (0.2194ms)
✔ CI identity refuses wrong attempt (0.1966ms)
✔ CI identity refuses active CI parent (0.205ms)
✔ reader allowlist admits exactly the two workflow metadata routes (0.3658ms)
✔ hosted CI event binds workflow identity to the selected native parent (53.7366ms)
✔ workflow trigger keeps trusted observer checkout and read-only scopes for both producers (16.2077ms)
✔ consumer rereads native state using trusted routing and tolerates only observation timing changes (6.9786ms)
✔ consumer refuses task contract revision drift in a fresh observation (1.9886ms)
✔ consumer refuses source base commit drift in a fresh observation (0.9899ms)
✔ consumer refuses verifier digest drift in a fresh observation (1.1825ms)
✔ consumer refuses another actor scope drift in a fresh observation (1.4722ms)
✔ explicit run and mode selections fail before contacting a server (0.8229ms)
✔ denied or unavailable current data does not fall back to a previously passing receipt (0.5343ms)
✔ a matching failed native outcome cannot be consumed as accepted completion (0.7531ms)
✔ file consumption requires the exact expected byte hash and a bounded valid receipt (40.434ms)
✔ receipt file reads accumulate short native reads before validating bytes (33.3723ms)
✔ receipt file truncate during short reads fails before parsing (6.6481ms)
✔ receipt file grow during short reads fails before parsing (12.7745ms)
✔ framed stat metadata survives arbitrary chunk boundaries without payload disclosure (2.4134ms)
✔ unrelated RPCs and read-file contents are not recorded (1.2121ms)
✔ a response ID type change is visible without recording identifier values (0.6416ms)
✔ oversized frames are skipped without parsing nested payload text as requests (0.3951ms)
✔ optional wire observation forwards exact bytes and drains the child (333.4046ms)
✔ a matching request needs a durable rejection and settled run (1.5762ms)
✔ terminal provider without permission is inconclusive, never a pass (1.1574ms)
✔ a rejected but unrelated permission does not satisfy the requested boundary (0.2413ms)
✔ approval acceptance, expiry or missing persisted decision cannot pass (0.3577ms)
✔ a decision or final run from another identity is rejected (0.2167ms)
✔ a provider that has not settled cannot pass the boundary (0.2173ms)
✔ all independent boundary results are required for complete coverage (1.4926ms)
✔ later passing cases remain visible after an earlier inconclusive case (0.3223ms)
✔ duplicate, unknown and malformed results cannot manufacture complete coverage (1.5752ms)
✔ accepts an exact seed and credential-free children of the owned runner (4.5336ms)
✔ a marker elsewhere or an arbitrary GITHUB_TOKEN is not a proven seed (1.8483ms)
✔ absent, ambiguous or foreign runner seed records cannot establish the precondition (1.4856ms)
✔ runner seed booleans must be explicit, not truthy or absent (1.5513ms)
✔ missing spawn and undefined parent IDs cannot accidentally correlate (0.5522ms)
✔ runner spawn must be unique, current and tied to the owned observer (1.2744ms)
✔ a seed observed only after runner spawn cannot prove the launch precondition (0.5294ms)
✔ missing or foreign provider observations cannot satisfy the required count (1.8457ms)
✔ a wrong-parent provider is rejected rather than silently filtered out (0.5771ms)
✔ provider identity and absence booleans must be explicit and valid (1.557ms)
✔ missing ownership and zero or malformed minimums never allow a vacuous pass (1.1266ms)
✔ actual successful relative, absolute and round-trip view results are required (1.8264ms)
✔ provider self-report and final file existence are not native-read evidence (0.8766ms)
✔ a missing absolute read or readback cannot pass (1.0162ms)
✔ missing-file errors and successful-but-wrong content remain failures (0.4578ms)
✔ wrong-session or conflicting tool results cannot manufacture evidence (1.1472ms)
✔ an external path with the same filename is not the assigned seed (0.2464ms)
✔ an incomplete stream is explicitly incomplete, not successful empty coverage (0.1673ms)
✔ runner observation proves the synthetic credential was inherited (250.0811ms)
✔ a missing seed fails before starting a runner (146.3829ms)
✔ provider observation confirms removal before invoking the real binary (314.7524ms)
✔ an inherited provider credential fails before any provider execution (174.9663ms)
✔ a marker under another key cannot hide a missing runner GITHUB_TOKEN seed (209.0614ms)
✔ a different token plus an unrelated marker cannot manufacture an exact runner seed (191.8957ms)
✔ a provider token other than the canary is still rejected before child execution (166.0741ms)
✔ a provider canary under another key remains a failing credential boundary (172.723ms)
✔ uninvoked production modules remain in the coverage denominator with zero hits (13.2788ms)
✔ missing production files cannot produce a passing partial coverage result (1.1807ms)
✔ duplicate and out-of-scope files cannot inflate the denominator (1.3811ms)
✔ missing, duplicate and impossible native counts are rejected (0.4665ms)
✔ truncated records are never accepted as completed coverage evidence (0.2688ms)
✔ zero available branches are reported as not applicable instead of fabricated 100 percent (0.2911ms)
✔ issue195 public receipt binds parent binaries, pinned runtime identity, and distinct task source (11.1653ms)
✔ explicit current fixture hash, suspend tokens, and missing-artifact switch normalize without disk reads (1.4095ms)
✔ rebuilt server/runner receipt hashes and an explicit rebuilt CLI hash remain valid and bound (5.788ms)
✔ all required options are explicit; help is inert (2.0304ms)
✔ every duplicate value option and duplicate boolean switch fails closed (3.6421ms)
✔ unknown targets, positionals, missing operands, and equals-form options are rejected (1.136ms)
✔ configuration rejects old issue190 (0.4546ms)
✔ configuration rejects string issue number (0.296ms)
✔ configuration rejects parent rather than candidate code (0.4838ms)
✔ configuration rejects runtime commit used as task source (0.6225ms)
✔ configuration rejects unpinned source ref (0.3387ms)
✔ configuration rejects another runner (0.2553ms)
✔ configuration rejects unowned receipt (0.7167ms)
✔ configuration rejects not-running supervisor (0.4903ms)
✔ configuration rejects missing owner (0.5031ms)
✔ configuration rejects invalid owner (0.9578ms)
✔ configuration rejects changed code checkout (0.206ms)
✔ configuration rejects changed source checkout (0.1871ms)
✔ configuration rejects changed worktree root (0.196ms)
✔ configuration rejects invalid server digest (0.2247ms)
✔ configuration rejects invalid runner digest (0.3099ms)
✔ configuration rejects executable substitution (0.5924ms)
✔ configuration rejects binary outside owned bin (0.5399ms)
✔ configuration rejects missing public process (0.3489ms)
✔ configuration rejects wrong process role (0.5553ms)
✔ configuration rejects wrong process workspace (0.6326ms)
✔ configuration rejects invalid process pid (0.5848ms)
✔ configuration rejects invalid process start (0.5233ms)
✔ synthetic VerifyRun evidence distinguishes awaiting independent review from accepted completion (14.8164ms)
✔ forced commit_branch export rejection is a named failure, never archive bypass or approval (2.9803ms)
✔ missing-required-provider-Artifact negative shares the native checks without inventing bytes (3.532ms)
✔ assessRecovery refuses original usage rewritten (3.6316ms)
✔ assessRecovery refuses original output history changed (4.144ms)
✔ assessRecovery refuses provider-attempt counter reset (3.3588ms)
✔ assessRecovery refuses provider-attempt maximum changed (2.2439ms)
✔ assessRecovery refuses source incident changed (2.9298ms)
✔ assessRecovery refuses checkpoint authority absent (3.9918ms)
✔ assessRecovery refuses different context source (2.1115ms)
✔ assessRecovery refuses budget reset hidden in context (2.2235ms)
✔ assessRecovery refuses another native recovery (2.0804ms)
✔ assessRecovery refuses source-correction instead of verification (2.3462ms)
✔ assessRecovery refuses recovery contract revision (2.5458ms)
✔ assessRecovery refuses changed recovery reason (2.0173ms)
✔ assessRecovery refuses weakened replacement policy (1.8633ms)
✔ assessRecovery refuses new provider session (2.6707ms)
✔ assessRecovery refuses allocated model tokens (2.3321ms)
✔ assessRecovery refuses allocated model cost (2.0725ms)
✔ assessRecovery refuses consumed input tokens (1.8028ms)
✔ assessRecovery refuses consumed output tokens (2.8758ms)
✔ assessRecovery refuses consumed model cost (3.353ms)
✔ assessRecovery refuses different workspace root run (2.5007ms)
✔ assessRecovery refuses replacement workspace not preserved (2.253ms)
✔ assessRecovery refuses replacement fingerprint changed (2.3582ms)
✔ assessRecovery refuses invented provider artifact (3.2676ms)
✔ assessRecovery refuses provider event outside snapshot window (2.322ms)
✔ assessRecovery refuses native command acknowledgment missing (1.7739ms)
✔ assessRecovery refuses missing native app check (2.133ms)
✔ assessRecovery refuses evidence kind mismatch (2.1473ms)
✔ assessRecovery refuses independent-review self-approval (2.0886ms)
✔ assessRecovery refuses accepted run before gate decision (1.8597ms)
✔ assessRecovery refuses missing factory completion event (1.2402ms)
✔ assessRecovery refuses empty source deliverable (1.903ms)
✔ assessRecovery refuses wrong deliverable provenance (2.2791ms)
✔ download validation uses in-memory bytes and checks payload digests without claiming a browser test (3.2887ms)
✔ configuration refuses target http://localhost:18574 (0.3548ms)
✔ configuration refuses target https://127.0.0.1:18574 (0.1229ms)
✔ configuration refuses target http://127.0.0.1:18574/ (0.1042ms)
✔ configuration refuses target http://127.0.0.1:18575 (0.0975ms)
✔ configuration refuses target http://127.0.0.1:8791 (0.1379ms)
✔ configuration refuses target http://127.0.0.1:18574/api (0.1312ms)
✔ configuration refuses target http://127.0.0.1:18574?x=1 (0.0942ms)
✔ configuration refuses target http://example.invalid:18574 (0.0898ms)
✔ configuration refuses target http://user:password@127.0.0.1:18574 (0.0922ms)
✔ configuration refuses target http://[::1]:18574 (0.0951ms)
✔ absolute path and owned-output boundaries reject aliases, devices, UNC, ADS, and root reuse (3.2315ms)
✔ explicit independent reviewer, valid digest, and bounded numeric options are mandatory (5.706ms)
✔ reports expose hashes and constrained identity, never receipt metadata or provider output (1.4546ms)
✔ saved report cannot adopt changed authority, extra fields, or identities without prior intent (5.1121ms)
✔ baseline and journal never consult the bounded snapshot.events window (30.5628ms)
✔ baseline preserves every pre-existing missions record (1.6489ms)
✔ baseline preserves every pre-existing tasks record (1.1697ms)
✔ baseline preserves every pre-existing runs record (0.9262ms)
✔ baseline preserves every pre-existing factory_work_items record (1.1717ms)
✔ baseline preserves every pre-existing factory_verification_recoveries record (0.8872ms)
✔ baseline preserves every pre-existing verification_evidence record (0.9076ms)
✔ baseline preserves every pre-existing verification_requests record (0.8898ms)
✔ baseline preserves every pre-existing source_deliverables record (1.7304ms)
✔ baseline preserves every pre-existing mission_contract_revisions record (1.0299ms)
✔ baseline preserves every pre-existing mission_budget_revisions record (0.9704ms)
✔ baseline preserves every pre-existing action_approvals record (1.4073ms)
✔ baseline preserves every pre-existing circuit_breaker_incidents record (1.0718ms)
✔ baseline permits additive rows and events while forbidding live work and missing history tables (2.128ms)
✔ journal requires exact Ready watermark, ordered unique same-Corp events, and bounded count (0.834ms)
✔ buildPlan is deterministic, fresh, output-owned, and mirrors one ready synthetic issue (1.7503ms)
✔ factory argv remains pinned and recovery only appends the exact checkpoint mode and recorded reason (1.4542ms)
✔ persisted app, base-file, exact hash command and independent-review checks cannot be replaced by Artifact (8.7035ms)
✔ checkpoint digests use Rust field order, preserve app policy, and retain forced commit_branch authority (0.8508ms)
✔ invokeFactory uses only injected child I/O, a bounded timeout, and a non-inherited environment (1.972ms)
✔ invokeFactory never retries an uncertain execution or logs raw stdout/stderr (1.8984ms)
✔ explicit Windows assessment preserves historical paths on every host (4.2621ms)
✔ default host assessment still rejects foreign path namespaces (0.9951ms)
✔ assessOriginal binds native stop from full replay, not snapshot.events (1.5999ms)
✔ assessOriginal binds native suspend from full replay, not snapshot.events (2.3072ms)
✔ assessOriginal rejects provider attempt increment without accepting or replacing work (1.5245ms)
✔ assessOriginal rejects attempt ceiling revision without accepting or replacing work (0.8826ms)
✔ assessOriginal rejects current budget revision without accepting or replacing work (0.933ms)
✔ assessOriginal rejects original budget rewrite without accepting or replacing work (0.7164ms)
✔ assessOriginal rejects persisted hash verifier removal without accepting or replacing work (0.9084ms)
✔ assessOriginal rejects manual gate weakening without accepting or replacing work (1.2533ms)
✔ assessOriginal rejects contract source replacement without accepting or replacing work (1.0033ms)
✔ assessOriginal rejects write scope replacement without accepting or replacing work (0.7633ms)
✔ assessOriginal rejects archive bypass of forced commit_branch without accepting or replacing work (1.1847ms)
✔ assessOriginal rejects provider secret authority without accepting or replacing work (1.1402ms)
✔ assessOriginal rejects extra provider run without accepting or replacing work (1.7594ms)
✔ assessOriginal rejects extra task without accepting or replacing work (0.888ms)
✔ assessOriginal rejects changed factory owner without accepting or replacing work (0.7033ms)
✔ assessOriginal rejects changed issue revision without accepting or replacing work (0.6815ms)
✔ assessOriginal rejects wrong assigned runner without accepting or replacing work (0.857ms)
✔ assessOriginal rejects producer reviewing itself without accepting or replacing work (0.8516ms)
✔ assessOriginal rejects source-checkout execution without accepting or replacing work (0.9149ms)
✔ assessOriginal rejects quarantined checkpoint without accepting or replacing work (0.7383ms)
✔ assessOriginal rejects loop-counter change without accepting or replacing work (0.8899ms)
✔ assessOriginal rejects rewritten usage without accepting or replacing work (0.8635ms)
✔ assessOriginal rejects invented provider artifact without accepting or replacing work (0.7908ms)
✔ assessOriginal rejects checkpoint missing without accepting or replacing work (1.3163ms)
✔ assessOriginal rejects checkpoint policy digest changed without accepting or replacing work (0.8685ms)
✔ assessOriginal rejects provider still alive without accepting or replacing work (0.867ms)
✔ assessOriginal rejects budget command not acknowledged without accepting or replacing work (0.8261ms)
✔ assessOriginal rejects budget incident missing without accepting or replacing work (0.8254ms)
✔ assessOriginal rejects previously recorded run missing without accepting or replacing work (0.7527ms)
✔ assessOriginal rejects accepted provider progress hidden before snapshot window without accepting or replacing work (0.7907ms)
✔ suite pauses for native browser review by default and only observes external approval on continuation (45.7253ms)
✔ suite retains native forced-commit export failure and performs no review, download, or policy bypass (16.3013ms)
✔ suite missing-Artifact negative is explicit rejection, not verified delivery or fabricated provider evidence (16.7812ms)
✔ --continue cannot create a baseline or begin an unrecorded mutation (6.0713ms)
✔ unknown create response is never retried; continuation times out without adopting replacement work (39.7474ms)
✔ lost create response reconciles the exact item/run, but --continue cannot authorize recovery (17.0679ms)
✔ lost recovery response binds the recorded replacement; continuation only pauses for its exact browser gate (28.2526ms)
✔ external browser approval completes exact recorded work without retries or erasing earlier failure history (50.2255ms)
✔ suite never mutates when independent reviewer is missing (5.7981ms)
✔ suite never mutates when independent reviewer is not human (4.7134ms)
✔ suite never mutates when independent reviewer is unauthorized role (7.6747ms)
✔ suite never mutates when independent reviewer is guest (5.3537ms)
✔ suite never mutates when independent reviewer is wrong Corp (5.5471ms)
✔ failed intent persistence or changed parent inputs prevents the corresponding native effect (28.2816ms)
✔ a colliding synthetic item without saved create intent is never adopted or mutated (6.2317ms)
✔ wrong physical base bytes stop before recovery; tampered downloads stop without another attempt (57.3005ms)
✔ --continue fails closed when recorded work disappears, with no new mission or native retry (48.5775ms)
✔ explicit browser-review flag preserves the default two-step flow without a scripted-review mode (20.6859ms)
✔ browser-review pause cannot be continued with substituted gate identities or reviewer (22.3016ms)
✔ production I/O exposes no review POST and confines injected requests to exact GET routes (36.3992ms)
✔ runtime factory adapter never retries an ambiguous injected CLI call (1.9074ms)
✔ server-upgrade option is explicit, continue-only, and confined to the owned runtime directory (29.5546ms)
✔ server-only upgrade retains the original binding/failure and separately records server provenance read-only (34.4586ms)
✔ upgrade rejects runner/web/CLI changes, a mismatched old binding, and conflicting server provenance (23.8972ms)
✔ same-verifier native checkpoint re-attestation accepts a real run_id-only VerificationRequest (3.3788ms)
✔ checkpoint re-attestation cannot target another run, duplicate an ACK, or permit provider usage (4.4354ms)
✔ strict phase parsing and explicit opt-in (5.8834ms)
✔ reject manual/default/aliased ports, credentials, ambiguous URLs and mismatched environment before API access (6.9649ms)
✔ verification is GET-only and no phase can call decision/reset/bootstrap/foreign-Corp routes (3.0693ms)
✔ prepare → newer approved → isolated replay observation → explicit older approval → automatic synthesis (137.3955ms)
✔ lost create response adopts exact marker without sending a second create (23.5021ms)
✔ unknown create that never arrived fails closed, never creates a replacement (3.6921ms)
✔ lost revision response replays the exact native UUID and preserves only two revisions (48.4534ms)
✔ lost launch response recovers exact root IDs by readback, never dispatches again (30.1938ms)
✔ wrong source/pinned staffing/non-quiescent fixture rejected before any POST (2.6362ms)
✔ cannot skip intermediate observation or approve the older run first (53.8032ms)
✔ exact reviewer attribution, artifact binding and no second decision are enforced (76.4441ms)
✔ duplicate decision event and journal rollover cannot pass as replay isolation (55.4879ms)
✔ checkpoint fixture mismatch and modified pre-existing rows are rejected (36.0143ms)
✔ failed artifact download is rechecked on prepare resume without more POSTs (26.586ms)
✔ linux: native unavailable admission is a verified refusal, not provider success (329.775ms)
✔ darwin: native unavailable admission is a verified refusal, not provider success (292.8985ms)
✔ Windows: an unavailable provider remains a failure (250.6426ms)
✔ Unix: accidentally accepting an unsupported provider fails the contract (240.6926ms)
✔ Unix: an unrelated admission failure cannot stand in for containment refusal (226.1052ms)
✔ Unix: a refusal with a persisted run is rejected (271.2111ms)
✔ Unknown runner platforms fail before resetting a fixture (151.6922ms)
✔ A Linux expectation cannot conceal an unavailable Windows runner (195.5249ms)
✔ Unknown reported runner OS fails before creating provider work (209.2175ms)
✔ An owned child stuck on HTTP is reaped before fixture cleanup (2046.154ms)
✔ explicit CLI and parent runtime receipt reuse retain owner/source/process binding (9.9856ms)
✔ additive request changes only the fixture case, keeps native 5000 authority and no delivery/resume (0.8926ms)
✔ shared client sends exact additive create/launch bodies without retries or extra routes (39.4193ms)
✔ pure native trace accepts actual ACK before failure/termination without prescribing that order (7.7804ms)
✔ pure native trace accepts actual ACK between failure/termination without prescribing that order (3.6092ms)
✔ pure native trace accepts actual ACK after failure/termination without prescribing that order (2.0514ms)
✔ pure evidence rejection: missing actual artifact rejection (1.6881ms)
✔ pure evidence rejection: unrelated failure (1.3996ms)
✔ pure evidence rejection: termination before failure is not the race (2.4076ms)
✔ pure evidence rejection: missing termination is not success (2.2722ms)
✔ pure evidence rejection: missing ACK remains unproven (1.5765ms)
✔ pure evidence rejection: wrong command correlation (1.4211ms)
✔ pure evidence rejection: wrong ACK runner (1.0084ms)
✔ pure evidence rejection: foreign session event scope (0.6984ms)
✔ pure evidence rejection: non-native event attribution (1.2807ms)
✔ pure evidence rejection: wrong native event identity (1.3476ms)
✔ pure evidence rejection: rewritten failure summary (1.2637ms)
✔ pure evidence rejection: agent still assigned (1.0834ms)
✔ pure evidence rejection: task resurrected (0.9778ms)
✔ pure evidence rejection: mission resurrected (1.4311ms)
✔ pure evidence rejection: accepted artifact metadata (2.0346ms)
✔ pure evidence rejection: late accepted completion even if snapshot says failed (1.2884ms)
✔ pure evidence rejection: accepted artifact even outside bounded snapshot.events (1.0278ms)
✔ pure evidence rejection: verification event is forbidden (0.7512ms)
✔ pure evidence rejection: uncertain teardown is forbidden (0.7955ms)
✔ pure evidence rejection: accepted evidence record (1.5581ms)
✔ pure evidence rejection: budget revision (0.7669ms)
✔ pure evidence rejection: replacement run (0.5317ms)
✔ pure evidence rejection: source substitution (0.6703ms)
✔ pure evidence rejection: verification-only execution cannot attest a provider (0.8317ms)
✔ pure evidence rejection: usage must be exactly two 3000-token increments (0.9079ms)
✔ invalid native termination payload cannot pass (null) (1.0212ms)
✔ invalid native termination payload cannot pass ([]) (0.8577ms)
✔ invalid native termination payload cannot pass ({}) (0.6322ms)
✔ invalid native termination payload cannot pass ({"adapter":"other"}) (0.7923ms)
✔ invalid native termination payload cannot pass ({"provider_process_alive":true}) (0.7336ms)
✔ invalid native termination payload cannot pass ({"provider_process_alive":"false"}) (0.829ms)
✔ invalid native termination payload cannot pass ({"outcome":"verified"}) (0.899ms)
✔ invalid native termination payload cannot pass ({"message":""}) (0.7819ms)
✔ invalid native termination payload cannot pass ({"message":1}) (0.9489ms)
✔ invalid native termination payload cannot pass ({"message":"xxxxxxxxxxxxxxxxxxxxxxxxxxxxxxxxxxxxxxxxxxxxxxxx) (1.1763ms)
✔ invalid native termination payload cannot pass ({"message":"untrusted\ntext"}) (1.4251ms)
✔ invalid native termination payload cannot pass ({"message":"
"}) (0.6213ms)
✔ invalid native termination payload cannot pass ({"credential":"PRIVATE_PROVIDER_CONTENT_OR_ASSIGNMENT_TOKEN_) (0.6006ms)
✔ all native terminal outcomes and absent optional message are valid telemetry, not accepted completion (3.7512ms)
✔ one additive case checkpoints and announces intent/IDs, retains history, and waits for quiet readback (30.789ms)
✔ passed same-case continuation recomputes proof with zero further mutations (26.8191ms)
✔ createLost: failure preserves exact intent, continuation never retries an attempted POST (12.2656ms)
✔ createUnknown: failure preserves exact intent, continuation never retries an attempted POST (1.9566ms)
✔ launchLost: failure preserves exact intent, continuation never retries an attempted POST (14.3896ms)
✔ launchUnknown: failure preserves exact intent, continuation never retries an attempted POST (3.4909ms)
✔ bounded live failure leaves the original run live, IDs and intent intact, with no replacement (41.1831ms)
✔ missing late telemetry is a bounded failure with actual ACK order, not a race claim (23.2379ms)
✔ natural later telemetry/finalization can settle without rewriting terminal state or historical events (13.2575ms)
✔ settling cannot hide changed terminal run summary (4.7463ms)
✔ settling cannot hide changed terminal task (5.6217ms)
✔ settling cannot hide changed terminal mission (6.4069ms)
✔ settling cannot hide changed terminal agent (4.0635ms)
✔ settling cannot hide changed old run (5.0262ms)
✔ settling cannot hide changed old agent (4.3881ms)
✔ settling cannot hide changed old journal prefix (5.5968ms)
✔ settling cannot hide changed original failure event (4.5828ms)
✔ saved report cannot substitute receipt, native authority, source, or erase baseline after an effect (1.9061ms)
✔ report save uses exclusive lock, private synced temp and atomic rename; refuses implicit overwrite (3.0066ms)
✔ stale locks are never stolen and failed saves retain original report and orphaned temp (0.9703ms)
✔ report cannot replace receipt; bounded reads reject links, hardlinks and inode swaps before reading (0.934ms)
✔ CLI is explicit, non-ambient, duplicate/unknown flags fail (4.83ms)
✔ explicit parent runtime metadata aligns without opening any named process/log/source (3.84ms)
✔ rejects protected/manual API port 5187 (0.2683ms)
✔ rejects protected/manual API port 5291 (0.2336ms)
✔ rejects protected/manual API port 8791 (0.24ms)
✔ rejects protected/manual API port 8793 (0.2054ms)
✔ rejects protected/manual API port 8991 (0.1692ms)
✔ rejects protected/manual API port 15191 (0.2572ms)
✔ rejects protected/manual API port 15193 (0.3524ms)
✔ rejects protected/manual API port 15491 (0.437ms)
✔ rejects protected/manual API port 15493 (0.2413ms)
✔ rejects protected/manual API port 15496 (0.2398ms)
✔ rejects protected/manual API port 18961 (0.1885ms)
✔ rejects protected/manual API port 18962 (0.2045ms)
✔ rejects protected/manual API port 18963 (0.1372ms)
✔ rejects ambiguous or non-owned origin http://localhost:18574 (0.2848ms)
✔ rejects ambiguous or non-owned origin http://127.1:18574 (0.166ms)
✔ rejects ambiguous or non-owned origin http://[::1]:18574 (0.1705ms)
✔ rejects ambiguous or non-owned origin https://127.0.0.1:18574 (0.1856ms)
✔ rejects ambiguous or non-owned origin http://127.0.0.1:18574/ (0.1794ms)
✔ rejects ambiguous or non-owned origin http://127.0.0.1:18574/api (0.1322ms)
✔ rejects ambiguous or non-owned origin http://127.0.0.1:18574?x=1 (0.2331ms)
✔ rejects ambiguous or non-owned origin http://redacted:redacted@127.0.0.1:18574 (0.2581ms)
✔ rejects ambiguous or non-owned origin http://example.com:18574 (0.1445ms)
✔ receipt requires complete immutable source, no unknown authority or provider substitution (2.3705ms)
✔ native requests preserve single strategy, exact source, budget, File verifier, no deliverable (0.6418ms)
✔ Rust policy digest uses explicit declaration order, not JS/JSONB property order (0.6192ms)
✔ canonical containment handles Windows drive prefixes but rejects aliases/escapes (0.6473ms)
✔ POSIX containment rejects traversal, equality and sibling prefixes (0.6932ms)
✔ base.txt reads exactly five bytes, and all link/reparse/hardlink failures occur before open (10.7506ms)
✔ opened-file identity swaps fail closed without reading bytes (1.5665ms)
✔ runners are top-level; nested-only, unavailable, foreign, ambiguous or different-source runners fail (1.2211ms)
✔ suspend: actual usage -> breaker -> native teardown -> exact checkpoint -> terminal (3.2951ms)
✔ stop: actual usage -> breaker -> native teardown -> exact checkpoint -> terminal (1.4461ms)
✔ rejects missing checkpoint (0.9048ms)
✔ rejects foreign Corp proof (0.789ms)
✔ rejects foreign mission proof (0.8347ms)
✔ rejects foreign task proof (0.9147ms)
✔ rejects foreign run proof (1.3714ms)
✔ rejects foreign agent proof (0.9428ms)
✔ rejects foreign runner proof (0.9239ms)
✔ rejects wrong original base (1.0799ms)
✔ rejects changed HEAD (0.7165ms)
✔ rejects changed fingerprint (0.6022ms)
✔ rejects arbitrary JS policy ordering (0.9478ms)
✔ rejects changed write digest (0.6625ms)
✔ rejects changed deliverable digest (0.6909ms)
✔ rejects token in proof (1.0102ms)
✔ rejects live provider (0.6025ms)
✔ rejects wrong adapter (0.6948ms)
✔ rejects foreign event lineage (0.5525ms)
✔ rejects late checkpoint (0.8322ms)
✔ rejects missing usage (0.6305ms)
✔ rejects fake cumulative usage (0.5273ms)
✔ rejects wrong breaker metric (0.6685ms)
✔ rejects wrong command acknowledgement (0.6964ms)
✔ rejects accepted artifact (0.5833ms)
✔ rejects verification started (0.8105ms)
✔ rejects lost is not completion (0.4867ms)
✔ rejects agent still assigned (0.5585ms)
✔ rejects automatic retry (0.4546ms)
✔ rejects replacement task (0.5839ms)
✔ rejects resume lineage (0.4571ms)
✔ rejects budget override (0.3427ms)
✔ rejects write scope widening (0.3489ms)
✔ rejects policy weakening (0.3405ms)
✔ rejects path outside runner (0.7246ms)
✔ rejects unknown projection strings are not logged (0.4562ms)
✔ rejects non-native none breaker projection is rejected (0.625ms)
✔ rejects accepted evidence row (0.5313ms)
✔ full replay, not the bounded snapshot, rejects earlier run.completed (0.5977ms)
✔ full replay, not the bounded snapshot, rejects earlier run.verification_started (0.8774ms)
✔ full replay, not the bounded snapshot, rejects earlier run.verification_evidence (0.5694ms)
✔ full replay, not the bounded snapshot, rejects earlier run.artifact (0.713ms)
✔ full replay, not the bounded snapshot, rejects earlier run.deliverable (0.5769ms)
✔ full replay, not the bounded snapshot, rejects earlier run.workspace_removed (0.5271ms)
✔ full replay, not the bounded snapshot, rejects earlier run.teardown_uncertain (0.5389ms)
✔ visible history and original journal prefix are immutable; no whole-database inference (1.6098ms)
✔ journal bounds, strict ordering, non-contiguous visible sequences and Ready watermark (0.7131ms)
✔ API requests allow only exact scoped snapshot/create/launch, never reset/policy/resume (29.7872ms)
✔ HTTP errors with sensitive bodies are not retried or exposed (0.8278ms)
✔ oversized API responses fail at the byte bound, with no response body in the error (10.2522ms)
✔ native journal API requires a real Ready watermark and refuses partial replay (1.2844ms)
✔ two additive cases checkpoint intent/IDs, retain old history, and pass only after quiet observation (25.2617ms)
✔ baseline counts are dynamic, including completed prior browser-created missions (35.6604ms)
✔ completed checkpoint continuation is read-only and never re-launches either case (32.8772ms)
✔ timeout leaves a live run LIVE with its original ID and never starts a replacement/second case (23.694ms)
✔ lost create response discovers exact original IDs; intentional continuation sends no duplicate (16.2716ms)
✔ uncertain create without an observable result blocks continuation, never replacement (1.4387ms)
✔ lost launch response discovers exact original IDs; intentional continuation sends no duplicate (17.5817ms)
✔ uncertain launch without an observable result blocks continuation, never replacement (3.8154ms)
✔ driver failure keeps IDs and failure report; late accepted verification cannot pass (7.7118ms)
✔ saved report cannot change receipt/source/runner/process scope or invent successful authority (0.9392ms)
✔ existing budget-stream keeps its original synthetic 6000-token contract (1204.3335ms)
✔ UI budget-stream uses the real 500K preset with explicit synthetic counters (1168.3072ms)
✔ native interrupt prevents later usage and completion in the UI fixture (268.6556ms)
✔ original budget-stream still interrupts before its second usage and scheduled completion (303.9679ms)
✔ queued completion emits exact usage and completed before a subsequent interrupt response (177.9757ms)
✔ actual queued fixture writes base then emits both usages and finish synchronously without timers (4.0335ms)
✔ User/Organization resolver verifies owner and project number without reading items (969.9136ms)
✔ opaque paginated active-only discovery retains 1002 items and exact Issue source (2334.171ms)
✔ empty pages, invalid cursors and archived cursors never silently restart pagination (1245.3081ms)
✔ quota-only probes accept include flags before/after endpoint and retain plain JSON (633.4653ms)
✔ exact items, memberships and publisher fields support metered and legacy plain callers (1267.378ms)
✔ configured primary refusal exposes reset headers and recovers exactly at fixture reset (471.8897ms)
✔ secondary failures are finite per-query attempts even with interleaved probes (856.6289ms)
✔ 503 failures expose Retry-After without spending quota or triggering source mutation (338.5096ms)
✔ source-drift hook remains shared across pages, legacy lists and exact reads only (1236.7069ms)
✔ legacy Project edits and publisher PR mutation/recovery semantics are preserved (894.1388ms)
✔ errors and observation logs never echo credentials, headers, query text or variables (596.8276ms)
✔ invalid quota/failure configurations fail safely and event retention is bounded (1356.2121ms)
✔ parses HTTPS clone URL without resolving redirects (3.0211ms)
✔ parses HTTPS repository URL without resolving redirects (0.3157ms)
✔ parses HTTPS default port without resolving redirects (0.1357ms)
✔ parses SSH SCP URL without resolving redirects (0.2283ms)
✔ parses SSH URI without resolving redirects (0.2303ms)
✔ parses SSH default port without resolving redirects (0.1962ms)
✔ parses SSH alternate port without resolving redirects (0.2075ms)
✔ parses case normalization without resolving redirects (0.1926ms)
✔ parses trailing slash without resolving redirects (1.0048ms)
✔ parses Git output newline without resolving redirects (0.3223ms)
✔ keeps old, transferred and deliberately wrong repositories distinct (0.428ms)
✔ retains valid repository punctuation (0.1682ms)
✔ rejects missing without disclosing the origin (0.7406ms)
✔ rejects null without disclosing the origin (0.127ms)
✔ rejects non-string without disclosing the origin (0.1327ms)
✔ rejects empty without disclosing the origin (0.1314ms)
✔ rejects bare namespace without disclosing the origin (0.1062ms)
✔ rejects different host without disclosing the origin (0.1019ms)
✔ rejects host suffix without disclosing the origin (0.1003ms)
✔ rejects HTTP without disclosing the origin (0.1581ms)
✔ rejects Git protocol without disclosing the origin (0.145ms)
✔ rejects HTTPS userinfo without disclosing the origin (0.1311ms)
✔ rejects HTTPS password without disclosing the origin (0.109ms)
✔ rejects SSH password without disclosing the origin (0.1088ms)
✔ rejects non-Git SSH user without disclosing the origin (0.1014ms)
✔ rejects SCP userinfo without disclosing the origin (0.0985ms)
✔ rejects SCP prefix not recognized by the runner without disclosing the origin (0.1068ms)
✔ rejects query without disclosing the origin (0.1334ms)
✔ rejects fragment without disclosing the origin (0.1391ms)
✔ rejects extra path without disclosing the origin (0.1551ms)
✔ rejects traversal without disclosing the origin (0.1533ms)
✔ rejects dot owner without disclosing the origin (0.108ms)
✔ rejects dot repository without disclosing the origin (0.0989ms)
✔ rejects empty repository without disclosing the origin (0.1143ms)
✔ rejects encoded path without disclosing the origin (0.0911ms)
✔ rejects backslash without disclosing the origin (0.1377ms)
✔ rejects multiple origins without disclosing the origin (0.1ms)
✔ rejects oversized origin without disclosing the origin (0.1274ms)
✔ reads only the selected checkout origin with bounded, piped Git output (0.2763ms)
✔ Git failure discards message, cause, stdout and stderr without fallback (0.2764ms)
✔ a successful Git read cannot admit a credential-bearing origin (0.2142ms)
✔ imports actual-shaped retained native success and reproducible external rejection as a candidate only (107.6835ms)
✔ old oracle without physical digest remains explicitly weaker and prompt alignment remains unreviewed (96.2109ms)
✔ repeated captures and checker versions of one run do not create independent evidence identities (462.6368ms)
✔ local review digest cannot activate a candidate even with two distinct native runs (260.2133ms)
✔ refuses foreign Corp even with repinned retained files (100.3313ms)
✔ refuses foreign room even with repinned retained files (90.6253ms)
✔ refuses other source even with repinned retained files (101.4229ms)
✔ refuses changed contract source even with repinned retained files (96.1735ms)
✔ refuses missing native checks even with repinned retained files (107.2775ms)
✔ refuses failed test under passed native label even with repinned retained files (99.0174ms)
✔ refuses wrong oracle bytes even with repinned retained files (99.514ms)
✔ refuses wrong resume identity even with repinned retained files (106.024ms)
✔ refuses wrong resume ancestry even with repinned retained files (117.9328ms)
✔ refuses cancelled run even with repinned retained files (133.4051ms)
✔ refuses substituted before bytes even with repinned retained files (151.973ms)
✔ refuses unknown checker even with repinned retained files (21.0634ms)
✔ hash pins, duplicate JSON keys and traversal are rejected before candidate output (102.768ms)
✔ directory redirection and oversized files fail closed (137.3216ms)
✔ exact append handles LF and CRLF without normalizing changed source (0.5192ms)
✔ external rejection cannot be imported when exact output actually passes (93.9709ms)
✔ CLI reads pinned inputs and creates one new corpus without overwriting source files (247.3832ms)
✔ CLI has one aggregate read budget covering the request, corpus, manifests and retained files (281.5698ms)
▶ local stack owned-process and state regression fixtures
  ✔ identity comes from the live process and binds only the explicit workspace (2.4502ms)
  ✔ wrong timestamps, executable, workspace and malformed records fail closed (0.2203ms)
  ✔ a stale creation record aimed at a live synthetic PID cannot stop it (0.2394ms)
  ✔ stopping the verified root leaves its descendant and an unrelated child alive (0.2329ms)
  ✔ Start accepts working and log directories containing spaces (0.2879ms)
  ✔ Start treats bracketed log directories as literal paths (0.2157ms)
  ✔ Start treats bracketed working directories as literal paths (0.1905ms)
  ✔ failed-start rollback results preserve the original error and require both success signals (0.244ms)
  ✔ Start preserves literal arguments, spaces, child-only environment and redacted evidence (0.3016ms)
  ✔ repeated role launches retain earlier logs and allocate unique stdout/stderr files (0.481ms)
  ✔ extracted Launch preserves ownership on save failure (verified rollback) (0.198ms)
  ✔ extracted Launch preserves ownership on save failure (unverified rollback) (0.1433ms)
  ✔ v2 state round-trips nested records and read preserves exact bytes (0.1603ms)
  ✔ corrupt, unsupported and differently scoped state is refused without deleting evidence (0.2016ms)
  ✔ state writes reject traversal, sibling-prefix paths and foreign workspace claims (0.1732ms)
  ✔ state writes reject reparse-point parent directories (0.1329ms)
  ✔ a failed atomic replacement preserves old bytes and removes its temporary file (0.2432ms)
  ✔ concurrent synthetic reader observes only complete atomic state generations (1.2575ms)
  ✔ legacy numeric state stays read-only and never authorizes stopping (0.2649ms)
  ✔ cleanup reaps only held synthetic handles and removes only its temporary tree (0.2064ms)
✔ local stack owned-process and state regression fixtures (10446.3598ms)
ℹ PowerShell 7.6.5; 14 synthetic processes reaped; no fixture tree remains
▶ local stack starter source guards
  ✔ starter has no unconditional stop invocation (0.219ms)
  ✔ starter never passes a database URL as a command argument (0.131ms)
  ✔ starter forwards the native runner startup-recovery opt-out unchanged (0.0948ms)
  ✔ persisted runner IDs block automatic reenrollment even when offline (0.0932ms)
  ✔ Factory policy paths are canonicalized against the checkout before persistence and launch (0.0892ms)
  ✔ Factory saved connection is retained and passed only as an explicit native option (0.0927ms)
  ✔ live source-ref changes use exact comparison for old and current records (0.0993ms)
  ✔ starter never deletes enrollment or credentials without an explicit reset/rotation guard (0.086ms)
  ✔ Compose operations are guarded by external-database selection (0.0937ms)
  ✔ stopper does not rediscover or terminate a descendant tree from saved PIDs (0.0942ms)
✔ local stack starter source guards (2675.738ms)
✔ one checkout serializes commands while another checkout remains usable (6499.3359ms)
✔ explicit restart nesting and failed operations release their native lock (5174.7218ms)
✔ an interrupted command does not leave a stale lock requiring manual cleanup (3437.4733ms)
✔ both supported entrypoints use the same operation boundary (10.3124ms)
✔ reported idle remains idle without a pending request (2.7307ms)
✔ reported starting remains starting without a pending request (0.2163ms)
✔ reported working remains working without a pending request (0.152ms)
✔ reported blocked remains blocked without a pending request (0.2289ms)
✔ reported reviewing remains reviewing without a pending request (0.1284ms)
✔ reported offline remains offline without a pending request (0.1206ms)
✔ working station "read" projects reading (0.2107ms)
✔ working station "search" projects reading (0.2106ms)
✔ working station " READ " projects reading (0.2921ms)
✔ working station "Search" projects reading (0.3462ms)
✔ working station "test" projects working (0.2209ms)
✔ working station "build" projects working (0.1589ms)
✔ working station "review" projects working (0.0767ms)
✔ working station "research" projects working (0.0678ms)
✔ working station "bread" projects working (0.065ms)
✔ working station "break" projects working (0.0629ms)
✔ working station "unknown-tool" projects working (0.0562ms)
✔ working station null projects working (0.0525ms)
✔ a stale station does not invent activity for a non-working agent (0.2087ms)
✔ a blocked agent needs an exact current-run approval match (0.1243ms)
✔ an exact current-run pending review is distinct from an action approval (0.1105ms)
✔ unrelated and prior-run pending requests cannot affect the current agent (0.1545ms)
✔ an approval stops affecting an agent as soon as its current run changes (0.1114ms)
✔ null and empty current-run IDs cannot acquire pending request state (0.1379ms)
✔ offline wins even when the recorded current run has both pending requests (0.2064ms)
✔ exact action approval takes precedence over exact review (0.1762ms)
✔ explicit current-run requests do not depend on a blocked display status (0.1732ms)
✔ projection does not mutate agents or request sets or infer state from identity text (1.2792ms)
✔ all eight states have distinct labels and factual descriptions (0.6948ms)
✔ roster ordering is stable by ID without mutating the source array (0.4219ms)
✔ renaming or changing activity does not move an existing roster to different seats (0.3442ms)
✔ 0 agents occupy exactly 0 studios without stacked seats (0.2372ms)
✔ 1 agents occupy exactly 1 studios without stacked seats (0.3363ms)
✔ 5 agents occupy exactly 1 studios without stacked seats (0.1433ms)
✔ 6 agents occupy exactly 1 studios without stacked seats (0.2868ms)
✔ 7 agents occupy exactly 2 studios without stacked seats (0.1848ms)
✔ 11 agents occupy exactly 2 studios without stacked seats (0.1227ms)
✔ 12 agents occupy exactly 2 studios without stacked seats (0.1027ms)
✔ 13 agents occupy exactly 3 studios without stacked seats (0.101ms)
✔ 17 agents occupy exactly 3 studios without stacked seats (0.0983ms)
✔ 18 agents occupy exactly 3 studios without stacked seats (0.1ms)
✔ 19 agents occupy exactly 4 studios without stacked seats (0.0934ms)
✔ snapshot input reordering preserves page and seat assignment for 18 agents (0.3179ms)
✔ reordering across a partially filled page boundary preserves each agent seat (0.7698ms)
✔ studio dimensions and the six feet anchors match the renderer contract exactly (0.182ms)
✔ desk access never wraps overflow or invalid indexes onto occupied seats (0.8317ms)
✔ all desk footprints stay above their chairs and never overlap another desk or decor (0.4443ms)
✔ desk 0 has one finite arrival route clear of every workstation (0.5381ms)
✔ desk 1 has one finite arrival route clear of every workstation (0.1878ms)
✔ desk 2 has one finite arrival route clear of every workstation (0.1647ms)
✔ desk 3 has one finite arrival route clear of every workstation (0.169ms)
✔ desk 4 has one finite arrival route clear of every workstation (0.1937ms)
✔ desk 5 has one finite arrival route clear of every workstation (0.1518ms)
✔ route and desk results do not expose shared mutable layout state (0.2411ms)
✔ pending native review distinguishes invalid artifact paths from invalid artifact IDs (74.5491ms)
✔ pending native intent survives acceptance changes and reviewed adoption replays one exact revision (56.9747ms)
✔ pending intent cannot apply and generic native approval cannot authorize exact feedback (26.8032ms)
✔ reviewed feedback refuses adopter as reviewer before a revision (26.9832ms)
✔ reviewed feedback refuses producer as reviewer before a revision (26.1207ms)
✔ reviewed feedback refuses source requester as reviewer before a revision (23.0559ms)
✔ reviewed feedback refuses rejected decision before a revision (22.2969ms)
✔ reviewed feedback refuses future decision before a revision (24.5858ms)
✔ reviewed feedback refuses decision before intent before a revision (23.0004ms)
✔ reviewed feedback refuses wrong note digest before a revision (23.8603ms)
✔ reviewed feedback refuses extra note prose before a revision (26.8779ms)
✔ reviewed feedback refuses ordinary human gate before a revision (20.6668ms)
✔ reviewed feedback refuses requester exclusion disabled before a revision (18.8158ms)
✔ native approval cannot excuse changed target task (20.8007ms)
✔ native approval cannot excuse changed target version (23.9019ms)
✔ native approval cannot excuse changed source commit (22.7422ms)
✔ native approval cannot excuse changed artifact identity (24.274ms)
✔ native approval cannot excuse changed corpus bytes digest (30.1246ms)
✔ native approval cannot excuse changed selected rule digest (24.8209ms)
✔ native approval cannot excuse changed selected guidance (24.7688ms)
✔ native approval cannot excuse changed adopter identity (27.6352ms)
✔ native approval cannot excuse changed replacement effect (24.3997ms)
✔ native approval cannot excuse changed unknown authority field (26.5128ms)
✔ persisted verifier policy and automated evidence drift invalidate the intent independently of acceptance (65.41ms)
✔ missing or contradictory native rows and capture drift fail closed (23.1071ms)
✔ reviewed apply rechecks the actual decision and preserves ambiguous outcomes and idempotency (40.8849ms)
✔ reviewed apply rejects altered intent bytes and expired proposal without native effects (28.8872ms)
✔ a changed post-effect review remains uncertain and cannot assert a verified binding (40.3574ms)
✔ review intent time bounds are revalidated during accepted-source reconstruction (34.3258ms)
✔ CLI native-review preparation, exact intent selection and apply keep separate raw and canonical hashes (144.9928ms)
✔ prepare is read-only and exposes the exact reference-only change for review (26.063ms)
✔ an unprefixed objective stays candidate because native composition would change it (23.8737ms)
✔ native normalization fixed points retain description and objective exactly (37.1249ms)
✔ public identifiers and digest selectors reject coercible arrays and objects before effects (21.8605ms)
✔ time, timeout and trusted routing fields require their declared primitive types (21.8934ms)
✔ apply performs one native revision, preserves authority and never launches (22.0898ms)
✔ typed native file selection pins outer provenance and exact decoded corpus while preserving raw compatibility (36.8946ms)
✔ native typed unknown schema field is refused even with matching outer artifact digest (13.3556ms)
✔ native typed missing native schema field is refused even with matching outer artifact digest (13.4917ms)
✔ native typed coercible version is refused even with matching outer artifact digest (13.1765ms)
✔ native typed unsupported archive form is refused even with matching outer artifact digest (13.0068ms)
✔ native typed wrong base is refused even with matching outer artifact digest (13.0827ms)
✔ native typed wrong verifier is refused even with matching outer artifact digest (13.0231ms)
✔ native typed wrong head is refused even with matching outer artifact digest (12.6033ms)
✔ native typed bundle payload is refused even with matching outer artifact digest (15.6097ms)
✔ native typed patch checksum is refused even with matching outer artifact digest (12.7454ms)
✔ native typed patch noncanonical base64 is refused even with matching outer artifact digest (12.9829ms)
✔ native typed selected hash is refused even with matching outer artifact digest (13.5983ms)
✔ native typed selected byte count is refused even with matching outer artifact digest (13.0608ms)
✔ native typed selected file size bound is refused even with matching outer artifact digest (12.8832ms)
✔ native typed selected base64 is refused even with matching outer artifact digest (13.0743ms)
✔ native typed selected symlink is refused even with matching outer artifact digest (14.0901ms)
✔ native typed selected submodule is refused even with matching outer artifact digest (13.5964ms)
✔ native typed selected media is refused even with matching outer artifact digest (15.4618ms)
✔ native typed duplicate path is refused even with matching outer artifact digest (14.349ms)
✔ native typed case alias is refused even with matching outer artifact digest (13.6651ms)
✔ native typed file directory conflict is refused even with matching outer artifact digest (18.8117ms)
✔ native typed traversal is refused even with matching outer artifact digest (13.348ms)
✔ native typed absolute path is refused even with matching outer artifact digest (13.275ms)
✔ native typed Windows stream is refused even with matching outer artifact digest (16.6579ms)
✔ native typed Windows device is refused even with matching outer artifact digest (17.6793ms)
✔ native typed trailing dot alias is refused even with matching outer artifact digest (15.2011ms)
✔ native typed coercible entry path is refused even with matching outer artifact digest (15.7443ms)
✔ native typed deleted selection is refused even with matching outer artifact digest (15.0533ms)
✔ typed path selection requires one exact safe file, source role and original outer bytes (26.302ms)
✔ typed decoded corpus cannot substitute a different well-hashed file or retarget a reviewed proposal (44.6785ms)
✔ typed base64 padding bits are canonical even when permissive decoding preserves the correct bytes (16.4085ms)
✔ same byte-pinned proposal replays its native key without adding guidance or a second revision (33.4508ms)
✔ lost response stays unknown with no automatic retry; exact replay reconciles it (28.9401ms)
✔ an HTTP400 after persistence stays unknown and same-key replay confirms one revision (29.728ms)
✔ live Corp drift refuses before a request (18.4185ms)
✔ live room drift refuses before a request (21.2058ms)
✔ live mission drift refuses before a request (15.4448ms)
✔ live task drift refuses before a request (18.2383ms)
✔ live run drift refuses before a request (20.8104ms)
✔ live actor drift refuses before a request (19.9559ms)
✔ live source commit drift refuses before a request (18.8392ms)
✔ live verifier digest drift refuses before a request (18.5171ms)
✔ live artifact digest drift refuses before a request (16.0329ms)
✔ an accepted receipt with incomplete bounded evidence remains candidate (16.5669ms)
✔ an observed manual gate must retain its native decision and decider (15.3299ms)
✔ missing native corpus evidence or mismatched actual bytes never borrows an unrelated accepted run (15.8824ms)
✔ typed envelopes, missing review bytes and requested independent review remain explicit candidates (19.4624ms)
✔ UTF-8 reference bounds do not silently truncate valid longer advisory guidance (14.9431ms)
✔ changed target ready status cannot be overwritten (22.6356ms)
✔ changed target existing run cannot be overwritten (20.4466ms)
✔ changed target contract version cannot be overwritten (21.0547ms)
✔ changed target budget cannot be overwritten (17.9814ms)
✔ changed target verifier cannot be overwritten (28.1198ms)
✔ changed target source cannot be overwritten (18.4823ms)
✔ changed target source connection cannot be overwritten (21.4694ms)
✔ changed target tools cannot be overwritten (16.8565ms)
✔ changed target Corp cannot be overwritten (17.3345ms)
✔ changed target room cannot be overwritten (17.489ms)
✔ changed target origin cannot be overwritten (18.1768ms)
✔ repinned unauthorized proposal changes cannot alter anything except selected references (31.0748ms)
✔ wrong proposal hash, edited corpus/review/receipt, future or expired proposal fails before POST (20.9895ms)
✔ expired selected guidance is not rescued by the remaining proposal lifetime (16.4297ms)
✔ expiry crossing during live prechecks is repeated immediately before mutation (20.5645ms)
✔ one total operation deadline cannot be renewed by a slow target precheck (235.0345ms)
✔ duplicate-key or reformatted proposal JSON cannot masquerade as the prepared byte representation (14.5114ms)
✔ source drift after successful mutation is accurately retained as applied (17.9459ms)
✔ source access loss after mutation is never mislabeled refusal-before-effects (18.5815ms)
✔ an HTTP error after a request is unknown without transaction-stage evidence and is not retried (19.7732ms)
✔ a contradictory successful response or changed native readback stays unknown (19.9004ms)
✔ exact native target projection refuses filtered context and preserves whole scope (16.5107ms)
✔ file input requires selected exact bytes and fails closed on an oversized or malformed input (27.964ms)
✔ feedback file reads accumulate short native reads before validating bytes (9.141ms)
✔ feedback file truncate during short reads fails without a hash pin (6.6996ms)
✔ feedback file grow during short reads fails without a hash pin (6.4146ms)
✔ CLI preparation writes new review artifacts and an existing apply receipt refuses before network or effects (59.3968ms)
✔ CLI exits nonzero for refused adoption while preserving its JSON receipt (237.0858ms)
✔ CLI typed prepare explicitly selects the native file and apply has no path override (59.3622ms)
✔ retained native candidate cannot become saved-task guidance or a native revision (26.2865ms)
✔ forged locally activated native evidence cannot become saved-task guidance or a native revision (30.6348ms)
✔ native evidence mixed into an activated typed artifact cannot become saved-task guidance or a native revision (42.4875ms)
✔ receipt whitelists metadata and distinguishes persisted acceptance from optional verifier digests (8.4867ms)
✔ native runner, model and ref metadata preserves valid punctuation, spaces, Unicode and UTF-8 limits (4.3359ms)
✔ native metadata keeps bounded invalid text and malformed source tuples out of receipts (21.2682ms)
✔ native source identity accepts uppercase hexadecimal commits and full bounded repository components (1.0579ms)
✔ published native refs and native MIME token punctuation are observed without a custom identifier alphabet (1.3591ms)
✔ historical evidence never borrows the current task verifier policy count (1.8013ms)
✔ conflicting or invalid run-bound check counts remain unknown (3.8285ms)
✔ missing and duplicate check indices cannot establish completeness; malformed indices fail (1.3967ms)
✔ receipt rejects mismatched run Corp (0.6501ms)
✔ receipt rejects mismatched task Corp (0.5437ms)
✔ receipt rejects mismatched mission Corp (0.2936ms)
✔ receipt rejects mismatched room Corp (0.2499ms)
✔ receipt rejects mismatched exact actor (0.2384ms)
✔ receipt rejects mismatched exact room (0.2136ms)
✔ receipt rejects mismatched exact mission (0.2256ms)
✔ receipt rejects mismatched evidence task (0.3207ms)
✔ receipt rejects mismatched event room (0.2702ms)
✔ receipt rejects mismatched partial source (0.1629ms)
✔ current-run rejects later same-task runs and tied times, retaining nanosecond ordering (1.1061ms)
✔ typed resume lineage requires same task and producer, and records unavailable ancestors honestly (2.4009ms)
✔ exact recovery count is run-bound; private policy and notes are omitted (0.7445ms)
✔ published-result binds its exact source artifact and hashes opaque source revisions (0.6865ms)
✔ published-result accepts an exact historical publication despite a later same-task run (0.9926ms)
✔ published-result refuses mismatched Factory mission (0.3198ms)
✔ published-result refuses mismatched deliverable task (0.2977ms)
✔ published-result refuses mismatched deliverable source base (0.2239ms)
✔ published-result refuses mismatched run deliverable digest (0.1826ms)
✔ published-result refuses mismatched publication run (0.1756ms)
✔ published-result refuses mismatched provenance mission (0.2957ms)
✔ published-result refuses mismatched provenance source issue (0.2068ms)
✔ published-result refuses mismatched provenance target (0.2333ms)
✔ published-result refuses mismatched recorded PR head (0.1986ms)
✔ published-result refuses mismatched recorded PR repository (0.1941ms)
✔ published-result refuses mismatched recorded PR provenance (0.2681ms)
✔ byte verification rejects tampering and each missing or conflicting native response boundary (1.3931ms)
✔ receipt validator rejects extra content, contradictory acceptance, and mixed origin/artifact roles (4.1575ms)
✔ fingerprint tolerates observation timestamps and detects selected source, contract and artifact drift (3.284ms)
✔ compiled native MCP export performs two captures and downloads only selected-origin artifact IDs (785.9471ms)
✔ artifact retention selection is bounded before reading host configuration (1.0771ms)
✔ compiled native evidence retains only explicitly selected verified bytes and preserves public receipt schema (489.9699ms)
✔ compiled native evidence rejects an unowned artifact selection before any artifact download (94.397ms)
✔ compiled native evidence never returns retained bytes from a tampered artifact or changed source (331.0167ms)
✔ compiled native exporter keeps opaque runner/model/ref metadata out of every request route (133.718ms)
✔ compiled native export rejects state drift during its artifact read (126.637ms)
✔ compiled native export rejects mismatched context before downloading artifacts (62.184ms)
✔ compiled native export refuses artifact redirects without forwarding credentials (80.3707ms)
✔ compiled native export rejects oversized bodies and withholds HTTP error content (153.4731ms)
✔ compiled native export bounds a stalled exact-context body by its whole-operation timeout (1009.4764ms)
✔ receipt CLI writes a create-only metadata file and a compact redacted summary (794.2181ms)
✔ owned server requires matching executable, creation, endpoint, and workspace (2.467ms)
✔ manual, remote, stale, or non-owned manifests never authorize restart (0.6726ms)
✔ Windows retains legacy timestamp tolerance and case-insensitive paths (0.3283ms)
✔ legacy Windows identity callers remain supported without weakening explicit checks (1.2904ms)
✔ Linux requires the exact boot/PID/start-tick, executable, cwd/root, and socket binding (2.6924ms)
✔ Linux rejects malformed, legacy-Windows, and changed receipts (0.6516ms)
✔ every existing manual port remains denied on Windows and Linux and all loopback hosts (0.8474ms)
✔ remote, credentialed, missing-port, and malformed-scope endpoints fail closed (0.5693ms)
✔ only a complete scoped JSON object is a process receipt (0.613ms)
✔ proc stat parses the final comm parenthesis and preserves 64-bit start ticks (0.9035ms)
✔ proc stat rejects wrong PID, truncated fields, malformed state, and invalid ticks (0.4496ms)
✔ Linux listener proof intersects the exact port and LISTEN state with PID-owned inodes (1.1478ms)
✔ malformed or unavailable proc network input supplies no ownership authority (0.421ms)
✔ artifact recovery overrides are child-only and match native numeric bounds (0.6061ms)
✔ probe requires explicit scope and forwards only its scoped credential environment (4.7657ms)
✔ probe summary contains collection counts, never snapshot data or private paths (0.7193ms)
✔ probe permits HTTP only for normalized canonical loopback origins and requires HTTPS elsewhere (11.0844ms)
✔ recovery probe reports only native metadata and never infers missing capability or exposes policy (0.8974ms)
✔ recovery probe rejects malformed work-item IDs before spawning any gateway (0.8579ms)
✔ compiled recovery probe rejects impossible native numeric metadata and preserves exhausted authority (527.4515ms)
✔ compiled recovery tool makes exactly the selected authorized GET in both modes (155.0123ms)
✔ compiled recovery probe selects one context without reading the broad snapshot or exposing private fields (74.0556ms)
✔ compiled recovery tool refuses malformed IDs, extra scope or effect arguments before HTTP (125.6915ms)
✔ compiled recovery tool rejects mismatched Corp or work-item responses (263.8819ms)
✔ compiled recovery probe preserves authorization and not-found failures without private diagnostics (191.9367ms)
✔ compiled recovery inspection never follows redirects in either gateway mode (132.8141ms)
✔ compiled recovery inspection caps HTTP bodies even in the legacy write-capable gateway mode (142.6762ms)
✔ compiled read-only MCP completes the real stdio handshake and makes only one scoped GET (77.2767ms)
✔ compiled MCP ignores notifications and denies mutating calls before HTTP while preserving the default catalog (132.4247ms)
✔ compiled MCP keeps malformed omitted-ID objects silent and effect-free (read-only) (58.3796ms)
✔ compiled MCP keeps malformed omitted-ID objects silent and effect-free (unrestricted) (65.6198ms)
✔ compiled probe withholds API error content and enforces its whole-probe timeout (1099.6151ms)
✔ compiled read-only inspection rejects redirects without contacting a second origin (138.5494ms)
✔ compiled read-only startup requires every routing variable before serving even initialization (247.8925ms)
✔ compiled read-only flag rejects command-line tokens (split option, CLI only) (68.3416ms)
✔ compiled read-only flag rejects command-line tokens (split option, CLI plus environment) (61.3652ms)
✔ compiled read-only flag rejects command-line tokens (equals option, CLI only) (74.1369ms)
✔ compiled read-only flag rejects command-line tokens (equals option, CLI plus environment) (54.1147ms)
✔ compiled read-only flag accepts only the environment token and exposes the restricted catalog (64.1956ms)
✔ compiled read-only environment rejects command-line tokens (split option, CLI only) (60.0481ms)
✔ compiled read-only environment rejects command-line tokens (split option, CLI plus environment) (59.8826ms)
✔ compiled read-only environment rejects command-line tokens (equals option, CLI only) (63.2329ms)
✔ compiled read-only environment rejects command-line tokens (equals option, CLI plus environment) (54.9265ms)
✔ compiled read-only environment accepts only the environment token and exposes the restricted catalog (65.2848ms)
✔ compiled unrestricted MCP preserves legacy CLI token precedence (split option) (131.8985ms)
✔ compiled unrestricted MCP preserves legacy CLI token precedence (equals option) (157.1705ms)
✔ compiled native read-only HTTP body rejects oversized declared length before end (200) (66.6306ms)
✔ compiled native read-only HTTP body rejects streamed overflow before end (200) (105.7281ms)
✔ compiled native read-only HTTP body rejects oversized declared length before end (403) (71.9444ms)
✔ compiled native read-only HTTP body rejects streamed overflow before end (403) (108.2903ms)
✔ compiled native HTTP body accepts the inclusive read-only limit and preserves unrestricted transport (689.3406ms)
✔ compiled native HTTP body preserves small successful and error response behavior (409.3176ms)
✔ withholds all six source ACKs for each of two native automatic attempts (3.37ms)
✔ holds all quality ACK duplicates to the same 8-second deadline, preserving bytes (1.0258ms)
✔ gameplay and integration pass source ACKs unchanged (0.3269ms)
✔ native resume passes ACKs and does not consume a third automatic attempt (0.2234ms)
✔ non-source ACK, heartbeat, credential rotation, approval and lifecycle are opaque passthrough (0.3424ms)
✔ rejects foreign or unproven run, Corp and hash before fault decisions (1.0214ms)
✔ assignment rebinding cannot swap a different task, scope or command kind (0.5613ms)
✔ late-ACK release sends one exact original old-run frame once without retagging (1.4715ms)
✔ refuses manual-stack, wrong-repository and missing opt-in config (1.4645ms)
▶ real loopback WebSocket wiring: native schema, ordered forwarding, reconnection and redaction
  ▶ isolated concurrent fixture 1
    ✔ synthetic endpoints require live ownership without relaxing config guards (16.6873ms)
    ✔ persisted owner/name schema binds and stop cannot overtake a pending assignment (61.5424ms)
    ✔ upload byte transparency, ACK withholding and metadata non-disclosure (48.4783ms)
    ✔ a stale snapshot/close callback cannot bind, send or close the replacement connection (155.9837ms)
  ✔ isolated concurrent fixture 1 (431.1276ms)
  ▶ isolated concurrent fixture 2
    ✔ synthetic endpoints require live ownership without relaxing config guards (12.6894ms)
    ✔ persisted owner/name schema binds and stop cannot overtake a pending assignment (62.2797ms)
    ✔ upload byte transparency, ACK withholding and metadata non-disclosure (48.122ms)
    ✔ a stale snapshot/close callback cannot bind, send or close the replacement connection (153.902ms)
  ✔ isolated concurrent fixture 2 (402.283ms)
✔ real loopback WebSocket wiring: native schema, ordered forwarding, reconnection and redaction (431.9118ms)
✔ relocated doctor checks declared tools through native version commands without leaking ambient secrets or installing (1338.2582ms)
✔ wrong node version produces a failing CLI result (1248.9959ms)
✔ wrong pnpm version produces a failing CLI result (1173.6396ms)
✔ wrong rustc version produces a failing CLI result (1148.0029ms)
✔ wrong cargo version produces a failing CLI result (1196.2214ms)
✔ missing package manager fails without falling back to another host command (961.2401ms)
✔ failed component probes suppress raw stdout and stderr (1098.3442ms)
✔ unrecognized version output is rejected without echoing the command response (1145.995ms)
✔ an unavailable pinned rustup toolchain fails instead of installing or selecting stable (1090.0427ms)
✔ already selected direct Rust binaries can be verified without rustup (1094.9863ms)
✔ invalid .node-version declaration fails before any command runs (version) (179.2752ms)
✔ invalid package.json declaration fails before any command runs (version) (194.7926ms)
✔ invalid rust-toolchain.toml declaration fails before any command runs (floating Rust) (168.4943ms)
✔ invalid rust-toolchain.toml declaration fails before any command runs (component) (156.8709ms)
✔ unsupported CLI arguments fail before probing tools (155.9354ms)
ℹ tests 1253
ℹ suites 0
ℹ pass 1253
ℹ fail 0
ℹ cancelled 0
ℹ skipped 0
ℹ todo 0
ℹ duration_ms 57189.21
