$ node --test --test-concurrency=2 --test-timeout=180000 "apps/web/src/**/*.test.mjs" "tools/*.test.mjs"
✔ editor preserves its accessible control names, preview hook, and all six check choices (60.8407ms)
✔ switching check types resets their incompatible fields and retains the rest of the policy (10.3522ms)
✔ every check-field callback retains the selected variant and unchanged checks (33.7074ms)
✔ adding and removing checks preserves tab selection, including external policy shrink and the empty state (30.1805ms)
✔ the 16-check add button limit and oversized-policy feedback are retained (13.0835ms)
✔ manual-gate transitions retain default role ordering, requester exclusion, and explicit removal (13.9779ms)
✔ preview keeps exact check order, manual-role labels, heading overrides, and requester-exclusion guidance (2.2057ms)
✔ Factory exact-run navigation replaces a remembered newer outcome before mission remount (6.3236ms)
✔ run navigation ignores the duplicate activity marker in a hidden Factory tab (33.9942ms)
✔ artifact navigation chooses its exact producer while mission-only navigation preserves the current choice (2.3974ms)
✔ unavailable run/task/mission cannot overwrite remembered evidence or open another run (10.2904ms)
✔ storage failure or obsolete viewer fails closed before navigation (3.2787ms)
✔ explicit navigation writes only the selected viewer scope and only the run identity (2.366ms)
✔ reload keeps the decided run instead of the other pending review or a newer worker (5.6911ms)
✔ remembered evidence is scoped to the API server, Corp, actor and mission (0.6154ms)
✔ missing remembered work never silently substitutes another visible review (0.4948ms)
✔ unreadable or malformed stored context requires explicit selection, not the next review (0.6853ms)
✔ a first visit is distinct from unreadable history; failed writes do not throw (0.4293ms)
✔ only the selected run ID is stored; reviews and authority never enter browser persistence (1.4547ms)
✔ MissionCard scopes remounts, pins initial evidence and fails closed when persistence fails (26.6743ms)
✔ issue210 only the explicit server flag adds correction to a native checkpoint (6.8184ms)
✔ issue210 verifier availability is independent of correction and missing availability preserves legacy behavior (1.2673ms)
✔ issue210 revision source is the exact server-selected verifier, with no cross-item fallback (0.574ms)
✔ only native proof plus its cancellation marker exposes source-only checkpoint verification (0.3205ms)
✔ a running checkpoint needs no cancellation repair, and ordinary verification failure stays compatible (0.2834ms)
✔ missing/tampered source, checkpoint, head, active recovery or terminal outcome offers no new recovery (0.3419ms)
✔ context requests are not recovery grants and never depend on inferred mission spend/status (0.2539ms)
✔ copied command binding retains the saved connection and never falls back on malformed metadata (0.3048ms)
✔ actual presentation selects the endpoint source, not the newest visible run or mission cancellation (154.0064ms)
✔ issue210 presentation separates provider-free verification from a budgeted same-session fix (38.634ms)
✔ issue210 source-only and unavailable checkpoint presentations never suggest generic recovery (47.5705ms)
✔ actual context loader is GET-only and admits the exact item/version/mission checkpoint (59.2635ms)
✔ actual context loader rejects stale/cross-scope and malformed flags without snapshot fallback (281.2837ms)
✔ issue210 actual loader accepts boolean correction flags and defaults missing legacy authority closed (64.6002ms)
✔ issue210 exact loader retains true, false and missing checkpoint availability without granting another mode (67.7682ms)
✔ actual UI action copies only explicit checkpoint verification with the original scope/connection (246.9951ms)
✔ issue210 actual correction action retains the original CLI route, source and connection (420.6682ms)
✔ issue210 actual card drops correction authority immediately when item, version or actor changes (559.189ms)
✔ issue210 actual contract submission uses the scoped verifier, not its provider ancestor (73.3189ms)
✔ issue210 editor loading, errors, stale context and denied correction cannot fall back or submit (451.4469ms)
✔ issue210 ordinary contract resume, redispatch and requester/role boundaries stay intact (160.3772ms)
✔ issue210 actual source-only context copies correction and revises the exact verifier; no-mode context does neither (277.5209ms)
✔ actual resume handler and rendered provider control respect native recovery blocking (10.0773ms)
✔ actual App Resume control survives an ineligible ordinary Factory recovery lookup and uses the native actor-bound POST (337.3549ms)
✔ issue221 explicit provider-correction permission permits null head without granting checkpoint or generic resume (1.6646ms)
✔ issue221 actual context reader retains null head/current provider proof and malformed heads remain non-actionable (549.8302ms)
✔ issue221 actual copy/revision actions use only source correction for the latest failed provider with null head (406.2512ms)
✔ wrong-first legacy Project 174 cannot displace the selected live lab controller (1.7614ms)
✔ every Project/repository/Corp component must match, even with an active-item pointer (0.4676ms)
✔ GitHub owner/repository case and surrounding whitespace normalize independently (0.3157ms)
✔ missing/malformed scope is neutral rather than an empty-scope match (0.3716ms)
✔ the exact active item wins among live controllers in the same scope (0.473ms)
✔ a current live scope match wins over a stale offline active-item pointer (0.3206ms)
✔ with only offline matches, retain the exact item rather than crossing scope (0.3666ms)
✔ without an item, prefer useful live intake in the current Corp (0.4847ms)
✔ empty/no-match and unavailable explicit selections never borrow another controller (0.4459ms)
✔ heartbeat freshness and stable ID break ties without using array order or mutating inputs (2.542ms)
✔ snapshot refresh and selected scope changes return the exact new ID/version object (0.3705ms)
✔ the actual FactoryPanel resolver feeds displayed state and both action callbacks (26.9685ms)
✔ the actual component guards controller actions, retains role gating and passes the same callback (19.4202ms)
✔ the actual API action handler targets the resolved controller ID and version for all actions (86.3956ms)
✔ the production handler preserves the existing ID-scoped idempotency/version on a lost response (28.3712ms)
✔ primary_rate_limit has a reader-facing reason and an automatic future retry (40.2759ms)
✔ secondary_rate_limit has a reader-facing reason and an automatic future retry (1.0257ms)
✔ graphql_quota has a reader-facing reason and an automatic future retry (0.9859ms)
✔ github_unavailable has a reader-facing reason and an automatic future retry (0.8904ms)
✔ quota, cost and timestamps come from the snapshot, not derived or default budgets (2.6467ms)
✔ equivalent offset timestamps have the same local retry time and boundary (1.4483ms)
✔ at or after the retry deadline, waiting is not presented as a successful retry (1.6613ms)
✔ zero remaining, limit, query cost and failures remain real zeros (0.9399ms)
✔ paused desired state wins without rewriting controller health or promising a retry (1.5918ms)
✔ offline health wins over polling metadata, including an elapsed retry (6.3987ms)
✔ paused and offline together retain both conditions and existing paused precedence (1.0337ms)
✔ absent legacy polling leaves the old strip intact and never fabricates a wait (0.5881ms)
✔ missing or malformed backoff data is unavailable, never zero or an invented deadline (0.5127ms)
✔ invalid values are not coerced to numbers or dates and unknown reasons are not rendered raw (2.9491ms)
✔ partial quota data preserves observed zeros while missing fields remain unavailable (0.5799ms)
✔ healthy telemetry does not infer a backoff from a zero quota or failure count (0.6027ms)
✔ UI integration remains read-only, accessible, and uses existing controller controls (24.4938ms)
✔ line normalization preserves argument boundaries, literal punctuation, and duplicate values (5.1214ms)
✔ role entry supports commas and CRLF without silently deduplicating or authorizing roles (0.4147ms)
✔ mission projection retains exact task, runner and human control attribution (3.0795ms)
✔ foreign tasks and same-ID foreign-Corp runners cannot supply collaboration state (0.3244ms)
✔ offline retains work without advertising live control or termination (0.3774ms)
✔ connecting retains work without advertising live control or termination (0.3ms)
✔ a failed snapshot refresh retains exact work without advertising live controls (0.3895ms)
✔ invalid snapshot receipt NaN cannot advertise live controls (0.3201ms)
✔ invalid snapshot receipt Infinity cannot advertise live controls (0.2604ms)
✔ invalid snapshot receipt 0 cannot advertise live controls (0.2085ms)
✔ invalid snapshot receipt -1 cannot advertise live controls (0.3209ms)
✔ expired/malformed lease 2026-09-16T11:59:00Z cannot claim a controller (0.7959ms)
✔ expired/malformed lease 2026-09-16T12:00:00Z cannot claim a controller (2.0129ms)
✔ expired/malformed lease bad cannot claim a controller (0.1709ms)
✔ verifying has recorded evidence but no provider controls (2.6709ms)
✔ completed has recorded evidence but no provider controls (0.1369ms)
✔ lost has recorded evidence but no provider controls (0.1706ms)
✔ cancelled has recorded evidence but no provider controls (0.1482ms)
✔ a provider-free run and a superseded agent assignment expose no live controls (0.2898ms)
✔ runner grace and offline remain distinct; neither supplies human presence (0.2515ms)
✔ review links bind exact run/task and explain role and requester exclusion (0.3814ms)
✔ missing and historical identities never become fabricated named owners or current controllers (0.2227ms)
✔ draft cache survives surface remounts but never crosses Corp/actor/room/mission (0.3227ms)
✔ actual component navigation only requests exact context; rendering sends no commands (17.4759ms)
✔ actual disconnected component retains readable evidence with an explicit warning (1.6111ms)
✔ actual failed-refresh component distinguishes stale data from a disconnected transport (3.676ms)
✔ actual component rejects missing receipt freshness and restores controls after a successful refresh (6.1313ms)
✔ App preserves main snapshot metadata and exact-run navigation while passing numeric receipt freshness (10.5805ms)
✔ App embeds existing scoped discussion and pins evidence before exact-run navigation (4.2912ms)
✔ late completion notifies remounted composers without clearing a newer or same-text draft (0.7961ms)
✔ late operation acknowledgment cannot clear a replacement idempotency key (253.4247ms)
✔ actual App selection never substitutes another mission after the selected record disappears (135.3194ms)
✔ actual briefing navigation has a visible destination for legacy empty descriptions (101.6791ms)
✔ verification checks do not change launch intent (1.4459ms)
✔ review navigation cannot turn its click into a form submission (0.3902ms)
✔ ordinary application setup cannot silently fall back to the fake runtime (0.6214ms)
✔ composer uses two clear steps and starts with an empty goal (0.3791ms)
✔ advanced settings and detailed requirements are optional disclosures (0.9473ms)
✔ closing setup preserves the draft and returns to existing mission context (0.8341ms)
✔ explicit links to existing work reveal it without erasing an open draft (0.7229ms)
✔ native creation and explicit held-plan behavior remain unchanged (0.3903ms)
✔ review keeps the exact source and current server-derived allocation visible (0.5319ms)
✔ scope requires four explicit bounded identities and cannot mutate after submission (3.3016ms)
✔ current origin binds the exact view instance, not just equal IDs (0.4274ms)
✔ read issues exactly one encoded, uncached GET with cancellation and no body (13.5362ms)
✔ Direct accepts only exact returned linkage and drops unexpected hidden fields (1.8221ms)
✔ Factory retains only the validated work item, repository, issue number and exact URL (162.0062ms)
✔ all four response identities must echo the bound request exactly (42.9496ms)
✔ missing, malformed and older origin responses never become Direct (9.6668ms)
✔ Factory fields are required and null or missing metadata is never partly accepted (2.2171ms)
✔ Factory rejects invalid work-item identities, repository paths and issue numbers (2.3336ms)
✔ only the raw HTTPS GitHub issue URL matching returned repository and number is accepted (2.8815ms)
✔ mixed-case owner/repository URLs match normalized identity and retain display case (1.579ms)
✔ valid case-preserving repositories and positive safe issue numbers remain verbatim (1.1041ms)
✔ old endpoints, denied authorization and transport failures stay unavailable without raw errors (4.272ms)
✔ a synchronous API failure is contained and clears the read timer (0.6829ms)
✔ timeout aborts an unsettled read and suppresses both late success and late failure (0.8222ms)
✔ a settled success or failure cannot be overwritten by an already queued timeout (0.7647ms)
✔ cancellation before the scheduled read prevents even the GET (0.6655ms)
✔ in-flight cancellation ignores transports that resolve or reject after abort (0.5316ms)
✔ component reads once for a valid view and renders truthful Direct copy in one styled paragraph (15.9371ms)
✔ component links only a fully validated Factory response, not extra returned fields (2.3893ms)
✔ all four operating roles may read; guests, spectators and unknown roles never request context (5.968ms)
✔ invalid or absent scope props render the conservative fallback without requesting (11.7498ms)
✔ failed exact reads preserve #185 positive or unknown fallback without inventing links or hiding failure (15.0068ms)
✔ a failed origin lookup can be retried explicitly without changing the work identities (4.8135ms)
✔ Corp, actor, room and mission changes hide old success and errors before effect cleanup (13.2899ms)
✔ late success and errors from a replaced request cannot update the current component (13.7062ms)
✔ leaving and returning to identical IDs cannot revive an earlier success or failure (3.6145ms)
✔ same-ID reopened pending requests ignore the original response and error after current denial (4.0951ms)
✔ a guest transition revokes displayed source data and returning operators must read again (7.839ms)
✔ operating-role and API changes also invalidate old privileged context (3.1285ms)
✔ unmount cancels the read and a fresh mount with identical IDs cannot inherit its outcome (2.702ms)
✔ one builder preserves the complete current creation payload and retained settings (3.3218ms)
✔ provider defaults, supported reasoning and commit-branch semantics match submission (6.7969ms)
✔ existing deterministic fixture semantics are not converted into provider settings (0.3925ms)
✔ scope freezes the exact serialized body and rejects an actor mismatch (0.8911ms)
✔ every request field, Corp and actor invalidate an earlier quote (1.4228ms)
✔ preview debounces, uses the exact creation body, and calls only the read-only preview POST (14.8936ms)
✔ an edit or closing the composer before debounce starts no request (0.404ms)
✔ an invalidated request is aborted and cannot publish a late successful quote (1.4903ms)
✔ late errors after actor/Corp change or unmount cannot replace the new preview (0.95ms)
✔ editing away and back still requires a fresh request, not a revived quote (0.8234ms)
✔ allocations are displayed verbatim from the server, not a frontend Studio formula (0.5874ms)
✔ missing or mismatched quote fields never become a current allocation (1.7583ms)
✔ an absent preview endpoint gives a useful failure state without inventing allocations (1.3171ms)
✔ preview response is bounded to eight tasks without reallocating server budgets (0.9693ms)
✔ unknown, self, duplicate and oversized dependency references remain unknown allocations (1.2844ms)
✔ retry clears an old failure immediately and can accept a fresh quote (1.9158ms)
✔ timeout clears the quote, aborts the request and ignores a late response (0.7548ms)
✔ App shares the request body, invalidates keyed preview instances and retains native Launch (8.8778ms)
✔ mission selection and Discuss use the authoritative non-first owning room (1.5779ms)
✔ mission, task, run and artifact deep links resolve to the same owning room (0.3132ms)
✔ an explicit room deep link and all-discussion view stay in that room (0.9998ms)
✔ stale, missing and older mission/room projections never fall back to the first room (0.214ms)
✔ related work is limited to the selected room and mission, not a fixed item count (1.4402ms)
✔ messages are room-filtered before mission links and out-of-order reply ancestry (0.6387ms)
✔ valid room, mission and inherited reply submissions retain the same scope (0.6142ms)
✔ stale actor, Corp, room and mission scopes cannot submit or complete a newer draft (0.2693ms)
✔ a disappearing mission or owning room fences previously valid submissions (0.5442ms)
✔ foreign, missing or stale links and replies cannot silently become general comments (0.6713ms)
✔ guest-shaped and missing Factory projections do not establish Direct origin (2.5973ms)
✔ a mission older than the 500-item Factory window remains origin-unknown (0.3264ms)
✔ a positively matched visible Factory item retains its issue attribution (0.3129ms)
✔ known publication/recovery linkage is generic when intake details are unavailable (0.4485ms)
✔ projection helpers preserve the authoritative input and do not retain hidden origin data (0.4333ms)
✔ the UI uses the tested projection and submission helpers on both discussion entry paths (18.0041ms)
✔ scope requires every explicit identity and repository and freezes the view generation (8.4028ms)
✔ the exact scope object, not equal IDs or a prior A -> B -> A view, selects the load (0.476ms)
✔ one encoded GET is uncached, abortable and body/header/credential free (10.4242ms)
✔ published DTO retains only bound result metadata and leaves raw input untouched (2.2852ms)
✔ only explicit null publication in a correctly scoped response is known absence (4.212ms)
✔ item and publication scope mismatches never expose links or known absence (9.8693ms)
✔ publication source issue matches the work item without equating authorizer, revisions or checkpoint generations (1.4374ms)
✔ publication and artifact identity tuples plus full digests must all match (3.6357ms)
✔ missing, duplicate and unrelated-first deliverables cannot substitute a result (1.7628ms)
✔ native provenance identity, source/target branches and digests are checked without retaining authority (6.1332ms)
✔ raw GitHub PR URLs allow native slash suffixes but retain exact repository and number checks (6.4223ms)
✔ owner/repository display case is preserved while full hex values compare by bytes (0.9376ms)
✔ PR state, exact head, owner, recorded metadata and phase cannot contradict each other (2.6177ms)
✔ download metadata rejects controls, external/native paths, malformed hashes and invalid sizes (15.3105ms)
✔ pending, PR-created, published and failed publication are distinct without claiming a live app (2.7509ms)
✔ only a different valid pinned run is a mismatch; same-run contradictions stay unavailable (0.8031ms)
✔ loading, denied and stale contexts cannot become a result or known absence (2.4245ms)
✔ denials, missing endpoints and sync/async transport failures stay unavailable without raw errors (1.3956ms)
✔ timeout aborts and suppresses late successes and failures without retries (1.2187ms)
✔ queued timeout callbacks cannot overwrite a settled success, absence or denial (0.7855ms)
✔ cancellation before start issues no GET; in-flight cancellation publishes no late data (0.7744ms)
✔ new same-ID generation remains unavailable after denial despite a prior response completing later (0.5976ms)
✔ requester summary does not ask for a forbidden independent decision (4.3172ms)
✔ wrong-role summary explains the existing role requirement (1.7455ms)
✔ eligible independent reviewer keeps the review invitation (1.573ms)
✔ human gate without requester exclusion still allows the requester (1.599ms)
✔ completed result does not inherit a pending-review restriction (1.9554ms)
✔ fresh human-only bootstrap can select a runner runtime before any crew exists (4.1505ms)
✔ retired and legacy identities neither enable nor suppress advertised runtimes (0.4516ms)
✔ studio requires the exact selected source on a connected runner, not another repository (0.7384ms)
✔ source repository and commit matching are case-insensitive but ref matching is exact (0.4005ms)
✔ unavailable runtimes and non-runtime capabilities are not mission options (1.4629ms)
✔ catalog merging prefers an enabled model without changing the source snapshot (0.7558ms)
✔ unscoped status and crew include ready connection-bound runtimes, but dispatch keeps its exact binding (1.0503ms)
✔ studio always selects Copilot even when another runtime was requested (0.248ms)
✔ studio does not fall back to another provider or an unavailable Copilot runtime (0.489ms)
✔ solo selection and deterministic fixtures retain their runtime contracts (0.5456ms)
✔ a disappearing explicit runtime cannot silently switch provider with stale model settings (0.2653ms)
✔ studio uses enabled Copilot model settings or an explicit provider default (0.297ms)
✔ fixtures ignore hidden provider model settings (0.1489ms)
✔ normal UI bootstrap opts out of seeded crew without changing fixture tooling (19.7565ms)
✔ runtime character descriptors match the shipped manifest, PNG dimensions, and original file bytes (55.3568ms)
✔ named characters and stable worker identities retain their appearance across reordered snapshots (1.3297ms)
✔ numeric roster positions wrap without producing missing characters, and invalid numbers use the default (0.4008ms)
✔ walking uses the original three poses in a 0,1,2,1 cycle at the 150ms boundaries (0.6498ms)
✔ idle, typing, reading and facing use the actual source-sheet rows and columns (0.4803ms)
✔ invalid or negative animation time selects the first pose without invalid source coordinates (2.0184ms)
✔ every animation and direction remains inside a real sheet after long-running animation (0.5247ms)
✔ default floor distinguishes connected workers from offline and test registrations (4.1326ms)
✔ omitted and null retirement fields keep legacy and mission identities available (0.332ms)
✔ every non-null retirement excludes an identity regardless of pin, date, or reported work (0.3255ms)
✔ retired identity remains resolvable in the unmodified historical snapshot (0.4042ms)
✔ retiring the selected agent falls back to current crew, including the empty-roster case (0.3257ms)
✔ pagination filters retirement before assigning seats without mutating order (0.4811ms)
✔ idle does not become working or reviewing from a stale station or pending run request (0.2885ms)
✔ working and blocked status still derive from exact server state and current-run requests (0.2069ms)
✔ #154: a selected worker on a later studio is located on initial mount and selection changes (0.4217ms)
✔ #154: studio lookup follows retirement repagination, not stale seat indexes (0.3804ms)
✔ #154: manual paging survives snapshots, but another selected agent resets page and zoom (0.5285ms)
✔ #154: retirement moving the selected agent to a different page resets the camera (0.1946ms)
✔ #154: mounting or remounting the same starting run never fabricates an arrival (0.1703ms)
✔ #154: only an observed new active run can animate once, and reduced motion wins (0.2244ms)
✔ #154: blocked work takes recovery priority over both idle and ordinary active work (0.3739ms)
✔ #154: exact approvals keep priority, and only an unblocked empty floor offers new work (0.1561ms)
✔ history inspectors retain the full snapshot while the floor uses current identities (15.0058ms)
✔ Factory activity prioritizes the exact outcome review, then tool approval, before newer work (3.0426ms)
✔ selection ignores terminal, denied and foreign tool approvals without inventing a run (0.2493ms)
✔ terminal runs cannot become reviewable or active from dangling pending decision records (28.8268ms)
✔ live task, agent, control, timestamps and safe activity come from one scope without mutation (1.5607ms)
✔ a stale Running intake never claims that a cancelled provider is active (0.9431ms)
✔ pending exact-run outcome review is distinct from an active provider and completion (0.629ms)
✔ tool authority and unavailable decision context do not become outcome approval (1.6889ms)
✔ a completed run is not automatically a completed mission or published application (0.7182ms)
✔ retained data cannot claim current execution: {"connection":"offline"} (0.691ms)
✔ retained data cannot claim current execution: {"connection":"connecting"} (0.7485ms)
✔ retained data cannot claim current execution: {"snapshotFailed":true} (0.8105ms)
✔ retained data cannot claim current execution: {"snapshotReceivedAt":null} (0.4364ms)
✔ grace, offline and wrong-Corp runner records cannot establish provider liveness (6.9814ms)
✔ runner loss and uncertain teardown remain unknown until a positive termination receipt (1.0928ms)
✔ verifier-only runs never appear as a running model (0.6307ms)
✔ quarantine and protected stops stay prominent even with stale transport (1.2157ms)
✔ failed verification, cancelled work and unknown execution modes remain explicit (0.9708ms)
✔ missing, duplicate or foreign task context cannot fall back to another run (0.7506ms)
✔ activity is scoped, deduplicated, ordered, bounded and never reveals raw payloads (2.2013ms)
✔ missing start, invalid clocks and backwards timestamps do not invent a duration (1.5237ms)
✔ expired leases and foreign attribution do not display an active controller (4.5408ms)
✔ actual React detail component reuses current classes, native disclosure and escaped text (21.573ms)
✔ the Factory integration uses the existing exact-run selector, scoped snapshot and old callbacks (2.0537ms)
✔ a burst of 1000 streamed events schedules one snapshot instead of 1000 requests (5.3597ms)
✔ events arriving during a request produce exactly one trailing snapshot (5.3418ms)
✔ the final event during the trailing request is not dropped (1.075ms)
✔ disposing before a scheduled refresh prevents any fetch (0.4894ms)
✔ disposing an actor/Corp scope aborts its request and drops trailing work (1.9281ms)
✔ refresh failures are handled and a later event can still refresh (2.6029ms)
✔ a disposed scope does not report an obsolete aborted read as a new UI error (2.7394ms)
✔ websocket events use the coalescer and cleanup cancels its read scope (4.6408ms)
✔ initial connection is bounded, cancellable and offers retry rather than mission restart (8.1427ms)
✔ actual App presence polling only runs for open connection-dependent views, without reconnecting the event socket (244.4147ms)
✔ artifact defaults retain the current wire shape and do not share mutable values (8.5154ms)
✔ file defaults retain the current wire shape and do not share mutable values (0.2973ms)
✔ command defaults retain the current wire shape and do not share mutable values (0.1912ms)
✔ test defaults retain the current wire shape and do not share mutable values (0.2413ms)
✔ json_schema defaults retain the current wire shape and do not share mutable values (0.3259ms)
✔ screenshot defaults retain the current wire shape and do not share mutable values (1.2808ms)
✔ check summaries preserve paths, argument boundaries, byte floors, JSON keys, and rounded timeouts (31.6421ms)
✔ array summaries distinguish item boundaries and preserve exact argument and key values (0.4872ms)
✔ byte-counted summaries use singular byte only for the one-byte floor (0.2706ms)
✔ empty and oversized policies remain invalid, with the 16-check boundary accepted (0.4805ms)
✔ invalid byte floor 0 is reported for every byte-counted check (0.424ms)
✔ invalid byte floor -1 is reported for every byte-counted check (0.1714ms)
✔ invalid byte floor NaN is reported for every byte-counted check (0.146ms)
✔ invalid byte floor Infinity is reported for every byte-counted check (0.1232ms)
✔ validation preserves check order and reports missing paths, programs, timeout bounds, and JSON keys (0.3918ms)
✔ manual gates require allowed roles without changing requester-exclusion semantics (0.2416ms)
✔ preserves the existing advisory-validator scope; server schema/path authorization remains authoritative (0.6468ms)
✔ check transformations create new drafts while retaining unchanged evidence checks and gate identity (0.3398ms)
✔ gate transitions preserve checks and retain current deliberate resets even when reselecting a gate type (0.2444ms)
✔ verification labels retain their current wording and fallback formatting (0.1987ms)
✔ WorkResultCard exposes its status and supplied content with metadata collapsed by default (22.9866ms)
✔ ready PR retains its exact URL and only an explicit download invokes the matching callback (22.8824ms)
✔ loading, unavailable and no-publication states do not fabricate a PR or perform actions (4.581ms)
✔ a historical review mismatch changes selection only through explicit Go to delivered result (3.2051ms)
✔ an unavailable delivered-run target preserves the historical selection and only offers refresh (262.4873ms)
✔ a failed publication with a recorded PR remains inspectable without being labeled Published (12.2552ms)
✔ Published is not merged or deployed and its collapsed details never invent a running preview (10.4524ms)
✔ expired artifact retention does not hide an existing PR or replace server download validation (12.6814ms)
✔ actual hook hides prior result before cleanup and aborts on each exact scope change (62.152ms)
✔ actual hook fences late success and failure before cleanup and after replacement (29.0424ms)
✔ actual hook close and reopen with identical IDs cannot revive old ready or pending data (22.7007ms)
✔ actual hook treats positive revision as one refresh hint and never retries failure on render (62.5732ms)
✔ actual App origin-unavailable branch offers manual Refresh work context with no PR CTA (18.7813ms)
✔ actual App first-hop retry exposes the authorized result without moving pinned evidence (41.0533ms)
✔ actual App fallback reports unavailable review details for an unresolved run or request (21.4706ms)
✔ actual work pickers retain a deep-linked historical mission outside the recent eight (121.4178ms)
✔ actual work pickers do not duplicate a recent selection or invent an absent mission (72.305ms)
✔ related work includes the third mission, task, run and artifact (3.7607ms)
✔ work links name the actual work rather than presenting only opaque IDs (0.3589ms)
✔ related options deduplicate repeated snapshot references (0.3271ms)
✔ mission discussion retains nested replies, including out-of-order snapshots (2.529ms)
✔ task, run and artifact comments inherit the owning mission only (0.3476ms)
✔ unlinked cycles and missing ancestors cannot manufacture mission context (0.2621ms)
✔ context helpers leave authoritative messages and work objects unchanged (0.2648ms)
✔ work selection follows the owning authorized mission and rejects unknown links (0.2878ms)
✔ human review and automated verification are not advertised as live model sessions (0.2993ms)
✔ enterprise task labels explain the legacy studio lane keys (0.3408ms)
✔ review eligibility explains requester exclusion without bypassing the policy (0.5021ms)
✔ a pending evidence review selects its run rather than a newer active worker (0.2401ms)
✔ a tool-approval wait cannot hide a different pending evidence review (0.125ms)
✔ review selection rejects mismatched tasks, terminal runs and non-pending requests (0.2033ms)
✔ explicit evidence selection stays bound to that run and cannot inherit another review (0.1866ms)
✔ unselected evidence follows remaining reviews and retains snapshot order without mutation (0.2049ms)
✔ a decided run remains selected until the operator deliberately chooses the next review (0.1434ms)
✔ mission UI binds evidence and decisions and pins the target before submitting (18.4439ms)
✔ runner revision is stable for reordered equivalent records without sorting the input (3.707ms)
✔ runner revision ignores heartbeat, display and capability churn (0.5967ms)
✔ runner revision changes only when lifecycle identity or presence records change (0.6894ms)
✔ offline presence requests revalidation without rewriting endpoint readiness (0.4056ms)
✔ reconnect mismatch remains a hint until the endpoint itself returns ready presence (0.4713ms)
✔ unknown presence is false and same-ID foreign runners cannot supply presence (1.2736ms)
✔ presence hints never promote or erase native sign-in and installation states (0.6214ms)
✔ revision and presence helpers leave source, models, identity and selection immutable (0.6768ms)
✔ saved choice and source remain present while its machine is offline (0.2592ms)
✔ ready metadata alone cannot borrow another connection or source for dispatch (0.4779ms)
✔ connection UI identity is scoped to actor and room (0.2298ms)
✔ native sign-in instructions cannot navigate to another host or credential-bearing URL (0.2919ms)
✔ Windows short alias repository uses the same native source identity (8913.9781ms)
ℹ Executed with a distinct native Windows 8.3 alias
✔ Windows short alias scratch inside source rejects before creating an index (5110.3972ms)
ℹ Executed with a distinct native Windows 8.3 alias
✔ Windows short alias provider artifact is excluded from the candidate (8247.2684ms)
ℹ Executed with a distinct native Windows 8.3 alias
✔ native GIT_TRACE isolation protects source bytes and candidate tree (3878.596ms)
✔ native GIT_TRACE_PERFORMANCE isolation protects source bytes and candidate tree (3929.6156ms)
✔ native GIT_TRACE_SETUP isolation protects source bytes and candidate tree (3950.4236ms)
✔ native GIT_TRACE2 isolation protects source bytes and candidate tree (3800.77ms)
✔ native GIT_TRACE2_EVENT isolation protects source bytes and candidate tree (3781.1406ms)
✔ native GIT_TRACE2_PERF isolation protects source bytes and candidate tree (4148.7795ms)
✔ native source-selection recipe is pinned; drift requires an explicit parity review (0.6856ms)
✔ RED untracked whitespace escapes old diff, fails new command; GREEN clean file passes (8236.7751ms)
✔ checks tracked bytes that are present in the worktree (4543.2502ms)
✔ checks staged modification bytes that are present in the worktree (3920.482ms)
✔ checks staged addition bytes that are present in the worktree (3923.2431ms)
✔ staged-only bad bytes are not exported when the worktree has clean replacement bytes (5646.1244ms)
✔ clean staged bytes cannot hide bad worktree bytes or revive staged-only deleted additions (4080.4625ms)
✔ assigned base, not current HEAD, determines committed changes, deletions and renamed source (4339.1226ms)
✔ conflicted real index is untouched; physical resolution is checked just like native export (8830.3547ms)
✔ literal selection, spaces, leading dash, Unicode and brackets do not become Git pathspecs (5584.4077ms)
✔ selected absent, explicitly ignored and magic/escaping paths fail rather than widen selection (8032.8878ms)
✔ ignored evidence and runner-internal files are absent; provider artifacts reset to base, not deletion (5010.3153ms)
✔ ignored files tracked by the seeded base remain selected; later ignored additions do not (6583.7159ms)
✔ CRLF conversion and attributes use Git blob bytes without rewriting source or index (5201.9428ms)
✔ Windows verified-head seeding retains modes and resets every unselected committed path (4416.3468ms)
✔ binary blobs use native Git diff behavior, not an independent text scanner (3272.2726ms)
✔ a missing real index is neither read nor recreated (2649.1354ms)
✔ linked worktree Git control files and real index are not modified (3649.1766ms)
✔ invalid base, routing override, nested root and in-worktree scratch fail closed (7266.6968ms)
✔ an inherited alternate index is not used or changed (2177.6775ms)
✔ whole-check timeout is a command error, never whitespace success (2362.7284ms)
✔ spawn, buffer, signal and Git failures cannot masquerade as whitespace results (8955.9417ms)
✔ unexpected scratch contents cause visible cleanup failure and are preserved (1432.5271ms)
✔ CLI rejects unknown, missing and unbounded arguments with exit 2 (6108.2302ms)
✔ F01 CLI reports unavailable revision without exposing arguments (2244.6141ms)
✔ F01 CLI reports missing literal selection without exposing arguments (2563.9117ms)
✔ F01 CLI reports ignored literal selection without exposing arguments (2503.0103ms)
✔ F01 CLI retains safe native timeout classification (2725.3381ms)
✔ F01 CLI retains safe native output overflow classification (2807.495ms)
✔ F01 CLI retains safe native spawn failure classification (2741.6255ms)
✔ F01 CLI retains safe signal classification (2661.2026ms)
✔ F01 CLI retains safe unrecognized filter failure classification (2591.0335ms)
✔ F01 CLI retains safe unknown child fields classification (3063.8649ms)
✔ F01 CLI retains safe timeout with whitespace-like output classification (2754.3576ms)
✔ F01 CLI retains safe overflow with whitespace-like output classification (2751.066ms)
✔ F01 CLI separates cleanup failure from original failure (2348.9182ms)
✔ F01 CLI separates cleanup failure after successful check (2794.6289ms)
✔ F01 CLI suppresses unsafe parser/filesystem text and retains safe input guidance (3748.1507ms)
✔ F01 CLI correlates retained owned directories without revealing their sensitive root (3367.75ms)
✔ F01 CLI recognizes a native required clean-filter failure, not a missing path (2922.8082ms)
✔ F02 native filter repeated delimiters (24000) cannot stall receipt or cleanup (3817.5326ms)
✔ F02 native filter repeated delimiters (349354) cannot stall receipt or cleanup (4323.4156ms)
✔ F02 final-line recognition handles hostile near-limit shapes without trusting their text (12380.9462ms)
✔ accepts matching current contracts, aliases, CRLF and historical prose outside markers (106.5295ms)
✔ rejects added source validation command and reports expected and actual (81.8094ms)
✔ rejects removed source validation command and reports expected and actual (88.3833ms)
✔ rejects reordered source validation command and reports expected and actual (100.6737ms)
✔ rejects changed documented commands; correcting the documented sequence restores passing (118.9244ms)
✔ accepts quoted literal Node globs through aliases while preserving quoted versus shell-expanded arguments (100.205ms)
✔ rejects a source SDK bump until both current compatibility docs are updated (98.9015ms)
✔ rejects a source CLI bump until both current compatibility docs are updated (86.645ms)
✔ rejects missing opening marker instead of silently dropping a required documentation contract (68.5178ms)
✔ rejects missing closing marker instead of silently dropping a required documentation contract (75.6073ms)
✔ rejects duplicate block instead of silently dropping a required documentation contract (67.8908ms)
✔ rejects reversed markers instead of silently dropping a required documentation contract (66.2324ms)
✔ rejects inline marker instead of silently dropping a required documentation contract (61.547ms)
✔ requires every current runtime contract and a single SDK and CLI claim inside each (62.2ms)
✔ rejects missing root alias in the authoritative command sequence (71.0682ms)
✔ rejects cyclic root aliases in the authoritative command sequence (73.0505ms)
✔ rejects shell pipeline in the authoritative command sequence (92.9319ms)
✔ rejects quoted shell expansion in the authoritative command sequence (75.5415ms)
✔ rejects empty command in the authoritative command sequence (83.0348ms)
✔ rejects unsupported alias arguments in the authoritative command sequence (92.9114ms)
✔ rejects unknown documented aliases and malformed command fences (66.0527ms)
✔ reports missing required documents and an invalid source manifest without silently skipping them (64.1957ms)
✔ fails closed for unconstrained SDK dependency (79.3432ms)
✔ fails closed for SDK pin in wrong table (62.203ms)
✔ fails closed for duplicate SDK declaration (56.0209ms)
✔ fails closed for missing named runtime constant (83.2691ms)
✔ fails closed for duplicate runtime constant (80.8797ms)
✔ relocated CLI resolves its own repository, executes no documented command, and exits nonzero for drift (473.5222ms)
✔ checkpoint fixture produces a complete, independently tested local application (427.2149ms)
✔ read-only executable hashing accepts Cargo/Git hardlinks without relaxing source isolation (35.0544ms)
✔ exact terminal metadata produces actionable failure and missing-evidence findings using GET only (25.6621ms)
✔ listed artifact is run-scoped metadata and never establishes content or attempt verification (2.767ms)
✔ refuses active parent (1.1525ms)
✔ refuses wrong repository (0.5225ms)
✔ refuses foreign head repository (0.6552ms)
✔ refuses different workflow (0.4773ms)
✔ refuses different head (0.4461ms)
✔ refuses different attempt (0.4788ms)
✔ refuses job from other attempt (0.8872ms)
✔ refuses job from other head (1.1441ms)
✔ refuses duplicate job (0.6238ms)
✔ refuses unfinished job (0.6433ms)
✔ refuses foreign artifact (0.6207ms)
✔ refuses excess artifacts (1.7563ms)
✔ complete bounded job pagination is required and supported (7.0868ms)
✔ pagination total drift and final run drift refuse a completed observation (1.3184ms)
✔ expired artifacts and unexplained parent failure remain reviewable rather than passing (1.1226ms)
✔ same-source replay is a no-op; changed facts retain revisions and mark no-longer-observed findings (7.4969ms)
✔ previous hash tampering refuses before network reads (0.2886ms)
✔ forged previous findings fail integrity or semantic reconstruction; source changes require a new scope (2.9411ms)
✔ newer prior observations and attempts do not flow backward (2.6837ms)
✔ secret-bearing fields and supplied links never enter a receipt or executable Markdown (0.9711ms)
✔ native read budget rejects alternate endpoints, oversized metadata and late responses (1.0873ms)
✔ omitting all required jobs cannot turn one replacement success job into a complete maintenance result (0.7895ms)
✔ required skipped job needs review even when an earlier run artifact is listed (0.9546ms)
✔ required neutral job needs review even when an earlier run artifact is listed (0.7918ms)
✔ failed GETs consume the finite shared admission budget without retries (3.1342ms)
✔ CLI writes new bounded files and refuses output reuse; failures retain no raw API error (48.774ms)
✔ hosted context binds default observer branch, event and exact parent; local mode makes no hosted claim (26.6472ms)
✔ CLI accepts only bounded exact selection and a complete prior pin (0.5975ms)
✔ CI workflow: exact Windows runner failure produces a scoped read-only handoff (1.5039ms)
✔ CI workflow: complete successful jobs need only their own declared report artifacts (1.4899ms)
✔ CI workflow: required artifact-free jobs remain required and must execute (0.8188ms)
✔ Repository checks retains its published contract and previous-receipt no-op semantics (1.6708ms)
✔ CI completeness refuses skipped artifact-free required jobs (0.8363ms)
✔ CI completeness refuses neutral artifact-free required jobs (1.3498ms)
✔ CI completeness rejects replacement jobs and requires only CI report metadata (1.8775ms)
✔ CI observation is not a parent-pass claim and does not inspect diagnostic artifacts (1.2246ms)
✔ workflow profiles cannot reuse each other's receipts even at the same source (5.2787ms)
✔ CI identity refuses unknown workflow path (0.4452ms)
✔ CI identity refuses workflow-ID substitution (0.2814ms)
✔ CI identity refuses workflow-name substitution (0.2929ms)
✔ CI identity refuses workflow-path substitution (0.2598ms)
✔ CI identity refuses foreign repository (0.2222ms)
✔ CI identity refuses fork head repository (0.2014ms)
✔ CI identity refuses wrong source head (0.2402ms)
✔ CI identity refuses wrong attempt (0.2036ms)
✔ CI identity refuses active CI parent (0.261ms)
✔ reader allowlist admits exactly the two workflow metadata routes (0.3287ms)
✔ hosted CI event binds workflow identity to the selected native parent (45.704ms)
✔ workflow trigger keeps trusted observer checkout and read-only scopes for both producers (19.7556ms)
✔ consumer rereads native state using trusted routing and tolerates only observation timing changes (6.4228ms)
✔ consumer refuses task contract revision drift in a fresh observation (1.8447ms)
✔ consumer refuses source base commit drift in a fresh observation (1.0297ms)
✔ consumer refuses verifier digest drift in a fresh observation (1.5354ms)
✔ consumer refuses another actor scope drift in a fresh observation (1.6961ms)
✔ explicit run and mode selections fail before contacting a server (0.7612ms)
✔ denied or unavailable current data does not fall back to a previously passing receipt (0.4096ms)
✔ a matching failed native outcome cannot be consumed as accepted completion (0.6433ms)
✔ file consumption requires the exact expected byte hash and a bounded valid receipt (39.4699ms)
✔ receipt file reads accumulate short native reads before validating bytes (32.2968ms)
✔ receipt file truncate during short reads fails before parsing (16.9262ms)
✔ receipt file grow during short reads fails before parsing (20.5203ms)
✔ framed stat metadata survives arbitrary chunk boundaries without payload disclosure (2.5296ms)
✔ unrelated RPCs and read-file contents are not recorded (1.4333ms)
✔ a response ID type change is visible without recording identifier values (2.5805ms)
✔ oversized frames are skipped without parsing nested payload text as requests (0.3882ms)
✔ optional wire observation forwards exact bytes and drains the child (368.2853ms)
✔ a matching request needs a durable rejection and settled run (1.3874ms)
✔ terminal provider without permission is inconclusive, never a pass (1.0644ms)
✔ a rejected but unrelated permission does not satisfy the requested boundary (0.1926ms)
✔ approval acceptance, expiry or missing persisted decision cannot pass (0.2832ms)
✔ a decision or final run from another identity is rejected (0.2072ms)
✔ a provider that has not settled cannot pass the boundary (0.1639ms)
✔ all independent boundary results are required for complete coverage (1.1255ms)
✔ later passing cases remain visible after an earlier inconclusive case (0.2667ms)
✔ duplicate, unknown and malformed results cannot manufacture complete coverage (1.4081ms)
✔ accepts an exact seed and credential-free children of the owned runner (4.2575ms)
✔ a marker elsewhere or an arbitrary GITHUB_TOKEN is not a proven seed (1.2408ms)
✔ absent, ambiguous or foreign runner seed records cannot establish the precondition (1.1104ms)
✔ runner seed booleans must be explicit, not truthy or absent (1.5937ms)
✔ missing spawn and undefined parent IDs cannot accidentally correlate (0.5771ms)
✔ runner spawn must be unique, current and tied to the owned observer (1.2811ms)
✔ a seed observed only after runner spawn cannot prove the launch precondition (0.4905ms)
✔ missing or foreign provider observations cannot satisfy the required count (8.0965ms)
✔ a wrong-parent provider is rejected rather than silently filtered out (0.6543ms)
✔ provider identity and absence booleans must be explicit and valid (1.2646ms)
✔ missing ownership and zero or malformed minimums never allow a vacuous pass (0.6364ms)
✔ actual successful relative, absolute and round-trip view results are required (2.5004ms)
✔ provider self-report and final file existence are not native-read evidence (1.0679ms)
✔ a missing absolute read or readback cannot pass (0.9427ms)
✔ missing-file errors and successful-but-wrong content remain failures (0.4695ms)
✔ wrong-session or conflicting tool results cannot manufacture evidence (1.2245ms)
✔ an external path with the same filename is not the assigned seed (0.2482ms)
✔ an incomplete stream is explicitly incomplete, not successful empty coverage (0.1947ms)
✔ runner observation proves the synthetic credential was inherited (365.1204ms)
✔ a missing seed fails before starting a runner (186.6811ms)
✔ provider observation confirms removal before invoking the real binary (334.4412ms)
✔ an inherited provider credential fails before any provider execution (221.1583ms)
✔ a marker under another key cannot hide a missing runner GITHUB_TOKEN seed (188.4329ms)
✔ a different token plus an unrelated marker cannot manufacture an exact runner seed (199.1831ms)
✔ a provider token other than the canary is still rejected before child execution (196.5716ms)
✔ a provider canary under another key remains a failing credential boundary (166.8057ms)
✔ uninvoked production modules remain in the coverage denominator with zero hits (17.2578ms)
✔ missing production files cannot produce a passing partial coverage result (0.7137ms)
✔ duplicate and out-of-scope files cannot inflate the denominator (1.6649ms)
✔ missing, duplicate and impossible native counts are rejected (0.4905ms)
✔ truncated records are never accepted as completed coverage evidence (0.3188ms)
✔ zero available branches are reported as not applicable instead of fabricated 100 percent (0.2792ms)
✔ issue195 public receipt binds parent binaries, pinned runtime identity, and distinct task source (15.3518ms)
✔ explicit current fixture hash, suspend tokens, and missing-artifact switch normalize without disk reads (2.2148ms)
✔ rebuilt server/runner receipt hashes and an explicit rebuilt CLI hash remain valid and bound (6.9624ms)
✔ all required options are explicit; help is inert (8.9261ms)
✔ every duplicate value option and duplicate boolean switch fails closed (2.0443ms)
✔ unknown targets, positionals, missing operands, and equals-form options are rejected (0.8439ms)
✔ configuration rejects old issue190 (0.3774ms)
✔ configuration rejects string issue number (0.2902ms)
✔ configuration rejects parent rather than candidate code (0.3589ms)
✔ configuration rejects runtime commit used as task source (0.6327ms)
✔ configuration rejects unpinned source ref (0.298ms)
✔ configuration rejects another runner (0.248ms)
✔ configuration rejects unowned receipt (0.6406ms)
✔ configuration rejects not-running supervisor (0.5845ms)
✔ configuration rejects missing owner (1.3315ms)
✔ configuration rejects invalid owner (0.5158ms)
✔ configuration rejects changed code checkout (0.3464ms)
✔ configuration rejects changed source checkout (0.3001ms)
✔ configuration rejects changed worktree root (0.3159ms)
✔ configuration rejects invalid server digest (0.3796ms)
✔ configuration rejects invalid runner digest (0.5006ms)
✔ configuration rejects executable substitution (0.579ms)
✔ configuration rejects binary outside owned bin (0.5804ms)
✔ configuration rejects missing public process (0.3247ms)
✔ configuration rejects wrong process role (0.4985ms)
✔ configuration rejects wrong process workspace (0.5443ms)
✔ configuration rejects invalid process pid (0.526ms)
✔ configuration rejects invalid process start (0.4876ms)
✔ synthetic VerifyRun evidence distinguishes awaiting independent review from accepted completion (23.2085ms)
✔ forced commit_branch export rejection is a named failure, never archive bypass or approval (5.4363ms)
✔ missing-required-provider-Artifact negative shares the native checks without inventing bytes (5.8291ms)
✔ assessRecovery refuses original usage rewritten (4.0392ms)
✔ assessRecovery refuses original output history changed (2.8027ms)
✔ assessRecovery refuses provider-attempt counter reset (3.4886ms)
✔ assessRecovery refuses provider-attempt maximum changed (3.2855ms)
✔ assessRecovery refuses source incident changed (4.2339ms)
✔ assessRecovery refuses checkpoint authority absent (4.963ms)
✔ assessRecovery refuses different context source (3.7766ms)
✔ assessRecovery refuses budget reset hidden in context (8.9665ms)
✔ assessRecovery refuses another native recovery (3.932ms)
✔ assessRecovery refuses source-correction instead of verification (3.8863ms)
✔ assessRecovery refuses recovery contract revision (8.1165ms)
✔ assessRecovery refuses changed recovery reason (2.4956ms)
✔ assessRecovery refuses weakened replacement policy (1.9028ms)
✔ assessRecovery refuses new provider session (2.6081ms)
✔ assessRecovery refuses allocated model tokens (2.2694ms)
✔ assessRecovery refuses allocated model cost (1.8141ms)
✔ assessRecovery refuses consumed input tokens (2.0215ms)
✔ assessRecovery refuses consumed output tokens (5.2465ms)
✔ assessRecovery refuses consumed model cost (3.1056ms)
✔ assessRecovery refuses different workspace root run (1.8654ms)
✔ assessRecovery refuses replacement workspace not preserved (2.1737ms)
✔ assessRecovery refuses replacement fingerprint changed (2.7539ms)
✔ assessRecovery refuses invented provider artifact (8.238ms)
✔ assessRecovery refuses provider event outside snapshot window (3.5468ms)
✔ assessRecovery refuses native command acknowledgment missing (3.4712ms)
✔ assessRecovery refuses missing native app check (3.0873ms)
✔ assessRecovery refuses evidence kind mismatch (3.3996ms)
✔ assessRecovery refuses independent-review self-approval (3.1175ms)
✔ assessRecovery refuses accepted run before gate decision (3.6315ms)
✔ assessRecovery refuses missing factory completion event (2.3404ms)
✔ assessRecovery refuses empty source deliverable (4.0843ms)
✔ assessRecovery refuses wrong deliverable provenance (6.5784ms)
✔ download validation uses in-memory bytes and checks payload digests without claiming a browser test (4.7504ms)
✔ configuration refuses target http://localhost:18574 (0.3543ms)
✔ configuration refuses target https://127.0.0.1:18574 (0.1593ms)
✔ configuration refuses target http://127.0.0.1:18574/ (0.1461ms)
✔ configuration refuses target http://127.0.0.1:18575 (0.1564ms)
✔ configuration refuses target http://127.0.0.1:8791 (0.1951ms)
✔ configuration refuses target http://127.0.0.1:18574/api (0.1541ms)
✔ configuration refuses target http://127.0.0.1:18574?x=1 (0.1615ms)
✔ configuration refuses target http://example.invalid:18574 (0.1527ms)
✔ configuration refuses target http://user:password@127.0.0.1:18574 (0.1646ms)
✔ configuration refuses target http://[::1]:18574 (0.1571ms)
✔ absolute path and owned-output boundaries reject aliases, devices, UNC, ADS, and root reuse (12.0588ms)
✔ explicit independent reviewer, valid digest, and bounded numeric options are mandatory (14.3721ms)
✔ reports expose hashes and constrained identity, never receipt metadata or provider output (1.7757ms)
✔ saved report cannot adopt changed authority, extra fields, or identities without prior intent (8.0602ms)
✔ baseline and journal never consult the bounded snapshot.events window (39.8961ms)
✔ baseline preserves every pre-existing missions record (1.7711ms)
✔ baseline preserves every pre-existing tasks record (1.1501ms)
✔ baseline preserves every pre-existing runs record (1.118ms)
✔ baseline preserves every pre-existing factory_work_items record (1.3472ms)
✔ baseline preserves every pre-existing factory_verification_recoveries record (1.5217ms)
✔ baseline preserves every pre-existing verification_evidence record (1.2468ms)
✔ baseline preserves every pre-existing verification_requests record (1.7163ms)
✔ baseline preserves every pre-existing source_deliverables record (4.0878ms)
✔ baseline preserves every pre-existing mission_contract_revisions record (1.5183ms)
✔ baseline preserves every pre-existing mission_budget_revisions record (1.3099ms)
✔ baseline preserves every pre-existing action_approvals record (1.8256ms)
✔ baseline preserves every pre-existing circuit_breaker_incidents record (2.0056ms)
✔ baseline permits additive rows and events while forbidding live work and missing history tables (4.2568ms)
✔ journal requires exact Ready watermark, ordered unique same-Corp events, and bounded count (3.6035ms)
✔ buildPlan is deterministic, fresh, output-owned, and mirrors one ready synthetic issue (1.6309ms)
✔ factory argv remains pinned and recovery only appends the exact checkpoint mode and recorded reason (1.4979ms)
✔ persisted app, base-file, exact hash command and independent-review checks cannot be replaced by Artifact (14.0779ms)
✔ checkpoint digests use Rust field order, preserve app policy, and retain forced commit_branch authority (1.1358ms)
✔ invokeFactory uses only injected child I/O, a bounded timeout, and a non-inherited environment (2.2821ms)
✔ invokeFactory never retries an uncertain execution or logs raw stdout/stderr (1.5341ms)
✔ explicit Windows assessment preserves historical paths on every host (3.657ms)
✔ default host assessment still rejects foreign path namespaces (1.3479ms)
✔ assessOriginal binds native stop from full replay, not snapshot.events (1.5978ms)
✔ assessOriginal binds native suspend from full replay, not snapshot.events (2.7892ms)
✔ assessOriginal rejects provider attempt increment without accepting or replacing work (2.2684ms)
✔ assessOriginal rejects attempt ceiling revision without accepting or replacing work (1.4135ms)
✔ assessOriginal rejects current budget revision without accepting or replacing work (1.5478ms)
✔ assessOriginal rejects original budget rewrite without accepting or replacing work (0.9558ms)
✔ assessOriginal rejects persisted hash verifier removal without accepting or replacing work (0.8351ms)
✔ assessOriginal rejects manual gate weakening without accepting or replacing work (1.2856ms)
✔ assessOriginal rejects contract source replacement without accepting or replacing work (1.145ms)
✔ assessOriginal rejects write scope replacement without accepting or replacing work (1.38ms)
✔ assessOriginal rejects archive bypass of forced commit_branch without accepting or replacing work (1.1976ms)
✔ assessOriginal rejects provider secret authority without accepting or replacing work (1.2679ms)
✔ assessOriginal rejects extra provider run without accepting or replacing work (0.9096ms)
✔ assessOriginal rejects extra task without accepting or replacing work (1.6727ms)
✔ assessOriginal rejects changed factory owner without accepting or replacing work (1.0378ms)
✔ assessOriginal rejects changed issue revision without accepting or replacing work (1.0377ms)
✔ assessOriginal rejects wrong assigned runner without accepting or replacing work (1.5492ms)
✔ assessOriginal rejects producer reviewing itself without accepting or replacing work (1.182ms)
✔ assessOriginal rejects source-checkout execution without accepting or replacing work (1.4443ms)
✔ assessOriginal rejects quarantined checkpoint without accepting or replacing work (0.889ms)
✔ assessOriginal rejects loop-counter change without accepting or replacing work (1.3905ms)
✔ assessOriginal rejects rewritten usage without accepting or replacing work (0.9418ms)
✔ assessOriginal rejects invented provider artifact without accepting or replacing work (0.9249ms)
✔ assessOriginal rejects checkpoint missing without accepting or replacing work (1.3571ms)
✔ assessOriginal rejects checkpoint policy digest changed without accepting or replacing work (0.8591ms)
✔ assessOriginal rejects provider still alive without accepting or replacing work (1.0693ms)
✔ assessOriginal rejects budget command not acknowledged without accepting or replacing work (1.3563ms)
✔ assessOriginal rejects budget incident missing without accepting or replacing work (5.3456ms)
✔ assessOriginal rejects previously recorded run missing without accepting or replacing work (1.4226ms)
✔ assessOriginal rejects accepted provider progress hidden before snapshot window without accepting or replacing work (1.3193ms)
✔ suite pauses for native browser review by default and only observes external approval on continuation (69.3635ms)
✔ suite retains native forced-commit export failure and performs no review, download, or policy bypass (20.8202ms)
✔ suite missing-Artifact negative is explicit rejection, not verified delivery or fabricated provider evidence (25.8385ms)
✔ --continue cannot create a baseline or begin an unrecorded mutation (7.7553ms)
✔ unknown create response is never retried; continuation times out without adopting replacement work (45.7587ms)
✔ lost create response reconciles the exact item/run, but --continue cannot authorize recovery (19.1318ms)
✔ lost recovery response binds the recorded replacement; continuation only pauses for its exact browser gate (31.0378ms)
✔ external browser approval completes exact recorded work without retries or erasing earlier failure history (52.2637ms)
✔ suite never mutates when independent reviewer is missing (3.2179ms)
✔ suite never mutates when independent reviewer is not human (3.3742ms)
✔ suite never mutates when independent reviewer is unauthorized role (4.8105ms)
✔ suite never mutates when independent reviewer is guest (4.4847ms)
✔ suite never mutates when independent reviewer is wrong Corp (4.4341ms)
✔ failed intent persistence or changed parent inputs prevents the corresponding native effect (29.4599ms)
✔ a colliding synthetic item without saved create intent is never adopted or mutated (4.2445ms)
✔ wrong physical base bytes stop before recovery; tampered downloads stop without another attempt (45.7041ms)
✔ --continue fails closed when recorded work disappears, with no new mission or native retry (31.7495ms)
✔ explicit browser-review flag preserves the default two-step flow without a scripted-review mode (18.52ms)
✔ browser-review pause cannot be continued with substituted gate identities or reviewer (16.4921ms)
✔ production I/O exposes no review POST and confines injected requests to exact GET routes (33.9766ms)
✔ runtime factory adapter never retries an ambiguous injected CLI call (0.9897ms)
✔ server-upgrade option is explicit, continue-only, and confined to the owned runtime directory (19.583ms)
✔ server-only upgrade retains the original binding/failure and separately records server provenance read-only (31.0771ms)
✔ upgrade rejects runner/web/CLI changes, a mismatched old binding, and conflicting server provenance (18.9961ms)
✔ same-verifier native checkpoint re-attestation accepts a real run_id-only VerificationRequest (4.4994ms)
✔ checkpoint re-attestation cannot target another run, duplicate an ACK, or permit provider usage (7.014ms)
✔ strict phase parsing and explicit opt-in (7.1212ms)
✔ reject manual/default/aliased ports, credentials, ambiguous URLs and mismatched environment before API access (12.407ms)
✔ verification is GET-only and no phase can call decision/reset/bootstrap/foreign-Corp routes (2.7019ms)
✔ prepare → newer approved → isolated replay observation → explicit older approval → automatic synthesis (179.8409ms)
✔ lost create response adopts exact marker without sending a second create (22.872ms)
✔ unknown create that never arrived fails closed, never creates a replacement (3.9296ms)
✔ lost revision response replays the exact native UUID and preserves only two revisions (58.1117ms)
✔ lost launch response recovers exact root IDs by readback, never dispatches again (23.1433ms)
✔ wrong source/pinned staffing/non-quiescent fixture rejected before any POST (2.296ms)
✔ cannot skip intermediate observation or approve the older run first (54.9541ms)
✔ exact reviewer attribution, artifact binding and no second decision are enforced (78.9124ms)
✔ duplicate decision event and journal rollover cannot pass as replay isolation (56.8001ms)
✔ checkpoint fixture mismatch and modified pre-existing rows are rejected (40.8167ms)
✔ failed artifact download is rechecked on prepare resume without more POSTs (32.7365ms)
✔ linux: native unavailable admission is a verified refusal, not provider success (357.9325ms)
✔ darwin: native unavailable admission is a verified refusal, not provider success (320.9121ms)
✔ Windows: an unavailable provider remains a failure (332.803ms)
✔ Unix: accidentally accepting an unsupported provider fails the contract (309.4088ms)
✔ Unix: an unrelated admission failure cannot stand in for containment refusal (272.11ms)
✔ Unix: a refusal with a persisted run is rejected (293.9157ms)
✔ Unknown runner platforms fail before resetting a fixture (197.7803ms)
✔ A Linux expectation cannot conceal an unavailable Windows runner (261.2415ms)
✔ Unknown reported runner OS fails before creating provider work (271.2624ms)
✔ An owned child stuck on HTTP is reaped before fixture cleanup (2049.9295ms)
✔ explicit CLI and parent runtime receipt reuse retain owner/source/process binding (7.2599ms)
✔ additive request changes only the fixture case, keeps native 5000 authority and no delivery/resume (0.6281ms)
✔ shared client sends exact additive create/launch bodies without retries or extra routes (35.3152ms)
✔ pure native trace accepts actual ACK before failure/termination without prescribing that order (11.5163ms)
✔ pure native trace accepts actual ACK between failure/termination without prescribing that order (1.8716ms)
✔ pure native trace accepts actual ACK after failure/termination without prescribing that order (1.5135ms)
✔ pure evidence rejection: missing actual artifact rejection (1.4537ms)
✔ pure evidence rejection: unrelated failure (1.6972ms)
✔ pure evidence rejection: termination before failure is not the race (3.0768ms)
✔ pure evidence rejection: missing termination is not success (2.834ms)
✔ pure evidence rejection: missing ACK remains unproven (1.4452ms)
✔ pure evidence rejection: wrong command correlation (1.1884ms)
✔ pure evidence rejection: wrong ACK runner (1.0394ms)
✔ pure evidence rejection: foreign session event scope (0.6961ms)
✔ pure evidence rejection: non-native event attribution (0.9837ms)
✔ pure evidence rejection: wrong native event identity (0.7909ms)
✔ pure evidence rejection: rewritten failure summary (0.7184ms)
✔ pure evidence rejection: agent still assigned (0.6593ms)
✔ pure evidence rejection: task resurrected (0.6576ms)
✔ pure evidence rejection: mission resurrected (0.9384ms)
✔ pure evidence rejection: accepted artifact metadata (2.4935ms)
✔ pure evidence rejection: late accepted completion even if snapshot says failed (1.575ms)
✔ pure evidence rejection: accepted artifact even outside bounded snapshot.events (1.8243ms)
✔ pure evidence rejection: verification event is forbidden (1.1567ms)
✔ pure evidence rejection: uncertain teardown is forbidden (1.0242ms)
✔ pure evidence rejection: accepted evidence record (1.5794ms)
✔ pure evidence rejection: budget revision (0.7751ms)
✔ pure evidence rejection: replacement run (0.5952ms)
✔ pure evidence rejection: source substitution (0.5648ms)
✔ pure evidence rejection: verification-only execution cannot attest a provider (0.4799ms)
✔ pure evidence rejection: usage must be exactly two 3000-token increments (0.8103ms)
✔ invalid native termination payload cannot pass (null) (0.8326ms)
✔ invalid native termination payload cannot pass ([]) (0.7831ms)
✔ invalid native termination payload cannot pass ({}) (0.6289ms)
✔ invalid native termination payload cannot pass ({"adapter":"other"}) (0.8507ms)
✔ invalid native termination payload cannot pass ({"provider_process_alive":true}) (1.0916ms)
✔ invalid native termination payload cannot pass ({"provider_process_alive":"false"}) (0.7727ms)
✔ invalid native termination payload cannot pass ({"outcome":"verified"}) (1.0721ms)
✔ invalid native termination payload cannot pass ({"message":""}) (1.0641ms)
✔ invalid native termination payload cannot pass ({"message":1}) (1.6316ms)
✔ invalid native termination payload cannot pass ({"message":"xxxxxxxxxxxxxxxxxxxxxxxxxxxxxxxxxxxxxxxxxxxxxxxx) (1.3615ms)
✔ invalid native termination payload cannot pass ({"message":"untrusted\ntext"}) (1.6554ms)
✔ invalid native termination payload cannot pass ({"message":"
"}) (0.6699ms)
✔ invalid native termination payload cannot pass ({"credential":"PRIVATE_PROVIDER_CONTENT_OR_ASSIGNMENT_TOKEN_) (0.5982ms)
✔ all native terminal outcomes and absent optional message are valid telemetry, not accepted completion (2.9161ms)
✔ one additive case checkpoints and announces intent/IDs, retains history, and waits for quiet readback (34.7706ms)
✔ passed same-case continuation recomputes proof with zero further mutations (30.6262ms)
✔ createLost: failure preserves exact intent, continuation never retries an attempted POST (15.86ms)
✔ createUnknown: failure preserves exact intent, continuation never retries an attempted POST (1.6934ms)
✔ launchLost: failure preserves exact intent, continuation never retries an attempted POST (16.6952ms)
✔ launchUnknown: failure preserves exact intent, continuation never retries an attempted POST (2.6006ms)
✔ bounded live failure leaves the original run live, IDs and intent intact, with no replacement (45.8277ms)
✔ missing late telemetry is a bounded failure with actual ACK order, not a race claim (24.7864ms)
✔ natural later telemetry/finalization can settle without rewriting terminal state or historical events (14.3011ms)
✔ settling cannot hide changed terminal run summary (5.9997ms)
✔ settling cannot hide changed terminal task (5.191ms)
✔ settling cannot hide changed terminal mission (4.2147ms)
✔ settling cannot hide changed terminal agent (8.0065ms)
✔ settling cannot hide changed old run (4.1791ms)
✔ settling cannot hide changed old agent (11.1823ms)
✔ settling cannot hide changed old journal prefix (5.3201ms)
✔ settling cannot hide changed original failure event (4.5588ms)
✔ saved report cannot substitute receipt, native authority, source, or erase baseline after an effect (5.7796ms)
✔ report save uses exclusive lock, private synced temp and atomic rename; refuses implicit overwrite (4.6567ms)
✔ stale locks are never stolen and failed saves retain original report and orphaned temp (1.1429ms)
✔ report cannot replace receipt; bounded reads reject links, hardlinks and inode swaps before reading (0.9951ms)
✔ CLI is explicit, non-ambient, duplicate/unknown flags fail (3.7905ms)
✔ explicit parent runtime metadata aligns without opening any named process/log/source (3.6747ms)
✔ rejects protected/manual API port 5187 (0.2522ms)
✔ rejects protected/manual API port 5291 (0.1853ms)
✔ rejects protected/manual API port 8791 (0.1985ms)
✔ rejects protected/manual API port 8793 (0.1937ms)
✔ rejects protected/manual API port 8991 (0.1576ms)
✔ rejects protected/manual API port 15191 (0.2517ms)
✔ rejects protected/manual API port 15193 (0.4062ms)
✔ rejects protected/manual API port 15491 (0.4296ms)
✔ rejects protected/manual API port 15493 (0.31ms)
✔ rejects protected/manual API port 15496 (0.2459ms)
✔ rejects protected/manual API port 18961 (0.2454ms)
✔ rejects protected/manual API port 18962 (0.2436ms)
✔ rejects protected/manual API port 18963 (0.1444ms)
✔ rejects ambiguous or non-owned origin http://localhost:18574 (0.2903ms)
✔ rejects ambiguous or non-owned origin http://127.1:18574 (0.1684ms)
✔ rejects ambiguous or non-owned origin http://[::1]:18574 (0.1717ms)
✔ rejects ambiguous or non-owned origin https://127.0.0.1:18574 (0.2001ms)
✔ rejects ambiguous or non-owned origin http://127.0.0.1:18574/ (0.1703ms)
✔ rejects ambiguous or non-owned origin http://127.0.0.1:18574/api (0.1358ms)
✔ rejects ambiguous or non-owned origin http://127.0.0.1:18574?x=1 (0.1794ms)
✔ rejects ambiguous or non-owned origin http://redacted:redacted@127.0.0.1:18574 (0.2521ms)
✔ rejects ambiguous or non-owned origin http://example.com:18574 (0.1352ms)
✔ receipt requires complete immutable source, no unknown authority or provider substitution (2.9271ms)
✔ native requests preserve single strategy, exact source, budget, File verifier, no deliverable (0.5853ms)
✔ Rust policy digest uses explicit declaration order, not JS/JSONB property order (0.6718ms)
✔ canonical containment handles Windows drive prefixes but rejects aliases/escapes (0.657ms)
✔ POSIX containment rejects traversal, equality and sibling prefixes (0.5203ms)
✔ base.txt reads exactly five bytes, and all link/reparse/hardlink failures occur before open (12.8272ms)
✔ opened-file identity swaps fail closed without reading bytes (1.4635ms)
✔ runners are top-level; nested-only, unavailable, foreign, ambiguous or different-source runners fail (0.9979ms)
✔ suspend: actual usage -> breaker -> native teardown -> exact checkpoint -> terminal (2.4545ms)
✔ stop: actual usage -> breaker -> native teardown -> exact checkpoint -> terminal (1.2221ms)
✔ rejects missing checkpoint (4.6287ms)
✔ rejects foreign Corp proof (1.0418ms)
✔ rejects foreign mission proof (1.3421ms)
✔ rejects foreign task proof (0.8528ms)
✔ rejects foreign run proof (1.3028ms)
✔ rejects foreign agent proof (0.8971ms)
✔ rejects foreign runner proof (0.7199ms)
✔ rejects wrong original base (0.7174ms)
✔ rejects changed HEAD (0.7228ms)
✔ rejects changed fingerprint (0.5976ms)
✔ rejects arbitrary JS policy ordering (0.6646ms)
✔ rejects changed write digest (0.645ms)
✔ rejects changed deliverable digest (0.6454ms)
✔ rejects token in proof (1.0606ms)
✔ rejects live provider (0.6472ms)
✔ rejects wrong adapter (0.8523ms)
✔ rejects foreign event lineage (0.6299ms)
✔ rejects late checkpoint (0.6984ms)
✔ rejects missing usage (0.7665ms)
✔ rejects fake cumulative usage (0.6166ms)
✔ rejects wrong breaker metric (4.3824ms)
✔ rejects wrong command acknowledgement (0.9817ms)
✔ rejects accepted artifact (1.275ms)
✔ rejects verification started (1.2166ms)
✔ rejects lost is not completion (0.4374ms)
✔ rejects agent still assigned (0.5258ms)
✔ rejects automatic retry (0.5115ms)
✔ rejects replacement task (0.5167ms)
✔ rejects resume lineage (0.442ms)
✔ rejects budget override (0.3737ms)
✔ rejects write scope widening (0.3585ms)
✔ rejects policy weakening (0.3809ms)
✔ rejects path outside runner (0.7755ms)
✔ rejects unknown projection strings are not logged (0.4425ms)
✔ rejects non-native none breaker projection is rejected (0.5071ms)
✔ rejects accepted evidence row (0.7879ms)
✔ full replay, not the bounded snapshot, rejects earlier run.completed (0.6115ms)
✔ full replay, not the bounded snapshot, rejects earlier run.verification_started (1.2477ms)
✔ full replay, not the bounded snapshot, rejects earlier run.verification_evidence (0.8798ms)
✔ full replay, not the bounded snapshot, rejects earlier run.artifact (0.9454ms)
✔ full replay, not the bounded snapshot, rejects earlier run.deliverable (0.982ms)
✔ full replay, not the bounded snapshot, rejects earlier run.workspace_removed (0.8917ms)
✔ full replay, not the bounded snapshot, rejects earlier run.teardown_uncertain (0.8035ms)
✔ visible history and original journal prefix are immutable; no whole-database inference (2.216ms)
✔ journal bounds, strict ordering, non-contiguous visible sequences and Ready watermark (0.6763ms)
✔ API requests allow only exact scoped snapshot/create/launch, never reset/policy/resume (32.5148ms)
✔ HTTP errors with sensitive bodies are not retried or exposed (0.7916ms)
✔ oversized API responses fail at the byte bound, with no response body in the error (10.8459ms)
✔ native journal API requires a real Ready watermark and refuses partial replay (2.1549ms)
✔ two additive cases checkpoint intent/IDs, retain old history, and pass only after quiet observation (37.4882ms)
✔ baseline counts are dynamic, including completed prior browser-created missions (49.9237ms)
✔ completed checkpoint continuation is read-only and never re-launches either case (40.077ms)
✔ timeout leaves a live run LIVE with its original ID and never starts a replacement/second case (40.0519ms)
✔ lost create response discovers exact original IDs; intentional continuation sends no duplicate (28.4646ms)
✔ uncertain create without an observable result blocks continuation, never replacement (2.3757ms)
✔ lost launch response discovers exact original IDs; intentional continuation sends no duplicate (24.7819ms)
✔ uncertain launch without an observable result blocks continuation, never replacement (2.3166ms)
✔ driver failure keeps IDs and failure report; late accepted verification cannot pass (9.2969ms)
✔ saved report cannot change receipt/source/runner/process scope or invent successful authority (1.6584ms)
✔ existing budget-stream keeps its original synthetic 6000-token contract (1273.8214ms)
✔ UI budget-stream uses the real 500K preset with explicit synthetic counters (1220.519ms)
✔ native interrupt prevents later usage and completion in the UI fixture (338.7541ms)
✔ original budget-stream still interrupts before its second usage and scheduled completion (340.7188ms)
✔ queued completion emits exact usage and completed before a subsequent interrupt response (188.4405ms)
✔ actual queued fixture writes base then emits both usages and finish synchronously without timers (6.7212ms)
✔ User/Organization resolver verifies owner and project number without reading items (1219.4034ms)
✔ opaque paginated active-only discovery retains 1002 items and exact Issue source (2758.2022ms)
✔ empty pages, invalid cursors and archived cursors never silently restart pagination (1582.4009ms)
✔ quota-only probes accept include flags before/after endpoint and retain plain JSON (1015.4272ms)
✔ exact items, memberships and publisher fields support metered and legacy plain callers (1522.329ms)
✔ configured primary refusal exposes reset headers and recovers exactly at fixture reset (563.1366ms)
✔ secondary failures are finite per-query attempts even with interleaved probes (1029.4114ms)
✔ 503 failures expose Retry-After without spending quota or triggering source mutation (435.7129ms)
✔ source-drift hook remains shared across pages, legacy lists and exact reads only (1697.3246ms)
✔ legacy Project edits and publisher PR mutation/recovery semantics are preserved (1109.8621ms)
✔ errors and observation logs never echo credentials, headers, query text or variables (739.2781ms)
✔ invalid quota/failure configurations fail safely and event retention is bounded (1481.8615ms)
✔ parses HTTPS clone URL without resolving redirects (5.088ms)
✔ parses HTTPS repository URL without resolving redirects (0.5362ms)
✔ parses HTTPS default port without resolving redirects (0.2272ms)
✔ parses SSH SCP URL without resolving redirects (0.4268ms)
✔ parses SSH URI without resolving redirects (0.3898ms)
✔ parses SSH default port without resolving redirects (0.3009ms)
✔ parses SSH alternate port without resolving redirects (0.3738ms)
✔ parses case normalization without resolving redirects (0.2439ms)
✔ parses trailing slash without resolving redirects (0.2799ms)
✔ parses Git output newline without resolving redirects (0.5361ms)
✔ keeps old, transferred and deliberately wrong repositories distinct (0.6946ms)
✔ retains valid repository punctuation (0.2604ms)
✔ rejects missing without disclosing the origin (1.0017ms)
✔ rejects null without disclosing the origin (0.1608ms)
✔ rejects non-string without disclosing the origin (0.1408ms)
✔ rejects empty without disclosing the origin (0.2093ms)
✔ rejects bare namespace without disclosing the origin (0.1559ms)
✔ rejects different host without disclosing the origin (0.1373ms)
✔ rejects host suffix without disclosing the origin (2.4572ms)
✔ rejects HTTP without disclosing the origin (0.2298ms)
✔ rejects Git protocol without disclosing the origin (0.193ms)
✔ rejects HTTPS userinfo without disclosing the origin (0.2099ms)
✔ rejects HTTPS password without disclosing the origin (0.2243ms)
✔ rejects SSH password without disclosing the origin (0.4083ms)
✔ rejects non-Git SSH user without disclosing the origin (0.2779ms)
✔ rejects SCP userinfo without disclosing the origin (0.1603ms)
✔ rejects SCP prefix not recognized by the runner without disclosing the origin (0.1863ms)
✔ rejects query without disclosing the origin (0.1656ms)
✔ rejects fragment without disclosing the origin (0.1429ms)
✔ rejects extra path without disclosing the origin (0.2027ms)
✔ rejects traversal without disclosing the origin (0.1897ms)
✔ rejects dot owner without disclosing the origin (0.1824ms)
✔ rejects dot repository without disclosing the origin (0.1256ms)
✔ rejects empty repository without disclosing the origin (0.1406ms)
✔ rejects encoded path without disclosing the origin (0.0999ms)
✔ rejects backslash without disclosing the origin (0.142ms)
✔ rejects multiple origins without disclosing the origin (0.1046ms)
✔ rejects oversized origin without disclosing the origin (0.1627ms)
✔ reads only the selected checkout origin with bounded, piped Git output (0.3259ms)
✔ Git failure discards message, cause, stdout and stderr without fallback (0.2561ms)
✔ a successful Git read cannot admit a credential-bearing origin (0.2206ms)
✔ imports actual-shaped retained native success and reproducible external rejection as a candidate only (170.3871ms)
✔ old oracle without physical digest remains explicitly weaker and prompt alignment remains unreviewed (146.3999ms)
✔ repeated captures and checker versions of one run do not create independent evidence identities (525.9747ms)
✔ local review digest cannot activate a candidate even with two distinct native runs (306.3911ms)
✔ refuses foreign Corp even with repinned retained files (125.9277ms)
✔ refuses foreign room even with repinned retained files (120.3748ms)
✔ refuses other source even with repinned retained files (118.3436ms)
✔ refuses changed contract source even with repinned retained files (149.9725ms)
✔ refuses missing native checks even with repinned retained files (131.2364ms)
✔ refuses failed test under passed native label even with repinned retained files (137.152ms)
✔ refuses wrong oracle bytes even with repinned retained files (116.8438ms)
✔ refuses wrong resume identity even with repinned retained files (103.6816ms)
✔ refuses wrong resume ancestry even with repinned retained files (117.1349ms)
✔ refuses cancelled run even with repinned retained files (130.565ms)
✔ refuses substituted before bytes even with repinned retained files (115.7395ms)
✔ refuses unknown checker even with repinned retained files (23.447ms)
✔ hash pins, duplicate JSON keys and traversal are rejected before candidate output (113.9886ms)
✔ directory redirection and oversized files fail closed (162.6203ms)
✔ exact append handles LF and CRLF without normalizing changed source (0.7209ms)
✔ external rejection cannot be imported when exact output actually passes (111.6971ms)
✔ CLI reads pinned inputs and creates one new corpus without overwriting source files (387.4043ms)
✔ CLI has one aggregate read budget covering the request, corpus, manifests and retained files (375.6494ms)
▶ local stack owned-process and state regression fixtures
  ✔ identity comes from the live process and binds only the explicit workspace (1.6785ms)
  ✔ wrong timestamps, executable, workspace and malformed records fail closed (0.1916ms)
  ✔ a stale creation record aimed at a live synthetic PID cannot stop it (0.1855ms)
  ✔ stopping the verified root leaves its descendant and an unrelated child alive (0.1268ms)
  ✔ Start accepts working and log directories containing spaces (0.1895ms)
  ✔ Start treats bracketed log directories as literal paths (0.1194ms)
  ✔ Start treats bracketed working directories as literal paths (0.1283ms)
  ✔ failed-start rollback results preserve the original error and require both success signals (0.1262ms)
  ✔ Start preserves literal arguments, spaces, child-only environment and redacted evidence (0.2128ms)
  ✔ repeated role launches retain earlier logs and allocate unique stdout/stderr files (0.2754ms)
  ✔ extracted Launch preserves ownership on save failure (verified rollback) (0.1238ms)
  ✔ extracted Launch preserves ownership on save failure (unverified rollback) (0.0762ms)
  ✔ v2 state round-trips nested records and read preserves exact bytes (0.0795ms)
  ✔ corrupt, unsupported and differently scoped state is refused without deleting evidence (0.1121ms)
  ✔ state writes reject traversal, sibling-prefix paths and foreign workspace claims (0.0829ms)
  ✔ state writes reject reparse-point parent directories (0.067ms)
  ✔ a failed atomic replacement preserves old bytes and removes its temporary file (0.9273ms)
  ✔ concurrent synthetic reader observes only complete atomic state generations (0.1232ms)
  ✔ legacy numeric state stays read-only and never authorizes stopping (0.1572ms)
  ✔ cleanup reaps only held synthetic handles and removes only its temporary tree (0.1588ms)
✔ local stack owned-process and state regression fixtures (12272.3693ms)
ℹ PowerShell 7.6.5; 14 synthetic processes reaped; no fixture tree remains
▶ local stack starter source guards
  ✔ starter has no unconditional stop invocation (0.1766ms)
  ✔ starter never passes a database URL as a command argument (0.1408ms)
  ✔ starter forwards the native runner startup-recovery opt-out unchanged (0.0717ms)
  ✔ persisted runner IDs block automatic reenrollment even when offline (0.0655ms)
  ✔ Factory policy paths are canonicalized against the checkout before persistence and launch (0.0653ms)
  ✔ Factory saved connection is retained and passed only as an explicit native option (0.065ms)
  ✔ live source-ref changes use exact comparison for old and current records (0.0641ms)
  ✔ starter never deletes enrollment or credentials without an explicit reset/rotation guard (0.0673ms)
  ✔ Compose operations are guarded by external-database selection (0.0718ms)
  ✔ stopper does not rediscover or terminate a descendant tree from saved PIDs (0.0597ms)
✔ local stack starter source guards (3403.0335ms)
✔ one checkout serializes commands while another checkout remains usable (6366.6388ms)
✔ explicit restart nesting and failed operations release their native lock (5232.5237ms)
✔ an interrupted command does not leave a stale lock requiring manual cleanup (3377.6188ms)
✔ both supported entrypoints use the same operation boundary (4.8844ms)
✔ reported idle remains idle without a pending request (1.9007ms)
✔ reported starting remains starting without a pending request (0.1552ms)
✔ reported working remains working without a pending request (0.1084ms)
✔ reported blocked remains blocked without a pending request (0.1177ms)
✔ reported reviewing remains reviewing without a pending request (0.1199ms)
✔ reported offline remains offline without a pending request (0.1233ms)
✔ working station "read" projects reading (0.2224ms)
✔ working station "search" projects reading (0.1617ms)
✔ working station " READ " projects reading (0.271ms)
✔ working station "Search" projects reading (0.3347ms)
✔ working station "test" projects working (0.205ms)
✔ working station "build" projects working (0.1848ms)
✔ working station "review" projects working (0.0852ms)
✔ working station "research" projects working (0.104ms)
✔ working station "bread" projects working (0.0651ms)
✔ working station "break" projects working (0.0636ms)
✔ working station "unknown-tool" projects working (0.0577ms)
✔ working station null projects working (0.0519ms)
✔ a stale station does not invent activity for a non-working agent (0.2117ms)
✔ a blocked agent needs an exact current-run approval match (0.1217ms)
✔ an exact current-run pending review is distinct from an action approval (0.1114ms)
✔ unrelated and prior-run pending requests cannot affect the current agent (0.1423ms)
✔ an approval stops affecting an agent as soon as its current run changes (0.1083ms)
✔ null and empty current-run IDs cannot acquire pending request state (0.1134ms)
✔ offline wins even when the recorded current run has both pending requests (0.1441ms)
✔ exact action approval takes precedence over exact review (0.1023ms)
✔ explicit current-run requests do not depend on a blocked display status (0.1094ms)
✔ projection does not mutate agents or request sets or infer state from identity text (0.8986ms)
✔ all eight states have distinct labels and factual descriptions (0.3812ms)
✔ roster ordering is stable by ID without mutating the source array (0.3007ms)
✔ renaming or changing activity does not move an existing roster to different seats (0.3148ms)
✔ 0 agents occupy exactly 0 studios without stacked seats (0.2454ms)
✔ 1 agents occupy exactly 1 studios without stacked seats (0.2517ms)
✔ 5 agents occupy exactly 1 studios without stacked seats (0.1757ms)
✔ 6 agents occupy exactly 1 studios without stacked seats (0.2057ms)
✔ 7 agents occupy exactly 2 studios without stacked seats (0.1736ms)
✔ 11 agents occupy exactly 2 studios without stacked seats (0.1826ms)
✔ 12 agents occupy exactly 2 studios without stacked seats (0.1041ms)
✔ 13 agents occupy exactly 3 studios without stacked seats (0.1522ms)
✔ 17 agents occupy exactly 3 studios without stacked seats (0.1018ms)
✔ 18 agents occupy exactly 3 studios without stacked seats (0.1021ms)
✔ 19 agents occupy exactly 4 studios without stacked seats (0.096ms)
✔ snapshot input reordering preserves page and seat assignment for 18 agents (0.2991ms)
✔ reordering across a partially filled page boundary preserves each agent seat (0.5746ms)
✔ studio dimensions and the six feet anchors match the renderer contract exactly (0.2ms)
✔ desk access never wraps overflow or invalid indexes onto occupied seats (0.8141ms)
✔ all desk footprints stay above their chairs and never overlap another desk or decor (0.3211ms)
✔ desk 0 has one finite arrival route clear of every workstation (0.4064ms)
✔ desk 1 has one finite arrival route clear of every workstation (0.1421ms)
✔ desk 2 has one finite arrival route clear of every workstation (0.1128ms)
✔ desk 3 has one finite arrival route clear of every workstation (0.091ms)
✔ desk 4 has one finite arrival route clear of every workstation (0.0905ms)
✔ desk 5 has one finite arrival route clear of every workstation (0.0811ms)
✔ route and desk results do not expose shared mutable layout state (0.1692ms)
✔ pending native review distinguishes invalid artifact paths from invalid artifact IDs (67.5445ms)
✔ pending native intent survives acceptance changes and reviewed adoption replays one exact revision (64.2493ms)
✔ pending intent cannot apply and generic native approval cannot authorize exact feedback (25.9268ms)
✔ reviewed feedback refuses adopter as reviewer before a revision (28.6166ms)
✔ reviewed feedback refuses producer as reviewer before a revision (23.3055ms)
✔ reviewed feedback refuses source requester as reviewer before a revision (24.7982ms)
✔ reviewed feedback refuses rejected decision before a revision (25.7038ms)
✔ reviewed feedback refuses future decision before a revision (23.7707ms)
✔ reviewed feedback refuses decision before intent before a revision (21.8597ms)
✔ reviewed feedback refuses wrong note digest before a revision (30.7198ms)
✔ reviewed feedback refuses extra note prose before a revision (24.5164ms)
✔ reviewed feedback refuses ordinary human gate before a revision (22.8821ms)
✔ reviewed feedback refuses requester exclusion disabled before a revision (18.1459ms)
✔ native approval cannot excuse changed target task (20.4484ms)
✔ native approval cannot excuse changed target version (25.5435ms)
✔ native approval cannot excuse changed source commit (21.9218ms)
✔ native approval cannot excuse changed artifact identity (21.7529ms)
✔ native approval cannot excuse changed corpus bytes digest (25.8405ms)
✔ native approval cannot excuse changed selected rule digest (20.5326ms)
✔ native approval cannot excuse changed selected guidance (22.0049ms)
✔ native approval cannot excuse changed adopter identity (33.9813ms)
✔ native approval cannot excuse changed replacement effect (25.8178ms)
✔ native approval cannot excuse changed unknown authority field (27.4572ms)
✔ persisted verifier policy and automated evidence drift invalidate the intent independently of acceptance (86.4856ms)
✔ missing or contradictory native rows and capture drift fail closed (29.9248ms)
✔ reviewed apply rechecks the actual decision and preserves ambiguous outcomes and idempotency (50.348ms)
✔ reviewed apply rejects altered intent bytes and expired proposal without native effects (35.6031ms)
✔ a changed post-effect review remains uncertain and cannot assert a verified binding (37.2729ms)
✔ review intent time bounds are revalidated during accepted-source reconstruction (32.1526ms)
✔ CLI native-review preparation, exact intent selection and apply keep separate raw and canonical hashes (155.2452ms)
✔ prepare is read-only and exposes the exact reference-only change for review (19.5562ms)
✔ an unprefixed objective stays candidate because native composition would change it (19.986ms)
✔ native normalization fixed points retain description and objective exactly (27.6319ms)
✔ public identifiers and digest selectors reject coercible arrays and objects before effects (15.8204ms)
✔ time, timeout and trusted routing fields require their declared primitive types (22.2285ms)
✔ apply performs one native revision, preserves authority and never launches (22.908ms)
✔ typed native file selection pins outer provenance and exact decoded corpus while preserving raw compatibility (35.5912ms)
✔ native typed unknown schema field is refused even with matching outer artifact digest (20.4615ms)
✔ native typed missing native schema field is refused even with matching outer artifact digest (14.2261ms)
✔ native typed coercible version is refused even with matching outer artifact digest (13.5655ms)
✔ native typed unsupported archive form is refused even with matching outer artifact digest (13.5461ms)
✔ native typed wrong base is refused even with matching outer artifact digest (13.8178ms)
✔ native typed wrong verifier is refused even with matching outer artifact digest (16.4741ms)
✔ native typed wrong head is refused even with matching outer artifact digest (17.3257ms)
✔ native typed bundle payload is refused even with matching outer artifact digest (13.2194ms)
✔ native typed patch checksum is refused even with matching outer artifact digest (13.627ms)
✔ native typed patch noncanonical base64 is refused even with matching outer artifact digest (16.3145ms)
✔ native typed selected hash is refused even with matching outer artifact digest (13.0587ms)
✔ native typed selected byte count is refused even with matching outer artifact digest (13.4868ms)
✔ native typed selected file size bound is refused even with matching outer artifact digest (14.7487ms)
✔ native typed selected base64 is refused even with matching outer artifact digest (18.08ms)
✔ native typed selected symlink is refused even with matching outer artifact digest (17.3524ms)
✔ native typed selected submodule is refused even with matching outer artifact digest (14.3336ms)
✔ native typed selected media is refused even with matching outer artifact digest (14.3043ms)
✔ native typed duplicate path is refused even with matching outer artifact digest (27.2091ms)
✔ native typed case alias is refused even with matching outer artifact digest (15.9851ms)
✔ native typed file directory conflict is refused even with matching outer artifact digest (15.0185ms)
✔ native typed traversal is refused even with matching outer artifact digest (14.8636ms)
✔ native typed absolute path is refused even with matching outer artifact digest (20.8707ms)
✔ native typed Windows stream is refused even with matching outer artifact digest (19.5612ms)
✔ native typed Windows device is refused even with matching outer artifact digest (19.485ms)
✔ native typed trailing dot alias is refused even with matching outer artifact digest (15.9154ms)
✔ native typed coercible entry path is refused even with matching outer artifact digest (23.157ms)
✔ native typed deleted selection is refused even with matching outer artifact digest (17.603ms)
✔ typed path selection requires one exact safe file, source role and original outer bytes (21.5169ms)
✔ typed decoded corpus cannot substitute a different well-hashed file or retarget a reviewed proposal (35.3105ms)
✔ typed base64 padding bits are canonical even when permissive decoding preserves the correct bytes (15.4653ms)
✔ same byte-pinned proposal replays its native key without adding guidance or a second revision (22.519ms)
✔ lost response stays unknown with no automatic retry; exact replay reconciles it (30.1541ms)
✔ an HTTP400 after persistence stays unknown and same-key replay confirms one revision (21.2391ms)
✔ live Corp drift refuses before a request (15.2935ms)
✔ live room drift refuses before a request (22.77ms)
✔ live mission drift refuses before a request (16.9685ms)
✔ live task drift refuses before a request (18.8321ms)
✔ live run drift refuses before a request (25.2001ms)
✔ live actor drift refuses before a request (18.6739ms)
✔ live source commit drift refuses before a request (26.5675ms)
✔ live verifier digest drift refuses before a request (24.2804ms)
✔ live artifact digest drift refuses before a request (26.8569ms)
✔ an accepted receipt with incomplete bounded evidence remains candidate (22.0043ms)
✔ an observed manual gate must retain its native decision and decider (25.7758ms)
✔ missing native corpus evidence or mismatched actual bytes never borrows an unrelated accepted run (29.6247ms)
✔ typed envelopes, missing review bytes and requested independent review remain explicit candidates (21.6958ms)
✔ UTF-8 reference bounds do not silently truncate valid longer advisory guidance (22.1187ms)
✔ changed target ready status cannot be overwritten (26.5199ms)
✔ changed target existing run cannot be overwritten (26.3382ms)
✔ changed target contract version cannot be overwritten (20.7385ms)
✔ changed target budget cannot be overwritten (28.3627ms)
✔ changed target verifier cannot be overwritten (25.4244ms)
✔ changed target source cannot be overwritten (18.8728ms)
✔ changed target source connection cannot be overwritten (27.8345ms)
✔ changed target tools cannot be overwritten (23.3648ms)
✔ changed target Corp cannot be overwritten (19.9303ms)
✔ changed target room cannot be overwritten (25.7751ms)
✔ changed target origin cannot be overwritten (16.2395ms)
✔ repinned unauthorized proposal changes cannot alter anything except selected references (36.4534ms)
✔ wrong proposal hash, edited corpus/review/receipt, future or expired proposal fails before POST (24.1246ms)
✔ expired selected guidance is not rescued by the remaining proposal lifetime (25.0838ms)
✔ expiry crossing during live prechecks is repeated immediately before mutation (21.4458ms)
✔ one total operation deadline cannot be renewed by a slow target precheck (242.1551ms)
✔ duplicate-key or reformatted proposal JSON cannot masquerade as the prepared byte representation (22.7354ms)
✔ source drift after successful mutation is accurately retained as applied (20.1943ms)
✔ source access loss after mutation is never mislabeled refusal-before-effects (17.9761ms)
✔ an HTTP error after a request is unknown without transaction-stage evidence and is not retried (21.7192ms)
✔ a contradictory successful response or changed native readback stays unknown (26.0022ms)
✔ exact native target projection refuses filtered context and preserves whole scope (19.64ms)
✔ file input requires selected exact bytes and fails closed on an oversized or malformed input (37.2626ms)
✔ feedback file reads accumulate short native reads before validating bytes (7.4481ms)
✔ feedback file truncate during short reads fails without a hash pin (6.2236ms)
✔ feedback file grow during short reads fails without a hash pin (25.1854ms)
✔ CLI preparation writes new review artifacts and an existing apply receipt refuses before network or effects (63.0225ms)
✔ CLI exits nonzero for refused adoption while preserving its JSON receipt (246.2553ms)
✔ CLI typed prepare explicitly selects the native file and apply has no path override (71.7759ms)
✔ retained native candidate cannot become saved-task guidance or a native revision (42.27ms)
✔ forged locally activated native evidence cannot become saved-task guidance or a native revision (37.467ms)
✔ native evidence mixed into an activated typed artifact cannot become saved-task guidance or a native revision (35.9025ms)
✔ receipt whitelists metadata and distinguishes persisted acceptance from optional verifier digests (8.2845ms)
✔ native runner, model and ref metadata preserves valid punctuation, spaces, Unicode and UTF-8 limits (3.5463ms)
✔ native metadata keeps bounded invalid text and malformed source tuples out of receipts (19.5722ms)
✔ native source identity accepts uppercase hexadecimal commits and full bounded repository components (0.9381ms)
✔ published native refs and native MIME token punctuation are observed without a custom identifier alphabet (1.1031ms)
✔ historical evidence never borrows the current task verifier policy count (1.8077ms)
✔ conflicting or invalid run-bound check counts remain unknown (2.9569ms)
✔ missing and duplicate check indices cannot establish completeness; malformed indices fail (0.8487ms)
✔ receipt rejects mismatched run Corp (0.4242ms)
✔ receipt rejects mismatched task Corp (0.3288ms)
✔ receipt rejects mismatched mission Corp (0.25ms)
✔ receipt rejects mismatched room Corp (0.1705ms)
✔ receipt rejects mismatched exact actor (0.2178ms)
✔ receipt rejects mismatched exact room (0.2005ms)
✔ receipt rejects mismatched exact mission (0.1539ms)
✔ receipt rejects mismatched evidence task (0.1993ms)
✔ receipt rejects mismatched event room (0.1867ms)
✔ receipt rejects mismatched partial source (0.1495ms)
✔ current-run rejects later same-task runs and tied times, retaining nanosecond ordering (1.0057ms)
✔ typed resume lineage requires same task and producer, and records unavailable ancestors honestly (1.8057ms)
✔ exact recovery count is run-bound; private policy and notes are omitted (0.54ms)
✔ published-result binds its exact source artifact and hashes opaque source revisions (0.5913ms)
✔ published-result accepts an exact historical publication despite a later same-task run (0.7939ms)
✔ published-result refuses mismatched Factory mission (0.2877ms)
✔ published-result refuses mismatched deliverable task (0.2954ms)
✔ published-result refuses mismatched deliverable source base (0.2112ms)
✔ published-result refuses mismatched run deliverable digest (0.1834ms)
✔ published-result refuses mismatched publication run (0.165ms)
✔ published-result refuses mismatched provenance mission (0.259ms)
✔ published-result refuses mismatched provenance source issue (0.2528ms)
✔ published-result refuses mismatched provenance target (0.2314ms)
✔ published-result refuses mismatched recorded PR head (0.2045ms)
✔ published-result refuses mismatched recorded PR repository (0.1925ms)
✔ published-result refuses mismatched recorded PR provenance (0.2491ms)
✔ byte verification rejects tampering and each missing or conflicting native response boundary (1.046ms)
✔ receipt validator rejects extra content, contradictory acceptance, and mixed origin/artifact roles (3.4856ms)
✔ fingerprint tolerates observation timestamps and detects selected source, contract and artifact drift (3.0498ms)
✔ compiled native MCP export performs two captures and downloads only selected-origin artifact IDs (763.0722ms)
✔ artifact retention selection is bounded before reading host configuration (0.8985ms)
✔ compiled native evidence retains only explicitly selected verified bytes and preserves public receipt schema (507.42ms)
✔ compiled native evidence rejects an unowned artifact selection before any artifact download (70.8919ms)
✔ compiled native evidence never returns retained bytes from a tampered artifact or changed source (210.5557ms)
✔ compiled native exporter keeps opaque runner/model/ref metadata out of every request route (146.937ms)
✔ compiled native export rejects state drift during its artifact read (138.9175ms)
✔ compiled native export rejects mismatched context before downloading artifacts (76.7078ms)
✔ compiled native export refuses artifact redirects without forwarding credentials (70.3135ms)
✔ compiled native export rejects oversized bodies and withholds HTTP error content (160.1796ms)
✔ compiled native export bounds a stalled exact-context body by its whole-operation timeout (1007.3476ms)
✔ receipt CLI writes a create-only metadata file and a compact redacted summary (782.5391ms)
✔ owned server requires matching executable, creation, endpoint, and workspace (2.7046ms)
✔ manual, remote, stale, or non-owned manifests never authorize restart (0.8729ms)
✔ Windows retains legacy timestamp tolerance and case-insensitive paths (0.3878ms)
✔ legacy Windows identity callers remain supported without weakening explicit checks (1.5531ms)
✔ Linux requires the exact boot/PID/start-tick, executable, cwd/root, and socket binding (2.4861ms)
✔ Linux rejects malformed, legacy-Windows, and changed receipts (0.6497ms)
✔ every existing manual port remains denied on Windows and Linux and all loopback hosts (0.8986ms)
✔ remote, credentialed, missing-port, and malformed-scope endpoints fail closed (0.486ms)
✔ only a complete scoped JSON object is a process receipt (0.5503ms)
✔ proc stat parses the final comm parenthesis and preserves 64-bit start ticks (0.8183ms)
✔ proc stat rejects wrong PID, truncated fields, malformed state, and invalid ticks (0.4036ms)
✔ Linux listener proof intersects the exact port and LISTEN state with PID-owned inodes (1.062ms)
✔ malformed or unavailable proc network input supplies no ownership authority (0.4677ms)
✔ artifact recovery overrides are child-only and match native numeric bounds (0.5601ms)
✔ probe requires explicit scope and forwards only its scoped credential environment (4.1727ms)
✔ probe summary contains collection counts, never snapshot data or private paths (0.7239ms)
✔ probe permits HTTP only for normalized canonical loopback origins and requires HTTPS elsewhere (11.437ms)
✔ recovery probe reports only native metadata and never infers missing capability or exposes policy (0.987ms)
✔ recovery probe rejects malformed work-item IDs before spawning any gateway (0.9507ms)
✔ compiled recovery probe rejects impossible native numeric metadata and preserves exhausted authority (500.4343ms)
✔ compiled recovery tool makes exactly the selected authorized GET in both modes (161.8496ms)
✔ compiled recovery probe selects one context without reading the broad snapshot or exposing private fields (79.8445ms)
✔ compiled recovery tool refuses malformed IDs, extra scope or effect arguments before HTTP (132.8747ms)
✔ compiled recovery tool rejects mismatched Corp or work-item responses (266.2135ms)
✔ compiled recovery probe preserves authorization and not-found failures without private diagnostics (187.7921ms)
✔ compiled recovery inspection never follows redirects in either gateway mode (136.777ms)
✔ compiled recovery inspection caps HTTP bodies even in the legacy write-capable gateway mode (141.1085ms)
✔ compiled read-only MCP completes the real stdio handshake and makes only one scoped GET (73.3492ms)
✔ compiled MCP ignores notifications and denies mutating calls before HTTP while preserving the default catalog (131.2021ms)
✔ compiled MCP keeps malformed omitted-ID objects silent and effect-free (read-only) (71.4637ms)
✔ compiled MCP keeps malformed omitted-ID objects silent and effect-free (unrestricted) (75.7527ms)
✔ compiled probe withholds API error content and enforces its whole-probe timeout (1108.2485ms)
✔ compiled read-only inspection rejects redirects without contacting a second origin (171.6917ms)
✔ compiled read-only startup requires every routing variable before serving even initialization (290.7115ms)
✔ compiled read-only flag rejects command-line tokens (split option, CLI only) (84.2965ms)
✔ compiled read-only flag rejects command-line tokens (split option, CLI plus environment) (65.6346ms)
✔ compiled read-only flag rejects command-line tokens (equals option, CLI only) (69.0248ms)
✔ compiled read-only flag rejects command-line tokens (equals option, CLI plus environment) (60.783ms)
✔ compiled read-only flag accepts only the environment token and exposes the restricted catalog (72.0841ms)
✔ compiled read-only environment rejects command-line tokens (split option, CLI only) (62.6416ms)
✔ compiled read-only environment rejects command-line tokens (split option, CLI plus environment) (62.8467ms)
✔ compiled read-only environment rejects command-line tokens (equals option, CLI only) (60.5847ms)
✔ compiled read-only environment rejects command-line tokens (equals option, CLI plus environment) (65.127ms)
✔ compiled read-only environment accepts only the environment token and exposes the restricted catalog (81.3147ms)
✔ compiled unrestricted MCP preserves legacy CLI token precedence (split option) (145.0746ms)
✔ compiled unrestricted MCP preserves legacy CLI token precedence (equals option) (147.8289ms)
✔ compiled native read-only HTTP body rejects oversized declared length before end (200) (79.3871ms)
✔ compiled native read-only HTTP body rejects streamed overflow before end (200) (126.2706ms)
✔ compiled native read-only HTTP body rejects oversized declared length before end (403) (80.1745ms)
✔ compiled native read-only HTTP body rejects streamed overflow before end (403) (124.8373ms)
✔ compiled native HTTP body accepts the inclusive read-only limit and preserves unrestricted transport (690.2611ms)
✔ compiled native HTTP body preserves small successful and error response behavior (407.4099ms)
✔ withholds all six source ACKs for each of two native automatic attempts (3.433ms)
✔ holds all quality ACK duplicates to the same 8-second deadline, preserving bytes (1.7552ms)
✔ gameplay and integration pass source ACKs unchanged (0.5064ms)
✔ native resume passes ACKs and does not consume a third automatic attempt (0.3368ms)
✔ non-source ACK, heartbeat, credential rotation, approval and lifecycle are opaque passthrough (0.5647ms)
✔ rejects foreign or unproven run, Corp and hash before fault decisions (1.5732ms)
✔ assignment rebinding cannot swap a different task, scope or command kind (1.754ms)
✔ late-ACK release sends one exact original old-run frame once without retagging (0.5948ms)
✔ refuses manual-stack, wrong-repository and missing opt-in config (1.521ms)
▶ real loopback WebSocket wiring: native schema, ordered forwarding, reconnection and redaction
  ▶ isolated concurrent fixture 1
    ✔ synthetic endpoints require live ownership without relaxing config guards (14.1474ms)
    ✔ persisted owner/name schema binds and stop cannot overtake a pending assignment (63.5152ms)
    ✔ upload byte transparency, ACK withholding and metadata non-disclosure (53.9392ms)
    ✔ a stale snapshot/close callback cannot bind, send or close the replacement connection (181.3248ms)
  ✔ isolated concurrent fixture 1 (459.4534ms)
  ▶ isolated concurrent fixture 2
    ✔ synthetic endpoints require live ownership without relaxing config guards (11.6114ms)
    ✔ persisted owner/name schema binds and stop cannot overtake a pending assignment (64.3243ms)
    ✔ upload byte transparency, ACK withholding and metadata non-disclosure (53.2199ms)
    ✔ a stale snapshot/close callback cannot bind, send or close the replacement connection (179.4498ms)
  ✔ isolated concurrent fixture 2 (422.2049ms)
✔ real loopback WebSocket wiring: native schema, ordered forwarding, reconnection and redaction (460.2862ms)
✔ relocated doctor checks declared tools through native version commands without leaking ambient secrets or installing (1349.5681ms)
✔ wrong node version produces a failing CLI result (1350.5687ms)
✔ wrong pnpm version produces a failing CLI result (1399.5345ms)
✔ wrong rustc version produces a failing CLI result (1147.0259ms)
✔ wrong cargo version produces a failing CLI result (1179.8897ms)
✔ missing package manager fails without falling back to another host command (984.0441ms)
✔ failed component probes suppress raw stdout and stderr (1107.0456ms)
✔ unrecognized version output is rejected without echoing the command response (1085.4071ms)
✔ an unavailable pinned rustup toolchain fails instead of installing or selecting stable (1090.6371ms)
✔ already selected direct Rust binaries can be verified without rustup (1095.1297ms)
✔ invalid .node-version declaration fails before any command runs (version) (192.9982ms)
✔ invalid package.json declaration fails before any command runs (version) (182.9738ms)
✔ invalid rust-toolchain.toml declaration fails before any command runs (floating Rust) (163.3656ms)
✔ invalid rust-toolchain.toml declaration fails before any command runs (component) (162.686ms)
✔ unsupported CLI arguments fail before probing tools (160.9746ms)
ℹ tests 1305
ℹ suites 0
ℹ pass 1305
ℹ fail 0
ℹ cancelled 0
ℹ skipped 0
ℹ todo 0
ℹ duration_ms 237734.7849
