$ node --test --test-concurrency=2 --test-timeout=180000 "apps/web/src/**/*.test.mjs" "tools/*.test.mjs"
✔ editor preserves its accessible control names, preview hook, and all six check choices (30.0488ms)
✔ switching check types resets their incompatible fields and retains the rest of the policy (6.2183ms)
✔ every check-field callback retains the selected variant and unchanged checks (10.6238ms)
✔ adding and removing checks preserves tab selection, including external policy shrink and the empty state (10.4616ms)
✔ the 16-check add button limit and oversized-policy feedback are retained (7.121ms)
✔ manual-gate transitions retain default role ordering, requester exclusion, and explicit removal (8.5512ms)
✔ preview keeps exact check order, manual-role labels, heading overrides, and requester-exclusion guidance (1.385ms)
✔ Factory exact-run navigation replaces a remembered newer outcome before mission remount (3.5039ms)
✔ run navigation ignores the duplicate activity marker in a hidden Factory tab (15.1689ms)
✔ artifact navigation chooses its exact producer while mission-only navigation preserves the current choice (1.1341ms)
✔ unavailable run/task/mission cannot overwrite remembered evidence or open another run (2.1583ms)
✔ storage failure or obsolete viewer fails closed before navigation (1.8191ms)
✔ explicit navigation writes only the selected viewer scope and only the run identity (1.0432ms)
✔ reload keeps the decided run instead of the other pending review or a newer worker (1.5037ms)
✔ remembered evidence is scoped to the API server, Corp, actor and mission (0.2944ms)
✔ missing remembered work never silently substitutes another visible review (0.225ms)
✔ unreadable or malformed stored context requires explicit selection, not the next review (0.4262ms)
✔ a first visit is distinct from unreadable history; failed writes do not throw (0.3081ms)
✔ only the selected run ID is stored; reviews and authority never enter browser persistence (0.907ms)
✔ MissionCard scopes remounts, pins initial evidence and fails closed when persistence fails (8.6466ms)
✔ issue210 only the explicit server flag adds correction to a native checkpoint (2.4966ms)
✔ issue210 verifier availability is independent of correction and missing availability preserves legacy behavior (1.0671ms)
✔ issue210 revision source is the exact server-selected verifier, with no cross-item fallback (0.4898ms)
✔ only native proof plus its cancellation marker exposes source-only checkpoint verification (0.3121ms)
✔ a running checkpoint needs no cancellation repair, and ordinary verification failure stays compatible (0.2286ms)
✔ missing/tampered source, checkpoint, head, active recovery or terminal outcome offers no new recovery (0.3574ms)
✔ context requests are not recovery grants and never depend on inferred mission spend/status (0.2314ms)
✔ copied command binding retains the saved connection and never falls back on malformed metadata (0.2359ms)
✔ actual presentation selects the endpoint source, not the newest visible run or mission cancellation (98.5627ms)
✔ issue210 presentation separates provider-free verification from a budgeted same-session fix (22.3023ms)
✔ issue210 source-only and unavailable checkpoint presentations never suggest generic recovery (29.9617ms)
✔ actual context loader is GET-only and admits the exact item/version/mission checkpoint (34.7642ms)
✔ actual context loader rejects stale/cross-scope and malformed flags without snapshot fallback (147.3191ms)
✔ issue210 actual loader accepts boolean correction flags and defaults missing legacy authority closed (44.0174ms)
✔ issue210 exact loader retains true, false and missing checkpoint availability without granting another mode (43.1098ms)
✔ actual UI action copies only explicit checkpoint verification with the original scope/connection (147.7198ms)
✔ issue210 actual correction action retains the original CLI route, source and connection (242.014ms)
✔ issue210 actual card drops correction authority immediately when item, version or actor changes (272.6133ms)
✔ issue210 actual contract submission uses the scoped verifier, not its provider ancestor (38.1625ms)
✔ issue210 editor loading, errors, stale context and denied correction cannot fall back or submit (228.1452ms)
✔ issue210 ordinary contract resume, redispatch and requester/role boundaries stay intact (89.2775ms)
✔ issue210 actual source-only context copies correction and revises the exact verifier; no-mode context does neither (177.3563ms)
✔ actual resume handler and rendered provider control respect native recovery blocking (5.9813ms)
✔ actual App Resume control survives an ineligible ordinary Factory recovery lookup and uses the native actor-bound POST (210.5558ms)
✔ issue221 explicit provider-correction permission permits null head without granting checkpoint or generic resume (0.9171ms)
✔ issue221 actual context reader retains null head/current provider proof and malformed heads remain non-actionable (274.4078ms)
✔ issue221 actual copy/revision actions use only source correction for the latest failed provider with null head (207.2942ms)
✔ wrong-first legacy Project 174 cannot displace the selected live lab controller (1.5515ms)
✔ every Project/repository/Corp component must match, even with an active-item pointer (0.3033ms)
✔ GitHub owner/repository case and surrounding whitespace normalize independently (0.214ms)
✔ missing/malformed scope is neutral rather than an empty-scope match (0.2651ms)
✔ the exact active item wins among live controllers in the same scope (0.2461ms)
✔ a current live scope match wins over a stale offline active-item pointer (0.2242ms)
✔ with only offline matches, retain the exact item rather than crossing scope (0.2767ms)
✔ without an item, prefer useful live intake in the current Corp (0.3201ms)
✔ empty/no-match and unavailable explicit selections never borrow another controller (0.2681ms)
✔ heartbeat freshness and stable ID break ties without using array order or mutating inputs (1.3526ms)
✔ snapshot refresh and selected scope changes return the exact new ID/version object (0.2629ms)
✔ the actual FactoryPanel resolver feeds displayed state and both action callbacks (16.5616ms)
✔ the actual component guards controller actions, retains role gating and passes the same callback (11.0718ms)
✔ the actual API action handler targets the resolved controller ID and version for all actions (64.258ms)
✔ the production handler preserves the existing ID-scoped idempotency/version on a lost response (19.6555ms)
✔ primary_rate_limit has a reader-facing reason and an automatic future retry (21.1367ms)
✔ secondary_rate_limit has a reader-facing reason and an automatic future retry (0.7007ms)
✔ graphql_quota has a reader-facing reason and an automatic future retry (0.8273ms)
✔ github_unavailable has a reader-facing reason and an automatic future retry (1.3899ms)
✔ quota, cost and timestamps come from the snapshot, not derived or default budgets (1.1727ms)
✔ equivalent offset timestamps have the same local retry time and boundary (1.1864ms)
✔ at or after the retry deadline, waiting is not presented as a successful retry (1.2051ms)
✔ zero remaining, limit, query cost and failures remain real zeros (0.6219ms)
✔ paused desired state wins without rewriting controller health or promising a retry (1.0679ms)
✔ offline health wins over polling metadata, including an elapsed retry (1.0554ms)
✔ paused and offline together retain both conditions and existing paused precedence (0.5798ms)
✔ absent legacy polling leaves the old strip intact and never fabricates a wait (0.2147ms)
✔ missing or malformed backoff data is unavailable, never zero or an invented deadline (0.346ms)
✔ invalid values are not coerced to numbers or dates and unknown reasons are not rendered raw (1.6642ms)
✔ partial quota data preserves observed zeros while missing fields remain unavailable (0.3102ms)
✔ healthy telemetry does not infer a backoff from a zero quota or failure count (0.5558ms)
✔ UI integration remains read-only, accessible, and uses existing controller controls (12.6678ms)
✔ line normalization preserves argument boundaries, literal punctuation, and duplicate values (1.7261ms)
✔ role entry supports commas and CRLF without silently deduplicating or authorizing roles (0.3215ms)
✔ mission projection retains exact task, runner and human control attribution (3.166ms)
✔ foreign tasks and same-ID foreign-Corp runners cannot supply collaboration state (0.3599ms)
✔ offline retains work without advertising live control or termination (0.5503ms)
✔ connecting retains work without advertising live control or termination (0.2343ms)
✔ a failed snapshot refresh retains exact work without advertising live controls (0.3724ms)
✔ invalid snapshot receipt NaN cannot advertise live controls (0.2234ms)
✔ invalid snapshot receipt Infinity cannot advertise live controls (0.1763ms)
✔ invalid snapshot receipt 0 cannot advertise live controls (0.1431ms)
✔ invalid snapshot receipt -1 cannot advertise live controls (0.1894ms)
✔ expired/malformed lease 2026-09-16T11:59:00Z cannot claim a controller (0.5097ms)
✔ expired/malformed lease 2026-09-16T12:00:00Z cannot claim a controller (0.2119ms)
✔ expired/malformed lease bad cannot claim a controller (0.2291ms)
✔ verifying has recorded evidence but no provider controls (0.2472ms)
✔ completed has recorded evidence but no provider controls (0.0959ms)
✔ lost has recorded evidence but no provider controls (0.1558ms)
✔ cancelled has recorded evidence but no provider controls (0.1165ms)
✔ a provider-free run and a superseded agent assignment expose no live controls (0.3516ms)
✔ runner grace and offline remain distinct; neither supplies human presence (0.1864ms)
✔ review links bind exact run/task and explain role and requester exclusion (0.4114ms)
✔ missing and historical identities never become fabricated named owners or current controllers (0.2128ms)
✔ draft cache survives surface remounts but never crosses Corp/actor/room/mission (0.2679ms)
✔ actual component navigation only requests exact context; rendering sends no commands (9.4863ms)
✔ actual disconnected component retains readable evidence with an explicit warning (1.1615ms)
✔ actual failed-refresh component distinguishes stale data from a disconnected transport (1.0557ms)
✔ actual component rejects missing receipt freshness and restores controls after a successful refresh (3.5695ms)
✔ App preserves main snapshot metadata and exact-run navigation while passing numeric receipt freshness (4.6819ms)
✔ App embeds existing scoped discussion and pins evidence before exact-run navigation (2.7927ms)
✔ late completion notifies remounted composers without clearing a newer or same-text draft (0.6626ms)
✔ late operation acknowledgment cannot clear a replacement idempotency key (147.3642ms)
✔ actual App selection never substitutes another mission after the selected record disappears (76.7742ms)
✔ actual briefing navigation has a visible destination for legacy empty descriptions (66.7159ms)
✔ verification checks do not change launch intent (1.2338ms)
✔ review navigation cannot turn its click into a form submission (0.3061ms)
✔ ordinary application setup cannot silently fall back to the fake runtime (0.5962ms)
✔ composer uses two clear steps and starts with an empty goal (0.2887ms)
✔ advanced settings and detailed requirements are optional disclosures (0.8932ms)
✔ closing setup preserves the draft and returns to existing mission context (0.8462ms)
✔ explicit links to existing work reveal it without erasing an open draft (0.6744ms)
✔ native creation and explicit held-plan behavior remain unchanged (0.3396ms)
✔ review keeps the exact source and current server-derived allocation visible (0.5699ms)
✔ scope requires four explicit bounded identities and cannot mutate after submission (2.4553ms)
✔ current origin binds the exact view instance, not just equal IDs (0.3118ms)
✔ read issues exactly one encoded, uncached GET with cancellation and no body (9.2821ms)
✔ Direct accepts only exact returned linkage and drops unexpected hidden fields (1.0102ms)
✔ Factory retains only the validated work item, repository, issue number and exact URL (76.2763ms)
✔ all four response identities must echo the bound request exactly (26.0843ms)
✔ missing, malformed and older origin responses never become Direct (2.4404ms)
✔ Factory fields are required and null or missing metadata is never partly accepted (2.6591ms)
✔ Factory rejects invalid work-item identities, repository paths and issue numbers (2.8901ms)
✔ only the raw HTTPS GitHub issue URL matching returned repository and number is accepted (3.1771ms)
✔ mixed-case owner/repository URLs match normalized identity and retain display case (1.2306ms)
✔ valid case-preserving repositories and positive safe issue numbers remain verbatim (0.6303ms)
✔ old endpoints, denied authorization and transport failures stay unavailable without raw errors (1.1956ms)
✔ a synchronous API failure is contained and clears the read timer (0.5297ms)
✔ timeout aborts an unsettled read and suppresses both late success and late failure (0.7827ms)
✔ a settled success or failure cannot be overwritten by an already queued timeout (0.7342ms)
✔ cancellation before the scheduled read prevents even the GET (0.8536ms)
✔ in-flight cancellation ignores transports that resolve or reject after abort (0.826ms)
✔ component reads once for a valid view and renders truthful Direct copy in one styled paragraph (11.7416ms)
✔ component links only a fully validated Factory response, not extra returned fields (2.3743ms)
✔ all four operating roles may read; guests, spectators and unknown roles never request context (10.8188ms)
✔ invalid or absent scope props render the conservative fallback without requesting (11.1988ms)
✔ failed exact reads preserve #185 positive or unknown fallback without inventing links or hiding failure (7.3605ms)
✔ a failed origin lookup can be retried explicitly without changing the work identities (3.2806ms)
✔ Corp, actor, room and mission changes hide old success and errors before effect cleanup (9.8936ms)
✔ late success and errors from a replaced request cannot update the current component (9.4026ms)
✔ leaving and returning to identical IDs cannot revive an earlier success or failure (2.429ms)
✔ same-ID reopened pending requests ignore the original response and error after current denial (2.8096ms)
✔ a guest transition revokes displayed source data and returning operators must read again (1.3313ms)
✔ operating-role and API changes also invalidate old privileged context (2.1166ms)
✔ unmount cancels the read and a fresh mount with identical IDs cannot inherit its outcome (2.1173ms)
✔ one builder preserves the complete current creation payload and retained settings (2.3203ms)
✔ provider defaults, supported reasoning and commit-branch semantics match submission (0.2741ms)
✔ existing deterministic fixture semantics are not converted into provider settings (0.211ms)
✔ scope freezes the exact serialized body and rejects an actor mismatch (0.7128ms)
✔ every request field, Corp and actor invalidate an earlier quote (0.8973ms)
✔ preview debounces, uses the exact creation body, and calls only the read-only preview POST (7.5199ms)
✔ an edit or closing the composer before debounce starts no request (0.3847ms)
✔ an invalidated request is aborted and cannot publish a late successful quote (1.3828ms)
✔ late errors after actor/Corp change or unmount cannot replace the new preview (1.1523ms)
✔ editing away and back still requires a fresh request, not a revived quote (1.0542ms)
✔ allocations are displayed verbatim from the server, not a frontend Studio formula (0.9273ms)
✔ missing or mismatched quote fields never become a current allocation (2.2705ms)
✔ an absent preview endpoint gives a useful failure state without inventing allocations (1.4223ms)
✔ preview response is bounded to eight tasks without reallocating server budgets (0.8882ms)
✔ unknown, self, duplicate and oversized dependency references remain unknown allocations (1.0549ms)
✔ retry clears an old failure immediately and can accept a fresh quote (1.9395ms)
✔ timeout clears the quote, aborts the request and ignores a late response (0.9071ms)
✔ App shares the request body, invalidates keyed preview instances and retains native Launch (5.5738ms)
✔ mission selection and Discuss use the authoritative non-first owning room (1.4012ms)
✔ mission, task, run and artifact deep links resolve to the same owning room (0.3065ms)
✔ an explicit room deep link and all-discussion view stay in that room (0.2073ms)
✔ stale, missing and older mission/room projections never fall back to the first room (1.1845ms)
✔ related work is limited to the selected room and mission, not a fixed item count (1.5292ms)
✔ messages are room-filtered before mission links and out-of-order reply ancestry (0.6255ms)
✔ valid room, mission and inherited reply submissions retain the same scope (0.6565ms)
✔ stale actor, Corp, room and mission scopes cannot submit or complete a newer draft (0.3917ms)
✔ a disappearing mission or owning room fences previously valid submissions (0.4576ms)
✔ foreign, missing or stale links and replies cannot silently become general comments (0.8195ms)
✔ guest-shaped and missing Factory projections do not establish Direct origin (0.633ms)
✔ a mission older than the 500-item Factory window remains origin-unknown (0.4849ms)
✔ a positively matched visible Factory item retains its issue attribution (0.2453ms)
✔ known publication/recovery linkage is generic when intake details are unavailable (0.4491ms)
✔ projection helpers preserve the authoritative input and do not retain hidden origin data (0.4326ms)
✔ the UI uses the tested projection and submission helpers on both discussion entry paths (13.7494ms)
✔ scope requires every explicit identity and repository and freezes the view generation (3.4789ms)
✔ the exact scope object, not equal IDs or a prior A -> B -> A view, selects the load (0.4611ms)
✔ one encoded GET is uncached, abortable and body/header/credential free (8.786ms)
✔ published DTO retains only bound result metadata and leaves raw input untouched (1.7337ms)
✔ only explicit null publication in a correctly scoped response is known absence (3.1464ms)
✔ item and publication scope mismatches never expose links or known absence (6.1582ms)
✔ publication source issue matches the work item without equating authorizer, revisions or checkpoint generations (1.0101ms)
✔ publication and artifact identity tuples plus full digests must all match (2.3529ms)
✔ missing, duplicate and unrelated-first deliverables cannot substitute a result (1.0349ms)
✔ native provenance identity, source/target branches and digests are checked without retaining authority (4.191ms)
✔ raw GitHub PR URLs allow native slash suffixes but retain exact repository and number checks (4.5045ms)
✔ owner/repository display case is preserved while full hex values compare by bytes (0.8846ms)
✔ PR state, exact head, owner, recorded metadata and phase cannot contradict each other (1.9802ms)
✔ download metadata rejects controls, external/native paths, malformed hashes and invalid sizes (9.0205ms)
✔ pending, PR-created, published and failed publication are distinct without claiming a live app (1.6478ms)
✔ only a different valid pinned run is a mismatch; same-run contradictions stay unavailable (0.6022ms)
✔ loading, denied and stale contexts cannot become a result or known absence (0.4836ms)
✔ denials, missing endpoints and sync/async transport failures stay unavailable without raw errors (1.1231ms)
✔ timeout aborts and suppresses late successes and failures without retries (0.8034ms)
✔ queued timeout callbacks cannot overwrite a settled success, absence or denial (0.6817ms)
✔ cancellation before start issues no GET; in-flight cancellation publishes no late data (0.6906ms)
✔ new same-ID generation remains unavailable after denial despite a prior response completing later (0.5058ms)
✔ requester summary does not ask for a forbidden independent decision (3.013ms)
✔ wrong-role summary explains the existing role requirement (1.5469ms)
✔ eligible independent reviewer keeps the review invitation (1.4396ms)
✔ human gate without requester exclusion still allows the requester (1.7005ms)
✔ completed result does not inherit a pending-review restriction (1.7695ms)
✔ fresh human-only bootstrap can select a runner runtime before any crew exists (2.691ms)
✔ retired and legacy identities neither enable nor suppress advertised runtimes (0.4465ms)
✔ studio requires the exact selected source on a connected runner, not another repository (0.5125ms)
✔ source repository and commit matching are case-insensitive but ref matching is exact (0.239ms)
✔ unavailable runtimes and non-runtime capabilities are not mission options (1.1696ms)
✔ catalog merging prefers an enabled model without changing the source snapshot (0.53ms)
✔ unscoped status and crew include ready connection-bound runtimes, but dispatch keeps its exact binding (0.9051ms)
✔ studio always selects Copilot even when another runtime was requested (0.1954ms)
✔ studio does not fall back to another provider or an unavailable Copilot runtime (0.4623ms)
✔ solo selection and deterministic fixtures retain their runtime contracts (0.4536ms)
✔ a disappearing explicit runtime cannot silently switch provider with stale model settings (0.2008ms)
✔ studio uses enabled Copilot model settings or an explicit provider default (0.2298ms)
✔ fixtures ignore hidden provider model settings (0.2283ms)
✔ normal UI bootstrap opts out of seeded crew without changing fixture tooling (12.0228ms)
✔ runtime character descriptors match the shipped manifest, PNG dimensions, and original file bytes (38.4846ms)
✔ named characters and stable worker identities retain their appearance across reordered snapshots (0.805ms)
✔ numeric roster positions wrap without producing missing characters, and invalid numbers use the default (0.2878ms)
✔ walking uses the original three poses in a 0,1,2,1 cycle at the 150ms boundaries (0.5503ms)
✔ idle, typing, reading and facing use the actual source-sheet rows and columns (0.3304ms)
✔ invalid or negative animation time selects the first pose without invalid source coordinates (0.1938ms)
✔ every animation and direction remains inside a real sheet after long-running animation (0.3719ms)
✔ default floor distinguishes connected workers from offline and test registrations (2.2458ms)
✔ omitted and null retirement fields keep legacy and mission identities available (0.2147ms)
✔ every non-null retirement excludes an identity regardless of pin, date, or reported work (0.3067ms)
✔ retired identity remains resolvable in the unmodified historical snapshot (1.0472ms)
✔ retiring the selected agent falls back to current crew, including the empty-roster case (0.2674ms)
✔ pagination filters retirement before assigning seats without mutating order (0.4455ms)
✔ idle does not become working or reviewing from a stale station or pending run request (0.3322ms)
✔ working and blocked status still derive from exact server state and current-run requests (0.1787ms)
✔ #154: a selected worker on a later studio is located on initial mount and selection changes (0.4101ms)
✔ #154: studio lookup follows retirement repagination, not stale seat indexes (0.3709ms)
✔ #154: manual paging survives snapshots, but another selected agent resets page and zoom (0.4035ms)
✔ #154: retirement moving the selected agent to a different page resets the camera (0.1867ms)
✔ #154: mounting or remounting the same starting run never fabricates an arrival (0.2205ms)
✔ #154: only an observed new active run can animate once, and reduced motion wins (0.2305ms)
✔ #154: blocked work takes recovery priority over both idle and ordinary active work (0.3234ms)
✔ #154: exact approvals keep priority, and only an unblocked empty floor offers new work (0.1521ms)
✔ history inspectors retain the full snapshot while the floor uses current identities (12.5165ms)
✔ Factory activity prioritizes the exact outcome review, then tool approval, before newer work (2.9784ms)
✔ selection ignores terminal, denied and foreign tool approvals without inventing a run (0.2595ms)
✔ terminal runs cannot become reviewable or active from dangling pending decision records (20.9226ms)
✔ live task, agent, control, timestamps and safe activity come from one scope without mutation (1.147ms)
✔ a stale Running intake never claims that a cancelled provider is active (0.9224ms)
✔ pending exact-run outcome review is distinct from an active provider and completion (0.6964ms)
✔ tool authority and unavailable decision context do not become outcome approval (1.5332ms)
✔ a completed run is not automatically a completed mission or published application (0.7964ms)
✔ retained data cannot claim current execution: {"connection":"offline"} (0.7734ms)
✔ retained data cannot claim current execution: {"connection":"connecting"} (0.7818ms)
✔ retained data cannot claim current execution: {"snapshotFailed":true} (0.5229ms)
✔ retained data cannot claim current execution: {"snapshotReceivedAt":null} (0.4029ms)
✔ grace, offline and wrong-Corp runner records cannot establish provider liveness (1.6183ms)
✔ runner loss and uncertain teardown remain unknown until a positive termination receipt (2.6825ms)
✔ verifier-only runs never appear as a running model (0.825ms)
✔ quarantine and protected stops stay prominent even with stale transport (1.6125ms)
✔ failed verification, cancelled work and unknown execution modes remain explicit (1.0915ms)
✔ missing, duplicate or foreign task context cannot fall back to another run (0.7964ms)
✔ activity is scoped, deduplicated, ordered, bounded and never reveals raw payloads (2.5516ms)
✔ missing start, invalid clocks and backwards timestamps do not invent a duration (0.9971ms)
✔ expired leases and foreign attribution do not display an active controller (1.0381ms)
✔ actual React detail component reuses current classes, native disclosure and escaped text (13.8538ms)
✔ the Factory integration uses the existing exact-run selector, scoped snapshot and old callbacks (2.3044ms)
✔ a burst of 1000 streamed events schedules one snapshot instead of 1000 requests (1.8008ms)
✔ events arriving during a request produce exactly one trailing snapshot (4.8359ms)
✔ the final event during the trailing request is not dropped (1.0364ms)
✔ disposing before a scheduled refresh prevents any fetch (0.3347ms)
✔ disposing an actor/Corp scope aborts its request and drops trailing work (2.1264ms)
✔ refresh failures are handled and a later event can still refresh (0.8463ms)
✔ a disposed scope does not report an obsolete aborted read as a new UI error (0.6775ms)
✔ websocket events use the coalescer and cleanup cancels its read scope (4.4088ms)
✔ initial connection is bounded, cancellable and offers retry rather than mission restart (4.1342ms)
✔ actual App presence polling only runs for open connection-dependent views, without reconnecting the event socket (213.2506ms)
✔ artifact defaults retain the current wire shape and do not share mutable values (2.1783ms)
✔ file defaults retain the current wire shape and do not share mutable values (0.1668ms)
✔ command defaults retain the current wire shape and do not share mutable values (0.1758ms)
✔ test defaults retain the current wire shape and do not share mutable values (0.1665ms)
✔ json_schema defaults retain the current wire shape and do not share mutable values (0.2329ms)
✔ screenshot defaults retain the current wire shape and do not share mutable values (0.1918ms)
✔ check summaries preserve paths, argument boundaries, byte floors, JSON keys, and rounded timeouts (17.6233ms)
✔ array summaries distinguish item boundaries and preserve exact argument and key values (0.5228ms)
✔ byte-counted summaries use singular byte only for the one-byte floor (0.3086ms)
✔ empty and oversized policies remain invalid, with the 16-check boundary accepted (0.492ms)
✔ invalid byte floor 0 is reported for every byte-counted check (0.2784ms)
✔ invalid byte floor -1 is reported for every byte-counted check (0.1656ms)
✔ invalid byte floor NaN is reported for every byte-counted check (0.2136ms)
✔ invalid byte floor Infinity is reported for every byte-counted check (0.1676ms)
✔ validation preserves check order and reports missing paths, programs, timeout bounds, and JSON keys (0.4116ms)
✔ manual gates require allowed roles without changing requester-exclusion semantics (0.3678ms)
✔ preserves the existing advisory-validator scope; server schema/path authorization remains authoritative (0.6397ms)
✔ check transformations create new drafts while retaining unchanged evidence checks and gate identity (0.391ms)
✔ gate transitions preserve checks and retain current deliberate resets even when reselecting a gate type (0.256ms)
✔ verification labels retain their current wording and fallback formatting (0.2002ms)
✔ WorkResultCard exposes its status and supplied content with metadata collapsed by default (14.0089ms)
✔ ready PR retains its exact URL and only an explicit download invokes the matching callback (15.9003ms)
✔ loading, unavailable and no-publication states do not fabricate a PR or perform actions (7.1265ms)
✔ a historical review mismatch changes selection only through explicit Go to delivered result (6.3114ms)
✔ an unavailable delivered-run target preserves the historical selection and only offers refresh (215.1948ms)
✔ a failed publication with a recorded PR remains inspectable without being labeled Published (6.0065ms)
✔ Published is not merged or deployed and its collapsed details never invent a running preview (5.6758ms)
✔ expired artifact retention does not hide an existing PR or replace server download validation (14.1858ms)
✔ actual hook hides prior result before cleanup and aborts on each exact scope change (38.2617ms)
✔ actual hook fences late success and failure before cleanup and after replacement (20.8467ms)
✔ actual hook close and reopen with identical IDs cannot revive old ready or pending data (18.2216ms)
✔ actual hook treats positive revision as one refresh hint and never retries failure on render (43.6668ms)
✔ actual App origin-unavailable branch offers manual Refresh work context with no PR CTA (12.4025ms)
✔ actual App first-hop retry exposes the authorized result without moving pinned evidence (33.3802ms)
✔ actual App fallback reports unavailable review details for an unresolved run or request (12.6566ms)
✔ actual work pickers retain a deep-linked historical mission outside the recent eight (89.1834ms)
✔ actual work pickers do not duplicate a recent selection or invent an absent mission (59.9402ms)
✔ related work includes the third mission, task, run and artifact (1.8318ms)
✔ work links name the actual work rather than presenting only opaque IDs (0.1983ms)
✔ related options deduplicate repeated snapshot references (0.2043ms)
✔ mission discussion retains nested replies, including out-of-order snapshots (1.9121ms)
✔ task, run and artifact comments inherit the owning mission only (0.3264ms)
✔ unlinked cycles and missing ancestors cannot manufacture mission context (0.2752ms)
✔ context helpers leave authoritative messages and work objects unchanged (0.3113ms)
✔ work selection follows the owning authorized mission and rejects unknown links (0.286ms)
✔ human review and automated verification are not advertised as live model sessions (0.2837ms)
✔ enterprise task labels explain the legacy studio lane keys (0.3082ms)
✔ review eligibility explains requester exclusion without bypassing the policy (0.4126ms)
✔ a pending evidence review selects its run rather than a newer active worker (0.271ms)
✔ a tool-approval wait cannot hide a different pending evidence review (0.1985ms)
✔ review selection rejects mismatched tasks, terminal runs and non-pending requests (0.1708ms)
✔ explicit evidence selection stays bound to that run and cannot inherit another review (0.1685ms)
✔ unselected evidence follows remaining reviews and retains snapshot order without mutation (0.1799ms)
✔ a decided run remains selected until the operator deliberately chooses the next review (0.1252ms)
✔ mission UI binds evidence and decisions and pins the target before submitting (12.7487ms)
✔ runner revision is stable for reordered equivalent records without sorting the input (2.3746ms)
✔ runner revision ignores heartbeat, display and capability churn (0.2329ms)
✔ runner revision changes only when lifecycle identity or presence records change (0.2553ms)
✔ offline presence requests revalidation without rewriting endpoint readiness (0.2588ms)
✔ reconnect mismatch remains a hint until the endpoint itself returns ready presence (0.3632ms)
✔ unknown presence is false and same-ID foreign runners cannot supply presence (0.2219ms)
✔ presence hints never promote or erase native sign-in and installation states (1.3532ms)
✔ revision and presence helpers leave source, models, identity and selection immutable (0.6587ms)
✔ saved choice and source remain present while its machine is offline (0.3526ms)
✔ ready metadata alone cannot borrow another connection or source for dispatch (0.5088ms)
✔ connection UI identity is scoped to actor and room (0.2061ms)
✔ native sign-in instructions cannot navigate to another host or credential-bearing URL (0.3272ms)
✔ accepts matching current contracts, aliases, CRLF and historical prose outside markers (78.9647ms)
✔ rejects added source validation command and reports expected and actual (70.4662ms)
✔ rejects removed source validation command and reports expected and actual (61.1639ms)
✔ rejects reordered source validation command and reports expected and actual (58.9754ms)
✔ rejects changed documented commands; correcting the documented sequence restores passing (96.1448ms)
✔ accepts quoted literal Node globs through aliases while preserving quoted versus shell-expanded arguments (80.3513ms)
✔ rejects a source SDK bump until both current compatibility docs are updated (71.8466ms)
✔ rejects a source CLI bump until both current compatibility docs are updated (84.6109ms)
✔ rejects missing opening marker instead of silently dropping a required documentation contract (55.2923ms)
✔ rejects missing closing marker instead of silently dropping a required documentation contract (49.9381ms)
✔ rejects duplicate block instead of silently dropping a required documentation contract (54.5641ms)
✔ rejects reversed markers instead of silently dropping a required documentation contract (54.1295ms)
✔ rejects inline marker instead of silently dropping a required documentation contract (58.2054ms)
✔ requires every current runtime contract and a single SDK and CLI claim inside each (51.9256ms)
✔ rejects missing root alias in the authoritative command sequence (65.2574ms)
✔ rejects cyclic root aliases in the authoritative command sequence (63.2949ms)
✔ rejects shell pipeline in the authoritative command sequence (65.7756ms)
✔ rejects quoted shell expansion in the authoritative command sequence (63.1929ms)
✔ rejects empty command in the authoritative command sequence (60.0443ms)
✔ rejects unsupported alias arguments in the authoritative command sequence (59.7349ms)
✔ rejects unknown documented aliases and malformed command fences (65.483ms)
✔ reports missing required documents and an invalid source manifest without silently skipping them (71.9405ms)
✔ fails closed for unconstrained SDK dependency (61.8616ms)
✔ fails closed for SDK pin in wrong table (62.1546ms)
✔ fails closed for duplicate SDK declaration (60.1377ms)
✔ fails closed for missing named runtime constant (67.624ms)
✔ fails closed for duplicate runtime constant (71.362ms)
✔ relocated CLI resolves its own repository, executes no documented command, and exits nonzero for drift (523.4557ms)
✔ checkpoint fixture produces a complete, independently tested local application (399.1386ms)
✔ read-only executable hashing accepts Cargo/Git hardlinks without relaxing source isolation (31.5524ms)
✔ exact terminal metadata produces actionable failure and missing-evidence findings using GET only (26.13ms)
✔ listed artifact is run-scoped metadata and never establishes content or attempt verification (2.461ms)
✔ refuses active parent (1.1248ms)
✔ refuses wrong repository (0.5014ms)
✔ refuses foreign head repository (0.5197ms)
✔ refuses different workflow (0.4162ms)
✔ refuses different head (0.3735ms)
✔ refuses different attempt (0.4773ms)
✔ refuses job from other attempt (0.7344ms)
✔ refuses job from other head (0.6668ms)
✔ refuses duplicate job (0.6026ms)
✔ refuses unfinished job (0.41ms)
✔ refuses foreign artifact (0.5792ms)
✔ refuses excess artifacts (1.5565ms)
✔ complete bounded job pagination is required and supported (9.0024ms)
✔ pagination total drift and final run drift refuse a completed observation (1.5251ms)
✔ expired artifacts and unexplained parent failure remain reviewable rather than passing (1.0743ms)
✔ same-source replay is a no-op; changed facts retain revisions and mark no-longer-observed findings (4.0324ms)
✔ previous hash tampering refuses before network reads (0.336ms)
✔ forged previous findings fail integrity or semantic reconstruction; source changes require a new scope (4.265ms)
✔ newer prior observations and attempts do not flow backward (4.5177ms)
✔ secret-bearing fields and supplied links never enter a receipt or executable Markdown (1.6065ms)
✔ native read budget rejects alternate endpoints, oversized metadata and late responses (1.616ms)
✔ omitting all required jobs cannot turn one replacement success job into a complete maintenance result (0.8974ms)
✔ required skipped job needs review even when an earlier run artifact is listed (0.7594ms)
✔ required neutral job needs review even when an earlier run artifact is listed (0.597ms)
✔ failed GETs consume the finite shared admission budget without retries (0.7676ms)
✔ CLI writes new bounded files and refuses output reuse; failures retain no raw API error (67.8964ms)
✔ hosted context binds default observer branch, event and exact parent; local mode makes no hosted claim (29.6653ms)
✔ CLI accepts only bounded exact selection and a complete prior pin (0.7097ms)
✔ CI workflow: exact Windows runner failure produces a scoped read-only handoff (1.9883ms)
✔ CI workflow: complete successful jobs need only their own declared report artifacts (1.309ms)
✔ CI workflow: required artifact-free jobs remain required and must execute (1.1524ms)
✔ Repository checks retains its published contract and previous-receipt no-op semantics (2.1623ms)
✔ CI completeness refuses skipped artifact-free required jobs (1.251ms)
✔ CI completeness refuses neutral artifact-free required jobs (1.9753ms)
✔ CI completeness rejects replacement jobs and requires only CI report metadata (1.8624ms)
✔ CI observation is not a parent-pass claim and does not inspect diagnostic artifacts (1.7001ms)
✔ workflow profiles cannot reuse each other's receipts even at the same source (6.3653ms)
✔ CI identity refuses unknown workflow path (0.4843ms)
✔ CI identity refuses workflow-ID substitution (0.3555ms)
✔ CI identity refuses workflow-name substitution (0.3362ms)
✔ CI identity refuses workflow-path substitution (0.4691ms)
✔ CI identity refuses foreign repository (0.5279ms)
✔ CI identity refuses fork head repository (0.3196ms)
✔ CI identity refuses wrong source head (1.1313ms)
✔ CI identity refuses wrong attempt (0.4681ms)
✔ CI identity refuses active CI parent (0.3747ms)
✔ reader allowlist admits exactly the two workflow metadata routes (0.4992ms)
✔ hosted CI event binds workflow identity to the selected native parent (102.9822ms)
✔ workflow trigger keeps trusted observer checkout and read-only scopes for both producers (18.0153ms)
✔ consumer rereads native state using trusted routing and tolerates only observation timing changes (11.3985ms)
✔ consumer refuses task contract revision drift in a fresh observation (2.4778ms)
✔ consumer refuses source base commit drift in a fresh observation (3.824ms)
✔ consumer refuses verifier digest drift in a fresh observation (1.3011ms)
✔ consumer refuses another actor scope drift in a fresh observation (5.5914ms)
✔ explicit run and mode selections fail before contacting a server (1.0574ms)
✔ denied or unavailable current data does not fall back to a previously passing receipt (0.6506ms)
✔ a matching failed native outcome cannot be consumed as accepted completion (1.2956ms)
✔ file consumption requires the exact expected byte hash and a bounded valid receipt (92.5513ms)
✔ receipt file reads accumulate short native reads before validating bytes (58.8541ms)
✔ receipt file truncate during short reads fails before parsing (7.4565ms)
✔ receipt file grow during short reads fails before parsing (16.5307ms)
✔ framed stat metadata survives arbitrary chunk boundaries without payload disclosure (4.0662ms)
✔ unrelated RPCs and read-file contents are not recorded (1.5987ms)
✔ a response ID type change is visible without recording identifier values (0.6273ms)
✔ oversized frames are skipped without parsing nested payload text as requests (0.5931ms)
✔ optional wire observation forwards exact bytes and drains the child (345.662ms)
✔ a matching request needs a durable rejection and settled run (1.4435ms)
✔ terminal provider without permission is inconclusive, never a pass (1.2448ms)
✔ a rejected but unrelated permission does not satisfy the requested boundary (0.1877ms)
✔ approval acceptance, expiry or missing persisted decision cannot pass (0.3212ms)
✔ a decision or final run from another identity is rejected (0.2366ms)
✔ a provider that has not settled cannot pass the boundary (0.1742ms)
✔ all independent boundary results are required for complete coverage (1.0992ms)
✔ later passing cases remain visible after an earlier inconclusive case (0.25ms)
✔ duplicate, unknown and malformed results cannot manufacture complete coverage (1.4233ms)
✔ accepts an exact seed and credential-free children of the owned runner (3.2388ms)
✔ a marker elsewhere or an arbitrary GITHUB_TOKEN is not a proven seed (1.4182ms)
✔ absent, ambiguous or foreign runner seed records cannot establish the precondition (1.3253ms)
✔ runner seed booleans must be explicit, not truthy or absent (1.0473ms)
✔ missing spawn and undefined parent IDs cannot accidentally correlate (0.4283ms)
✔ runner spawn must be unique, current and tied to the owned observer (0.6744ms)
✔ a seed observed only after runner spawn cannot prove the launch precondition (0.2875ms)
✔ missing or foreign provider observations cannot satisfy the required count (1.16ms)
✔ a wrong-parent provider is rejected rather than silently filtered out (0.3903ms)
✔ provider identity and absence booleans must be explicit and valid (1.1947ms)
✔ missing ownership and zero or malformed minimums never allow a vacuous pass (0.7692ms)
✔ actual successful relative, absolute and round-trip view results are required (1.865ms)
✔ provider self-report and final file existence are not native-read evidence (1.1475ms)
✔ a missing absolute read or readback cannot pass (1.0407ms)
✔ missing-file errors and successful-but-wrong content remain failures (0.4692ms)
✔ wrong-session or conflicting tool results cannot manufacture evidence (1.2261ms)
✔ an external path with the same filename is not the assigned seed (0.246ms)
✔ an incomplete stream is explicitly incomplete, not successful empty coverage (0.1685ms)
✔ runner observation proves the synthetic credential was inherited (257.1135ms)
✔ a missing seed fails before starting a runner (159.1612ms)
✔ provider observation confirms removal before invoking the real binary (267.9631ms)
✔ an inherited provider credential fails before any provider execution (140.2505ms)
✔ a marker under another key cannot hide a missing runner GITHUB_TOKEN seed (166.4738ms)
✔ a different token plus an unrelated marker cannot manufacture an exact runner seed (167.7536ms)
✔ a provider token other than the canary is still rejected before child execution (220.6464ms)
✔ a provider canary under another key remains a failing credential boundary (269.9885ms)
✔ uninvoked production modules remain in the coverage denominator with zero hits (12.7629ms)
✔ missing production files cannot produce a passing partial coverage result (0.5769ms)
✔ duplicate and out-of-scope files cannot inflate the denominator (1.3055ms)
✔ missing, duplicate and impossible native counts are rejected (0.4815ms)
✔ truncated records are never accepted as completed coverage evidence (0.2796ms)
✔ zero available branches are reported as not applicable instead of fabricated 100 percent (0.3297ms)
✔ issue195 public receipt binds parent binaries, pinned runtime identity, and distinct task source (8.7877ms)
✔ explicit current fixture hash, suspend tokens, and missing-artifact switch normalize without disk reads (1.2808ms)
✔ rebuilt server/runner receipt hashes and an explicit rebuilt CLI hash remain valid and bound (4.2477ms)
✔ all required options are explicit; help is inert (2.7736ms)
✔ every duplicate value option and duplicate boolean switch fails closed (2.6247ms)
✔ unknown targets, positionals, missing operands, and equals-form options are rejected (1.185ms)
✔ configuration rejects old issue190 (0.4512ms)
✔ configuration rejects string issue number (0.2165ms)
✔ configuration rejects parent rather than candidate code (0.2498ms)
✔ configuration rejects runtime commit used as task source (0.6534ms)
✔ configuration rejects unpinned source ref (0.2331ms)
✔ configuration rejects another runner (0.1785ms)
✔ configuration rejects unowned receipt (0.6092ms)
✔ configuration rejects not-running supervisor (0.3099ms)
✔ configuration rejects missing owner (0.4242ms)
✔ configuration rejects invalid owner (0.9224ms)
✔ configuration rejects changed code checkout (0.2391ms)
✔ configuration rejects changed source checkout (0.1928ms)
✔ configuration rejects changed worktree root (0.1913ms)
✔ configuration rejects invalid server digest (0.2623ms)
✔ configuration rejects invalid runner digest (0.3124ms)
✔ configuration rejects executable substitution (0.4685ms)
✔ configuration rejects binary outside owned bin (0.3782ms)
✔ configuration rejects missing public process (0.2247ms)
✔ configuration rejects wrong process role (0.3119ms)
✔ configuration rejects wrong process workspace (0.3863ms)
✔ configuration rejects invalid process pid (0.4182ms)
✔ configuration rejects invalid process start (0.3897ms)
✔ synthetic VerifyRun evidence distinguishes awaiting independent review from accepted completion (12.9657ms)
✔ forced commit_branch export rejection is a named failure, never archive bypass or approval (3.0868ms)
✔ missing-required-provider-Artifact negative shares the native checks without inventing bytes (3.466ms)
✔ assessRecovery refuses original usage rewritten (4.1854ms)
✔ assessRecovery refuses original output history changed (3.2161ms)
✔ assessRecovery refuses provider-attempt counter reset (2.5802ms)
✔ assessRecovery refuses provider-attempt maximum changed (2.7746ms)
✔ assessRecovery refuses source incident changed (3.079ms)
✔ assessRecovery refuses checkpoint authority absent (2.4903ms)
✔ assessRecovery refuses different context source (2.3522ms)
✔ assessRecovery refuses budget reset hidden in context (2.4747ms)
✔ assessRecovery refuses another native recovery (2.6553ms)
✔ assessRecovery refuses source-correction instead of verification (3.3815ms)
✔ assessRecovery refuses recovery contract revision (2.6008ms)
✔ assessRecovery refuses changed recovery reason (2.6599ms)
✔ assessRecovery refuses weakened replacement policy (2.0408ms)
✔ assessRecovery refuses new provider session (2.5281ms)
✔ assessRecovery refuses allocated model tokens (2.5082ms)
✔ assessRecovery refuses allocated model cost (2.2458ms)
✔ assessRecovery refuses consumed input tokens (1.7707ms)
✔ assessRecovery refuses consumed output tokens (2.0246ms)
✔ assessRecovery refuses consumed model cost (2.6995ms)
✔ assessRecovery refuses different workspace root run (1.7006ms)
✔ assessRecovery refuses replacement workspace not preserved (2.1004ms)
✔ assessRecovery refuses replacement fingerprint changed (1.7913ms)
✔ assessRecovery refuses invented provider artifact (3.0103ms)
✔ assessRecovery refuses provider event outside snapshot window (2.9082ms)
✔ assessRecovery refuses native command acknowledgment missing (2.2567ms)
✔ assessRecovery refuses missing native app check (1.7696ms)
✔ assessRecovery refuses evidence kind mismatch (2.8327ms)
✔ assessRecovery refuses independent-review self-approval (2.3446ms)
✔ assessRecovery refuses accepted run before gate decision (2.7933ms)
✔ assessRecovery refuses missing factory completion event (1.6156ms)
✔ assessRecovery refuses empty source deliverable (2.4926ms)
✔ assessRecovery refuses wrong deliverable provenance (2.2619ms)
✔ download validation uses in-memory bytes and checks payload digests without claiming a browser test (3.4297ms)
✔ configuration refuses target http://localhost:18574 (0.2359ms)
✔ configuration refuses target https://127.0.0.1:18574 (0.2143ms)
✔ configuration refuses target http://127.0.0.1:18574/ (0.1142ms)
✔ configuration refuses target http://127.0.0.1:18575 (0.1028ms)
✔ configuration refuses target http://127.0.0.1:8791 (0.1464ms)
✔ configuration refuses target http://127.0.0.1:18574/api (0.1463ms)
✔ configuration refuses target http://127.0.0.1:18574?x=1 (0.1278ms)
✔ configuration refuses target http://example.invalid:18574 (0.0972ms)
✔ configuration refuses target http://user:password@127.0.0.1:18574 (0.0952ms)
✔ configuration refuses target http://[::1]:18574 (0.0989ms)
✔ absolute path and owned-output boundaries reject aliases, devices, UNC, ADS, and root reuse (3.7753ms)
✔ explicit independent reviewer, valid digest, and bounded numeric options are mandatory (8.0575ms)
✔ reports expose hashes and constrained identity, never receipt metadata or provider output (2.3072ms)
✔ saved report cannot adopt changed authority, extra fields, or identities without prior intent (9.5278ms)
✔ baseline and journal never consult the bounded snapshot.events window (42.5065ms)
✔ baseline preserves every pre-existing missions record (1.662ms)
✔ baseline preserves every pre-existing tasks record (0.8534ms)
✔ baseline preserves every pre-existing runs record (0.9327ms)
✔ baseline preserves every pre-existing factory_work_items record (0.8992ms)
✔ baseline preserves every pre-existing factory_verification_recoveries record (0.8839ms)
✔ baseline preserves every pre-existing verification_evidence record (1.1441ms)
✔ baseline preserves every pre-existing verification_requests record (1.2885ms)
✔ baseline preserves every pre-existing source_deliverables record (1.6806ms)
✔ baseline preserves every pre-existing mission_contract_revisions record (1.1102ms)
✔ baseline preserves every pre-existing mission_budget_revisions record (0.9178ms)
✔ baseline preserves every pre-existing action_approvals record (1.4496ms)
✔ baseline preserves every pre-existing circuit_breaker_incidents record (1.4638ms)
✔ baseline permits additive rows and events while forbidding live work and missing history tables (2.8329ms)
✔ journal requires exact Ready watermark, ordered unique same-Corp events, and bounded count (1.3791ms)
✔ buildPlan is deterministic, fresh, output-owned, and mirrors one ready synthetic issue (2.353ms)
✔ factory argv remains pinned and recovery only appends the exact checkpoint mode and recorded reason (2.0097ms)
✔ persisted app, base-file, exact hash command and independent-review checks cannot be replaced by Artifact (11.0328ms)
✔ checkpoint digests use Rust field order, preserve app policy, and retain forced commit_branch authority (0.7445ms)
✔ invokeFactory uses only injected child I/O, a bounded timeout, and a non-inherited environment (2.1849ms)
✔ invokeFactory never retries an uncertain execution or logs raw stdout/stderr (2.4161ms)
✔ explicit Windows assessment preserves historical paths on every host (4.1467ms)
✔ default host assessment still rejects foreign path namespaces (1.0168ms)
✔ assessOriginal binds native stop from full replay, not snapshot.events (2.0819ms)
✔ assessOriginal binds native suspend from full replay, not snapshot.events (2.5158ms)
✔ assessOriginal rejects provider attempt increment without accepting or replacing work (1.9279ms)
✔ assessOriginal rejects attempt ceiling revision without accepting or replacing work (1.2104ms)
✔ assessOriginal rejects current budget revision without accepting or replacing work (1.2354ms)
✔ assessOriginal rejects original budget rewrite without accepting or replacing work (1.2223ms)
✔ assessOriginal rejects persisted hash verifier removal without accepting or replacing work (1.242ms)
✔ assessOriginal rejects manual gate weakening without accepting or replacing work (1.382ms)
✔ assessOriginal rejects contract source replacement without accepting or replacing work (1.1999ms)
✔ assessOriginal rejects write scope replacement without accepting or replacing work (1.2469ms)
✔ assessOriginal rejects archive bypass of forced commit_branch without accepting or replacing work (1.1669ms)
✔ assessOriginal rejects provider secret authority without accepting or replacing work (0.7601ms)
✔ assessOriginal rejects extra provider run without accepting or replacing work (0.7552ms)
✔ assessOriginal rejects extra task without accepting or replacing work (1.2763ms)
✔ assessOriginal rejects changed factory owner without accepting or replacing work (0.8287ms)
✔ assessOriginal rejects changed issue revision without accepting or replacing work (0.7543ms)
✔ assessOriginal rejects wrong assigned runner without accepting or replacing work (0.7105ms)
✔ assessOriginal rejects producer reviewing itself without accepting or replacing work (0.7653ms)
✔ assessOriginal rejects source-checkout execution without accepting or replacing work (0.8381ms)
✔ assessOriginal rejects quarantined checkpoint without accepting or replacing work (0.7608ms)
✔ assessOriginal rejects loop-counter change without accepting or replacing work (0.8119ms)
✔ assessOriginal rejects rewritten usage without accepting or replacing work (1.0482ms)
✔ assessOriginal rejects invented provider artifact without accepting or replacing work (0.793ms)
✔ assessOriginal rejects checkpoint missing without accepting or replacing work (1.2115ms)
✔ assessOriginal rejects checkpoint policy digest changed without accepting or replacing work (0.8722ms)
✔ assessOriginal rejects provider still alive without accepting or replacing work (0.869ms)
✔ assessOriginal rejects budget command not acknowledged without accepting or replacing work (0.8742ms)
✔ assessOriginal rejects budget incident missing without accepting or replacing work (0.8714ms)
✔ assessOriginal rejects previously recorded run missing without accepting or replacing work (0.8438ms)
✔ assessOriginal rejects accepted provider progress hidden before snapshot window without accepting or replacing work (0.7568ms)
✔ suite pauses for native browser review by default and only observes external approval on continuation (51.146ms)
✔ suite retains native forced-commit export failure and performs no review, download, or policy bypass (19.6956ms)
✔ suite missing-Artifact negative is explicit rejection, not verified delivery or fabricated provider evidence (18.0991ms)
✔ --continue cannot create a baseline or begin an unrecorded mutation (6.7613ms)
✔ unknown create response is never retried; continuation times out without adopting replacement work (39.7083ms)
✔ lost create response reconciles the exact item/run, but --continue cannot authorize recovery (11.6699ms)
✔ lost recovery response binds the recorded replacement; continuation only pauses for its exact browser gate (18.6562ms)
✔ external browser approval completes exact recorded work without retries or erasing earlier failure history (38.3274ms)
✔ suite never mutates when independent reviewer is missing (4.5627ms)
✔ suite never mutates when independent reviewer is not human (4.6743ms)
✔ suite never mutates when independent reviewer is unauthorized role (4.9011ms)
✔ suite never mutates when independent reviewer is guest (5.2003ms)
✔ suite never mutates when independent reviewer is wrong Corp (4.9287ms)
✔ failed intent persistence or changed parent inputs prevents the corresponding native effect (25.6108ms)
✔ a colliding synthetic item without saved create intent is never adopted or mutated (6.2423ms)
✔ wrong physical base bytes stop before recovery; tampered downloads stop without another attempt (49.4795ms)
✔ --continue fails closed when recorded work disappears, with no new mission or native retry (35.2096ms)
✔ explicit browser-review flag preserves the default two-step flow without a scripted-review mode (14.0805ms)
✔ browser-review pause cannot be continued with substituted gate identities or reviewer (15.4074ms)
✔ production I/O exposes no review POST and confines injected requests to exact GET routes (31.6994ms)
✔ runtime factory adapter never retries an ambiguous injected CLI call (1.3191ms)
✔ server-upgrade option is explicit, continue-only, and confined to the owned runtime directory (24.4556ms)
✔ server-only upgrade retains the original binding/failure and separately records server provenance read-only (41.2052ms)
✔ upgrade rejects runner/web/CLI changes, a mismatched old binding, and conflicting server provenance (18.9978ms)
✔ same-verifier native checkpoint re-attestation accepts a real run_id-only VerificationRequest (2.6853ms)
✔ checkpoint re-attestation cannot target another run, duplicate an ACK, or permit provider usage (3.7809ms)
✔ strict phase parsing and explicit opt-in (8.48ms)
✔ reject manual/default/aliased ports, credentials, ambiguous URLs and mismatched environment before API access (8.0794ms)
✔ verification is GET-only and no phase can call decision/reset/bootstrap/foreign-Corp routes (2.7756ms)
✔ prepare → newer approved → isolated replay observation → explicit older approval → automatic synthesis (164.9743ms)
✔ lost create response adopts exact marker without sending a second create (52.9424ms)
✔ unknown create that never arrived fails closed, never creates a replacement (6.4684ms)
✔ lost revision response replays the exact native UUID and preserves only two revisions (94.156ms)
✔ lost launch response recovers exact root IDs by readback, never dispatches again (38.9754ms)
✔ wrong source/pinned staffing/non-quiescent fixture rejected before any POST (3.5425ms)
✔ cannot skip intermediate observation or approve the older run first (70.9286ms)
✔ exact reviewer attribution, artifact binding and no second decision are enforced (103.7645ms)
✔ duplicate decision event and journal rollover cannot pass as replay isolation (62.222ms)
✔ checkpoint fixture mismatch and modified pre-existing rows are rejected (43.3725ms)
✔ failed artifact download is rechecked on prepare resume without more POSTs (30.9865ms)
✔ linux: native unavailable admission is a verified refusal, not provider success (396.8899ms)
✔ darwin: native unavailable admission is a verified refusal, not provider success (293.4418ms)
✔ Windows: an unavailable provider remains a failure (302.5122ms)
✔ Unix: accidentally accepting an unsupported provider fails the contract (261.7844ms)
✔ Unix: an unrelated admission failure cannot stand in for containment refusal (271.5195ms)
✔ Unix: a refusal with a persisted run is rejected (273.5547ms)
✔ Unknown runner platforms fail before resetting a fixture (127.4589ms)
✔ A Linux expectation cannot conceal an unavailable Windows runner (166.7848ms)
✔ Unknown reported runner OS fails before creating provider work (162.8637ms)
✔ An owned child stuck on HTTP is reaped before fixture cleanup (2025.8356ms)
✔ explicit CLI and parent runtime receipt reuse retain owner/source/process binding (11.0685ms)
✔ additive request changes only the fixture case, keeps native 5000 authority and no delivery/resume (0.8306ms)
✔ shared client sends exact additive create/launch bodies without retries or extra routes (31.5551ms)
✔ pure native trace accepts actual ACK before failure/termination without prescribing that order (9.0423ms)
✔ pure native trace accepts actual ACK between failure/termination without prescribing that order (1.7846ms)
✔ pure native trace accepts actual ACK after failure/termination without prescribing that order (1.4624ms)
✔ pure evidence rejection: missing actual artifact rejection (1.1759ms)
✔ pure evidence rejection: unrelated failure (0.9033ms)
✔ pure evidence rejection: termination before failure is not the race (1.6867ms)
✔ pure evidence rejection: missing termination is not success (1.5672ms)
✔ pure evidence rejection: missing ACK remains unproven (1.0045ms)
✔ pure evidence rejection: wrong command correlation (1.1907ms)
✔ pure evidence rejection: wrong ACK runner (1.0976ms)
✔ pure evidence rejection: foreign session event scope (0.7009ms)
✔ pure evidence rejection: non-native event attribution (1.0173ms)
✔ pure evidence rejection: wrong native event identity (0.8258ms)
✔ pure evidence rejection: rewritten failure summary (0.8109ms)
✔ pure evidence rejection: agent still assigned (0.7653ms)
✔ pure evidence rejection: task resurrected (0.7832ms)
✔ pure evidence rejection: mission resurrected (0.8578ms)
✔ pure evidence rejection: accepted artifact metadata (0.7645ms)
✔ pure evidence rejection: late accepted completion even if snapshot says failed (0.8193ms)
✔ pure evidence rejection: accepted artifact even outside bounded snapshot.events (0.9537ms)
✔ pure evidence rejection: verification event is forbidden (0.7675ms)
✔ pure evidence rejection: uncertain teardown is forbidden (1.2868ms)
✔ pure evidence rejection: accepted evidence record (0.841ms)
✔ pure evidence rejection: budget revision (0.6743ms)
✔ pure evidence rejection: replacement run (0.5688ms)
✔ pure evidence rejection: source substitution (0.5348ms)
✔ pure evidence rejection: verification-only execution cannot attest a provider (0.473ms)
✔ pure evidence rejection: usage must be exactly two 3000-token increments (0.8317ms)
✔ invalid native termination payload cannot pass (null) (0.8355ms)
✔ invalid native termination payload cannot pass ([]) (0.7608ms)
✔ invalid native termination payload cannot pass ({}) (0.7586ms)
✔ invalid native termination payload cannot pass ({"adapter":"other"}) (0.6955ms)
✔ invalid native termination payload cannot pass ({"provider_process_alive":true}) (0.7604ms)
✔ invalid native termination payload cannot pass ({"provider_process_alive":"false"}) (0.793ms)
✔ invalid native termination payload cannot pass ({"outcome":"verified"}) (0.7877ms)
✔ invalid native termination payload cannot pass ({"message":""}) (0.777ms)
✔ invalid native termination payload cannot pass ({"message":1}) (0.7668ms)
✔ invalid native termination payload cannot pass ({"message":"xxxxxxxxxxxxxxxxxxxxxxxxxxxxxxxxxxxxxxxxxxxxxxxx) (1.4604ms)
✔ invalid native termination payload cannot pass ({"message":"untrusted\ntext"}) (1.6152ms)
✔ invalid native termination payload cannot pass ({"message":"
"}) (0.6697ms)
✔ invalid native termination payload cannot pass ({"credential":"PRIVATE_PROVIDER_CONTENT_OR_ASSIGNMENT_TOKEN_) (0.7736ms)
✔ all native terminal outcomes and absent optional message are valid telemetry, not accepted completion (4.3886ms)
✔ one additive case checkpoints and announces intent/IDs, retains history, and waits for quiet readback (32.6475ms)
✔ passed same-case continuation recomputes proof with zero further mutations (37.2718ms)
✔ createLost: failure preserves exact intent, continuation never retries an attempted POST (16.5488ms)
✔ createUnknown: failure preserves exact intent, continuation never retries an attempted POST (2.5975ms)
✔ launchLost: failure preserves exact intent, continuation never retries an attempted POST (18.8784ms)
✔ launchUnknown: failure preserves exact intent, continuation never retries an attempted POST (4.5897ms)
✔ bounded live failure leaves the original run live, IDs and intent intact, with no replacement (49.3747ms)
✔ missing late telemetry is a bounded failure with actual ACK order, not a race claim (29.3728ms)
✔ natural later telemetry/finalization can settle without rewriting terminal state or historical events (21.5555ms)
✔ settling cannot hide changed terminal run summary (9.2939ms)
✔ settling cannot hide changed terminal task (9.6441ms)
✔ settling cannot hide changed terminal mission (6.141ms)
✔ settling cannot hide changed terminal agent (7.5732ms)
✔ settling cannot hide changed old run (8.0155ms)
✔ settling cannot hide changed old agent (8.591ms)
✔ settling cannot hide changed old journal prefix (8.9321ms)
✔ settling cannot hide changed original failure event (6.222ms)
✔ saved report cannot substitute receipt, native authority, source, or erase baseline after an effect (2.9735ms)
✔ report save uses exclusive lock, private synced temp and atomic rename; refuses implicit overwrite (4.4018ms)
✔ stale locks are never stolen and failed saves retain original report and orphaned temp (1.4364ms)
✔ report cannot replace receipt; bounded reads reject links, hardlinks and inode swaps before reading (1.396ms)
✔ CLI is explicit, non-ambient, duplicate/unknown flags fail (4.0584ms)
✔ explicit parent runtime metadata aligns without opening any named process/log/source (4.2306ms)
✔ rejects protected/manual API port 5187 (0.3476ms)
✔ rejects protected/manual API port 5291 (0.2435ms)
✔ rejects protected/manual API port 8791 (0.2854ms)
✔ rejects protected/manual API port 8793 (0.2954ms)
✔ rejects protected/manual API port 8991 (0.2237ms)
✔ rejects protected/manual API port 15191 (0.2646ms)
✔ rejects protected/manual API port 15193 (0.3202ms)
✔ rejects protected/manual API port 15491 (0.4508ms)
✔ rejects protected/manual API port 15493 (0.3199ms)
✔ rejects protected/manual API port 15496 (0.2924ms)
✔ rejects protected/manual API port 18961 (0.2391ms)
✔ rejects protected/manual API port 18962 (0.219ms)
✔ rejects protected/manual API port 18963 (0.175ms)
✔ rejects ambiguous or non-owned origin http://localhost:18574 (0.3143ms)
✔ rejects ambiguous or non-owned origin http://127.1:18574 (0.2285ms)
✔ rejects ambiguous or non-owned origin http://[::1]:18574 (0.2413ms)
✔ rejects ambiguous or non-owned origin https://127.0.0.1:18574 (0.2664ms)
✔ rejects ambiguous or non-owned origin http://127.0.0.1:18574/ (0.2105ms)
✔ rejects ambiguous or non-owned origin http://127.0.0.1:18574/api (0.1771ms)
✔ rejects ambiguous or non-owned origin http://127.0.0.1:18574?x=1 (0.2341ms)
✔ rejects ambiguous or non-owned origin http://redacted:redacted@127.0.0.1:18574 (0.2432ms)
✔ rejects ambiguous or non-owned origin http://example.com:18574 (0.1808ms)
✔ receipt requires complete immutable source, no unknown authority or provider substitution (3.258ms)
✔ native requests preserve single strategy, exact source, budget, File verifier, no deliverable (0.6571ms)
✔ Rust policy digest uses explicit declaration order, not JS/JSONB property order (0.6889ms)
✔ canonical containment handles Windows drive prefixes but rejects aliases/escapes (0.638ms)
✔ POSIX containment rejects traversal, equality and sibling prefixes (0.5351ms)
✔ base.txt reads exactly five bytes, and all link/reparse/hardlink failures occur before open (8.7768ms)
✔ opened-file identity swaps fail closed without reading bytes (1.1582ms)
✔ runners are top-level; nested-only, unavailable, foreign, ambiguous or different-source runners fail (1.0123ms)
✔ suspend: actual usage -> breaker -> native teardown -> exact checkpoint -> terminal (2.3323ms)
✔ stop: actual usage -> breaker -> native teardown -> exact checkpoint -> terminal (0.8993ms)
✔ rejects missing checkpoint (0.949ms)
✔ rejects foreign Corp proof (0.7204ms)
✔ rejects foreign mission proof (1.0301ms)
✔ rejects foreign task proof (1.8002ms)
✔ rejects foreign run proof (2.2933ms)
✔ rejects foreign agent proof (1.3449ms)
✔ rejects foreign runner proof (1.1234ms)
✔ rejects wrong original base (1.1498ms)
✔ rejects changed HEAD (1.0452ms)
✔ rejects changed fingerprint (1.1ms)
✔ rejects arbitrary JS policy ordering (1.0591ms)
✔ rejects changed write digest (0.7329ms)
✔ rejects changed deliverable digest (0.7561ms)
✔ rejects token in proof (1.0656ms)
✔ rejects live provider (0.6546ms)
✔ rejects wrong adapter (0.7794ms)
✔ rejects foreign event lineage (0.548ms)
✔ rejects late checkpoint (1.0995ms)
✔ rejects missing usage (0.7978ms)
✔ rejects fake cumulative usage (0.6362ms)
✔ rejects wrong breaker metric (0.8971ms)
✔ rejects wrong command acknowledgement (0.7941ms)
✔ rejects accepted artifact (0.6441ms)
✔ rejects verification started (0.9226ms)
✔ rejects lost is not completion (0.4302ms)
✔ rejects agent still assigned (0.8297ms)
✔ rejects automatic retry (0.874ms)
✔ rejects replacement task (0.739ms)
✔ rejects resume lineage (0.682ms)
✔ rejects budget override (0.4947ms)
✔ rejects write scope widening (0.5841ms)
✔ rejects policy weakening (0.647ms)
✔ rejects path outside runner (1.0887ms)
✔ rejects unknown projection strings are not logged (0.7289ms)
✔ rejects non-native none breaker projection is rejected (0.7078ms)
✔ rejects accepted evidence row (0.8209ms)
✔ full replay, not the bounded snapshot, rejects earlier run.completed (0.9761ms)
✔ full replay, not the bounded snapshot, rejects earlier run.verification_started (1.4671ms)
✔ full replay, not the bounded snapshot, rejects earlier run.verification_evidence (0.7406ms)
✔ full replay, not the bounded snapshot, rejects earlier run.artifact (0.982ms)
✔ full replay, not the bounded snapshot, rejects earlier run.deliverable (0.7925ms)
✔ full replay, not the bounded snapshot, rejects earlier run.workspace_removed (0.7648ms)
✔ full replay, not the bounded snapshot, rejects earlier run.teardown_uncertain (0.8525ms)
✔ visible history and original journal prefix are immutable; no whole-database inference (2.2293ms)
✔ journal bounds, strict ordering, non-contiguous visible sequences and Ready watermark (0.7734ms)
✔ API requests allow only exact scoped snapshot/create/launch, never reset/policy/resume (37.2329ms)
✔ HTTP errors with sensitive bodies are not retried or exposed (0.6631ms)
✔ oversized API responses fail at the byte bound, with no response body in the error (10.877ms)
✔ native journal API requires a real Ready watermark and refuses partial replay (1.8758ms)
✔ two additive cases checkpoint intent/IDs, retain old history, and pass only after quiet observation (40.3496ms)
✔ baseline counts are dynamic, including completed prior browser-created missions (38.7125ms)
✔ completed checkpoint continuation is read-only and never re-launches either case (32.8838ms)
✔ timeout leaves a live run LIVE with its original ID and never starts a replacement/second case (29.4448ms)
✔ lost create response discovers exact original IDs; intentional continuation sends no duplicate (21.3363ms)
✔ uncertain create without an observable result blocks continuation, never replacement (2.249ms)
✔ lost launch response discovers exact original IDs; intentional continuation sends no duplicate (22.6752ms)
✔ uncertain launch without an observable result blocks continuation, never replacement (2.4983ms)
✔ driver failure keeps IDs and failure report; late accepted verification cannot pass (7.964ms)
✔ saved report cannot change receipt/source/runner/process scope or invent successful authority (1.1536ms)
✔ existing budget-stream keeps its original synthetic 6000-token contract (1196.5239ms)
✔ UI budget-stream uses the real 500K preset with explicit synthetic counters (1145.8606ms)
✔ native interrupt prevents later usage and completion in the UI fixture (286.9981ms)
✔ original budget-stream still interrupts before its second usage and scheduled completion (278.3212ms)
✔ queued completion emits exact usage and completed before a subsequent interrupt response (149.862ms)
✔ actual queued fixture writes base then emits both usages and finish synchronously without timers (3.3597ms)
✔ User/Organization resolver verifies owner and project number without reading items (966.4167ms)
✔ opaque paginated active-only discovery retains 1002 items and exact Issue source (2071.8604ms)
✔ empty pages, invalid cursors and archived cursors never silently restart pagination (1128.8726ms)
✔ quota-only probes accept include flags before/after endpoint and retain plain JSON (560.8418ms)
✔ exact items, memberships and publisher fields support metered and legacy plain callers (1097.8672ms)
✔ configured primary refusal exposes reset headers and recovers exactly at fixture reset (433.5569ms)
✔ secondary failures are finite per-query attempts even with interleaved probes (685.933ms)
✔ 503 failures expose Retry-After without spending quota or triggering source mutation (313.74ms)
✔ source-drift hook remains shared across pages, legacy lists and exact reads only (1080.4689ms)
✔ legacy Project edits and publisher PR mutation/recovery semantics are preserved (843.7879ms)
✔ errors and observation logs never echo credentials, headers, query text or variables (578.8548ms)
✔ invalid quota/failure configurations fail safely and event retention is bounded (1105.4408ms)
✔ parses HTTPS clone URL without resolving redirects (4.1699ms)
✔ parses HTTPS repository URL without resolving redirects (0.3166ms)
✔ parses HTTPS default port without resolving redirects (0.1928ms)
✔ parses SSH SCP URL without resolving redirects (0.3307ms)
✔ parses SSH URI without resolving redirects (0.2372ms)
✔ parses SSH default port without resolving redirects (0.1884ms)
✔ parses SSH alternate port without resolving redirects (0.3082ms)
✔ parses case normalization without resolving redirects (0.1468ms)
✔ parses trailing slash without resolving redirects (1.0481ms)
✔ parses Git output newline without resolving redirects (0.3044ms)
✔ keeps old, transferred and deliberately wrong repositories distinct (0.4736ms)
✔ retains valid repository punctuation (0.1864ms)
✔ rejects missing without disclosing the origin (0.7719ms)
✔ rejects null without disclosing the origin (0.129ms)
✔ rejects non-string without disclosing the origin (0.1147ms)
✔ rejects empty without disclosing the origin (0.1164ms)
✔ rejects bare namespace without disclosing the origin (0.1034ms)
✔ rejects different host without disclosing the origin (0.1031ms)
✔ rejects host suffix without disclosing the origin (0.1059ms)
✔ rejects HTTP without disclosing the origin (0.1224ms)
✔ rejects Git protocol without disclosing the origin (0.1561ms)
✔ rejects HTTPS userinfo without disclosing the origin (0.1345ms)
✔ rejects HTTPS password without disclosing the origin (0.1117ms)
✔ rejects SSH password without disclosing the origin (0.102ms)
✔ rejects non-Git SSH user without disclosing the origin (0.105ms)
✔ rejects SCP userinfo without disclosing the origin (0.0971ms)
✔ rejects SCP prefix not recognized by the runner without disclosing the origin (0.1517ms)
✔ rejects query without disclosing the origin (0.1085ms)
✔ rejects fragment without disclosing the origin (0.0987ms)
✔ rejects extra path without disclosing the origin (0.1496ms)
✔ rejects traversal without disclosing the origin (0.1577ms)
✔ rejects dot owner without disclosing the origin (0.1113ms)
✔ rejects dot repository without disclosing the origin (0.0983ms)
✔ rejects empty repository without disclosing the origin (0.0986ms)
✔ rejects encoded path without disclosing the origin (0.0907ms)
✔ rejects backslash without disclosing the origin (0.2495ms)
✔ rejects multiple origins without disclosing the origin (0.1801ms)
✔ rejects oversized origin without disclosing the origin (0.1418ms)
✔ reads only the selected checkout origin with bounded, piped Git output (0.3546ms)
✔ Git failure discards message, cause, stdout and stderr without fallback (0.2947ms)
✔ a successful Git read cannot admit a credential-bearing origin (0.2509ms)
✔ imports actual-shaped retained native success and reproducible external rejection as a candidate only (131.4166ms)
✔ old oracle without physical digest remains explicitly weaker and prompt alignment remains unreviewed (109.1468ms)
✔ repeated captures and checker versions of one run do not create independent evidence identities (325.9997ms)
✔ local review digest cannot activate a candidate even with two distinct native runs (187.6349ms)
✔ refuses foreign Corp even with repinned retained files (90.6143ms)
✔ refuses foreign room even with repinned retained files (92.1378ms)
✔ refuses other source even with repinned retained files (100.9434ms)
✔ refuses changed contract source even with repinned retained files (111.5668ms)
✔ refuses missing native checks even with repinned retained files (104.9992ms)
✔ refuses failed test under passed native label even with repinned retained files (106.2139ms)
✔ refuses wrong oracle bytes even with repinned retained files (94.8218ms)
✔ refuses wrong resume identity even with repinned retained files (92.9662ms)
✔ refuses wrong resume ancestry even with repinned retained files (103.4256ms)
✔ refuses cancelled run even with repinned retained files (84.5194ms)
✔ refuses substituted before bytes even with repinned retained files (80.9104ms)
✔ refuses unknown checker even with repinned retained files (16.7777ms)
✔ hash pins, duplicate JSON keys and traversal are rejected before candidate output (78.7832ms)
✔ directory redirection and oversized files fail closed (120.804ms)
✔ exact append handles LF and CRLF without normalizing changed source (0.5183ms)
✔ external rejection cannot be imported when exact output actually passes (85.4989ms)
✔ CLI reads pinned inputs and creates one new corpus without overwriting source files (242.7245ms)
✔ CLI has one aggregate read budget covering the request, corpus, manifests and retained files (272.4672ms)
▶ local stack owned-process and state regression fixtures
  ✔ identity comes from the live process and binds only the explicit workspace (1.7713ms)
  ✔ wrong timestamps, executable, workspace and malformed records fail closed (0.1438ms)
  ✔ a stale creation record aimed at a live synthetic PID cannot stop it (0.1677ms)
  ✔ stopping the verified root leaves its descendant and an unrelated child alive (0.126ms)
  ✔ Start accepts working and log directories containing spaces (0.1402ms)
  ✔ Start treats bracketed log directories as literal paths (0.1362ms)
  ✔ Start treats bracketed working directories as literal paths (0.1263ms)
  ✔ failed-start rollback results preserve the original error and require both success signals (0.1568ms)
  ✔ Start preserves literal arguments, spaces, child-only environment and redacted evidence (0.2309ms)
  ✔ repeated role launches retain earlier logs and allocate unique stdout/stderr files (0.2852ms)
  ✔ extracted Launch preserves ownership on save failure (verified rollback) (0.1356ms)
  ✔ extracted Launch preserves ownership on save failure (unverified rollback) (0.0811ms)
  ✔ v2 state round-trips nested records and read preserves exact bytes (0.0882ms)
  ✔ corrupt, unsupported and differently scoped state is refused without deleting evidence (0.1536ms)
  ✔ state writes reject traversal, sibling-prefix paths and foreign workspace claims (0.1268ms)
  ✔ state writes reject reparse-point parent directories (0.0718ms)
  ✔ a failed atomic replacement preserves old bytes and removes its temporary file (0.9952ms)
  ✔ concurrent synthetic reader observes only complete atomic state generations (0.0801ms)
  ✔ legacy numeric state stays read-only and never authorizes stopping (0.1303ms)
  ✔ cleanup reaps only held synthetic handles and removes only its temporary tree (0.1059ms)
✔ local stack owned-process and state regression fixtures (9462.8352ms)
ℹ PowerShell 7.6.5; 14 synthetic processes reaped; no fixture tree remains
▶ local stack starter source guards
  ✔ starter has no unconditional stop invocation (0.17ms)
  ✔ starter never passes a database URL as a command argument (0.0892ms)
  ✔ starter forwards the native runner startup-recovery opt-out unchanged (0.0669ms)
  ✔ persisted runner IDs block automatic reenrollment even when offline (0.0641ms)
  ✔ Factory policy paths are canonicalized against the checkout before persistence and launch (0.0604ms)
  ✔ Factory saved connection is retained and passed only as an explicit native option (0.0595ms)
  ✔ live source-ref changes use exact comparison for old and current records (0.0699ms)
  ✔ starter never deletes enrollment or credentials without an explicit reset/rotation guard (0.0625ms)
  ✔ Compose operations are guarded by external-database selection (0.0618ms)
  ✔ stopper does not rediscover or terminate a descendant tree from saved PIDs (0.0577ms)
✔ local stack starter source guards (2381.9642ms)
✔ one checkout serializes commands while another checkout remains usable (5800.3354ms)
✔ explicit restart nesting and failed operations release their native lock (4746.7959ms)
✔ an interrupted command does not leave a stale lock requiring manual cleanup (3149.2412ms)
✔ both supported entrypoints use the same operation boundary (17.4628ms)
✔ reported idle remains idle without a pending request (2.5874ms)
✔ reported starting remains starting without a pending request (0.1735ms)
✔ reported working remains working without a pending request (0.1301ms)
✔ reported blocked remains blocked without a pending request (0.2364ms)
✔ reported reviewing remains reviewing without a pending request (0.1367ms)
✔ reported offline remains offline without a pending request (0.1182ms)
✔ working station "read" projects reading (0.1958ms)
✔ working station "search" projects reading (0.2013ms)
✔ working station " READ " projects reading (0.1763ms)
✔ working station "Search" projects reading (0.2916ms)
✔ working station "test" projects working (0.1131ms)
✔ working station "build" projects working (0.0898ms)
✔ working station "review" projects working (0.0734ms)
✔ working station "research" projects working (0.0816ms)
✔ working station "bread" projects working (0.0839ms)
✔ working station "break" projects working (0.0721ms)
✔ working station "unknown-tool" projects working (0.0617ms)
✔ working station null projects working (0.0574ms)
✔ a stale station does not invent activity for a non-working agent (0.2159ms)
✔ a blocked agent needs an exact current-run approval match (0.1268ms)
✔ an exact current-run pending review is distinct from an action approval (0.1123ms)
✔ unrelated and prior-run pending requests cannot affect the current agent (0.15ms)
✔ an approval stops affecting an agent as soon as its current run changes (0.1217ms)
✔ null and empty current-run IDs cannot acquire pending request state (0.1185ms)
✔ offline wins even when the recorded current run has both pending requests (0.1761ms)
✔ exact action approval takes precedence over exact review (0.1809ms)
✔ explicit current-run requests do not depend on a blocked display status (0.1891ms)
✔ projection does not mutate agents or request sets or infer state from identity text (1.141ms)
✔ all eight states have distinct labels and factual descriptions (0.5387ms)
✔ roster ordering is stable by ID without mutating the source array (0.3328ms)
✔ renaming or changing activity does not move an existing roster to different seats (0.3361ms)
✔ 0 agents occupy exactly 0 studios without stacked seats (0.2605ms)
✔ 1 agents occupy exactly 1 studios without stacked seats (0.267ms)
✔ 5 agents occupy exactly 1 studios without stacked seats (0.2027ms)
✔ 6 agents occupy exactly 1 studios without stacked seats (0.2171ms)
✔ 7 agents occupy exactly 2 studios without stacked seats (0.1654ms)
✔ 11 agents occupy exactly 2 studios without stacked seats (0.1216ms)
✔ 12 agents occupy exactly 2 studios without stacked seats (0.0975ms)
✔ 13 agents occupy exactly 3 studios without stacked seats (0.1024ms)
✔ 17 agents occupy exactly 3 studios without stacked seats (0.0971ms)
✔ 18 agents occupy exactly 3 studios without stacked seats (0.0979ms)
✔ 19 agents occupy exactly 4 studios without stacked seats (0.0945ms)
✔ snapshot input reordering preserves page and seat assignment for 18 agents (0.2793ms)
✔ reordering across a partially filled page boundary preserves each agent seat (0.621ms)
✔ studio dimensions and the six feet anchors match the renderer contract exactly (0.2198ms)
✔ desk access never wraps overflow or invalid indexes onto occupied seats (0.8383ms)
✔ all desk footprints stay above their chairs and never overlap another desk or decor (0.3065ms)
✔ desk 0 has one finite arrival route clear of every workstation (0.4668ms)
✔ desk 1 has one finite arrival route clear of every workstation (0.1922ms)
✔ desk 2 has one finite arrival route clear of every workstation (0.1073ms)
✔ desk 3 has one finite arrival route clear of every workstation (0.0861ms)
✔ desk 4 has one finite arrival route clear of every workstation (0.0933ms)
✔ desk 5 has one finite arrival route clear of every workstation (0.0794ms)
✔ route and desk results do not expose shared mutable layout state (0.1349ms)
✔ pending native review distinguishes invalid artifact paths from invalid artifact IDs (84.7151ms)
✔ pending native intent survives acceptance changes and reviewed adoption replays one exact revision (59.6484ms)
✔ pending intent cannot apply and generic native approval cannot authorize exact feedback (26.3145ms)
✔ reviewed feedback refuses adopter as reviewer before a revision (27.7631ms)
✔ reviewed feedback refuses producer as reviewer before a revision (24.8847ms)
✔ reviewed feedback refuses source requester as reviewer before a revision (23.8891ms)
✔ reviewed feedback refuses rejected decision before a revision (19.3828ms)
✔ reviewed feedback refuses future decision before a revision (28.8659ms)
✔ reviewed feedback refuses decision before intent before a revision (29.5274ms)
✔ reviewed feedback refuses wrong note digest before a revision (23.9184ms)
✔ reviewed feedback refuses extra note prose before a revision (20.5061ms)
✔ reviewed feedback refuses ordinary human gate before a revision (22.9957ms)
✔ reviewed feedback refuses requester exclusion disabled before a revision (17.548ms)
✔ native approval cannot excuse changed target task (20.0233ms)
✔ native approval cannot excuse changed target version (20.7975ms)
✔ native approval cannot excuse changed source commit (21.6049ms)
✔ native approval cannot excuse changed artifact identity (20.2074ms)
✔ native approval cannot excuse changed corpus bytes digest (22.109ms)
✔ native approval cannot excuse changed selected rule digest (20.569ms)
✔ native approval cannot excuse changed selected guidance (20.6716ms)
✔ native approval cannot excuse changed adopter identity (21.3587ms)
✔ native approval cannot excuse changed replacement effect (23.5883ms)
✔ native approval cannot excuse changed unknown authority field (22.715ms)
✔ persisted verifier policy and automated evidence drift invalidate the intent independently of acceptance (64.3559ms)
✔ missing or contradictory native rows and capture drift fail closed (24.9955ms)
✔ reviewed apply rechecks the actual decision and preserves ambiguous outcomes and idempotency (41.8889ms)
✔ reviewed apply rejects altered intent bytes and expired proposal without native effects (23.6663ms)
✔ a changed post-effect review remains uncertain and cannot assert a verified binding (28.6647ms)
✔ review intent time bounds are revalidated during accepted-source reconstruction (24.1789ms)
✔ CLI native-review preparation, exact intent selection and apply keep separate raw and canonical hashes (143.2699ms)
✔ prepare is read-only and exposes the exact reference-only change for review (25.2417ms)
✔ an unprefixed objective stays candidate because native composition would change it (23.3378ms)
✔ native normalization fixed points retain description and objective exactly (39.3683ms)
✔ public identifiers and digest selectors reject coercible arrays and objects before effects (21.1056ms)
✔ time, timeout and trusted routing fields require their declared primitive types (22.894ms)
✔ apply performs one native revision, preserves authority and never launches (20.9085ms)
✔ typed native file selection pins outer provenance and exact decoded corpus while preserving raw compatibility (44.2473ms)
✔ native typed unknown schema field is refused even with matching outer artifact digest (13.828ms)
✔ native typed missing native schema field is refused even with matching outer artifact digest (15.1558ms)
✔ native typed coercible version is refused even with matching outer artifact digest (17.6398ms)
✔ native typed unsupported archive form is refused even with matching outer artifact digest (15.5674ms)
✔ native typed wrong base is refused even with matching outer artifact digest (14.7515ms)
✔ native typed wrong verifier is refused even with matching outer artifact digest (16.3465ms)
✔ native typed wrong head is refused even with matching outer artifact digest (23.3557ms)
✔ native typed bundle payload is refused even with matching outer artifact digest (14.8548ms)
✔ native typed patch checksum is refused even with matching outer artifact digest (13.322ms)
✔ native typed patch noncanonical base64 is refused even with matching outer artifact digest (13.1517ms)
✔ native typed selected hash is refused even with matching outer artifact digest (13.5953ms)
✔ native typed selected byte count is refused even with matching outer artifact digest (12.6073ms)
✔ native typed selected file size bound is refused even with matching outer artifact digest (12.8196ms)
✔ native typed selected base64 is refused even with matching outer artifact digest (15.8233ms)
✔ native typed selected symlink is refused even with matching outer artifact digest (13.0645ms)
✔ native typed selected submodule is refused even with matching outer artifact digest (13.3368ms)
✔ native typed selected media is refused even with matching outer artifact digest (16.4646ms)
✔ native typed duplicate path is refused even with matching outer artifact digest (14.9222ms)
✔ native typed case alias is refused even with matching outer artifact digest (14.1696ms)
✔ native typed file directory conflict is refused even with matching outer artifact digest (17.0952ms)
✔ native typed traversal is refused even with matching outer artifact digest (12.8935ms)
✔ native typed absolute path is refused even with matching outer artifact digest (14.1979ms)
✔ native typed Windows stream is refused even with matching outer artifact digest (12.9235ms)
✔ native typed Windows device is refused even with matching outer artifact digest (16.6695ms)
✔ native typed trailing dot alias is refused even with matching outer artifact digest (14.6756ms)
✔ native typed coercible entry path is refused even with matching outer artifact digest (11.9496ms)
✔ native typed deleted selection is refused even with matching outer artifact digest (12.7906ms)
✔ typed path selection requires one exact safe file, source role and original outer bytes (17.542ms)
✔ typed decoded corpus cannot substitute a different well-hashed file or retarget a reviewed proposal (29.7869ms)
✔ typed base64 padding bits are canonical even when permissive decoding preserves the correct bytes (16.2028ms)
✔ same byte-pinned proposal replays its native key without adding guidance or a second revision (22.0707ms)
✔ lost response stays unknown with no automatic retry; exact replay reconciles it (21.3813ms)
✔ an HTTP400 after persistence stays unknown and same-key replay confirms one revision (20.1864ms)
✔ live Corp drift refuses before a request (16.2208ms)
✔ live room drift refuses before a request (14.4539ms)
✔ live mission drift refuses before a request (14.7207ms)
✔ live task drift refuses before a request (14.3505ms)
✔ live run drift refuses before a request (14.1461ms)
✔ live actor drift refuses before a request (13.3498ms)
✔ live source commit drift refuses before a request (14.0988ms)
✔ live verifier digest drift refuses before a request (14.6379ms)
✔ live artifact digest drift refuses before a request (14.5121ms)
✔ an accepted receipt with incomplete bounded evidence remains candidate (14.7776ms)
✔ an observed manual gate must retain its native decision and decider (15.3005ms)
✔ missing native corpus evidence or mismatched actual bytes never borrows an unrelated accepted run (15.7655ms)
✔ typed envelopes, missing review bytes and requested independent review remain explicit candidates (16.5571ms)
✔ UTF-8 reference bounds do not silently truncate valid longer advisory guidance (13.9717ms)
✔ changed target ready status cannot be overwritten (16.038ms)
✔ changed target existing run cannot be overwritten (16.3229ms)
✔ changed target contract version cannot be overwritten (18.9628ms)
✔ changed target budget cannot be overwritten (15.8669ms)
✔ changed target verifier cannot be overwritten (18.547ms)
✔ changed target source cannot be overwritten (18.417ms)
✔ changed target source connection cannot be overwritten (17.2833ms)
✔ changed target tools cannot be overwritten (16.3817ms)
✔ changed target Corp cannot be overwritten (16.6452ms)
✔ changed target room cannot be overwritten (19.5359ms)
✔ changed target origin cannot be overwritten (16.6315ms)
✔ repinned unauthorized proposal changes cannot alter anything except selected references (28.0572ms)
✔ wrong proposal hash, edited corpus/review/receipt, future or expired proposal fails before POST (16.7169ms)
✔ expired selected guidance is not rescued by the remaining proposal lifetime (24.0275ms)
✔ expiry crossing during live prechecks is repeated immediately before mutation (16.6465ms)
✔ one total operation deadline cannot be renewed by a slow target precheck (233.0656ms)
✔ duplicate-key or reformatted proposal JSON cannot masquerade as the prepared byte representation (16.194ms)
✔ source drift after successful mutation is accurately retained as applied (18.2358ms)
✔ source access loss after mutation is never mislabeled refusal-before-effects (23.2916ms)
✔ an HTTP error after a request is unknown without transaction-stage evidence and is not retried (16.3909ms)
✔ a contradictory successful response or changed native readback stays unknown (18.2338ms)
✔ exact native target projection refuses filtered context and preserves whole scope (17.4563ms)
✔ file input requires selected exact bytes and fails closed on an oversized or malformed input (37.6209ms)
✔ feedback file reads accumulate short native reads before validating bytes (6.2697ms)
✔ feedback file truncate during short reads fails without a hash pin (5.0598ms)
✔ feedback file grow during short reads fails without a hash pin (5.1159ms)
✔ CLI preparation writes new review artifacts and an existing apply receipt refuses before network or effects (63.5635ms)
✔ CLI exits nonzero for refused adoption while preserving its JSON receipt (186.8996ms)
✔ CLI typed prepare explicitly selects the native file and apply has no path override (44.962ms)
✔ retained native candidate cannot become saved-task guidance or a native revision (19.4747ms)
✔ forged locally activated native evidence cannot become saved-task guidance or a native revision (18.1383ms)
✔ native evidence mixed into an activated typed artifact cannot become saved-task guidance or a native revision (19.3119ms)
✔ receipt whitelists metadata and distinguishes persisted acceptance from optional verifier digests (7.4049ms)
✔ native runner, model and ref metadata preserves valid punctuation, spaces, Unicode and UTF-8 limits (3.3925ms)
✔ native metadata keeps bounded invalid text and malformed source tuples out of receipts (14.8218ms)
✔ native source identity accepts uppercase hexadecimal commits and full bounded repository components (0.7045ms)
✔ published native refs and native MIME token punctuation are observed without a custom identifier alphabet (1.0004ms)
✔ historical evidence never borrows the current task verifier policy count (1.2121ms)
✔ conflicting or invalid run-bound check counts remain unknown (2.9554ms)
✔ missing and duplicate check indices cannot establish completeness; malformed indices fail (0.8891ms)
✔ receipt rejects mismatched run Corp (0.4162ms)
✔ receipt rejects mismatched task Corp (0.2985ms)
✔ receipt rejects mismatched mission Corp (0.1791ms)
✔ receipt rejects mismatched room Corp (0.1727ms)
✔ receipt rejects mismatched exact actor (0.2094ms)
✔ receipt rejects mismatched exact room (0.1553ms)
✔ receipt rejects mismatched exact mission (0.1487ms)
✔ receipt rejects mismatched evidence task (0.1865ms)
✔ receipt rejects mismatched event room (0.1891ms)
✔ receipt rejects mismatched partial source (0.1568ms)
✔ current-run rejects later same-task runs and tied times, retaining nanosecond ordering (0.9517ms)
✔ typed resume lineage requires same task and producer, and records unavailable ancestors honestly (1.7544ms)
✔ exact recovery count is run-bound; private policy and notes are omitted (0.6061ms)
✔ published-result binds its exact source artifact and hashes opaque source revisions (0.5787ms)
✔ published-result accepts an exact historical publication despite a later same-task run (0.7411ms)
✔ published-result refuses mismatched Factory mission (0.3232ms)
✔ published-result refuses mismatched deliverable task (0.2605ms)
✔ published-result refuses mismatched deliverable source base (0.1922ms)
✔ published-result refuses mismatched run deliverable digest (0.184ms)
✔ published-result refuses mismatched publication run (0.1729ms)
✔ published-result refuses mismatched provenance mission (0.2611ms)
✔ published-result refuses mismatched provenance source issue (0.2048ms)
✔ published-result refuses mismatched provenance target (0.2129ms)
✔ published-result refuses mismatched recorded PR head (0.2642ms)
✔ published-result refuses mismatched recorded PR repository (0.1973ms)
✔ published-result refuses mismatched recorded PR provenance (0.2531ms)
✔ byte verification rejects tampering and each missing or conflicting native response boundary (0.9526ms)
✔ receipt validator rejects extra content, contradictory acceptance, and mixed origin/artifact roles (3.7635ms)
✔ fingerprint tolerates observation timestamps and detects selected source, contract and artifact drift (2.6094ms)
✔ compiled native MCP export performs two captures and downloads only selected-origin artifact IDs (691.3624ms)
✔ artifact retention selection is bounded before reading host configuration (0.7163ms)
✔ compiled native evidence retains only explicitly selected verified bytes and preserves public receipt schema (394.3144ms)
✔ compiled native evidence rejects an unowned artifact selection before any artifact download (66.4109ms)
✔ compiled native evidence never returns retained bytes from a tampered artifact or changed source (196.313ms)
✔ compiled native exporter keeps opaque runner/model/ref metadata out of every request route (127.3874ms)
✔ compiled native export rejects state drift during its artifact read (215.6802ms)
✔ compiled native export rejects mismatched context before downloading artifacts (64.117ms)
✔ compiled native export refuses artifact redirects without forwarding credentials (71.7107ms)
✔ compiled native export rejects oversized bodies and withholds HTTP error content (147.003ms)
✔ compiled native export bounds a stalled exact-context body by its whole-operation timeout (1013.3968ms)
✔ receipt CLI writes a create-only metadata file and a compact redacted summary (709.7227ms)
✔ owned server requires matching executable, creation, endpoint, and workspace (2.6519ms)
✔ manual, remote, stale, or non-owned manifests never authorize restart (0.772ms)
✔ Windows retains legacy timestamp tolerance and case-insensitive paths (0.3684ms)
✔ legacy Windows identity callers remain supported without weakening explicit checks (1.3336ms)
✔ Linux requires the exact boot/PID/start-tick, executable, cwd/root, and socket binding (3.0148ms)
✔ Linux rejects malformed, legacy-Windows, and changed receipts (0.6738ms)
✔ every existing manual port remains denied on Windows and Linux and all loopback hosts (1.132ms)
✔ remote, credentialed, missing-port, and malformed-scope endpoints fail closed (0.527ms)
✔ only a complete scoped JSON object is a process receipt (0.6621ms)
✔ proc stat parses the final comm parenthesis and preserves 64-bit start ticks (0.8747ms)
✔ proc stat rejects wrong PID, truncated fields, malformed state, and invalid ticks (0.4676ms)
✔ Linux listener proof intersects the exact port and LISTEN state with PID-owned inodes (1.1039ms)
✔ malformed or unavailable proc network input supplies no ownership authority (0.5151ms)
✔ artifact recovery overrides are child-only and match native numeric bounds (0.552ms)
✔ probe requires explicit scope and forwards only its scoped credential environment (4.4706ms)
✔ probe summary contains collection counts, never snapshot data or private paths (0.6363ms)
✔ probe permits HTTP only for normalized canonical loopback origins and requires HTTPS elsewhere (12.2866ms)
✔ recovery probe reports only native metadata and never infers missing capability or exposes policy (1.3251ms)
✔ recovery probe rejects malformed work-item IDs before spawning any gateway (0.9156ms)
✔ compiled recovery probe rejects impossible native numeric metadata and preserves exhausted authority (507.2918ms)
✔ compiled recovery tool makes exactly the selected authorized GET in both modes (149.9893ms)
✔ compiled recovery probe selects one context without reading the broad snapshot or exposing private fields (61.713ms)
✔ compiled recovery tool refuses malformed IDs, extra scope or effect arguments before HTTP (108.4762ms)
✔ compiled recovery tool rejects mismatched Corp or work-item responses (248.1121ms)
✔ compiled recovery probe preserves authorization and not-found failures without private diagnostics (197.612ms)
✔ compiled recovery inspection never follows redirects in either gateway mode (136.224ms)
✔ compiled recovery inspection caps HTTP bodies even in the legacy write-capable gateway mode (126.5524ms)
✔ compiled read-only MCP completes the real stdio handshake and makes only one scoped GET (72.8646ms)
✔ compiled MCP ignores notifications and denies mutating calls before HTTP while preserving the default catalog (154.7697ms)
✔ compiled MCP keeps malformed omitted-ID objects silent and effect-free (read-only) (89.5855ms)
✔ compiled MCP keeps malformed omitted-ID objects silent and effect-free (unrestricted) (169.9656ms)
✔ compiled probe withholds API error content and enforces its whole-probe timeout (1119.5508ms)
✔ compiled MCP rejects redirects in both modes without contacting a second origin (140.4074ms)
✔ compiled read-only startup requires every routing variable before serving even initialization (213.0573ms)
✔ compiled read-only flag rejects command-line tokens (split option, CLI only) (58.9293ms)
✔ compiled read-only flag rejects command-line tokens (split option, CLI plus environment) (50.3773ms)
✔ compiled read-only flag rejects command-line tokens (equals option, CLI only) (59.3144ms)
✔ compiled read-only flag rejects command-line tokens (equals option, CLI plus environment) (66.6054ms)
✔ compiled read-only flag accepts only the environment token and exposes the restricted catalog (60.4988ms)
✔ compiled read-only environment rejects command-line tokens (split option, CLI only) (69.0028ms)
✔ compiled read-only environment rejects command-line tokens (split option, CLI plus environment) (58.1636ms)
✔ compiled read-only environment rejects command-line tokens (equals option, CLI only) (63.9427ms)
✔ compiled read-only environment rejects command-line tokens (equals option, CLI plus environment) (62.7814ms)
✔ compiled read-only environment accepts only the environment token and exposes the restricted catalog (76.768ms)
✔ compiled unrestricted MCP preserves legacy CLI token precedence (split option) (163.7314ms)
✔ compiled unrestricted MCP preserves legacy CLI token precedence (equals option) (233.4755ms)
✔ compiled native read-only HTTP body rejects oversized declared length before end (200) (85.8655ms)
✔ compiled native read-only HTTP body rejects streamed overflow before end (200) (170.6173ms)
✔ compiled native read-only HTTP body rejects oversized declared length before end (403) (108.3192ms)
✔ compiled native read-only HTTP body rejects streamed overflow before end (403) (109.096ms)
✔ compiled native HTTP body accepts the inclusive read-only limit and preserves unrestricted transport (703.6878ms)
✔ compiled native HTTP body preserves small successful and error response behavior (390.1755ms)
✔ withholds all six source ACKs for each of two native automatic attempts (5.4213ms)
✔ holds all quality ACK duplicates to the same 8-second deadline, preserving bytes (1.4313ms)
✔ gameplay and integration pass source ACKs unchanged (0.4863ms)
✔ native resume passes ACKs and does not consume a third automatic attempt (0.2993ms)
✔ non-source ACK, heartbeat, credential rotation, approval and lifecycle are opaque passthrough (0.518ms)
✔ rejects foreign or unproven run, Corp and hash before fault decisions (1.4475ms)
✔ assignment rebinding cannot swap a different task, scope or command kind (0.7752ms)
✔ late-ACK release sends one exact original old-run frame once without retagging (1.6888ms)
✔ refuses manual-stack, wrong-repository and missing opt-in config (1.9972ms)
▶ real loopback WebSocket wiring: native schema, ordered forwarding, reconnection and redaction
  ▶ isolated concurrent fixture 1
    ✔ synthetic endpoints require live ownership without relaxing config guards (17.6767ms)
    ✔ persisted owner/name schema binds and stop cannot overtake a pending assignment (64.177ms)
    ✔ upload byte transparency, ACK withholding and metadata non-disclosure (54.8874ms)
    ✔ a stale snapshot/close callback cannot bind, send or close the replacement connection (167.0345ms)
  ✔ isolated concurrent fixture 1 (1043.7771ms)
  ▶ isolated concurrent fixture 2
    ✔ synthetic endpoints require live ownership without relaxing config guards (12.0333ms)
    ✔ persisted owner/name schema binds and stop cannot overtake a pending assignment (64.9656ms)
    ✔ upload byte transparency, ACK withholding and metadata non-disclosure (54.8177ms)
    ✔ a stale snapshot/close callback cannot bind, send or close the replacement connection (164.7858ms)
  ✔ isolated concurrent fixture 2 (437.6995ms)
✔ real loopback WebSocket wiring: native schema, ordered forwarding, reconnection and redaction (1044.7377ms)
✔ completed findings emit only bounded attribution metadata, never report content (184.0331ms)
✔ clean requires native success and a valid empty report (170.5516ms)
✔ native path-only findings retain hashed attribution and zero lines (148.305ms)
✔ invalid path/line location [0,1] remains a diagnostic failure (162.1553ms)
✔ invalid path/line location [1,0] remains a diagnostic failure (166.6064ms)
✔ invalid path/line location [-1,0] remains a diagnostic failure (173.7089ms)
✔ invalid path/line location [0,-1] remains a diagnostic failure (216.2081ms)
✔ invalid path/line location ["0",0] remains a diagnostic failure (290.0493ms)
✔ invalid path/line location [0,"0"] remains a diagnostic failure (246.6756ms)
✔ invalid path/line location [0.5,0] remains a diagnostic failure (195.7039ms)
✔ invalid path/line location [1,0.5] remains a diagnostic failure (181.0581ms)
✔ workflow-command delimiters stay private while safe identifiers preserve attribution (411.5383ms)
✔ empty findings do not hide scanner/tool exit 1 (150.6143ms)
✔ empty findings do not hide scanner/tool exit 2 (165.9786ms)
✔ empty findings do not hide scanner/tool exit 124 (153.6083ms)
✔ empty findings do not hide scanner/tool exit 137 (158.476ms)
✔ empty findings do not hide scanner/tool exit 255 (159.9047ms)
✔ native success with findings cannot become a passing result (160.3076ms)
✔ missing report fails without echoing input or inventing clean results (147.6585ms)
✔ empty report fails without echoing input or inventing clean results (178.6275ms)
✔ invalid JSON report fails without echoing input or inventing clean results (156.2327ms)
✔ invalid UTF8 report fails without echoing input or inventing clean results (155.6619ms)
✔ null report fails without echoing input or inventing clean results (162.2435ms)
✔ object report fails without echoing input or inventing clean results (159.868ms)
✔ too many findings report fails without echoing input or inventing clean results (167.2151ms)
✔ oversized report fails without echoing input or inventing clean results (178.6082ms)
✔ non-regular report is rejected before reading (151.9434ms)
✔ exact report byte limit accepts valid JSON without truncation (182.7863ms)
✔ exact finding limit is accepted with explicit bounded display (168.2711ms)
✔ exact metadata limits preserve identifiers for all validated values (147.5245ms)
✔ malformed finding is rejected (null) (155.8424ms)
✔ malformed finding is rejected ([]) (152.4948ms)
✔ malformed finding is rejected (1) (188.863ms)
✔ malformed finding is rejected ("not a record") (172.5116ms)
✔ reject invalid Commit metadata ("main") (177.6699ms)
✔ reject invalid Commit metadata (123) (159.8652ms)
✔ reject invalid Commit metadata ("aaaaaaaaaaaaaaaaaaaaaaaaaaaaaaaaaaaaaaa") (149.5979ms)
✔ reject invalid Commit metadata ("aaaaaaaaaaaaaaaaaaaaaaaaaaaaaaaaaaaaaaaaa") (157.473ms)
✔ reject invalid Commit metadata ("gggggggggggggggggggggggggggggggggggggggg") (186.8211ms)
✔ reject invalid File metadata ("/absolute") (156.5961ms)
✔ reject invalid File metadata ("C:\\absolute") (163.5618ms)
✔ reject invalid File metadata ("../outside") (158.7975ms)
✔ reject invalid File metadata ("dir/../outside") (163.2673ms)
✔ reject invalid File metadata ("dir//file") (146.8278ms)
✔ reject invalid File metadata ("name\n::error::NON_CREDENTIAL_DIAGNOSTIC_TES) (139.4364ms)
✔ reject invalid File metadata ("\u001b[31mfile") (147.68ms)
✔ reject invalid File metadata ("‮file") (156.7474ms)
✔ reject invalid File metadata ("xxxxxxxxxxxxxxxxxxxxxxxxxxxxxxxxxxxxxxxxxxxx) (138.7871ms)
✔ reject invalid RuleID metadata ("bad NON_CREDENTIAL_DIAGNOSTIC_TEST_CANARY") (153.9346ms)
✔ reject invalid RuleID metadata ("rrrrrrrrrrrrrrrrrrrrrrrrrrrrrrrrrrrrrrrrrrrr) (154.2151ms)
✔ reject invalid StartLine metadata (0) (149.7388ms)
✔ reject invalid StartLine metadata ("1") (155.4783ms)
✔ reject invalid StartLine metadata (9007199254740992) (147.0405ms)
✔ reject invalid EndLine metadata (2) (172.9824ms)
✔ all findings are validated before bounded display (329.6207ms)
✔ invalid scanner status is rejected (-1) (153.556ms)
✔ invalid scanner status is rejected (256) (167.5975ms)
✔ invalid scanner status is rejected (1.5) (157.071ms)
✔ invalid scanner status is rejected () (166.6082ms)
✔ invalid scanner status is rejected (01) (140.0318ms)
✔ invalid scanner status is rejected (NON_CREDENTIAL_DIAGNOSTIC_TEST_CANARY) (161.6467ms)
✔ unexpected arguments are not echoed (159.3338ms)
✔ workflow retains scan scope, redaction, pinning, failure propagation and ephemeral reports (0.454ms)
✔ selected metadata never publishes a canary in a path or rule identifier (156.985ms)
✔ completed finding and partial scan results retain distinct native outcomes (337.4874ms)
✔ production scan is independent of selected-head fixture code and fixture job tests its workflow revision (0.5689ms)
﹣ native scanner clean history yields a clean bounded report (1.4508ms) # Set ECORP_GITLEAKS_BINARY to the verified Gitleaks 8.30.1 executable
﹣ native default pkcs12-file rule preserves path-only attribution without inventing lines (0.1906ms) # Set ECORP_GITLEAKS_BINARY to the verified Gitleaks 8.30.1 executable
﹣ native scanner attributes a current finding and preserves failure (0.1182ms) # Set ECORP_GITLEAKS_BINARY to the verified Gitleaks 8.30.1 executable
﹣ native scanner attributes a historical finding and preserves failure (0.1124ms) # Set ECORP_GITLEAKS_BINARY to the verified Gitleaks 8.30.1 executable
﹣ native scanner configuration failure cannot become a clean result (1.0553ms) # Set ECORP_GITLEAKS_BINARY to the verified Gitleaks 8.30.1 executable
﹣ native scanner redaction does not permit a sensitive filename in diagnostics (0.1181ms) # Set ECORP_GITLEAKS_BINARY to the verified Gitleaks 8.30.1 executable
﹣ native scan works on an older selected head without workflow support files (0.1353ms) # Set ECORP_GITLEAKS_BINARY to the verified Gitleaks 8.30.1 executable
﹣ selected-head executable fixtures cannot run in the production scan path (0.1703ms) # Set ECORP_GITLEAKS_BINARY to the verified Gitleaks 8.30.1 executable
﹣ native Git completeness check rejects unavailable historical objects before scanning (0.2917ms) # Set ECORP_GITLEAKS_BINARY to the verified Gitleaks 8.30.1 executable
﹣ native partial timeout keeps collected findings explicitly incomplete (0.2341ms) # Set ECORP_GITLEAKS_BINARY to the verified Gitleaks 8.30.1 executable
✔ the actual Factory fixture proxy returns 502 without exposing exception details (94.1911ms)
✔ relocated doctor checks declared tools through native version commands without leaking ambient secrets or installing (1319.7813ms)
✔ wrong node version produces a failing CLI result (1211.9871ms)
✔ wrong pnpm version produces a failing CLI result (1243.5345ms)
✔ wrong rustc version produces a failing CLI result (1154.4219ms)
✔ wrong cargo version produces a failing CLI result (1218.4424ms)
✔ missing package manager fails without falling back to another host command (1046.8946ms)
✔ failed component probes suppress raw stdout and stderr (1107.8316ms)
✔ unrecognized version output is rejected without echoing the command response (1068.9238ms)
✔ an unavailable pinned rustup toolchain fails instead of installing or selecting stable (1064.7868ms)
✔ already selected direct Rust binaries can be verified without rustup (1093.1908ms)
✔ invalid .node-version declaration fails before any command runs (version) (160.3431ms)
✔ invalid package.json declaration fails before any command runs (version) (156.1959ms)
✔ invalid rust-toolchain.toml declaration fails before any command runs (floating Rust) (167.3873ms)
✔ invalid rust-toolchain.toml declaration fails before any command runs (component) (177.8581ms)
✔ unsupported CLI arguments fail before probing tools (160.5983ms)
ℹ tests 1330
ℹ suites 0
ℹ pass 1320
ℹ fail 0
ℹ cancelled 0
ℹ skipped 10
ℹ todo 0
ℹ duration_ms 59024.4029
